frame,time,nose_x,nose_y,nose_z,nose_visibility,nose_presence,left_ear_x,left_ear_y,left_ear_z,left_ear_visibility,left_ear_presence,left_shoulder_x,left_shoulder_y,left_shoulder_z,left_shoulder_visibility,left_shoulder_presence,right_shoulder_x,right_shoulder_y,right_shoulder_z,right_shoulder_visibility,right_shoulder_presence,left_elbow_x,left_elbow_y,left_elbow_z,left_elbow_visibility,left_elbow_presence,right_elbow_x,right_elbow_y,right_elbow_z,right_elbow_visibility,right_elbow_presence,left_wrist_x,left_wrist_y,left_wrist_z,left_wrist_visibility,left_wrist_presence,right_wrist_x,right_wrist_y,right_wrist_z,right_wrist_visibility,right_wrist_presence,left_hip_x,left_hip_y,left_hip_z,left_hip_visibility,left_hip_presence,right_hip_x,right_hip_y,right_hip_z,right_hip_visibility,right_hip_presence,left_knee_x,left_knee_y,left_knee_z,left_knee_visibility,left_knee_presence,right_knee_x,right_knee_y,right_knee_z,right_knee_visibility,right_knee_presence,left_ankle_x,left_ankle_y,left_ankle_z,left_ankle_visibility,left_ankle_presence,right_ankle_x,right_ankle_y,right_ankle_z,right_ankle_visibility,right_ankle_presence,left_heel_x,left_heel_y,left_heel_z,left_heel_visibility,left_heel_presence,right_heel_x,right_heel_y,right_heel_z,right_heel_visibility,right_heel_presence,left_foot_index_x,left_foot_index_y,left_foot_index_z,left_foot_index_visibility,left_foot_index_presence,right_foot_index_x,right_foot_index_y,right_foot_index_z,right_foot_index_visibility,right_foot_index_presence,nose_source,left_ear_source,left_shoulder_source,right_shoulder_source,left_elbow_source,right_elbow_source,left_wrist_source,right_wrist_source,left_hip_source,right_hip_source,left_knee_source,right_knee_source,left_ankle_source,right_ankle_source,left_heel_source,right_heel_source,left_foot_index_source,right_foot_index_source
304,6.08,0.0594287477433681,-0.5520229935646057,-0.0363624058663845,0.9991399049758912,0.9999754428863524,0.1959544569253921,-0.5387864708900452,-0.0566116385161876,0.9991512298583984,0.9999376535415648,0.2251080572605133,-0.3798154592514038,-0.0256694704294204,0.9997737407684326,0.999947428703308,0.1142860203981399,-0.4710631072521209,0.2300356030464172,0.9996477365493774,0.9999710321426392,0.0645986734890857,-0.2631540936940567,0.0091301435604691,0.4359763860702514,0.999766767024994,0.5278619660288562,0.5799974607722722,0.0662207007408142,0.2799422144889831,0.999901533126831,0.7099638934820063,0.2173345183247984,0.2742289900779724,0.1509828716516494,0.9999806880950928,0.56993675,0.5358221,-0.1441345363855362,0.186157152056694,0.999990701675415,0.570275995,0.674718174,-0.0605299398303031,0.9999547600746156,0.999997854232788,0.53672095,0.665585425,0.0645255893468856,0.9999770522117616,0.9999994039535522,-0.3006058931350708,0.1959476470947265,-0.1450151801109314,0.7180694341659546,0.9999696016311646,0.4725346,0.7213109,-0.0274088904261589,0.2507971525192261,0.999987006187439,-0.1910197287797927,0.5568132400512695,-0.0969557166099548,0.7727483510971069,0.999756634235382,0.49225304,0.8453179,0.0803586766123771,0.3448712825775146,0.9999642372131348,-0.2020139735381485,0.5863762644617343,-0.0846348628401756,0.4803119897842407,0.99918133020401,-0.3417007738024975,0.5097406417023136,0.049148716032505,0.4767538607120514,0.9999576807022096,-0.3315719068050384,0.6321770548820496,-0.0913796201348304,0.7708030343055725,0.9969359636306764,-0.460364162597361,0.5328858587149101,0.0621459782123565,0.4520565569400787,0.9993228912353516,mediapipe,mediapipe,mediapipe,mediapipe,gpr,gpr,gpr,movenet,movenet,movenet,mediapipe,movenet,mediapipe,movenet,gpr,gpr,mediapipe,gpr
305,6.1,0.0594313628971576,-0.5519391894340515,-0.036138828843832,0.999090313911438,0.999963402748108,0.1959480941295623,-0.5387293696403503,-0.0566394813358783,0.9991074204444884,0.9999170303344728,0.2253095954656601,-0.3797703087329864,-0.0256959684193134,0.9997702240943908,0.9999339580535888,0.114289104938507,-0.4710220992565155,0.2300145626068115,0.9996374249458312,0.999952793121338,0.0347347977283921,-0.3247633731062961,0.0091416537761688,0.43428635597229,0.9997538924217224,0.5293681761576653,0.5801913276215914,0.0660836175084114,0.2766383588314056,0.9998711347579956,0.8339705750558719,0.3569601233171778,0.274235337972641,0.1492901593446731,0.9999783039093018,0.5698726,0.5359908,-0.1442121863365173,0.1817635297775268,0.9999847412109376,0.5702936458333333,0.6747829383333334,-0.0605394355952739,0.9999544620513916,0.9999972581863404,0.5367776016666667,0.6657338541666666,0.064535416662693,0.9999768137931824,0.9999992847442628,-0.3009801805019378,0.1953839063644409,-0.1456178426742553,0.7146533727645874,0.9999655485153198,0.4725119,0.7215766,-0.0274356305599212,0.2473441958427429,0.9999833106994628,-0.1909965723752975,0.5566275715827942,-0.0980726778507232,0.7696895003318787,0.9996932744979858,0.49176967,0.8460162,0.0803094804286956,0.3410718441009521,0.999954342842102,-0.2043617460320534,0.5857354265772288,-0.0857925042510032,0.4770022928714752,0.9989614486694336,-0.3428162051854706,0.5076080209832244,0.0490941405296325,0.4738160669803619,0.9999467134475708,-0.3316138684749603,0.6321370005607605,-0.0928886234760284,0.7674041390419006,0.9961833357810974,-0.4615665216120592,0.5307803461004239,0.0621115528047084,0.4475468695163727,0.9991662502288818,mediapipe,mediapipe,mediapipe,mediapipe,gpr,gpr,gpr,movenet,movenet,movenet,mediapipe,movenet,mediapipe,movenet,gpr,gpr,mediapipe,gpr
306,6.12,0.0594373345375061,-0.5518534779548645,-0.0363870374858379,0.9990882277488708,0.9999736547470092,0.1959471106529235,-0.5387086868286133,-0.0576560534536838,0.9991060495376588,0.9999380111694336,0.2256178706884384,-0.3797709941864013,-0.0263871978968381,0.999772310256958,0.9999490976333618,0.1145286262035369,-0.4710882008075714,0.2293514758348465,0.9996395707130432,0.9999669790267944,0.0127420623817642,-0.3787137045056249,0.0083287563174963,0.4385582506656647,0.999790370464325,0.5306815454642201,0.5802378806451018,0.0656324103474617,0.2787117660045624,0.9998935461044312,0.9635464345991344,0.5164727761191968,0.2719470262527466,0.1517526656389236,0.9999827146530152,0.5696382499999999,0.5362909499999999,-0.1446195989847183,0.1824455857276916,0.9999885559082032,0.5703062535714285,0.6748291985714285,-0.0605275817215442,0.9999547004699708,0.9999974966049194,0.5368714814285714,0.665839875,0.0645206719636917,0.9999768733978271,0.9999992847442628,-0.3009059131145477,0.1953139156103134,-0.1455514580011367,0.7153105735778809,0.999968409538269,0.47284043,0.7207979,-0.0275226142257452,0.2479724735021591,0.9999853372573853,-0.190822497010231,0.5566243529319763,-0.0976699888706207,0.77064049243927,0.999729335308075,0.49179488,0.84530693,0.0801941230893135,0.3415373265743255,0.999959111213684,-0.2061137962806992,0.5854701511785899,-0.0852945074439048,0.4779325127601623,0.9990836381912231,-0.3437948561717298,0.5061165312200983,0.0489728786051273,0.4733249247074127,0.9999512434005736,-0.3313191533088684,0.6321141123771667,-0.092358574271202,0.7683369517326355,0.9966631531715392,-0.4626660022843456,0.5292130292008655,0.0618132576346397,0.4479224681854248,0.9992425441741944,mediapipe,mediapipe,mediapipe,mediapipe,gpr,gpr,gpr,movenet,movenet,movenet,mediapipe,movenet,mediapipe,movenet,gpr,gpr,mediapipe,gpr
307,6.14,0.0574090294539928,-0.5518488883972168,-0.0361491106450557,0.9990869760513306,0.9999761581420898,0.1936630755662918,-0.5387142896652222,-0.0576817616820335,0.9991134405136108,0.9999486207962036,0.2246211022138595,-0.3797909617424011,-0.0265122838318347,0.9997747540473938,0.9999548196792604,0.1131654009222984,-0.4713703393936157,0.2292083203792572,0.9996360540390016,0.9999630451202391,0.0203726987053026,-0.3871458642316405,0.0081050498411059,0.4407004117965698,0.9998185038566588,0.5317682325722962,0.5801519948719991,0.0646032243967056,0.2759866714477539,0.9998836517333984,1.0958770196598109,0.6945152122441086,0.2715108692646026,0.1539399325847625,0.999985694885254,0.5694039,0.5365911,-0.1454113125801086,0.17794831097126,0.9999853372573853,0.570316321875,0.6748343825,-0.0605605468153953,0.999954640865326,0.9999974966049194,0.53694189125,0.665899744375,0.0645575523376464,0.9999766945838928,0.9999992847442628,-0.3033664524555206,0.1929974406957626,-0.1457508951425552,0.7141504883766174,0.9999713897705078,0.47331333,0.7207813,-0.0273707527667284,0.244926169514656,0.999984860420227,-0.1921819448471069,0.5543869733810425,-0.0984664037823677,0.7688519954681396,0.9997171759605408,0.49167335,0.8463726,0.079547144472599,0.3390146791934967,0.9999560117721558,-0.2073058054780322,0.5853734074363656,-0.0862396508455276,0.4765288829803467,0.9990137815475464,-0.3446656562135859,0.5052391737932043,0.0481151565909385,0.4723667502403259,0.9999477863311768,-0.3336026668548584,0.6286383867263794,-0.0934849306941032,0.7670212984085083,0.9966739416122437,-0.4636681747466128,0.5282029725075809,0.0612551681697368,0.4457263052463531,0.9992287158966064,mediapipe,mediapipe,mediapipe,mediapipe,gpr,gpr,gpr,movenet,movenet,movenet,mediapipe,movenet,mediapipe,movenet,gpr,gpr,mediapipe,gpr
308,6.16,0.057388599961996,-0.5521249175071716,-0.037151750177145,0.999081015586853,0.9999761581420898,0.1935757994651794,-0.5392042994499207,-0.0581581704318523,0.999109148979187,0.9999423027038574,0.2245772182941436,-0.3801439702510834,-0.0265391077846288,0.9997706413269044,0.9999395608901978,0.112200990319252,-0.471746414899826,0.2283621728420257,0.9996338486671448,0.9999648332595824,0.0747084821250808,-0.3092149829707,0.0080903889611363,0.4322456419467926,0.999749481678009,0.5325973548265236,0.5799552063592728,0.0637670159339904,0.2750735282897949,0.9998838901519777,1.2275545730184136,0.8882983477787955,0.2706520855426788,0.1513880044221878,0.9999768733978271,0.5692713,0.53630424,-0.1455888748168945,0.178040862083435,0.9999901056289672,0.5703241527777778,0.6748384144444445,-0.0604142062366008,0.9999542832374572,0.99999737739563,0.5370100522222222,0.6659404227777778,0.0644173100590705,0.9999765753746032,0.9999992847442628,-0.3012438416481018,0.1936725825071334,-0.1439725458621978,0.7104297280311584,0.9999700784683228,0.474052,0.7199552,-0.0278724655508995,0.2447613775730133,0.9999878406524658,-0.193099558353424,0.5543777942657471,-0.0931242108345031,0.7671977281570435,0.9997419714927672,0.49142233,0.8467297,0.0803826749324798,0.3374893069267273,0.999962329864502,-0.2080332336364823,0.5852059111169403,-0.0805723369121551,0.4727591872215271,0.9991238713264464,-0.3454585605432355,0.504889674340682,0.0493917278945446,0.4700279533863067,0.9999551773071288,-0.335994690656662,0.6282267570495605,-0.0887574404478073,0.7655423879623413,0.9971852898597716,-0.464576977743699,0.5277157900953576,0.0627681985497474,0.4447364211082458,0.999372899532318,mediapipe,mediapipe,mediapipe,mediapipe,gpr,gpr,gpr,movenet,movenet,movenet,mediapipe,movenet,mediapipe,movenet,gpr,gpr,mediapipe,gpr
309,6.18,0.0576325505971908,-0.5522891283035278,-0.0430867262184619,0.9990708827972412,0.999971866607666,0.1936922818422317,-0.539577305316925,-0.0623258091509342,0.9991005063056946,0.9999312162399292,0.2245910614728927,-0.3805359601974487,-0.028365658596158,0.999766170978546,0.9999316930770874,0.1121527031064033,-0.472180962562561,0.2253245264291763,0.9996309280395508,0.9999604225158693,0.1767228299865419,-0.1299432343626366,0.0060892556793987,0.4305184483528137,0.9997133612632751,0.5331428771144641,0.5796745197966316,0.0617793872952461,0.2769303321838379,0.9998655319213868,1.354663168857411,1.0934464414677625,0.2669605910778045,0.1527768671512603,0.9999781847000122,0.5687948,0.5369598,-0.146503672003746,0.1809758245944976,0.9999899864196776,0.5703413494444445,0.6748205811111111,-0.0602669827640056,0.9999536275863647,0.999996781349182,0.5370999788888889,0.6659869072222223,0.0642644166946411,0.9999762773513794,0.9999991655349731,-0.2987235784530639,0.1965505927801132,-0.1432182341814041,0.7106644511222839,0.9999654293060304,0.47326505,0.7195716,-0.0294395871460437,0.2493275552988052,0.9999864101409912,-0.1932600289583206,0.5546349287033081,-0.0890004262328147,0.7688741683959961,0.9997294545173644,0.4908713,0.84674174,0.0803643092513084,0.341683566570282,0.9999608993530272,-0.2084488331076277,0.5847286183042194,-0.0760980397462844,0.4725925326347351,0.9990874528884888,-0.3462023926725323,0.5049227926287049,0.049402043223381,0.4722061157226562,0.9999526739120485,-0.3368693888187408,0.6282286643981934,-0.0844404324889183,0.7667674422264099,0.9970138072967528,-0.4653939665764058,0.5276576709214122,0.0627587437629699,0.4487373828887939,0.9993159770965576,mediapipe,mediapipe,mediapipe,mediapipe,gpr,gpr,gpr,movenet,movenet,movenet,mediapipe,movenet,mediapipe,movenet,gpr,gpr,mediapipe,gpr
310,6.2,0.0571654736995697,-0.5522227883338928,-0.0396384745836257,0.9990637898445128,0.9999769926071168,0.1933952122926712,-0.5394891500473022,-0.061308916658163,0.9990966320037842,0.9999493360519408,0.2245271205902099,-0.3805021643638611,-0.0281594488769769,0.9997691512107848,0.9999544620513916,0.1121170595288276,-0.4721699953079223,0.2265834212303161,0.999631404876709,0.9999673366546632,0.3067414959905823,0.119325469886323,0.0062365001067519,0.430427223443985,0.999818742275238,0.5333854718550342,0.5793408646834644,0.0630363672971725,0.2747288346290588,0.9998961687088012,1.472913488818728,1.3039513434577512,0.2673264145851135,0.1530635505914688,0.9999833106994628,0.5685028,0.5375237,-0.1459223479032516,0.1782653778791427,0.9999887943267822,0.5704217644444445,0.67470852,-0.0602751746773719,0.9999537467956544,0.999997854232788,0.5372482955555555,0.6660077388888889,0.0642761141061782,0.9999762773513794,0.9999994039535522,-0.2987280189990997,0.1972301453351974,-0.1428336948156356,0.7070104479789734,0.9999710321426392,0.47405785,0.7203368,-0.0293626934289932,0.2463236898183822,0.9999865293502808,-0.1939891725778579,0.5552015900611877,-0.0886795744299888,0.765381932258606,0.999755561351776,0.49108845,0.8462346,0.0820487961173057,0.3372943997383117,0.999961256980896,-0.2087520042136762,0.5837388913565512,-0.0758151188492775,0.468217521905899,0.999196469783783,-0.3469226122193786,0.5051408770684364,0.0513427108526229,0.4678533375263214,0.9999560117721558,-0.3381873071193695,0.6288681030273438,-0.0840858072042465,0.7638166546821594,0.997367799282074,-0.4661177090476039,0.5278756236303939,0.0647590681910514,0.4447135031223297,0.9993792772293092,mediapipe,mediapipe,mediapipe,mediapipe,gpr,gpr,gpr,movenet,movenet,movenet,mediapipe,movenet,mediapipe,movenet,gpr,gpr,mediapipe,gpr
311,6.22,0.0571476891636848,-0.5522161722183228,-0.0401546545326709,0.9990518093109132,0.9999721050262452,0.1933158040046692,-0.5395216345787048,-0.0621422529220581,0.9990858435630798,0.9999313354492188,0.2244133502244949,-0.3806752860546112,-0.0286307465285062,0.9997659921646118,0.9999353885650636,0.1121209487318992,-0.4722956418991089,0.2259960770606994,0.999631643295288,0.9999651908874512,0.5449435,0.5908382,0.0060648908838629,0.4281848669052124,0.9997363686561584,0.5333141705550949,0.5789873551244434,0.0628337934613227,0.2758620977401733,0.999882698059082,1.577825468575475,1.5122693080276526,0.2673620879650116,0.1527097970247268,0.9999774694442748,0.5693718,0.53640586,-0.1459465473890304,0.181186556816101,0.9999905824661256,0.5705051644444444,0.6744757255555556,-0.0602392107248306,0.9999532103538512,0.9999969005584716,0.5374414811111111,0.6658951066666666,0.0642395988106727,0.9999760985374452,0.9999991655349731,-0.2983844578266144,0.1970723420381546,-0.1428058445453643,0.7077369093894958,0.9999661445617676,0.47380075,0.71859926,-0.0297243781387805,0.2466766238212585,0.9999862909317015,-0.1943225413560867,0.5543004870414734,-0.0888100937008857,0.7673664093017578,0.999731719493866,0.49060002,0.846619,0.081829123198986,0.337873250246048,0.9999587535858154,-0.20916968494023,0.5821043362197971,-0.0759591087698936,0.4704828262329101,0.9990922212600708,-0.3476391489778289,0.505307227621792,0.0511628650128841,0.4677827060222626,0.9999508857727052,-0.338572233915329,0.6273333430290222,-0.0841333344578743,0.7659293413162231,0.9970169067382812,-0.4667433855050312,0.5281658816759889,0.0644080638885498,0.445706307888031,0.999314308166504,mediapipe,mediapipe,mediapipe,mediapipe,movenet,gpr,gpr,movenet,movenet,movenet,mediapipe,movenet,mediapipe,movenet,gpr,gpr,mediapipe,gpr
312,6.24,0.0571434125304222,-0.5522735118865967,-0.0433556288480758,0.9990089535713196,0.9999620914459229,0.1933168768882751,-0.5395435690879822,-0.0664027333259582,0.9990437030792236,0.9999105930328368,0.2244542986154556,-0.3807257115840912,-0.0318048931658268,0.9997604489326476,0.9999260902404784,0.1121234446763992,-0.4724510610103607,0.2223860174417495,0.9996246099472046,0.9999548196792604,0.5450899250000001,0.59062338,0.0029455828480422,0.4242525398731231,0.999747097492218,0.532927616265263,0.5786475350034668,0.0584431290626525,0.2763110697269439,0.9998738765716552,1.6649523297570867,1.7095844582950963,0.2633847892284393,0.151307612657547,0.9999767541885376,0.5697392,0.53593934,-0.149997740983963,0.1801068037748336,0.9999879598617554,0.57060485,0.6742055577777778,-0.0602185912430286,0.9999524354934692,0.999996781349182,0.5377080333333333,0.6658570011111111,0.0642202347517013,0.9999757409095764,0.9999991655349731,-0.2974757552146911,0.1963289827108383,-0.1428325027227401,0.7023283243179321,0.9999635219573976,0.47394416,0.7191621,-0.0297062620520591,0.2435625344514846,0.9999842643737792,-0.1949391663074493,0.5535890460014343,-0.0895328521728515,0.7646297216415405,0.9996917247772216,0.49133456,0.84633905,0.081326238811016,0.3350358605384826,0.9999520778656006,-0.2099298093906524,0.5797877536577619,-0.076849952340126,0.4674079716205597,0.9989534616470336,-0.3483644536767372,0.5051661016674042,0.0505615286529064,0.4649292528629303,0.9999432563781738,-0.3392370939254761,0.6259741187095642,-0.0857831984758377,0.7629655003547668,0.9965417981147766,-0.4672626395459825,0.5282915749632281,0.0635430887341499,0.4423060417175293,0.9991969466209412,mediapipe,mediapipe,mediapipe,mediapipe,movenet,gpr,gpr,movenet,movenet,movenet,mediapipe,movenet,mediapipe,movenet,gpr,gpr,mediapipe,gpr
313,6.26,0.0552310459315776,-0.5522312521934509,-0.0421634390950202,0.9990453124046326,0.9999871253967284,0.1920693665742874,-0.5395411252975464,-0.065102145075798,0.9990761876106262,0.9999680519104004,0.2230981290340423,-0.3811690807342529,-0.0312114488333463,0.9997652173042296,0.9999585151672364,0.1112238988280296,-0.4718786776065826,0.2247401773929596,0.9996299743652344,0.9999738931655884,0.54523635,0.59040856,0.0045082536526024,0.4258147478103637,0.999831199645996,0.5322347356034716,0.5783537937207792,0.0619945786893367,0.2775024175643921,0.9999130964279176,1.7301345834072577,1.88624770727428,0.2679420709609985,0.1521071046590805,0.9999837875366212,0.56974167,0.53581077,-0.1456775218248367,0.1821601092815399,0.9999921321868896,0.5707075888888888,0.6738901733333333,-0.0602976270020008,0.999952793121338,0.9999979734420776,0.5380038,0.6656602533333333,0.0643128156661987,0.9999759793281556,0.9999995231628418,-0.2976771295070648,0.1960289031267166,-0.1426226943731308,0.6990140080451965,0.9999717473983764,0.4738353,0.7172027,-0.0297564715147018,0.2422806471586227,0.9999887943267822,-0.1986356079578399,0.5527287125587463,-0.0880587399005889,0.7594682574272156,0.9997785687446594,0.4905461,0.8428289,0.0812604948878288,0.332616925239563,0.9999656677246094,-0.2112298838669209,0.5768573481866538,-0.0751519128680229,0.4635311663150787,0.9992818236351012,-0.3491019153562388,0.504468252085152,0.0505018308758735,0.4624789953231811,0.99996018409729,-0.3429567217826843,0.6256746053695679,-0.0822660326957702,0.7589411735534668,0.9975709319114684,-0.4676637118935549,0.528009332892865,0.0634331181645393,0.4402782618999481,0.9993950128555298,mediapipe,mediapipe,mediapipe,mediapipe,movenet,gpr,gpr,movenet,movenet,movenet,mediapipe,movenet,mediapipe,movenet,gpr,gpr,mediapipe,gpr
314,6.28,0.0535858571529388,-0.552354097366333,-0.0502034164965152,0.9990105628967284,0.9999459981918336,0.1883662194013595,-0.5398871898651123,-0.0758389383554458,0.999058723449707,0.9998961687088012,0.2218464165925979,-0.3811599910259247,-0.0409251302480697,0.999764084815979,0.9999356269836426,0.1082637533545494,-0.472772866487503,0.2129840701818466,0.9996218681335448,0.9999505281448364,0.5438161285714286,0.5907379514285714,-0.0052966671064496,0.4315680563449859,0.99977046251297,0.531254681111598,0.5781361147382167,0.04802867770195,0.2787794768810272,0.999842882156372,1.7697679708505003,2.03237964099184,0.2535574734210968,0.1566209495067596,0.9999847412109376,0.56941354,0.53524464,-0.1574893444776535,0.1783736497163772,0.999983549118042,0.5708269777777778,0.6735620666666667,-0.0602172873914241,0.9999529719352722,0.9999970197677612,0.5382829077777778,0.6654460422222223,0.0642360150814056,0.9999759793281556,0.9999991655349731,-0.297650545835495,0.1952801048755645,-0.1424778401851654,0.6978829503059387,0.9999701976776124,0.47354996,0.71781987,-0.029798474162817,0.242580696940422,0.999985933303833,-0.2006890326738357,0.550464391708374,-0.0799235478043556,0.7586166262626648,0.9997435212135316,0.4908505,0.84496313,0.0833471864461898,0.3324232995510101,0.9999594688415528,-0.2132046528415204,0.5734783917980002,-0.0656641721725463,0.4595190584659576,0.999171257019043,-0.3498447834671778,0.5029998121847127,0.0531304702162742,0.4607264101505279,0.999953269958496,-0.3464317917823791,0.6225030422210693,-0.0742727145552635,0.7574626803398132,0.997481644153595,-0.4679318718712674,0.5271025610204969,0.0653692185878753,0.4398084580898285,0.999380588531494,mediapipe,mediapipe,mediapipe,mediapipe,movenet,gpr,gpr,movenet,movenet,movenet,mediapipe,movenet,mediapipe,movenet,gpr,gpr,mediapipe,gpr
315,6.3,0.0535558387637138,-0.5542334318161011,-0.0561005249619483,0.9989132285118104,0.9999316930770874,0.1883293986320495,-0.5416818857192993,-0.0819927230477333,0.9989697337150574,0.9998565912246704,0.2218607813119888,-0.3824187219142914,-0.0456264466047287,0.9997601509094238,0.9999160766601562,0.1082919314503669,-0.473794937133789,0.2077497392892837,0.9996134638786316,0.9999387264251708,0.5423959071428571,0.5910673428571428,-0.0053426777012646,0.4259028136730194,0.999764621257782,0.5300159493406638,0.5780212704987889,0.042675893753767,0.2765178382396698,0.9998372793197632,1.7810655776887745,2.1386025300924376,0.2538470923900604,0.1540571600198745,0.9999792575836182,0.56886125,0.5346217,-0.1640161275863647,0.1764630079269409,0.9999864101409912,0.5709752722222222,0.6732339599999999,-0.0600213594734668,0.99995219707489,0.9999970197677612,0.53861123,0.6653892466666667,0.0640601888298988,0.9999755024909972,0.9999991655349731,-0.2930814623832702,0.1952815949916839,-0.1424119770526886,0.6777611970901489,0.9999573230743408,0.47478005,0.71683085,-0.0308668166399002,0.2328125238418579,0.9999808073043824,-0.2008162885904312,0.5485562086105347,-0.0735311806201934,0.7411623597145081,0.9997144341468812,0.49094105,0.8451704,0.0853221565485,0.3187012076377868,0.9999467134475708,-0.2158978419021743,0.5698857488028537,-0.0581255070865154,0.44316166639328,0.9991455078125,-0.3505757091493577,0.5006112929704328,0.0558911114931106,0.4450116455554962,0.9999423027038574,-0.3462227582931518,0.6223930716514587,-0.0651108920574188,0.740479588508606,0.9973040819168092,-0.4680501396674849,0.5254170374192157,0.0678959786891937,0.4242312908172607,0.9992732405662536,mediapipe,mediapipe,mediapipe,mediapipe,movenet,gpr,gpr,movenet,movenet,movenet,mediapipe,movenet,mediapipe,movenet,gpr,gpr,mediapipe,gpr
316,6.32,0.0463975667953491,-0.5546183586120605,-0.0552593991160392,0.9988654851913452,0.9999431371688844,0.1817865818738937,-0.5420649647712708,-0.0861090570688247,0.9989463686943054,0.999889612197876,0.2167445123195648,-0.382636159658432,-0.0547876991331577,0.9997618198394777,0.999935746192932,0.1087507978081703,-0.4737648963928222,0.2074291557073593,0.9996027946472168,0.9999436140060424,0.5409756857142857,0.5913967342857143,-0.0103140380233526,0.428966760635376,0.9997777342796326,0.5285546540453318,0.5780325076497161,0.042810782790184,0.2659092843532562,0.9998145699501038,1.76229209221069,2.1968432400339912,0.25461345911026,0.1513411998748779,0.999977707862854,0.56645864,0.53554475,-0.1650474369525909,0.1670289933681488,0.9999759197235109,0.5711230222222221,0.6729669411111111,-0.0601551681756973,0.9999520778656006,0.9999970197677612,0.53911875,0.6653717100000001,0.0642082393169403,0.9999752044677734,0.9999990463256836,-0.2931992411613464,0.1947539001703262,-0.1407559961080551,0.673450231552124,0.9999569654464722,0.47421634,0.7136754,-0.0293428804725408,0.2223595678806305,0.9999786615371704,-0.2013377994298935,0.5430478453636169,-0.0744904652237892,0.7393702268600464,0.99970942735672,0.4908038,0.8426591,0.0857482030987739,0.3093193471431732,0.9999393224716188,-0.2192432570752414,0.5663405333442207,-0.0595002695918083,0.4436110556125641,0.9991055130958556,-0.3512669850640896,0.4972426487385784,0.0560588203370571,0.4375853538513183,0.999934196472168,-0.3463437259197235,0.6181362867355347,-0.0661686584353447,0.7383819222450256,0.9973052740097046,-0.4680002694266131,0.5228926715756393,0.0681857317686081,0.4145383536815643,0.9991902709007264,mediapipe,mediapipe,mediapipe,mediapipe,movenet,gpr,gpr,movenet,movenet,movenet,mediapipe,movenet,mediapipe,movenet,gpr,gpr,mediapipe,gpr
317,6.34,0.039931982755661,-0.555279552936554,-0.0555151402950286,0.9988579750061036,0.9999607801437378,0.1748481839895248,-0.5433335304260254,-0.0856570899486541,0.9989411234855652,0.9999170303344728,0.2099803686141967,-0.3832755088806152,-0.0538795813918113,0.9997578263282776,0.9999210834503174,0.1036167591810226,-0.4732132852077484,0.2052601128816604,0.9995845556259156,0.9999350309371948,0.5395554642857143,0.5917261257142857,-0.0097047369927167,0.4172031879425049,0.999726951122284,0.5269120210599997,0.5781896846616155,0.0368797071278095,0.2569694519042969,0.9998008608818054,1.712947871477028,2.2011290384006363,0.2623501121997833,0.1434803307056427,0.9999676942825316,0.5655464,0.53667253,-0.1677888482809066,0.1567031592130661,0.999970555305481,0.5712917399999999,0.6728604444444444,-0.0600985698401927,0.9999515414237976,0.9999969005584716,0.5396993011111111,0.6655719377777777,0.0641709864139556,0.9999749660491944,0.9999991655349731,-0.29191455245018,0.1901354640722274,-0.1398614943027496,0.65682452917099,0.9999516010284424,0.47439903,0.7124494,-0.0284368637949228,0.2111992239952087,0.9999791383743286,-0.2039515823125839,0.5352693796157837,-0.0750012844800949,0.7258196473121643,0.9996616840362548,0.4910253,0.84159446,0.0848842114210128,0.2979514598846435,0.999929428100586,-0.2230598556907445,0.5630779480767067,-0.0601175054907798,0.433345764875412,0.9989207983016968,-0.3518815180545439,0.4929400420998355,0.054688461124897,0.4267182350158691,0.9999204874038696,-0.348681092262268,0.6144185662269592,-0.0665777698159217,0.7251719236373901,0.9964340925216676,-0.4677639396746145,0.5195843081470072,0.0667618215084075,0.4014833271503448,0.9989221096038818,mediapipe,mediapipe,mediapipe,mediapipe,movenet,gpr,gpr,movenet,movenet,movenet,mediapipe,movenet,mediapipe,movenet,gpr,gpr,mediapipe,gpr
318,6.36,0.0307816863059997,-0.5552515387535095,-0.0551835745573043,0.9988896250724792,0.999972939491272,0.163262739777565,-0.5447747707366943,-0.0851764604449272,0.9989722967147828,0.999942421913147,0.2031660079956054,-0.3846889138221741,-0.0532334521412849,0.9997644424438475,0.9999537467956544,0.0968903377652168,-0.4731764197349548,0.2045736610889434,0.9995876550674438,0.9999605417251588,0.5381352428571429,0.5920555171428572,-0.0094433929771184,0.4164743721485138,0.9997989535331726,0.5251312631018806,0.5785097417655192,0.0329879857599735,0.2516090869903564,0.9998446702957152,1.633882451968875,2.1482860049414505,0.2685393691062927,0.1409310847520828,0.999981164932251,0.564540925,0.536534315,-0.1729914397001266,0.1498157232999801,0.999980330467224,0.571467928888889,0.6728854000000001,-0.0600885786116123,0.9999515414237976,0.99999737739563,0.5404025888888888,0.6659783288888889,0.0641684532165527,0.9999749660491944,0.9999992847442628,-0.2918523252010345,0.1874541491270065,-0.1385843753814697,0.6446136236190796,0.9999630451202391,0.47509184,0.7114805,-0.027480823919177,0.2005651295185089,0.9999842643737792,-0.2052589058876037,0.528553307056427,-0.073963850736618,0.7145219445228577,0.9997175335884094,0.49052572,0.84170115,0.0853235125541687,0.2870555520057678,0.9999442100524902,-0.2270637057396612,0.5602561854205118,-0.0590396448969841,0.425053209066391,0.9991143345832824,-0.3523745162383184,0.4878603265762014,0.0549908466637134,0.4166314005851745,0.9999362230300904,-0.3490277826786041,0.6086733937263489,-0.0647478997707367,0.7152177691459656,0.9972785115242004,-0.4673240754559815,0.515664854707007,0.0670380294322967,0.3903010189533233,0.9992031455039978,mediapipe,mediapipe,mediapipe,mediapipe,movenet,gpr,gpr,movenet,movenet,movenet,mediapipe,movenet,mediapipe,movenet,gpr,gpr,mediapipe,gpr
319,6.38,0.0153707722201943,-0.5554198026657104,-0.0575131811201572,0.9988635778427124,0.9999552965164183,0.151088461279869,-0.5461364388465881,-0.0885962396860122,0.9989452362060548,0.9998998641967772,0.1905968785285949,-0.386648416519165,-0.0563008934259414,0.9997555017471312,0.999897599220276,0.0910584852099418,-0.4735220074653625,0.2034457474946975,0.9995684623718262,0.999929428100586,0.5367150214285714,0.5923849085714286,-0.0120992781594395,0.4086673855781555,0.9996612071990968,0.5232540784068345,0.5790073140627603,0.0340440161526203,0.2422070354223251,0.999768078327179,1.5273214861298066,2.038448280712557,0.2677576541900635,0.1354235857725143,0.999959111213684,0.56353545,0.5363961,-0.171830728650093,0.1416536122560501,0.9999698400497437,0.5715707677777778,0.6733416222222223,-0.0601790845394134,0.9999505877494812,0.999996304512024,0.54105027,0.6667105566666667,0.0642850771546363,0.999974489212036,0.9999990463256836,-0.2915456295013428,0.1860425770282745,-0.1384838223457336,0.6377615332603455,0.9999504089355468,0.47609565,0.71045643,-0.0254698581993579,0.1934722065925598,0.9999802112579346,-0.2077118158340454,0.5288947820663452,-0.0777501612901687,0.710906982421875,0.9996756315231324,0.49006042,0.84264565,0.0837751626968383,0.2836889326572418,0.9999240636825562,-0.2308971553153126,0.557917380127399,-0.0634928122162818,0.425354927778244,0.998966097831726,-0.3526958153359429,0.4822605105833103,0.0525326542556285,0.4153931736946106,0.9999146461486816,-0.3492340445518493,0.6090511083602905,-0.0688181966543197,0.7110427618026733,0.996487021446228,-0.4666662077203909,0.5114061010548887,0.0639053285121917,0.3857159614562988,0.998841106891632,mediapipe,mediapipe,mediapipe,mediapipe,movenet,gpr,gpr,movenet,movenet,movenet,mediapipe,movenet,mediapipe,movenet,gpr,gpr,mediapipe,gpr
320,6.4,-0.0116220721974968,-0.5570886731147766,-0.0588554330170154,0.998901665210724,0.9999731779098512,0.124076135456562,-0.5490458011627197,-0.0937186703085899,0.998985469341278,0.9999457597732544,0.1662955284118652,-0.388181984424591,-0.0615033023059368,0.999761164188385,0.9999490976333618,0.0726919993758201,-0.4740533232688904,0.2008739411830902,0.999570608139038,0.9999566078186036,0.5352948,0.5927143,-0.0152064068242907,0.4091916084289551,0.9998089671134948,0.5213170856458208,0.5796952556905884,0.0315115414559841,0.2357192188501358,0.9998120665550232,1.3967976066513974,1.875297857736582,0.2664163410663605,0.1344231963157653,0.9999821186065674,0.56090254,0.53924394,-0.174215942621231,0.1338240057229995,0.9999759197235109,0.5716012288888889,0.6739585766666667,-0.0603084713220596,0.9999508261680604,0.9999970197677612,0.5416558655555556,0.6676088377777778,0.0644484013319015,0.9999745488166808,0.9999991655349731,-0.2910641431808471,0.1792365312576294,-0.1410588324069976,0.6310359239578247,0.9999651908874512,0.4765106,0.70926267,-0.0254942923784255,0.1835494190454483,0.9999840259552002,-0.2105498909950256,0.5254022479057312,-0.0918176397681236,0.7073628306388855,0.9997658133506776,0.49007434,0.8428162,0.0789866521954536,0.2749674916267395,0.9999339580535888,-0.2341724102014082,0.5559704767369256,-0.0785353705286979,0.4274088144302368,0.9992430210113524,-0.3527927123572549,0.4764715701302043,0.0467857345938682,0.4079319536685943,0.9999266862869264,-0.3494845926761627,0.6096409559249878,-0.0850581601262092,0.7088762521743774,0.9974719882011414,-0.4657797618237941,0.5071363888371696,0.0558151826262474,0.376819908618927,0.9990907907485962,mediapipe,mediapipe,mediapipe,mediapipe,movenet,gpr,gpr,movenet,movenet,movenet,mediapipe,movenet,mediapipe,movenet,gpr,gpr,mediapipe,gpr
321,6.42,-0.0384275428950786,-0.5624817609786987,-0.0661844834685325,0.9989519119262696,0.9999721050262452,0.0994680598378181,-0.554103672504425,-0.1015034392476081,0.999031126499176,0.999935746192932,0.1404954940080642,-0.3917910754680633,-0.0683615654706955,0.9997648000717164,0.999941349029541,0.0445828326046466,-0.4756535589694977,0.1960947662591934,0.9995689392089844,0.9999569654464722,0.5303452,0.59412426,-0.0238683689385652,0.4126159846782684,0.9998291730880736,0.5193485486650921,0.5805848363523981,0.0276838056743145,0.2314970046281814,0.9998366832733154,1.2469839240841911,1.6659792606425494,0.2538540661334991,0.1352587342262268,0.9999825954437256,0.5515556,0.5391717,-0.1777854114770889,0.1267082095146179,0.9999778270721436,0.5713318688888889,0.67469526,-0.0608445927500724,0.9999507665634156,0.999996304512024,0.54213814,0.66848037,0.0650019943714141,0.999974489212036,0.9999990463256836,-0.2951400279998779,0.1500273048877716,-0.1430232226848602,0.627252995967865,0.9999706745147704,0.47722396,0.70729584,-0.0236352197825908,0.1743085384368896,0.9999865293502808,-0.2143362313508987,0.5119950771331787,-0.109934464097023,0.709898829460144,0.9998237490653992,0.4898105,0.8428351,0.0758025050163269,0.268243134021759,0.9999405145645142,-0.236523630748023,0.5542024506375135,-0.097826637327671,0.4354798197746277,0.999409317970276,-0.3526131230003096,0.4708587373019267,0.0426658876240253,0.4020914435386657,0.9999362230300904,-0.3536421656608581,0.6084137558937073,-0.1037348508834838,0.7134315371513367,0.997907280921936,-0.4646591602011362,0.5031793653956326,0.0511221587657928,0.3708616495132446,0.9991912245750428,mediapipe,mediapipe,mediapipe,mediapipe,movenet,gpr,gpr,movenet,movenet,movenet,mediapipe,movenet,mediapipe,movenet,gpr,gpr,mediapipe,gpr
322,6.44,-0.0502009615302085,-0.565770149230957,-0.0664117336273193,0.9990053772926332,0.9999728202819824,0.0905366837978363,-0.5565335750579834,-0.1059723123908042,0.9990822672843932,0.9999450445175172,0.1340273916721344,-0.3920701444149017,-0.0746176242828369,0.9997748732566832,0.9999589920043944,0.0352271497249603,-0.4756401181221008,0.1966689676046371,0.9995823502540588,0.9999673366546632,0.5285864466666667,0.5965584533333333,-0.0304622948169708,0.4364985823631286,0.9998563528060912,0.5173657501389927,0.581685406872643,0.0285220798105001,0.225117415189743,0.9998276233673096,1.083437986239277,1.4206693254138552,0.2449645847082138,0.1498260498046875,0.9999901056289672,0.54767907,0.5392607,-0.1768440455198288,0.1201645284891128,0.9999817609786988,0.5709975188888889,0.6755220988888888,-0.0617447160184383,0.9999525547027588,0.9999974966049194,0.5425134255555555,0.6696097188888889,0.0658857822418212,0.9999752044677734,0.9999992847442628,-0.2910234034061432,0.1484623402357101,-0.1564633399248123,0.6455720067024231,0.9999858140945436,0.47748134,0.704239,-0.0245871897786855,0.1733147203922271,0.999991536140442,-0.2140704244375229,0.5141955614089966,-0.1489449888467788,0.729641318321228,0.9998893737792968,0.4888977,0.8426798,0.0619295723736286,0.2780011594295501,0.999959111213684,-0.2376592755797415,0.5523190501601231,-0.1390456110239029,0.4669974148273468,0.9996020197868348,-0.3521088372424332,0.4657733846712122,0.0273748505860567,0.4156242609024048,0.9999552965164183,-0.3534931540489197,0.6094674468040466,-0.1549325138330459,0.7327904105186462,0.998519480228424,-0.4633046256915685,0.4997835343916754,0.0309414509683847,0.3842472732067108,0.9994577765464784,mediapipe,mediapipe,mediapipe,mediapipe,movenet,gpr,gpr,movenet,movenet,movenet,mediapipe,movenet,mediapipe,movenet,gpr,gpr,mediapipe,gpr
323,6.46,-0.0591389499604702,-0.565576434135437,-0.0713055506348609,0.999060034751892,0.999969244003296,0.0810588896274566,-0.5566220879554749,-0.115389235317707,0.999140441417694,0.9999494552612304,0.1313948035240173,-0.3906736671924591,-0.0838760212063789,0.9997894167900084,0.9999758005142212,0.0219711456447839,-0.4753318428993225,0.1931952834129333,0.999607264995575,0.9999768733978271,0.5268276933333333,0.5989926466666666,-0.0387610904872417,0.4691421389579773,0.9998823404312134,0.51670945,0.58300686,0.0280698258429765,0.2218306064605713,0.999825656414032,0.9122731043635188,1.1518251312072842,0.2316109538078308,0.1768841594457626,0.9999936819076538,0.5484135,0.538599,-0.1870468258857727,0.1157493665814399,0.9999780654907228,0.5706370133333333,0.6763039988888888,-0.0618638843297958,0.9999547600746156,0.99999737739563,0.5428279266666666,0.6706437466666667,0.0659927576780319,0.9999762177467346,0.9999991655349731,-0.2828664183616638,0.1366594135761261,-0.1880188286304474,0.6670683026313782,0.9999881982803344,0.47821662,0.7024155,-0.0342303253710269,0.1783522218465805,0.999991536140442,-0.2105551362037658,0.5103817582130432,-0.1730739921331405,0.7479942440986633,0.9998890161514282,0.4889559,0.84160966,0.041164256632328,0.2935513257980346,0.9999467134475708,-0.2374053686017369,0.5500100459263587,-0.1619980037212371,0.4968537986278534,0.9995881915092468,-0.3512386203448727,0.4615042399758979,0.0062350542284548,0.4311612248420715,0.99993896484375,-0.3467444479465484,0.6098732352256775,-0.1830220818519592,0.7505921721458435,0.9982994198799132,-0.4617225825266071,0.497056933567557,0.0017234354745596,0.4014663398265838,0.999249279499054,mediapipe,mediapipe,mediapipe,mediapipe,movenet,movenet,gpr,movenet,movenet,movenet,mediapipe,movenet,mediapipe,movenet,gpr,gpr,mediapipe,gpr
324,6.48,-0.0792414247989654,-0.5661664605140686,-0.0701371282339096,0.9991223216056824,0.9999774694442748,0.0577252805233001,-0.5581073760986328,-0.1173792481422424,0.9992054104804992,0.9999672174453736,0.1143807172775268,-0.3906150162220001,-0.0877765491604805,0.9998048543930054,0.9999841451644896,0.0084259696304798,-0.4747556447982788,0.1937845796346664,0.9996339082717896,0.9999847412109376,0.52506894,0.60142684,-0.0384021960198879,0.5030981302261353,0.9999033212661744,0.5131599,0.5827773,0.029850760474801,0.2222265899181366,0.9998562335968018,0.7397819219436855,0.8731770086497491,0.2342943251132965,0.2081080973148346,0.9999957084655762,0.544874,0.540671,-0.1853822469711303,0.114494688808918,0.999987244606018,0.5702967033333333,0.6771586466666667,-0.0622525587677955,0.9999570846557616,0.999997615814209,0.5430063311111111,0.6716854422222222,0.0663775503635406,0.9999772906303406,0.9999992847442628,-0.2752584218978882,0.1302342265844345,-0.2004072517156601,0.6905546188354492,0.9999903440475464,0.47625437,0.7025411,-0.0408046171069145,0.1863390207290649,0.9999933242797852,-0.2095828801393509,0.5087494254112244,-0.1781068295240402,0.7668050527572632,0.9999141693115234,0.48951957,0.840492,0.0336613468825817,0.3108350932598114,0.9999570846557616,-0.2357310810005864,0.5470281405115281,-0.1662394106388092,0.5290830731391907,0.9996904134750366,-0.3499708978493839,0.4582371946507114,-0.0009163188515231,0.4478996098041534,0.999951958656311,-0.3436362445354461,0.610205352306366,-0.1875346004962921,0.7690606713294983,0.9987702965736388,-0.4599255718768098,0.4949235891723513,-0.0080839283764362,0.4211679399013519,0.999433696269989,mediapipe,mediapipe,mediapipe,mediapipe,movenet,movenet,gpr,movenet,movenet,movenet,mediapipe,movenet,mediapipe,movenet,gpr,gpr,mediapipe,gpr
325,6.5,-0.0869874134659767,-0.5659714937210083,-0.0712189227342605,0.9991601705551147,0.9999713897705078,0.050760593265295,-0.5578665733337402,-0.1191726475954055,0.99925035238266,0.9999572038650512,0.1093767583370208,-0.3892971277236938,-0.0884508788585662,0.9998170733451844,0.99997878074646,-0.0046488428488373,-0.4727953672409057,0.1922205686569214,0.9996584057807922,0.999983549118042,0.52540165,0.6041882,-0.0367378033697605,0.5304749011993408,0.9998892545700072,0.5107389849999999,0.5863854500000001,0.0306011624634265,0.2225414961576461,0.9998377561569214,0.5720429480109971,0.598571548486457,0.2356710135936737,0.2294074147939682,0.9999943971633912,0.5410189,0.5443313,-0.1839492321014404,0.1134322434663772,0.9999874830245972,0.5699072922222223,0.6779056911111111,-0.0622343868017196,0.999958872795105,0.99999737739563,0.5429925488888888,0.6725402588888889,0.066354289650917,0.9999781847000122,0.9999991655349731,-0.2683156728744507,0.1212081089615821,-0.2137387096881866,0.709102988243103,0.9999895095825196,0.47697452,0.7026569,-0.0520841889083385,0.1928950697183609,0.999993085861206,-0.2091028392314911,0.5043640732765198,-0.1912173777818679,0.7822549939155579,0.9999055862426758,0.48939928,0.8383593,0.0138106849044561,0.3273772895336151,0.999948024749756,-0.2327506015277369,0.5432665262276624,-0.1794377118349075,0.556341290473938,0.9996607303619384,-0.3482857759189338,0.4560327704643071,-0.0214254148304462,0.4622407555580139,0.9999399185180664,-0.3409305810928345,0.6094644665718079,-0.2065662741661071,0.7844281196594238,0.9986507296562196,-0.457931627619063,0.4931171429223729,-0.0380842834711074,0.439507246017456,0.9993533492088318,mediapipe,mediapipe,mediapipe,mediapipe,movenet,movenet,gpr,movenet,movenet,movenet,mediapipe,movenet,mediapipe,movenet,gpr,gpr,mediapipe,gpr
326,6.52,-0.0937811583280563,-0.565822184085846,-0.0725630670785904,0.9991860389709472,0.9999665021896362,0.0460425317287445,-0.55760657787323,-0.1211495622992515,0.9992886185646056,0.9999544620513916,0.1043740361928939,-0.3874770700931549,-0.0896309167146682,0.9998281598091124,0.9999788999557496,-0.0128617351874709,-0.4701550900936126,0.1905661076307296,0.9996808767318726,0.9999822378158568,0.5242259,0.6062453,-0.0358969904482364,0.5583702921867371,0.9998831748962402,0.50831807,0.5899936,0.0307006556540727,0.2212538570165634,0.9997918009757996,0.4145436612543945,0.3407950509964371,0.235887199640274,0.2548492848873138,0.9999945163726808,0.5403312,0.54432076,-0.1831565499305725,0.1130097806453704,0.9999884366989136,0.5694550577777778,0.6784373411111111,-0.0621373653411865,0.9999602437019348,0.999996542930603,0.5428793111111111,0.6731831977777777,0.0662431120872497,0.99997878074646,0.9999988079071044,-0.2521519362926483,0.1165041476488113,-0.2285750359296798,0.7299208641052246,0.9999889135360718,0.47794363,0.70126885,-0.0600758492946624,0.2029744088649749,0.9999918937683104,-0.2036051005125045,0.5032504796981812,-0.2136157900094986,0.7991703748703003,0.999897599220276,0.4893033,0.83828413,-0.0031165187247097,0.3511660695075989,0.9999346733093262,-0.2286994039263089,0.5388186620677162,-0.2032090127468109,0.5869351625442505,0.9996082186698914,-0.3461761837546447,0.4548279927339179,-0.0392972454428672,0.4828568994998932,0.9999206066131592,-0.335157036781311,0.6085126996040344,-0.2376297712326049,0.8007863163948059,0.9984369874000548,-0.4557630943873707,0.4912215262883079,-0.0611202158033847,0.4628389477729797,0.999170184135437,mediapipe,mediapipe,mediapipe,mediapipe,movenet,movenet,gpr,movenet,movenet,movenet,mediapipe,movenet,mediapipe,movenet,gpr,gpr,mediapipe,gpr
327,6.54,-0.1158770769834518,-0.5656476020812988,-0.0768322944641113,0.9991961121559144,0.999956488609314,0.0281540658324956,-0.557432234287262,-0.1270318031311035,0.9993173480033876,0.9999454021453856,0.0886921882629394,-0.3869430422782898,-0.0954141095280647,0.999837338924408,0.9999756813049316,-0.0285886991769075,-0.4681087732315063,0.1892404109239578,0.9996988773345948,0.9999769926071168,0.5217604425,0.60770115,-0.0369674079120159,0.5792996883392334,0.9998810291290284,0.50601906,0.59283423,0.0311831068247556,0.2177407294511795,0.9997383952140808,0.271853189917545,0.1105158010983386,0.2365908771753311,0.2703870832920074,0.9999934434890748,0.5413679,0.54496676,-0.182676300406456,0.1101679876446724,0.9999822378158568,0.5688195688888888,0.6787665744444444,-0.0621353909373283,0.9999614357948304,0.999996781349182,0.5423751022222222,0.6736800422222223,0.0662431567907333,0.9999793171882628,0.9999988079071044,-0.2495275288820266,0.1075586229562759,-0.242178812623024,0.7450206875801086,0.9999892711639404,0.47817695,0.70251155,-0.0732860341668129,0.2079573571681976,0.9999921321868896,-0.2033882290124893,0.4986136853694916,-0.2163643687963485,0.8110882043838501,0.9999079704284668,0.48928672,0.8386203,-0.0169820934534072,0.36363485455513,0.99992835521698,-0.2256860584020614,0.5335150957107544,-0.2047991454601287,0.6090551614761353,0.999664306640625,-0.3436479820709729,0.4544650399671478,-0.0527408756315708,0.4928739070892334,0.9999163150787354,-0.3332741856575012,0.6080647706985474,-0.2377169579267501,0.8123041987419128,0.9985841512680054,-0.4534449119962667,0.4887590499310055,-0.0768000930547714,0.4754528105258941,0.999087929725647,mediapipe,mediapipe,mediapipe,mediapipe,movenet,movenet,gpr,movenet,movenet,movenet,mediapipe,movenet,mediapipe,movenet,mediapipe,gpr,mediapipe,gpr
328,6.56,-0.1231086924672126,-0.5655882358551025,-0.0974173545837402,0.9991955757141112,0.999919891357422,0.019973887130618,-0.5571858882904053,-0.1446865350008011,0.999335765838623,0.9998925924301147,0.0821629464626312,-0.3858439922332763,-0.1084721237421035,0.9998440742492676,0.9999666213989258,-0.0446896590292453,-0.4657940864562988,0.1747483909130096,0.9997166395187378,0.9999810457229614,-0.1119630262255668,-0.27217698097229,-0.0472320280969142,0.604965329170227,0.999811589717865,0.5044956,0.5916176,0.0215677414089441,0.2280836552381515,0.99976247549057,0.1473733699834789,-0.0845285327821818,0.2197497934103012,0.2996140420436859,0.9999933242797852,0.53416675,0.5436693,-0.1844437569379806,0.1197116449475288,0.999992847442627,0.5681003188888888,0.6787098411111111,-0.0619002021849155,0.9999621510505676,0.9999951124191284,0.54167471,0.6737922311111111,0.0659598037600517,0.999979555606842,0.9999984502792358,-0.2441743314266204,0.0992701798677444,-0.2535262405872345,0.7662079930305481,0.9999911785125732,0.47790185,0.7033922,-0.0808389037847518,0.2307666838169098,0.999994158744812,-0.2009816467761993,0.4965407252311706,-0.220227763056755,0.8275481462478638,0.9999328851699828,0.48893082,0.8392498,-0.0159951504319906,0.3972311615943908,0.9999516010284424,-0.2241638749837875,0.5319113731384277,-0.2081830650568008,0.6400439143180847,0.9997372031211852,-0.3407189579073876,0.4547432110876765,-0.050970684736967,0.5173745155334473,0.9999406337738036,-0.3320389688014984,0.6022894978523254,-0.2467450350522995,0.8283511996269226,0.9989680051803588,-0.4510024352854677,0.4853142799228846,-0.0786972641944885,0.5055516362190247,0.9993894100189208,mediapipe,mediapipe,mediapipe,mediapipe,mediapipe,movenet,gpr,movenet,movenet,movenet,mediapipe,movenet,mediapipe,movenet,mediapipe,gpr,mediapipe,gpr
329,6.58,-0.1386068612337112,-0.5644749402999878,-0.1134075820446014,0.999200701713562,0.9999109506607056,0.0048163193278014,-0.5561118721961975,-0.1566760241985321,0.9993579387664796,0.9998884201049804,0.0667821615934372,-0.3840093314647674,-0.1180954426527023,0.9998510479927064,0.999969244003296,-0.0624244771897792,-0.4638732671737671,0.164674699306488,0.9997311234474182,0.99997878074646,-0.1206629499793052,-0.2660992443561554,-0.059674073010683,0.6305068135261536,0.9997900128364564,0.50203425,0.5942585,0.0138041255995631,0.229309931397438,0.9996531009674072,0.043189518668583,-0.2400033392130568,0.1961520165205001,0.3347181975841522,0.9999949932098388,0.5313256,0.54219663,-0.1860196739435196,0.1223667711019516,0.9999902248382568,0.5673811744444444,0.6785064144444445,-0.0616246424615383,0.9999621510505676,0.9999936819076538,0.5408742955555554,0.6738528533333333,0.0655912011861801,0.9999792575836182,0.999997854232788,-0.2436581403017044,0.0942574292421341,-0.2483957707881927,0.7856981754302979,0.999991774559021,0.47843865,0.70332885,-0.0874774679541587,0.2522370219230652,0.9999938011169434,-0.1948505342006683,0.4908927083015442,-0.2141978442668914,0.8429308533668518,0.9999449253082277,0.4889522,0.83790463,-0.0237529687583446,0.4282355904579162,0.9999570846557616,-0.2182621657848358,0.5265311598777771,-0.2020487785339355,0.6693788170814514,0.9997782111167908,-0.337416716512899,0.4554846338954499,-0.0587337240576744,0.5396997928619385,0.9999467134475708,-0.3275381326675415,0.5900457501411438,-0.2393923699855804,0.8433924913406372,0.999168872833252,-0.4484589030984804,0.4806702368320273,-0.0874827206134796,0.5336822867393494,0.9994621872901917,mediapipe,mediapipe,mediapipe,mediapipe,mediapipe,movenet,gpr,movenet,movenet,movenet,mediapipe,movenet,mediapipe,movenet,mediapipe,gpr,mediapipe,gpr
330,6.6,-0.1457610130310058,-0.5631657242774963,-0.1352842301130294,0.9991737008094788,0.999930500984192,-0.0006093939300626,-0.5538250207901001,-0.1763929426670074,0.9993497729301452,0.9999027252197266,0.0600377842783927,-0.3809078335762024,-0.1325255185365677,0.9998560547828674,0.999970555305481,-0.0723978206515312,-0.4607751965522766,0.1457593590021133,0.9997459053993224,0.9999825954437256,-0.1285311877727508,-0.2654608190059662,-0.0661875456571579,0.6494771242141724,0.9998650550842284,0.49990046,0.5957569,-0.0070866979658603,0.2303882241249084,0.99972003698349,-0.0399676948762893,-0.3550604803776757,0.1884081810712814,0.3657167553901672,0.9999957084655762,0.5304923,0.544036,-0.2019538283348083,0.1281431466341018,0.9999951124191284,0.5669066288888889,0.6781339088888889,-0.060784138739109,0.9999598264694214,0.9999905824661256,0.5400065911111112,0.6738912322222222,0.0646028220653534,0.9999774694442748,0.9999966621398926,-0.2360385358333587,0.0866535976529121,-0.2617654502391815,0.7998657822608948,0.9999892711639404,0.4775147,0.7033568,-0.1081630513072013,0.2565684020519256,0.9999918937683104,-0.1817303597927093,0.4870174527168274,-0.2314141541719436,0.8549914956092834,0.9999165534973145,0.48895338,0.83802533,-0.0431166924536228,0.4407815039157867,0.9999353885650636,-0.205318346619606,0.523149847984314,-0.2205372452735901,0.6914455890655518,0.999670147895813,-0.333775578949152,0.4565992631370819,-0.0772964805364608,0.5480108857154846,0.9999202489852904,-0.3181429207324981,0.5781036615371704,-0.2658893465995788,0.8551151752471924,0.9990785121917723,-0.4458327109219567,0.4749251253432606,-0.1105261817574501,0.5468736290931702,0.9994101524353028,mediapipe,mediapipe,mediapipe,mediapipe,mediapipe,movenet,gpr,movenet,movenet,movenet,mediapipe,movenet,mediapipe,movenet,mediapipe,gpr,mediapipe,gpr
331,6.62,-0.1599673628807068,-0.5608041882514954,-0.1385431736707687,0.9990665912628174,0.9998841285705566,-0.0109073603525757,-0.5509740114212036,-0.180243507027626,0.9992772340774536,0.999833345413208,0.0507532991468906,-0.3780294954776764,-0.1377917677164077,0.9998565316200256,0.999958038330078,-0.0849337950348854,-0.457755297422409,0.1451481282711029,0.9997560381889344,0.9999780654907228,-0.1510151028633117,-0.2614855468273163,-0.0765157639980316,0.6670533418655396,0.9998310804367064,0.49704263,0.5997053,-0.0059437854215502,0.2316084802150726,0.999722421169281,-0.1026492189274321,-0.432037823653894,0.1698139309883117,0.3900962769985199,0.9999953508377076,0.5261705,0.5427271,-0.2001160681247711,0.1298238784074783,0.9999943971633912,0.5664050122222223,0.6775156033333334,-0.0606356337666511,0.9999567270278932,0.9999884366989136,0.5390165911111111,0.6737727777777778,0.0643713474273681,0.9999752640724182,0.9999960660934448,-0.2360354959964752,0.083805926144123,-0.2714517414569855,0.8127760887145996,0.9999911785125732,0.47672457,0.7059982,-0.1184289082884788,0.2599673569202423,0.9999938011169434,-0.1716656237840652,0.4865835309028625,-0.2545561790466308,0.8660896420478821,0.9999209642410278,0.48957837,0.83986825,-0.0621775835752487,0.4506164789199829,0.9999423027038574,-0.1942445784807205,0.5228465795516968,-0.2461836636066436,0.7123066782951355,0.9996768236160278,-0.329832691328298,0.4581326409314514,-0.0974153131246566,0.55485999584198,0.9999277591705322,-0.3116156756877899,0.5678207278251648,-0.2983855605125427,0.866062343120575,0.999226212501526,-0.4431346750581926,0.4685561900431428,-0.1353039741516113,0.5591483116149902,0.9995461106300354,mediapipe,mediapipe,mediapipe,mediapipe,mediapipe,movenet,gpr,movenet,movenet,movenet,mediapipe,movenet,mediapipe,movenet,mediapipe,gpr,mediapipe,gpr
332,6.64,-0.1758449524641037,-0.5604694485664368,-0.143375813961029,0.999070405960083,0.999948024749756,-0.0248426534235477,-0.5505812764167786,-0.1830565482378006,0.999275803565979,0.9999058246612548,0.0379477329552173,-0.3777453601360321,-0.1406511217355728,0.9998583793640136,0.9999673366546632,-0.1032250970602035,-0.4561573565006256,0.1433948427438736,0.9997702836990356,0.9999887943267822,-0.1649074107408523,-0.2605472207069397,-0.079621247947216,0.6854779124259949,0.9998453855514526,0.49350682,0.602169,-0.0081285508349537,0.2465062886476516,0.9998325109481812,-0.1465147105369284,-0.4758331356608452,0.1653153002262115,0.4208205044269562,0.9999959468841552,0.5238429,0.54694325,-0.2003014385700225,0.1486619561910629,0.9999977350234984,0.5656621240740741,0.6767971848148149,-0.0605423934757709,0.999954342842102,0.9999891519546508,0.5376799977777779,0.67368415,0.0642281919717788,0.9999738931655884,0.9999971389770508,-0.2348569184541702,0.0874559357762336,-0.2774557769298553,0.8269709348678589,0.9999910593032836,0.47683913,0.7069277,-0.121786743402481,0.2746315896511078,0.9999953508377076,-0.1683191955089569,0.4884950518608093,-0.259568452835083,0.877170741558075,0.99992573261261,0.49021843,0.84111804,-0.0711119621992111,0.4741785824298858,0.9999558925628662,-0.1908781379461288,0.5244215130805969,-0.251228392124176,0.7339866757392883,0.9996925592422484,-0.3256236393980809,0.46028175203981,-0.10708549618721,0.5734928846359253,0.9999414682388306,-0.3125296533107757,0.5661106705665588,-0.303915798664093,0.877169668674469,0.9993602633476256,-0.4403654986941482,0.4624044232823053,-0.1454017907381057,0.5824370384216309,0.9996398687362672,mediapipe,mediapipe,mediapipe,mediapipe,mediapipe,movenet,gpr,movenet,movenet,movenet,mediapipe,movenet,mediapipe,movenet,mediapipe,gpr,mediapipe,gpr
333,6.66,-0.1864625215530395,-0.5583434104919434,-0.1576343774795532,0.9990832209587096,0.999957799911499,-0.0327020920813083,-0.5489431619644165,-0.1900476068258285,0.9992728233337402,0.9999070167541504,0.0298968572169542,-0.3770577609539032,-0.1429895907640457,0.999858558177948,0.9999628067016602,-0.1186027750372886,-0.4557048976421356,0.1358047276735305,0.9997847080230712,0.999990701675415,-0.1709111928939819,-0.2576372921466827,-0.0792704448103904,0.6965661644935608,0.9998340606689452,0.4901738,0.60345566,-0.0207217372953891,0.2624928653240204,0.9998457431793212,-0.174081026702989,-0.4930540184259419,0.1651473343372345,0.4418832957744598,0.9999943971633912,0.51986516,0.5487701,-0.2134125083684921,0.1685889959335327,0.999997854232788,0.5646288633333333,0.6758609666666666,-0.0601687394082546,0.9999520778656006,0.9999898672103882,0.5362246533333335,0.6732267455555556,0.0638117864727974,0.9999727606773376,0.9999974966049194,-0.2317183911800384,0.0931059643626213,-0.2795352339744568,0.8384942412376404,0.9999896287918092,0.47589263,0.7075303,-0.1218442693352699,0.2822087407112121,0.9999948740005492,-0.1671350598335266,0.4915790557861328,-0.2609513998031616,0.8865828514099121,0.9999167919158936,0.4908722,0.84329504,-0.0654523149132728,0.4899992942810058,0.9999498128890992,-0.1901034712791443,0.5300045609474182,-0.2523172199726105,0.7521435618400574,0.9996547698974608,-0.3211779317061176,0.4633703773840186,-0.1008471548557281,0.5854517221450806,0.9999343156814576,-0.3130538165569305,0.5700954794883728,-0.3059678077697754,0.886705756187439,0.999292492866516,-0.437513659019573,0.45756961205099,-0.1383814960718155,0.5996712446212769,0.9996318817138672,mediapipe,mediapipe,mediapipe,mediapipe,mediapipe,movenet,gpr,movenet,movenet,movenet,mediapipe,movenet,mediapipe,movenet,mediapipe,gpr,mediapipe,gpr
334,6.68,-0.1886461675167083,-0.5581580400466919,-0.1682065427303314,0.9991239309310912,0.9999701976776124,-0.0365003980696201,-0.5489281415939331,-0.1933297514915466,0.9992967247962952,0.9999327659606934,0.023960979655385,-0.3767522573471069,-0.1459179371595382,0.9998599290847778,0.9999667406082152,-0.1277091056108474,-0.4549550116062164,0.1283942312002182,0.9997984766960144,0.9999918937683104,-0.1734408885240554,-0.2547734677791595,-0.0800797715783119,0.7085679173469543,0.9998151659965516,0.48613033,0.604037,-0.0333456359803676,0.2758127450942993,0.9998283386230468,-0.1884208200939074,-0.4910721374976494,0.1633417308330536,0.4641824066638946,0.9999933242797852,0.5164264025,0.54849071,-0.2258661836385727,0.1911346316337585,0.9999982118606568,0.5634034322222222,0.6748524444444444,-0.0595182552933692,0.9999488592147828,0.9999871253967284,0.5345181422222223,0.6728891911111111,0.0630686208605766,0.9999710321426392,0.999996781349182,-0.228391483426094,0.0954816713929176,-0.2760346233844757,0.8494493365287781,0.9999847412109376,0.4747338,0.7110691,-0.1151560693979263,0.2893140316009521,0.999992847442627,-0.1612244397401809,0.5011873841285706,-0.2489158064126968,0.8951601386070251,0.9998900890350342,0.49110988,0.84304583,-0.0534489266574382,0.5073346495628357,0.9999364614486694,-0.1843524277210235,0.5410807132720947,-0.2391088157892227,0.7686993479728699,0.9995575547218324,-0.3165147579032994,0.4677847636940366,-0.0883656665682792,0.5981799960136414,0.9999158382415771,-0.3102535605430603,0.5727933049201965,-0.2877096235752105,0.8952444791793823,0.9991986155509948,-0.4360024034976959,0.4560348689556122,-0.1216702163219451,0.6159716844558716,0.9995657801628112,mediapipe,mediapipe,mediapipe,mediapipe,mediapipe,movenet,gpr,movenet,movenet,movenet,mediapipe,movenet,mediapipe,movenet,mediapipe,gpr,mediapipe,mediapipe
335,6.7,-0.1927329003810882,-0.5585883259773254,-0.181682750582695,0.9991883039474488,0.9999829530715942,-0.0443668290972709,-0.54974365234375,-0.1966850608587265,0.999345064163208,0.9999608993530272,0.0134455384686589,-0.3770064413547516,-0.1501367539167404,0.9998642802238464,0.9999756813049316,-0.1440846472978592,-0.455206423997879,0.121483489871025,0.999811351299286,0.9999927282333374,-0.1823017001152038,-0.2531621158123016,-0.0820386409759521,0.7240381836891174,0.9998077750205994,0.48347858,0.6061657,-0.0441147349774837,0.2944228947162628,0.9998131394386292,-0.1928439087289765,-0.4771155074785839,0.1612204760313034,0.4942625164985657,0.999994158744812,0.512987645,0.5482113200000001,-0.2387089282274246,0.2137273699045181,0.9999977350234984,0.5621255222222222,0.6736414566666666,-0.0592069402337074,0.9999467730522156,0.9999877214431764,0.5327060944444445,0.6722579911111111,0.0627238824963569,0.9999695420265198,0.999996781349182,-0.2253945022821426,0.110610619187355,-0.2786433100700378,0.8624528050422668,0.9999881982803344,0.4740633,0.7145015,-0.110089436173439,0.3110165596008301,0.999993085861206,-0.1543725430965423,0.5148626565933228,-0.2449161261320114,0.9043514132499696,0.9999147653579712,0.49098304,0.842584,-0.0494283251464366,0.534770131111145,0.9999510049819946,-0.1771473735570907,0.5549055933952332,-0.2341062724590301,0.7869665622711182,0.9996439218521118,-0.3146147429943084,0.4746031463146209,-0.0849705711007118,0.6175917983055115,0.9999361038208008,-0.3071461319923401,0.5814120173454285,-0.2817097902297973,0.9044047594070436,0.999338686466217,-0.4339537322521209,0.4575478434562683,-0.1096882224082946,0.6395485401153564,0.9996697902679444,mediapipe,mediapipe,mediapipe,mediapipe,mediapipe,movenet,gpr,movenet,movenet,movenet,mediapipe,movenet,mediapipe,movenet,mediapipe,mediapipe,mediapipe,mediapipe
336,6.72,-0.2064007967710495,-0.558326005935669,-0.2038645595312118,0.9992561340332032,0.9999903440475464,-0.0566645413637161,-0.5503875017166138,-0.2063377499580383,0.9993965029716492,0.9999717473983764,0.0020665035117417,-0.3773248493671417,-0.1556952595710754,0.9998669624328612,0.9999685287475586,-0.1613710969686508,-0.4552098512649536,0.1082158833742141,0.9998238682746888,0.9999932050704956,-0.1889754384756088,-0.2537197768688202,-0.0943494886159896,0.7359684109687805,0.9997346997261048,0.47817004,0.6066899,-0.0634380057454109,0.3199642598628998,0.9998120665550232,-0.1905941543161927,-0.457516689064759,0.1281464546918869,0.525609016418457,0.9999927282333374,0.5095488875,0.54793193,-0.2569593489170074,0.2516370415687561,0.9999985694885254,0.5607635888888889,0.67198269,-0.0584401413798332,0.9999423027038574,0.999980092048645,0.5309498444444444,0.6711273411111112,0.0617961697280406,0.9999670386314392,0.9999953508377076,-0.2243106216192245,0.1376387774944305,-0.2729620039463043,0.8738186955451965,0.9999796152114868,0.4732359,0.71615344,-0.1087912023067474,0.3311638236045837,0.9999895095825196,-0.1539149284362793,0.529208242893219,-0.2379889339208603,0.9127457737922668,0.999890685081482,0.49075773,0.84307116,-0.0388457439839839,0.5616650581359863,0.9999361038208008,-0.1766223758459091,0.5686150193214417,-0.2270113676786422,0.8041297793388367,0.99954491853714,-0.3136080205440521,0.4847860634326935,-0.0728008523583412,0.6370126605033875,0.99991774559021,-0.3076549172401428,0.594778835773468,-0.2713434398174286,0.91278076171875,0.999206006526947,-0.4341190755367279,0.4629376530647278,-0.1024551317095756,0.6619319319725037,0.999594509601593,mediapipe,mediapipe,mediapipe,mediapipe,mediapipe,movenet,gpr,movenet,movenet,movenet,mediapipe,movenet,mediapipe,movenet,mediapipe,mediapipe,mediapipe,mediapipe
337,6.74,-0.2175413817167282,-0.558345377445221,-0.2102442979812622,0.9993204474449158,0.999992609024048,-0.066706083714962,-0.5506200194358826,-0.2145393788814544,0.999448537826538,0.9999845027923584,-0.0141474055126309,-0.3773798048496246,-0.1649114340543747,0.9998732805252076,0.999984860420227,-0.1733260154724121,-0.4553334712982178,0.1023404151201248,0.9998342394828796,0.9999933242797852,-0.1917925029993057,-0.2517501711845398,-0.0983666628599166,0.7495675683021545,0.999847173690796,0.47430885,0.6065086,-0.0669713765382766,0.3260366022586822,0.9997377991676332,-0.1845908323822508,-0.4372009300950196,0.1273652613162994,0.5583042502403259,0.9999948740005492,0.50611013,0.54765254,-0.2637578547000885,0.2629351615905761,0.9999970197677612,0.559325638888889,0.6699574788888889,-0.058260578662157,0.9999406933784484,0.9999877214431764,0.5292280888888888,0.6696575966666667,0.0615729466080665,0.999964952468872,0.9999959468841552,-0.2177126258611679,0.163405641913414,-0.2693705558776855,0.8852576613426208,0.9999879598617554,0.47241542,0.7169872,-0.0872901454567909,0.3513952195644378,0.9999898672103882,-0.1451666802167892,0.5437214374542236,-0.2334623038768768,0.9208901524543762,0.9999169111251832,0.49062163,0.83932996,0.0114606283605098,0.5885782837867737,0.9999500513076782,-0.1682541519403457,0.582848846912384,-0.2224357277154922,0.8209813833236694,0.9996520280838012,-0.303406149148941,0.4917504787445068,-0.0194644052535295,0.6558976769447327,0.9999401569366456,-0.3036586046218872,0.608123242855072,-0.2659355998039245,0.9208380579948424,0.9994003772735596,-0.4266294240951538,0.4695175290107727,-0.0444639027118682,0.6833707690238953,0.999725878238678,mediapipe,mediapipe,mediapipe,mediapipe,mediapipe,movenet,gpr,movenet,movenet,movenet,mediapipe,movenet,mediapipe,movenet,mediapipe,mediapipe,mediapipe,mediapipe
338,6.76,-0.2276734709739685,-0.5586838722229004,-0.2029877454042434,0.9993830919265748,0.9999970197677612,-0.0745118036866188,-0.5506278872489929,-0.2222129553556442,0.9994996786117554,0.9999942779541016,-0.0263350624591112,-0.3773663938045501,-0.1761371046304702,0.9998828172683716,0.9999943971633912,-0.1685675382614135,-0.4555088877677917,0.1037046387791633,0.999847173690796,0.9999974966049194,-0.1993917375802993,-0.2491625398397445,-0.1096342578530311,0.7686244249343872,0.9999157190322876,0.47129005,0.6053113,-0.0587171055376529,0.3319509029388428,0.9998654127120972,-0.1772364980950293,-0.4194532415380557,0.1122988164424896,0.5965991020202637,0.9999977350234984,0.5040068,0.54589856,-0.256054162979126,0.2896583676338196,0.9999990463256836,0.5576401277777778,0.6674899277777777,-0.058274395763874,0.9999417066574096,0.999992847442627,0.5273352222222223,0.6676779855555556,0.0615740530192852,0.9999644160270692,0.99999737739563,-0.2113028466701507,0.1888260841369629,-0.2656971216201782,0.8962540626525879,0.9999938011169434,0.47215638,0.7177703,-0.0626679584383964,0.3760661780834198,0.9999940395355223,-0.1381575018167495,0.55882728099823,-0.232780322432518,0.928591787815094,0.9999676942825316,-0.2941538095474243,0.4729780256748199,0.0459865145385265,0.6170949339866638,0.9999775886535645,-0.1617199331521988,0.597443163394928,-0.220811977982521,0.8377761840820312,0.9998693466186525,-0.2961436212062835,0.5006806254386902,0.0160288847982883,0.6764519810676575,0.9999746084213256,-0.3000909090042114,0.6210806369781494,-0.2637878656387329,0.928498387336731,0.9997898936271667,-0.4203547239303589,0.4825034439563751,-0.0032972071785479,0.7063782811164856,0.9998927116394044,mediapipe,mediapipe,mediapipe,mediapipe,mediapipe,movenet,gpr,movenet,movenet,movenet,mediapipe,movenet,mediapipe,mediapipe,mediapipe,mediapipe,mediapipe,mediapipe
339,6.78,-0.228147491812706,-0.5625869631767273,-0.2096115797758102,0.9994409680366516,0.9999980926513672,-0.0760549828410148,-0.5508486032485962,-0.2337356060743332,0.9995466470718384,0.9999957084655762,-0.0327290520071983,-0.377154529094696,-0.1873450875282287,0.9998914003372192,0.9999943971633912,-0.1698288917541504,-0.455564945936203,0.09239212423563,0.999859094619751,0.999997854232788,-0.2053123265504837,-0.2467001974582672,-0.1194391176104545,0.7865090370178223,0.9999048709869384,0.46793127,0.6024621,-0.0694879740476608,0.3406687080860138,0.9998821020126344,-0.1726812869310379,-0.4041257202625274,0.1018714159727096,0.6307286024093628,0.9999964237213136,0.50044227,0.5441294,-0.2633498311042785,0.3165540993213653,0.999998927116394,0.5557551511111112,0.6647535000000001,-0.0581398829817771,0.9999424815177916,0.9999918937683104,0.5253213555555556,0.6653313644444444,0.0613559819757938,0.9999639391899108,0.9999971389770508,-0.1922769844532013,0.2085737287998199,-0.2631855010986328,0.9063504934310912,0.9999929666519164,0.4724829,0.71868265,-0.0507675856351852,0.4037039279937744,0.9999935626983644,-0.1185149326920509,0.5706371665000916,-0.2320529669523239,0.9356114864349364,0.9999639987945556,-0.2838714122772217,0.4847235083580017,0.0712175294756889,0.6463143825531006,0.999975323677063,-0.1423822045326233,0.6089209914207458,-0.2195786982774734,0.8532251715660095,0.9998526573181152,-0.2867104411125183,0.5130652189254761,0.0427390672266483,0.6978901028633118,0.9999713897705078,-0.2792769074440002,0.6317440271377563,-0.2611353695392608,0.9354730248451232,0.9997759461402892,-0.414377897977829,0.4981214702129364,0.0273300893604755,0.7288624048233032,0.9998868703842164,mediapipe,mediapipe,mediapipe,mediapipe,mediapipe,movenet,mediapipe,movenet,movenet,movenet,mediapipe,movenet,mediapipe,mediapipe,mediapipe,mediapipe,mediapipe,mediapipe
340,6.8,-0.2295329421758651,-0.5692654252052307,-0.2082848846912384,0.9994924068450928,0.99999737739563,-0.0740491673350334,-0.5527941584587097,-0.2415512800216674,0.9995890855789183,0.9999953508377076,-0.0274908021092414,-0.377296507358551,-0.1939724087715149,0.9998997449874878,0.9999958276748656,-0.1665300875902176,-0.4589725434780121,0.0907904133200645,0.9998700618743896,0.9999977350234984,-0.1948833167552948,-0.2452268451452255,-0.1338608711957931,0.8052899241447449,0.9999227523803712,0.46611813,0.60106486,-0.0677211508154869,0.3527865707874298,0.9998792409896852,-0.1612291485071182,-0.40168297290802,0.0744134113192558,0.6648179888725281,0.999997854232788,0.4957825849999999,0.5425166349999999,-0.2611540853977203,0.3426164984703064,0.9999988079071044,0.5537878177777777,0.6619317222222223,-0.0579928234219551,0.9999449849128724,0.9999945163726808,0.5233132411111111,0.66275837,0.0610831677913665,0.999964714050293,0.999997615814209,-0.1802123039960861,0.2139758914709091,-0.2625442147254944,0.915617287158966,0.9999969005584716,0.47004378,0.7203568,-0.0495140515267849,0.4485537409782409,0.9999966621398926,-0.0912059843540191,0.571753740310669,-0.228911355137825,0.9420061707496644,0.9999840259552002,-0.2670957148075104,0.49873748421669,0.0763050988316536,0.6783798933029175,0.9999868869781494,-0.1133438274264335,0.6094210147857666,-0.2154408097267151,0.8675397038459778,0.999933123588562,-0.2703437209129333,0.528247058391571,0.0482130162417888,0.7231084704399109,0.9999843835830688,-0.245176076889038,0.6349783539772034,-0.2601929903030395,0.9418571591377258,0.9998866319656372,-0.4002160131931305,0.5187044143676758,0.0319501496851444,0.7534400820732117,0.9999322891235352,mediapipe,mediapipe,mediapipe,mediapipe,mediapipe,movenet,mediapipe,movenet,movenet,movenet,mediapipe,movenet,mediapipe,mediapipe,mediapipe,mediapipe,mediapipe,mediapipe
341,6.82,-0.2550679743289947,-0.5697336196899414,-0.2246422916650772,0.9995413422584534,0.9999983310699464,-0.0919286608695983,-0.5508677363395691,-0.2629411518573761,0.9996289014816284,0.9999964237213136,-0.0459171123802661,-0.3720325827598572,-0.2097773402929306,0.9999077320098876,0.999996542930603,-0.1834514290094375,-0.4590024352073669,0.0813065022230148,0.9998810291290284,0.9999988079071044,-0.2016692757606506,-0.2312289029359817,-0.1429601013660431,0.8229499459266663,0.9999032020568848,0.4624277,0.59815496,-0.0731122195720672,0.3695435225963592,0.999903440475464,-0.1608198136091232,-0.3921264111995697,0.0690051168203353,0.6967145800590515,0.9999983310699464,0.4911229,0.54090387,-0.2643540501594543,0.3817046284675598,0.9999991655349731,0.5518473781481481,0.658846862962963,-0.0580282360315322,0.999946117401123,0.9999911785125732,0.5215422966666667,0.6598036366666666,0.0610873363912105,0.999964952468872,0.9999972581863404,-0.185743436217308,0.2428567111492157,-0.2401253134012222,0.9239462614059448,0.9999920129776,0.4696007366666667,0.72223771,-0.0379477255046367,0.4875922799110412,0.9999934434890748,-0.0957339033484458,0.593886137008667,-0.1784731298685073,0.9477613568305968,0.9999661445617676,-0.2706072926521301,0.5210206508636475,0.1039058119058609,0.7070591449737549,0.9999790191650392,-0.1175958439707756,0.6313011050224304,-0.1635584682226181,0.8803972601890564,0.999869465827942,-0.2740195095539093,0.5503020882606506,0.0777440294623375,0.7458046674728394,0.9999771118164062,-0.2492670267820358,0.6591240167617798,-0.2048720717430114,0.947603166103363,0.9998096823692322,-0.4038940370082855,0.5441067218780518,0.0675146654248237,0.7755047082901001,0.9998986721038818,mediapipe,mediapipe,mediapipe,mediapipe,mediapipe,movenet,mediapipe,movenet,movenet,movenet,mediapipe,movenet,mediapipe,mediapipe,mediapipe,mediapipe,mediapipe,mediapipe
342,6.84,-0.248299092054367,-0.5694504976272583,-0.2487343698740005,0.999586284160614,0.9999992847442628,-0.081057958304882,-0.5504345893859863,-0.2783225476741791,0.9996652603149414,0.9999983310699464,-0.0391421467065811,-0.370841920375824,-0.2197106033563614,0.9999153017997742,0.99999737739563,-0.1851003915071487,-0.4598021507263183,0.068465918302536,0.9998913407325744,0.9999990463256836,-0.1981239765882492,-0.2311776727437973,-0.154842659831047,0.8393725156784058,0.9999473094940186,0.4602284,0.5950316,-0.0823429301381111,0.392973929643631,0.9999158382415771,-0.1586491018533706,-0.3906686305999756,0.0416842177510261,0.7262777090072632,0.9999984502792358,0.48833275,0.5364675,-0.279883325099945,0.4286274015903473,0.9999994039535522,0.5499805766666667,0.6553580588888889,-0.0579777769744396,0.9999477863311768,0.9999927282333374,0.5197849855555556,0.6565038633333332,0.0609722845256328,0.9999653697013856,0.9999972581863404,-0.1834718585014343,0.2544175684452057,-0.234311044216156,0.9314735531806946,0.9999932050704956,0.4691576933333333,0.7241186199999999,-0.0334743708372116,0.5262401700019836,0.9999934434890748,-0.081496350467205,0.6024256348609924,-0.1749219596385955,0.9529603123664856,0.9999669790267944,-0.2626116573810577,0.5221027135848999,0.106203556060791,0.734041154384613,0.999980092048645,-0.1019617468118667,0.6407682299613953,-0.1609555780887603,0.8921323418617249,0.99986469745636,-0.2660082280635834,0.5512099862098694,0.0797192007303237,0.7676159739494324,0.9999772310256958,-0.2351537644863128,0.6714803576469421,-0.2040122896432876,0.95280522108078,0.9997954964637756,-0.3955068290233612,0.5473691821098328,0.0679094344377517,0.7961772680282593,0.9998983144760132,mediapipe,mediapipe,mediapipe,mediapipe,mediapipe,movenet,mediapipe,movenet,movenet,movenet,mediapipe,movenet,mediapipe,mediapipe,mediapipe,mediapipe,mediapipe,mediapipe
343,6.86,-0.2633250057697296,-0.5692532062530518,-0.2333080470561981,0.9996272921562196,0.9999996423721312,-0.0976193249225616,-0.5486437678337097,-0.2699814438819885,0.9996984004974364,0.9999990463256836,-0.0574942827224731,-0.3700083792209625,-0.2154520153999328,0.9999227523803712,0.9999986886978148,-0.1886600852012634,-0.4592340290546417,0.07879438996315,0.9999012351036072,0.9999996423721312,-0.2016154825687408,-0.2269115447998047,-0.1519332528114318,0.8544477224349976,0.999944806098938,0.4601282,0.58971953,-0.0750081315636634,0.4036455750465393,0.9999567270278932,-0.1648064106702804,-0.3876626789569855,0.054273284971714,0.7528045773506165,0.999998927116394,0.48621923,0.5313207,-0.2745996713638305,0.4705540835857391,0.9999997615814208,0.5483480466666666,0.6514642222222222,-0.0591114647686481,0.999950110912323,0.9999947547912598,0.518245218888889,0.6526810066666666,0.0618653558194637,0.9999668598175048,0.9999986886978148,-0.1887468844652176,0.2802242934703827,-0.1861892789602279,0.9382484555244446,0.9999945163726808,0.46871465,0.72599953,-0.0194002948701381,0.5613356828689575,0.9999966621398926,-0.0876388847827911,0.618828535079956,-0.1402596682310104,0.9576472043991088,0.9999713897705078,-0.2569082379341125,0.5415646433830261,0.110323965549469,0.7587406635284424,0.999990463256836,-0.1082362681627273,0.6571437120437622,-0.1277190297842025,0.9027528762817384,0.999887228012085,-0.260707676410675,0.5709285736083984,0.0824866071343422,0.7883356809616089,0.999988317489624,-0.2434516847133636,0.6848681569099426,-0.1687269210815429,0.9574977159500122,0.9998422861099244,-0.3947454988956451,0.5712546706199646,0.0718793645501136,0.8151683807373047,0.9999402761459352,mediapipe,mediapipe,mediapipe,mediapipe,mediapipe,movenet,mediapipe,movenet,movenet,movenet,mediapipe,movenet,mediapipe,mediapipe,mediapipe,mediapipe,mediapipe,mediapipe
344,6.88,-0.2570875585079193,-0.5691556930541992,-0.2557327449321747,0.9996641278266908,0.9999995231628418,-0.0887831673026084,-0.5485633611679077,-0.2819944322109222,0.9997281432151794,0.9999986886978148,-0.0499064214527606,-0.3698241412639618,-0.2204929888248443,0.999929130077362,0.9999980926513672,-0.1907318383455276,-0.4595275819301605,0.0710093230009079,0.9999096989631652,0.9999992847442628,-0.2004506289958953,-0.2266480326652526,-0.1545145958662033,0.8679847121238708,0.9999514818191528,0.4575869,0.5823576,-0.0805188491940498,0.4163733124732971,0.9999250173568726,-0.1642409116029739,-0.389211893081665,0.0496815666556358,0.7768498063087463,0.9999990463256836,0.4855034,0.5242739,-0.2751556634902954,0.5074090361595154,0.9999996423721312,0.5465468066666667,0.6472254488888889,-0.0591627173125743,0.9999517798423768,0.9999940395355223,0.5165344333333333,0.6486687011111111,0.0618713982403278,0.9999675750732422,0.9999979734420776,-0.1858447641134262,0.2949180901050567,-0.1701524555683136,0.9443082809448242,0.999992847442627,0.46714875,0.72867745,-0.006847299169749,0.5882963538169861,0.9999938011169434,-0.0769040957093238,0.6243117451667786,-0.1220541223883628,0.9618614315986632,0.9999713897705078,-0.2463712692260742,0.5524178147315979,0.128925621509552,0.7806695103645325,0.9999862909317015,-0.0970041900873184,0.6621721982955933,-0.1098565235733985,0.9122847318649292,0.999886155128479,-0.2498966604471206,0.5815245509147644,0.101380854845047,0.8063668012619019,0.9999837875366212,-0.2330185770988464,0.6906516551971436,-0.1498641520738601,0.9617162942886353,0.9998290538787842,-0.3865978121757507,0.5815629363059998,0.0898064970970153,0.8320022821426392,0.99992036819458,mediapipe,mediapipe,mediapipe,mediapipe,mediapipe,movenet,mediapipe,movenet,movenet,movenet,mediapipe,movenet,mediapipe,mediapipe,mediapipe,mediapipe,mediapipe,mediapipe
345,6.9,-0.2574659883975982,-0.5679965615272522,-0.259032666683197,0.9996972680091858,0.9999995231628418,-0.0890571102499961,-0.5485149621963501,-0.2790473103523254,0.9997549653053284,0.9999985694885254,-0.0481561981141567,-0.3697668313980102,-0.2170052975416183,0.9999348521232604,0.999997854232788,-0.1969742178916931,-0.4596613049507141,0.0715901479125022,0.9999172687530518,0.9999991655349731,-0.2003397345542907,-0.22332863509655,-0.1503439098596573,0.8800102472305298,0.9999470710754396,0.45534268,0.5772218,-0.0809580311179161,0.4319152534008026,0.9999222755432128,-0.1648633182048797,-0.3890145719051361,0.0570843629539012,0.7983999252319336,0.9999990463256836,0.48332542,0.5178003,-0.2760348618030548,0.5392308235168457,0.9999995231628418,0.5448742288888889,0.6426768088888889,-0.0591926015913486,0.9999526739120485,0.9999927282333374,0.5148882055555555,0.6442942455555555,0.0618718974292278,0.9999678134918212,0.999997615814209,-0.187714010477066,0.2974146604537964,-0.1659914404153823,0.9497383236885072,0.9999921321868896,-0.3209632337093353,0.1788703352212906,-0.0052600488997995,0.6128895282745361,0.999992847442627,-0.0736881867051124,0.6270071268081665,-0.1195427551865577,0.9656477570533752,0.9999669790267944,-0.2408048808574676,0.5623706579208374,0.1345358788967132,0.7998045682907104,0.9999843835830688,-0.0929879918694496,0.664838433265686,-0.1074500903487205,0.9207981824874878,0.9998654127120972,-0.2434480637311935,0.5907071232795715,0.1076047271490097,0.8218470811843872,0.9999818801879884,-0.2299296110868454,0.6956285238265991,-0.1474930793046951,0.9655049443244934,0.9997918009757996,-0.3788763582706451,0.5925989747047424,0.0967737957835197,0.8467786908149719,0.9999110698699952,mediapipe,mediapipe,mediapipe,mediapipe,mediapipe,movenet,mediapipe,movenet,movenet,movenet,mediapipe,mediapipe,mediapipe,mediapipe,mediapipe,mediapipe,mediapipe,mediapipe
346,6.92,-0.2503255307674408,-0.5679123997688293,-0.2753536105155945,0.9997272491455078,0.9999995231628418,-0.0843649432063102,-0.5485031008720398,-0.2797923684120178,0.999779224395752,0.9999988079071044,-0.0434216484427452,-0.3693247437477112,-0.2164639234542846,0.9999399781227112,0.999997854232788,-0.2015952914953231,-0.460138738155365,0.0673761889338493,0.9999241232872008,0.9999992847442628,-0.1964758336544037,-0.2201132178306579,-0.148271307349205,0.8902356028556824,0.9999414682388306,0.45521718,0.5706854,-0.088039644062519,0.4445993304252624,0.999919295310974,-0.1628677397966385,-0.3891408741474151,0.058300606906414,0.8172735571861267,0.9999988079071044,0.48225707,0.50839436,-0.2902771830558777,0.559287965297699,0.9999991655349731,0.5431995733333334,0.6379132533333334,-0.0592225342988967,0.9999538660049438,0.9999948740005492,0.5132569988888889,0.63969373,0.0618970766663551,0.9999685883522034,0.9999984502792358,-0.1852056980133056,0.319061815738678,-0.1519215106964111,0.954495131969452,0.999991536140442,-0.3155474662780761,0.1953012198209762,-0.0030226886738091,0.6309758424758911,0.9999939203262328,-0.0739697962999343,0.63857501745224,-0.0771796628832817,0.9690023064613342,0.9999611377716064,-0.2301575541496276,0.5726169943809509,0.1563439518213272,0.8144640326499939,0.999987006187439,-0.0933348312973976,0.6753341555595398,-0.0613274052739143,0.928043007850647,0.9998552799224854,-0.2315303087234497,0.6000078916549683,0.1318563520908355,0.8327797055244446,0.999984860420227,-0.2317506819963455,0.7060448527336121,-0.0965358316898346,0.9688514471054076,0.9997825026512146,-0.3648314774036407,0.6031595468521118,0.1228743940591812,0.8585039973258972,0.9999194145202636,mediapipe,mediapipe,mediapipe,mediapipe,mediapipe,movenet,mediapipe,movenet,movenet,movenet,mediapipe,mediapipe,mediapipe,mediapipe,mediapipe,mediapipe,mediapipe,mediapipe
347,6.94,-0.2461258322000503,-0.5673994421958923,-0.2878708243370056,0.9997541308403016,0.9999992847442628,-0.0806122422218322,-0.5490782856941223,-0.2742177844047546,0.9998008608818054,0.999997615814209,-0.0411076433956623,-0.3695681691169739,-0.210954874753952,0.9999439120292664,0.9999953508377076,-0.207684576511383,-0.4633155167102813,0.0679620578885078,0.999929130077362,0.9999979734420776,-0.1958743333816528,-0.2223515510559082,-0.1462567746639251,0.8987369537353516,0.9999159574508668,0.4550646,0.5638095,-0.091244526207447,0.4562863707542419,0.9998538494110109,-0.1640425324440002,-0.390271931886673,0.0470649302005767,0.8341100811958313,0.9999982118606568,0.4818939881818181,0.4992358054545455,-0.3046053647994995,0.572358250617981,0.9999983310699464,0.5415446133333333,0.6326718488888888,-0.059256087988615,0.9999539852142334,0.9999924898147584,0.5116684988888889,0.6347679744444444,0.0619313903152942,0.9999683499336244,0.9999974966049194,-0.1809518635272979,0.3257898986339569,-0.1522610932588577,0.9586142897605896,0.9999889135360718,-0.3070940673351288,0.216626763343811,-0.0016338794957846,0.6433746218681335,0.999990940093994,-0.0669412836432457,0.6454631090164185,-0.0803645625710487,0.9719732403755188,0.9999585151672364,-0.2179851084947586,0.591270387172699,0.1597404927015304,0.8263867497444153,0.9999810457229614,-0.0851676911115646,0.6820348501205444,-0.0648199021816253,0.93416827917099,0.9998317956924438,-0.2184191942214965,0.6183174848556519,0.1348420828580856,0.8405164480209351,0.9999773502349854,-0.2235551923513412,0.7142402529716492,-0.1007152497768402,0.9718111753463744,0.9997124075889589,-0.354828268289566,0.6202394962310791,0.1244384571909904,0.8682431578636169,0.999874234199524,mediapipe,mediapipe,mediapipe,mediapipe,mediapipe,movenet,mediapipe,movenet,movenet,movenet,mediapipe,mediapipe,mediapipe,mediapipe,mediapipe,mediapipe,mediapipe,mediapipe
348,6.96,-0.2466839551925659,-0.5673083662986755,-0.2720266878604889,0.999777853488922,0.9999984502792358,-0.0841591507196426,-0.5507639050483704,-0.2708643078804016,0.999819815158844,0.9999949932098388,-0.0428122468292713,-0.3710874915122986,-0.2099996358156204,0.9999464750289916,0.9999929666519164,-0.2115707993507385,-0.4639172852039337,0.0711114481091499,0.9999327659606934,0.99999737739563,-0.1945335566997528,-0.2240883558988571,-0.142262801527977,0.9031981825828552,0.9998767375946044,0.45369384,0.5561943,-0.0861725732684135,0.4526365399360657,0.9998481273651124,-0.1632128953933715,-0.3929350972175598,0.0536167509853839,0.8458918929100037,0.9999969005584716,0.4815309063636364,0.4900772509090909,-0.2997435927391052,0.5661168098449707,0.999997854232788,0.5398712655555555,0.62684593,-0.0593558959662914,0.9999533891677856,0.9999918937683104,0.5102252488888889,0.6290939233333334,0.0620551221072673,0.9999679327011108,0.9999977350234984,-0.1740875393152237,0.3372922539710998,-0.1545288860797882,0.9619339108467102,0.9999849796295166,-0.302465558052063,0.2400281280279159,-0.0026077507063746,0.6400080919265747,0.99998939037323,-0.0639585927128791,0.6616089344024658,-0.0956294983625412,0.9745612740516664,0.9999347925186156,-0.2112971991300583,0.6067479252815247,0.1519080698490142,0.8313962817192078,0.9999781847000122,-0.0829346477985382,0.6986073851585388,-0.0815883725881576,0.9391777515411376,0.999743402004242,-0.2111560702323913,0.6332229971885681,0.1258700937032699,0.8427122831344604,0.999974489212036,-0.2238376289606094,0.7294530868530273,-0.1216471344232559,0.9743764400482178,0.9995961785316468,-0.3459287285804748,0.6344229578971863,0.1109387055039405,0.8734508156776428,0.9998745918273926,mediapipe,mediapipe,mediapipe,mediapipe,mediapipe,movenet,mediapipe,movenet,movenet,movenet,mediapipe,mediapipe,mediapipe,mediapipe,mediapipe,mediapipe,mediapipe,mediapipe
349,6.98,-0.2442620694637298,-0.5677384734153748,-0.2728475332260132,0.9997977614402772,0.9999970197677612,-0.0854100883007049,-0.5536351799964905,-0.2656490504741668,0.9998353719711304,0.9999896287918092,-0.0416138581931591,-0.373834878206253,-0.2067386656999588,0.9999464154243468,0.9999849796295166,-0.2140881419181823,-0.4650660157203674,0.0670470222830772,0.9999353289604188,0.9999961853027344,-0.1939247548580169,-0.2248274832963943,-0.1406643390655517,0.8990033864974976,0.9997997879981996,0.45483455,0.54728305,-0.1045256778597831,0.4570912420749664,0.9998366832733154,-0.163322702050209,-0.3935352265834808,0.0617878586053848,0.848537266254425,0.999992847442627,0.4811678245454545,0.4809186963636364,-0.317548543214798,0.5713426470756531,0.9999986886978148,0.5382392511111111,0.6203102633333334,-0.0588383413851261,0.9999516010284424,0.999990701675415,0.5088378188888889,0.6226657488888888,0.0615868903696537,0.9999672174453736,0.9999977350234984,-0.1468228101730346,0.355957567691803,-0.1437366604804992,0.9638780355453492,0.9999775886535645,-0.2867929637432098,0.252062976360321,-0.0036564744077622,0.6269932389259338,0.99998939037323,-0.0599157698452472,0.6787789463996887,-0.0871982648968696,0.9767426252365112,0.9999359846115112,-0.2094838470220565,0.6199114322662354,0.1570610553026199,0.833228349685669,0.9999799728393556,-0.0812861770391464,0.7161251902580261,-0.0739307552576065,0.9427528977394104,0.9997559189796448,-0.2110691517591476,0.647176206111908,0.1321510523557663,0.8423067331314087,0.9999758005142212,-0.2214483320713043,0.7506710886955261,-0.1201336085796356,0.9764987230300904,0.9996095299720764,-0.3471110165119171,0.6504998803138733,0.1134898960590362,0.8759645223617554,0.9998713731765748,mediapipe,mediapipe,mediapipe,mediapipe,mediapipe,movenet,mediapipe,movenet,movenet,movenet,mediapipe,mediapipe,mediapipe,mediapipe,mediapipe,mediapipe,mediapipe,mediapipe
350,7.0,-0.2420664727687835,-0.5676556825637817,-0.2752071619033813,0.9998167753219604,0.9999984502792358,-0.0836120471358299,-0.5548986196517944,-0.2621107697486877,0.9998503923416138,0.9999935626983644,-0.0410958603024482,-0.3748691976070404,-0.2060263305902481,0.9999470114707948,0.999986171722412,-0.2134105861186981,-0.4671491682529449,0.0680555254220962,0.9999383091926576,0.999996781349182,-0.1947728991508484,-0.2256118208169937,-0.1402470171451568,0.898377001285553,0.9998213648796082,0.4542006,0.5382799,-0.1060991957783699,0.4649842083454132,0.9998691082000732,-0.1642507314682006,-0.3929783999919891,0.0672485381364822,0.8552006483078003,0.9999942779541016,0.4808047427272727,0.4717601418181818,-0.3184973895549774,0.5872405171394348,0.9999991655349731,0.5366607811111112,0.6133899011111111,-0.0586571395397186,0.9999491572380066,0.9999887943267822,0.507437818888889,0.6157843155555555,0.0614256896078586,0.9999662041664124,0.99999737739563,-0.1403495669364929,0.3617995381355285,-0.1415116935968399,0.9655073285102844,0.9999693632125854,-0.2830908596515655,0.2547743320465088,-0.0065994262695312,0.6143231391906738,0.9999858140945436,-0.0554165430366992,0.6904233694076538,-0.0932444408535957,0.9787079691886902,0.9999138116836548,-0.2037564665079116,0.6281291246414185,0.148276075720787,0.833605170249939,0.9999747276306152,-0.0772703066468238,0.7283172607421875,-0.0807908028364181,0.9462249279022216,0.9996601343154908,-0.2051028460264206,0.6557466387748718,0.1225803792476654,0.8418552279472351,0.999968409538269,-0.2184221595525741,0.762367308139801,-0.1274082362651825,0.9784459471702576,0.9994669556617736,-0.3427564799785614,0.6592737436294556,0.1034700274467468,0.8779600858688354,0.9998325109481812,mediapipe,mediapipe,mediapipe,mediapipe,mediapipe,movenet,mediapipe,movenet,movenet,movenet,mediapipe,mediapipe,mediapipe,mediapipe,mediapipe,mediapipe,mediapipe,mediapipe
351,7.02,-0.239901527762413,-0.5709559917449951,-0.2716545760631561,0.999833643436432,0.999997854232788,-0.0814563557505607,-0.5619320273399353,-0.2507412731647491,0.9998639225959778,0.9999929666519164,-0.038581483066082,-0.3801585137844085,-0.1961671859025955,0.9999477863311768,0.9999880790710448,-0.2059921622276306,-0.4732231199741363,0.0743587613105773,0.9999402761459352,0.999996304512024,-0.1939271688461303,-0.2301364243030548,-0.1301789134740829,0.8977277874946594,0.999859094619751,0.45621794,0.5293065,-0.1047222018241882,0.4668019711971283,0.999869465827942,-0.1631205677986145,-0.3932865560054779,0.0809941887855529,0.857647180557251,0.9999938011169434,0.4804416609090909,0.4626015872727272,-0.3102303743362427,0.5867772102355957,0.9999985694885254,0.5350912099999999,0.6059373311111111,-0.0586664825677871,0.9999499917030334,0.9999936819076538,0.5060286077777777,0.6085002311111112,0.0614484623074531,0.9999668598175048,0.9999983310699464,-0.1236389055848121,0.3754009902477264,-0.1401990056037902,0.967516541481018,0.9999804496765136,-0.2745482623577118,0.2690998613834381,-0.0059461714699864,0.6114348769187927,0.999990701675415,-0.0465125143527984,0.7038171291351318,-0.0959507972002029,0.9805392622947692,0.9999200105667114,-0.1834108680486679,0.6471555233001709,0.1468235850334167,0.836451530456543,0.9999781847000122,-0.0699447840452194,0.7417863011360168,-0.0841181427240371,0.9494908452033995,0.9996752738952636,-0.1830450147390365,0.6757358908653259,0.1202613934874534,0.8437312245368958,0.9999712705612184,-0.2131252884864807,0.7725749015808105,-0.1316005885601043,0.9802273511886596,0.9994592070579528,-0.3236662745475769,0.6813503503799438,0.100685253739357,0.881157636642456,0.9998455047607422,mediapipe,mediapipe,mediapipe,mediapipe,mediapipe,movenet,mediapipe,movenet,movenet,movenet,mediapipe,mediapipe,mediapipe,mediapipe,mediapipe,mediapipe,mediapipe,mediapipe
352,7.04,-0.2383772432804107,-0.580773115158081,-0.2347668409347534,0.9998441338539124,0.9999890327453612,-0.0808348432183265,-0.5678931474685669,-0.2336093932390213,0.9998735785484314,0.999980092048645,-0.0372370742261409,-0.3860409557819366,-0.188727930188179,0.9999488592147828,0.9999898672103882,-0.2025498151779174,-0.4792830944061279,0.0944765508174896,0.9999396800994872,0.9999935626983644,-0.1936131566762924,-0.2387344390153885,-0.1237267181277275,0.8989951014518738,0.9998956918716432,0.45640954,0.5204608,-0.0853641778230667,0.4590755105018616,0.9998552799224854,-0.1622424125671386,-0.3957838416099548,0.0942007973790168,0.8587231636047363,0.9999953508377076,0.4800785790909091,0.4534430327272727,-0.307084709405899,0.5617944002151489,0.999996542930603,0.5334507166666668,0.5987034855555556,-0.0590340122580528,0.9999523758888244,0.9999964237213136,0.504518888888889,0.6014530922222223,0.0618990287184715,0.9999682307243348,0.999998927116394,-0.1030109524726867,0.3951902091503143,-0.1351362019777298,0.9696506261825562,0.9999908208847046,-0.2549518346786499,0.2869274020195007,-0.0008115942473523,0.6110277771949768,0.9999948740005492,-0.0394101031124591,0.7327907681465149,-0.091271087527275,0.9822369813919068,0.999951958656311,-0.1635886877775192,0.673016369342804,0.1505069136619568,0.8400004506111145,0.9999858140945436,-0.0648777931928634,0.7705563902854919,-0.0802575051784515,0.9522193670272828,0.999798595905304,-0.1628663688898086,0.7033104300498962,0.1230388358235359,0.8453909754753113,0.999980926513672,-0.2079504132270813,0.7955309748649597,-0.1333726495504379,0.9818583130836488,0.9996600151062012,-0.3052844405174255,0.7068584561347961,0.1001756191253662,0.8853778839111328,0.9998990297317504,mediapipe,mediapipe,mediapipe,mediapipe,mediapipe,movenet,mediapipe,movenet,movenet,movenet,mediapipe,mediapipe,mediapipe,mediapipe,mediapipe,mediapipe,mediapipe,mediapipe
353,7.06,-0.2265597283840179,-0.5906745195388794,-0.1851010769605636,0.9998436570167542,0.9999710321426392,-0.0798948854207992,-0.5783295035362244,-0.1987482458353042,0.9998773336410522,0.9999607801437378,-0.0260658040642738,-0.40041384100914,-0.1684105396270752,0.9999494552612304,0.9999873638153076,-0.1891258358955383,-0.4876593053340912,0.1248125880956649,0.999935269355774,0.99998676776886,-0.1721913963556289,-0.264556884765625,-0.1065478846430778,0.9005546569824219,0.9999141693115234,0.455151,0.51173854,-0.0493891760706901,0.4459468424320221,0.9998390674591064,-0.1557256877422332,-0.4046818912029266,0.1225653961300849,0.8562737107276917,0.9999945163726808,0.4797154972727273,0.4442844781818182,-0.2844592034816742,0.5310754776000977,0.9999938011169434,0.5319665611111111,0.5913885077777778,-0.0596193298697471,0.9999536871910096,0.9999948740005492,0.5031817044444444,0.5942599966666667,0.0625729411840438,0.9999685883522034,0.9999980926513672,-0.0883266851305961,0.4040452539920807,-0.132049098610878,0.9701049327850342,0.9999855756759644,0.46818277,0.7199732,0.0074208690784871,0.5904083847999573,0.9999910593032836,-0.0280928872525692,0.7481083273887634,-0.0862964242696762,0.9833121299743652,0.9998968839645386,-0.1327148675918579,0.6939073801040649,0.1572085618972778,0.8307297825813293,0.999969244003296,-0.0545423291623592,0.7861236333847046,-0.0759898722171783,0.9516462087631226,0.999573528766632,-0.1312061697244644,0.7251426577568054,0.128679409623146,0.8377248048782349,0.9999570846557616,-0.1984489560127258,0.806203305721283,-0.1338625848293304,0.9827405214309692,0.9994139671325684,-0.2738561630249023,0.7243271470069885,0.1017125099897384,0.8817024827003479,0.999827206134796,mediapipe,mediapipe,mediapipe,mediapipe,mediapipe,movenet,mediapipe,movenet,movenet,movenet,mediapipe,movenet,mediapipe,mediapipe,mediapipe,mediapipe,mediapipe,mediapipe
354,7.08,-0.2193332314491272,-0.5966165661811829,-0.1657420247793197,0.9998399019241332,0.9999635219573976,-0.0786392167210578,-0.5845167636871338,-0.1824957579374313,0.9998783469200134,0.9999490976333618,-0.0214967746287584,-0.4084745049476623,-0.1574624478816986,0.9999496936798096,0.9999860525131226,-0.1791614741086959,-0.495314747095108,0.1436821222305297,0.9999308586120604,0.9999854564666748,-0.1663172394037246,-0.2789386808872223,-0.095604583621025,0.9022126793861388,0.9999064207077026,0.45699462,0.5034949,-0.0227636937052011,0.430911123752594,0.9998401403427124,-0.1556167006492614,-0.4105779528617859,0.1423337459564209,0.8534302115440369,0.9999938011169434,0.4793524154545455,0.4351259236363636,-0.2604885995388031,0.5063216090202332,0.9999942779541016,0.5303767833333333,0.58420483,-0.0606791600584983,0.999954342842102,0.9999939203262328,0.5017741900000001,0.5870656411111111,0.0637442246079444,0.9999685287475586,0.999997854232788,-0.0912945643067359,0.3997071087360382,-0.1297835856676101,0.970189332962036,0.999984622001648,0.47019672,0.7203592,0.0177910644561052,0.5696831345558167,0.999992609024048,-0.0216426122933626,0.7517246007919312,-0.0857992395758628,0.98415869474411,0.9999209642410278,-0.1250773817300796,0.7088636755943298,0.1549416631460189,0.8271609544754028,0.999972939491272,-0.0469672195613384,0.7900729179382324,-0.0762004181742668,0.9502024054527284,0.9996812343597412,-0.1256764531135559,0.7423043847084045,0.1251812428236007,0.833287239074707,0.9999607801437378,-0.1942583620548248,0.8155149817466736,-0.1355778574943542,0.983486533164978,0.9995577931404114,-0.2687385082244873,0.7361559271812439,0.0973280891776084,0.8820018172264099,0.9998369216918944,mediapipe,mediapipe,mediapipe,mediapipe,mediapipe,movenet,mediapipe,movenet,movenet,movenet,mediapipe,movenet,mediapipe,mediapipe,mediapipe,mediapipe,mediapipe,mediapipe
355,7.1,-0.2095136195421219,-0.598188579082489,-0.1506071835756302,0.9998219013214112,0.9999436140060424,-0.0726854056119918,-0.5904179811477661,-0.1649894416332245,0.9998721480369568,0.999932050704956,-0.012961683794856,-0.4175450503826141,-0.1416910141706466,0.9999489188194276,0.9999827146530152,-0.167958378791809,-0.5000753402709961,0.1585446447134018,0.9999222755432128,0.9999752044677734,-0.1598062515258789,-0.2917242348194122,-0.0810988023877143,0.899420440196991,0.9999022483825684,0.45519322,0.4935409,-0.0014896045904606,0.4150095582008362,0.9997797608375548,-0.1554759889841079,-0.4127552211284637,0.1641709506511688,0.8411335945129395,0.9999910593032836,0.4789893336363636,0.4259673690909091,-0.2313028573989868,0.4800474643707275,0.9999927282333374,0.528713831111111,0.5772068522222222,-0.0609303079545497,0.9999552369117736,0.9999947547912598,0.5002447911111112,0.5800154788888888,0.064093604683876,0.9999685287475586,0.999997854232788,-0.0801468193531036,0.3990089297294616,-0.1251999586820602,0.9689472913742064,0.999983549118042,0.47302866,0.719072,0.025486622005701,0.5501614809036255,0.9999921321868896,-0.0129239857196807,0.7548976540565491,-0.0801224112510681,0.9845923185348512,0.9999232292175292,-0.1201506033539772,0.723545253276825,0.1576846837997436,0.8218845725059509,0.9999698400497437,-0.0385061763226985,0.7939327359199524,-0.0708891078829765,0.9461890459060668,0.9996920824050904,-0.1220993772149086,0.757395327091217,0.1271764636039734,0.8250341415405273,0.9999558925628662,-0.1844763606786728,0.823907196521759,-0.1326086223125457,0.9837697744369508,0.9995469450950624,-0.2613264322280884,0.750616192817688,0.0955745428800582,0.8805080056190491,0.9998148083686828,mediapipe,mediapipe,mediapipe,mediapipe,mediapipe,movenet,mediapipe,movenet,movenet,movenet,mediapipe,movenet,mediapipe,mediapipe,mediapipe,mediapipe,mediapipe,mediapipe
356,7.12,-0.1949210911989212,-0.5994070172309875,-0.1558319330215454,0.9998169541358948,0.999963879585266,-0.0595035217702388,-0.5983311533927917,-0.1553117483854293,0.9998731017112732,0.9999572038650512,-0.0013880023034289,-0.4261213541030884,-0.129740223288536,0.999948501586914,0.9999833106994628,-0.1607859432697296,-0.5067440867424011,0.1660048514604568,0.9999136924743652,0.999964952468872,-0.1568017601966858,-0.3008459210395813,-0.0681138709187507,0.894550085067749,0.999887228012085,0.45596611,0.48428616,0.0108561348170042,0.3990131318569183,0.999668836593628,-0.1541158705949783,-0.4137476980686188,0.1756616681814193,0.8285969495773315,0.9999890327453612,0.4786262518181818,0.4168088145454545,-0.2247232943773269,0.4581671357154846,0.9999890327453612,0.5271057133333333,0.5708928855555556,-0.0611627623438835,0.9999565482139589,0.9999957084655762,0.4986992444444444,0.5734831566666667,0.0644583478569984,0.9999687075614928,0.999997854232788,-0.0550174973905086,0.4081958830356598,-0.1237043961882591,0.9697661399841307,0.999990701675415,0.47384793,0.7168815,0.0442103780806064,0.5463202595710754,0.9999943971633912,0.0064159631729125,0.7625581622123718,-0.0784000158309936,0.9856092929840088,0.999964714050293,-0.1101833879947662,0.7304628491401672,0.1906910985708236,0.8269157409667969,0.9999854564666748,-0.0198337901383638,0.8018813133239746,-0.0694077014923095,0.9459234476089478,0.9998443126678468,-0.1132656261324882,0.763745903968811,0.1612555086612701,0.8250559568405151,0.9999779462814332,-0.1645670682191848,0.8302119374275208,-0.1342007517814636,0.9847492575645448,0.9997082352638244,-0.2494441121816635,0.7574606537818909,0.1212172582745552,0.8849750757217407,0.9998935461044312,mediapipe,mediapipe,mediapipe,mediapipe,mediapipe,movenet,mediapipe,movenet,movenet,movenet,mediapipe,movenet,mediapipe,mediapipe,mediapipe,mediapipe,mediapipe,mediapipe
357,7.14,-0.1891710311174392,-0.60562664270401,-0.1343736946582794,0.9998123049736024,0.9999781847000122,-0.0480830706655979,-0.6080275774002075,-0.1467883884906768,0.9998756647109984,0.9999758005142212,0.0033090068027377,-0.4366248548030853,-0.1287794560194015,0.999949276447296,0.999988317489624,-0.1349948644638061,-0.5235028266906738,0.1841091215610504,0.9999063014984132,0.9999715089797974,-0.1571662873029709,-0.31211918592453,-0.0684247985482215,0.8956841230392456,0.9999316930770874,0.45439973,0.47478056,0.0392811894416809,0.3812717497348785,0.999782383441925,-0.1548527926206588,-0.4125196635723114,0.1902594417333603,0.8190938830375671,0.9999896287918092,0.47826317,0.40765026,-0.1975328922271728,0.4338021874427795,0.9999898672103882,0.5256560022222222,0.5654894488888889,-0.0627955049276351,0.9999586939811708,0.999997615814209,0.4969589144444444,0.5680006455555555,0.0663180723786354,0.999969482421875,0.9999985694885254,-0.0429811626672744,0.4150023758411407,-0.122209832072258,0.9714806079864502,0.9999946355819702,0.47688589,0.7137737,0.0632490292191505,0.5494376420974731,0.9999971389770508,0.0262920521199703,0.7657375931739807,-0.0719865411520004,0.9866458177566528,0.9999827146530152,-0.1076393872499466,0.7347598671913147,0.2177933156490326,0.8334930539131165,0.9999920129776,0.0018469650531187,0.8048651218414307,-0.062542051076889,0.9472168684005736,0.9999281167984008,-0.1118950024247169,0.7687972784042358,0.1890230923891067,0.8279305696487427,0.9999878406524658,-0.1418486088514328,0.8363953828811646,-0.1268839240074157,0.9857850074768066,0.9998658895492554,-0.2450229078531265,0.7643021941184998,0.1517067104578018,0.8905834555625916,0.9999457597732544,mediapipe,mediapipe,mediapipe,mediapipe,mediapipe,movenet,mediapipe,movenet,movenet,movenet,mediapipe,movenet,mediapipe,mediapipe,mediapipe,mediapipe,mediapipe,mediapipe
358,7.16,-0.1799678951501846,-0.6124761700630188,-0.1154166907072067,0.9997826218605042,0.9999459981918336,-0.0399900563061237,-0.613438069820404,-0.1314433515071869,0.9998695850372314,0.9999526739120485,0.0070842150598764,-0.4429477155208587,-0.1194125860929489,0.9999481439590454,0.9999840259552002,-0.1218934506177902,-0.5265970826148987,0.1963533163070678,0.9998852014541626,0.9999409914016724,-0.1579951792955398,-0.327237457036972,-0.0603918209671974,0.8915515542030334,0.999881386756897,0.45346528,0.46592644,0.051688939332962,0.3557675778865814,0.9995525479316713,-0.154775395989418,-0.4224937856197357,0.2074039876461029,0.8003552556037903,0.9999831914901732,0.4789663222222222,0.4056455111111111,-0.1811462044715881,0.4021609127521515,0.9999772310256958,0.5242626516666666,0.5610299188888889,-0.0638990700244903,0.9999604225158693,0.9999974966049194,0.4952183127777778,0.5634676422222222,0.067672461271286,0.999969720840454,0.9999983310699464,-0.0244714710861444,0.4242086112499237,-0.1217040121555328,0.9731560349464417,0.9999938011169434,0.47995082,0.70914793,0.0866370424628257,0.543557345867157,0.9999958276748656,0.0309910792857408,0.7746062278747559,-0.0713043585419654,0.9876012206077576,0.999977707862854,-0.1053414270281791,0.7388154864311218,0.2595997154712677,0.8380255699157715,0.9999885559082032,0.0051770801655948,0.8129697442054749,-0.0617087669670581,0.9478754997253418,0.9999005794525146,-0.1108468770980835,0.773392915725708,0.2322306782007217,0.8289088010787964,0.9999829530715942,-0.1381021589040756,0.8421704769134521,-0.125940054655075,0.986677348613739,0.9997894167900084,-0.2475936412811279,0.7675372362136841,0.2029965370893478,0.8941155076026917,0.9999130964279176,mediapipe,mediapipe,mediapipe,mediapipe,mediapipe,movenet,mediapipe,movenet,movenet,movenet,mediapipe,movenet,mediapipe,mediapipe,mediapipe,mediapipe,mediapipe,mediapipe
359,7.18,-0.1595451831817627,-0.6111620664596558,-0.1140855178236961,0.999726176261902,0.9999334812164308,-0.0237007793039083,-0.6135313510894775,-0.116672083735466,0.9998441338539124,0.9999325275421144,0.0150954937562346,-0.4434360861778259,-0.1043142080307006,0.9999432563781738,0.9999696016311646,-0.1113174632191658,-0.5240879058837891,0.199497178196907,0.9998613595962524,0.9999096393585204,-0.1579612493515014,-0.3313062191009521,-0.046230137348175,0.8691180348396301,0.99980229139328,0.45630315,0.4589844,0.0580622218549251,0.3341396152973175,0.9993966817855836,-0.154511347413063,-0.4219442009925842,0.2177806943655014,0.757085382938385,0.9999616146087646,0.4796694744444444,0.4036407622222222,-0.1642734259366989,0.3765581846237182,0.9999781847000122,0.5229636105555556,0.5573111655555556,-0.0639064013957977,0.999961256980896,0.9999972581863404,0.4935089605555556,0.5598041422222223,0.0677301064133644,0.9999694228172302,0.9999982118606568,-0.0022925150115042,0.4318555891513824,-0.1190886572003364,0.9729291200637816,0.9999916553497314,0.4804769,0.70646983,0.0862749963998794,0.5288125872612,0.9999953508377076,0.0341730117797851,0.7884736657142639,-0.0741070136427879,0.988048791885376,0.9999765157699584,-0.1038502529263496,0.7443878054618835,0.2544797956943512,0.8379923701286316,0.9999887943267822,0.0064871706999838,0.827368974685669,-0.0648284628987312,0.944039523601532,0.9998979568481444,-0.1111602634191513,0.7795200943946838,0.2269007563591003,0.8223282098770142,0.9999827146530152,-0.1328170895576477,0.8572350740432739,-0.1278362274169922,0.9869096875190736,0.999743640422821,-0.2442064136266708,0.7761375904083252,0.1953555792570114,0.8939671516418457,0.9998992681503296,mediapipe,mediapipe,mediapipe,mediapipe,mediapipe,movenet,mediapipe,movenet,movenet,movenet,mediapipe,movenet,mediapipe,mediapipe,mediapipe,mediapipe,mediapipe,mediapipe
360,7.2,-0.151119202375412,-0.6124167442321777,-0.0895527228713035,0.9995998740196228,0.9998701810836792,-0.0165027249604463,-0.6160094738006592,-0.1015456020832061,0.9997995495796204,0.9999070167541504,0.0180748496204614,-0.4481996595859527,-0.0954344719648361,0.9999384880065918,0.9999675750732422,-0.0956154242157936,-0.524461567401886,0.2111936807632446,0.9998168349266052,0.9998427629470824,-0.15835502743721,-0.3452107906341553,-0.0403011068701744,0.8593145608901978,0.999846577644348,0.4580925799999999,0.4575462333333333,0.0786980539560318,0.3112758994102478,0.9992901086807252,-0.1576603949069976,-0.4216014146804809,0.2270927131175995,0.7216246128082275,0.9999579191207886,0.4803726266666667,0.4016360133333333,-0.130957543849945,0.346051424741745,0.9999481439590454,0.5222806793750001,0.55535664875,-0.0638987123966217,0.9999621510505676,0.9999966621398926,0.492647768125,0.5577835675,0.0677541270852088,0.9999687671661376,0.9999972581863404,0.0140445446595549,0.4353120028972626,-0.1193142384290695,0.973645806312561,0.9999879598617554,0.4820629,0.7110123,0.0876482129096984,0.5217254161834717,0.9999934434890748,0.057304311543703,0.7889502048492432,-0.0733652934432029,0.9883772730827332,0.9999680519104004,-0.0981488823890686,0.7527025938034058,0.2445393502712249,0.8401540517807007,0.9999794960021972,0.0306297279894351,0.8273468613624573,-0.0642415434122085,0.9401533603668212,0.9998700618743896,-0.1069018542766571,0.7896364331245422,0.2157937586307525,0.8186319470405579,0.999968647956848,-0.1063920110464096,0.8610357642173767,-0.1268503665924072,0.9869283437728882,0.9997125267982484,-0.2375430315732956,0.7870351076126099,0.1841202080249786,0.8947882056236267,0.9998389482498168,mediapipe,mediapipe,mediapipe,mediapipe,mediapipe,movenet,mediapipe,movenet,movenet,movenet,mediapipe,movenet,mediapipe,mediapipe,mediapipe,mediapipe,mediapipe,mediapipe
361,7.22,-0.136032223701477,-0.6125664114952087,-0.0902862548828125,0.9995371699333192,0.9999221563339232,-0.0017361711943522,-0.6175355911254883,-0.0957333743572235,0.9997713565826416,0.9999327659606934,0.0281565263867378,-0.4519158005714416,-0.0875055566430091,0.9999324679374696,0.9999645948410034,-0.0852979943156242,-0.5269202589988708,0.2118590176105499,0.9997791647911072,0.9998544454574584,-0.1577991098165512,-0.3573471009731293,-0.0349029414355754,0.8432250022888184,0.9998083710670472,0.45988201,0.4561080666666667,0.0771168172359466,0.2911131680011749,0.9993076324462892,-0.1552890837192535,-0.4269326031208038,0.2301638573408126,0.6835588812828064,0.9999483823776244,0.4810757788888889,0.3996312644444444,-0.1272289156913757,0.3192958831787109,0.999956488609314,0.5215028107142857,0.5532697328571429,-0.0638855397701263,0.9999618530273438,0.9999957084655762,0.4917296735714286,0.5556117342857143,0.0677401274442672,0.9999669194221495,0.999996781349182,0.0202596057206392,0.4332682490348816,-0.1170896962285041,0.9736608862876892,0.9999854564666748,0.484169125,0.71183695,0.09485325217247,0.5072315335273743,0.9999920129776,0.0577825121581554,0.7884748578071594,-0.0752252489328384,0.9884535670280457,0.9999536275863647,-0.0969100967049598,0.7485999464988708,0.2505070567131042,0.8362874984741211,0.9999749660491944,0.0302204061299562,0.8264756202697754,-0.0663238689303398,0.9351789951324464,0.999803364276886,-0.1061836555600166,0.7851230502128601,0.2215393483638763,0.8100864291191101,0.9999610185623168,-0.1116897910833358,0.8542184829711914,-0.1281282901763916,0.9866777062416076,0.9995903372764589,-0.2368068099021911,0.7776509523391724,0.193031296133995,0.8918269872665405,0.9998196959495544,mediapipe,mediapipe,mediapipe,mediapipe,mediapipe,movenet,mediapipe,movenet,movenet,movenet,mediapipe,movenet,mediapipe,mediapipe,mediapipe,mediapipe,mediapipe,mediapipe
362,7.24,-0.1298441439867019,-0.6131437420845032,-0.1030295714735984,0.9994836449623108,0.9998979568481444,0.0044158725067973,-0.6177583932876587,-0.1032894849777221,0.9997450113296508,0.9999077320098876,0.0348246730864048,-0.4543058276176452,-0.0875783488154411,0.9999241828918456,0.9999520778656006,-0.0862858369946479,-0.5300700068473816,0.2020108103752136,0.9997389912605286,0.9998032450675964,-0.1491173356771469,-0.3686442673206329,-0.0332994647324085,0.8286453485488892,0.9997873902320862,0.46167144,0.4546699,0.0617477931082248,0.2751153409481048,0.99909770488739,-0.1471784114837646,-0.4379689693450928,0.2264627069234848,0.6481164693832397,0.9999270439147948,0.4817789311111111,0.3976265155555555,-0.1434411257505417,0.2955316007137298,0.9999256134033204,0.5206257125000001,0.5515122883333333,-0.062775932252407,0.999961793422699,0.9999954700469972,0.4906811191666667,0.5536595333333333,0.0668680965900421,0.9999659657478333,0.999996781349182,0.0234985873103141,0.4338323771953583,-0.109084703028202,0.972871482372284,0.9999785423278807,0.48627535,0.7126616,0.0821404010057449,0.509498655796051,0.9999908208847046,0.0614448226988315,0.7970817685127258,-0.0619220212101936,0.9880759119987488,0.9999312162399292,-0.0924948006868362,0.7531622052192688,0.2392606288194656,0.838865339756012,0.9999691247940063,0.0336740352213382,0.8353524208068848,-0.0532976277172565,0.9261504411697388,0.9997296929359436,-0.1015190854668617,0.7898613214492798,0.2116314321756363,0.8073611855506897,0.9999499320983888,-0.1011422649025917,0.8675062656402588,-0.1145574301481247,0.9856886863708496,0.9993975162506104,-0.2272786200046539,0.7849748730659485,0.1885935813188552,0.8925612568855286,0.9997236132621764,mediapipe,mediapipe,mediapipe,mediapipe,mediapipe,movenet,mediapipe,movenet,movenet,movenet,mediapipe,movenet,mediapipe,mediapipe,mediapipe,mediapipe,mediapipe,mediapipe
363,7.26,-0.1285880655050277,-0.6161581873893738,-0.0957870185375213,0.9994099736213684,0.9998619556427002,0.0074547962285578,-0.6201879382133484,-0.1060446202754974,0.9997255206108092,0.999904990196228,0.0384447239339351,-0.4579242467880249,-0.0920595899224281,0.9999207854270936,0.9999645948410034,-0.0758724585175514,-0.5330175757408142,0.20235675573349,0.99969881772995,0.999790608882904,-0.1460093408823013,-0.3678907752037048,-0.0378543250262737,0.8255188465118408,0.9998458623886108,0.45801897,0.45217452,0.0690818205475807,0.2622632682323456,0.9992050528526306,-0.1487888842821121,-0.4336503446102142,0.2234126180410385,0.630363404750824,0.9999533891677856,0.4824820833333333,0.3956217666666666,-0.13095024228096,0.2775205671787262,0.9999487400054932,0.519823955,0.550444278,-0.0627671182155609,0.9999616742134094,0.999995231628418,0.489605919,0.55252124,0.0668579936027526,0.9999642968177797,0.9999959468841552,0.0246698278933763,0.4340507984161377,-0.1050050854682922,0.9729141592979432,0.9999818801879884,0.48617783,0.71034056,0.085174560546875,0.5036898851394653,0.9999899864196776,0.0609717331826686,0.7957403063774109,-0.0527870841324329,0.9881654977798462,0.999946355819702,-0.0886320024728775,0.7488352060317993,0.244705393910408,0.8374052047729492,0.9999712705612184,0.0334732942283153,0.8338903188705444,-0.0436824522912502,0.9225740432739258,0.9997883439064026,-0.0972651243209838,0.7853833436965942,0.2167948484420776,0.8032395839691162,0.9999560117721558,-0.1017887890338897,0.8674097657203674,-0.1018854305148124,0.985471785068512,0.9995446801185608,-0.2235803008079528,0.783344566822052,0.193422332406044,0.8915948271751404,0.9997894167900084,mediapipe,mediapipe,mediapipe,mediapipe,mediapipe,movenet,mediapipe,movenet,movenet,movenet,mediapipe,movenet,mediapipe,mediapipe,mediapipe,mediapipe,mediapipe,mediapipe
