frame,time,nose_x,nose_y,nose_z,nose_visibility,nose_presence,left_ear_x,left_ear_y,left_ear_z,left_ear_visibility,left_ear_presence,left_shoulder_x,left_shoulder_y,left_shoulder_z,left_shoulder_visibility,left_shoulder_presence,right_shoulder_x,right_shoulder_y,right_shoulder_z,right_shoulder_visibility,right_shoulder_presence,left_elbow_x,left_elbow_y,left_elbow_z,left_elbow_visibility,left_elbow_presence,right_elbow_x,right_elbow_y,right_elbow_z,right_elbow_visibility,right_elbow_presence,left_wrist_x,left_wrist_y,left_wrist_z,left_wrist_visibility,left_wrist_presence,right_wrist_x,right_wrist_y,right_wrist_z,right_wrist_visibility,right_wrist_presence,left_hip_x,left_hip_y,left_hip_z,left_hip_visibility,left_hip_presence,right_hip_x,right_hip_y,right_hip_z,right_hip_visibility,right_hip_presence,left_knee_x,left_knee_y,left_knee_z,left_knee_visibility,left_knee_presence,right_knee_x,right_knee_y,right_knee_z,right_knee_visibility,right_knee_presence,left_ankle_x,left_ankle_y,left_ankle_z,left_ankle_visibility,left_ankle_presence,right_ankle_x,right_ankle_y,right_ankle_z,right_ankle_visibility,right_ankle_presence,left_heel_x,left_heel_y,left_heel_z,left_heel_visibility,left_heel_presence,right_heel_x,right_heel_y,right_heel_z,right_heel_visibility,right_heel_presence,left_foot_index_x,left_foot_index_y,left_foot_index_z,left_foot_index_visibility,left_foot_index_presence,right_foot_index_x,right_foot_index_y,right_foot_index_z,right_foot_index_visibility,right_foot_index_presence,nose_interpolated,left_ear_interpolated,left_shoulder_interpolated,right_shoulder_interpolated,left_elbow_interpolated,right_elbow_interpolated,left_wrist_interpolated,right_wrist_interpolated,left_hip_interpolated,right_hip_interpolated,left_knee_interpolated,right_knee_interpolated,left_ankle_interpolated,right_ankle_interpolated,left_heel_interpolated,right_heel_interpolated,left_foot_index_interpolated,right_foot_index_interpolated,nose_source,left_ear_source,left_shoulder_source,right_shoulder_source,left_elbow_source,right_elbow_source,left_wrist_source,right_wrist_source,left_hip_source,right_hip_source,left_knee_source,right_knee_source,left_ankle_source,right_ankle_source,left_heel_source,right_heel_source,left_foot_index_source,right_foot_index_source
352,7.04,-0.1305773834857888,-0.36401054007918804,-0.5662113547032904,0.9999934434890748,0.9999982118606568,0.5292481780052185,0.4797671735286712,-0.1429149359464645,0.9999948143959044,0.9999983310699464,0.13729478546343396,0.0009123125339002223,-0.5002553232365248,0.999998152256012,0.9999995231628418,-0.13729478546343396,-0.0009123125339002223,1.6457497767451439,0.9999427199363708,0.9999892711639404,0.12879204836346209,0.6442993140467488,-4.935167887602825,0.999241590499878,0.99998939037323,-0.1727292300792465,0.5233350063700961,,0.5268996953964233,0.9999288320541382,8.290178494958954e-05,1.1210631573978362,-5.114436318265581,0.9991297721862792,0.9999983310699464,-0.2751326763272258,0.8988766010916508,,0.5760759115219116,0.99997079372406,0.1570827228410281,1.017208188541239,-4.094613012186668,0.9999895691871644,0.9999995231628418,-0.019695579128257864,0.9780674246867805,-3.4565246527204083,0.9999792575836182,0.9999994039535522,-0.2503773384784036,1.211507826079474,-4.879001928299478,0.9958763122558594,0.999997615814209,-0.38519449998026356,1.1263122941131276,-4.177777966102283,0.9688065052032472,0.9999935626983644,-0.18984159540024362,2.0349596173677353,-4.330774438037547,0.9939863681793212,0.9999794960021972,-0.31511694086933156,1.9057278458257048,-3.6973182219444,0.960572063922882,0.9999880790710448,0.5090724629955692,0.8663861343077016,-0.0783862248063087,0.9561048746109008,0.9999160766601562,0.490771119827991,0.8465653316124342,0.0175199937075376,0.9091480374336244,0.9999827146530152,0.4783988949302196,0.8934590433027364,-0.1376126557588577,0.9944294095039368,0.9996702671051024,0.4612576350882338,0.8708560400075848,-0.0297855474054813,0.9681119322776794,0.999804675579071,False,False,False,False,False,False,False,False,False,False,False,False,False,False,False,False,False,False,mediapipe,mediapipe,mediapipe,mediapipe,mediapipe,movenet,mediapipe,gpr,mediapipe,mediapipe,mediapipe,mediapipe,mediapipe,mediapipe,mediapipe,mediapipe,mediapipe,mediapipe
353,7.06,-0.13100369399642198,-0.36488127065880344,-0.5764722058398172,0.9999937415122986,0.9999986886978148,0.5292426347732544,0.4797607958316803,-0.1485639214515686,0.9999950528144836,0.9999988079071044,0.1377369218218389,0.000832686089520739,-0.5035622118413812,0.9999982118606568,0.9999996423721312,-0.1377369218218389,-0.000832686089520739,1.6501540072688574,0.9999436736106871,0.99998939037323,0.1290955125245309,0.6463467095231956,-4.9772745193878745,0.99926096200943,0.9999912977218628,-0.17094719828005622,0.5199469003918556,,0.5328405499458313,0.999925136566162,0.0006742293756805795,1.1247700990670721,-5.164821047858391,0.9991570711135864,0.9999986886978148,-0.27198616440630646,0.9011486357167591,,0.5804775357246399,0.9999622106552124,0.15687207615988022,1.0159222424914718,-4.112335393523923,0.9999896287918092,0.9999995231628418,-0.01966892802947237,0.9793660314537006,-3.4704967430195244,0.9999793767929076,0.9999992847442628,-0.2511259053006264,1.2157581515112994,-4.89666508607198,0.995893657207489,0.999997854232788,-0.38713024879986724,1.1300275509307538,-4.16299155615172,0.9690513610839844,0.9999927282333374,-0.18998814587221396,2.040197562222017,-4.347268412122614,0.9939221143722534,0.99997878074646,-0.31551590429571813,1.9125450116184117,-3.6810615234722714,0.9605081677436828,0.9999871253967284,0.5092498455847894,0.8663154577875474,-0.0782137364149093,0.9553821086883544,0.9999102354049684,0.4909172816710041,0.846653031719315,0.0222574882209301,0.909296989440918,0.9999817609786988,0.4784860598457445,0.8930776836155178,-0.1376502513885498,0.9943791627883912,0.999675989151001,0.4612027994402639,0.8707909179734186,-0.0250854808837175,0.9681378602981568,0.9998137354850768,False,False,False,False,False,False,False,False,False,False,False,False,False,False,False,False,False,False,mediapipe,mediapipe,mediapipe,mediapipe,mediapipe,movenet,mediapipe,gpr,mediapipe,mediapipe,mediapipe,mediapipe,mediapipe,mediapipe,mediapipe,mediapipe,mediapipe,mediapipe
354,7.08,-0.13093554718961703,-0.3633429842831127,-0.5154234805057203,0.9999938011169434,0.999997854232788,0.5291879177093506,0.4797596037387848,-0.1329790353775024,0.9999951124191284,0.9999977350234984,0.13715106321094875,0.0007997993213457524,-0.5079269316410605,0.9999982118606568,0.9999994039535522,-0.13715106321094875,-0.0007997993213457524,1.6979974844691994,0.9999444484710692,0.9999899864196776,0.12860914366805787,0.6434868245410708,-5.047878321574654,0.9992698431015016,0.9999886751174928,-0.16895191768918882,0.5176903061192781,,0.5410913825035095,0.9999366998672484,0.0005294059295855839,1.119680982889858,-5.22299993605514,0.999176025390625,0.9999982118606568,-0.26801571774290134,0.895980536489173,,0.5979955196380615,0.9999793767929076,0.15835000091405213,1.0156314083427316,-4.238604046884981,0.999989688396454,0.9999994039535522,-0.019628130795672622,0.979551852099992,-3.59726511324707,0.9999796748161316,0.9999992847442628,-0.24855098217832333,1.2086215715034752,-5.001609950456964,0.9960289597511292,0.99999737739563,-0.38580545418278234,1.123302056657305,-4.278076601069178,0.9698628187179564,0.9999933242797852,-0.1891152445835476,2.030309445614399,-4.465465427067694,0.9941064119338988,0.9999781847000122,-0.31393600925337833,1.9041814570889577,-3.81338480689306,0.961310863494873,0.9999873638153076,0.5093007084928748,0.8662723727993201,-0.0772987604141235,0.956954836845398,0.9999089241027832,0.4909537667300042,0.8466111942604712,0.0211163330823183,0.9115378260612488,0.9999818801879884,0.4784650017609408,0.8930072805264611,-0.1345608532428741,0.9945545196533204,0.9996278285980223,0.461187793449922,0.8708020875226093,-0.0251642856746912,0.9688302874565125,0.9997851252555848,False,False,False,False,False,False,False,False,False,False,False,False,False,False,False,False,False,False,mediapipe,mediapipe,mediapipe,mediapipe,mediapipe,movenet,mediapipe,gpr,mediapipe,mediapipe,mediapipe,mediapipe,mediapipe,mediapipe,mediapipe,mediapipe,mediapipe,mediapipe
355,7.1,-0.13109403957116542,-0.3640152796043479,-0.5087387095922818,0.9999936819076538,0.9999977350234984,0.5291978120803833,0.4797579646110534,-0.1347508132457733,0.9999950528144836,0.9999980926513672,0.13742693091819008,0.00024013574449462599,-0.516441063596947,0.9999982118606568,0.9999995231628418,-0.13742693091819008,-0.00024013574449462599,1.7293040228305943,0.999943733215332,0.9999862909317015,0.1296634603982253,0.6413084875731226,-5.156198415189486,0.9992658495903016,0.9999914169311525,-0.16731801018961037,0.5168260671782774,,0.5328810214996338,0.9999107122421264,0.004399208106110566,1.1203997684279567,-5.336220703199165,0.99917471408844,0.9999985694885254,-0.2669962110014859,0.8978708183960177,,0.5858261585235596,0.9999505281448364,0.15898758300777968,1.0157110025904295,-4.327189126947964,0.9999895095825196,0.9999994039535522,-0.01788937030624634,0.9793056124713188,-3.68361182406674,0.9999790787696838,0.9999990463256836,-0.24992344124113397,1.2089425414049844,-5.0841772766825555,0.9957947731018066,0.9999974966049194,-0.38676263008304457,1.1277215466441135,-4.368195183996868,0.9681150913238524,0.9999914169311525,-0.18978348806306683,2.0367407670305857,-4.556515096933578,0.9938610196113586,0.9999756813049316,-0.3148433416527417,1.910297343989734,-3.9069451278154577,0.959575355052948,0.999981164932251,0.5092566200208553,0.8662526281007802,-0.0779236927628517,0.955524444580078,0.9998999834060668,0.4909109944924889,0.8464727839389887,0.0199707336723804,0.9081693887710572,0.9999741315841676,0.4783664707328891,0.8931563154106094,-0.1377164423465728,0.9943512678146362,0.9996442794799804,0.4612034970855379,0.8708614427031897,-0.0279198456555604,0.967585027217865,0.9997498393058776,False,False,False,False,False,False,False,False,False,False,False,False,False,False,False,False,False,False,mediapipe,mediapipe,mediapipe,mediapipe,mediapipe,movenet,mediapipe,gpr,mediapipe,mediapipe,mediapipe,mediapipe,mediapipe,mediapipe,mediapipe,mediapipe,mediapipe,mediapipe
356,7.12,-0.13075794034880256,-0.36355192167838596,-0.5195163543622985,0.9999937415122986,0.99999737739563,0.529242217540741,0.4797757863998413,-0.1365299224853515,0.9999951124191284,0.9999977350234984,0.13721329334715718,0.0002725593488194174,-0.513191778758781,0.9999982118606568,0.9999994039535522,-0.13721329334715718,-0.0002725593488194174,1.7111154806901112,0.9999423623085022,0.999983549118042,0.12952503670461146,0.6403413444290844,-5.099735392600066,0.9992765784263612,0.999988317489624,-0.16807992446320297,0.5175418369655697,,0.5320495963096619,0.9998770952224731,0.004513244819275817,1.1180720520646388,-5.301979636938669,0.9991875886917114,0.999997854232788,-0.26578585851825415,0.8948295201585793,,0.5794029831886292,0.999923825263977,0.16135476247508687,1.016182846260017,-4.2704789287140725,0.9999895095825196,0.9999992847442628,-0.016976487321069284,0.9785990750696175,-3.62869077952242,0.9999790191650392,0.9999990463256836,-0.24850652668856216,1.206971204056287,-5.041245669470301,0.995947241783142,0.9999971389770508,-0.3859200637101584,1.1258821448977165,-4.325710737370759,0.9693232774734496,0.9999903440475464,-0.18989451457078313,2.033313401392904,-4.508320662021395,0.9940378665924072,0.9999723434448242,-0.31461999919547656,1.9064008669093055,-3.8668431398471657,0.9608110189437866,0.9999796152114868,0.5091491484697603,0.8662519724496878,-0.0790990069508552,0.9565346837043762,0.999881148338318,0.4908193844459554,0.8462707654579542,0.0177142973989248,0.9102423787117004,0.999970555305481,0.4782212168186696,0.8934332696430053,-0.1398344188928604,0.9944794178009032,0.9995253086090088,0.4612407903154413,0.8709408775631925,-0.0309435948729515,0.9683420062065125,0.9996792078018188,False,False,False,False,False,False,False,False,False,False,False,False,False,False,False,False,False,False,mediapipe,mediapipe,mediapipe,mediapipe,mediapipe,movenet,mediapipe,gpr,mediapipe,mediapipe,mediapipe,mediapipe,mediapipe,mediapipe,mediapipe,mediapipe,mediapipe,mediapipe
357,7.14,-0.1308422746732745,-0.36389558116414633,-0.5153771539523396,0.99999338388443,0.9999969005584716,0.5292431712150574,0.4797852039337158,-0.1413571834564209,0.9999948740005492,0.9999972581863404,0.13735691607911515,0.0003475367545527602,-0.5230856411800909,0.9999982118606568,0.9999994039535522,-0.13735691607911515,-0.0003475367545527602,1.7416834771905085,0.9999412298202516,0.9999850988388062,0.1298787752676741,0.6409931691026127,-5.184715188825103,0.9992532134056092,0.9999903440475464,-0.16954635290191722,0.5174791469053316,,0.5232977271080017,0.999908208847046,0.006180486587476776,1.1199417177893924,-5.372133928186872,0.9991428256034852,0.9999982118606568,-0.26597853077499284,0.894914671158383,,0.5650249123573303,0.9999442100524902,0.16215794345325843,1.0157943396789957,-4.34488083845675,0.9999895095825196,0.9999995231628418,-0.015967984110861207,0.9788556285579058,-3.7021893196180757,0.9999788999557496,0.9999991655349731,-0.2490274024368269,1.2090095235445233,-5.102994459624033,0.9957677721977234,0.9999972581863404,-0.3863146537304881,1.128110209073637,-4.400355015349979,0.967692494392395,0.9999916553497314,-0.1905722697822798,2.036725295174431,-4.5823925682209365,0.9939164519309998,0.9999791383743286,-0.3153800453788536,1.9083339827576442,-3.940320658856914,0.959600567817688,0.9999836683273317,0.5090098621406213,0.8662661546038046,-0.0789128616452217,0.9556632041931152,0.9999167919158936,0.4907093560779023,0.8460381035204555,0.0178019721060991,0.9075376987457277,0.9999783039093018,0.4780599900753638,0.8937466245986945,-0.1399304419755935,0.9943617582321168,0.9996780157089232,0.461290553107963,0.8710122861506522,-0.0308696944266557,0.9673636555671692,0.9997723698616028,False,False,False,False,False,False,False,False,False,False,False,False,False,False,False,False,False,False,mediapipe,mediapipe,mediapipe,mediapipe,mediapipe,movenet,mediapipe,gpr,mediapipe,mediapipe,mediapipe,mediapipe,mediapipe,mediapipe,mediapipe,mediapipe,mediapipe,mediapipe
358,7.16,-0.13098294042378655,-0.36422852440597897,-0.5129571273639029,0.9999929666519164,0.9999955892562866,0.5292345285415649,0.4797850549221039,-0.1420339792966842,0.999994695186615,0.999996542930603,0.13735062973886522,0.0003851218780170529,-0.5292459339043033,0.9999982118606568,0.9999992847442628,-0.13735062973886522,-0.0003851218780170529,1.759072188443131,0.999939501285553,0.9999819993972778,0.12970090548971344,0.643043389071068,-5.280609982452628,0.9992558360099792,0.9999890327453612,-0.1705724030776039,0.5163023949428341,,0.514167308807373,0.999880075454712,0.00584862055303221,1.1190823538703365,-5.489280542081803,0.9991398453712464,0.999997854232788,-0.2662229988920426,0.8928506721690588,,0.5516895055770874,0.9999237060546876,0.16183769084618083,1.016171786375191,-4.3813076414767655,0.9999895691871644,0.9999992847442628,-0.01492871905620964,0.9784253544047745,-3.735708345233128,0.9999788999557496,0.999998927116394,-0.24981585600136808,1.2081155298519153,-5.132610772124884,0.9957258105278016,0.9999966621398926,-0.3857491270819135,1.1272686524214448,-4.4347291648529685,0.9674546122550964,0.99998939037323,-0.19091989539476065,2.035605345802846,-4.59383750882239,0.9938241839408876,0.9999693632125854,-0.3156039610050556,1.9054864792141397,-3.973497274508998,0.9591202139854432,0.9999758005142212,0.5088995039324118,0.8662994559550364,-0.0752318203449249,0.9552377462387084,0.9998754262924194,0.4906455847350046,0.8458393716311977,0.0180821623653173,0.9070501923561096,0.9999669790267944,0.4779484237268544,0.8938171799644191,-0.1355984956026077,0.9942492246627808,0.9995355606079102,0.4613359107143128,0.8709943287578241,-0.0305269695818424,0.9668065309524536,0.9996583461761476,False,False,False,False,False,False,False,False,False,False,False,False,False,False,False,False,False,False,mediapipe,mediapipe,mediapipe,mediapipe,mediapipe,movenet,mediapipe,gpr,mediapipe,mediapipe,mediapipe,mediapipe,mediapipe,mediapipe,mediapipe,mediapipe,mediapipe,mediapipe
359,7.18,-0.13093899294508884,-0.3640967183144248,-0.506432020895413,0.9999923706054688,0.9999953508377076,0.5292148590087891,0.4797751605510711,-0.1420817673206329,0.9999943375587464,0.999996542930603,0.1372236334888443,0.00039394551571453264,-0.5279920315684744,0.999998152256012,0.9999992847442628,-0.1372236334888443,-0.00039394551571453264,1.7534936648641186,0.9999378323554992,0.9999833106994628,0.1298084892884103,0.6400635175209753,-5.26333003054826,0.9992380142211914,0.99998939037323,-0.1720596655393581,0.5226968419133189,,0.5043070316314697,0.9998947381973268,0.006287787387615381,1.1187995609747765,-5.432204226224761,0.9991074204444884,0.9999979734420776,-0.2665454616076961,0.8919970062378478,,0.5360685586929321,0.999932050704956,0.16196625139928741,1.016174515945883,-4.366356287279636,0.9999896287918092,0.9999995231628418,-0.014515410407845547,0.9783826402897858,-3.721547230879022,0.9999789595603944,0.9999992847442628,-0.24965741443789488,1.208235223606779,-5.120675731268147,0.9957689642906188,0.9999977350234984,-0.38537646320621227,1.1273369483667568,-4.422781238219681,0.9672646522521972,0.999992609024048,-0.19097672195593166,2.0357333707753393,-4.586370555480613,0.9939289093017578,0.999980926513672,-0.3157157938673779,1.9035581963349264,-3.958803966223088,0.9591616988182068,0.9999847412109376,0.5088356718038914,0.8662952243031344,-0.0764756202697753,0.9557684659957886,0.9999209642410278,0.4906609030592426,0.8456762376087273,0.0181348994374275,0.9067574143409728,0.9999792575836182,0.4778882617994912,0.8938039417589206,-0.1374987959861755,0.99431174993515,0.9996823072433472,0.46137864113132,0.8709099077400372,-0.0303940754383802,0.9667288661003112,0.9997764229774476,False,False,False,False,False,False,False,False,False,False,False,False,False,False,False,False,False,False,mediapipe,mediapipe,mediapipe,mediapipe,mediapipe,movenet,mediapipe,gpr,mediapipe,mediapipe,mediapipe,mediapipe,mediapipe,mediapipe,mediapipe,mediapipe,mediapipe,mediapipe
360,7.2,-0.13062964568885033,-0.36398305294233474,-0.5186038196424035,0.9999922513961792,0.9999970197677612,0.5292184948921204,0.4797622263431549,-0.1451126933097839,0.9999942779541016,0.999997615814209,0.1371801566772288,0.00043028251543337836,-0.529491244377092,0.999998152256012,0.9999995231628418,-0.1371801566772288,-0.00043028251543337836,1.7503756350575184,0.9999370574951172,0.9999837875366212,0.12966259064731467,0.6422793706948183,-5.250067087590397,0.999259114265442,0.9999910593032836,-0.16726260009590269,0.5144515630061409,,0.5012982487678528,0.9998918771743774,0.005402501519119454,1.1192779928380572,-5.425788670850372,0.999131679534912,0.9999985694885254,-0.2666109411450175,0.8905671220095003,,0.5298042297363281,0.9999418258666992,0.1604017532473898,1.0164140025217792,-4.34665792778408,0.9999895691871644,0.9999994039535522,-0.016388390147063715,0.9783942968515049,-3.7025103155967396,0.9999786019325256,0.9999990463256836,-0.2502151770055432,1.2071538640036885,-5.146256027651147,0.9958529472351074,0.9999980926513672,-0.384993217685654,1.1266069418749045,-4.449363048684947,0.9673997759819032,0.999993085861206,-0.19085637423887514,2.0336808810466525,-4.618917396580736,0.9940456748008728,0.99998140335083,-0.3154812731064386,1.899488486878695,-3.9745318826150635,0.9593185782432556,0.9999853372573853,0.5088032389576355,0.8663195511955781,-0.0848421901464462,0.9564390182495116,0.9999195337295532,0.4907100435459265,0.8455782999525557,0.0129010789096355,0.907101273536682,0.9999788999557496,0.4778909686701015,0.8937135681961544,-0.1491870135068893,0.9944080114364624,0.9997137188911438,0.4614108548714576,0.8707737375250529,-0.0377246774733066,0.9669052958488464,0.9998028874397278,False,False,False,False,False,False,False,False,False,False,False,False,False,False,False,False,False,False,mediapipe,mediapipe,mediapipe,mediapipe,mediapipe,movenet,mediapipe,gpr,mediapipe,mediapipe,mediapipe,mediapipe,mediapipe,mediapipe,mediapipe,mediapipe,mediapipe,mediapipe
361,7.22,-0.13110530620107821,-0.36568721197274,-0.531596437869635,0.9999920725822448,0.9999971389770508,0.5292407870292664,0.4797608554363251,-0.1474161297082901,0.9999940395355223,0.9999974966049194,0.1377649763959848,-0.0005038188719389145,-0.516564786129119,0.999998152256012,0.9999994039535522,-0.1377649763959848,0.0005038188719389145,1.70366583884132,0.9999380707740784,0.9999877214431764,0.13190476741185322,0.6425839663941213,-5.167282168626305,0.9992396831512452,0.999988317489624,-0.1716193905813368,0.5206582071778297,,0.5000407099723816,0.9999206066131592,0.006535793284524143,1.1250702845102711,-5.318894050656639,0.9990960359573364,0.9999979734420776,-0.2681164333988065,0.898199205981552,,0.5308221578598022,0.9999630451202391,0.15428179137573717,1.0153501703841628,-4.263910294378261,0.9999895691871644,0.9999996423721312,-0.019455177871994297,0.9801001006802686,-3.61870544578774,0.9999787211418152,0.9999994039535522,-0.25169453129745184,1.2167922317587638,-5.067167956472277,0.9957581162452698,0.9999979734420776,-0.38787621830051355,1.1371215686033898,-4.376193087811717,0.967303454875946,0.9999940395355223,-0.19198943259700624,2.049706344200478,-4.53205843989032,0.9938169717788696,0.9999837875366212,-0.3174892922280604,1.911798703214315,-3.8954890957417247,0.9586408138275146,0.9999892711639404,0.5087663046407823,0.8663583235307197,-0.0835549384355545,0.9546835422515868,0.9999343156814576,0.4907254041074885,0.8454609656389521,0.0123832989484071,0.9053338170051576,0.999984860420227,0.4778821761513657,0.8935769696335715,-0.1468608081340789,0.9942172169685364,0.9997506737709044,0.4614433142549797,0.8706323236296527,-0.0369154103100299,0.9664976596832277,0.9998414516448976,False,False,False,False,False,False,False,False,False,False,False,False,False,False,False,False,False,False,mediapipe,mediapipe,mediapipe,mediapipe,mediapipe,movenet,mediapipe,gpr,mediapipe,mediapipe,mediapipe,mediapipe,mediapipe,mediapipe,mediapipe,mediapipe,mediapipe,mediapipe
362,7.24,-0.13100550129342398,-0.3634787520770724,-0.54235381501097,0.9999923706054688,0.9999982118606568,0.5291925668716431,0.4797610938549042,-0.1399337500333786,0.999994158744812,0.9999977350234984,0.1368669789042842,-0.000842501266270436,-0.4976457243283896,0.9999980926513672,0.9999992847442628,-0.1368669789042842,0.000842501266270436,1.6457542949665314,0.999939739704132,0.9999910593032836,0.130979511537138,0.6398203487663339,-4.92550162277843,0.9992353916168212,0.999985933303833,-0.1712965422278114,0.5227538490162933,,0.5146692991256714,0.9999462366104126,0.005741964110363339,1.1192982743709814,-5.068600039536465,0.999094307422638,0.999997854232788,-0.26646677556059084,0.8951112338486432,,0.5555934906005859,0.9999825954437256,0.1543449833994922,1.016110151300481,-4.113690960739175,0.9999895095825196,0.9999994039535522,-0.020673649649035106,0.9794178426232752,-3.471709204409594,0.9999789595603944,0.9999994039535522,-0.2505503076331042,1.2138238055514536,-4.901379781779462,0.99591064453125,0.9999972581863404,-0.38661199787670925,1.1301730184557321,-4.196745287850436,0.9684538245201112,0.9999939203262328,-0.19115514259977193,2.040052540643561,-4.356069901948479,0.9939815402030944,0.99997878074646,-0.3161901674621473,1.9012838351690586,-3.71191037755329,0.9594748616218568,0.9999895095825196,0.508763601452044,0.8663999782853492,-0.0792477503418922,0.9560499787330629,0.9999121427536012,0.4907517403989416,0.8454292280412797,0.0180991291999816,0.9074624180793762,0.9999850988388062,0.4778810452609086,0.8933587259068101,-0.1370463371276855,0.9943826794624328,0.999647617340088,0.4614105865810868,0.87046673386803,-0.0266884230077266,0.9672074317932128,0.9998233914375304,False,False,False,False,False,False,False,False,False,False,False,False,False,False,False,False,False,False,mediapipe,mediapipe,mediapipe,mediapipe,mediapipe,movenet,mediapipe,gpr,mediapipe,mediapipe,mediapipe,mediapipe,mediapipe,mediapipe,mediapipe,mediapipe,mediapipe,mediapipe
363,7.26,-0.13089086781593168,-0.36292403491224007,-0.5583133081518571,0.9999921917915344,0.999996781349182,0.5291926264762878,0.4797625541687011,-0.1469779759645462,0.9999940395355223,0.9999972581863404,0.13665477473198315,-0.0007184712922671183,-0.5071169645112485,0.9999980926513672,0.9999994039535522,-0.13665477473198315,0.0007184712922671183,1.6667784533890628,0.999938428401947,0.9999833106994628,0.13102428976502975,0.639127935448971,-4.9901128001560355,0.9992204308509828,0.9999880790710448,-0.1716240290821035,0.5247455722224865,,0.5079311728477478,0.9998888969421388,0.008309550475834385,1.1180517285750757,-5.135709994078159,0.999069333076477,0.9999977350234984,-0.2652360399787533,0.8967338075470384,,0.5450776219367981,0.999931573867798,0.15569148911575298,1.0160285660012796,-4.149647379956438,0.9999893307685852,0.9999994039535522,-0.018990242735457567,0.9792941570783917,-3.508009640877596,0.9999786019325256,0.9999990463256836,-0.25006598970331734,1.2131166383952807,-4.928413315380896,0.995836615562439,0.9999970197677612,-0.3861455544689082,1.1297350045602574,-4.222809541889415,0.9677491188049316,0.999990701675415,-0.19087875355142794,2.039431259745146,-4.380126638876773,0.9938948750495912,0.9999761581420898,-0.31597571650801287,1.8989359647907165,-3.74030978716353,0.9590765833854676,0.9999816417694092,0.5087815327244218,0.8664529493082954,-0.0775572583079338,0.9554410576820374,0.9999042749404908,0.4907438054090347,0.8453364031853954,0.0191104635596275,0.906182587146759,0.999975323677063,0.4778671853053276,0.893203266017089,-0.1366973221302032,0.994287133216858,0.9996294975280762,0.4613848054186737,0.870343091326718,-0.0269661583006382,0.966732621192932,0.9997360110282898,False,False,False,False,False,False,False,False,False,False,False,False,False,False,False,False,False,False,mediapipe,mediapipe,mediapipe,mediapipe,mediapipe,movenet,mediapipe,gpr,mediapipe,mediapipe,mediapipe,mediapipe,mediapipe,mediapipe,mediapipe,mediapipe,mediapipe,mediapipe
364,7.28,-0.13122276255342097,-0.363701908898728,-0.5412276183986251,0.9999920725822448,0.9999972581863404,0.5291865468025208,0.4797624349594116,-0.1530610769987106,0.9999939799308776,0.999997615814209,0.13689941702430541,-0.00033399035532574863,-0.5181879948011394,0.9999980926513672,0.9999994039535522,-0.13689941702430541,0.00033399035532574863,1.691572751122638,0.9999386072158812,0.999987244606018,0.13052721188419306,0.6413859408955823,-5.100153345951276,0.9992321729660034,0.9999910593032836,-0.1734372330720112,0.5302726471740918,,0.5079312920570374,0.999915361404419,0.0071335298533725935,1.1210831334411486,-5.258093269183862,0.9990869760513306,0.9999985694885254,-0.26414683685161916,0.8998252693362087,,0.543067455291748,0.9999562501907348,0.15594359602297708,1.016352391040478,-4.197879213367902,0.9999893307685852,0.9999995231628418,-0.019110793663202525,0.9789613146705733,-3.555932346895463,0.999978482723236,0.9999991655349731,-0.2508576745888979,1.213589797022257,-4.975612359787125,0.9958333969116212,0.9999980926513672,-0.3863673687726767,1.1307097752629316,-4.272044223525016,0.9673723578453064,0.9999938011169434,-0.19107054345990387,2.040265476178253,-4.429061168546154,0.993952214717865,0.9999829530715942,-0.3163766377472154,1.900045848428244,-3.7883504331673326,0.9588600397109984,0.999987244606018,0.508812192992454,0.8664088361746805,-0.0777860358357429,0.9555123448371888,0.9999278783798218,0.4907113079563456,0.8453716592633106,0.0190955232828855,0.9054883122444152,0.9999821186065674,0.4778757690688681,0.8930794086767544,-0.1392493546009063,0.9943414330482484,0.9997410178184508,0.4613552296356177,0.8702615882966925,-0.0278781615197658,0.9666995406150818,0.9998283386230468,False,False,False,False,False,False,False,False,False,False,False,False,False,False,False,False,False,False,mediapipe,mediapipe,mediapipe,mediapipe,mediapipe,movenet,mediapipe,gpr,mediapipe,mediapipe,mediapipe,mediapipe,mediapipe,mediapipe,mediapipe,mediapipe,mediapipe,mediapipe
365,7.3,-0.1315041016813261,-0.3643477562131095,-0.5467930391205051,0.9999915957450868,0.9999958276748656,0.5291860699653625,0.4797624945640564,-0.1526999026536941,0.9999936819076538,0.999996781349182,0.13709123149110905,-0.00020891624094715385,-0.5149419843709714,0.9999980926513672,0.9999992847442628,-0.13709123149110905,0.00020891624094715385,1.6834592308322123,0.9999372363090516,0.9999806880950928,0.13067829125720481,0.6426326640588322,-5.07493316186329,0.9992236495018004,0.9999898672103882,-0.1637859590687279,0.5275289857846138,,0.5038720965385437,0.9998761415481568,0.006081433519495641,1.1227150904868313,-5.231657001461216,0.9990829825401306,0.9999984502792358,-0.2628610619458039,0.9041869990461009,,0.5324328541755676,0.9999288320541382,0.15481540286913142,1.0164356418459575,-4.183332057105834,0.9999895095825196,0.9999996423721312,-0.02149286691708218,0.9791156858345202,-3.544699326061617,0.9999786615371704,0.9999992847442628,-0.25098881842121745,1.213620853828325,-5.011408236987441,0.9958462715148926,0.9999983310699464,-0.387045520338051,1.1318735054720506,-4.319582154363639,0.9677982926368712,0.9999935626983644,-0.19118784874090708,2.0418725933678123,-4.45185742304663,0.9939698576927184,0.999987006187439,-0.31681963069389774,1.9015925440197803,-3.8077129063074757,0.9591148495674132,0.9999890327453612,0.5088823564124842,0.8663664150349211,-0.0829780250787735,0.9552956819534302,0.9999459981918336,0.4906573444952232,0.8453583099069595,0.0145911360159516,0.9054859280586244,0.9999852180480956,0.4778794995693628,0.8930631980195771,-0.1460394412279129,0.9943594932556152,0.9997751116752625,0.4613185423515349,0.8702399587575672,-0.0346192345023155,0.9668803215026855,0.9998385906219482,False,False,False,False,False,False,False,False,False,False,False,False,False,False,False,False,False,False,mediapipe,mediapipe,mediapipe,mediapipe,mediapipe,movenet,mediapipe,gpr,mediapipe,mediapipe,mediapipe,mediapipe,mediapipe,mediapipe,mediapipe,mediapipe,mediapipe,mediapipe
366,7.32,-0.1316078921152182,-0.3640647776565486,-0.5505058623976576,0.9999921321868896,0.9999988079071044,0.5291141867637634,0.4797525405883789,-0.1517521739006042,0.9999940395355223,0.9999986886978148,0.13697579292611317,-0.00024378067512428406,-0.5149458825045592,0.9999980926513672,0.9999995231628418,-0.13697579292611317,0.00024378067512428406,1.6834339768520676,0.9999382495880128,0.9999887943267822,0.13014993402263322,0.6437755342723933,-5.063085991433722,0.9992422461509703,0.99998939037323,-0.1650973663333868,0.5262208723632316,,0.5143516063690186,0.9999247789382936,0.004969935750776902,1.1239257944652445,-5.224014121807952,0.9991081357002258,0.9999983310699464,-0.26122511593644926,0.9079629603282198,,0.5452737808227539,0.9999653100967408,0.1569808410239841,1.0162104846896878,-4.181268055204422,0.9999894499778748,0.9999994039535522,-0.020509484809113163,0.9791279750541398,-3.539671876846356,0.9999786019325256,0.9999991655349731,-0.2504742071992636,1.2125961906260805,-4.939889714099832,0.9958834648132324,0.9999971389770508,-0.38667159543331997,1.1291739710027342,-4.228511071343786,0.9682321548461914,0.9999918937683104,-0.1910387888076863,2.0408128571664435,-4.41937612828827,0.9940464496612548,0.9999723434448242,-0.31668700899747027,1.9008796008423665,-3.7537904324831226,0.9596387147903442,0.9999853372573853,0.5089278198900213,0.8664855606906087,-0.0792484134435653,0.955774188041687,0.9998828172683716,0.4905708009824343,0.8454598016116468,0.0216565765440464,0.90718275308609,0.9999791383743286,0.4778718821930174,0.8931371280641289,-0.1409999877214431,0.9944254755973816,0.9995546936988832,0.4613006030901895,0.8702762672951194,-0.0254526175558567,0.9672858119010924,0.9997687935829164,False,False,False,False,False,False,False,False,False,False,False,False,False,False,False,False,False,False,mediapipe,mediapipe,mediapipe,mediapipe,mediapipe,movenet,mediapipe,gpr,mediapipe,mediapipe,mediapipe,mediapipe,mediapipe,mediapipe,mediapipe,mediapipe,mediapipe,mediapipe
367,7.34,-0.13163230968758136,-0.3649485599200664,-0.5348006141079832,0.9999915957450868,0.9999958276748656,0.5291177034378052,0.4797757863998413,-0.1512321829795837,0.9999937415122986,0.9999969005584716,0.1373199344385436,0.00014177652877346586,-0.5146681498364365,0.9999980926513672,0.9999994039535522,-0.1373199344385436,-0.00014177652877346586,1.6858404697060723,0.9999373555183412,0.9999837875366212,0.1299432168566029,0.6442390538752095,-5.082506748080661,0.9992318153381348,0.9999897480010986,-0.16596884911899587,0.5241934774898283,,0.5088624358177185,0.9998937845230104,0.0052484921646221705,1.1249908402460145,-5.255322970334073,0.999099850654602,0.9999983310699464,-0.2605474751337266,0.9142430601012542,,0.5350883603096008,0.9999364614486694,0.1572771171845162,1.0162137288308877,-4.19444326935442,0.9999896287918092,0.9999995231628418,-0.020584117930903763,0.9791095592492799,-3.5548740908126515,0.9999788403511048,0.9999992847442628,-0.2508892439289559,1.2138478500583536,-4.960255745949304,0.9959226846694946,0.9999982118606568,-0.3870069370657866,1.1311954859405706,-4.269583843675784,0.9684500098228456,0.9999938011169434,-0.19124395879729705,2.043573106053747,-4.437395147418493,0.994163453578949,0.9999849796295166,-0.3172034092208513,1.9049248206263976,-3.7909003629132845,0.9601600766181946,0.9999879598617554,0.508966334494123,0.8665245447681245,-0.0797278359532356,0.9562015533447266,0.9999369382858276,0.4904593241798307,0.8455848882804128,0.0181519947946071,0.9076154828071594,0.9999833106994628,0.4778571322664527,0.8932721778785178,-0.1424731463193893,0.9945164322853088,0.999745547771454,0.4612802684584987,0.870374162297151,-0.031043704599142,0.9676876068115234,0.9998204112052916,False,False,False,False,False,False,False,False,False,False,False,False,False,False,False,False,False,False,mediapipe,mediapipe,mediapipe,mediapipe,mediapipe,movenet,mediapipe,gpr,mediapipe,mediapipe,mediapipe,mediapipe,mediapipe,mediapipe,mediapipe,mediapipe,mediapipe,mediapipe
368,7.36,-0.13257136164342118,-0.3657287939905211,-0.5458487907372107,0.999991774559021,0.999997854232788,0.5289441347122192,0.4797742366790771,-0.1494689732789993,0.9999939203262328,0.9999982118606568,0.1375258174505595,0.0007310111659353225,-0.5192598384341235,0.9999980926513672,0.9999995231628418,-0.1375258174505595,-0.0007310111659353225,1.7107083181575415,0.9999379515647888,0.9999862909317015,0.12994335281901653,0.6455937742820279,-5.152413294812025,0.999250590801239,0.9999890327453612,-0.16084257100017116,0.5265626205688135,,0.5145971775054932,0.9999051094055176,0.004278112592867167,1.1255969414727025,-5.325336018893455,0.9991280436515808,0.9999983310699464,-0.2606965169247845,0.9205336265354962,,0.5461194515228271,0.9999626874923706,0.15626149688653113,1.0158481486431075,-4.266733542050794,0.9999898076057434,0.9999995231628418,-0.020872293172181217,0.9795640302105735,-3.6235965691994227,0.9999791979789734,0.9999992847442628,-0.2508092600178404,1.2151493617298514,-5.072186792922885,0.9960853457450868,0.9999980926513672,-0.38736921120325707,1.131526736691842,-4.341819973661532,0.9696635603904724,0.9999938011169434,-0.19134375844197388,2.0444328001901786,-4.512586150662355,0.994314193725586,0.9999837875366212,-0.31739803300478664,1.9075719905644868,-3.861452090316795,0.9615135192871094,0.999988317489624,0.5089873061591387,0.8665363159213054,-0.0799637883901596,0.9571653008461,0.9999316930770874,0.4904170797004579,0.8457459567032237,0.0181481856852769,0.9104270935058594,0.9999834299087524,0.4778851495756148,0.893195901578403,-0.1423619836568832,0.9946534633636476,0.999717891216278,0.4612605479352692,0.8703916798104796,-0.0308010913431644,0.9687626361846924,0.999810755252838,False,False,False,False,False,False,False,False,False,False,False,False,False,False,False,False,False,False,mediapipe,mediapipe,mediapipe,mediapipe,mediapipe,movenet,mediapipe,gpr,mediapipe,mediapipe,mediapipe,mediapipe,mediapipe,mediapipe,mediapipe,mediapipe,mediapipe,mediapipe
369,7.38,-0.13306879458786108,-0.3647228915268001,-0.555739540719486,0.9999921321868896,0.9999984502792358,0.5288663506507874,0.4797725677490234,-0.1510913074016571,0.999994158744812,0.9999982118606568,0.13713744762172222,0.0005573281028145056,-0.5108571626011696,0.9999980926513672,0.9999995231628418,-0.13713744762172222,-0.0005573281028145056,1.6723415520534672,0.9999396800994872,0.999990940093994,0.13042938026525444,0.6426320633330381,-5.051987025617429,0.9992413520812988,0.9999890327453612,-0.16809914859290911,0.5165185149309671,,0.5244311094284058,0.999942183494568,0.005443816709644235,1.1245179922074957,-5.220735278555054,0.9991145730018616,0.9999980926513672,-0.26149094372210174,0.9273277956261738,,0.5607094764709473,0.999974012374878,0.16015474823612005,1.015591579851364,-4.168346500940604,0.9999897480010986,0.9999995231628418,-0.01877460726933206,0.9794050757198207,-3.5234390676729386,0.9999793171882628,0.9999994039535522,-0.250270710701898,1.215640347601091,-4.8769391297244615,0.9958847761154176,0.9999969005584716,-0.3869921357879499,1.1319112731521264,-4.186582911945038,0.9689790606498718,0.9999922513961792,-0.1908858642848449,2.043459971950707,-4.349077283419471,0.9941442608833312,0.9999730587005616,-0.3167743860740293,1.9086012985650933,-3.6998502983276804,0.9604849219322203,0.999986171722412,0.5089775839329891,0.8664342687402317,-0.0705991834402084,0.9559279680252076,0.9998890161514282,0.4904282543903754,0.8458015954855739,0.0277720484882593,0.9089511632919312,0.999980926513672,0.4779003472317084,0.893197758353398,-0.1304244399070739,0.9944967031478882,0.9995675683021544,0.4612676617982515,0.8703997342180839,-0.0179795734584331,0.967972695827484,0.9997809529304504,False,False,False,False,False,False,False,False,False,False,False,False,False,False,False,False,False,False,mediapipe,mediapipe,mediapipe,mediapipe,mediapipe,movenet,mediapipe,gpr,mediapipe,mediapipe,mediapipe,mediapipe,mediapipe,mediapipe,mediapipe,mediapipe,mediapipe,mediapipe
370,7.4,-0.13481706338527963,-0.3639240330007009,-0.5491069228646612,0.9999921321868896,0.99999737739563,0.5285614132881165,0.4798482358455658,-0.1518436521291732,0.999994158744812,0.9999977350234984,0.13744362776657,0.0006288734282367149,-0.5141828066043137,0.9999980926513672,0.9999995231628418,-0.13744362776657,-0.0006288734282367149,1.68430301072898,0.9999396204948424,0.999987006187439,0.13095883992015167,0.6441158023031286,-5.106814780355643,0.9992502331733704,0.9999902248382568,-0.17432476805085378,0.5251152666469879,,0.5189194679260254,0.999904990196228,0.005686936799972178,1.1243956492217868,-5.282699432822368,0.999126136302948,0.9999982118606568,-0.264380099207913,0.9357233101268331,,0.5550717115402222,0.9999434947967528,0.16019477701024695,1.0164167660183896,-4.202802334757255,0.9999897480010986,0.9999995231628418,-0.01739560029677045,0.9784788190010241,-3.5571837186425888,0.9999792575836182,0.9999991655349731,-0.2512724851623919,1.21693648887748,-4.902797726072741,0.9958506226539612,0.999997615814209,-0.386894316806559,1.1335334844914136,-4.229809454335207,0.9686464667320251,0.9999922513961792,-0.19094612610995398,2.045073828792761,-4.358509355010995,0.9941266775131226,0.999979853630066,-0.31670591544931986,1.9114989451959816,-3.7450521946206026,0.96019846200943,0.9999845027923584,0.5088947966937988,0.8663151246128682,-0.0664248615503311,0.955863118171692,0.9999165534973145,0.4904129948371509,0.8457777115292782,0.0260123964399099,0.9081476926803588,0.9999785423278807,0.4779025576053533,0.8932320802083961,-0.1250331848859787,0.9944792985916138,0.9996531009674072,0.4613017834427763,0.8704023886393856,-0.0204950869083404,0.9677338004112244,0.9997546076774596,False,False,False,False,False,False,False,False,False,False,False,False,False,False,False,False,False,False,mediapipe,mediapipe,mediapipe,mediapipe,mediapipe,movenet,mediapipe,gpr,mediapipe,mediapipe,mediapipe,mediapipe,mediapipe,mediapipe,mediapipe,mediapipe,mediapipe,mediapipe
371,7.42,-0.1371304457718799,-0.3634363114415995,-0.5555357317647112,0.9999924302101136,0.9999982118606568,0.5281659960746765,0.4798781871795654,-0.1454125046730041,0.9999943375587464,0.9999983310699464,0.13775564646499114,0.0003815185530925182,-0.5061652167661533,0.9999980926513672,0.9999994039535522,-0.13775564646499114,-0.0003815185530925182,1.6675076772479034,0.9999388456344604,0.9999858140945436,0.13158262888234512,0.6432849094958693,-5.063777134813755,0.9992481470108032,0.9999871253967284,-0.1729608826135223,0.5230873970870398,,0.5161390900611877,0.9998866319656372,0.005470999748151251,1.1222206311052068,-5.2461500134966546,0.9991245865821838,0.9999977350234984,-0.26821140073136607,0.9421568264958696,,0.5492438077926636,0.9999243021011353,0.16205228926391205,1.016470399225021,-4.170008287818555,0.9999898672103882,0.9999995231628418,-0.016078877107126296,0.9781954281614377,-3.5254906261190118,0.999979555606842,0.9999992847442628,-0.25072562022146555,1.215216765788364,-4.878481057817486,0.9959931373596193,0.999997615814209,-0.38592872589076627,1.1322285815558946,-4.202684552123777,0.9698175191879272,0.9999924898147584,-0.1903775393454857,2.0417122647770642,-4.340598448811586,0.9943186044692992,0.9999799728393556,-0.31589256460051734,1.909422805970195,-3.7133795408207746,0.9616477489471436,0.9999853372573853,0.5087972655718712,0.8661518648509956,-0.0686919242143631,0.9573213458061218,0.9999152421951294,0.4903861731638177,0.8456254679284195,0.0259107481688261,0.910801887512207,0.9999794960021972,0.4779075837774444,0.8932758585000673,-0.127761110663414,0.9946430921554564,0.9995914101600648,0.4613450662795214,0.8704433864924757,-0.0216159168630838,0.9686776399612428,0.9997218251228333,False,False,False,False,False,False,False,False,False,False,False,False,False,False,False,False,False,False,mediapipe,mediapipe,mediapipe,mediapipe,mediapipe,movenet,mediapipe,gpr,mediapipe,mediapipe,mediapipe,mediapipe,mediapipe,mediapipe,mediapipe,mediapipe,mediapipe,mediapipe
372,7.44,-0.1389129089304717,-0.3607994076204179,-0.5592143126635466,0.999992609024048,0.9999982118606568,0.5275480151176453,0.4800180494785309,-0.1450858563184738,0.999994456768036,0.9999983310699464,0.1376415293891316,-1.0059006610044095e-05,-0.5139002630041111,0.9999980926513672,0.9999995231628418,-0.1376415293891316,1.0059006610044095e-05,1.6992307650038683,0.999937891960144,0.999985933303833,0.13363212769562227,0.6420590942084368,-5.135607750781949,0.9992485642433168,0.9999901056289672,-0.1733229709813116,0.5245897580157443,,0.5086187720298767,0.9999047517776488,0.007780937466004697,1.120126598124172,-5.324165013099768,0.9991397261619568,0.9999984502792358,-0.27219688983200757,0.9482803553376997,,0.5447823405265808,0.999953031539917,0.16354347931905497,1.015339759927928,-4.245715172222809,0.9999891519546508,0.9999991655349731,-0.012862185630838747,0.9789759492145453,-3.5992660366074993,0.999978005886078,0.9999986886978148,-0.24832709065300604,1.2093815444230593,-4.961976969478604,0.9957849383354188,0.9999966621398926,-0.38314539218691895,1.1303280087101466,-4.270142705488035,0.9679210782051086,0.9999890327453612,-0.18802335889895747,2.037467424714156,-4.444717702073612,0.9941410422325134,0.9999675750732422,-0.3134469795104357,1.9063488128462913,-3.7928567346116018,0.9594926834106444,0.999976634979248,0.5087595477804451,0.8659739120579011,-0.0740916281938552,0.9570189714431764,0.9998639822006226,0.4903869566383909,0.8454636074168443,0.0256005208939313,0.9078450202941896,0.9999679327011108,0.4779170413256259,0.8933245875896575,-0.1345863044261932,0.9945105910301208,0.9995237588882446,0.4613305324718957,0.8704999517171834,-0.0218724142760038,0.9670791625976562,0.9996967315673828,False,False,False,False,False,False,False,False,False,False,False,False,False,False,False,False,False,False,mediapipe,mediapipe,mediapipe,mediapipe,mediapipe,movenet,mediapipe,gpr,mediapipe,mediapipe,mediapipe,mediapipe,mediapipe,mediapipe,mediapipe,mediapipe,mediapipe,mediapipe
373,7.46,-0.14060664455148064,-0.3567441756304036,-0.5465422848683493,0.9999920129776,0.9999947547912598,0.5266903638839722,0.4803282022476196,-0.1472228914499282,0.999994158744812,0.999996304512024,0.13822612744175095,-0.00038352775656756043,-0.5221173108088178,0.9999980926513672,0.9999992847442628,-0.13822612744175095,0.00038352775656756043,1.725215291449008,0.999934732913971,0.9999775886535645,0.13613932587590832,0.6413667758046129,-5.211550179588537,0.9992370009422302,0.9999877214431764,-0.17414068547038042,0.5331543216164666,,0.4963422417640686,0.999858856201172,0.009949811438652093,1.1184626720480393,-5.390464594995693,0.9991241693496704,0.999997615814209,-0.27809975724066704,0.9555917722617207,,0.5282960534095764,0.9998960494995116,0.16644980214897565,1.014938076266449,-4.307931989493669,0.999988615512848,0.999998927116394,-0.008618427967154145,0.978824511737418,-3.660854884120511,0.999976933002472,0.9999984502792358,-0.24604657701736207,1.2075709938485129,-5.015675961500905,0.9954379200935364,0.9999946355819702,-0.37975959142454757,1.1289203666146628,-4.324639331031246,0.9656491279602052,0.99998140335083,-0.18570734102845432,2.0368719373066746,-4.499010679550488,0.9937554001808168,0.999950647354126,-0.3114030527872002,1.9056316816308636,-3.856366645778398,0.9570428729057312,0.999958038330078,0.5087429351739964,0.8658304460398824,-0.0725811794400215,0.9554741978645324,0.9998058676719666,0.4903804764742074,0.8452767927052002,0.0250421464443206,0.9036720395088196,0.999945878982544,0.4779178835017432,0.8934749312056273,-0.1319009810686111,0.9941328763961792,0.999198853969574,0.4612599770367018,0.8705957069263613,-0.0221439488232135,0.9647114872932434,0.9994127750396729,False,False,False,False,False,False,False,False,False,False,False,False,False,False,False,False,False,False,mediapipe,mediapipe,mediapipe,mediapipe,mediapipe,movenet,mediapipe,gpr,mediapipe,mediapipe,mediapipe,mediapipe,mediapipe,mediapipe,mediapipe,mediapipe,mediapipe,mediapipe
374,7.48,-0.14508126443681846,-0.3576172550248227,-0.5976534331472295,0.9999918937683104,0.9999966621398926,0.5258166193962097,0.4806009829044342,-0.1687505543231964,0.9999939799308776,0.9999969005584716,0.14037949983909195,0.00020715066846836827,-0.5382162712305278,0.9999980330467224,0.9999991655349731,-0.14037949983909195,-0.00020715066846836827,1.7380831705181496,0.9999321103096008,0.9999790191650392,0.1388171393376361,0.6480712631436513,-5.365983521479081,0.9991936087608336,0.999984622001648,-0.17162257594724636,0.5314998485239313,,0.4783818125724792,0.9998670816421508,0.009086056906612567,1.122299859842987,-5.577980602856779,0.9990347027778624,0.9999959468841552,-0.28623270686042207,0.9664034796404919,,0.504734218120575,0.9998761415481568,0.1767819964438128,1.017830212860158,-4.324444916341232,0.9999874830245972,0.9999985694885254,-0.00013351600111970646,0.974353341523647,-3.664437240792679,0.9999749660491944,0.9999980926513672,-0.24489534572896582,1.2118333947417597,-4.963969949481913,0.9937713742256165,0.999990940093994,-0.3764020903555102,1.1326454880555739,-4.293752489136864,0.9585205912590028,0.9999738931655884,-0.18363760326551753,2.0445009562354928,-4.440516480717148,0.9918325543403624,0.9998903274536132,-0.3101891040575639,1.9132951243692966,-3.8160818603621727,0.9487265944480896,0.9999300241470336,0.5087771942287627,0.8655854110673336,-0.0617623925209045,0.9470384120941162,0.9995800852775574,0.4903799087017579,0.8452072531193309,0.0323529094457626,0.8921025991439819,0.9999088048934937,0.4779702861270161,0.8935405500841054,-0.1208708435297012,0.9923684000968932,0.998544692993164,0.4611374943545382,0.8707143901945017,-0.0140647077932953,0.9572047591209412,0.999092698097229,False,False,False,False,False,False,False,False,False,False,False,False,False,False,False,False,False,False,mediapipe,mediapipe,mediapipe,mediapipe,mediapipe,movenet,mediapipe,gpr,mediapipe,mediapipe,mediapipe,mediapipe,mediapipe,mediapipe,mediapipe,mediapipe,mediapipe,mediapipe
375,7.5,-0.146880793105276,-0.35603243620408076,-0.577145678815864,0.9999921917915344,0.9999984502792358,0.5249382257461548,0.4812458157539367,-0.162268728017807,0.999994158744812,0.9999986886978148,0.14247726621253098,-0.00012091928387057989,-0.5301779683391783,0.9999980926513672,0.9999995231628418,-0.14247726621253098,0.00012091928387057989,1.7212318310092511,0.9999322295188904,0.9999881982803344,0.14250903482569893,0.6489321002286192,-5.302606625932224,0.999193787574768,0.9999901056289672,-0.16977917171542453,0.5330934100652993,,0.4635539650917053,0.99990975856781,0.00720809977397974,1.1207162582638452,-5.502888869342196,0.999030351638794,0.9999977350234984,-0.292837492049046,0.9737324111454231,,0.4941470324993133,0.9999493360519408,0.18496787165644224,1.0185606163368333,-4.301898115714098,0.9999873042106628,0.9999992847442628,0.004124728854863613,0.9724803145412527,-3.6336311411268745,0.9999746680259703,0.999998927116394,-0.24372602047100206,1.227528292349524,-4.90483390527133,0.993503749370575,0.999996781349182,-0.36763254674853246,1.1325032079644908,-4.263286592908209,0.9573474526405334,0.9999920129776,-0.17931540951498545,2.04386008490972,-4.3017855356911845,0.9912822246551514,0.9999568462371826,-0.30612824784255327,1.9135368139014342,-3.761858000241416,0.94681578874588,0.9999743700027466,0.5088455633961528,0.8653143918041883,-0.0432999469339847,0.9451223015785216,0.99983012676239,0.4903829494417421,0.8451772653139576,0.0369785912334919,0.8902245759963989,0.9999637603759766,0.4780451187859615,0.8935582543308663,-0.095849223434925,0.9919124841690063,0.9994192123413086,0.4609830372539168,0.8707522082995724,-0.0052388138137757,0.955826699733734,0.9996299743652344,False,False,False,False,False,False,False,False,False,False,False,False,False,False,False,False,False,False,mediapipe,mediapipe,mediapipe,mediapipe,mediapipe,movenet,mediapipe,gpr,mediapipe,mediapipe,mediapipe,mediapipe,mediapipe,mediapipe,mediapipe,mediapipe,mediapipe,mediapipe
376,7.52,-0.15212310062521245,-0.35524843842364645,-0.6167515839938037,0.9999924302101136,0.9999984502792358,0.5240588188171387,0.481656551361084,-0.1724503338336944,0.9999942779541016,0.9999984502792358,0.14467600957734328,0.0004559279972280568,-0.5374413463810891,0.9999980926513672,0.9999995231628418,-0.14467600957734328,-0.0004559279972280568,1.7393026141804726,0.9999325275421144,0.9999879598617554,0.14505821986675943,0.6607754848473034,-5.404153832246577,0.9991518259048462,0.9999885559082032,-0.16560612516331707,0.5346686959789206,,0.4490334391593933,0.9999123811721802,0.0030843248564676583,1.1271157076640772,-5.593454996471767,0.9989764094352722,0.9999972581863404,-0.30263511292692463,0.9869679771668304,,0.4832296669483185,0.99994695186615,0.1959835385954174,1.0191972241253535,-4.3777329577760975,0.9999863505363464,0.999998927116394,0.012783566857996235,0.9698770066867111,-3.701016344134237,0.9999730587005616,0.9999986886978148,-0.24079268265202614,1.2519638573584546,-4.9369355073314525,0.9916836023330688,0.9999938011169434,-0.3635689240532003,1.1410022808731473,-4.296070614468546,0.9507838487625122,0.9999858140945436,-0.17652665036570953,2.0578091717523326,-4.354106632742237,0.9887601137161256,0.9999058246612548,-0.30451588968084486,1.9279056006940707,-3.8068299005840602,0.9390761256217957,0.9999508857727052,0.508916760380175,0.8650029127970187,-0.0405843928456306,0.935275673866272,0.9996416568756104,0.4903779683552156,0.8452759371215114,0.0403708294034004,0.8798255324363708,0.9999322891235352,0.4781415372183841,0.8934100712095964,-0.0946334227919578,0.9896970987319946,0.9988963603973388,0.4608144993548638,0.8707285032961497,-0.001987769966945,0.9493584036827089,0.999362051486969,False,False,False,False,False,False,False,False,False,False,False,False,False,False,False,False,False,False,mediapipe,mediapipe,mediapipe,mediapipe,mediapipe,movenet,mediapipe,gpr,mediapipe,mediapipe,mediapipe,mediapipe,mediapipe,mediapipe,mediapipe,mediapipe,mediapipe,mediapipe
377,7.54,-0.15502066658648053,-0.3476908120803136,-0.5851936691554872,0.999992609024048,0.9999980926513672,0.5225961804389954,0.4823585748672485,-0.1696445941925048,0.9999943375587464,0.9999979734420776,0.14624648643989946,0.0007693134478690135,-0.5391045813145593,0.9999980926513672,0.9999994039535522,-0.14624648643989946,-0.0007693134478690135,1.747541595749869,0.9999328851699828,0.9999891519546508,0.1478243803762058,0.6619854068413626,-5.431604734555683,0.9991459250450134,0.9999889135360718,-0.16334687712382243,0.5390342910466503,,0.4405385255813598,0.9999250173568726,0.0018635816906451988,1.123815889435667,-5.600078569719729,0.9989672899246216,0.9999977350234984,-0.30669890978096326,0.9925410931988898,,0.480094164609909,0.9999605417251588,0.20805031481537,1.019076199564049,-4.403293424967463,0.9999851584434508,0.9999985694885254,0.02095138091572357,0.9677701013239395,-3.720539710420827,0.9999710321426392,0.9999983310699464,-0.23601915520285813,1.2616135512079798,-4.903253881818217,0.990587592124939,0.9999951124191284,-0.3552429057602274,1.1378646749091998,-4.27563850488511,0.9451795816421508,0.99998939037323,-0.16883202665729782,2.0541772069477853,-4.298668649221182,0.9870474338531494,0.9999256134033204,-0.2965782773185815,1.926995083522777,-3.763951301975758,0.9316781759262084,0.9999624490737916,0.5089644031091183,0.8646687251148825,-0.0285541787743568,0.9293274879455566,0.9997112154960632,0.4903834098841496,0.8455129779857934,0.0504877604544162,0.872671902179718,0.9999477863311768,0.4782472414014513,0.893123469152653,-0.0783630907535553,0.9882470369338988,0.9991770386695862,0.4606515934695186,0.8706145938181955,0.0122840367257595,0.9436164498329164,0.999536156654358,False,False,False,False,False,False,False,False,False,False,False,False,False,False,False,False,False,False,mediapipe,mediapipe,mediapipe,mediapipe,mediapipe,movenet,mediapipe,gpr,mediapipe,mediapipe,mediapipe,mediapipe,mediapipe,mediapipe,mediapipe,mediapipe,mediapipe,mediapipe
378,7.56,-0.15908828829564609,-0.3450311345942738,-0.620421723427184,0.9999929070472716,0.999998927116394,0.5210413336753845,0.4834920167922973,-0.1925880163908004,0.9999945163726808,0.9999986886978148,0.14801916468551923,0.00014631112377646034,-0.5519377100096421,0.999998152256012,0.9999996423721312,-0.14801916468551923,-0.00014631112377646034,1.7517949054345026,0.9999347925186156,0.9999938011169434,0.14415889522919612,0.6766796514555024,-5.527192460701501,0.9991378784179688,0.9999918937683104,-0.16408371654212364,0.5542277625299086,,0.4302358031272888,0.999947190284729,-0.004645580267090153,1.1317929313678095,-5.6690827251634115,0.998950183391571,0.9999982118606568,-0.3136096231525766,1.0048775330010085,,0.4776736199855804,0.999970555305481,0.2271386227689628,1.0204500584344165,-4.415491896389121,0.9999842643737792,0.9999990463256836,0.03282878585705113,0.9625822021332915,-3.7209186370003833,0.999969482421875,0.999998927116394,-0.22799496706592073,1.296689205433256,-4.865944186886289,0.9888388514518738,0.9999958276748656,-0.3503260209949193,1.148212111180779,-4.1936234550223555,0.9351041316986084,0.999991774559021,-0.16292630460804566,2.066839847102729,-4.211572156975095,0.984438180923462,0.9999446868896484,-0.2911586986951079,1.941094953628369,-3.634520907974446,0.9227972626686096,0.999971866607666,0.5090054644571331,0.8644332534227639,-0.0140623487532138,0.9182423949241638,0.99979966878891,0.4904010328518495,0.845853704811534,0.0705877169966697,0.8605977892875671,0.9999629259109496,0.4783376174651116,0.8926865577975653,-0.0652850940823555,0.9860948324203492,0.9994951486587524,0.4605187973081382,0.8704040326994359,0.0310151409357786,0.9370332956314088,0.9997134804725648,False,False,False,False,False,False,False,False,False,False,False,False,False,False,False,False,False,False,mediapipe,mediapipe,mediapipe,mediapipe,mediapipe,movenet,mediapipe,gpr,mediapipe,mediapipe,mediapipe,mediapipe,mediapipe,mediapipe,mediapipe,mediapipe,mediapipe,mediapipe
379,7.58,-0.16285969589249472,-0.3475845183020972,-0.6698343920817001,0.9999931454658508,0.999998927116394,0.5191032886505127,0.4847465753555298,-0.2307274937629699,0.999994695186615,0.9999991655349731,0.1484660042845359,0.003633715558151857,-0.5942814853997266,0.9999982118606568,0.9999997615814208,-0.1484660042845359,-0.003633715558151857,1.8293138876121031,0.9999344944953918,0.9999912977218628,0.14491021817525077,0.6899775480838787,-5.936976393747279,0.9991456866264344,0.9999933242797852,-0.16421142563282756,0.5640205787148691,,0.4052094221115112,0.9999101161956788,-0.0036241273798881504,1.1438741549436087,-6.060756103063457,0.9989180564880372,0.9999972581863404,-0.32336640972422886,1.0195857875447805,,0.4450089931488037,0.9999016523361206,0.24399322905707388,1.0233754063848177,-4.590703777305224,0.9999834299087524,0.9999990463256836,0.046967211603059465,0.9553469141975466,-3.863657567039634,0.9999668598175048,0.9999985694885254,-0.21875999919265973,1.3154087041192435,-5.118909658225272,0.9873077273368835,0.9999955892562866,-0.3413169097745259,1.1532897459985683,-4.316410267256816,0.9220966696739196,0.9999889135360718,-0.1540822867166098,2.079922544501667,-4.479686621770841,0.9820263981819152,0.9999302625656128,-0.2827711000302742,1.9539467785801148,-3.717932124207702,0.9133858680725098,0.9999589920043944,0.5090165753742489,0.8643401319330412,-0.0302063133567571,0.9068934321403505,0.99973064661026,0.4904069297519332,0.84604227195531,0.0812586694955825,0.8479383587837219,0.999943733215332,0.4784147207970398,0.8921850569598349,-0.0873425155878067,0.9837734699249268,0.9993977546691896,0.460451736942039,0.8701056693539497,0.0368833877146244,0.9289811253547668,0.9996507167816162,False,False,False,False,False,False,False,False,False,False,False,False,False,False,False,False,False,False,mediapipe,mediapipe,mediapipe,mediapipe,mediapipe,movenet,mediapipe,movenet,mediapipe,mediapipe,mediapipe,mediapipe,mediapipe,mediapipe,mediapipe,mediapipe,mediapipe,mediapipe
380,7.6,-0.16252147215439613,-0.338320739343803,-0.6398853616727057,0.9999934434890748,0.9999991655349731,0.5171343684196472,0.4865193665027618,-0.2271815240383148,0.999994933605194,0.9999992847442628,0.14755289015874093,0.004073854974667419,-0.5944527288047834,0.9999982714653016,0.9999997615814208,-0.14755289015874093,-0.004073854974667419,1.8405474859449913,0.9999355673789978,0.9999940395355223,0.14736375127839763,0.6922360203110633,-5.9857691124075005,0.9991859793663024,0.999995231628418,-0.16180996564887876,0.5580657440670332,,0.392526626586914,0.9999366998672484,-0.008356909013956991,1.1522262806126853,-6.1180274425760555,0.9989686012268066,0.9999985694885254,-0.3139101400511554,1.0264722536287723,,0.4301086664199829,0.9999486207962036,0.2598781571618903,1.023457305788448,-4.648339508854702,0.9999822974205016,0.9999988079071044,0.06190646775675361,0.9504866283611437,-3.9106812695724043,0.999963641166687,0.9999984502792358,-0.2086320573726396,1.3105154632757627,-5.184300783043619,0.9868203997612,0.9999964237213136,-0.33162821153771566,1.1511287019585716,-4.334046091910347,0.914683163166046,0.9999911785125732,-0.14414298806226905,2.0790806050086807,-4.500499967873927,0.9807601571083068,0.9999477863311768,-0.27246649485754204,1.9531662208005365,-3.738039639145092,0.9074050188064576,0.9999651908874512,0.5089931282408046,0.8644352128733589,-0.0249356459826231,0.9010626673698424,0.9997994303703308,0.4904206849478353,0.8463491340339345,0.0856660678982734,0.8391345739364624,0.9999523162841796,0.478474538990391,0.8917049273744353,-0.08134575933218,0.982603907585144,0.9995827078819276,0.4604512706642118,0.8697912923661724,0.0420897156000137,0.9239996075630188,0.999723494052887,False,False,False,False,False,False,False,False,False,False,False,False,False,False,False,False,False,False,mediapipe,mediapipe,mediapipe,mediapipe,mediapipe,movenet,mediapipe,movenet,mediapipe,mediapipe,mediapipe,mediapipe,mediapipe,mediapipe,mediapipe,mediapipe,mediapipe,mediapipe
381,7.62,-0.16136572180977446,-0.3278510091360803,-0.6846888616308452,0.999993860721588,0.9999996423721312,0.5155583620071411,0.4884813129901886,-0.2362897098064422,0.999995231628418,0.9999995231628418,0.14862604078781186,0.005408003349971477,-0.5952331640218884,0.9999983310699464,0.9999997615814208,-0.14862604078781225,-0.005408003349971477,1.8329190550107557,0.999939262866974,0.9999966621398926,0.15024046854697892,0.6969245232922497,-6.025032351485689,0.9992143511772156,0.999993085861206,-0.16318640403453022,0.5687242251890681,,0.407379537820816,0.999963641166687,-0.014699410073161452,1.1761005272290421,-6.156539606858851,0.9990198612213136,0.9999984502792358,-0.31655403511075914,1.0354356806897198,,0.4555444121360779,0.9999823570251464,0.27764275311491754,1.0233573940858574,-4.653734173074226,0.9999802112579346,0.9999980926513672,0.07798182236938452,0.944771453655472,-3.9028508889391973,0.9999602437019348,0.9999980926513672,-0.19162552888891504,1.3130281475736092,-5.250550912308456,0.9863988757133484,0.9999958276748656,-0.31882805562501315,1.1621553820903257,-4.322735959504716,0.9065300226211548,0.9999922513961792,-0.13292036543476646,2.088644817984068,-4.511397622258081,0.9794878363609314,0.9999322891235352,-0.26132488360368145,1.9624025428653444,-3.7200409473618095,0.9007474780082704,0.9999587535858154,0.5089684180168574,0.8647352784941545,-0.0267708618193864,0.8957822322845459,0.9997283816337584,0.4904382153129812,0.8467526169090026,0.0874475240707397,0.8293643593788147,0.9999417066574096,0.4784913281182877,0.8913093869224873,-0.0955024138092994,0.9816411137580872,0.9994944334030152,0.4604582378080687,0.8695305667834983,0.040640614926815,0.9193398952484132,0.9997259974479676,False,False,False,False,False,False,False,False,False,False,False,False,False,False,False,False,False,False,mediapipe,mediapipe,mediapipe,mediapipe,mediapipe,movenet,mediapipe,movenet,mediapipe,mediapipe,mediapipe,mediapipe,mediapipe,mediapipe,mediapipe,mediapipe,mediapipe,mediapipe
382,7.64,-0.16410492713437816,-0.32142483629432617,-0.669407826870739,0.999994158744812,0.9999992847442628,0.5135589838027954,0.4914022386074066,-0.2437775284051895,0.9999954104423524,0.9999992847442628,0.14865228995009175,0.006526711441686085,-0.5911632009106437,0.9999983906745912,0.9999996423721312,-0.14865228995009214,-0.006526711441686085,1.8029022756637219,0.9999416470527648,0.9999953508377076,0.1524769736354084,0.6985003800320673,-6.030989633048645,0.9992443919181824,0.9999922513961792,-0.16473458251526385,0.5657112468714474,,0.4137538373470306,0.9999487400054932,-0.01615102151355739,1.1891018528870974,-6.159967367445123,0.9990688562393188,0.9999980926513672,-0.3196425015268656,1.0465780088245051,,0.4683988094329834,0.9999716281890868,0.29589106043558283,1.022686130211087,-4.605584799282387,0.999978005886078,0.9999979734420776,0.09450032882960865,0.9388424989930833,-3.8508859282972985,0.9999558329582214,0.9999977350234984,-0.18044187943720583,1.3242710409710077,-5.212159692048304,0.9861441254615784,0.9999948740005492,-0.3091617232534882,1.175452370001435,-4.293692107074102,0.8997341394424438,0.9999899864196776,-0.12138736538629308,2.1038245396650885,-4.521826592304072,0.978138506412506,0.999915599822998,-0.2502898312783899,1.9754728836646254,-3.6602103163103044,0.8935744762420654,0.9999490976333618,0.5089644478473365,0.8650606144002568,-0.0352875404059886,0.8901726007461548,0.9996680021286012,0.4904710298929471,0.8470992394538492,0.0886643454432487,0.8187433481216431,0.9999300241470336,0.4785103878496978,0.8910241170085139,-0.0978894010186195,0.9804513454437256,0.999382734298706,0.4605312711431163,0.8693138627739242,0.0436412431299686,0.9139336943626404,0.9996565580368042,False,False,False,False,False,False,False,False,False,False,False,False,False,False,False,False,False,False,mediapipe,mediapipe,mediapipe,mediapipe,mediapipe,movenet,mediapipe,movenet,mediapipe,mediapipe,mediapipe,mediapipe,mediapipe,mediapipe,mediapipe,mediapipe,mediapipe,mediapipe
383,7.66,-0.16746629846921438,-0.3128797241566872,-0.6495111743264369,0.9999942779541016,0.9999988079071044,0.5113986730575562,0.4939708113670349,-0.2451747059822082,0.9999954700469972,0.9999985694885254,0.14845742505832477,0.009128450084492461,-0.5999706845999788,0.9999983906745912,0.9999995231628418,-0.14845742505832477,-0.009128450084492461,1.8370358059110528,0.9999448657035828,0.999996542930603,0.1534363519689209,0.6978833453708164,-6.16519376145292,0.9992529153823853,0.9999899864196776,-0.16485662642542262,0.5671998291957229,,0.4362342357635498,0.9999674558639526,-0.014799033759915668,1.2081803599550895,-6.279560898048101,0.9991084337234496,0.9999979734420776,-0.3214229093290864,1.0592416694199474,,0.5025063753128052,0.9999876022338868,0.31264923670644584,1.0204162849380922,-4.7105613457850275,0.999974012374878,0.9999961853027344,0.10899383549001136,0.9346328499096053,-3.953040240234424,0.9999505877494812,0.9999969005584716,-0.16774054016776116,1.3203669202440198,-5.317552430031014,0.984918475151062,0.9999927282333374,-0.29704049205160044,1.1739756997637845,-4.36088122345365,0.8872318863868713,0.9999895095825196,-0.1085463681464955,2.105697373428904,-4.612708297103343,0.9748817682266236,0.999891996383667,-0.2371050609282957,1.975998619396058,-3.725029477796135,0.8792623281478882,0.9999392032623292,0.5089710403433504,0.8653317880241488,-0.0328733585774898,0.8789200782775879,0.9995738863945008,0.4905480281178502,0.8473905631990166,0.093912735581398,0.7997568845748901,0.9999164342880248,0.4785465836386037,0.8909028429529351,-0.0924386158585548,0.9780001640319824,0.9992833733558656,0.4606384789888131,0.8691990042066262,0.0496614910662174,0.903292715549469,0.9996035695075988,False,False,False,False,False,False,False,False,False,False,False,False,False,False,False,False,False,False,mediapipe,mediapipe,mediapipe,mediapipe,mediapipe,movenet,mediapipe,movenet,mediapipe,mediapipe,mediapipe,mediapipe,mediapipe,mediapipe,mediapipe,mediapipe,mediapipe,mediapipe
384,7.68,-0.16945133076037172,-0.31259480698965736,-0.6485328874901016,0.9999942183494568,0.9999986886978148,0.5087811350822449,0.4958821535110473,-0.2503247857093811,0.999995231628418,0.999997615814209,0.14847568187676993,0.010350268135629946,-0.5958795192244776,0.9999982714653016,0.9999991655349731,-0.14847568187676993,-0.010350268135629946,1.820253359138654,0.9999489784240724,0.9999982118606568,0.15242430737721735,0.7095392675087753,-6.19785578981337,0.9992557764053344,0.9999853372573853,-0.16022491053236362,0.5809882239117623,,0.4736321568489074,0.9999828338623048,-0.024276050840015644,1.2393280977845038,-6.302497108262313,0.999150574207306,0.999997615814209,-0.31466516688362045,1.0509022557099021,,0.5477057099342346,0.999996542930603,0.33123906280857335,1.0147874118362483,-4.715743686184538,0.9999698400497437,0.9999955892562866,0.1255100703968467,0.9323592773775083,-3.9521695800224,0.9999470114707948,0.99999737739563,-0.15601933721947125,1.3224884799981904,-5.426862926058918,0.9845941662788392,0.9999927282333374,-0.28746367070652856,1.1759943895412193,-4.399653898094293,0.8818375468254089,0.999993085861206,-0.09472037280616559,2.119284392635872,-4.7072083648562275,0.9735566973686218,0.9999204874038696,-0.22473290609750587,1.9875347696017438,-3.8300921822345875,0.8710656762123108,0.9999597072601318,0.5090058836347865,0.8653797558693364,-0.0452468022704124,0.874736487865448,0.9997071623802184,0.4905986432290034,0.8476568186755525,0.0777327120304107,0.7866801619529724,0.9999457597732544,0.4786199632085576,0.8908617040772004,-0.1069859638810157,0.9771801829338074,0.9995033740997314,0.4607650961353518,0.8691815911750994,0.0347250290215015,0.8983374238014221,0.9997468590736388,False,False,False,False,False,False,False,False,False,False,False,False,False,False,False,False,False,False,mediapipe,mediapipe,mediapipe,mediapipe,mediapipe,movenet,mediapipe,movenet,mediapipe,mediapipe,mediapipe,mediapipe,mediapipe,mediapipe,mediapipe,mediapipe,mediapipe,mediapipe
385,7.7,-0.171865239272171,-0.3104326357026258,-0.6342036602078946,0.9999937415122986,0.9999974966049194,0.5062963366508484,0.4975793361663818,-0.2427885085344314,0.9999946355819702,0.9999955892562866,0.1481998129898364,0.011183380888977761,-0.6108815358341989,0.999998152256012,0.999998927116394,-0.1481998129898364,-0.011183380888977761,1.91260071088575,0.9999526143074036,0.9999980926513672,0.1515952419507543,0.7125488616785136,-6.4874641478134825,0.9992483854293824,0.9999839067459106,-0.1647285807199538,0.5847859845453162,,0.5082957148551941,0.9999840259552002,-0.03164876191342452,1.247538748130252,-6.585665695945108,0.9991812705993652,0.9999972581863404,-0.31538072258532984,1.0708494450107209,,0.5893967747688293,0.9999971389770508,0.3457221614384099,1.0123681765272874,-5.02239670599684,0.9999655485153198,0.9999942779541016,0.14111746141850948,0.9274738741604835,-4.254129987020901,0.9999439120292664,0.9999969005584716,-0.14230559636603632,1.3056670987704146,-5.793791687957165,0.9844335317611694,0.9999922513961792,-0.2753119903357938,1.1678969527977587,-4.807701089277735,0.8799210786819458,0.9999936819076538,-0.07958822471314786,2.1235330886921586,-5.0311085095891865,0.9722967147827148,0.9999184608459472,-0.21172138055848025,1.9899442371316258,-4.153511839805819,0.8654159903526306,0.9999622106552124,0.5090570554033039,0.8653085916748159,-0.0467319712042808,0.8700879812240601,0.9997069239616394,0.490561639581806,0.847699142419377,0.0730487182736396,0.7759454846382141,0.9999483823776244,0.4787161826809537,0.8909628025857463,-0.1074260994791984,0.9762746095657348,0.9994997978210448,0.4608744947643558,0.8691928770158698,0.0309614539146423,0.894311785697937,0.9997370839118958,False,False,False,False,False,False,False,False,False,False,False,False,False,False,False,False,False,False,mediapipe,mediapipe,mediapipe,mediapipe,mediapipe,movenet,mediapipe,movenet,mediapipe,mediapipe,mediapipe,mediapipe,mediapipe,mediapipe,mediapipe,mediapipe,mediapipe,mediapipe
386,7.72,-0.17246004646413562,-0.30978461474324537,-0.6326493456359794,0.9999933242797852,0.9999971389770508,0.5043976306915283,0.4998886585235595,-0.2320931404829025,0.9999940991401672,0.9999951124191284,0.14922718314506603,0.013062089491749153,-0.5992198569270831,0.9999979734420776,0.9999986886978148,-0.14922718314506642,-0.013062089491749153,1.901236199941465,0.9999555945396424,0.9999971389770508,0.1496677279540553,0.7239326282716918,-6.448684001267679,0.9992175102233888,0.9999773502349854,-0.1652321041363091,0.6009958027355558,,0.5396418571472168,0.9999754428863524,-0.03554183910970954,1.2645721234935052,-6.572934836169448,0.9991989135742188,0.9999964237213136,-0.2999608073416274,1.056773418382002,-5.275622296297403,0.6272023916244507,0.9999959468841552,0.3563111674554358,1.0112779413358994,-5.052144858881349,0.9999589920043944,0.9999910593032836,0.15220987527055757,0.9229935879755539,-4.282289279959509,0.9999374151229858,0.9999946355819702,-0.12849123892524847,1.2653254508438914,-5.865181974462821,0.9847880601882936,0.9999903440475464,-0.2637983170824931,1.1404636858347972,-4.85552627354669,0.8778144121170044,0.9999896287918092,-0.06354056589243778,2.1237494572820412,-5.144503064441516,0.9722136855125428,0.9999022483825684,-0.19861219009610295,1.988087489249219,-4.20980665298104,0.8594216108322144,0.9999428987503052,0.5091437782163122,0.8651906032384438,-0.0586121343076229,0.8706294298171997,0.9996306896209716,0.4904584624133756,0.8475986023049278,0.0689938366413116,0.7654808759689331,0.9999250173568726,0.4787926270967331,0.8910742525732067,-0.1165368631482124,0.9762921929359436,0.9992639422416688,0.4609638770699235,0.8692523428610177,0.0253843273967504,0.8898988962173462,0.9996029734611512,False,False,False,False,False,False,False,False,False,False,False,False,False,False,False,False,False,False,mediapipe,mediapipe,mediapipe,mediapipe,mediapipe,movenet,mediapipe,mediapipe,mediapipe,mediapipe,mediapipe,mediapipe,mediapipe,mediapipe,mediapipe,mediapipe,mediapipe,mediapipe
387,7.74,-0.17413156368043922,-0.3045493645664974,-0.678029406901392,0.999992847442627,0.999997615814209,0.5025237202644348,0.5022777915000916,-0.2506069242954254,0.9999934434890748,0.9999957084655762,0.15055183662864025,0.012718261978026415,-0.6083764799312269,0.9999977946281432,0.9999984502792358,-0.15055183662864025,-0.012718261978026415,1.8972080501299806,0.9999582767486572,0.9999969005584716,0.15182458885598224,0.7320700680662755,-6.5574728715865165,0.9991829991340636,0.9999746084213256,-0.16583670658865324,0.6004203444446278,,0.567292332649231,0.9999730587005616,-0.03624899560652206,1.2871580166387089,-6.639634519431966,0.999216377735138,0.9999959468841552,-0.30653096010285735,1.0802959388898723,-5.328311546608158,0.66086745262146,0.9999951124191284,0.36933527635575203,1.0078234108045188,-5.044448982044738,0.999949872493744,0.9999889135360718,0.16626514541005355,0.9191255216283799,-4.269238401156191,0.9999277591705322,0.9999933242797852,-0.11528195574320287,1.2488539891997992,-5.952995891277715,0.9843876957893372,0.999987244606018,-0.25145869126335046,1.139479994239809,-4.876035220058384,0.8669759631156921,0.999986171722412,-0.04565971570626437,2.1316736338561344,-5.216308543018163,0.9700623750686646,0.9998908042907716,-0.18431207451121348,1.992822340091508,-4.208308403252088,0.8431209921836853,0.9999303817749025,0.5092214819712529,0.8652303509223178,-0.0695055574178695,0.865138828754425,0.999606192111969,0.4903239956546787,0.8473695003903018,0.0689179748296737,0.7443057298660278,0.9999147653579712,0.478854258091023,0.8912327240952824,-0.1295310109853744,0.974804162979126,0.9993409514427184,0.4609978171217426,0.8692818906479527,0.0235234573483467,0.8776059150695801,0.9996275901794434,False,False,False,False,False,False,False,False,False,False,False,False,False,False,False,False,False,False,mediapipe,mediapipe,mediapipe,mediapipe,mediapipe,movenet,mediapipe,mediapipe,mediapipe,mediapipe,mediapipe,mediapipe,mediapipe,mediapipe,mediapipe,mediapipe,mediapipe,mediapipe
388,7.76,-0.17698178441989643,-0.3022118539161504,-0.6948834872347365,0.9999925494194032,0.9999979734420776,0.5003001093864441,0.5041028261184692,-0.255392849445343,0.9999929666519164,0.9999958276748656,0.14975251539405465,0.0117752882965844,-0.6385884243827411,0.999997615814209,0.9999984502792358,-0.14975251539405465,-0.0117752882965844,2.024753466508268,0.999960720539093,0.9999972581863404,0.1530631215514584,0.7384340239985383,-7.014667096903837,0.9991236925125122,0.999975562095642,-0.16842296426304174,0.6065516366025803,,0.5919760465621948,0.9999769926071168,-0.03337431312842013,1.2944439690968434,-7.084048538376061,0.9992192387580872,0.9999958276748656,-0.312803666706224,1.0963397621213442,-5.7259268373336525,0.6915791630744934,0.9999960660934448,0.3884338362175447,1.0034368203980975,-5.442938131795236,0.9999405741691588,0.999987006187439,0.1816149405058296,0.9136037092089794,-4.652151241356718,0.9999185800552368,0.9999929666519164,-0.09966022715715073,1.2519143779991089,-6.306492651258055,0.9834952354431152,0.999985933303833,-0.23863493333548028,1.1379660660270559,-5.196931421659782,0.8532726764678955,0.999987006187439,-0.02782846251132131,2.136559758492798,-5.573410093847047,0.9670674800872804,0.9998642206192015,-0.16990656341673943,1.994326539908351,-4.460176560695658,0.8255903720855713,0.9999275207519532,0.5092888593951597,0.8653308920093372,-0.0657378658652305,0.8569915294647217,0.999514937400818,0.4901745117210854,0.8471454119348881,0.0891933739185333,0.7227417230606079,0.9999102354049684,0.4788811217932724,0.8913258451681894,-0.1254936605691909,0.972485899925232,0.9992973804473876,0.4610504492735263,0.8692736347794278,0.0452905409038066,0.8633626103401184,0.9996455907821656,False,False,False,False,False,False,False,False,False,False,False,False,False,False,False,False,False,False,mediapipe,mediapipe,mediapipe,mediapipe,mediapipe,movenet,mediapipe,mediapipe,mediapipe,mediapipe,mediapipe,mediapipe,mediapipe,mediapipe,mediapipe,mediapipe,mediapipe,mediapipe
389,7.78,-0.18083391258262818,-0.3040491424615463,-0.7721193439960631,0.999992609024048,0.9999986886978148,0.497876226902008,0.5057322382926941,-0.2785929143428802,0.999992847442627,0.9999970197677612,0.15263815122768884,0.013200082567213634,-0.653221249288823,0.9999974370002748,0.9999982118606568,-0.15263815122768884,-0.013200082567213634,2.0479159544380052,0.9999629259109496,0.99999737739563,0.15878785856860525,0.753630762565345,-7.306443345090598,0.9990848302841188,0.999969244003296,-0.16364395958395017,0.5979185302989624,-5.592235106071233,0.6149125099182129,0.9999734163284302,-0.020762933405253894,1.314078859809273,-7.390441883750926,0.9992153644561768,0.999993085861206,-0.31087291582893584,1.1276980030379427,-5.931132148627441,0.7186931371688843,0.999994158744812,0.4139857913883156,0.998056623992182,-5.570999984281952,0.9999327063560486,0.9999873638153076,0.19906566791159416,0.9056681219336168,-4.760346596825157,0.9999110102653505,0.9999932050704956,-0.08508761832026222,1.2863290173583706,-6.4493859973966545,0.9832506775856018,0.9999847412109376,-0.22557083700606434,1.1544301790791376,-5.297971745018941,0.8430933952331543,0.999987006187439,-0.007903568324521716,2.16401313979756,-5.661786203368676,0.9653279185295104,0.9998650550842284,-0.15439900757760913,2.0139441821515436,-4.445695649638166,0.8119800686836243,0.9999284744262696,0.5093158243141543,0.8657205089544661,-0.0573054440319538,0.8523346781730652,0.999528169631958,0.490012926655217,0.846744672401804,0.1073587238788604,0.7051742672920227,0.9999151229858398,0.4788651681029725,0.8914264125145978,-0.1185440123081207,0.9709792733192444,0.9993298053741456,0.4610748463994151,0.869223448224281,0.0628964453935623,0.8516654968261719,0.9996758699417114,False,False,False,False,False,False,False,False,False,False,False,False,False,False,False,False,False,False,mediapipe,mediapipe,mediapipe,mediapipe,mediapipe,mediapipe,mediapipe,mediapipe,mediapipe,mediapipe,mediapipe,mediapipe,mediapipe,mediapipe,mediapipe,mediapipe,mediapipe,mediapipe
390,7.8,-0.18871129447197182,-0.3175392811856367,-0.7003560404076925,0.9999925494194032,0.9999984502792358,0.4950458705425262,0.5064116716384888,-0.2638608813285827,0.9999926686286926,0.9999964237213136,0.15513470112227218,0.015002078464367496,-0.6600744520515386,0.9999972581863404,0.9999983310699464,-0.15513470112227218,-0.015002078464367496,2.140114832934902,0.9999653100967408,0.9999982118606568,0.15947871917505466,0.7634358124727398,-7.6770622188028375,0.9990383982658386,0.9999734163284302,-0.16994646509455705,0.6070574465416491,-6.0040508614553145,0.638816237449646,0.999982476234436,-0.017057497421611157,1.3325371880721084,-7.7392216699322605,0.9992057085037231,0.9999943971633912,-0.30936215420887725,1.1577445484671798,-6.3798180453486495,0.7439360022544861,0.9999961853027344,0.4323051136466859,0.9899392748389066,-5.986005827071689,0.9999310374259948,0.9999912977218628,0.2102471295564504,0.9040318481602305,-5.1600584087202455,0.9999110698699952,0.9999959468841552,-0.07749962957294498,1.2950869766406239,-6.872239176057379,0.9838141202926636,0.9999914169311525,-0.21380497842101676,1.1669878181262983,-5.7227915567542285,0.8393134474754333,0.9999940395355223,0.012206391523093427,2.1944610400179294,-6.105601064163754,0.9663520455360411,0.999915361404419,-0.13884862708233245,2.0373359008451,-4.958430920769807,0.810560405254364,0.9999567270278932,0.5093387180552907,0.8663002998678856,-0.0625426992774009,0.8566702008247375,0.9996892213821412,0.4898678795857875,0.8464762593482779,0.090011641383171,0.7017922401428223,0.9999432563781738,0.4789223955783545,0.8917111080565399,-0.1233782991766929,0.9717610478401184,0.9995086193084716,0.4610378679000981,0.8691606842554555,0.0451274402439594,0.851326584815979,0.999756634235382,False,False,False,False,False,False,False,False,False,False,False,False,False,False,False,False,False,False,mediapipe,mediapipe,mediapipe,mediapipe,mediapipe,mediapipe,mediapipe,mediapipe,mediapipe,mediapipe,mediapipe,mediapipe,mediapipe,mediapipe,mediapipe,mediapipe,mediapipe,mediapipe
391,7.82,-0.191468201680434,-0.31918060629629896,-0.6866155525424357,0.9999914169311525,0.9999957084655762,0.4923804700374603,0.5070244073867798,-0.2538984715938568,0.9999911785125732,0.9999899864196776,0.15626336490903645,0.013404695950044334,-0.6545101671727281,0.9999967217445374,0.9999960660934448,-0.1562633649090369,-0.013404695950044334,2.162592483740371,0.9999668598175048,0.9999966621398926,0.1646449607812607,0.769973699680184,-7.830365925893846,0.9988732933998108,0.9999494552612304,-0.17487233308886022,0.618622302307133,-6.146222095345285,0.6570056080818176,0.9999727010726928,-0.014041409358779058,1.3559852416674074,-7.8942863217180275,0.99910306930542,0.9999864101409912,-0.30888523767352216,1.180657821387316,-6.511901141754613,0.7662625908851624,0.9999945163726808,0.44463907537506775,0.9856318157722802,-6.160432161674474,0.9999276995658876,0.9999877214431764,0.2173954324051392,0.9016175875944872,-5.328707506200894,0.9999102354049684,0.9999946355819702,-0.06532016637920085,1.312713249412838,-7.033217311550848,0.9837848544120787,0.9999853372573853,-0.20145696254478923,1.1790309045440321,-5.96673578942308,0.8388112783432007,0.9999921321868896,0.031090063854860555,2.2179304596800082,-6.282492074610678,0.9666816592216492,0.999871015548706,-0.12173830077239592,2.05596729017609,-5.275151723994914,0.8103533387184143,0.9999401569366456,0.5092458709692357,0.8669505629228289,-0.06309175491333,0.8587116599082947,0.9995241165161132,0.4897746052636423,0.8462671002585871,0.0692931935191154,0.6996221542358398,0.999916672706604,0.478814233016302,0.8916185819185719,-0.1223412007093429,0.9718741178512572,0.9991859793663024,0.4609931034224862,0.8690333032941507,0.0241770707070827,0.8509197235107422,0.9996050000190736,False,False,False,False,False,False,False,False,False,False,False,False,False,False,False,False,False,False,mediapipe,mediapipe,mediapipe,mediapipe,mediapipe,mediapipe,mediapipe,mediapipe,mediapipe,mediapipe,mediapipe,mediapipe,mediapipe,mediapipe,mediapipe,mediapipe,mediapipe,mediapipe
392,7.84,-0.19218767472057835,-0.3194967876176568,-0.7398193774309653,0.9999902844429016,0.9999960660934448,0.4899531602859497,0.5076047778129578,-0.2610560655593872,0.9999898076057434,0.999990463256836,0.1585420780220384,0.012391841828728408,-0.6663920653401723,0.9999962449073792,0.9999959468841552,-0.1585420780220384,-0.012391841828728408,2.2040048780424195,0.9999679923057556,0.9999959468841552,0.1715260074857589,0.779548880006524,-8.048899405168328,0.9987229704856871,0.9999535083770752,-0.16856077600303673,0.6373515249476756,-6.329239730011809,0.6707833409309387,0.9999672174453736,-0.007540786120753795,1.3794336289582805,-8.134590052789274,0.999007284641266,0.9999876022338868,-0.30531065091665666,1.201663995733287,-6.719640409967867,0.7852405905723572,0.9999935626983644,0.4610169905081615,0.979508251044647,-6.306064942929968,0.9999238848686218,0.9999865293502808,0.22779846583323504,0.8981320944702211,-5.470957289158683,0.9999080896377563,0.9999935626983644,-0.049733307064581816,1.320443988099622,-7.2425280879362095,0.9831993579864502,0.999984622001648,-0.18556948621765001,1.1983584393994569,-6.181705996834073,0.8333269357681274,0.999990940093994,0.04992444559868892,2.2316080404385747,-6.480850257035971,0.9659898281097412,0.9998846054077148,-0.10155280808948883,2.0696909895795303,-5.459215939137499,0.8052011728286743,0.999941110610962,0.5090669825638381,0.8674717041162365,-0.0699952542781829,0.8579155802726746,0.9995786547660828,0.489712326746166,0.8463143898056961,0.0639888420701026,0.6924430727958679,0.9999200105667114,0.4786449965341398,0.8912098916260535,-0.1336549073457718,0.971298336982727,0.9993590712547302,0.4610312139237689,0.8689545181803514,0.0142310000956058,0.8464634418487549,0.9996604919433594,False,False,False,False,False,False,False,False,False,False,False,False,False,False,False,False,False,False,mediapipe,mediapipe,mediapipe,mediapipe,mediapipe,mediapipe,mediapipe,mediapipe,mediapipe,mediapipe,mediapipe,mediapipe,mediapipe,mediapipe,mediapipe,mediapipe,mediapipe,mediapipe
393,7.86,-0.19629294631439484,-0.3230119250090309,-0.6611166127522263,0.999990165233612,0.9999955892562866,0.4874063730239868,0.50816410779953,-0.2602802813053131,0.9999897480010986,0.999990701675415,0.15748398356413104,0.01559105543259642,-0.6428129932728828,0.9999958276748656,0.999996304512024,-0.15748398356413104,-0.01559105543259642,2.0963831419843117,0.999969244003296,0.9999970197677612,0.17489884642187228,0.7890087020597626,-7.730693941993667,0.9987365007400512,0.9999444484710692,-0.1612372499880567,0.6414503515289703,-6.094941677042985,0.6879029870033264,0.9999662637710572,-0.0007190494843417796,1.3905080912909074,-7.791750238494686,0.9989975094795228,0.99998140335083,-0.3010069481761058,1.2218029251364706,-6.444280381407123,0.8033856749534607,0.9999903440475464,0.47774424808347987,0.9725827066599985,-6.002312547927096,0.99992173910141,0.9999849796295166,0.24945707132805764,0.8905271239850231,-5.176229253391213,0.999907374382019,0.9999933242797852,-0.031691919814330144,1.3298200856333426,-6.9229122616198415,0.9842308759689332,0.999980092048645,-0.17590540111039152,1.2145461975278018,-5.836632746668789,0.8353950381278992,0.999987006187439,0.06557355662472714,2.2418743833104964,-6.117512325235186,0.9673541188240052,0.9998297691345216,-0.08185549414585941,2.086115406664554,-5.079981385993966,0.8023616075515747,0.9998999834060668,0.5087482723600671,0.867853529108712,-0.0602224357426166,0.8642324209213257,0.9993705153465272,0.4897202340872983,0.8467616170714252,0.0749555975198745,0.6895772218704224,0.9998728036880492,0.4784283290654085,0.8905128187788695,-0.1137761771678924,0.972128450870514,0.9988705515861512,0.4611106698329644,0.8689715278732216,0.0333235971629619,0.8442698121070862,0.999394416809082,False,False,False,False,False,False,False,False,False,False,False,False,False,False,False,False,False,False,mediapipe,mediapipe,mediapipe,mediapipe,mediapipe,mediapipe,mediapipe,mediapipe,mediapipe,mediapipe,mediapipe,mediapipe,mediapipe,mediapipe,mediapipe,mediapipe,mediapipe,mediapipe
394,7.88,-0.19913385859201152,-0.32085895275114296,-0.6558111585167461,0.999990165233612,0.999996781349182,0.484828770160675,0.5084155201911926,-0.2533899545669555,0.9999897480010986,0.9999934434890748,0.15654148824742214,0.013879711912385271,-0.6551806491055601,0.9999956488609314,0.9999974966049194,-0.15654148824742214,-0.013879711912385271,2.1764194790640032,0.9999707341194152,0.9999979734420776,0.17326665258455307,0.7883723717652517,-7.9851390619001865,0.9987501502037048,0.9999688863754272,-0.16319781035064412,0.6497035152193946,-6.328942633336878,0.7059697508811951,0.9999808073043824,0.008944131133312742,1.3940512511857721,-8.04611642467457,0.9990240931510924,0.9999924898147584,-0.29754711426980957,1.2187760709909576,-6.684136736914921,0.8203204870223999,0.9999948740005492,0.500538168424507,0.9599014822653406,-6.280871749938617,0.9999189972877502,0.9999810457229614,0.27238357274210834,0.8847101251013629,-5.452845783921383,0.999906361103058,0.9999920129776,-0.020500865244221345,1.338676756401789,-7.149328155037869,0.9847684502601624,0.999976634979248,-0.15872448054710828,1.2222281272567974,-6.103196013770152,0.8313935399055481,0.9999873638153076,0.07686916487852569,2.249108920668153,-6.39301430207275,0.9673076868057252,0.9997681975364684,-0.06569394418432621,2.103516694683023,-5.422955603766192,0.7952057123184204,0.9998520612716676,0.5083700230905239,0.8680684923569939,-0.0598948039114475,0.8674789071083069,0.9992074370384216,0.4896771975191613,0.8475188636557506,0.0646267905831337,0.6836182475090027,0.9998109936714172,0.4781668918393998,0.889660524043728,-0.1105649843811988,0.97195166349411,0.9988939166069032,0.461164068439347,0.8690720935523671,0.0245763473212718,0.8402188420295715,0.9992771744728088,False,False,False,False,False,False,False,False,False,False,False,False,False,False,False,False,False,False,mediapipe,mediapipe,mediapipe,mediapipe,mediapipe,mediapipe,mediapipe,mediapipe,mediapipe,mediapipe,mediapipe,mediapipe,mediapipe,mediapipe,mediapipe,mediapipe,mediapipe,mediapipe
395,7.9,-0.19945951923154448,-0.32740777470697774,-0.6509120683996082,0.9999899864196776,0.999996781349182,0.4824938476085663,0.5074034333229065,-0.2503153383731842,0.9999894499778748,0.9999918937683104,0.15542860394877703,0.013473076086661458,-0.6787313680237697,0.9999951124191284,0.9999957084655762,-0.15542860394877703,-0.013473076086661458,2.306539456556935,0.9999716281890868,0.9999972581863404,0.17091960017441324,0.7943069488412945,-8.542905282508567,0.9987494945526124,0.9999477863311768,-0.1614579877418416,0.6557483615536702,-6.7980803202710804,0.7202513813972473,0.9999732971191406,0.016021710150819872,1.4075160123341155,-8.630966184440812,0.9990326166152954,0.999984622001648,-0.29662590272968137,1.2344521978932996,-7.169160702909872,0.8350296020507812,0.9999922513961792,0.5241863099771037,0.937289277602731,-6.7585762601183035,0.9999165534973145,0.9999774694442748,0.2961146236085499,0.8867464617287394,-5.922555132914036,0.9999062418937684,0.9999911785125732,-0.003046845824195645,1.3449414510434547,-7.701314067732467,0.9856060743331908,0.999975562095642,-0.14418610502447976,1.235916188274843,-6.724048658706783,0.8328214287757874,0.9999895095825196,0.0879044591514387,2.273734211533541,-7.117160953208063,0.9691529870033264,0.9997748732566832,-0.05057757433521997,2.1390584142850653,-6.274951573368682,0.7999374866485596,0.999865174293518,0.5079489542054143,0.8682436401193815,-0.094612680375576,0.8763831853866577,0.9991928935050964,0.4895750017432913,0.8483395491724548,0.0125397322699427,0.6919499635696411,0.9998005032539368,0.4778514768415965,0.888729396538859,-0.1527602821588516,0.9733453392982484,0.9988359808921814,0.4611885861639109,0.8692791682856922,-0.0363850630819797,0.8443951606750488,0.9992400407791138,False,False,False,False,False,False,False,False,False,False,False,False,False,False,False,False,False,False,mediapipe,mediapipe,mediapipe,mediapipe,mediapipe,mediapipe,mediapipe,mediapipe,mediapipe,mediapipe,mediapipe,mediapipe,mediapipe,mediapipe,mediapipe,mediapipe,mediapipe,mediapipe
396,7.92,-0.20636423844439913,-0.3355367760769819,-0.6085563563259363,0.9999896287918092,0.9999958276748656,0.4798123240470886,0.5067712068557739,-0.2491011619567871,0.999988853931427,0.999990463256836,0.15491940774651058,0.012929986700987614,-0.6807329491804035,0.9999945759773254,0.9999958276748656,-0.15491940774651058,-0.012929986700987614,2.3564625003840014,0.9999724626541138,0.9999974966049194,0.17663853103929122,0.8026980326890811,-8.790003240006303,0.99875009059906,0.9999501705169678,-0.15873740792953114,0.6617520541398416,-7.043833290608921,0.728924572467804,0.999976396560669,0.02917112506651944,1.4214830647532324,-8.880976141454102,0.999018669128418,0.9999823570251464,-0.2887031970012612,1.2416441339177349,-7.400912216252764,0.8475314974784851,0.999992847442627,0.5439231605841283,0.9228080805713622,-7.030138622218264,0.9999157190322876,0.9999828338623048,0.3115813993499175,0.8849839284639841,-6.191999609555348,0.999907374382019,0.9999932050704956,0.011243666056008116,1.3615256244214393,-7.966067772352021,0.986352801322937,0.9999772310256958,-0.13097301970448,1.249785689521412,-7.039428934528483,0.834690511226654,0.9999918937683104,0.09803972477768261,2.302977795678791,-7.333885173777562,0.970317840576172,0.9997696280479432,-0.036804917071242685,2.178692372309087,-6.6057625205229265,0.8032235503196716,0.9998663663864136,0.5075194650874563,0.868311019210551,-0.0860137045383453,0.8833238482475281,0.9992086291313172,0.4894511231453558,0.8490863760590297,0.0047353110276162,0.6979037523269653,0.9998032450675964,0.477450119031894,0.8878732761303049,-0.1409401595592498,0.9741311073303224,0.9989013671875,0.4612009009837005,0.8695262217577266,-0.0415078625082969,0.8478628396987915,0.9992423057556152,False,False,False,False,False,False,False,False,False,False,False,False,False,False,False,False,False,False,mediapipe,mediapipe,mediapipe,mediapipe,mediapipe,mediapipe,mediapipe,mediapipe,mediapipe,mediapipe,mediapipe,mediapipe,mediapipe,mediapipe,mediapipe,mediapipe,mediapipe,mediapipe
397,7.94,-0.20769969734393595,-0.3369001985034755,-0.6479176078756128,0.999989688396454,0.9999966621398926,0.4783218502998352,0.5057829022407532,-0.2481604069471359,0.9999887347221376,0.9999923706054688,0.15662792540905043,0.008611897109841456,-0.6964286416423217,0.9999942183494568,0.999996304512024,-0.15662792540905088,-0.008611897109841456,2.45214288069796,0.9999729990959167,0.9999970197677612,0.18326436873904708,0.8075483830763158,-9.236271571717735,0.9987455606460572,0.9999556541442872,-0.15869224500074422,0.6714887022436828,-7.450260427779768,0.7357996106147766,0.9999730587005616,0.037485322181633314,1.4404441753639021,-9.327797048733624,0.9990165829658508,0.9999841451644896,-0.28417580313190094,1.2529314121199682,-7.7523386386198485,0.8587210774421692,0.9999918937683104,0.5644382598816959,0.9116395107549798,-7.444618343483584,0.9999135136604308,0.9999819993972778,0.3304329841777005,0.8769927758136121,-6.595779666098986,0.9999069571495056,0.9999922513961792,0.024024585726074726,1.3909400661251792,-8.317217995937554,0.9864855408668518,0.999970555305481,-0.12211670578393279,1.2712285953307603,-7.397786326988103,0.8334479331970215,0.9999881982803344,0.10762137078983422,2.3376076499704808,-7.6069188580269325,0.9695455431938172,0.9996798038482666,-0.024293761813049257,2.2233915919864082,-6.86193394668365,0.8013647198677063,0.9998260140419006,0.5070934862523658,0.8683219345021659,-0.0664146766066551,0.8851140737533569,0.9989194869995116,0.48934662696365,0.8498324810208162,0.0249806847423315,0.6971173286437988,0.9997490048408508,0.4770424573015789,0.8871482538454483,-0.1131397932767868,0.9731528759002686,0.9986273050308228,0.4611803673919832,0.86980789927614,-0.0195810757577419,0.8463630676269531,0.9990554451942444,False,False,False,False,False,False,False,False,False,False,False,False,False,False,False,False,False,False,mediapipe,mediapipe,mediapipe,mediapipe,mediapipe,mediapipe,mediapipe,mediapipe,mediapipe,mediapipe,mediapipe,mediapipe,mediapipe,mediapipe,mediapipe,mediapipe,mediapipe,mediapipe
398,7.96,-0.21050174263316784,-0.33476966425051136,-0.6477698781742931,0.999989688396454,0.999996781349182,0.4766372740268707,0.5026673078536987,-0.2466695606708526,0.999988615512848,0.9999924898147584,0.15679656327528316,-0.003954308225469461,-0.7106698304636258,0.9999939799308776,0.9999964237213136,-0.15679656327528363,0.003954308225469461,2.526677437306682,0.9999735355377196,0.9999970197677612,0.18139550394981652,0.8014312253809959,-9.559445704555317,0.9987438321113586,0.999958634376526,-0.15441808425478903,0.6916694621011961,-7.6825769359426275,0.7434704303741455,0.9999758005142212,0.050876737246780275,1.4653012106178973,-9.6464831337745,0.9990228414535522,0.9999862909317015,-0.2800852521176942,1.2712434865335915,-7.993763311031437,0.8693719506263733,0.9999938011169434,0.5744675688090546,0.9010877950699867,-7.732469618525658,0.9999122023582458,0.9999806880950928,0.34119997928108403,0.8769878336293646,-6.867909086665508,0.9999073147773744,0.9999918937683104,0.031329219276898676,1.4187403334090096,-8.581819307439707,0.9865998029708862,0.9999673366546632,-0.11275936084456271,1.297950401260941,-7.656977198766774,0.8330943584442139,0.999987244606018,0.11506867956032801,2.3694848723177695,-7.887460010068683,0.9694095849990844,0.9996383190155028,-0.014001682749797973,2.2636181625337124,-7.125801310981065,0.8026784062385559,0.999828577041626,0.5067611329761154,0.8682092977014755,-0.0663690790534019,0.8878509998321533,0.998785674571991,0.4892003898854035,0.8503888275795629,0.0262975506484508,0.7005975842475891,0.9997488856315612,0.4767131013470108,0.8867165300395963,-0.1137260943651199,0.972795844078064,0.9985451698303224,0.4612269031279027,0.8700687078051379,-0.0193167570978403,0.847229540348053,0.9990841150283812,False,False,False,False,False,False,False,False,False,False,False,False,False,False,False,False,False,False,mediapipe,mediapipe,mediapipe,mediapipe,mediapipe,mediapipe,mediapipe,mediapipe,mediapipe,mediapipe,mediapipe,mediapipe,mediapipe,mediapipe,mediapipe,mediapipe,mediapipe,mediapipe
399,7.98,-0.20857741590584455,-0.3452869957187806,-0.7526597873195516,0.9999898672103882,0.9999977350234984,0.4750712811946869,0.4971333742141723,-0.262860894203186,0.9999886751174928,0.9999938011169434,0.15463994211751256,-0.010426900661988004,-0.7515744229719641,0.9999938011169434,0.999996542930603,-0.154639942117513,0.010426900661988004,2.6671838543786013,0.999974250793457,0.9999977350234984,0.18754427275017646,0.8132020136082044,-10.04360781331796,0.9987450838088988,0.999959111213684,-0.1529286723892803,0.7080709244152127,-8.055756413748993,0.7503805756568909,0.9999805688858032,0.05105510906327338,1.4866322632386493,-10.139965003392202,0.9990293979644777,0.9999854564666748,-0.26527522555639127,1.2973370792901195,-8.368436121206475,0.8792973160743713,0.9999949932098388,0.5787118073178663,0.8994411236876858,-8.117999223285228,0.9999096989631652,0.9999805688858032,0.3463568225273601,0.8737616368775789,-7.232141379963445,0.9999070167541504,0.999992847442627,0.03624567671659116,1.446802615536667,-8.936809967606461,0.9867284297943116,0.99997079372406,-0.10355522135366693,1.3256821632508031,-8.02995551814665,0.8334202766418457,0.999990463256836,0.12166222461072013,2.39365131005085,-8.173150299188949,0.9700059294700624,0.9997586607933044,-0.004891848926628382,2.2934903017643142,-7.472727671064688,0.8065361976623535,0.9999045133590698,0.5065894050475891,0.8681948358640271,-0.0547730103135108,0.8915413022041321,0.999213933944702,0.489191496288861,0.8508430688809148,0.0306556820869445,0.7055665850639343,0.9998621940612792,0.4764470856089704,0.8865394190752722,-0.1089288815855979,0.9731813669204712,0.9991022348403932,0.4611859523749863,0.870273820448035,-0.010713699273765,0.8499786257743835,0.9995055198669434,False,False,False,False,False,False,False,False,False,False,False,False,False,False,False,False,False,False,mediapipe,mediapipe,mediapipe,mediapipe,mediapipe,mediapipe,mediapipe,mediapipe,mediapipe,mediapipe,mediapipe,mediapipe,mediapipe,mediapipe,mediapipe,mediapipe,mediapipe,mediapipe
400,8.0,-0.21089665794360887,-0.3498826638968613,-0.7142475251995661,0.9999900460243224,0.9999972581863404,0.4734743535518646,0.491171270608902,-0.2569231688976288,0.9999889731407166,0.9999943971633912,0.15365301391581734,-0.010142177558231566,-0.7365873171027778,0.9999938011169434,0.9999972581863404,-0.15365301391581734,0.010142177558231566,2.5830768114060807,0.999975085258484,0.9999974966049194,0.18803118790578413,0.8005207740000388,-9.558811502223085,0.9987584948539734,0.9999669790267944,-0.14821183361776974,0.7035843147609312,-7.567990377933035,0.7606775164604187,0.9999794960021972,0.05783988298584253,1.4636584487525914,-9.636737229208784,0.9990614652633668,0.999990940093994,-0.25370191107677453,1.3096382833521518,-7.8871703223321274,0.8891245126724243,0.9999957084655762,0.5684781929494109,0.9082137317881803,-7.7307821062967665,0.9999094605445862,0.9999819993972778,0.3435868737251387,0.8717124785227832,-6.84234601553348,0.9999080300331116,0.9999922513961792,0.04157702439985511,1.4537832263097004,-8.522993784730463,0.987336277961731,0.9999759197235109,-0.0960064675861949,1.337715846214596,-7.5130710515298045,0.840293824672699,0.9999896287918092,0.12546362941836553,2.3920163592765946,-7.647663808314264,0.9709169268608092,0.999801218509674,0.0009694322474562131,2.29749667896554,-6.875072390047107,0.815010130405426,0.9998966455459596,0.5065403401434851,0.8680327108134224,-0.0364868603646755,0.89578777551651,0.9993614554405212,0.4892926696158246,0.8511739398216056,0.0588492900133132,0.7163134813308716,0.9998584985733032,0.4762781234610065,0.8865142249283001,-0.0889300256967544,0.9738809466362,0.9992393255233764,0.4611602732629499,0.8703789171916922,0.0139355724677443,0.8562093377113342,0.9994797110557556,False,False,False,False,False,False,False,False,False,False,False,False,False,False,False,False,False,False,mediapipe,mediapipe,mediapipe,mediapipe,mediapipe,mediapipe,mediapipe,mediapipe,mediapipe,mediapipe,mediapipe,mediapipe,mediapipe,mediapipe,mediapipe,mediapipe,mediapipe,mediapipe
401,8.02,-0.20927467520164256,-0.3653121904558037,-0.7070398779374147,0.9999905228614808,0.9999983310699464,0.4731970131397247,0.4844774007797241,-0.2572974860668182,0.9999895095825196,0.9999955892562866,0.1515724211454802,-0.008453744175992985,-0.7485620923486582,0.9999938011169434,0.99999737739563,-0.1515724211454802,0.008453744175992985,2.6115554219277293,0.9999759197235109,0.9999979734420776,0.1846845847854998,0.7899395723566018,-9.526335337232078,0.9987714886665344,0.9999669790267944,-0.14354933590054003,0.6952996576258119,-7.516568665041092,0.7721215486526489,0.9999841451644896,0.06278230959580164,1.4341783734512195,-9.598681621826127,0.999093770980835,0.9999911785125732,-0.24760913035852988,1.3130532830782728,-7.874682279906718,0.8985430598258972,0.999996781349182,0.5640151962707931,0.9062040037352117,-7.722792878216397,0.9999054670333862,0.999974489212036,0.3457076006345638,0.874920481748802,-6.806081162486514,0.9999063014984132,0.9999905824661256,0.04371501906018168,1.4552195367884755,-8.434976812072911,0.987651526927948,0.9999672174453736,-0.08996681212599825,1.360442963961917,-7.323120378726649,0.8396161198616028,0.9999862909317015,0.12810391884637062,2.3980999402039513,-7.62306788204236,0.971697986125946,0.9997079968452454,0.005383431398113228,2.3081636747801806,-6.71465195766817,0.8181861639022827,0.9998599290847778,0.5065825455116516,0.8678839383147559,-0.0379365868866443,0.8998640179634094,0.999043881893158,0.4894843733671952,0.8514436383347432,0.0765636786818504,0.722039520740509,0.999810755252838,0.4760239454277202,0.8861728395337571,-0.0938410088419914,0.9744409322738647,0.9990081191062928,0.4610493750005346,0.8704068407867915,0.028419779613614,0.8584598302841187,0.999397039413452,False,False,False,False,False,False,False,False,False,False,False,False,False,False,False,False,False,False,mediapipe,mediapipe,mediapipe,mediapipe,mediapipe,mediapipe,mediapipe,mediapipe,mediapipe,mediapipe,mediapipe,mediapipe,mediapipe,mediapipe,mediapipe,mediapipe,mediapipe,mediapipe
402,8.04,-0.20891664524213668,-0.3602844517952814,-0.70629048700367,0.9999911189079284,0.999998927116394,0.4725257456302643,0.4783946275711059,-0.254963606595993,0.999990165233612,0.999996781349182,0.1458837016446888,-0.011854035388699839,-0.7686716396445431,0.9999939203262328,0.9999982118606568,-0.1458837016446888,0.011854035388699839,2.6831213785052674,0.9999772310256958,0.999998927116394,0.18291080075719182,0.7710099653130168,-9.50422991028727,0.9988076686859132,0.9999761581420898,-0.1340720110404538,0.6830680437443425,-7.481753676103854,0.7852639555931091,0.9999911785125732,0.0670796024354147,1.402125284061537,-9.568334222463703,0.999139130115509,0.999994158744812,-0.2359487816000235,1.2933711285885403,-7.880916473828701,0.9076539278030396,0.9999984502792358,0.5576756212126923,0.9071300947809148,-7.781391034022619,0.999904215335846,0.9999778270721436,0.3430441097371999,0.8785641585215801,-6.843469169068317,0.9999072551727296,0.9999929666519164,0.04841169930998502,1.4634355234436875,-8.379175771214308,0.988318145275116,0.9999772310256958,-0.08289037091012781,1.3732215537623316,-7.303444603378604,0.8445889949798584,0.9999920129776,0.13090797248944827,2.392256419849088,-7.676399417543439,0.9735518097877502,0.9997969269752502,0.0105610160565827,2.310214332346773,-6.762119118150613,0.8268643021583557,0.9999213218688964,0.5067588735571565,0.8676943767876636,-0.0407826341688632,0.9063602089881896,0.9993348717689514,0.4896871621236391,0.851817313746697,0.0773872137069702,0.734839141368866,0.9998904466629028,0.475925307382238,0.8858221487287621,-0.0979260355234146,0.976030170917511,0.9993160963058472,0.4608442170636649,0.870408301447935,0.0295771304517984,0.8655803799629211,0.999653458595276,False,False,False,False,False,False,False,False,False,False,False,False,False,False,False,False,False,False,mediapipe,mediapipe,mediapipe,mediapipe,mediapipe,mediapipe,mediapipe,mediapipe,mediapipe,mediapipe,mediapipe,mediapipe,mediapipe,mediapipe,mediapipe,mediapipe,mediapipe,mediapipe
403,8.06,-0.20488802482956806,-0.34012601938546727,-0.6647933209010799,0.9999914765357972,0.9999985694885254,0.4718222916126251,0.4710749089717865,-0.252939909696579,0.9999905228614808,0.9999957084655762,0.14251071415599656,-0.014486797125151461,-0.7451671348452928,0.9999939799308776,0.9999982118606568,-0.14251071415599656,0.014486797125151461,2.519095852334652,0.9999784231185912,0.999998927116394,0.1847319058930215,0.7537936100546646,-8.664017879466435,0.9988203644752502,0.9999810457229614,-0.12396967733137608,0.6706792711673252,-6.722501542826058,0.7966225743293762,0.9999923706054688,0.06919379052064803,1.374047751369883,-8.729142549309925,0.9991752505302428,0.9999953508377076,-0.2194711625065779,1.2692495131698511,-7.115038007389005,0.9157716631889344,0.9999986886978148,0.5447969584205563,0.9047006009619671,-7.021158796798278,0.9999026656150818,0.9999818801879884,0.3385581388708293,0.8896471279048006,-6.1016144639264365,0.9999076724052428,0.999994158744812,0.0454404432439038,1.4476047547786255,-7.482772870026429,0.9883044958114624,0.9999810457229614,-0.07310980247180032,1.3893930155635354,-6.508838098668062,0.842923104763031,0.9999927282333374,0.13333781022954966,2.371841031266674,-6.882584900404834,0.9746857285499572,0.9997703433036804,0.01670218607364007,2.2974703987438585,-6.024650129987237,0.8286503553390503,0.9999027252197266,0.5069579582114333,0.8677424920466698,-0.0379589274525642,0.9110393524169922,0.99922776222229,0.4898905118445428,0.8522730918475264,0.0773561969399452,0.7407267093658447,0.999862790107727,0.4757889050009101,0.8854034565267608,-0.0939122214913368,0.97689026594162,0.9991816878318788,0.4605673107650742,0.8704244376340414,0.0316164083778858,0.8675998449325562,0.9996009469032288,False,False,False,False,False,False,False,False,False,False,False,False,False,False,False,False,False,False,mediapipe,mediapipe,mediapipe,mediapipe,mediapipe,mediapipe,mediapipe,mediapipe,mediapipe,mediapipe,mediapipe,mediapipe,mediapipe,mediapipe,mediapipe,mediapipe,mediapipe,mediapipe
404,8.08,-0.1995455529223168,-0.33400605222912433,-0.6500000986564816,0.999991774559021,0.9999986886978148,0.4709817767143249,0.4637042582035064,-0.2517748475074768,0.9999908804893494,0.9999964237213136,0.13935433337060313,-0.01945625703621594,-0.7484136019249232,0.999994158744812,0.9999985694885254,-0.13935433337060313,0.01945625703621594,2.4851839369220587,0.9999796748161316,0.9999991655349731,0.18649404140928705,0.7271099407669823,-8.288497461370172,0.9988453388214112,0.9999823570251464,-0.11254777744546134,0.6570299966694199,-6.349166187371447,0.8069010376930237,0.9999935626983644,0.07884428189207149,1.3468205102123056,-8.35876235373215,0.9992095828056335,0.9999960660934448,-0.20425765707896895,1.227693659558234,-6.765677490050386,0.923192024230957,0.9999990463256836,0.5350676924369292,0.9077975211964492,-6.711815062790302,0.9999020099639891,0.999982476234436,0.33476244856116183,0.8931454334279437,-5.792104140416839,0.999908685684204,0.999994158744812,0.04378263957100943,1.4593947854659515,-7.144817355510776,0.9882845878601074,0.999974489212036,-0.06660486919667842,1.3983652911241444,-6.164047571285423,0.841030478477478,0.999990701675415,0.13494063419968277,2.358435483690478,-6.459701532721285,0.9749943614006042,0.9997602105140686,0.021903387625007664,2.288725090029554,-5.619638971984001,0.8287755250930786,0.9998998641967772,0.5072403929450308,0.8680230987655556,-0.0220122672617435,0.9129082560539246,0.9992885589599608,0.4901168556202276,0.8527630461957371,0.0935393944382667,0.7420749068260193,0.9998728036880492,0.475503051336552,0.8849854516538451,-0.0779661387205123,0.977186381816864,0.9993300437927246,0.4602609733184746,0.8705496103057795,0.0469899252057075,0.8687301874160767,0.9996408224105836,False,False,False,False,False,False,False,False,False,False,False,False,False,False,False,False,False,False,mediapipe,mediapipe,mediapipe,mediapipe,mediapipe,mediapipe,mediapipe,mediapipe,mediapipe,mediapipe,mediapipe,mediapipe,mediapipe,mediapipe,mediapipe,mediapipe,mediapipe,mediapipe
405,8.1,-0.19636211022277866,-0.33146595348400465,-0.683410684694876,0.9999923706054688,0.9999994039535522,0.4706087112426758,0.4560786187648773,-0.2534303069114685,0.9999914765357972,0.9999983310699464,0.13652974692018993,-0.01880624462629687,-0.7462026541392993,0.999994456768036,0.999998927116394,-0.13652974692019032,0.01880624462629687,2.4410310051356654,0.9999806880950928,0.9999990463256836,0.19330083499408393,0.7158807869385762,-8.031339017284255,0.9988970756530762,0.9999836683273317,-0.10595039113162912,0.6612128327820689,-6.117222933053274,0.8147900104522705,0.9999924898147584,0.08677002117530465,1.3416833970293833,-8.096212983621768,0.9992535710334778,0.999996542930603,-0.19244753332328127,1.2170379420192508,-6.539380149380054,0.9295487999916076,0.9999988079071044,0.5296195951495568,0.9089165951842705,-6.479153527731796,0.9998982548713684,0.99997878074646,0.33462125177529234,0.8947152293593692,-5.541626997691397,0.999904990196228,0.9999920129776,0.047156067092184735,1.4922961091268323,-6.883392247847365,0.98824143409729,0.999975562095642,-0.060572581893411706,1.4280387097880132,-5.789700520797372,0.8292040824890137,0.9999885559082032,0.13796144576983288,2.3746889601194874,-6.196477837162731,0.9752342104911804,0.9997095465660096,0.026669888727742206,2.306486715071134,-5.157547344599589,0.8218176960945129,0.9998760223388672,0.5075376952166893,0.8683211745082103,-0.019404562190175,0.9146400690078736,0.9990589022636414,0.4902624776174428,0.8532157287453183,0.1271583884954452,0.7375167608261108,0.9998425245285034,0.4752448620773985,0.8846221889927137,-0.0775646194815635,0.977455198764801,0.9992214441299438,0.4599841369754518,0.870780414773592,0.0819430351257324,0.8647663593292236,0.9996424913406372,False,False,False,False,False,False,False,False,False,False,False,False,False,False,False,False,False,False,mediapipe,mediapipe,mediapipe,mediapipe,mediapipe,mediapipe,mediapipe,mediapipe,mediapipe,mediapipe,mediapipe,mediapipe,mediapipe,mediapipe,mediapipe,mediapipe,mediapipe,mediapipe
406,8.12,-0.194062448545215,-0.3419967874683511,-0.7034875188405862,0.9999929666519164,0.9999995231628418,0.4701237082481384,0.4480316042900085,-0.2533555626869201,0.9999920725822448,0.9999985694885254,0.13693753519575752,-0.02578197202090897,-0.7511563779269046,0.9999947547912598,0.9999990463256836,-0.1369375351957579,0.02578197202090897,2.4531072627792,0.9999816417694092,0.9999990463256836,0.19840785169262587,0.7089640534872425,-7.965288991686679,0.9989500045776368,0.999986171722412,-0.1013896012712727,0.6549325666391899,-6.042699421550748,0.8207680583000183,0.9999927282333374,0.09115574369989202,1.3284738210898481,-8.03050728640628,0.9992964267730712,0.9999972581863404,-0.18464573434716844,1.2068372694027985,-6.494413080641261,0.9351478219032288,0.9999988079071044,0.5241179020441775,0.9100000717925831,-6.448327763802753,0.9998949766159058,0.9999804496765136,0.3326064493542013,0.8972141893621441,-5.502227709409776,0.9999014139175416,0.9999922513961792,0.042414030817138425,1.5153696816069149,-6.857664750751638,0.9878361225128174,0.999975323677063,-0.05840618578861751,1.4490829274598513,-5.779795148330948,0.8129000067710876,0.999988317489624,0.14083103975882796,2.3930992516175813,-6.201561660234194,0.9749814867973328,0.9996988773345948,0.02986391448120061,2.323403879745068,-5.182209096790859,0.8130843639373779,0.9998795986175536,0.5078214087408475,0.8686136271292259,-0.0257843751460313,0.9150758385658264,0.999038577079773,0.4904759551261701,0.8534360557169368,0.1192977800965309,0.7310799360275269,0.99984610080719,0.4750314290984817,0.8846470634420458,-0.0852340310811996,0.9774390459060668,0.9992157220840454,0.4597817509324412,0.87106356059477,0.0716610848903656,0.8600978255271912,0.9996519088745116,False,False,False,False,False,False,False,False,False,False,False,False,False,False,False,False,False,False,mediapipe,mediapipe,mediapipe,mediapipe,mediapipe,mediapipe,mediapipe,mediapipe,mediapipe,mediapipe,mediapipe,mediapipe,mediapipe,mediapipe,mediapipe,mediapipe,mediapipe,mediapipe
407,8.14,-0.19512294936922797,-0.34760120602376804,-0.7158490149746373,0.9999935626983644,0.9999997615814208,0.4700810313224792,0.4405609369277954,-0.256212443113327,0.9999927282333374,0.9999992847442628,0.13525612197477624,-0.02554691382200611,-0.7456452013341983,0.9999951124191284,0.9999994039535522,-0.13525612197477624,0.02554691382200611,2.4028685707792374,0.9999825954437256,0.9999992847442628,0.20360447078066382,0.6942953829427589,-7.755129037815542,0.9990121126174928,0.9999886751174928,-0.09678762460723779,0.6453212090318148,-5.8384078857779285,0.8247425556182861,0.9999939203262328,0.09499827147057599,1.3326487233905422,-7.814263640066357,0.9993425607681274,0.9999977350234984,-0.1796274709184481,1.1982813612229417,-6.255344164333006,0.9401399493217468,0.9999990463256836,0.5164852089793784,0.9133551831343044,-6.244946909842695,0.9998922944068908,0.9999845027923584,0.325844586559249,0.9006129851497633,-5.299776494209656,0.9998975396156312,0.9999939203262328,0.04376514043235371,1.5501168921771364,-6.622112043399984,0.9875124096870422,0.9999765157699584,-0.05170709474758547,1.4905348997407424,-5.550623733692932,0.7974878549575806,0.9999878406524658,0.1448262495261269,2.424024043017648,-5.988333708761761,0.9752344489097596,0.9996905326843262,0.03288141931522204,2.3522872892503517,-4.895777706983392,0.8022449016571045,0.9998881816864014,0.5081637867125055,0.8690340905200652,-0.0249088071286678,0.9169430732727052,0.9989701509475708,0.4906948087932359,0.8537073517457054,0.1332078874111175,0.7233088612556458,0.9998576641082764,0.4748899805379092,0.8849520608261772,-0.0863652229309082,0.9777557849884032,0.9991627931594848,0.4596339678847718,0.8713879720036544,0.0869538560509681,0.853680431842804,0.9996978044509888,False,False,False,False,False,False,False,False,False,False,False,False,False,False,False,False,False,False,mediapipe,mediapipe,mediapipe,mediapipe,mediapipe,mediapipe,mediapipe,mediapipe,mediapipe,mediapipe,mediapipe,mediapipe,mediapipe,mediapipe,mediapipe,mediapipe,mediapipe,mediapipe
408,8.16,-0.19552368709938764,-0.3644157359012052,-0.7490671848776838,0.9999940395355223,0.9999996423721312,0.4701392948627472,0.4322977066040039,-0.2684300243854522,0.9999932646751404,0.9999990463256836,0.13546766927176274,-0.01787913156087044,-0.7770007791512563,0.9999954104423524,0.9999992847442628,-0.13546766927176312,0.01787913156087044,2.511120281639047,0.9999834299087524,0.9999991655349731,0.2101294157677758,0.7181094998173848,-8.123387896586888,0.9990604519844056,0.9999890327453612,-0.09331425012786497,0.6454498639450484,-6.174807670550232,0.8284015655517578,0.9999939203262328,0.09839608165672468,1.3562854943622555,-8.157987613927851,0.9993786811828612,0.999997854232788,-0.1736375182364219,1.203016604377501,-6.561384336211165,0.9443480968475342,0.9999990463256836,0.5103201376859665,0.922936902875938,-6.5471670145006104,0.9998936653137208,0.999990463256836,0.31231754882818563,0.900046157036205,-5.590845514486329,0.999897837638855,0.9999960660934448,0.04833413781232216,1.6026322944731424,-6.929454476781696,0.9871172308921814,0.999983549118042,-0.04692986518067087,1.5489094794633385,-5.805827070799375,0.7838561534881592,0.999990701675415,0.15162955421570773,2.4871594108235637,-6.242483111162076,0.9754034876823424,0.9997988343238832,0.03637389358120766,2.40970203163435,-5.079141980277038,0.7948766946792603,0.9999266862869264,0.5085770833742382,0.8694892539566791,-0.0181723851710557,0.9172341227531432,0.9993298053741456,0.4908959118775289,0.8538616841489641,0.1496448367834091,0.7167704105377197,0.9999079704284668,0.4749813642535188,0.8857274104109479,-0.0824602469801902,0.9779453277587892,0.99942809343338,0.4595847978041734,0.8716711690931631,0.1017033532261848,0.8491979241371155,0.9997856020927428,False,False,False,False,False,False,False,False,False,False,False,False,False,False,False,False,False,False,mediapipe,mediapipe,mediapipe,mediapipe,mediapipe,mediapipe,mediapipe,mediapipe,mediapipe,mediapipe,mediapipe,mediapipe,mediapipe,mediapipe,mediapipe,mediapipe,mediapipe,mediapipe
409,8.18,-0.19427303538611948,-0.3739549153624585,-0.7683583935847498,0.9999943971633912,0.9999995231628418,0.4701553285121918,0.42424476146698,-0.2863055765628814,0.9999937415122986,0.9999990463256836,0.1358373493833099,-0.012870234181596003,-0.7814020289695476,0.9999956488609314,0.9999992847442628,-0.1358373493833099,0.012870234181595617,2.4705353824249734,0.999984085559845,0.999998927116394,0.2124050454431965,0.7206052190937752,-8.040052991537058,0.9990864396095276,0.9999879598617554,-0.09155677034819583,0.6350092319878329,-6.009440136486679,0.8266510963439941,0.999991536140442,0.09845541617960961,1.332510948529367,-8.073959004636306,0.9994019269943236,0.9999972581863404,-0.16705372177045338,1.1737373679761742,-6.394774064254393,0.9473018050193788,0.9999988079071044,0.49552314563293537,0.9354288199949458,-6.370064288902807,0.9998950958251952,0.9999903440475464,0.28682440023696737,0.9052048528121505,-5.40738548368948,0.999897301197052,0.9999953508377076,0.056718193318486355,1.636673489979589,-6.8216722422480105,0.9872035980224608,0.9999845027923584,-0.04363985691399396,1.5849839315539673,-5.633884052179942,0.7768718004226685,0.9999890327453612,0.15595671802623476,2.5220077415158153,-6.119633990753076,0.9762172698974608,0.9998542070388794,0.037088586487142104,2.440251758409246,-4.840443392732054,0.7932219505310059,0.9999350309371948,0.5091875916594405,0.8699540580625046,-0.0274303425103425,0.9188123941421508,0.9994741082191468,0.4912051841234562,0.8542221954096747,0.1595194190740585,0.7146073579788208,0.9999175071716307,0.47521680371189,0.8866298694710655,-0.108969546854496,0.9787996411323548,0.9995061159133912,0.4595725005601125,0.8718926238291214,0.1063210293650627,0.849372923374176,0.9998098015785216,False,False,False,False,False,False,False,False,False,False,False,False,False,False,False,False,False,False,mediapipe,mediapipe,mediapipe,mediapipe,mediapipe,mediapipe,mediapipe,mediapipe,mediapipe,mediapipe,mediapipe,mediapipe,mediapipe,mediapipe,mediapipe,mediapipe,mediapipe,mediapipe
410,8.2,-0.1919751419262713,-0.37914935493108654,-0.7939281776986498,0.9999948740005492,0.9999998807907104,0.4703196883201599,0.416898250579834,-0.2960920631885528,0.9999942779541016,0.9999995231628418,0.13422319301999397,-0.010400701273385151,-0.7810930538715879,0.9999959468841552,0.9999996423721312,-0.13422319301999397,0.010400701273384766,2.437926605615309,0.9999849200248718,0.9999994039535522,0.21448749399766673,0.729097441725967,-7.970996901381365,0.9991379976272584,0.9999899864196776,-0.09021019157323612,0.6285164692722194,-5.883755755818358,0.8250834941864014,0.9999940395355223,0.0998410380320785,1.3080510390312106,-8.043550230521076,0.9994348287582396,0.9999974966049194,-0.15955116794457522,1.1632288833110098,-6.289463471241498,0.9505038261413574,0.9999992847442628,0.4810008981536721,0.944695937841837,-6.24660338846267,0.9998978972434998,0.9999933242797852,0.2675302302363447,0.9099471949012699,-5.265063657899022,0.9998984932899476,0.9999970197677612,0.057533602509844864,1.673070307249236,-6.689258518439489,0.9876350164413452,0.9999896287918092,-0.04066347040656494,1.6287144118883086,-5.481584884483182,0.7762801051139832,0.999994158744812,0.16160055931888812,2.5653072710053815,-6.024706921886592,0.9777728319168092,0.999893069267273,0.038756624735050565,2.4804971192067122,-4.748661074867629,0.7994353771209717,0.999963402748108,0.5098442390804261,0.8702724081375127,-0.0353701189160347,0.923205316066742,0.9995892643928528,0.4915176990565733,0.8548708150992606,0.152934119105339,0.721990168094635,0.999948024749756,0.4754763077466927,0.8875760376314485,-0.1197873279452323,0.9802073240280152,0.9996258020401,0.4596525575175441,0.8720542296663054,0.097466304898262,0.8551799654960632,0.9998819828033448,False,False,False,False,False,False,False,False,False,False,False,False,False,False,False,False,False,False,mediapipe,mediapipe,mediapipe,mediapipe,mediapipe,mediapipe,mediapipe,mediapipe,mediapipe,mediapipe,mediapipe,mediapipe,mediapipe,mediapipe,mediapipe,mediapipe,mediapipe,mediapipe
411,8.22,-0.18846926724264457,-0.3750669336231062,-0.7427589622281962,0.9999953508377076,0.9999998807907104,0.4699711501598358,0.4093801081180572,-0.2857955694198608,0.9999947547912598,0.9999997615814208,0.13159674413191447,-0.018674748840735746,-0.7475714459031816,0.9999962449073792,0.9999997615814208,-0.13159674413191483,0.018674748840735365,2.2971180906730484,0.9999858140945436,0.9999994039535522,0.21331112781882555,0.7028511793946209,-7.457028478416567,0.9991886019706726,0.999992609024048,-0.08631331735628567,0.6161010598508664,-5.431351899954465,0.8272959589958191,0.9999948740005492,0.10260745853045493,1.2699660535012183,-7.5594938766611275,0.9994701147079468,0.9999985694885254,-0.1454898520053136,1.1408115003229968,-5.8376694411418395,0.9539616703987122,0.9999994039535522,0.4651365618400326,0.9376995429768921,-5.799400075023957,0.9999014139175416,0.9999943971633912,0.254674384846757,0.9282780027159452,-4.820966034682264,0.9999006986618042,0.99999737739563,0.058640259622981764,1.6867270172011493,-6.226040764796479,0.9878209233283995,0.9999897480010986,-0.03630319456933186,1.6570873794066103,-5.103617211877939,0.7788195610046387,0.9999945163726808,0.1659659641894086,2.5831648258145097,-5.6738037183882915,0.9790932536125184,0.9998798370361328,0.04056452416742338,2.497075704551966,-4.4652130701223305,0.8080319762229919,0.9999598264694214,0.5105518983516395,0.8705522712571937,-0.0511569194495677,0.926866352558136,0.9995242357254028,0.4917557286771596,0.8549782039124393,0.1302134990692138,0.7332649827003479,0.9999393224716188,0.4757706484038803,0.888384750811928,-0.1357630342245102,0.9814364314079284,0.9995816349983216,0.4596465325161027,0.872103209540007,0.0831939950585365,0.8626785278320312,0.9998531341552734,False,False,False,False,False,False,False,False,False,False,False,False,False,False,False,False,False,False,mediapipe,mediapipe,mediapipe,mediapipe,mediapipe,mediapipe,mediapipe,mediapipe,mediapipe,mediapipe,mediapipe,mediapipe,mediapipe,mediapipe,mediapipe,mediapipe,mediapipe,mediapipe
412,8.24,-0.18848534277310927,-0.3763309256399936,-0.7942173063314331,0.999995768070221,0.9999998807907104,0.4699079096317291,0.401235431432724,-0.2840821146965027,0.999995231628418,0.9999997615814208,0.13106760384367874,-0.019578037715893778,-0.8042107551530495,0.999996542930603,0.9999997615814208,-0.13106760384367874,0.0195780377158934,2.543405603920382,0.9999865889549256,0.9999994039535522,0.21139208671018897,0.6824825107838327,-8.05586684744298,0.9992332458496094,0.9999923706054688,-0.08790783680269305,0.6016243516874644,-5.999735362101951,0.8297762870788574,0.999995231628418,0.10576023314199391,1.2456162024989441,-8.125084104693777,0.9994977116584778,0.9999985694885254,-0.1406141166391451,1.1279679801001112,-6.436904722558422,0.9573017954826356,0.9999996423721312,0.4456169312112849,0.9386806089108797,-6.428014258909314,0.9999058246612548,0.9999960660934448,0.23787978459116774,0.9409023872580219,-5.454742239927853,0.9999040365219116,0.9999980926513672,0.06987870220794955,1.723571421403403,-6.7917081956696,0.988249897956848,0.9999922513961792,-0.03786484772799173,1.688000200493893,-5.725766715023248,0.7849938273429871,0.9999959468841552,0.16667522778757227,2.6204622268207336,-6.309781761828459,0.9806122183799744,0.9999152421951294,0.039037442822897714,2.5334376970837216,-5.12867339364235,0.8188356161117554,0.9999741315841676,0.5112174711860991,0.8708157913112442,-0.0520627051591873,0.9312675595283508,0.9996514320373536,0.4919741241248349,0.8547783018825793,0.1250420659780502,0.7473713159561157,0.9999597072601318,0.4759778058751214,0.8891116698860868,-0.1325963586568832,0.9827955961227416,0.9996557235717772,0.4596411521896071,0.8720156205839789,0.0734030455350875,0.8713522553443909,0.9998903274536132,False,False,False,False,False,False,False,False,False,False,False,False,False,False,False,False,False,False,mediapipe,mediapipe,mediapipe,mediapipe,mediapipe,mediapipe,mediapipe,mediapipe,mediapipe,mediapipe,mediapipe,mediapipe,mediapipe,mediapipe,mediapipe,mediapipe,mediapipe,mediapipe
413,8.26,-0.18516868828753705,-0.3626603551521071,-0.7730201295529133,0.9999961256980896,0.9999998807907104,0.469901829957962,0.3937172591686249,-0.2823386490345001,0.9999956488609314,0.9999997615814208,0.12845762996971533,-0.009840100915889185,-0.7824957822867322,0.999996781349182,0.9999997615814208,-0.12845762996971533,0.009840100915889185,2.436819570417282,0.999987244606018,0.9999992847442628,0.20751677486250564,0.6805840206805646,-7.603228524773632,0.9992607831954956,0.9999924898147584,-0.0886408407429955,0.5921920811390486,-5.61494282677987,0.828932523727417,0.9999940395355223,0.10908375268734594,1.236337986337897,-7.661371165162665,0.9995174407958984,0.9999985694885254,-0.13407771505682123,1.126057146923499,-6.036463839261653,0.9597151875495912,0.9999994039535522,0.4194162169096316,0.9453417414976952,-6.026381739950916,0.9999077320098876,0.9999943971633912,0.22003747625062772,0.949677776687726,-5.080357743241261,0.9999046325683594,0.9999971389770508,0.08137928824677475,1.736453729885071,-6.3773979606797875,0.9876513481140136,0.9999868869781494,-0.036882996367157965,1.704850880388529,-5.380057348995068,0.7833276987075806,0.9999927282333374,0.16372758866891873,2.6301753485775903,-5.980342470707546,0.981397807598114,0.9998618364334106,0.03709428134175152,2.5413853600126513,-4.841495323459787,0.8225029110908508,0.9999539852142334,0.5117334755428479,0.8713494953297813,-0.0631344318389892,0.9330622553825378,0.9994113445281982,0.4921729331944663,0.8544460547553931,0.1096551865339279,0.753680408000946,0.999923586845398,0.4761171741780158,0.8896835815934336,-0.1467023491859436,0.9835994243621826,0.9994695782661438,0.4596213020366955,0.8718787270548205,0.0487250313162803,0.875849723815918,0.9998180270195008,False,False,False,False,False,False,False,False,False,False,False,False,False,False,False,False,False,False,mediapipe,mediapipe,mediapipe,mediapipe,mediapipe,mediapipe,mediapipe,mediapipe,mediapipe,mediapipe,mediapipe,mediapipe,mediapipe,mediapipe,mediapipe,mediapipe,mediapipe,mediapipe
414,8.28,-0.1837927411593528,-0.3572964737023342,-0.7679814992951618,0.9999964833259584,1.0,0.4699649214744568,0.3878779411315918,-0.2794621288776397,0.9999960660934448,0.9999998807907104,0.12654087705021336,-0.011585942475577432,-0.7678194567580618,0.9999970197677612,0.9999997615814208,-0.12654087705021372,0.011585942475577432,2.372526578006333,0.9999879002571106,0.9999994039535522,0.2037360423249195,0.6699659578374222,-7.332463976896575,0.9992840886116028,0.9999942779541016,-0.08887973803690666,0.5761830975378269,-5.361004738046903,0.8243414163589478,0.999995231628418,0.10721171512171405,1.2304222236945865,-7.396753908319169,0.9995285272598268,0.999998927116394,-0.127585546886462,1.1030619337415657,-5.770356062917471,0.9613791704177856,0.9999995231628418,0.3922436515047594,0.9521605958955351,-5.7932558489685695,0.9999104738235474,0.9999959468841552,0.2024190829749263,0.9573881026772832,-4.860451257112189,0.9999060034751892,0.999997854232788,0.08576254612969084,1.756812360183262,-6.137791077166013,0.9867035746574402,0.9999881982803344,-0.03600757307458544,1.7203312232349905,-5.175247203301976,0.7757678627967834,0.9999935626983644,0.16162820586576807,2.6424221107280412,-5.824503348320543,0.9820495843887328,0.9998958110809326,0.0368218401556798,2.5510287694146125,-4.719376015256895,0.8223028779029846,0.9999667406082152,0.5120971815569432,0.8713540576554701,-0.0756911113858223,0.9343549609184264,0.9995469450950624,0.492327916733314,0.8537494542993331,0.0944424346089363,0.7562724351882935,0.9999423027038574,0.4762416974508969,0.8899568137311181,-0.1617129147052765,0.9843193292617798,0.9996098875999452,0.4595759855561612,0.8717355967123771,0.0322752334177494,0.8787958025932312,0.9998728036880492,False,False,False,False,False,False,False,False,False,False,False,False,False,False,False,False,False,False,mediapipe,mediapipe,mediapipe,mediapipe,mediapipe,mediapipe,mediapipe,mediapipe,mediapipe,mediapipe,mediapipe,mediapipe,mediapipe,mediapipe,mediapipe,mediapipe,mediapipe,mediapipe
415,8.3,-0.18285738780124772,-0.36387997856935345,-0.7528501858341649,0.9999968409538268,1.0,0.4701557159423828,0.3810817301273346,-0.2746050655841827,0.9999964237213136,0.9999998807907104,0.1255897202129926,-0.005871390074679625,-0.7605502398054732,0.9999972581863404,0.9999997615814208,-0.1255897202129926,0.0058713900746792565,2.348129868795629,0.999988615512848,0.9999995231628418,0.2031968469115856,0.6716459127443544,-7.258039881779078,0.999291718006134,0.999993085861206,-0.08765686440551869,0.5775505409797588,-5.296807024527503,0.8205796480178833,0.9999961853027344,0.11138201271449442,1.2367626075798475,-7.328309205246893,0.999519109725952,0.9999984502792358,-0.12242066922346495,1.1051478721146648,-5.709554131531922,0.9634109139442444,0.9999997615814208,0.3713978628891219,0.9581729693013284,-5.741080431643123,0.9999144077301024,0.9999972581863404,0.18805418233882076,0.9619867660046366,-4.798347461418096,0.9999094009399414,0.9999986886978148,0.09261758262948026,1.7875099570932411,-6.038614958672371,0.9857630729675292,0.9999916553497314,-0.034527283375944365,1.7570971180239334,-5.085983365783428,0.7682794332504272,0.9999960660934448,0.16189426447816768,2.6807605475352463,-5.720832079286481,0.9826829433441162,0.9999369382858276,0.037749590134445246,2.586599407001233,-4.606672849045272,0.8226498365402222,0.999982476234436,0.5122454780520829,0.8707226020195012,-0.0666770413517952,0.9355056881904602,0.9997126460075378,0.4923496087253244,0.8527773015704766,0.1028229743242263,0.7594396471977234,0.9999675750732422,0.4764895398855778,0.8899740258574786,-0.1505087912082672,0.9850563406944276,0.9997451901435852,0.4594432292006799,0.8716054717143955,0.0358987003564834,0.8825022578239441,0.9999244213104248,False,False,False,False,False,False,False,False,False,False,False,False,False,False,False,False,False,False,mediapipe,mediapipe,mediapipe,mediapipe,mediapipe,mediapipe,mediapipe,mediapipe,mediapipe,mediapipe,mediapipe,mediapipe,mediapipe,mediapipe,mediapipe,mediapipe,mediapipe,mediapipe
416,8.32,-0.18151427778524018,-0.3702518188910106,-0.8069679744012055,0.9999971389770508,1.0,0.4704478085041046,0.3752234876155853,-0.2781853973865509,0.999996781349182,0.9999998807907104,0.1250510639225083,0.007588226537404906,-0.7476323575197634,0.9999974370002748,0.9999997615814208,-0.1250510639225083,-0.007588226537405275,2.2953215301742267,0.9999892711639404,0.9999995231628418,0.20360524004916855,0.6755952067478992,-7.118356098642965,0.9993106126785278,0.9999942779541016,-0.0866501646667188,0.5792156254343619,-5.1918151270559365,0.8173553943634033,0.999995231628418,0.11079315438864934,1.2470508116794288,-7.191785747865439,0.9995248913764954,0.9999988079071044,-0.11905193156530233,1.1164450432215647,-5.58226461204351,0.9648969173431396,0.9999995231628418,0.3493838153912018,0.9656632759469723,-5.607496306437472,0.9999189972877502,0.999997615814209,0.17522065773310205,0.9643082644592511,-4.671082333654478,0.9999135136604308,0.9999986886978148,0.09411568122881878,1.825525823037031,-5.879683063128336,0.9854809045791626,0.9999920129776,-0.03219068594912753,1.7995643506488066,-4.975348038471192,0.7691857814788818,0.9999959468841552,0.16217872423464008,2.7188388957490215,-5.543806934684227,0.9834986329078674,0.9999488592147828,0.03912136639193628,2.622049197933766,-4.474593628935222,0.8276001811027527,0.9999829530715942,0.5122255664883252,0.8697578180364262,-0.0637814179062843,0.9370980858802797,0.9997592568397522,0.492432348378056,0.8515911838669342,0.1030154079198837,0.7657760381698608,0.9999668598175048,0.4767710440086608,0.8899706911929584,-0.1420455425977707,0.9858810901641846,0.9997596144676208,0.4593917436394114,0.8714845083254501,0.0391232743859291,0.8882673382759094,0.9999130964279176,False,False,False,False,False,False,False,False,False,False,False,False,False,False,False,False,False,False,mediapipe,mediapipe,mediapipe,mediapipe,mediapipe,mediapipe,mediapipe,mediapipe,mediapipe,mediapipe,mediapipe,mediapipe,mediapipe,mediapipe,mediapipe,mediapipe,mediapipe,mediapipe
417,8.34,-0.17896343010873073,-0.3837622864677929,-0.8014013721199292,0.99999737739563,1.0,0.470671147108078,0.3691894114017486,-0.2776581943035126,0.999997079372406,0.9999998807907104,0.12324543268092546,0.005853997155473976,-0.7437280852904481,0.999997615814209,0.9999998807907104,-0.12324543268092546,-0.005853997155473976,2.2793891753649906,0.9999898672103882,0.9999995231628418,0.20471124605120022,0.6704640266579672,-6.988559631123854,0.9993367791175842,0.9999946355819702,-0.08161631080841718,0.5901866917529158,-5.021268681127834,0.8148816823959351,0.9999959468841552,0.11281499876077608,1.235079398486156,-7.084003850613084,0.9995366930961608,0.9999990463256836,-0.11514447149300883,1.1168759243065314,-5.412855672414193,0.9667717814445496,0.9999997615814208,0.32632470883124953,0.9744079747628526,-5.522598325821087,0.9999234676361084,0.9999979734420776,0.15659099705348264,0.9664146397513763,-4.5882743714170555,0.9999173879623412,0.9999988079071044,0.09583959411485726,1.834170652806272,-5.768669338649347,0.9855626225471495,0.999994158744812,-0.029262039041718316,1.803356155184919,-4.892004580335192,0.7723805904388428,0.9999974966049194,0.16039571542977282,2.724063561001702,-5.425379114627016,0.9844823479652404,0.9999696016311646,0.04005863340313618,2.627700978421344,-4.394939760421702,0.8360186815261841,0.999990701675415,0.5120741684675787,0.8686700453569305,-0.0609839893877506,0.9398838877677916,0.9998606443405152,0.4924783776829027,0.8507477618875504,0.1030605137348175,0.7768378257751465,0.9999812841415404,0.4770502908663328,0.8898390820532157,-0.1400853544473648,0.986850380897522,0.9998629093170166,0.4593505422413222,0.8714646444176206,0.0393907390534877,0.8957290053367615,0.999950647354126,False,False,False,False,False,False,False,False,False,False,False,False,False,False,False,False,False,False,mediapipe,mediapipe,mediapipe,mediapipe,mediapipe,mediapipe,mediapipe,mediapipe,mediapipe,mediapipe,mediapipe,mediapipe,mediapipe,mediapipe,mediapipe,mediapipe,mediapipe,mediapipe
418,8.36,-0.1763231514170837,-0.3965248447773203,-0.7761602241547638,0.999997615814209,1.0,0.4708633720874786,0.3645526468753814,-0.2471263110637664,0.99999737739563,0.9999998807907104,0.12329725265768927,-0.004781002944185986,-0.7137725485479226,0.9999977946281432,0.9999998807907104,-0.12329725265768927,0.004781002944185986,2.2166680564108594,0.999990463256836,0.9999995231628418,0.20700698835752762,0.6591732480409672,-6.6445878075183495,0.9993683695793152,0.9999958276748656,-0.08010609895600386,0.5886300297604069,-4.758838670368101,0.8165783286094666,0.999996304512024,0.11152378505129458,1.2166828249134378,-6.763287082127029,0.9995529651641846,0.9999992847442628,-0.111322195230479,1.1026852392210833,-5.166940908949483,0.9686443209648132,0.9999997615814208,0.3100313997769599,0.974486236096203,-5.362427996453293,0.9999285340309144,0.9999983310699464,0.13469239339534486,0.9754421594574487,-4.441001117114562,0.999922215938568,0.999998927116394,0.09543236845749369,1.8313467123337754,-5.6023233337719915,0.98609858751297,0.9999946355819702,-0.029008814094684584,1.794720738408908,-4.745391079002661,0.7800933122634888,0.9999972581863404,0.1589633887283214,2.718352067008471,-5.209088028580374,0.9853684902191162,0.9999711513519288,0.04075105717232931,2.621326722621364,-4.265762410071069,0.8447223901748657,0.9999887943267822,0.5119230530478752,0.8675242076109083,-0.0488302074372768,0.9425280094146729,0.9998722076416016,0.4925422017529862,0.8500565375203597,0.1003486216068267,0.7880018353462219,0.9999778270721436,0.4774040609667641,0.8898013185510014,-0.1389758884906768,0.9877502918243408,0.9998704195022584,0.4593963425059431,0.8715060424137803,0.0346409566700458,0.9030230045318604,0.9999407529830932,False,False,False,False,False,False,False,False,False,False,False,False,False,False,False,False,False,False,mediapipe,mediapipe,mediapipe,mediapipe,mediapipe,mediapipe,mediapipe,mediapipe,mediapipe,mediapipe,mediapipe,mediapipe,mediapipe,mediapipe,mediapipe,mediapipe,mediapipe,mediapipe
419,8.38,-0.17412217356163942,-0.38980550056749447,-0.7504377313164065,0.999997854232788,1.0,0.470982015132904,0.3604946434497833,-0.2487790733575821,0.999997615814209,0.9999998807907104,0.12162938127187166,-0.0018770010604109554,-0.7009377927848305,0.9999979734420776,0.9999998807907104,-0.12162938127187166,0.0018770010604105985,2.1228612879034783,0.9999911189079284,0.9999996423721312,0.20591065726835434,0.6499833341295851,-6.328327493178827,0.9993772506713868,0.9999964237213136,-0.07326637457198774,0.5888074716969562,-4.447714918406569,0.8126813173294067,0.9999964237213136,0.11120900723787394,1.196277067158099,-6.431085204932601,0.9995500445365906,0.9999992847442628,-0.10731415817683818,1.091770553803783,-4.829895078212584,0.9699370861053468,0.9999997615814208,0.2862172255917862,0.9772090579355193,-5.029346801408281,0.9999331831932068,0.9999982118606568,0.11496626408162675,0.9821407851536265,-4.113780512618065,0.999926745891571,0.9999988079071044,0.09190818571622458,1.8283306816126133,-5.264756460998026,0.9856926202774048,0.9999929666519164,-0.026556355227601355,1.7957526885267365,-4.345805222605337,0.7763187289237976,0.9999959468841552,0.15695574947100524,2.705726539592708,-4.84158075121307,0.985503315925598,0.9999637603759766,0.04017460227649703,2.608736152133197,-3.8756917430155244,0.8462845087051392,0.9999831914901732,0.5118615987139717,0.8665047361578441,-0.0418602600693702,0.9419617652893066,0.9998363256454468,0.492601270025428,0.8496524822184,0.1114028841257095,0.790208637714386,0.9999662637710572,0.4777000735411845,0.8897630928001784,-0.1371543407440185,0.9881863594055176,0.999836564064026,0.4596254708883657,0.8716122010648967,0.0371947437524795,0.9071534276008606,0.9999164342880248,False,False,False,False,False,False,False,False,False,False,False,False,False,False,False,False,False,False,mediapipe,mediapipe,mediapipe,mediapipe,mediapipe,mediapipe,mediapipe,mediapipe,mediapipe,mediapipe,mediapipe,mediapipe,mediapipe,mediapipe,mediapipe,mediapipe,mediapipe,mediapipe
420,8.4,-0.1733339670873271,-0.3936166830201851,-0.8084505287262794,0.9999980330467224,1.0,0.4713048338890075,0.3559564054012298,-0.2632247805595398,0.9999977946281432,0.9999998807907104,0.12098760467278859,0.00611787864012572,-0.694476712019602,0.9999980926513672,0.9999998807907104,-0.12098760467278859,-0.00611787864012572,2.0699026145696453,0.9999916553497314,0.9999995231628418,0.2085019980459665,0.6573289862958239,-6.147735588049278,0.9993369579315186,0.999994158744812,-0.06834320809758435,0.590841692263194,-4.326080164720702,0.8026207089424133,0.9999949932098388,0.11374900727597684,1.2003095685975216,-6.3230283642117175,0.9994922280311584,0.9999986886978148,-0.10586394012032357,1.08618968281912,-4.6987732853156,0.9701811075210572,0.9999996423721312,0.2712939783104261,0.9832662546210396,-4.848467218915744,0.9999376535415648,0.9999985694885254,0.09536448505729564,0.9828368889705729,-3.9295005666286147,0.9999313354492188,0.999998927116394,0.08922766186027638,1.833646804959697,-5.088931621397725,0.984435498714447,0.9999923706054688,-0.017255930650251855,1.8039784267067567,-4.041690933223888,0.7601385712623596,0.9999955892562866,0.15587671353981658,2.7043689439026717,-4.654174978979184,0.9851627945899964,0.9999669790267944,0.03939007006734979,2.6073231321772785,-3.559898789674216,0.844781756401062,0.9999829530715942,0.5118340660919968,0.8657389091445038,-0.0406392142176628,0.9399179220199584,0.9998550415039062,0.4925947406769922,0.8496659670398529,0.133638247847557,0.788115382194519,0.9999661445617676,0.4778820001162028,0.8897539195203026,-0.1348101645708084,0.988332748413086,0.999811351299286,0.4599792444622612,0.8717978989883483,0.0593423396348953,0.9094664454460144,0.9998999834060668,False,False,False,False,False,False,False,False,False,False,False,False,False,False,False,False,False,False,mediapipe,mediapipe,mediapipe,mediapipe,mediapipe,mediapipe,mediapipe,mediapipe,mediapipe,mediapipe,mediapipe,mediapipe,mediapipe,mediapipe,mediapipe,mediapipe,mediapipe,mediapipe
421,8.42,-0.1721750449932397,-0.39824576057850974,-0.8321209051659183,0.999998152256012,0.9999998807907104,0.4716929793357849,0.3530116379261017,-0.2552202939987182,0.9999979138374328,0.9999998807907104,0.12031321069156013,-0.008857717144981007,-0.7186308202034322,0.9999982118606568,0.9999997615814208,-0.12031321069156013,0.008857717144980657,2.178477580633114,0.9999920129776,0.9999992847442628,0.20993472078324035,0.6283026895752919,-6.358669413337924,0.999234676361084,0.9999929666519164,-0.06638969484470694,0.5945712310557718,-4.489847512926319,0.7881492376327515,0.9999946355819702,0.1152331035236606,1.1770879209315868,-6.543152816088126,0.9993362426757812,0.9999982118606568,-0.10245316985791204,1.0605860176949773,-4.958824763305359,0.970158040523529,0.9999997615814208,0.2504687260096875,0.984311650344766,-5.0853367760761365,0.999942183494568,0.9999991655349731,0.0751297293753412,0.9890067846400397,-4.162239111028437,0.999936044216156,0.9999994039535522,0.09209001552934075,1.8342434859908563,-5.24153558251747,0.9832000136375428,0.9999947547912598,-0.011737105274984257,1.8021884062023266,-4.192628478234433,0.7537780404090881,0.999997615814209,0.1549248063291957,2.6954479360177324,-4.770122367892633,0.9851312041282654,0.9999810457229614,0.03869435928813244,2.597871400434571,-3.696393566904134,0.8506749272346497,0.9999918937683104,0.5117655276974333,0.8653050081713238,-0.0215857680886983,0.938093602657318,0.9999195337295532,0.4925271216389195,0.8494051130779441,0.1503831297159195,0.7940258383750916,0.9999833106994628,0.4779889449511942,0.8896912633678041,-0.120651014149189,0.9885671734809875,0.9998887777328492,0.4604049530618408,0.871888668526027,0.0755922719836235,0.9143171906471252,0.999941110610962,False,False,False,False,False,False,False,False,False,False,False,False,False,False,False,False,False,False,mediapipe,mediapipe,mediapipe,mediapipe,mediapipe,mediapipe,mediapipe,mediapipe,mediapipe,mediapipe,mediapipe,mediapipe,mediapipe,mediapipe,mediapipe,mediapipe,mediapipe,mediapipe
422,8.44,-0.1670710844395326,-0.40394755638518703,-0.8207985928139806,0.9999982714653016,0.9999998807907104,0.4725767970085144,0.3503352105617523,-0.2476137578487396,0.9999980926513672,0.9999998807907104,0.11955390109501755,-0.0066237155429771585,-0.7174167233776845,0.9999983310699464,0.9999997615814208,-0.1195539010950179,0.0066237155429768125,2.16410157064511,0.9999920725822448,0.9999988079071044,0.2081696145023223,0.6097953009139987,-6.228914575239542,0.9991937279701232,0.9999927282333374,-0.0640543485309781,0.5903160593138264,-4.367419243259969,0.7730376720428467,0.9999920129776,0.11736681819259343,1.1535270893284286,-6.437951660740055,0.9992674589157104,0.9999984502792358,-0.10103025335054655,1.0427994174745363,-4.859333873512009,0.9699217081069946,0.9999996423721312,0.23353141579446976,0.9860349740391983,-4.971777361541678,0.9999467134475708,0.9999995231628418,0.05781778219253737,0.9926301428596487,-4.053244465950336,0.9999404549598694,0.9999995231628418,0.09142950971197884,1.8197529961195698,-5.054777752610931,0.983289897441864,0.9999970197677612,-0.013952413946034687,1.7884199287918743,-3.9535098417010306,0.7533596754074097,0.999997854232788,0.15153687980556937,2.6688579108207113,-4.588004257554091,0.9860237836837769,0.9999874830245972,0.03725386239038011,2.571867862060784,-3.3284661723916535,0.8589291572570801,0.9999949932098388,0.511655668417614,0.8653893731968687,-0.0106165204197168,0.9403280019760132,0.99994158744812,0.4925019324242664,0.8495432141221787,0.1960570216178894,0.804082989692688,0.9999901056289672,0.4779656154987152,0.8897226290269356,-0.1114899739623069,0.9892945885658264,0.9998964071273804,0.4608684498252303,0.8720590544469452,0.1253103762865066,0.9197178483009338,0.999958038330078,False,False,False,False,False,False,False,False,False,False,False,False,False,False,False,False,False,False,mediapipe,mediapipe,mediapipe,mediapipe,mediapipe,mediapipe,mediapipe,mediapipe,mediapipe,mediapipe,mediapipe,mediapipe,mediapipe,mediapipe,mediapipe,mediapipe,mediapipe,mediapipe
423,8.46,-0.16280885559251143,-0.39993237110835234,-0.7988335464341566,0.9999983310699464,0.9999998807907104,0.4733994603157043,0.3479088246822357,-0.2365322113037109,0.999998152256012,0.9999996423721312,0.11997598485145705,-0.005943645487347895,-0.6909552243446739,0.9999983906745912,0.9999996423721312,-0.11997598485145705,0.005943645487347895,2.0746501471595464,0.9999920129776,0.9999984502792358,0.20823447600504993,0.6026276074265555,-5.882348838884089,0.9991123676300048,0.9999903440475464,-0.0650100222428917,0.5905552773928924,-4.074301250611998,0.7550929188728333,0.999990463256836,0.12302821147194422,1.1340920931880674,-6.1172247172590595,0.9991171360015868,0.9999974966049194,-0.10198827918667709,1.0380054218453816,-4.562965208459044,0.9690983295440674,0.9999996423721312,0.20684340920040808,0.9893692895540974,-4.71352470322177,0.9999507069587708,0.9999994039535522,0.040537293509464785,0.9952724382967423,-3.8097970599233735,0.9999443292617798,0.9999994039535522,0.08849272710522192,1.8097453285220104,-4.766968223929992,0.9832510352134703,0.9999959468841552,-0.01640753084375637,1.7798413277443237,-3.7144407237950743,0.7526826858520508,0.99999737739563,0.14802234978161916,2.6519359095028956,-4.334137323924677,0.9868204593658448,0.9999819993972778,0.03506243909111737,2.5537539910601965,-3.129571863733401,0.8664810061454773,0.9999933242797852,0.5115502778188901,0.8657456958766329,-0.0107261938974261,0.9418315291404724,0.9999144077301024,0.4924698826316366,0.8495879305270468,0.1895623356103897,0.8127972483634949,0.999985933303833,0.4781191057953257,0.8898116851742197,-0.1104490906000137,0.9899000525474548,0.999840259552002,0.4612683056395661,0.8721489685398738,0.1199352517724037,0.9244595170021056,0.999937891960144,False,False,False,False,False,False,False,False,False,False,False,False,False,False,False,False,False,False,mediapipe,mediapipe,mediapipe,mediapipe,mediapipe,mediapipe,mediapipe,mediapipe,mediapipe,mediapipe,mediapipe,mediapipe,mediapipe,mediapipe,mediapipe,mediapipe,mediapipe,mediapipe
424,8.48,-0.15931150366132685,-0.4083783647737989,-0.7747722035179544,0.9999983906745912,0.9999998807907104,0.4740429222583771,0.3460412919521332,-0.2432676404714584,0.9999982118606568,0.9999996423721312,0.12115210989072968,-0.014235537980587189,-0.6863754790982779,0.9999983906745912,0.9999996423721312,-0.12115210989073003,0.014235537980587189,2.044006558118189,0.9999917149543762,0.9999979734420776,0.21018596154955804,0.5969490308611706,-5.848234890052449,0.9990181922912598,0.999987244606018,-0.06670830087807952,0.6017649713644949,-4.051641468145711,0.7319911122322083,0.9999865293502808,0.13161043963341573,1.1417349635041185,-6.063598098303479,0.9989138841629028,0.999996542930603,-0.10573250565587913,1.0424781198814896,-4.512845706229451,0.9663876295089722,0.9999992847442628,0.19789587259101782,0.9917819502035831,-4.653883351242464,0.9999540448188782,0.9999992847442628,0.03201674062644412,0.9949591477464034,-3.748241193294313,0.9999472498893738,0.9999991655349731,0.08731492681618892,1.8199496705469602,-4.713398772385383,0.9832407236099244,0.999994158744812,-0.013198465621128204,1.7894136715666675,-3.5804112827686363,0.7454242706298828,0.9999955892562866,0.1464770071385196,2.6650722669939757,-4.30099534313732,0.9874401092529296,0.9999746084213256,0.032647161622820026,2.564451933363026,-2.949371702630932,0.870710015296936,0.9999898672103882,0.5114619856947799,0.8656906234078775,-0.0153436250984668,0.9424847960472108,0.9998809099197388,0.4924079746633155,0.8493596141710725,0.2088401615619659,0.8172849416732788,0.9999802112579346,0.4783563782701971,0.8897857377023431,-0.1129171401262283,0.9903650879859924,0.9997840523719788,0.4615491561956351,0.8720577844095142,0.1417568325996399,0.927522838115692,0.9999207258224488,False,False,False,False,False,False,False,False,False,False,False,False,False,False,False,False,False,False,mediapipe,mediapipe,mediapipe,mediapipe,mediapipe,mediapipe,mediapipe,mediapipe,mediapipe,mediapipe,mediapipe,mediapipe,mediapipe,mediapipe,mediapipe,mediapipe,mediapipe,mediapipe
425,8.5,-0.15391964732398034,-0.40310985828614665,-0.781669690931352,0.9999983906745912,0.9999997615814208,0.4747880101203918,0.3451441526412964,-0.2406670749187469,0.9999982714653016,0.9999996423721312,0.11962928111995194,-0.00818231129080758,-0.680224062728077,0.9999983906745912,0.9999996423721312,-0.11962928111995194,0.00818231129080724,2.0133547047206575,0.999991238117218,0.999997615814209,0.20984961454708245,0.5925127592387704,-5.666279172478639,0.9989601373672484,0.9999868869781494,-0.06716154802584667,0.5978305555385758,-3.9074641552341385,0.7065390944480896,0.999985694885254,0.13968553225054114,1.1244997369952687,-5.870229396612678,0.9987094402313232,0.9999958276748656,-0.10634462936859479,1.0289401072353246,-4.376112935379127,0.962641417980194,0.9999992847442628,0.17750232107167196,0.9973308795719547,-4.5226777493776105,0.9999570250511168,0.9999992847442628,0.021438936723603978,0.9927501177612773,-3.628057185222424,0.9999496936798096,0.9999991655349731,0.08453485012215081,1.811707842887421,-4.556384927186293,0.9835731983184814,0.999994158744812,-0.012802358638029367,1.7807390495794884,-3.435484077072191,0.740420937538147,0.9999958276748656,0.14378147668831928,2.64685888805177,-4.148731216849988,0.9881197214126588,0.9999711513519288,0.030684423921099564,2.544529610488028,-2.8116402580794837,0.8752946853637695,0.9999896287918092,0.5113773243132741,0.8657417429354942,-0.0113809294998645,0.9439236521720886,0.9998645782470704,0.4922613742607191,0.8490843053186434,0.2132449597120285,0.823054850101471,0.9999788999557496,0.4785113994613962,0.8897718367598852,-0.1108332872390747,0.9908527135849,0.9997653365135192,0.4616379960850414,0.8718579972818482,0.1469158828258514,0.9305906891822816,0.99992036819458,False,False,False,False,False,False,False,False,False,False,False,False,False,False,False,False,False,False,mediapipe,mediapipe,mediapipe,mediapipe,mediapipe,mediapipe,mediapipe,mediapipe,mediapipe,mediapipe,mediapipe,mediapipe,mediapipe,mediapipe,mediapipe,mediapipe,mediapipe,mediapipe
426,8.52,-0.15112476547648301,-0.4117960562220027,-0.743759580858041,0.9999982714653016,0.9999994039535522,0.4756397902965545,0.3434516489505768,-0.2163717448711395,0.9999982714653016,0.9999992847442628,0.11956870034307525,-0.01044520332508393,-0.668815393759938,0.9999983906745912,0.9999995231628418,-0.11956870034307558,0.01044520332508393,2.0160908455652056,0.9999903440475464,0.9999958276748656,0.20678802211184058,0.591268049564675,-5.567717532407567,0.998951017856598,0.9999854564666748,-0.06956304015488034,0.5904693173161164,-3.840459406153487,0.6848758459091187,0.9999756813049316,0.13732107547940137,1.109713194601819,-5.800568122764182,0.9986500144004822,0.9999953508377076,-0.10892598147891458,1.0097311357867733,-4.329397472702312,0.9601532220840454,0.999998927116394,0.16923549177229702,0.9977000267865618,-4.525308999556347,0.9999601244926452,0.9999991655349731,0.010947922204519457,0.9941669209104119,-3.6406143668216457,0.9999524354934692,0.999998927116394,0.08022418296507254,1.8073026757453423,-4.532805558695182,0.984520435333252,0.9999923706054688,-0.015023644227467473,1.7770996868837465,-3.4253876807031687,0.7494243383407593,0.9999929666519164,0.13974723355786112,2.6244961165333973,-4.027692498051271,0.988914430141449,0.999959111213684,0.027667719912123516,2.5195093985419073,-2.7663504872582774,0.8825084567070007,0.9999821186065674,0.5113237826696377,0.8658764455424067,0.0119142569601535,0.9460487961769104,0.9998090863227844,0.4921283538524933,0.8486725066925285,0.2248114049434662,0.8316669464111328,0.9999643564224244,0.4786130915154956,0.8897462332998981,-0.0822045505046844,0.9914038181304932,0.9996222257614136,0.4617688154979753,0.8715608629869158,0.1624161601066589,0.934643030166626,0.999849796295166,False,False,False,False,False,False,False,False,False,False,False,False,False,False,False,False,False,False,mediapipe,mediapipe,mediapipe,mediapipe,mediapipe,mediapipe,mediapipe,mediapipe,mediapipe,mediapipe,mediapipe,mediapipe,mediapipe,mediapipe,mediapipe,mediapipe,mediapipe,mediapipe
427,8.54,-0.1460685773525234,-0.4061760234661571,-0.7132956071928641,0.9999980926513672,0.9999991655349731,0.4764763116836548,0.3410012722015381,-0.2094464302062988,0.999998152256012,0.9999990463256836,0.11878055060072036,-0.014198238241848479,-0.6376623930906603,0.9999983310699464,0.9999994039535522,-0.1187805506007207,0.014198238241848479,1.8981998629562427,0.9999895095825196,0.999995231628418,0.20340497883863937,0.5877316465940979,-5.167779304979838,0.9989116191864014,0.9999836683273317,-0.07108479402687222,0.5946199589887331,-3.533126416108748,0.6725558042526245,0.9999767541885376,0.13119525884651273,1.0896561385771806,-5.386781844106568,0.9985544681549072,0.9999954700469972,-0.11122107661364175,1.0063836520820026,-4.013816271741726,0.9591186046600342,0.999998927116394,0.15260337821947903,0.9999792025775168,-4.1939834159661915,0.9999627470970154,0.9999990463256836,0.0005943397808225591,0.9941447803281348,-3.340274642858726,0.9999547004699708,0.9999986886978148,0.0766152866711889,1.7917766625653915,-4.157078879757475,0.9848942160606384,0.9999887943267822,-0.015790554870205975,1.7618173485519435,-3.1072692201813674,0.7529888153076172,0.999990940093994,0.13551179490682516,2.599579449677361,-3.6362981625053683,0.9893277287483216,0.999942183494568,0.025473069946929945,2.492818601019714,-2.4778152086226037,0.8872970938682556,0.9999743700027466,0.5112473395043056,0.8661572663656225,0.0249731317162513,0.9461318254470824,0.9997500777244568,0.4919670929302993,0.8483256975531877,0.2228281497955322,0.8363566398620605,0.9999504089355468,0.4785817357210025,0.8897234208378225,-0.068011574447155,0.9916445016860962,0.9995548129081726,0.4618284473747096,0.8712448947357432,0.1590283662080764,0.9373589754104614,0.9998158812522888,False,False,False,False,False,False,False,False,False,False,False,False,False,False,False,False,False,False,mediapipe,mediapipe,mediapipe,mediapipe,mediapipe,mediapipe,mediapipe,mediapipe,mediapipe,mediapipe,mediapipe,mediapipe,mediapipe,mediapipe,mediapipe,mediapipe,mediapipe,mediapipe
428,8.56,-0.14092026179669567,-0.3965037635551704,-0.6747331142756174,0.9999976754188538,0.9999986886978148,0.4774233996868133,0.3411284983158111,-0.1812856942415237,0.9999979138374328,0.9999985694885254,0.11838723979458134,-0.010709571363345615,-0.6306047864477414,0.9999982714653016,0.9999992847442628,-0.11838723979458134,0.010709571363345615,1.9240201492579458,0.9999879598617554,0.9999918937683104,0.19929683724049713,0.586629021368758,-5.084696279599891,0.9988752603530884,0.999980926513672,-0.07255242002600878,0.5907406681010647,-3.4657379331190685,0.6496133208274841,0.9999662637710572,0.1260841579191719,1.0817037019487123,-5.307731094440145,0.9984993934631348,0.999995231628418,-0.11348726319393426,0.9895859034875317,-3.9399218501676057,0.9568331241607666,0.9999986886978148,0.13780467304563845,1.0006341148435824,-4.24430946679065,0.9999645352363586,0.9999985694885254,-0.010033384817024857,0.9952803367059818,-3.4014719169879153,0.9999552965164183,0.999997854232788,0.07550068565205355,1.7789805015990352,-4.210348172021757,0.984853744506836,0.9999864101409912,-0.018522140562476,1.7485342331866718,-3.150133285305419,0.7452480792999268,0.9999873638153076,0.13177423915952927,2.579600028418133,-3.7444668548629965,0.9896363615989684,0.9999275207519532,0.02368850040712103,2.4700780984421304,-2.55599319788159,0.8884565234184265,0.9999693632125854,0.511247848853088,0.8665456645416515,0.0155858639627695,0.9458926320075988,0.9996770620346068,0.4919435456916181,0.8478580493749182,0.2210142463445663,0.837956964969635,0.9999392032623292,0.4784298380077036,0.8897980890629754,-0.0771163702011108,0.991791605949402,0.9994555115699768,0.4619253843953293,0.8709017494063857,0.1587832123041153,0.9383430480957032,0.9997956156730652,False,False,False,False,False,False,False,False,False,False,False,False,False,False,False,False,False,False,mediapipe,mediapipe,mediapipe,mediapipe,mediapipe,mediapipe,mediapipe,mediapipe,mediapipe,mediapipe,mediapipe,mediapipe,mediapipe,mediapipe,mediapipe,mediapipe,mediapipe,mediapipe
429,8.58,-0.13900231872268093,-0.38655806177787694,-0.6263925129438207,0.999996781349182,0.9999972581863404,0.4777738749980926,0.3402923941612243,-0.1886714100837707,0.9999973177909852,0.9999971389770508,0.11749618396471864,-0.007217921179605619,-0.6394997835779905,0.999998152256012,0.999998927116394,-0.11749618396471896,0.007217921179605294,1.9230727111397004,0.9999862909317015,0.9999910593032836,0.1952157965239875,0.5885276785949984,-5.054864240174877,0.9987691640853882,0.9999765157699584,-0.0748544268946526,0.5931788145670907,-3.3974651420826736,0.6181933283805847,0.999970555305481,0.12202335017405895,1.0840445982111784,-5.247841072941445,0.9983269572257996,0.999993085861206,-0.11749251725342598,0.9869511308132802,-3.835396000724162,0.953642725944519,0.9999990463256836,0.12841376908190708,1.0023810433624523,-4.178380120475632,0.999966025352478,0.9999986886978148,-0.01859615562625752,0.9946017036273417,-3.342107208423993,0.9999558329582214,0.9999982118606568,0.07543394188419256,1.778878356326889,-3.9433187398015073,0.9829778671264648,0.9999833106994628,-0.021314680046895428,1.746120656059443,-2.8854470831460284,0.7216606736183167,0.9999874830245972,0.12780785850731455,2.5659999100030935,-3.3999003185455754,0.989311456680298,0.9999128580093384,0.02203135502891694,2.4535871881919467,-2.206966857395591,0.8819621205329895,0.9999700784683228,0.5111802016104864,0.8669657255664039,0.0652355626225471,0.942637860774994,0.9996373653411864,0.4920186454599566,0.8474187600862753,0.2734839618206024,0.8328638672828674,0.9999430179595948,0.4781817491654762,0.8899019974650781,-0.0257861446589231,0.9913958311080932,0.999445378780365,0.4621049000388826,0.8705883076140952,0.2140695601701736,0.9355209469795228,0.999822437763214,False,False,False,False,False,False,False,False,False,False,False,False,False,False,False,False,False,False,mediapipe,mediapipe,mediapipe,mediapipe,mediapipe,mediapipe,mediapipe,mediapipe,mediapipe,mediapipe,mediapipe,mediapipe,mediapipe,mediapipe,mediapipe,mediapipe,mediapipe,mediapipe
430,8.6,-0.1370842315135184,-0.37385687654317956,-0.5668981022497167,0.999995768070221,0.999996781349182,0.4780358672142029,0.3400200605392456,-0.1753660142421722,0.9999966025352478,0.999996542930603,0.11467969008514099,-0.007222591198938554,-0.6202097193956867,0.9999979734420776,0.9999988079071044,-0.11467969008514099,0.007222591198938554,1.8582092278641877,0.9999847412109376,0.9999912977218628,0.18919471620418893,0.5734960622905949,-4.794332027477735,0.9986345767974854,0.9999772310256958,-0.07912596112293575,0.5941201586852612,,0.5887099504470825,0.9999730587005616,0.11646640787941544,1.0708835439888897,-4.986432692683384,0.9981281757354736,0.9999929666519164,-0.1211208712627704,0.9712040589106968,-3.564995185752485,0.9506630897521972,0.9999990463256836,0.11532354808279789,1.0069544228741603,-3.975272328642204,0.999967873096466,0.9999991655349731,-0.024303636593004024,0.9909733475200531,-3.1574950625575315,0.9999574422836304,0.999998927116394,0.0763734289680126,1.7694816165137086,-3.5629843383938016,0.981533408164978,0.9999855756759644,-0.023845711503934077,1.7411001726810746,-2.6554229839978025,0.7137158513069153,0.9999914169311525,0.12246487733618762,2.5311859997307273,-2.964544307038654,0.9893528819084167,0.999940037727356,0.0199082811745607,2.417649832703807,-1.9834181780551399,0.8829238414764404,0.9999822378158568,0.5111320368893509,0.8673723755460819,0.1095075532793998,0.941020667552948,0.9997637867927552,0.4921174737818048,0.8470427027115477,0.2834492325782776,0.834265947341919,0.9999650716781616,0.477936404012579,0.8899817580665487,0.0228798147290945,0.991272270679474,0.9996187686920166,0.4622901494686431,0.8703471408301601,0.2255318909883499,0.9363664388656616,0.9998728036880492,False,False,False,False,False,False,False,False,False,False,False,False,False,False,False,False,False,False,mediapipe,mediapipe,mediapipe,mediapipe,mediapipe,gpr,mediapipe,mediapipe,mediapipe,mediapipe,mediapipe,mediapipe,mediapipe,mediapipe,mediapipe,mediapipe,mediapipe,mediapipe
431,8.62,-0.13502009184795444,-0.37974442084002363,-0.6524949205114068,0.9999958872795104,0.9999992847442628,0.4787051379680633,0.339353084564209,-0.1817206889390945,0.9999967217445374,0.9999991655349731,0.11286491524790289,-0.009949968620169706,-0.6009989169773887,0.9999979734420776,0.9999995231628418,-0.11286491524790321,0.009949968620169706,1.7806268758700645,0.9999844431877136,0.9999953508377076,0.18739290432953998,0.5725998731998329,-4.5995042830310195,0.9985862374305724,0.9999817609786988,-0.0837232673138381,0.591542839834151,,0.5719195008277893,0.9999780654907228,0.1134131672792491,1.0686777862809465,-4.803161226162248,0.9980729818344116,0.999995231628418,-0.12719627134934686,0.9658357856317429,-3.4288206693810497,0.9496018290519714,0.9999991655349731,0.10301889381189334,1.0098048009548148,-3.7997192599188403,0.999969720840454,0.9999992847442628,-0.032512693972464916,0.9889520316249264,-2.9862860099365824,0.9999591708183287,0.9999990463256836,0.07564052240165625,1.7730180967053224,-3.5902493966219255,0.981852889060974,0.999991536140442,-0.0262133216782291,1.7480193127119188,-2.602434284771981,0.713179886341095,0.9999936819076538,0.11951008750950354,2.527681684158629,-3.0820554436621834,0.9898498058319092,0.9999673366546632,0.01883827203105915,2.412894982980455,-1.9865447877637388,0.8874009847640991,0.9999884366989136,0.5110134068346814,0.8677083027390634,0.0575199536979198,0.9423484206199646,0.9998568296432496,0.4922567546923412,0.8469069063802445,0.2520796656608581,0.8389051556587219,0.999976396560669,0.4777487442765771,0.8900264910051062,-0.031869251281023,0.9916542172431946,0.999728262424469,0.4624460195050107,0.8701791047772072,0.1924443244934082,0.9392157196998596,0.999907374382019,False,False,False,False,False,False,False,False,False,False,False,False,False,False,False,False,False,False,mediapipe,mediapipe,mediapipe,mediapipe,mediapipe,gpr,mediapipe,mediapipe,mediapipe,mediapipe,mediapipe,mediapipe,mediapipe,mediapipe,mediapipe,mediapipe,mediapipe,mediapipe
432,8.64,-0.13499695582680762,-0.38086698864452606,-0.5851987730179042,0.9999949932098388,0.999996304512024,0.478633314371109,0.3388337790966034,-0.1747673898935318,0.9999961853027344,0.999996542930603,0.11184789630620728,-0.010031122691819471,-0.6062849538754832,0.999997854232788,0.9999990463256836,-0.1118478963062076,0.010031122691819471,1.8061143673359377,0.999983251094818,0.999990701675415,0.18555453729258,0.5700578270988897,-4.615453227086488,0.9984976053237916,0.9999785423278807,-0.08752732807030078,0.5873447975339563,,0.5492040514945984,0.9999699592590332,0.11090070483014741,1.0570407881190553,-4.809163263762694,0.997971773147583,0.999994158744812,-0.1318721107753411,0.9604712574530668,-3.423987825487316,0.9467923641204834,0.9999988079071044,0.09215687480818283,1.0114658946758648,-3.837338030272124,0.9999714493751526,0.9999991655349731,-0.04152937442281556,0.9878932166907578,-3.0288880202378596,0.9999608993530272,0.9999988079071044,0.0731747198099538,1.7638707449868318,-3.563107572804414,0.981160581111908,0.9999871253967284,-0.026284648731770395,1.7448866675023016,-2.5612544807676887,0.7074775695800781,0.9999914169311525,0.11689541086338447,2.515522714795303,-3.0145714274332973,0.9900330901145936,0.9999569654464722,0.01835040660728644,2.4015403037464997,-1.9496669803003335,0.8905296921730042,0.9999842643737792,0.510881301267443,0.8679796704601319,0.0773638784885406,0.941753089427948,0.9998295307159424,0.492421876995159,0.8469913279537855,0.2667554914951324,0.8422483801841736,0.9999690055847168,0.4775680004855703,0.8900275169274768,-0.0112516367807984,0.991732656955719,0.999682068824768,0.4625645696700048,0.870180026634592,0.2066778093576431,0.94119530916214,0.9998791217803956,False,False,False,False,False,False,False,False,False,False,False,False,False,False,False,False,False,False,mediapipe,mediapipe,mediapipe,mediapipe,mediapipe,gpr,mediapipe,mediapipe,mediapipe,mediapipe,mediapipe,mediapipe,mediapipe,mediapipe,mediapipe,mediapipe,mediapipe,mediapipe
433,8.66,-0.13548773921744528,-0.37687820169165004,-0.6076844733232795,0.9999948740005492,0.9999985694885254,0.4786043763160705,0.3387057781219482,-0.1763061583042144,0.9999960660934448,0.9999985694885254,0.11135249828648462,-0.007245424696250694,-0.5816668351313217,0.999997854232788,0.9999994039535522,-0.11135249828648462,0.007245424696250694,1.720699932492491,0.9999833106994628,0.9999954700469972,0.18380334004410553,0.574274183209444,-4.372833832450609,0.9984457492828368,0.9999847412109376,-0.09189848255531174,0.5856031082731601,,0.5422314405441284,0.9999806880950928,0.1090689678899128,1.0503647318580258,-4.5499266203559365,0.997933864593506,0.999996542930603,-0.139542827455974,0.9624416606597496,-3.242625761211431,0.9473239183425904,0.9999992847442628,0.08256989800204559,1.0105186197202656,-3.647192843729305,0.9999732375144958,0.9999992847442628,-0.047423529475937566,0.9891725396289542,-2.8603700706050272,0.9999629855155944,0.9999991655349731,0.0710095036594865,1.7621730972912968,-3.4783878775834336,0.9817067384719848,0.9999910593032836,-0.028078723579349724,1.7423323305023533,-2.5002394752790345,0.7171242833137512,0.9999940395355223,0.11473474701156451,2.512553556737976,-2.9501610243784744,0.9903649687767028,0.9999700784683228,0.017562168184746565,2.399689255234207,-1.9320591616035079,0.8964069485664368,0.9999878406524658,0.5107579906503651,0.8680781237173213,0.0571921281516552,0.9421392679214478,0.9998775720596312,0.4925784772231597,0.8470930641903488,0.2381913661956787,0.8478969931602478,0.9999752044677734,0.4774603108703963,0.8899823086800853,-0.0296379867941141,0.9919895529747008,0.999761998653412,0.4626261678053239,0.8702546096904039,0.1773526668548584,0.9444956183433532,0.9998956918716432,False,False,False,False,False,False,False,False,False,False,False,False,False,False,False,False,False,False,mediapipe,mediapipe,mediapipe,mediapipe,mediapipe,gpr,mediapipe,mediapipe,mediapipe,mediapipe,mediapipe,mediapipe,mediapipe,mediapipe,mediapipe,mediapipe,mediapipe,mediapipe
434,8.68,-0.13537845331528917,-0.37365461654013404,-0.6054887783152457,0.9999942779541016,0.9999971389770508,0.4786824285984039,0.3390395045280456,-0.1796657443046569,0.9999955296516418,0.9999964237213136,0.1114316776524395,-0.0051016763379057185,-0.6003656310613706,0.9999977350234984,0.9999988079071044,-0.1114316776524395,0.0051016763379057185,1.7735817758342625,0.9999825954437256,0.9999923706054688,0.18174154417225707,0.5739424493846566,-4.515046813475396,0.9983627200126648,0.9999713897705078,-0.09616381690831036,0.5832127221932545,,0.5283634066581726,0.999974489212036,0.10678988626962171,1.0456056870241202,-4.703299306833721,0.997852385044098,0.9999933242797852,-0.1441642163454488,0.9644337435211664,-3.310176204863102,0.9482001662254332,0.9999992847442628,0.0857802051535472,1.011066727420062,-3.733422643681716,0.9999738931655884,0.9999986886978148,-0.048186772770779734,0.9885799248266994,-2.9485667191409037,0.9999635815620422,0.9999985694885254,0.06890721316353503,1.7589954555981553,-3.456659418039307,0.9806129932403564,0.9999819993972778,-0.028554111741780398,1.7418866150471815,-2.4986491912489623,0.7113592028617859,0.999991774559021,0.11259365386448517,2.505579590621978,-2.873963008888363,0.9902980923652648,0.999941110610962,0.016400603583844587,2.395374325470203,-1.9030290092064728,0.8984023332595825,0.9999830722808838,0.5106736213177248,0.8680038642494295,0.0868823751807212,0.9408912062644958,0.9997761845588684,0.4927208430561442,0.8473422357808204,0.2597587406635284,0.8503881096839905,0.9999655485153198,0.477395385225893,0.8898250310571065,-0.0006198597839102,0.991883397102356,0.9996572732925416,0.4626349848467165,0.8703350933281715,0.198658138513565,0.9458611011505128,0.9998779296875,False,False,False,False,False,False,False,False,False,False,False,False,False,False,False,False,False,False,mediapipe,mediapipe,mediapipe,mediapipe,mediapipe,gpr,mediapipe,mediapipe,mediapipe,mediapipe,mediapipe,mediapipe,mediapipe,mediapipe,mediapipe,mediapipe,mediapipe,mediapipe
435,8.7,-0.1351812726789225,-0.37064503103141194,-0.594383498893884,0.9999942183494568,0.9999984502792358,0.4787517189979553,0.3387468457221985,-0.1765542030334472,0.9999954700469972,0.9999983310699464,0.11054858813923656,-0.007097511550736076,-0.5854410086196501,0.9999977350234984,0.9999994039535522,-0.11054858813923686,0.00709751155073576,1.7217051297291792,0.9999822974205016,0.9999942779541016,0.18058089140557035,0.5705732188279355,-4.387389819852558,0.9983326196670532,0.9999825954437256,-0.09951557074938798,0.5805048533938847,,0.5151529312133789,0.999976634979248,0.10555220826952501,1.0396489825163249,-4.57605430584701,0.997828722000122,0.9999958276748656,-0.14919068014968379,0.9652076305913215,-3.2453403927434503,0.9468621015548706,0.9999990463256836,0.07818477222969983,1.010083661773797,-3.6185955774265137,0.9999752044677734,0.9999992847442628,-0.053117707769858385,0.989759242626287,-2.8387114361555303,0.9999648332595824,0.9999991655349731,0.06779195986227715,1.7564199988060742,-3.4065824529782227,0.9806260466575624,0.9999920129776,-0.030005969141281213,1.7390114204192737,-2.4297464730895086,0.7090158462524414,0.9999945163726808,0.11166357124991591,2.5010458858281845,-2.9059611350254912,0.9905937910079956,0.9999724626541138,0.015594970838249185,2.3928928904417286,-1.8769804997968147,0.9014347195625304,0.9999902248382568,0.510619334407621,0.8679899125943952,0.0602878667414188,0.9413563013076782,0.9998825788497924,0.4927632451613201,0.8476959854572825,0.2443888336420059,0.853107750415802,0.9999793767929076,0.477330590530988,0.889667203237407,-0.0284789334982633,0.9921301007270812,0.9997757077217102,0.4625812322248679,0.8704565931589198,0.1829898059368133,0.9478934407234192,0.99991774559021,False,False,False,False,False,False,False,False,False,False,False,False,False,False,False,False,False,False,mediapipe,mediapipe,mediapipe,mediapipe,mediapipe,gpr,mediapipe,mediapipe,mediapipe,mediapipe,mediapipe,mediapipe,mediapipe,mediapipe,mediapipe,mediapipe,mediapipe,mediapipe
436,8.72,-0.13476201921852124,-0.3711425374293542,-0.6052451337293193,0.9999935030937196,0.9999966621398926,0.4789243638515472,0.3389052450656891,-0.1777306944131851,0.9999948143959044,0.9999958276748656,0.11076723777381232,-0.006631119230535291,-0.594493759056154,0.9999975562095642,0.9999985694885254,-0.11076723777381232,0.006631119230535291,1.7481893852474477,0.9999809861183168,0.9999902248382568,0.1790166585007847,0.5692988638054783,-4.437194841061326,0.9981971979141236,0.9999679327011108,-0.10265790954440467,0.5749740938535706,,0.4965901374816894,0.9999701976776124,0.10153717649448998,1.0419242782837361,-4.627125941466112,0.9976396560668944,0.9999918937683104,-0.1534557222849299,0.9615070527112468,-3.2520327262797024,0.9454187750816344,0.9999991655349731,0.08121404009280059,1.0125706681195137,-3.6585757946482897,0.999975860118866,0.999998927116394,-0.05393276434492729,0.9872432562228417,-2.8798564673773472,0.999965250492096,0.9999988079071044,0.06650162037657772,1.7523937625925154,-3.3672793041365483,0.979603946208954,0.9999868869781494,-0.030937594693377268,1.7352246663544406,-2.370519096401612,0.6978850960731506,0.999992847442627,0.11072005372937833,2.492629964118595,-2.8225062880874927,0.9905900359153748,0.9999518394470216,0.014728231367871015,2.3862018736285244,-1.746805516802442,0.9012150168418884,0.9999860525131226,0.5106086069609471,0.8679896194340209,0.0830241739749908,0.9405584931373596,0.9998051524162292,0.4927697556835801,0.8479169218134514,0.2765383124351501,0.8535653948783875,0.9999719858169556,0.4772277964161838,0.8894899718133464,-0.0056021912023425,0.992060661315918,0.9996601343154908,0.4625771622279874,0.8705899472281116,0.2177505046129226,0.9479750394821168,0.999893307685852,False,False,False,False,False,False,False,False,False,False,False,False,False,False,False,False,False,False,mediapipe,mediapipe,mediapipe,mediapipe,mediapipe,gpr,mediapipe,mediapipe,mediapipe,mediapipe,mediapipe,mediapipe,mediapipe,mediapipe,mediapipe,mediapipe,mediapipe,mediapipe
437,8.74,-0.1348993454849303,-0.37211628129481034,-0.6312417507002068,0.9999937415122986,0.9999990463256836,0.4789981544017792,0.3385572433471679,-0.184230625629425,0.9999949932098388,0.9999988079071044,0.1103310546746504,-0.008371565985004974,-0.591033706926028,0.999997615814209,0.9999995231628418,-0.1103310546746504,0.008371565985004659,1.7255006873078398,0.9999813437461852,0.9999960660934448,0.17601215159234634,0.5705693278366317,-4.392018275508587,0.9982274770736694,0.9999841451644896,-0.10546976216340466,0.5738596760240711,,0.4937973916530609,0.999980926513672,0.09570475384880345,1.043040021551073,-4.59146913840783,0.9976734519004822,0.9999957084655762,-0.15684758656794703,0.963995656811537,-3.2395572069979135,0.9455940127372742,0.9999991655349731,0.0783544731603639,1.0109341723944558,-3.606813333025158,0.9999770522117616,0.9999992847442628,-0.05595645355875849,0.9889404058523715,-2.8280339357212436,0.9999667406082152,0.9999990463256836,0.06601942140344544,1.7549656806488751,-3.3649921669260126,0.9805275201797484,0.9999897480010986,-0.03160058879598739,1.7387856058170281,-2.4000860005753855,0.7110239863395691,0.9999939203262328,0.11041308612855946,2.4953570643599248,-2.8838155339448415,0.990924060344696,0.9999617338180542,0.014036217123158104,2.389711115466206,-1.698949537218986,0.9067713022232056,0.999987006187439,0.5106153257521173,0.8680840712605123,0.0624412633478641,0.9413754343986512,0.9998400211334229,0.4927019410894757,0.8480212787092448,0.2720773816108703,0.8595227003097534,0.9999717473983764,0.4770433788116173,0.8893488733084908,-0.0262329392135143,0.9923363924026488,0.9997040629386902,0.4625797710079703,0.8707110603928312,0.2005776762962341,0.9509244561195374,0.9998786449432372,False,False,False,False,False,False,False,False,False,False,False,False,False,False,False,False,False,False,mediapipe,mediapipe,mediapipe,mediapipe,mediapipe,gpr,mediapipe,mediapipe,mediapipe,mediapipe,mediapipe,mediapipe,mediapipe,mediapipe,mediapipe,mediapipe,mediapipe,mediapipe
438,8.76,-0.1341053418415455,-0.36779531295349527,-0.5936792502247448,0.999992847442627,0.999996304512024,0.4789847433567047,0.3387055397033691,-0.192947044968605,0.9999942183494568,0.9999958276748656,0.11033092308540636,-0.002427905448595745,-0.577066101920753,0.9999974370002748,0.9999988079071044,-0.11033092308540636,0.002427905448595745,1.6577618104904293,0.999980330467224,0.999991774559021,0.17479298994770215,0.5748719939737177,-4.241925638648193,0.998181700706482,0.9999706745147704,-0.10728008275903207,0.5717501871033219,,0.4781526327133178,0.999970555305481,0.09069991809750753,1.0481072296339338,-4.457657328758274,0.9976003170013428,0.999993085861206,-0.1590409290997418,0.9567215807771444,-3.104608062934202,0.9441523551940918,0.9999991655349731,0.08028496711373188,1.0104932831103322,-3.448195660269649,0.9999775290489196,0.9999990463256836,-0.05803838814901073,0.989382985493395,-2.672183290467983,0.9999669790267944,0.999998927116394,0.06549614817219405,1.7518469022648102,-3.1747945175177845,0.9795269966125488,0.999986171722412,-0.03183998293416191,1.7365842874424258,-2.261548792189695,0.7061076760292053,0.9999933242797852,0.11023526453616594,2.4923573144366555,-2.6290969770938966,0.9908679127693176,0.9999525547027588,0.013708446458299729,2.3879245444599118,-1.6547685459999717,0.9080752730369568,0.9999871253967284,0.5106364560849752,0.86827831265532,0.0803295373916626,0.9405341148376464,0.999811589717865,0.4926910308691183,0.8482480128328306,0.2545118927955627,0.8609970808029175,0.999972939491272,0.4768579259757963,0.8892909737177963,-0.0094216587021946,0.9922683835029602,0.9996882677078248,0.4625646660933695,0.8708195561295644,0.189867302775383,0.9518502950668336,0.9998960494995116,False,False,False,False,False,False,False,False,False,False,False,False,False,False,False,False,False,False,mediapipe,mediapipe,mediapipe,mediapipe,mediapipe,gpr,mediapipe,mediapipe,mediapipe,mediapipe,mediapipe,mediapipe,mediapipe,mediapipe,mediapipe,mediapipe,mediapipe,mediapipe
439,8.78,-0.1340150967670009,-0.36960906008619343,-0.610567946966883,0.9999929666519164,0.9999982118606568,0.479095458984375,0.3384269177913666,-0.1815668940544128,0.9999943375587464,0.9999982118606568,0.10986717313902117,-0.005247652517588907,-0.5984595693385324,0.9999974966049194,0.9999992847442628,-0.10986717313902117,0.005247652517588907,1.752592294817335,0.9999802708625792,0.9999935626983644,0.17075988327078484,0.5724718968989002,-4.436403283623183,0.9981932044029236,0.9999794960021972,-0.10881514104466973,0.5705986232441542,,0.4696238338947296,0.9999722242355348,0.0820408062938127,1.047935482356651,-4.617741137365599,0.9975978136062622,0.9999939203262328,-0.16079498666869121,0.9590613655100845,-3.290959603812219,0.94342303276062,0.999998927116394,0.07558024903080371,1.0102073862201555,-3.6565748399154416,0.9999785423278807,0.9999991655349731,-0.05912443215540083,0.9897249141567757,-2.877017969036949,0.9999681115150452,0.999998927116394,0.06431041981421774,1.7529822416735572,-3.430464605529065,0.9803994297981262,0.9999902248382568,-0.032133320436945806,1.738107186851071,-2.473665763491355,0.7116743922233582,0.999992847442627,0.11003856087437087,2.4904920549026373,-2.9157858023048497,0.9912508130073548,0.9999581575393676,0.013361585015796481,2.3866766706610796,-1.8775266677832008,0.911404550075531,0.9999852180480956,0.5106405122574684,0.8683269483781939,0.065630666911602,0.942128360271454,0.9998199343681335,0.4926864872306667,0.8482366414059036,0.2526050806045532,0.865169882774353,0.9999690055847168,0.4767482466908891,0.8892529544296822,-0.0243677962571382,0.9925549626350404,0.9996154308319092,0.4626607430842662,0.8709004928459955,0.1931537240743637,0.9536137580871582,0.999862551689148,False,False,False,False,False,False,False,False,False,False,False,False,False,False,False,False,False,False,mediapipe,mediapipe,mediapipe,mediapipe,mediapipe,gpr,mediapipe,mediapipe,mediapipe,mediapipe,mediapipe,mediapipe,mediapipe,mediapipe,mediapipe,mediapipe,mediapipe,mediapipe
440,8.8,-0.1321279218617122,-0.3672195506410723,-0.5832805859759397,0.9999925494194032,0.9999971389770508,0.4792974293231964,0.338380217552185,-0.1776176393032074,0.9999939203262328,0.9999964237213136,0.10969008394485262,-0.004532622402949525,-0.5948957722397156,0.99999737739563,0.9999988079071044,-0.10969008394485262,0.004532622402949212,1.740317235593088,0.9999796152114868,0.9999920129776,0.16770139915732735,0.5699706080987793,-4.397951732556048,0.9981063604354858,0.9999734163284302,-0.10937472099857905,0.5677867609118996,,0.4556277990341186,0.999975323677063,0.07695450571004592,1.0436296912200451,-4.583024277042217,0.9974645376205444,0.9999927282333374,-0.16458890265082923,0.955417362445892,-3.187702473559004,0.9422864317893982,0.9999992847442628,0.07650311725281031,1.010739840980867,-3.6179035332233243,0.9999788999557496,0.9999990463256836,-0.0625282247260898,0.9892113340178796,-2.8412933897004415,0.9999682903289796,0.999998927116394,0.06365249456186912,1.7491088451194692,-3.2381900535076276,0.978324830532074,0.9999858140945436,-0.032321833491056724,1.7308264362353938,-2.3279080470743816,0.697828471660614,0.9999933242797852,0.1096598870240963,2.478869812062807,-2.65612850047963,0.9908411502838136,0.9999392032623292,0.012741317406012498,2.3751479654328307,-1.683892422602903,0.9081627726554872,0.9999847412109376,0.510652622837566,0.8682868626567889,0.1066306456923484,0.939560890197754,0.9997627139091492,0.4926857870497638,0.8480403665062454,0.2825134098529815,0.8627806305885315,0.9999687671661376,0.4765118074305975,0.8892233481496109,0.0200517158955335,0.9921044111251832,0.9996154308319092,0.4627350035247281,0.870966284980865,0.2248745858669281,0.9521034359931946,0.9998849630355836,False,False,False,False,False,False,False,False,False,False,False,False,False,False,False,False,False,False,mediapipe,mediapipe,mediapipe,mediapipe,mediapipe,gpr,mediapipe,mediapipe,mediapipe,mediapipe,mediapipe,mediapipe,mediapipe,mediapipe,mediapipe,mediapipe,mediapipe,mediapipe
441,8.82,-0.13207293497729117,-0.37297330333703843,-0.6099471087103397,0.9999927282333374,0.9999986886978148,0.4794448316097259,0.3384323418140411,-0.1730147153139114,0.9999940395355223,0.9999983310699464,0.1098683270718942,-0.005680315197815284,-0.5791380550522274,0.99999737739563,0.9999992847442628,-0.1098683270718942,0.005680315197815284,1.7021120619229286,0.999979555606842,0.9999947547912598,0.16537917235381241,0.5687348354430621,-4.317631825366967,0.9980710744857788,0.9999784231185912,-0.10979899514072092,0.5701700422540577,,0.447380781173706,0.9999779462814332,0.07165928313225732,1.041694467687481,-4.520527096153088,0.9974095821380616,0.9999945163726808,-0.16793478303858989,0.9533596393546198,-3.1600661261540437,0.9407629370689392,0.9999990463256836,0.0745799569690893,1.0089534458701688,-3.565136424158051,0.9999796152114868,0.9999992847442628,-0.06672308973121734,0.9910311214795912,-2.788894297234447,0.9999691247940063,0.9999991655349731,0.06384591995592322,1.7535966169020356,-3.2603109369512815,0.9786606431007384,0.999990940093994,-0.03331416253501849,1.73350718321344,-2.292742868990541,0.6988160610198975,0.9999948740005492,0.11046493746866774,2.484615285289845,-2.6973715738960613,0.9910266399383544,0.9999626874923706,0.012470155336630304,2.3800828566320837,-1.7792183972880753,0.9101758003234864,0.9999898672103882,0.5106493430537778,0.8682003670083339,0.0862694233655929,0.939838409423828,0.999839186668396,0.4926876004759247,0.847813609179917,0.2528359591960907,0.8644657135009766,0.9999773502349854,0.4763039055265192,0.8892224943721214,-0.0015068950597196,0.9922683238983154,0.9997089505195618,0.4628239740858546,0.8709632055464883,0.1945470869541168,0.9533957839012146,0.9999074935913086,False,False,False,False,False,False,False,False,False,False,False,False,False,False,False,False,False,False,mediapipe,mediapipe,mediapipe,mediapipe,mediapipe,gpr,mediapipe,mediapipe,mediapipe,mediapipe,mediapipe,mediapipe,mediapipe,mediapipe,mediapipe,mediapipe,mediapipe,mediapipe
442,8.84,-0.13181709516999257,-0.37503295079974847,-0.6236377447582702,0.9999924898147584,0.999997615814209,0.4794513881206512,0.3383505642414093,-0.1752239018678665,0.999993860721588,0.9999971389770508,0.10992175542376612,-0.004061637436373721,-0.5784398399953002,0.9999973177909852,0.9999990463256836,-0.10992175542376643,0.004061637436373721,1.6909695933620512,0.9999793767929076,0.9999933242797852,0.16287111341057217,0.5701176232639943,-4.316344869640247,0.9980583190917968,0.999975562095642,-0.10921728060691822,0.5737951750139494,,0.4393587410449981,0.999975562095642,0.06585751902461193,1.0437101947754686,-4.518252789607316,0.9973650574684144,0.9999935626983644,-0.17189023237396528,0.9550238209536351,-3.148421315494166,0.9400925040245056,0.9999991655349731,0.07565618246951643,1.0088179523331626,-3.5355757448168506,0.9999802112579346,0.9999991655349731,-0.0665489117734035,0.9911613119644619,-2.7567329376135796,0.9999698400497437,0.9999990463256836,0.06359389040045976,1.7531475863998405,-3.2761187119778907,0.97829407453537,0.999987006187439,-0.03344818896223032,1.732851787654597,-2.304105856763276,0.6955612897872925,0.9999933242797852,0.11091356663115576,2.482502180504284,-2.725219620192001,0.9909027218818665,0.9999518394470216,0.012013386395950119,2.377241770265892,-1.7345506011019987,0.9106550216674804,0.999985933303833,0.5106255309981901,0.8680320524530257,0.0781176090240478,0.9387015104293824,0.999809205532074,0.4926932577069822,0.8475274460299032,0.2565345764160156,0.8653209805488586,0.99997079372406,0.4760861168235611,0.8892266452312474,-0.0092841600999236,0.9921611547470092,0.9996702671051024,0.4628896060940271,0.8709220164444621,0.1972811967134475,0.9538080096244812,0.9998844861984252,False,False,False,False,False,False,False,False,False,False,False,False,False,False,False,False,False,False,mediapipe,mediapipe,mediapipe,mediapipe,mediapipe,gpr,mediapipe,mediapipe,mediapipe,mediapipe,mediapipe,mediapipe,mediapipe,mediapipe,mediapipe,mediapipe,mediapipe,mediapipe
443,8.86,-0.13201971709321872,-0.37528105330028216,-0.5758147678054208,0.9999916553497314,0.9999954700469972,0.4794307351112366,0.3382702171802521,-0.1790418028831482,0.9999933242797852,0.9999954700469972,0.10999373417272319,-0.004897604780745917,-0.5911360358584621,0.9999971985816956,0.9999988079071044,-0.1099937341727235,0.004897604780745917,1.7274067730985134,0.9999788403511048,0.9999911785125732,0.15991891319832355,0.5689785313123901,-4.402782622507073,0.998042106628418,0.9999761581420898,-0.10829704026967886,0.5797346742307508,,0.4333352744579315,0.9999731779098512,0.06212837900966274,1.0417241289924013,-4.591919447439544,0.9973328113555908,0.9999935626983644,-0.17306863041085446,0.9570359229131623,-3.2272841134551706,0.939675748348236,0.9999990463256836,0.07361863439090205,1.0086337180406681,-3.604748186739162,0.9999811053276062,0.9999994039535522,-0.06923876820995951,0.9913614861466412,-2.82542894732605,0.9999709725379944,0.9999991655349731,0.06361970227938955,1.7528912188382848,-3.314452206530811,0.9786375164985656,0.999990463256836,-0.03479734620838154,1.7328289324181512,-2.3509170093660097,0.6995125412940979,0.9999938011169434,0.11139361084950872,2.482655415662418,-2.7654853999108826,0.9911723136901855,0.9999607801437378,0.011285354088751157,2.3762835403938904,-1.7234422798560949,0.9126569032669068,0.9999885559082032,0.5105736600213396,0.8677706965755473,0.0836609899997711,0.9392474889755248,0.9998401403427124,0.4927032214083593,0.8471977014641661,0.2717815339565277,0.8679549098014832,0.9999768733978271,0.4758597723531835,0.8892258782208943,-0.0028902620542794,0.9923179745674132,0.9996671676635742,0.462912845653254,0.8708437481126586,0.2151212245225906,0.9548038244247437,0.9998955726623536,False,False,False,False,False,False,False,False,False,False,False,False,False,False,False,False,False,False,mediapipe,mediapipe,mediapipe,mediapipe,mediapipe,gpr,mediapipe,mediapipe,mediapipe,mediapipe,mediapipe,mediapipe,mediapipe,mediapipe,mediapipe,mediapipe,mediapipe,mediapipe
444,8.88,-0.13211093675234836,-0.37513809364666356,-0.5648282248504239,0.9999913573265076,0.9999969005584716,0.4793686270713806,0.3381104171276092,-0.1812851727008819,0.9999932646751404,0.9999970197677612,0.11005146524793884,-0.004717235838792712,-0.5969357181649342,0.9999971985816956,0.9999991655349731,-0.11005146524793916,0.004717235838792397,1.7429984118525086,0.9999786615371704,0.9999927282333374,0.15740309900443772,0.5697147751439067,-4.4320962335977665,0.9980884790420532,0.999980926513672,-0.1067488203162102,0.5874865298498225,,0.4293380081653595,0.999975562095642,0.056111841159813436,1.043260795178198,-4.624337697417748,0.9974095821380616,0.9999954700469972,-0.17445500301718878,0.9575857205442068,-3.264011910215831,0.9396630525588988,0.9999991655349731,0.07411071713355272,1.0083413938484502,-3.6341675402454636,0.9999818205833436,0.9999992847442628,-0.07096724244417436,0.9916561357917435,-2.851630219128907,0.9999716877937316,0.9999990463256836,0.06362605945399513,1.7538381976328825,-3.3754389789884165,0.9793031215667723,0.9999908208847046,-0.035554707363058956,1.7330149335147675,-2.3955901099673813,0.7019020915031433,0.9999934434890748,0.11188692876134754,2.481713771415165,-2.847614695415971,0.991496205329895,0.9999604225158693,0.010408505540218388,2.374036323459725,-1.76775958968495,0.9136964678764344,0.9999880790710448,0.5104862034737647,0.8674050769605837,0.0738145112991333,0.9405348300933838,0.9998327493667604,0.4927179542454806,0.84684019989067,0.2688290774822235,0.8702034950256348,0.9999756813049316,0.4756262031468478,0.8892102708349698,-0.0134835820645093,0.9925680756568908,0.9996737241744996,0.462874638867545,0.8707294309889518,0.2120703607797622,0.9556087851524352,0.9998997449874878,False,False,False,False,False,False,False,False,False,False,False,False,False,False,False,False,False,False,mediapipe,mediapipe,mediapipe,mediapipe,mediapipe,gpr,mediapipe,mediapipe,mediapipe,mediapipe,mediapipe,mediapipe,mediapipe,mediapipe,mediapipe,mediapipe,mediapipe,mediapipe
445,8.9,-0.1316889165031387,-0.37290161508811925,-0.5574274557707459,0.9999911189079284,0.9999970197677612,0.479355126619339,0.3382567167282104,-0.1835684925317764,0.999993085861206,0.9999969005584716,0.10973300388299509,-0.002517060349001394,-0.6032076274856336,0.9999971389770508,0.9999990463256836,-0.10973300388299541,0.0025170603490010804,1.7575210818795108,0.9999778866767884,0.9999916553497314,0.15512697825305874,0.5708471610007919,-4.469969587051638,0.998079776763916,0.9999728202819824,-0.104443629628291,0.5981930696382097,,0.4186107218265533,0.9999693632125854,0.05501068396744265,1.041097280639677,-4.662591890469464,0.9973299503326416,0.9999921321868896,-0.17482902060484642,0.9552821594501719,-3.284980859869995,0.9361957907676696,0.9999986886978148,0.07383946735683272,1.0082168748256521,-3.6521561279341603,0.9999822974205016,0.9999992847442628,-0.07107773958161481,0.9917812183883629,-2.870156221153269,0.99997216463089,0.9999990463256836,0.06328424853713888,1.7528912334083857,-3.410830956844707,0.9796903729438782,0.9999884366989136,-0.03630532881165055,1.7308647663136483,-2.429121210792638,0.7028993368148804,0.999992847442627,0.1123261307565187,2.4789004532508825,-2.891711960243883,0.9916096329689026,0.9999545812606812,0.009419720637644175,2.369873276133899,-1.8267799804678746,0.915144383907318,0.9999860525131226,0.5103556347060035,0.8669239711928198,0.0692596063017845,0.9408169388771056,0.9998136162757874,0.4927379188837705,0.8464707657173793,0.2614614963531494,0.8720030188560486,0.9999710321426392,0.4753867402360155,0.8891699005673817,-0.0184655394405126,0.9926495552062988,0.9996558427810668,0.4627559318409098,0.870580095511216,0.202897772192955,0.9563488960266112,0.999881625175476,False,False,False,False,False,False,False,False,False,False,False,False,False,False,False,False,False,False,mediapipe,mediapipe,mediapipe,mediapipe,mediapipe,gpr,mediapipe,mediapipe,mediapipe,mediapipe,mediapipe,mediapipe,mediapipe,mediapipe,mediapipe,mediapipe,mediapipe,mediapipe
