frame,time,nose_x,nose_y,nose_z,nose_visibility,nose_presence,left_ear_x,left_ear_y,left_ear_z,left_ear_visibility,left_ear_presence,left_shoulder_x,left_shoulder_y,left_shoulder_z,left_shoulder_visibility,left_shoulder_presence,right_shoulder_x,right_shoulder_y,right_shoulder_z,right_shoulder_visibility,right_shoulder_presence,left_elbow_x,left_elbow_y,left_elbow_z,left_elbow_visibility,left_elbow_presence,right_elbow_x,right_elbow_y,right_elbow_z,right_elbow_visibility,right_elbow_presence,left_wrist_x,left_wrist_y,left_wrist_z,left_wrist_visibility,left_wrist_presence,right_wrist_x,right_wrist_y,right_wrist_z,right_wrist_visibility,right_wrist_presence,left_hip_x,left_hip_y,left_hip_z,left_hip_visibility,left_hip_presence,right_hip_x,right_hip_y,right_hip_z,right_hip_visibility,right_hip_presence,left_knee_x,left_knee_y,left_knee_z,left_knee_visibility,left_knee_presence,right_knee_x,right_knee_y,right_knee_z,right_knee_visibility,right_knee_presence,left_ankle_x,left_ankle_y,left_ankle_z,left_ankle_visibility,left_ankle_presence,right_ankle_x,right_ankle_y,right_ankle_z,right_ankle_visibility,right_ankle_presence,left_heel_x,left_heel_y,left_heel_z,left_heel_visibility,left_heel_presence,right_heel_x,right_heel_y,right_heel_z,right_heel_visibility,right_heel_presence,left_foot_index_x,left_foot_index_y,left_foot_index_z,left_foot_index_visibility,left_foot_index_presence,right_foot_index_x,right_foot_index_y,right_foot_index_z,right_foot_index_visibility,right_foot_index_presence,nose_interpolated,left_ear_interpolated,left_shoulder_interpolated,right_shoulder_interpolated,left_elbow_interpolated,right_elbow_interpolated,left_wrist_interpolated,right_wrist_interpolated,left_hip_interpolated,right_hip_interpolated,left_knee_interpolated,right_knee_interpolated,left_ankle_interpolated,right_ankle_interpolated,left_heel_interpolated,right_heel_interpolated,left_foot_index_interpolated,right_foot_index_interpolated,nose_source,left_ear_source,left_shoulder_source,right_shoulder_source,left_elbow_source,right_elbow_source,left_wrist_source,right_wrist_source,left_hip_source,right_hip_source,left_knee_source,right_knee_source,left_ankle_source,right_ankle_source,left_heel_source,right_heel_source,left_foot_index_source,right_foot_index_source
304,6.08,-0.08163200842424677,-0.2763328767281558,-0.1195444831653621,0.9991399049758912,0.9999754428863524,0.5799614787101746,0.4982318878173828,0.0181844830513,0.9991512298583984,0.9999376535415648,0.11488996695326549,0.03197882074353247,-0.4557225837431698,0.9997737407684326,0.999947428703308,-0.11488996695326549,-0.03197882074353247,1.8434954588567671,0.9996477365493774,0.9999710321426392,-0.17056074612850183,0.24879628836410672,,0.4359763860702514,0.999766767024994,-0.3030164122111065,0.20907553749134783,,0.2799422144889831,0.999901533126831,0.06813027151641377,-0.16243195063606858,,0.1509828716516494,0.9999806880950928,-0.0375237716830307,-0.06967178456230827,,0.186157152056694,0.999990701675415,-0.015234750599502762,1.04580710007225,-4.726834140696881,0.9999547600746156,0.999997854232788,-0.1682810660297575,0.9457555891361248,-4.030570244097933,0.9999770522117616,0.9999994039535522,-0.5292318815270561,1.1782893739823657,-4.989095890611827,0.7180694341659546,0.9999696016311646,-0.652133082911987,1.100765866030473,,0.2507971525192261,0.999987006187439,-0.40203797189754964,1.9832950474792306,-4.938515600713757,0.7727483510971069,0.999756634235382,-0.5281006857542103,1.8826293372078693,,0.3448712825775146,0.9999642372131348,0.5192819530878109,0.8761920438369463,,0.4803119897842407,0.99918133020401,0.4959911596560016,0.8537499833752754,,0.4767538607120514,0.9999576807022096,0.4860658195468932,0.9016671059848548,-0.1206846758723259,0.7708030343055725,0.9969359636306764,0.4619080821907464,0.8750326963540551,,0.4520565569400787,0.9993228912353516,False,False,False,False,False,False,False,False,False,False,False,False,False,False,False,False,False,False,mediapipe,mediapipe,mediapipe,mediapipe,gpr,gpr,gpr,movenet,mediapipe,mediapipe,mediapipe,movenet,mediapipe,movenet,gpr,gpr,mediapipe,gpr
305,6.1,-0.08150895115257277,-0.2763792534181227,-0.11621346489609241,0.999090313911438,0.999963402748108,0.5799713730812073,0.4982059597969055,0.0181312132626771,0.9991074204444884,0.9999170303344728,0.11500444093335836,0.03191877793094622,-0.4563292969234699,0.9997702240943908,0.9999339580535888,-0.11500444093335836,-0.03191877793094622,1.8451809705586746,0.9996374249458312,0.999952793121338,-0.17178517628220927,0.25637668628145893,,0.43428635597229,0.9997538924217224,-0.2933730537645727,0.2103439776073274,,0.2766383588314056,0.9998711347579956,0.06905643116877959,-0.15710942891434002,,0.1492901593446731,0.9999783039093018,-0.0378079132063381,-0.06854195796489082,,0.1817635297775268,0.9999847412109376,-0.015406820304369092,1.045827675707146,-4.729893569950177,0.9999544620513916,0.9999972581863404,-0.16812552625110128,0.9457334902548342,-4.033683759982182,0.9999768137931824,0.9999992847442628,-0.5291230602943603,1.1773513286086967,-4.998261091642699,0.7146533727645874,0.9999655485153198,-0.6521112070194429,1.102423002485683,,0.2473441958427429,0.9999833106994628,-0.4021774250961793,1.9813442381200712,-4.954842377325273,0.7696895003318787,0.9996932744979858,-0.529415935974817,1.8856065823209305,,0.3410718441009521,0.999954342842102,0.5192823914464806,0.8760226744512963,,0.4770022928714752,0.9989614486694336,0.4959569161870799,0.8536885265379892,,0.4738160669803619,0.9999467134475708,0.4860766532121006,0.901609527898002,-0.1234307438135147,0.7674041390419006,0.9961833357810974,0.4618398413679178,0.8750320746512696,,0.4475468695163727,0.9991662502288818,False,False,False,False,False,False,False,False,False,False,False,False,False,False,False,False,False,False,mediapipe,mediapipe,mediapipe,mediapipe,gpr,gpr,gpr,movenet,mediapipe,mediapipe,mediapipe,movenet,mediapipe,movenet,gpr,gpr,mediapipe,gpr
306,6.12,-0.08157873772905667,-0.27646963721899376,-0.11209718764697117,0.9990882277488708,0.9999736547470092,0.5799773335456848,0.498194932937622,0.0175594016909599,0.9991060495376588,0.9999380111694336,0.11508919438486051,0.031989220429856455,-0.45422487001570094,0.999772310256958,0.9999490976333618,-0.11508919438486051,-0.031989220429856455,1.8356830246423843,0.9996395707130432,0.9999669790267944,-0.17469281323333777,0.26331781740919774,,0.4385582506656647,0.999790370464325,-0.2851806648843889,0.21069958934404584,,0.2787117660045624,0.9998935461044312,0.06832311753851306,-0.15217185425615407,,0.1517526656389236,0.9999827146530152,-0.03932081085525584,-0.0666541061688601,,0.1824455857276916,0.9999885559082032,-0.015483997066673598,1.0460613272647898,-4.706917486589723,0.9999547004699708,0.9999974966049194,-0.16937307089230683,0.9453773146284544,-4.01214004987054,0.9999768733978271,0.9999992847442628,-0.5292461330702095,1.1776049873978636,-4.973223260827033,0.7153105735778809,0.999968409538269,-0.6502220197519294,1.0977886344304448,,0.2479724735021591,0.9999853372573853,-0.402363165686282,1.9809191976136424,-4.929720099073523,0.77064049243927,0.999729335308075,-0.5309997510624762,1.8885366610992118,,0.3415373265743255,0.999959111213684,0.5192810789688738,0.87596749189573,,0.4779325127601623,0.9990836381912231,0.495939588503105,0.853661377785364,,0.4733249247074127,0.9999512434005736,0.4860799818327934,0.901570474351203,-0.122871533036232,0.7683369517326355,0.9966631531715392,0.4617770212230546,0.8750557339340802,,0.4479224681854248,0.9992425441741944,False,False,False,False,False,False,False,False,False,False,False,False,False,False,False,False,False,False,mediapipe,mediapipe,mediapipe,mediapipe,gpr,gpr,gpr,movenet,mediapipe,mediapipe,mediapipe,movenet,mediapipe,movenet,gpr,gpr,mediapipe,gpr
307,6.14,-0.08163101441470046,-0.27647076441066526,-0.10908172549890273,0.9990869760513306,0.9999761581420898,0.5799713730812073,0.4981898069381714,0.0174796655774116,0.9991134405136108,0.9999486207962036,0.11514566494011187,0.031990453905392194,-0.4553767155298405,0.9997747540473938,0.9999548196792604,-0.11514566494011187,-0.031990453905392194,1.8389222126997167,0.9996360540390016,0.9999630451202391,-0.17828318358417436,0.26918567404299537,,0.4407004117965698,0.9998185038566588,-0.27823113072637745,0.21016213002473466,,0.2759866714477539,0.9998836517333984,0.0660304198113337,-0.14742009623303026,,0.1539399325847625,0.999985694885254,-0.04077471471825736,-0.06467859033836464,,0.17794831097126,0.9999853372573853,-0.014837603079052637,1.046274391306871,-4.7127682877468375,0.999954640865326,0.9999974966049194,-0.1689730442197711,0.9452611082360296,-4.01703075046855,0.9999766945838928,0.9999992847442628,-0.5293130966145415,1.1769137038790265,-4.983260091942787,0.7141504883766174,0.9999713897705078,-0.6470432871624278,1.0974409559626537,,0.244926169514656,0.999984860420227,-0.40217553850016374,1.9801877542374504,-4.946828577357661,0.7688519954681396,0.9997171759605408,-0.5321901512702145,1.8898401966801093,,0.3390146791934967,0.9999560117721558,0.5192772402817128,0.8759874563405355,,0.4765288829803467,0.9990137815475464,0.4959332932563089,0.8536564788052252,,0.4723667502403259,0.9999477863311768,0.4860686539978415,0.90154529868306,-0.1250961422920227,0.7670212984085083,0.9966739416122437,0.4617208198193049,0.8750963543447648,,0.4457263052463531,0.9992287158966064,False,False,False,False,False,False,False,False,False,False,False,False,False,False,False,False,False,False,mediapipe,mediapipe,mediapipe,mediapipe,gpr,gpr,gpr,movenet,mediapipe,mediapipe,mediapipe,movenet,mediapipe,movenet,gpr,gpr,mediapipe,gpr
308,6.16,-0.08164135939298547,-0.2764424108322331,-0.1149083590993416,0.999081015586853,0.9999761581420898,0.5799713730812073,0.4981647729873657,0.0173100158572196,0.999109148979187,0.9999423027038574,0.1151018328958604,0.03203498348141764,-0.4543818419476848,0.9997706413269044,0.9999395608901978,-0.1151018328958604,-0.03203498348141764,1.834401161057464,0.9996338486671448,0.9999648332595824,-0.18214312390434703,0.27384135997967,,0.4322456419467926,0.999749481678009,-0.27298646690492845,0.20893741684101122,,0.2750735282897949,0.9998838901519777,0.06214039535288867,-0.14304780725410557,,0.1513880044221878,0.9999768733978271,-0.04162665397283885,-0.06643735724473604,,0.178040862083435,0.9999901056289672,-0.01399106307924966,1.0465076058305964,-4.700142582190707,0.9999542832374572,0.99999737739563,-0.17036777191342042,0.944977222120685,-4.006310202038718,0.9999765753746032,0.9999992847442628,-0.529093878271532,1.1774303164545634,-4.959474506526264,0.7104297280311584,0.9999700784683228,-0.6423233974324767,1.0921358900405953,,0.2447613775730133,0.9999878406524658,-0.40205935541556814,1.980149962058319,-4.901011131697083,0.7671977281570435,0.9997419714927672,-0.5333845353692542,1.890628979972425,,0.3374893069267273,0.999962329864502,0.5192701000117201,0.8760435279560015,,0.4727591872215271,0.9991238713264464,0.4959321470989235,0.8536617712853983,,0.4700279533863067,0.9999551773071288,0.4860355182961152,0.9015293542321748,-0.1202180385589599,0.7655423879623413,0.9971852898597716,0.4616724352198169,0.8751466160256013,,0.4447364211082458,0.999372899532318,False,False,False,False,False,False,False,False,False,False,False,False,False,False,False,False,False,False,mediapipe,mediapipe,mediapipe,mediapipe,gpr,gpr,gpr,movenet,mediapipe,mediapipe,mediapipe,movenet,mediapipe,movenet,gpr,gpr,mediapipe,gpr
309,6.18,-0.0816387922417887,-0.2760362928647925,-0.1391773049967765,0.9990708827972412,0.999971866607666,0.5799705386161804,0.4981610774993896,0.0126375490799546,0.9991005063056946,0.9999312162399292,0.11486431885116975,0.03212276664866273,-0.4505605218549367,0.999766170978546,0.9999316930770874,-0.11486431885116975,-0.03212276664866273,1.8096745329737787,0.9996309280395508,0.9999604225158693,-0.18567210214886753,0.2768166808186301,,0.4305184483528137,0.9997133612632751,-0.2693482910026983,0.20694651286181495,,0.2769303321838379,0.9998655319213868,0.056536093672498025,-0.1389023137067006,,0.1527768671512603,0.9999781847000122,-0.0446872368108811,-0.06222084650952561,,0.1809758245944976,0.9999899864196776,-0.013939176489546857,1.0454634458752212,-4.628076732836047,0.9999536275863647,0.999996781349182,-0.17125084347815833,0.9459442613772042,-3.936894344371842,0.9999762773513794,0.9999991655349731,-0.5284066283096532,1.1766839404283824,-4.881053872653877,0.7106644511222839,0.9999654293060304,-0.6466691947149777,1.0885097782475923,,0.2493275552988052,0.9999864101409912,-0.401702321091097,1.978252030042788,-4.806335781824283,0.7688741683959961,0.9997294545173644,-0.5339849648561371,1.888627597281707,,0.341683566570282,0.9999608993530272,0.5192588827856194,0.8760966669124182,,0.4725925326347351,0.9990874528884888,0.495930266683182,0.8536651969137109,,0.4722061157226562,0.9999526739120485,0.4859734233164854,0.9015179943371509,-0.1162704676389694,0.7667674422264099,0.9970138072967528,0.4616330654877394,0.8751991991188695,,0.4487373828887939,0.9993159770965576,False,False,False,False,False,False,False,False,False,False,False,False,False,False,False,False,False,False,mediapipe,mediapipe,mediapipe,mediapipe,gpr,gpr,gpr,movenet,mediapipe,mediapipe,mediapipe,movenet,mediapipe,movenet,gpr,gpr,mediapipe,gpr
310,6.2,-0.08184634882231892,-0.2761212378592294,-0.11354439600893354,0.9990637898445128,0.9999769926071168,0.5799514651298523,0.4981572926044464,0.0149881085380911,0.9990966320037842,0.9999493360519408,0.11494696748330478,0.03214410874453825,-0.4569928120179215,0.9997691512107848,0.9999544620513916,-0.11494696748330478,-0.03214410874453825,1.8392876762329673,0.999631404876709,0.9999673366546632,-0.18902021170712846,0.2789440283595131,,0.430427223443985,0.999818742275238,-0.2680369443918549,0.20502930953155915,,0.2747288346290588,0.9998961687088012,0.049590254220848104,-0.13533502879357195,,0.1530635505914688,0.9999833106994628,-0.04656007128107502,-0.058701883803119644,,0.1782653778791427,0.9999887943267822,-0.01398114817397905,1.046497277984549,-4.705078883346209,0.9999537467956544,0.999997854232788,-0.169884127814143,0.9450331787963195,-4.013233583269133,0.9999762773513794,0.9999994039535522,-0.5288592008736139,1.1777151927568046,-4.957150893482284,0.7070104479789734,0.9999710321426392,-0.6422025450124519,1.0942580903882115,,0.2463236898183822,0.9999865293502808,-0.40217364543300893,1.9802049718157944,-4.887536321672169,0.765381932258606,0.999755561351776,-0.5352704845454018,1.8882496736688725,,0.3372943997383117,0.999961256980896,0.519240236783675,0.8760984491818985,,0.468217521905899,0.999196469783783,0.4959143650350506,0.8536562254971113,,0.4678533375263214,0.9999560117721558,0.4858689613136668,0.9015177031219168,-0.1168579086661338,0.7638166546821594,0.997367799282074,0.4616040501047455,0.8752464422141197,,0.4447135031223297,0.9993792772293092,False,False,False,False,False,False,False,False,False,False,False,False,False,False,False,False,False,False,mediapipe,mediapipe,mediapipe,mediapipe,gpr,gpr,gpr,movenet,mediapipe,mediapipe,mediapipe,movenet,mediapipe,movenet,gpr,gpr,mediapipe,gpr
311,6.22,-0.08187131640031088,-0.27544846447111365,-0.1149390488203768,0.9990518093109132,0.9999721050262452,0.5799329280853271,0.4981553852558136,0.0146178314462304,0.9990858435630798,0.9999313354492188,0.11485411456609905,0.032270181346700184,-0.455440251233371,0.9997659921646118,0.9999353885650636,-0.11485411456609905,-0.032270181346700184,1.8312240624421723,0.999631643295288,0.9999651908874512,-0.1949688418506403,0.27742204781380425,,0.4281848669052124,0.9997363686561584,-0.2682426652419585,0.20275250530592148,,0.2758620977401733,0.999882698059082,0.04099978086240344,-0.1316593119344153,,0.1527097970247268,0.9999774694442748,-0.04105154606586009,-0.0655440438109807,,0.181186556816101,0.9999905824661256,-0.013995166907409316,1.0457451092895842,-4.679758203698329,0.9999532103538512,0.9999969005584716,-0.17285825982676448,0.9455072094580174,-3.989242880726514,0.9999760985374452,0.9999991655349731,-0.528365844123063,1.1766051038858012,-4.932142716847414,0.7077369093894958,0.9999661445617676,-0.6432235175625277,1.0824161268859085,,0.2466766238212585,0.9999862909317015,-0.40229591456541675,1.977941997572994,-4.865183306414383,0.7673664093017578,0.999731719493866,-0.5355052533034467,1.8860688146720086,,0.337873250246048,0.9999587535858154,0.5192205538937255,0.8760168825466008,,0.4704828262329101,0.9990922212600708,0.4958797390595526,0.8536239527145236,,0.4677827060222626,0.9999508857727052,0.4856931344195692,0.9014928653523664,-0.1178619340062141,0.7659293413162231,0.9970169067382812,0.4615863473040614,0.8752817408376492,,0.445706307888031,0.999314308166504,False,False,False,False,False,False,False,False,False,False,False,False,False,False,False,False,False,False,mediapipe,mediapipe,mediapipe,mediapipe,movenet,gpr,gpr,movenet,mediapipe,mediapipe,mediapipe,movenet,mediapipe,movenet,gpr,gpr,mediapipe,gpr
312,6.24,-0.08187740795703125,-0.27521767956718995,-0.11343657218381545,0.9990089535713196,0.9999620914459229,0.579931914806366,0.4981324970722198,0.0114603033289313,0.9990437030792236,0.9999105930328368,0.11470225125101115,0.03226098187643195,-0.4546261666502953,0.9997604489326476,0.9999260902404784,-0.11470225125101115,-0.03226098187643195,1.818704786188376,0.9996246099472046,0.9999548196792604,-0.19398656823470703,0.27597000318313786,,0.4242525398731231,0.999747097492218,-0.27058826078496284,0.20054271408610488,,0.2763110697269439,0.9998738765716552,0.030932719735729766,-0.12839097147088818,,0.151307612657547,0.9999767541885376,-0.03873839732256823,-0.06844569212985901,,0.1801068037748336,0.9999879598617554,-0.014955807551927295,1.0455587867455878,-4.640996218190089,0.9999524354934692,0.999996781349182,-0.17213937234530352,0.945670831771378,-3.9508514055549186,0.9999757409095764,0.9999991655349731,-0.5280061006899534,1.173775146463986,-4.893761387537519,0.7023283243179321,0.9999635219573976,-0.6420829071491341,1.0855435574311887,,0.2435625344514846,0.9999842643737792,-0.4030709488615941,1.9758631186328697,-4.8378355887010125,0.7646297216415405,0.9996917247772216,-0.535798678955172,1.8826175818761024,,0.3350358605384826,0.9999520778656006,0.519201465679533,0.8757980281196801,,0.4674079716205597,0.9989534616470336,0.4958274194431571,0.8535511566733647,,0.4649292528629303,0.9999432563781738,0.4854874677591402,0.9014479870840688,-0.1205557361245155,0.7629655003547668,0.9965417981147766,0.4615812477883745,0.8752955257621646,,0.4423060417175293,0.9991969466209412,False,False,False,False,False,False,False,False,False,False,False,False,False,False,False,False,False,False,mediapipe,mediapipe,mediapipe,mediapipe,movenet,gpr,gpr,movenet,mediapipe,mediapipe,mediapipe,movenet,mediapipe,movenet,gpr,gpr,mediapipe,gpr
313,6.26,-0.08182178058425826,-0.2743504536214761,-0.11648652505138335,0.9990453124046326,0.9999871253967284,0.5799248218536377,0.4981019794940948,0.0131236296147108,0.9990761876106262,0.9999680519104004,0.11454959306367223,0.03179844127805234,-0.4600603481493891,0.9997652173042296,0.9999585151672364,-0.11454959306367223,-0.03179844127805234,1.8426542494174492,0.9996299743652344,0.9999738931655884,-0.1928042171642631,0.27472757789732394,,0.4258147478103637,0.999831199645996,-0.2745809699497271,0.19890625481795404,,0.2775024175643921,0.9999130964279176,0.01941206810986014,-0.12463623176809922,,0.1521071046590805,0.9999837875366212,-0.03867216598577726,-0.06867823612641616,,0.1821601092815399,0.9999921321868896,-0.014479693936192093,1.0450607004108183,-4.69320265895328,0.999952793121338,0.9999979734420776,-0.17347073487103826,0.9460883739457907,-4.003446685993341,0.9999759793281556,0.9999995231628418,-0.5266134390301964,1.1704359948442988,-4.94425128067571,0.6990140080451965,0.9999717473983764,-0.641898140149054,1.0722295438219536,,0.2422806471586227,0.9999887943267822,-0.4040953315000277,1.9714812472707441,-4.877598654476646,0.7594682574272156,0.9997785687446594,-0.5348210380639303,1.8765170592358822,,0.332616925239563,0.9999656677246094,0.5191802627230743,0.875406634340881,,0.4635311663150787,0.9992818236351012,0.4957671598374925,0.8534193729502889,,0.4624789953231811,0.99996018409729,0.4852521848845328,0.9013805417192032,-0.1160617619752883,0.7589411735534668,0.9975709319114684,0.4615898624839404,0.8752790635253819,,0.4402782618999481,0.9993950128555298,False,False,False,False,False,False,False,False,False,False,False,False,False,False,False,False,False,False,mediapipe,mediapipe,mediapipe,mediapipe,movenet,gpr,gpr,movenet,mediapipe,mediapipe,mediapipe,movenet,mediapipe,movenet,gpr,gpr,mediapipe,gpr
314,6.28,-0.08166365093565867,-0.27248449200333397,-0.11023426180784933,0.9990105628967284,0.9999459981918336,0.5797385573387146,0.498098760843277,0.0024977552238851,0.999058723449707,0.9998961687088012,0.11351714344790231,0.031565502440811445,-0.45158507910015694,0.999764084815979,0.9999356269836426,-0.11351714344790231,-0.031565502440811445,1.7715582949016042,0.9996218681335448,0.9999505281448364,-0.20053690486163955,0.27528463980424017,,0.4315680563449859,0.99977046251297,-0.27915450768168826,0.1964142590713041,,0.2787794768810272,0.999842882156372,0.00670665160443554,-0.12107680405302129,,0.1566209495067596,0.9999847412109376,-0.040331870262866956,-0.07202813056016963,,0.1783736497163772,0.999983549118042,-0.015296811023593959,1.043988778032316,-4.473636301832473,0.9999529719352722,0.9999970197677612,-0.1721151050833114,0.9472110546567937,-3.788068942210625,0.9999759793281556,0.9999991655349731,-0.5238192468306988,1.1620679165389467,-4.719381293410512,0.6978829503059387,0.9999701976776124,-0.640307699596924,1.0706448745070958,,0.242580696940422,0.999985933303833,-0.40395657657675915,1.9581937698429233,-4.605641349353591,0.7586166262626648,0.9997435212135316,-0.5315075720236151,1.8620155206853513,,0.3324232995510101,0.9999594688415528,0.519146471227005,0.874839401548572,,0.4595190584659576,0.999171257019043,0.4957168265217986,0.8532105819986066,,0.4607264101505279,0.999953269958496,0.4850205981925941,0.901279674126554,-0.1078998073935508,0.7574626803398132,0.997481644153595,0.4616131112705178,0.8752258300380806,,0.4398084580898285,0.999380588531494,False,False,False,False,False,False,False,False,False,False,False,False,False,False,False,False,False,False,mediapipe,mediapipe,mediapipe,mediapipe,movenet,gpr,gpr,movenet,mediapipe,mediapipe,mediapipe,movenet,mediapipe,movenet,gpr,gpr,mediapipe,gpr
315,6.3,-0.08335647518237402,-0.27079830709645186,-0.11593587233345343,0.9989132285118104,0.9999316930770874,0.5795323252677917,0.498174101114273,-0.0010093511082231,0.9989697337150574,0.9998565912246704,0.1128598694254464,0.02919584628007846,-0.44615061324425387,0.9997601509094238,0.9999160766601562,-0.1128598694254464,-0.02919584628007846,1.7391756060932748,0.9996134638786316,0.9999387264251708,-0.20838680017801925,0.27756491362124136,,0.4259028136730194,0.999764621257782,-0.2856742641877212,0.1961189339940737,,0.2765178382396698,0.9998372793197632,-0.006897055656395953,-0.11664160092208276,,0.1540571600198745,0.9999792575836182,-0.04316497420269491,-0.07482244185528546,,0.1764630079269409,0.9999864101409912,-0.017872924564800066,1.0434379822320614,-4.3761421250802925,0.99995219707489,0.9999970197677612,-0.17380376962271055,0.9473558405696247,-3.6965724106661186,0.9999755024909972,0.9999991655349731,-0.5212580748252806,1.1516819084860233,-4.617295869139406,0.6777611970901489,0.9999573230743408,-0.6305092507479112,1.0627002660467062,,0.2328125238418579,0.9999808073043824,-0.40499766527159137,1.9499733020306123,-4.481698939738389,0.7411623597145081,0.9997144341468812,-0.5300045048826895,1.8537145772659005,,0.3187012076377868,0.9999467134475708,0.5190829811497003,0.8741269435564449,,0.44316166639328,0.9991455078125,0.4956989376090103,0.8529091309138813,,0.4450116455554962,0.9999423027038574,0.4847668953292032,0.9011633630954882,-0.1012494415044784,0.740479588508606,0.9973040819168092,0.4616519125875422,0.8751326761808369,,0.4242312908172607,0.9992732405662536,False,False,False,False,False,False,False,False,False,False,False,False,False,False,False,False,False,False,mediapipe,mediapipe,mediapipe,mediapipe,movenet,gpr,gpr,movenet,mediapipe,mediapipe,mediapipe,movenet,mediapipe,movenet,gpr,gpr,mediapipe,gpr
316,6.32,-0.08565590233264503,-0.26752152290562936,-0.08945862926922768,0.9988654851913452,0.9999431371688844,0.5789967179298401,0.4981640875339508,-0.0018290694570168,0.9989463686943054,0.999889612197876,0.11025339050039445,0.024726543233411332,-0.4628133488144825,0.9997618198394777,0.999935746192932,-0.11025339050039445,-0.024726543233411332,1.7874825140811181,0.9996027946472168,0.9999436140060424,-0.2142151410331211,0.2802473347559531,,0.428966760635376,0.9997777342796326,-0.29138537886137705,0.19721715551951183,,0.2659092843532562,0.9998145699501038,-0.020141294178504018,-0.11062782560566828,,0.1513411998748779,0.999977707862854,-0.055892894121024154,-0.06675370552651322,,0.1670289933681488,0.9999759197235109,-0.018331405031416146,1.041894149578633,-4.454097517908122,0.9999520778656006,0.9999970197677612,-0.17676264357214702,0.948567684318081,-3.776303877341635,0.9999752044677734,0.9999990463256836,-0.517013293990846,1.1419168080329567,-4.685439786292414,0.673450231552124,0.9999569654464722,-0.6289821848131428,1.0399486193182275,,0.2223595678806305,0.9999786615371704,-0.4037157334574041,1.9375558056864755,-4.579790671335847,0.7393702268600464,0.99970942735672,-0.5257609602932326,1.8428558304397922,,0.3093193471431732,0.9999393224716188,0.5189742446850628,0.8733225245723253,,0.4436110556125641,0.9991055130958556,0.4957348612325596,0.8525037864915402,,0.4375853538513183,0.999934196472168,0.4845420249970099,0.9010448953210636,-0.1057270541787147,0.7383819222450256,0.9973052740097046,0.4617075222919657,0.8750005778533237,,0.4145383536815643,0.9991902709007264,False,False,False,False,False,False,False,False,False,False,False,False,False,False,False,False,False,False,mediapipe,mediapipe,mediapipe,mediapipe,movenet,gpr,gpr,movenet,mediapipe,mediapipe,mediapipe,movenet,mediapipe,movenet,gpr,gpr,mediapipe,gpr
317,6.34,-0.08532633269437045,-0.2682103666905789,-0.08840575623631677,0.9988579750061036,0.9999607801437378,0.578109622001648,0.4981708526611328,0.0008225397323258,0.9989411234855652,0.9999170303344728,0.10579327090491228,0.021490062823488695,-0.45037736363259967,0.9997578263282776,0.9999210834503174,-0.10579327090491228,-0.021490062823488695,1.7470606838685623,0.9995845556259156,0.9999350309371948,-0.21797960966336036,0.28084132407250373,,0.4172031879425049,0.999726951122284,-0.2965698729242612,0.1967002888058511,,0.2569694519042969,0.9998008608818054,-0.031408289985015776,-0.10836605327986268,,0.1434803307056427,0.9999676942825316,-0.05642278975938958,-0.06136581866573217,,0.1567031592130661,0.999970555305481,-0.01609612264323698,1.0413702950290513,-4.36693729975952,0.9999515414237976,0.9999969005584716,-0.17425358816901032,0.9495508454468071,-3.693507968231464,0.9999749660491944,0.9999991655349731,-0.5119909703072882,1.131285908825044,-4.596484374562945,0.65682452917099,0.9999516010284424,-0.6229848943979258,1.0312440220128782,,0.2111992239952087,0.9999791383743286,-0.40121793910872194,1.9311459263543482,-4.4960818662902815,0.7258196473121643,0.9996616840362548,-0.5215544517728654,1.8402555586195102,,0.2979514598846435,0.999929428100586,0.5188178014977601,0.8724821401646169,,0.433345764875412,0.9989207983016968,0.4958382445999711,0.8519898161289254,,0.4267182350158691,0.9999204874038696,0.4844396462390485,0.900956978747897,-0.1066918894648552,0.7251719236373901,0.9964340925216676,0.4617818567501349,0.8748348270892498,,0.4014833271503448,0.9989221096038818,False,False,False,False,False,False,False,False,False,False,False,False,False,False,False,False,False,False,mediapipe,mediapipe,mediapipe,mediapipe,movenet,gpr,gpr,movenet,mediapipe,mediapipe,mediapipe,movenet,mediapipe,movenet,gpr,gpr,mediapipe,gpr
318,6.36,-0.08878009129096277,-0.26584477994999783,-0.08947258840424181,0.9988896250724792,0.999972939491272,0.5762939453125,0.4981550872325897,0.0014377961633726,0.9989722967147828,0.999942421913147,0.10377058442249941,0.017852381753677492,-0.4452783005802368,0.9997644424438475,0.9999537467956544,-0.10377058442249941,-0.017852381753677492,1.7269387649548011,0.9995876550674438,0.9999605417251588,-0.22018773855442114,0.282361229913067,,0.4164743721485138,0.9997989535331726,-0.30083092778447434,0.1983581410908321,,0.2516090869903564,0.9998446702957152,-0.04267958788033697,-0.10351257261212869,,0.1409310847520828,0.999981164932251,-0.056434913506124895,-0.061949273098488564,,0.1498157232999801,0.999980330467224,-0.012503110153957398,1.0409056415594025,-4.309774158651652,0.9999515414237976,0.99999737739563,-0.17071790324335018,0.9506841907729643,-3.638746893156405,0.9999749660491944,0.9999992847442628,-0.5044669648339164,1.122407212881018,-4.536925964168425,0.6446136236190796,0.9999630451202391,-0.611146595919428,1.0229661579888047,,0.2005651295185089,0.9999842643737792,-0.39619100403030466,1.921202621725994,-4.443599286435811,0.7145219445228577,0.9997175335884094,-0.5151197624765874,1.836544863771663,,0.2870555520057678,0.9999442100524902,0.5186300451855158,0.8716455979784239,,0.425053209066391,0.9991143345832824,0.4960098874804482,0.8513709700139028,,0.4166314005851745,0.9999362230300904,0.484360449589217,0.9008904844175154,-0.1065488308668136,0.7152177691459656,0.9972785115242004,0.4618775524619662,0.8746446135283937,,0.3903010189533233,0.9992031455039978,False,False,False,False,False,False,False,False,False,False,False,False,False,False,False,False,False,False,mediapipe,mediapipe,mediapipe,mediapipe,movenet,gpr,gpr,movenet,mediapipe,mediapipe,mediapipe,movenet,mediapipe,movenet,gpr,gpr,mediapipe,gpr
319,6.38,-0.09275299421188883,-0.2685471751762879,-0.09201256074852063,0.9988635778427124,0.9999552965164183,0.5735872387886047,0.498259037733078,-0.0005450925091281,0.9989452362060548,0.9998998641967772,0.10102554802836501,0.013809672105615541,-0.45038355160310123,0.9997555017471312,0.999897599220276,-0.10102554802836501,-0.013809672105615541,1.7483915615777998,0.9995684623718262,0.999929428100586,-0.2190002394668942,0.2833533638811371,,0.4086673855781555,0.9996612071990968,-0.3028158503183409,0.2000567330374923,,0.2422070354223251,0.999768078327179,-0.050385244074741195,-0.10092786638781114,,0.1354235857725143,0.999959111213684,-0.05200075062114051,-0.0652653163763375,,0.1416536122560501,0.9999698400497437,-0.006597625205955727,1.041918377005182,-4.378160639119944,0.9999505877494812,0.999996304512024,-0.1611233025313781,0.9510366376398871,-3.7043897543979774,0.999974489212036,0.9999990463256836,-0.4940934003574123,1.1090928283433321,-4.605983347524084,0.6377615332603455,0.9999504089355468,-0.5964514802537999,1.018534894381251,,0.1934722065925598,0.9999802112579346,-0.3880185961099685,1.922382902973185,-4.537376588834157,0.710906982421875,0.9996756315231324,-0.508625746474823,1.839954038565044,,0.2836889326572418,0.9999240636825562,0.5184395534967471,0.8708284966435655,,0.425354927778244,0.998966097831726,0.4962360852744328,0.8506611804320126,,0.4153931736946106,0.9999146461486816,0.4842690478115939,0.9008373456957204,-0.1099848821759224,0.7110427618026733,0.996487021446228,0.4619975158250775,0.8744420475288286,,0.3857159614562988,0.998841106891632,False,False,False,False,False,False,False,False,False,False,False,False,False,False,False,False,False,False,mediapipe,mediapipe,mediapipe,mediapipe,movenet,gpr,gpr,movenet,mediapipe,mediapipe,mediapipe,movenet,mediapipe,movenet,gpr,gpr,mediapipe,gpr
320,6.4,-0.09483207898982539,-0.27040775625616287,-0.0842786116896693,0.998901665210724,0.9999731779098512,0.570348858833313,0.4982575476169586,-0.0045466399751603,0.998985469341278,0.9999457597732544,0.09665801216315824,0.012720890993433187,-0.45078396036897767,0.999761164188385,0.9999490976333618,-0.09665801216315824,-0.012720890993433187,1.7427915259111133,0.999570608139038,0.9999566078186036,-0.21464741671861867,0.2848823457137174,,0.4091916084289551,0.9998089671134948,-0.30189157999427046,0.20362187956382272,,0.2357192188501358,0.9998120665550232,-0.05610011386133426,-0.09631349685740216,,0.1344231963157653,0.9999821186065674,-0.05481256868336043,-0.0488615483195148,,0.1338240057229995,0.9999759197235109,0.003968945459338404,1.0410490467159308,-4.369982928099873,0.9999508261680604,0.9999970197677612,-0.14955829768720472,0.9536448497298053,-3.694691976162275,0.9999745488166808,0.9999991655349731,-0.476379379955717,1.0974029506461416,-4.616905976830929,0.6310359239578247,0.9999651908874512,-0.5815585019559033,1.0123378340819627,,0.1835494190454483,0.9999840259552002,-0.37579980294396714,1.9219254094738252,-4.592984875741781,0.7073628306388855,0.9997658133506776,-0.49815050302211156,1.8437140229002653,,0.2749674916267395,0.9999339580535888,0.5182715476792914,0.8700292275181603,,0.4274088144302368,0.9992430210113524,0.4964913705492617,0.8498857076477354,,0.4079319536685943,0.9999266862869264,0.4841570927129771,0.900805870275122,-0.1219476386904716,0.7088762521743774,0.9974719882011414,0.4621438416672136,0.8742407664729167,,0.376819908618927,0.9990907907485962,False,False,False,False,False,False,False,False,False,False,False,False,False,False,False,False,False,False,mediapipe,mediapipe,mediapipe,mediapipe,movenet,gpr,gpr,movenet,mediapipe,mediapipe,mediapipe,movenet,mediapipe,movenet,gpr,gpr,mediapipe,gpr
321,6.42,-0.09471868889611144,-0.2720968190331247,-0.1001761339889884,0.9989519119262696,0.9999721050262452,0.5682757496833801,0.4981769025325775,-0.0097192879766225,0.999031126499176,0.999935746192932,0.09584118630315944,0.010846668719128379,-0.44403019496139895,0.9997648000717164,0.999941349029541,-0.09584118630315944,-0.010846668719128379,1.6992357298373908,0.9995689392089844,0.9999569654464722,-0.23169674536652732,0.29068995833739225,,0.4126159846782684,0.9998291730880736,-0.3000894576168341,0.20648269792481647,,0.2314970046281814,0.9998366832733154,-0.06292237818387168,-0.09091317351756086,,0.1352587342262268,0.9999825954437256,-0.0997805156222004,-0.05108268762868456,,0.1267082095146179,0.9999778270721436,0.016899603919028863,1.0383588874057608,-4.2399583599552235,0.9999507665634156,0.999996304512024,-0.13631828470432897,0.9580727239146717,-3.5670795506061777,0.999974489212036,0.9999990463256836,-0.46022041518380963,1.0693027813303386,-4.487365703945033,0.627252995967865,0.9999706745147704,-0.5620796565866598,0.9945507128638711,,0.1743085384368896,0.9999865293502808,-0.3615926755484594,1.9084731185487225,-4.4991482196602295,0.709898829460144,0.9998237490653992,-0.48507214366608326,1.8354010223594257,,0.268243134021759,0.9999405145645142,0.5181355461291419,0.8692459661966965,,0.4354798197746277,0.999409317970276,0.4967449417803145,0.8490813745939765,,0.4020914435386657,0.9999362230300904,0.4840176343084227,0.9007600179085388,-0.1291153132915496,0.7134315371513367,0.997907280921936,0.4623162247372139,0.8740543268600663,,0.3708616495132446,0.9991912245750428,False,False,False,False,False,False,False,False,False,False,False,False,False,False,False,False,False,False,mediapipe,mediapipe,mediapipe,mediapipe,movenet,gpr,gpr,movenet,mediapipe,mediapipe,mediapipe,movenet,mediapipe,movenet,gpr,gpr,mediapipe,gpr
322,6.44,-0.09689408194342919,-0.2746228455683406,-0.09604878814175953,0.9990053772926332,0.9999728202819824,0.5658214688301086,0.49820476770401,-0.0118569638580083,0.9990822672843932,0.9999450445175172,0.09264640700662459,0.011160575854253754,-0.4650045377775807,0.9997748732566832,0.9999589920043944,-0.09264640700662459,-0.011160575854253754,1.7731385183607764,0.9995823502540588,0.9999673366546632,-0.22863727181721213,0.30398799141746824,,0.4364985823631286,0.9998563528060912,-0.29844377654688786,0.2114593883160857,,0.225117415189743,0.9998276233673096,-0.06946755791946321,-0.08484069022340313,,0.1498260498046875,0.9999901056289672,-0.10985772032206649,-0.05247436180618328,,0.1201645284891128,0.9999817609786988,0.033088152495834085,1.035689011741817,-4.411148491138872,0.9999525547027588,0.9999974966049194,-0.12783427556739793,0.9620655207678486,-3.727375704036182,0.9999752044677734,0.9999992847442628,-0.44097503415517564,1.0699718883207556,-4.726025218079766,0.6455720067024231,0.9999858140945436,-0.5465737618950499,0.9738931592153658,,0.1733147203922271,0.999991536140442,-0.3474045455717101,1.9024062801343529,-4.810848746491516,0.729641318321228,0.9998893737792968,-0.4725540174865419,1.8312036850520412,,0.2780011594295501,0.999959111213684,0.5180263488956534,0.8685097400620688,,0.4669974148273468,0.9996020197868348,0.4969685747231195,0.8482954910275505,,0.4156242609024048,0.9999552965164183,0.4838815928894892,0.9007152596831622,-0.1611486077308654,0.7327904105186462,0.998519480228424,0.4625102885282553,0.8738946069005239,,0.3842472732067108,0.9994577765464784,False,False,False,False,False,False,False,False,False,False,False,False,False,False,False,False,False,False,mediapipe,mediapipe,mediapipe,mediapipe,movenet,gpr,gpr,movenet,mediapipe,mediapipe,mediapipe,movenet,mediapipe,movenet,gpr,gpr,mediapipe,gpr
323,6.46,-0.1017911771081842,-0.27592852113534344,-0.113762381803005,0.999060034751892,0.999969244003296,0.5634157657623291,0.4981723427772522,-0.0221337787806987,0.999140441417694,0.9999494552612304,0.09585288976445511,0.01169896998155813,-0.4750036818644365,0.9997894167900084,0.9999758005142212,-0.09585288976445511,-0.01169896998155813,1.7843319709870298,0.999607264995575,0.9999768733978271,-0.22750718598127964,0.31589476584945136,,0.4691421389579773,0.9998823404312134,-0.29031855322083855,0.21665924799771222,,0.2218306064605713,0.999825656414032,-0.07878824233145146,-0.07813701328094398,,0.1768841594457626,0.9999936819076538,-0.09350823131733264,-0.05901295229360135,,0.1157493665814399,0.9999780654907228,0.04050228273939341,1.0314426580904086,-4.406600984033882,0.9999547600746156,0.99999737739563,-0.12241412646901381,0.9668792503759962,-3.72164297443069,0.9999762177467346,0.9999991655349731,-0.4227794921695875,1.0558851372424893,-4.846514959582015,0.6670683026313782,0.9999881982803344,-0.5292718182856154,0.9579163705564974,,0.1783522218465805,0.999991536140442,-0.3348736496872125,1.8907801638960995,-4.872128610753686,0.7479942440986633,0.9998890161514282,-0.4603793427038466,1.819495337120699,,0.2935513257980346,0.9999467134475708,0.5179255088391089,0.867785432860681,,0.4968537986278534,0.9995881915092468,0.4971431714114463,0.8475831240034166,,0.4311612248420715,0.99993896484375,0.4837585361826404,0.9006725833132575,-0.1721441596746444,0.7505921721458435,0.9982994198799132,0.4627164889374398,0.873770427625598,,0.4014663398265838,0.999249279499054,False,False,False,False,False,False,False,False,False,False,False,False,False,False,False,False,False,False,mediapipe,mediapipe,mediapipe,mediapipe,movenet,movenet,gpr,movenet,mediapipe,mediapipe,mediapipe,movenet,mediapipe,movenet,gpr,gpr,mediapipe,gpr
324,6.48,-0.10524737605619769,-0.2759544718267353,-0.09829393727135634,0.9991223216056824,0.9999774694442748,0.5599595904350281,0.4979539513587951,-0.0216914042830467,0.9992054104804992,0.9999672174453736,0.09655787593611537,0.012604776776711728,-0.48195992802557225,0.9998048543930054,0.9999841451644896,-0.09655787593611537,-0.012604776776711728,1.8075709299302036,0.9996339082717896,0.9999847412109376,-0.22099183463141284,0.32948933848148304,,0.5030981302261353,0.9999033212661744,-0.2947426007553643,0.21399574178021488,,0.2222265899181366,0.9998562335968018,-0.08305664695434506,-0.06859789150139171,,0.2081080973148346,0.9999957084655762,-0.09834228872923968,-0.04676179061911625,,0.114494688808918,0.999987244606018,0.053816718929843486,1.0301362134866308,-4.4501552331396415,0.9999570846557616,0.999997615814209,-0.10556669549825669,0.9691941593945411,-3.759353677245957,0.9999772906303406,0.9999992847442628,-0.4027888384960192,1.0459949318755284,-4.910306662769421,0.6905546188354492,0.9999903440475464,-0.5232926024104487,0.9556736607321764,,0.1863390207290649,0.9999933242797852,-0.3169831273921477,1.8803303700871299,-4.913425097389424,0.7668050527572632,0.9999141693115234,-0.4427612874520051,1.809395932139433,,0.3108350932598114,0.9999570846557616,0.5178239634760469,0.8671597102036313,,0.5290830731391907,0.9996904134750366,0.4972616732025209,0.8470025634898345,,0.4478996098041534,0.999951958656311,0.4836667649673706,0.9006730081873919,-0.1720800250768661,0.7690606713294983,0.9987702965736388,0.4629202799930476,0.8736865539502584,,0.4211679399013519,0.999433696269989,False,False,False,False,False,False,False,False,False,False,False,False,False,False,False,False,False,False,mediapipe,mediapipe,mediapipe,mediapipe,movenet,movenet,gpr,movenet,mediapipe,mediapipe,mediapipe,movenet,mediapipe,movenet,gpr,gpr,mediapipe,gpr
325,6.5,-0.10728420259657696,-0.2779081827488705,-0.11731296332958878,0.9991601705551147,0.9999713897705078,0.5574910044670105,0.4977739751338959,-0.0239162519574165,0.99925035238266,0.9999572038650512,0.10105097967877978,0.013626412032920808,-0.48243444556261056,0.9998170733451844,0.99997878074646,-0.10105097967877978,-0.013626412032920808,1.8104323915958436,0.9996584057807922,0.999983549118042,-0.20369736372990552,0.34670593737803895,,0.5304749011993408,0.9998892545700072,-0.2947036383532396,0.23621020174263196,,0.2225414961576461,0.9998377561569214,-0.08910524156936908,-0.058354031221391565,,0.2294074147939682,0.9999943971633912,-0.10676629817250213,-0.02480589075834674,,0.1134322434663772,0.9999874830245972,0.0642353085954285,1.0309503562263274,-4.468269055500551,0.999958872795105,0.99999737739563,-0.09061311789044224,0.9688756890028061,-3.7743835098527443,0.9999781847000122,0.9999991655349731,-0.38552829646238973,1.0329305690321184,-4.984256161477963,0.709102988243103,0.9999895095825196,-0.5042684189916786,0.9578683388925402,,0.1928950697183609,0.999993085861206,-0.3019470775248578,1.8788295518443545,-4.986296784518771,0.7822549939155579,0.9999055862426758,-0.4284190461738351,1.8078271397266443,,0.3273772895336151,0.999948024749756,0.5177132303396219,0.8666573810060347,,0.556341290473938,0.9996607303619384,0.4973276394072078,0.8466091628650405,,0.4622407555580139,0.9999399185180664,0.483545618874211,0.9007141944411775,-0.1854951679706573,0.7844281196594238,0.9986507296562196,0.4631039683947396,0.873643174966824,,0.439507246017456,0.9993533492088318,False,False,False,False,False,False,False,False,False,False,False,False,False,False,False,False,False,False,mediapipe,mediapipe,mediapipe,mediapipe,movenet,movenet,gpr,movenet,mediapipe,mediapipe,mediapipe,movenet,mediapipe,movenet,gpr,gpr,mediapipe,gpr
326,6.52,-0.10766351749153721,-0.281696095624629,-0.12810752597485608,0.9991860389709472,0.9999665021896362,0.5549646019935608,0.4975636899471283,-0.0260963179171085,0.9992886185646056,0.9999544620513916,0.10063746931369677,0.0145815552952313,-0.48970063042679635,0.9998281598091124,0.9999788999557496,-0.10063746931369677,-0.0145815552952313,1.8387087357954204,0.9996808767318726,0.9999822378158568,-0.19413470061503058,0.35991399343680236,,0.5583702921867371,0.9998831748962402,-0.2931931092124673,0.2587142987579585,,0.2212538570165634,0.9997918009757996,-0.09359683559607501,-0.04736590780886629,,0.2548492848873138,0.9999945163726808,-0.09384664196816991,-0.02569148421340449,,0.1130097806453704,0.9999884366989136,0.07665691853334204,1.0319253023781139,-4.5504624135374465,0.9999602437019348,0.999996542930603,-0.07900584682942671,0.9680733182553749,-3.850062190030441,0.99997878074646,0.9999988079071044,-0.36534188582678134,1.0282023941572904,-5.123711741176934,0.7299208641052246,0.9999889135360718,-0.48233541765040683,0.9516277370636153,,0.2029744088649749,0.9999918937683104,-0.2853615987593829,1.8794775338244614,-5.1492333137227675,0.7991703748703003,0.999897599220276,-0.4126117252178042,1.807720994319912,,0.3511660695075989,0.9999346733093262,0.5175958571224466,0.8662538077840672,,0.5869351625442505,0.9996082186698914,0.4973506561345007,0.8464481583815694,,0.4828568994998932,0.9999206066131592,0.4835203976342184,0.9008198313779788,-0.2028215527534485,0.8007863163948059,0.9984369874000548,0.4632501551129634,0.8736358998708188,,0.4628389477729797,0.999170184135437,False,False,False,False,False,False,False,False,False,False,False,False,False,False,False,False,False,False,mediapipe,mediapipe,mediapipe,mediapipe,movenet,movenet,gpr,movenet,mediapipe,mediapipe,mediapipe,movenet,mediapipe,movenet,gpr,gpr,mediapipe,gpr
327,6.54,-0.10826626112580852,-0.2824238278425196,-0.1389286359430315,0.9991961121559144,0.999956488609314,0.55263352394104,0.4974474906921386,-0.031280044466257,0.9993173480033876,0.9999454021453856,0.10011909759563045,0.015648858639362464,-0.49583375769758936,0.999837338924408,0.9999756813049316,-0.10011909759563045,-0.015648858639362464,1.8479651715324164,0.9996988773345948,0.9999769926071168,-0.19165128186850314,0.3673724568759978,,0.5792996883392334,0.9998810291290284,-0.28947968865748824,0.27497859646003386,,0.2177407294511795,0.9997383952140808,-0.0976695289352619,-0.03562907333625097,,0.2703870832920074,0.9999934434890748,-0.06979627145834771,-0.022504698105709584,,0.1101679876446724,0.9999822378158568,0.08799647519771789,1.031224510727012,-4.551956940682155,0.9999614357948304,0.999996781349182,-0.06161324402728841,0.9686014629799519,-3.851386677157437,0.9999793171882628,0.9999988079071044,-0.347476487519431,1.0206496725927516,-5.15458473355056,0.7450206875801086,0.9999892711639404,-0.46251082254573883,0.9565932816051079,,0.2079573571681976,0.9999921321868896,-0.267594553687533,1.8704362040612423,-5.133676835289991,0.8110882043838501,0.9999079704284668,-0.39445358107111894,1.7997993519602982,,0.36363485455513,0.99992835521698,0.5174726709326385,0.8659235880656302,-0.151391252875328,0.6090551614761353,0.999664306640625,0.4973410033697065,0.8465474953309301,,0.4928739070892334,0.9999163150787354,0.4836599841401306,0.9008543510814948,-0.1970895081758499,0.8123041987419128,0.9985841512680054,0.4633460185611363,0.8736562532321663,,0.4754528105258941,0.999087929725647,False,False,False,False,False,False,False,False,False,False,False,False,False,False,False,False,False,False,mediapipe,mediapipe,mediapipe,mediapipe,movenet,movenet,gpr,movenet,mediapipe,mediapipe,mediapipe,movenet,mediapipe,movenet,mediapipe,gpr,mediapipe,gpr
328,6.56,-0.10944048119399367,-0.2827538894525286,-0.1669275130322219,0.9991955757141112,0.999919891357422,0.5493301153182983,0.4970400333404541,-0.0439324639737606,0.999335765838623,0.9998925924301147,0.10763692335181249,0.017507076841008645,-0.479391633953847,0.9998440742492676,0.9999666213989258,-0.10763692335181249,-0.017507076841008645,1.7513122023991656,0.9997166395187378,0.9999810457229614,-0.16149603899547282,0.41108885653252025,-4.194518371198594,0.604965329170227,0.999811589717865,-0.28156913960538243,0.2677445423495835,,0.2280836552381515,0.99976247549057,-0.10223263888665436,-0.02175183521047227,,0.2996140420436859,0.9999933242797852,-0.09759171791403007,-0.029561244870779317,,0.1197116449475288,0.999992847442627,0.10084369958618715,1.0306826013037806,-4.29282375372359,0.9999621510505676,0.9999951124191284,-0.048725737136565986,0.9686382128703979,-3.5939707526955305,0.999979555606842,0.9999984502792358,-0.3301220447719622,1.0165772256530436,-4.905015338457938,0.7662079930305481,0.9999911785125732,-0.4464649915728462,0.9608084350056572,,0.2307666838169098,0.999994158744812,-0.25051397062809855,1.8638422911527717,-4.856944423868646,0.8275481462478638,0.9999328851699828,-0.37729668824606494,1.7955173703910239,,0.3972311615943908,0.9999516010284424,0.5173599114385861,0.865659502730485,-0.1485067456960678,0.6400439143180847,0.9997372031211852,0.4973060644690828,0.8469119865001206,,0.5173745155334473,0.9999406337738036,0.4838303636004054,0.9007711328548732,-0.1979274004697799,0.8283511996269226,0.9989680051803588,0.4633871807575589,0.8736926150983196,,0.5055516362190247,0.9993894100189208,False,False,False,False,False,False,False,False,False,False,False,False,False,False,False,False,False,False,mediapipe,mediapipe,mediapipe,mediapipe,mediapipe,movenet,gpr,movenet,mediapipe,mediapipe,mediapipe,movenet,mediapipe,movenet,mediapipe,gpr,mediapipe,gpr
329,6.58,-0.11084127086406646,-0.2872120312816607,-0.18143927541142463,0.999200701713562,0.9999109506607056,0.5459868311882019,0.4965897798538208,-0.0488596744835376,0.9993579387664796,0.9998884201049804,0.1074727305889408,0.018592745994210465,-0.475646242608709,0.9998510479927064,0.999969244003296,-0.1074727305889408,-0.018592745994210465,1.7237647575974777,0.9997311234474182,0.99997878074646,-0.1543762173881921,0.42318118625267725,-4.16537077646185,0.6305068135261536,0.9997900128364564,-0.27980480793113405,0.2842825594407495,,0.229309931397438,0.9996531009674072,-0.10645583498181106,-0.00863654725745285,,0.3347181975841522,0.9999949932098388,-0.09821280791372927,-0.03847549363451537,,0.1223667711019516,0.9999902248382568,0.11630929315553404,1.0306856414252388,-4.217855602114144,0.9999621510505676,0.9999936819076538,-0.03385789775631231,0.9676140776851657,-3.520019398141601,0.9999792575836182,0.999997854232788,-0.3136204854109288,1.0174066932788286,-4.785408032818781,0.7856981754302979,0.999991774559021,-0.42608595221470874,0.9604652208441462,,0.2522370219230652,0.9999938011169434,-0.23329563481039942,1.8629078871073268,-4.741283610222486,0.8429308533668518,0.9999449253082277,-0.3600551335382484,1.7982440749264457,,0.4282355904579162,0.9999570846557616,0.5173021383628668,0.8654115388050723,-0.1419095546007156,0.6693788170814514,0.9997782111167908,0.4972498114661203,0.8475201776612891,,0.5396997928619385,0.9999467134475708,0.4840370114449867,0.9005872428000413,-0.1901815384626388,0.8433924913406372,0.999168872833252,0.463386552741729,0.8737376844784456,,0.5336822867393494,0.9994621872901917,False,False,False,False,False,False,False,False,False,False,False,False,False,False,False,False,False,False,mediapipe,mediapipe,mediapipe,mediapipe,mediapipe,movenet,gpr,movenet,mediapipe,mediapipe,mediapipe,movenet,mediapipe,movenet,mediapipe,gpr,mediapipe,gpr
330,6.6,-0.1124634558048192,-0.29612890027789396,-0.21570638548010845,0.9991737008094788,0.999930500984192,0.5429919958114624,0.4961387813091278,-0.0668882951140403,0.9993497729301452,0.9999027252197266,0.10728663829030018,0.020155654055727463,-0.47776947047955853,0.9998560547828674,0.999970555305481,-0.10728663829030018,-0.020155654055727463,1.6857025134037873,0.9997459053993224,0.9999825954437256,-0.15347705536961537,0.43579600650947226,-4.087914076609949,0.6494771242141724,0.9998650550842284,-0.2741952036354896,0.29360160813574027,,0.2303882241249084,0.99972003698349,-0.10876441910738652,0.004486186659802027,,0.3657167553901672,0.9999957084655762,-0.08488416670698952,-0.026462082373730992,,0.1281431466341018,0.9999951124191284,0.1289108989500952,1.0296876207519534,-4.085884407281347,0.9999598264694214,0.9999905824661256,-0.021187839624584016,0.9674092077692766,-3.3893028296635217,0.9999774694442748,0.9999966621398926,-0.2944781096269338,1.0111401649471077,-4.758427579388599,0.7998657822608948,0.9999892711639404,-0.4127246754826401,0.9594604986896555,,0.2565684020519256,0.9999918937683104,-0.2138506798613069,1.8621207772395423,-4.711542708930199,0.8549914956092834,0.9999165534973145,-0.33947703920258593,1.8010785050871516,,0.4407815039157867,0.9999353885650636,0.5173053711814654,0.865492287383666,-0.1590118557214737,0.6914455890655518,0.999670147895813,0.4971767961763987,0.8483240167859186,,0.5480108857154846,0.9999202489852904,0.4842202555744254,0.9003542821446244,-0.213388130068779,0.8551151752471924,0.9990785121917723,0.4633337784716819,0.8737530874130137,,0.5468736290931702,0.9994101524353028,False,False,False,False,False,False,False,False,False,False,False,False,False,False,False,False,False,False,mediapipe,mediapipe,mediapipe,mediapipe,mediapipe,movenet,gpr,movenet,mediapipe,mediapipe,mediapipe,movenet,mediapipe,movenet,mediapipe,gpr,mediapipe,gpr
331,6.62,-0.10890832104315613,-0.29864381266129997,-0.21256462153716316,0.9990665912628174,0.9998841285705566,0.5400892496109009,0.4956706166267395,-0.0665258914232254,0.9992772340774536,0.999833345413208,0.10832137805767063,0.020672330912523407,-0.49572645429196505,0.9998565316200256,0.999958038330078,-0.10832137805767063,-0.020672330912523407,1.752158545799013,0.9997560381889344,0.9999780654907228,-0.14487764626101649,0.4473393517130263,-4.274679895896621,0.6670533418655396,0.9998310804367064,-0.2712120338353759,0.3180646449656594,,0.2316084802150726,0.999722421169281,-0.10861151425974525,0.01663257619725464,,0.3900962769985199,0.9999953508377076,-0.09115555016512042,-0.03415109679165224,,0.1298238784074783,0.9999943971633912,0.14427744421918787,1.0280158853033745,-4.235156949612056,0.9999567270278932,0.9999884366989136,-0.0024111390402089886,0.966946257559208,-3.531724802808132,0.9999752640724182,0.9999960660934448,-0.27397562696058425,1.0041264372317642,-4.94648883132648,0.8127760887145996,0.9999911785125732,-0.39680990414313494,0.9751235309437313,,0.2599673569202423,0.9999938011169434,-0.19144028591069695,1.8645832908266309,-4.950758998137706,0.8660896420478821,0.9999209642410278,-0.3164352636365169,1.8043629585468266,,0.4506164789199829,0.9999423027038574,0.5173979612244793,0.8659138586946672,-0.1754620522260666,0.7123066782951355,0.9996768236160278,0.4970855535609284,0.8492158882565758,,0.55485999584198,0.9999277591705322,0.4844785755053,0.9000768012655944,-0.2346902340650558,0.866062343120575,0.999226212501526,0.4632818290671577,0.8737398754774598,,0.5591483116149902,0.9995461106300354,False,False,False,False,False,False,False,False,False,False,False,False,False,False,False,False,False,False,mediapipe,mediapipe,mediapipe,mediapipe,mediapipe,movenet,gpr,movenet,mediapipe,mediapipe,mediapipe,movenet,mediapipe,movenet,mediapipe,gpr,mediapipe,gpr
332,6.64,-0.10796504880441135,-0.30492864437776207,-0.21862633363217296,0.999070405960083,0.999948024749756,0.5371427536010742,0.4951411485671997,-0.0664213299751281,0.999275803565979,0.9999058246612548,0.10802027549408748,0.02111003395076799,-0.49313137704546095,0.9998583793640136,0.9999673366546632,-0.10802027549408748,-0.02111003395076799,1.7403907730262167,0.9997702836990356,0.9999887943267822,-0.13918064652108247,0.4541664392667983,-4.239808707543831,0.6854779124259949,0.9998453855514526,-0.2726670470420409,0.33334199623265415,,0.2465062886476516,0.9998325109481812,-0.1080879734864838,0.02747067736332895,,0.4208205044269562,0.9999959468841552,-0.0852810603219982,-0.007787498946169097,,0.1486619561910629,0.9999977350234984,0.16393024919352772,1.0268061884525714,-4.205930792195717,0.999954342842102,0.9999891519546508,0.01564747268024075,0.9651154570462239,-3.498531111644909,0.9999738931655884,0.9999971389770508,-0.25292167070975424,1.0077484675982125,-4.930101920967458,0.8269709348678589,0.9999910593032836,-0.37562337946843855,0.9804365571320507,,0.2746315896511078,0.9999953508377076,-0.16828086548994206,1.8707912870559558,-4.928123792987743,0.877170741558075,0.99992573261261,-0.29347483940213304,1.8104199464633874,,0.4741785824298858,0.9999558925628662,0.5176350670260996,0.8669732215799119,-0.1769110411405563,0.7339866757392883,0.9996925592422484,0.4969874574632873,0.8502486669093599,,0.5734928846359253,0.9999414682388306,0.484748289510088,0.8998169259869437,-0.2359591424465179,0.877169668674469,0.9993602633476256,0.4632388919896902,0.8737246233304508,,0.5824370384216309,0.9996398687362672,False,False,False,False,False,False,False,False,False,False,False,False,False,False,False,False,False,False,mediapipe,mediapipe,mediapipe,mediapipe,mediapipe,movenet,gpr,movenet,mediapipe,mediapipe,mediapipe,movenet,mediapipe,movenet,mediapipe,gpr,mediapipe,gpr
333,6.66,-0.10630961966974746,-0.3103476165616644,-0.2506474875740536,0.9990832209587096,0.999957799911499,0.534321129322052,0.4943697452545166,-0.0724825412034988,0.9992728233337402,0.9999070167541504,0.11170855143713163,0.021798680556793935,-0.48100806744241814,0.999858558177948,0.9999628067016602,-0.11170855143713163,-0.021798680556793935,1.6853974367849194,0.9997847080230712,0.999990701675415,-0.12980646740537413,0.4569649058197291,-4.118464931456412,0.6965661644935608,0.9998340606689452,-0.2736869399060089,0.3427197879134361,,0.2624928653240204,0.9998457431793212,-0.1072446137865269,0.03707217497683847,,0.4418832957744598,0.9999943971633912,-0.0898707266159467,0.004167004853096045,,0.1685889959335327,0.999997854232788,0.18344633644391878,1.0239161932303422,-4.082752774580696,0.9999520778656006,0.9999898672103882,0.033037059089013804,0.9643330213950605,-3.373658659289661,0.9999727606773376,0.9999974966049194,-0.23336938837984966,1.012513914565172,-4.806348101039434,0.8384942412376404,0.9999896287918092,-0.36210022211172915,0.9870353808780696,,0.2822087407112121,0.9999948740005492,-0.1449746794674075,1.8841761813672568,-4.795756327545817,0.8865828514099121,0.9999167919158936,-0.2708760844802258,1.8209051250782708,,0.4899992942810058,0.9999498128890992,0.5179686838096685,0.8685157129536721,-0.1750921607017517,0.7521435618400574,0.9996547698974608,0.4968963587059427,0.8512731800257652,,0.5854517221450806,0.9999343156814576,0.4851048328937641,0.8996235657405209,-0.2350828945636749,0.886705756187439,0.999292492866516,0.4632266634695837,0.8737029019149759,,0.5996712446212769,0.9996318817138672,False,False,False,False,False,False,False,False,False,False,False,False,False,False,False,False,False,False,mediapipe,mediapipe,mediapipe,mediapipe,mediapipe,movenet,gpr,movenet,mediapipe,mediapipe,mediapipe,movenet,mediapipe,movenet,mediapipe,gpr,mediapipe,gpr
334,6.68,-0.10624568449586216,-0.31840524322023,-0.26351686924920487,0.9991239309310912,0.9999701976776124,0.5313750505447388,0.4937290251255035,-0.0747050270438194,0.9992967247962952,0.9999327659606934,0.11059555294796691,0.021516945964320675,-0.4747889646174476,0.9998599290847778,0.9999667406082152,-0.11059555294796691,-0.021516945964320675,1.6528497819153654,0.9997984766960144,0.9999918937683104,-0.14043671291247378,0.4552986503816274,-4.04655546571807,0.7085679173469543,0.9998151659965516,-0.2788403084649838,0.346579317941932,,0.2758127450942993,0.9998283386230468,-0.10584756011192206,0.044115044460511975,,0.4641824066638946,0.9999933242797852,-0.09134306806655347,0.002812775616324869,,0.1911346316337585,0.9999982118606568,0.20584843379613904,1.021096055932769,-3.999706447370471,0.9999488592147828,0.9999871253967284,0.05399632534686761,0.9619522796218412,-3.2912789153763793,0.9999710321426392,0.999996781349182,-0.21385715833567973,1.0311929032251386,-4.698442108550186,0.8494493365287781,0.9999847412109376,-0.34937149448316895,1.0089827824190123,,0.2893140316009521,0.999992847442627,-0.12153416637952882,1.8942653703626093,-4.649079014159358,0.8951601386070251,0.9998900890350342,-0.2494908630179902,1.823145900954887,,0.5073346495628357,0.9999364614486694,0.5183654955494945,0.8705561256908894,-0.1640620082616806,0.7686993479728699,0.9995575547218324,0.4968223670763947,0.8521815513357694,,0.5981799960136414,0.9999158382415771,0.485406791483051,0.8995532057224198,-0.2207667827606201,0.8952444791793823,0.9991986155509948,0.4632434035073635,0.8736155201278091,-0.0909388065338134,0.6159716844558716,0.9995657801628112,False,False,False,False,False,False,False,False,False,False,False,False,False,False,False,False,False,False,mediapipe,mediapipe,mediapipe,mediapipe,mediapipe,movenet,gpr,movenet,mediapipe,mediapipe,mediapipe,movenet,mediapipe,movenet,mediapipe,gpr,mediapipe,mediapipe
335,6.7,-0.10404636428838376,-0.3269535574777659,-0.28892104696181187,0.9991883039474488,0.9999829530715942,0.5283153057098389,0.4929979145526886,-0.0780229344964027,0.999345064163208,0.9999608993530272,0.11060330724328378,0.02178831766734501,-0.46698181471218225,0.9998642802238464,0.9999756813049316,-0.11060330724328378,-0.02178831766734501,1.616420589986121,0.999811351299286,0.9999927282333374,-0.13752685446251203,0.4528433833348482,-3.9792505591040017,0.7240381836891174,0.9998077750205994,-0.2729552547485485,0.3615465039493168,,0.2944228947162628,0.9998131394386292,-0.10062748579691658,0.0488811514006697,,0.4942625164985657,0.999994158744812,-0.08972948067847515,0.0016999233731057385,,0.2137273699045181,0.9999977350234984,0.23641376239983555,1.018468993157706,-3.9237963807820555,0.9999467730522156,0.9999877214431764,0.07425928237410857,0.9572542311960713,-3.2133976697295346,0.9999695420265198,0.999996781349182,-0.19131195827360836,1.065900710372956,-4.626129879906667,0.8624528050422668,0.9999881982803344,-0.331416001169571,1.0342181326336077,,0.3110165596008301,0.999993085861206,-0.0954291455901668,1.9127323051180394,-4.553931986872991,0.9043514132499696,0.9999147653579712,-0.22691157283325114,1.826769936278799,,0.534770131111145,0.9999510049819946,0.51875422634445,0.8729210019389533,-0.1601990014314651,0.7869665622711182,0.9996439218521118,0.4967680197743629,0.8528086457317905,-0.0366936512291431,0.6175917983055115,0.9999361038208008,0.4855098716028933,0.8996214687407457,-0.217086523771286,0.9044047594070436,0.999338686466217,0.4632832304350737,0.8734812695863402,-0.0849996581673622,0.6395485401153564,0.9996697902679444,False,False,False,False,False,False,False,False,False,False,False,False,False,False,False,False,False,False,mediapipe,mediapipe,mediapipe,mediapipe,mediapipe,movenet,gpr,movenet,mediapipe,mediapipe,mediapipe,movenet,mediapipe,movenet,mediapipe,mediapipe,mediapipe,mediapipe
336,6.72,-0.1060322547516479,-0.3345925148917533,-0.32540759106554934,0.9992561340332032,0.9999903440475464,0.5253726840019226,0.4924247562885284,-0.0835392996668815,0.9993965029716492,0.9999717473983764,0.10592985063411457,0.022163652181800036,-0.45488512065047276,0.9998669624328612,0.9999685287475586,-0.10592985063411457,-0.022163652181800036,1.5559145154988812,0.9998238682746888,0.9999932050704956,-0.14154060523886622,0.4522683396209146,-3.8827185180861665,0.7359684109687805,0.9997346997261048,-0.28633261669691046,0.36547123708122126,,0.3199642598628998,0.9998120665550232,-0.09811452710881044,0.050745091232274143,,0.525609016418457,0.9999927282333374,-0.09170944993276553,0.0010326708135269913,,0.2516370415687561,0.9999985694885254,0.2601129403931429,1.015933483453179,-3.7685917400305704,0.9999423027038574,0.999980092048645,0.09411736957760275,0.9524467865907034,-3.060588294536563,0.9999670386314392,0.9999953508377076,-0.1719657188449174,1.0975055934998201,-4.433023134633409,0.8738186955451965,0.9999796152114868,-0.3169359698652396,1.0444044196977476,,0.3311638236045837,0.9999895095825196,-0.0736598902220873,1.9229790984089017,-4.36812720539883,0.9127457737922668,0.999890685081482,-0.20871038239007444,1.8204488432323014,,0.5616650581359863,0.9999361038208008,0.5190554158393056,0.875187525382411,-0.1553826481103897,0.8041297793388367,0.99954491853714,0.4967407488456492,0.8533158959594374,-0.0217682980000972,0.6370126605033875,0.99991774559021,0.485530369695807,0.8998034522805761,-0.209032267332077,0.91278076171875,0.999206006526947,0.4633567063225919,0.8732876605862786,-0.0682032257318496,0.6619319319725037,0.999594509601593,False,False,False,False,False,False,False,False,False,False,False,False,False,False,False,False,False,False,mediapipe,mediapipe,mediapipe,mediapipe,mediapipe,movenet,gpr,movenet,mediapipe,mediapipe,mediapipe,movenet,mediapipe,movenet,mediapipe,mediapipe,mediapipe,mediapipe
337,6.74,-0.1074306525562556,-0.3465198535775859,-0.3343427900085479,0.9993204474449158,0.999992609024048,0.5220197439193726,0.491555780172348,-0.0928629413247108,0.999448537826538,0.9999845027923584,0.10304127049623087,0.022329784747727035,-0.4696111127660608,0.9998732805252076,0.999984860420227,-0.10304127049623087,-0.022329784747727035,1.5875415943234572,0.9998342394828796,0.9999933242797852,-0.1433859262725792,0.4556642018998035,-3.9552564697970594,0.7495675683021545,0.999847173690796,-0.28958057397595305,0.3659525013155706,,0.3260366022586822,0.9997377991676332,-0.0934548802806747,0.04972431825491914,,0.5583042502403259,0.9999948740005492,-0.0924013630002528,0.0010240622106523756,,0.2629351615905761,0.9999970197677612,0.2804756904805316,1.0117947348683556,-3.820903848933899,0.9999406933784484,0.9999877214431764,0.11126386377676811,0.9494650953505512,-3.1108729794565364,0.999964952468872,0.9999959468841552,-0.15487363798040213,1.1170661360472676,-4.489817984854652,0.8852576613426208,0.9999879598617554,-0.30132051128154974,1.0509589909191335,,0.3513952195644378,0.9999898672103882,-0.05172808544594398,1.9339581297126116,-4.406313936321687,0.9208901524543762,0.9999169111251832,-0.19011279391730532,1.8158261030208858,,0.5885782837867737,0.9999500513076782,0.5193039647071248,0.877104047017222,-0.1531841158866882,0.8209813833236694,0.9996520280838012,0.4967246902483717,0.8537535133337659,0.0053036790341138,0.6558976769447327,0.9999401569366456,0.4854552685380828,0.899945925999357,-0.2105566412210464,0.9208380579948424,0.9994003772735596,0.4633986781841346,0.8731460703269268,-0.0385105982422828,0.6833707690238953,0.999725878238678,False,False,False,False,False,False,False,False,False,False,False,False,False,False,False,False,False,False,mediapipe,mediapipe,mediapipe,mediapipe,mediapipe,movenet,gpr,movenet,mediapipe,mediapipe,mediapipe,movenet,mediapipe,movenet,mediapipe,mediapipe,mediapipe,mediapipe
338,6.76,-0.11009192898039996,-0.3561540094406702,-0.2983513738974561,0.9993830919265748,0.9999970197677612,0.5186197757720947,0.4905674159526825,-0.0973294004797935,0.9994996786117554,0.9999942779541016,0.0972472448031381,0.02235616704824231,-0.49525705322293595,0.9998828172683716,0.9999943971633912,-0.0972472448031381,-0.02235616704824231,1.6784455688369815,0.999847173690796,0.9999974966049194,-0.15877577652268066,0.45846053782368607,-4.230222210092534,0.7686244249343872,0.9999157190322876,-0.2945767892262866,0.36213578876600827,,0.3319509029388428,0.9998654127120972,-0.09362416175894642,0.04478882888225714,,0.5965991020202637,0.9999977350234984,-0.09051914894354209,-0.008427409813686648,,0.2896583676338196,0.9999990463256836,0.2945213799733343,1.0101399240158022,-4.0509821305772205,0.9999417066574096,0.999992847442627,0.12170129171688324,0.9460703631392002,-3.328881671108279,0.9999644160270692,0.99999737739563,-0.14455372107174314,1.1415995135538495,-4.709359953287071,0.8962540626525879,0.9999938011169434,-0.28917340241353334,1.0635538137396743,,0.3760661780834198,0.9999940395355223,-0.03609859820667723,1.9543805788634931,-4.626321101750172,0.928591787815094,0.9999676942825316,-0.17815103003066632,1.8224115967026226,-3.597455982356711,0.6170949339866638,0.9999775886535645,0.5194672939382802,0.8783807421064067,-0.1517271399497985,0.8377761840820312,0.9998693466186525,0.4967040871726081,0.8540540075532452,0.015453084371984,0.6764519810676575,0.9999746084213256,0.4853662405953275,0.9000072550106739,-0.2085201293230056,0.928498387336731,0.9997898936271667,0.4633936318762945,0.8730149189809767,-0.0270579364150762,0.7063782811164856,0.9998927116394044,False,False,False,False,False,False,False,False,False,False,False,False,False,False,False,False,False,False,mediapipe,mediapipe,mediapipe,mediapipe,mediapipe,movenet,gpr,movenet,mediapipe,mediapipe,mediapipe,movenet,mediapipe,mediapipe,mediapipe,mediapipe,mediapipe,mediapipe
339,6.78,-0.10990955406714006,-0.3705169466163602,-0.3073619558335069,0.9994409680366516,0.9999980926513672,0.516035795211792,0.4887042045593261,-0.1087416112422943,0.9995466470718384,0.9999957084655762,0.0939644400937704,0.024621087922191465,-0.49235463988594586,0.9998914003372192,0.9999943971633912,-0.0939644400937704,-0.024621087922191465,1.6396990352663945,0.999859094619751,0.999997854232788,-0.16152048559761467,0.46632958395929297,-4.203638863648176,0.7865090370178223,0.9999048709869384,-0.29990311435190176,0.35434836178607937,,0.3406687080860138,0.9998821020126344,-0.09496297091681458,0.030349658880433984,-3.61463519457186,0.6307286024093628,0.9999964237213136,-0.0961460191335798,-0.011241792569118158,,0.3165540993213653,0.999998927116394,0.30049160065719965,1.0119267597964765,-3.96012659522524,0.9999424815177916,0.9999918937683104,0.13017913191866654,0.941153556038631,-3.230854133382834,0.9999639391899108,0.9999971389770508,-0.13658130976078717,1.1674935945834535,-4.634189067248191,0.9063504934310912,0.9999929666519164,-0.2713765569618317,1.0827406497094214,,0.4037039279937744,0.9999935626983644,-0.01927013095786515,1.9778188813659403,-4.536612657634026,0.9356114864349364,0.9999639987945556,-0.16393909579913787,1.836793180631791,-3.4431998215300657,0.6463143825531006,0.999975323677063,0.5195616046031885,0.87918482877158,-0.1516823917627334,0.8532251715660095,0.9998526573181152,0.496704285915959,0.8542672202752922,0.0257233753800392,0.6978901028633118,0.9999713897705078,0.485201505583762,0.90009655221637,-0.2124649435281753,0.9354730248451232,0.9997759461402892,0.4633676479885362,0.8729585260500187,-0.0169590078294277,0.7288624048233032,0.9998868703842164,False,False,False,False,False,False,False,False,False,False,False,False,False,False,False,False,False,False,mediapipe,mediapipe,mediapipe,mediapipe,mediapipe,movenet,mediapipe,movenet,mediapipe,mediapipe,mediapipe,movenet,mediapipe,mediapipe,mediapipe,mediapipe,mediapipe,mediapipe
340,6.8,-0.11307521981571594,-0.37545378157725523,-0.29692969546235265,0.9994924068450928,0.99999737739563,0.5129717588424683,0.4864396154880523,-0.1121471375226974,0.9995890855789183,0.9999953508377076,0.09130774209764898,0.024990897337926463,-0.5082042377329065,0.9998997449874878,0.9999958276748656,-0.09130774209764933,-0.024990897337926463,1.6882082855670226,0.9998700618743896,0.9999977350234984,-0.1608466111380219,0.47428416944537766,-4.357008689864353,0.8052899241447449,0.9999227523803712,-0.29479952931293163,0.35662990633240244,,0.3527865707874298,0.9998792409896852,-0.08585847737032075,0.04168064264892654,-3.8234426387480744,0.6648179888725281,0.999997854232788,-0.1096149580780464,-0.00886569920589782,,0.3426164984703064,0.9999988079071044,0.29515658712454845,1.0107058753652105,-4.0490361171060885,0.9999449849128724,0.9999945163726808,0.13046614559234496,0.9434807302061726,-3.317459560108458,0.999964714050293,0.999997615814209,-0.13131360560436275,1.1824634692722458,-4.744455318927202,0.915617287158966,0.9999969005584716,-0.2702931019382089,1.101326775385879,,0.4485537409782409,0.9999966621398926,-0.0045753107638393615,1.9866501791011897,-4.615848392322004,0.9420061707496644,0.9999840259552002,-0.1496102707204279,1.8409482122228074,-3.5182407678030523,0.6783798933029175,0.9999868869781494,0.5195801624884986,0.8797483670683752,-0.1511615961790084,0.8675397038459778,0.999933123588562,0.4967146096946489,0.8544632295072797,0.0282373689115047,0.7231084704399109,0.9999843835830688,0.4849703081282159,0.900296166782337,-0.2117157280445099,0.9418571591377258,0.9998866319656372,0.4632834927602259,0.8729560947640538,-0.016618313267827,0.7534400820732117,0.9999322891235352,False,False,False,False,False,False,False,False,False,False,False,False,False,False,False,False,False,False,mediapipe,mediapipe,mediapipe,mediapipe,mediapipe,movenet,mediapipe,movenet,mediapipe,mediapipe,mediapipe,movenet,mediapipe,mediapipe,mediapipe,mediapipe,mediapipe,mediapipe
341,6.82,-0.12116135131004056,-0.3827030811251899,-0.318324100528552,0.9995413422584534,0.9999983310699464,0.5101727247238159,0.4831360876560211,-0.1252777427434921,0.9996289014816284,0.9999964237213136,0.08726898266609769,0.03204916796561904,-0.5249362446706011,0.9999077320098876,0.999996542930603,-0.08726898266609769,-0.03204916796561904,1.734165518205796,0.9998810291290284,0.9999988079071044,-0.15854585321469644,0.4959636334380128,-4.528807126932491,0.8229499459266663,0.9999032020568848,-0.30599218195675315,0.36467442573466147,,0.3695435225963592,0.999903440475464,-0.07955306683264331,0.05114037238452318,-3.960593851264057,0.6967145800590515,0.9999983310699464,-0.12526632970869603,0.00410011252617223,,0.3817046284675598,0.9999991655349731,0.3194585539790971,1.0141976077188397,-4.1847587513566,0.999946117401123,0.9999911785125732,0.15579396732002732,0.9285157115845576,-3.431179973336663,0.999964952468872,0.9999972581863404,-0.12509251169769914,1.2301010786820876,-4.772722405617277,0.9239462614059448,0.9999920129776,-0.2608155264607155,1.146162644775917,,0.4875922799110412,0.9999934434890748,0.00978253565087677,2.0305590691619653,-4.550477451485883,0.9477613568305968,0.9999661445617676,-0.1374548740119199,1.881585079724839,-3.50352341796413,0.7070591449737549,0.9999790191650392,0.5195860229172087,0.8800648253558699,-0.1178408488631248,0.8803972601890564,0.999869465827942,0.4967225360703647,0.854726893223807,0.0512726418673992,0.7458046674728394,0.9999771118164062,0.4848220608173285,0.9005559128481215,-0.178438127040863,0.947603166103363,0.9998096823692322,0.4631886080706326,0.8730431218525213,0.0112558007240295,0.7755047082901001,0.9998986721038818,False,False,False,False,False,False,False,False,False,False,False,False,False,False,False,False,False,False,mediapipe,mediapipe,mediapipe,mediapipe,mediapipe,movenet,mediapipe,movenet,mediapipe,mediapipe,mediapipe,movenet,mediapipe,mediapipe,mediapipe,mediapipe,mediapipe,mediapipe
342,6.84,-0.11769401982604986,-0.38904759095541386,-0.386074686104687,0.999586284160614,0.9999992847442628,0.5089533925056458,0.4779368042945862,-0.1374280750751495,0.9996652603149414,0.9999983310699464,0.08882427047792983,0.025147997636939454,-0.5297929990223699,0.9999153017997742,0.99999737739563,-0.08882427047792983,-0.025147997636939454,1.7351615541133039,0.9998913407325744,0.9999990463256836,-0.1575003597616284,0.5004195085297206,-4.612907688898602,0.8393725156784058,0.9999473094940186,-0.3058105681511616,0.3733937755180861,,0.392973929643631,0.9999158382415771,-0.08570177106065398,0.05710358448337648,-4.085583056327424,0.7262777090072632,0.9999984502792358,-0.1275985862299712,0.0020340276345453944,,0.4286274015903473,0.9999994039535522,0.33000546950028964,1.016432449550209,-4.204708568181159,0.9999477863311768,0.9999927282333374,0.1668862857776795,0.9208591091824412,-3.438716236909918,0.9999653697013856,0.9999972581863404,-0.12974275161490523,1.2608942918648174,-4.7931255406002355,0.9314735531806946,0.9999932050704956,-0.24918918882415342,1.1919451269814834,,0.5262401700019836,0.9999934434890748,0.025718289895812898,2.073139500206997,-4.6164036579928975,0.9529603123664856,0.9999669790267944,-0.12294199312550658,1.9252214124252625,-3.5430523259313143,0.734041154384613,0.999980092048645,0.5196160774130935,0.8803780930581372,-0.1260421425104141,0.8921323418617249,0.99986469745636,0.4967394735846499,0.8551515557549239,0.0461712703108787,0.7676159739494324,0.9999772310256958,0.4847100160338674,0.9008692630798968,-0.1800821274518966,0.95280522108078,0.9997954964637756,0.4630814044625621,0.8732495489931907,0.0017502200789749,0.7961772680282593,0.9998983144760132,False,False,False,False,False,False,False,False,False,False,False,False,False,False,False,False,False,False,mediapipe,mediapipe,mediapipe,mediapipe,mediapipe,movenet,mediapipe,movenet,mediapipe,mediapipe,mediapipe,movenet,mediapipe,mediapipe,mediapipe,mediapipe,mediapipe,mediapipe
343,6.86,-0.12504825824404503,-0.3935237804348827,-0.3177537315477606,0.9996272921562196,0.9999996423721312,0.5058280229568481,0.4715059399604797,-0.1241888105869293,0.9996984004974364,0.9999990463256836,0.08480185923607665,0.019999363843005782,-0.5627696467615256,0.9999227523803712,0.9999986886978148,-0.08480185923607665,-0.019999363843005782,1.9054462897276676,0.9999012351036072,0.9999996423721312,-0.15511265641823754,0.5023131223893206,-5.061719590708665,0.8544477224349976,0.999944806098938,-0.2979132244947175,0.3788762291179134,,0.4036455750465393,0.9999567270278932,-0.08692939023747452,0.05955770215222575,-4.489244168984882,0.7528045773506165,0.999998927116394,-0.13086489172367335,0.004976571370418051,,0.4705540835857391,0.9999997615814208,0.34756015665292855,1.012734499148899,-4.7071611589444755,0.999950110912323,0.9999947547912598,0.1861781693564304,0.9147310386360765,-3.8893580862424852,0.9999668598175048,0.9999986886978148,-0.13197389638097176,1.3151925350052056,-5.079217245227966,0.9382484555244446,0.9999945163726808,-0.24293830947902306,1.2514116096696923,,0.5613356828689575,0.9999966621398926,0.03703230316250555,2.1300200852404894,-4.9633505235196616,0.9576472043991088,0.9999713897705078,-0.11272925707565125,1.9836029991997903,-3.976570757709821,0.7587406635284424,0.999990463256836,0.5196293346531754,0.8805870576338356,-0.1055228412151336,0.9027528762817384,0.999887228012085,0.4967817357092205,0.855627588597769,0.0516770556569099,0.7883356809616089,0.999988317489624,0.4847383519291612,0.9011906395147476,-0.1653154790401458,0.9574977159500122,0.9998422861099244,0.4630081693887167,0.8735640827036705,0.0113308299332857,0.8151683807373047,0.9999402761459352,False,False,False,False,False,False,False,False,False,False,False,False,False,False,False,False,False,False,mediapipe,mediapipe,mediapipe,mediapipe,mediapipe,movenet,mediapipe,movenet,mediapipe,mediapipe,mediapipe,movenet,mediapipe,mediapipe,mediapipe,mediapipe,mediapipe,mediapipe
344,6.88,-0.1203585884069953,-0.39577390065983076,-0.40136843478470796,0.9996641278266908,0.9999995231628418,0.5043057203292847,0.4649789333343506,-0.1354336440563202,0.9997281432151794,0.9999986886978148,0.0880687814925093,0.011910227529881488,-0.5473391229678563,0.999929130077362,0.9999980926513672,-0.0880687814925093,-0.011910227529881488,1.817890229804339,0.9999096989631652,0.9999992847442628,-0.14998008109578978,0.49605897600019927,-4.808977867261497,0.8679847121238708,0.9999514818191528,-0.29876557053450303,0.365463567015316,,0.4163733124732971,0.9999250173568726,-0.08303272002625453,0.052292776814886706,-4.2390047406664335,0.7768498063087463,0.9999990463256836,-0.12113289047707983,-0.004122996438246666,,0.5074090361595154,0.9999996423721312,0.3531057232036554,1.005698952185625,-4.4481804346540255,0.9999517798423768,0.9999940395355223,0.18696628410150187,0.9200014987997763,-3.6363649369284516,0.9999675750732422,0.9999979734420776,-0.11595438132209203,1.3470522898520976,-4.776578215914118,0.9443082809448242,0.999992847442627,-0.2379235222187374,1.2964967230735678,,0.5882963538169861,0.9999938011169434,0.04975490255627344,2.154030437637015,-4.632651241005707,0.9618614315986632,0.9999713897705078,-0.09922893246674398,2.0098396497948454,-3.626937231508376,0.7806695103645325,0.9999862909317015,0.5196316190810761,0.8808051675627583,-0.0940785631537437,0.9122847318649292,0.999886155128479,0.4968552184410596,0.8562260782802044,0.0670696794986724,0.8063668012619019,0.9999837875366212,0.4847707159313579,0.9014920474210288,-0.1560991406440735,0.9617162942886353,0.9998290538787842,0.4629489905211765,0.8738562142376599,0.0248961560428142,0.8320022821426392,0.99992036819458,False,False,False,False,False,False,False,False,False,False,False,False,False,False,False,False,False,False,mediapipe,mediapipe,mediapipe,mediapipe,mediapipe,movenet,mediapipe,movenet,mediapipe,mediapipe,mediapipe,movenet,mediapipe,mediapipe,mediapipe,mediapipe,mediapipe,mediapipe
345,6.9,-0.1185542840025628,-0.3897974255483339,-0.41449936802433895,0.9996972680091858,0.9999995231628418,0.5021948218345642,0.4574669897556305,-0.1341227889060974,0.9997549653053284,0.9999985694885254,0.09145355124829022,0.010116827469583428,-0.5450038316854211,0.9999348521232604,0.999997854232788,-0.09145355124829022,-0.010116827469583428,1.8099912562818985,0.9999172687530518,0.9999991655349731,-0.1454694302851249,0.495804380353178,-4.762515214763558,0.8800102472305298,0.9999470710754396,-0.3019543933180416,0.3752911539592298,,0.4319152534008026,0.9999222755432128,-0.08180532489025338,0.05668597838619423,-4.179202166242812,0.7983999252319336,0.9999990463256836,-0.124323934855245,-0.0019080869852619775,,0.5392308235168457,0.9999995231628418,0.3574404383868151,1.0074814197936122,-4.421460061233301,0.9999526739120485,0.9999927282333374,0.18370451640112792,0.9179177954102257,-3.6085378242393844,0.9999678134918212,0.999997615814209,-0.11427595774595474,1.3844238109338474,-4.74491046503082,0.9497383236885072,0.9999921321868896,-0.2040771083447497,1.2960944878069258,-3.8687482544161598,0.6128895282745361,0.999992847442627,0.059337401963800676,2.193813833206211,-4.603320141989125,0.9656477570533752,0.9999669790267944,-0.08920702971805607,2.0508292652762883,-3.574957976419099,0.7998045682907104,0.9999843835830688,0.5195860134693862,0.880977450689794,-0.0939573720097541,0.9207981824874878,0.9998654127120972,0.4969402878156643,0.8568129503365742,0.0717039853334426,0.8218470811843872,0.9999818801879884,0.4847572464626164,0.9017325806451034,-0.1567466408014297,0.9655049443244934,0.9997918009757996,0.462928342235673,0.8742320345831941,0.0298500973731279,0.8467786908149719,0.9999110698699952,False,False,False,False,False,False,False,False,False,False,False,False,False,False,False,False,False,False,mediapipe,mediapipe,mediapipe,mediapipe,mediapipe,movenet,mediapipe,movenet,mediapipe,mediapipe,mediapipe,mediapipe,mediapipe,mediapipe,mediapipe,mediapipe,mediapipe,mediapipe
346,6.92,-0.11092435581665835,-0.392815129955704,-0.4766293938484831,0.9997272491455078,0.9999995231628418,0.5019756555557251,0.4509375393390655,-0.1395315378904342,0.999779224395752,0.9999988079071044,0.09374180686553911,0.005853348399049114,-0.5304798990730416,0.9999399781227112,0.999997854232788,-0.09374180686553911,-0.005853348399049114,1.7328173227236567,0.9999241232872008,0.9999992847442628,-0.13909048903498342,0.49223541425684386,-4.521584570641758,0.8902356028556824,0.9999414682388306,-0.29129275386261066,0.37098025345099933,,0.4445993304252624,0.999919295310974,-0.0824765537649827,0.0627759567047989,-3.960829380044699,0.8172735571861267,0.9999988079071044,-0.12114599741629976,-0.02098208114678936,,0.559287965297699,0.9999991655349731,0.35718059677710395,1.0034763736352763,-4.18439490963076,0.9999538660049438,0.9999948740005492,0.17542983412316845,0.9243011365811445,-3.38127347461478,0.9999685883522034,0.9999984502792358,-0.10134123949050554,1.428405476197223,-4.410670106989519,0.954495131969452,0.999991536140442,-0.19466888815467662,1.3404201589075468,-3.618634905027467,0.6309758424758911,0.9999939203262328,0.06694854813333866,2.215869205874074,-4.128090256866354,0.9690023064613342,0.9999611377716064,-0.0800449069950571,2.0766011710712764,-3.213041372432124,0.8144640326499939,0.999987006187439,0.5195094260858225,0.8810205380399767,-0.0536361075937747,0.928043007850647,0.9998552799224854,0.4969845144620877,0.8574849681142905,0.095045231282711,0.8327797055244446,0.999984860420227,0.484757578803666,0.9019085122988798,-0.1134746298193931,0.9688514471054076,0.9997825026512146,0.462948151749054,0.8746701042691056,0.0547934100031852,0.8585039973258972,0.9999194145202636,False,False,False,False,False,False,False,False,False,False,False,False,False,False,False,False,False,False,mediapipe,mediapipe,mediapipe,mediapipe,mediapipe,movenet,mediapipe,movenet,mediapipe,mediapipe,mediapipe,mediapipe,mediapipe,mediapipe,mediapipe,mediapipe,mediapipe,mediapipe
347,6.94,-0.10614502713738462,-0.3841102872069591,-0.5224651423413967,0.9997541308403016,0.9999992847442628,0.5018482804298401,0.4444470405578613,-0.132745549082756,0.9998008608818054,0.999997615814209,0.09678165688261248,0.004966198184522789,-0.5054894444595569,0.9999439120292664,0.9999953508377076,-0.09678165688261248,-0.004966198184522789,1.6455684163936735,0.999929130077362,0.9999979734420776,-0.1376786660757629,0.4866976463355316,-4.261037994831279,0.8987369537353516,0.9999159574508668,-0.28265332581686947,0.37049056605635394,,0.4562863707542419,0.9998538494110109,-0.08063477407117137,0.04532968730319893,-3.770219277711426,0.8341100811958313,0.9999982118606568,-0.11530185677781066,-0.03229545985774691,,0.572358250617981,0.9999983310699464,0.3526953331329548,0.9973106331766709,-3.951497780549266,0.9999539852142334,0.9999924898147584,0.16980245201830305,0.933232312347212,-3.159936121141966,0.9999683499336244,0.9999974966049194,-0.08995538836178703,1.4681381242968727,-4.162347237675204,0.9586142897605896,0.9999889135360718,-0.18606373175668284,1.3831470751646455,-3.381635403766757,0.6433746218681335,0.999990940093994,0.07301761641112882,2.2431106042665454,-3.90602016690486,0.9719732403755188,0.9999585151672364,-0.07278461525600288,2.107314712043717,-2.9843485300811006,0.8263867497444153,0.9999810457229614,0.5195257023220031,0.8809169304398691,-0.0554147399961948,0.93416827917099,0.9998317956924438,0.4969725170474521,0.85810015418313,0.0959201529622078,0.8405164480209351,0.9999773502349854,0.4847697888637768,0.901998503641651,-0.1154180988669395,0.9718111753463744,0.9997124075889589,0.462978504337632,0.8751747911070911,0.0557814091444015,0.8682431578636169,0.999874234199524,False,False,False,False,False,False,False,False,False,False,False,False,False,False,False,False,False,False,mediapipe,mediapipe,mediapipe,mediapipe,mediapipe,movenet,mediapipe,movenet,mediapipe,mediapipe,mediapipe,mediapipe,mediapipe,mediapipe,mediapipe,mediapipe,mediapipe,mediapipe
348,6.96,-0.10836245460755416,-0.3966574875793898,-0.44636024134874563,0.999777853488922,0.9999984502792358,0.5012741684913635,0.4355669915676117,-0.1216045469045639,0.999819815158844,0.9999949932098388,0.09828612263268587,0.0012322012723266556,-0.5037365626292424,0.9999464750289916,0.9999929666519164,-0.09828612263268587,-0.0012322012723270037,1.663677947140601,0.9999327659606934,0.99999737739563,-0.13433468730700787,0.4772023960920152,-4.322766712077037,0.9031981825828552,0.9998767375946044,-0.28842389333856805,0.3680241368538765,,0.4526365399360657,0.9998481273651124,-0.07288394879076522,0.024773278634413975,-3.7839715413834334,0.8458918929100037,0.9999969005584716,-0.11395880880294884,-0.046355611651501344,,0.5661168098449707,0.999997854232788,0.3515421955699613,0.9893999064235629,-4.03315215721823,0.9999533891677856,0.9999918937683104,0.1642562314581665,0.9429437438300112,-3.2367175947318656,0.9999679327011108,0.9999977350234984,-0.0834787877736639,1.5190899297520333,-4.2608876822893915,0.9619339108467102,0.9999849796295166,-0.18321742112247047,1.4355038356829395,-3.462447582418781,0.6400080919265747,0.99998939037323,0.07716460575219054,2.297398070263282,-4.085278454955868,0.9745612740516664,0.9999347925186156,-0.06921473837024258,2.1632977816018686,-3.1020476803165495,0.8313962817192078,0.9999781847000122,0.5195937187243744,0.8806915838957411,-0.0724656730890274,0.9391777515411376,0.999743402004242,0.4969285018655261,0.8585242494280823,0.0887117534875869,0.8427122831344604,0.999974489212036,0.4848404728866136,0.902027667680267,-0.1353557109832763,0.9743764400482178,0.9995961785316468,0.4629043261488013,0.8756310195078127,0.047228168696165,0.8734508156776428,0.9998745918273926,False,False,False,False,False,False,False,False,False,False,False,False,False,False,False,False,False,False,mediapipe,mediapipe,mediapipe,mediapipe,mediapipe,movenet,mediapipe,movenet,mediapipe,mediapipe,mediapipe,mediapipe,mediapipe,mediapipe,mediapipe,mediapipe,mediapipe,mediapipe
349,6.98,-0.10759960613138217,-0.39680056032779715,-0.4742926842232247,0.9997977614402772,0.9999970197677612,0.5012763738632202,0.427045613527298,-0.1253848373889923,0.9998353719711304,0.9999896287918092,0.09872864111438158,0.006089910755813828,-0.49328113585635086,0.9999464154243468,0.9999849796295166,-0.09872864111438158,-0.006089910755813828,1.6165380959300673,0.9999353289604188,0.9999961853027344,-0.1266524444038218,0.47846842411348034,-4.190082017463032,0.8990033864974976,0.9997997879981996,-0.277939931107014,0.36637472138667826,,0.4570912420749664,0.9998366832733154,-0.08025406775350859,0.06578071752103729,-3.6285463481022533,0.848537266254425,0.999992847442627,-0.112796505169358,-0.04981494392553129,,0.5713426470756531,0.9999986886978148,0.34490194043046263,0.9896721807003831,-3.9192704107710985,0.9999516010284424,0.999990701675415,0.154487516129124,0.9469770313865967,-3.12508705360427,0.9999672174453736,0.9999977350234984,-0.07012153578334868,1.5724839601909983,-4.10504876029334,0.9638780355453492,0.9999775886535645,-0.1789624303472357,1.491126535325197,-3.3428594185668103,0.6269932389259338,0.99998939037323,0.080488092071993,2.3526172703797226,-3.907060475189051,0.9767426252365112,0.9999359846115112,-0.0658249731111252,2.2199617105472362,-2.932217529687724,0.833228349685669,0.9999799728393556,0.5196715286283796,0.8806622167289418,-0.061861764639616,0.9427528977394104,0.9997559189796448,0.4968648710589876,0.8587041550027208,0.0987019464373588,0.8423067331314087,0.9999758005142212,0.4849361204878723,0.902176540492578,-0.128169760107994,0.9764987230300904,0.9996095299720764,0.4628273775944355,0.87604937978558,0.0559967868030071,0.8759645223617554,0.9998713731765748,False,False,False,False,False,False,False,False,False,False,False,False,False,False,False,False,False,False,mediapipe,mediapipe,mediapipe,mediapipe,mediapipe,movenet,mediapipe,movenet,mediapipe,mediapipe,mediapipe,mediapipe,mediapipe,mediapipe,mediapipe,mediapipe,mediapipe,mediapipe
350,7.0,-0.10734198834795462,-0.3975287762147058,-0.49315557954021844,0.9998167753219604,0.9999984502792358,0.500874936580658,0.4183694720268249,-0.1238672584295272,0.9998503923416138,0.9999935626983644,0.0973584794902099,0.0077658035379170424,-0.498150701214621,0.9999470114707948,0.999986171722412,-0.09735847949021025,-0.0077658035379170424,1.642651531809231,0.9999383091926576,0.999996781349182,-0.12552922973169878,0.4856241503213726,-4.24867973893534,0.898377001285553,0.9998213648796082,-0.2787719850793588,0.37001319870248345,,0.4649842083454132,0.9998691082000732,-0.0865825455177637,0.08418357014691004,-3.684812839232808,0.8552006483078003,0.9999942779541016,-0.11177776468548382,-0.0475313646475793,,0.5872405171394348,0.9999991655349731,0.33646532521030204,0.9888139202061016,-3.9893569832937037,0.9999491572380066,0.9999887943267822,0.1467383461664292,0.9519370200147315,-3.1948134502478904,0.9999662041664124,0.99999737739563,-0.06507127158842511,1.6296368397815864,-4.173417124612297,0.9655073285102844,0.9999693632125854,-0.17514129002318252,1.547535162718132,-3.4252043412400344,0.6143231391906738,0.9999858140945436,0.08369637916780256,2.4143048245897436,-4.015400756775476,0.9787079691886902,0.9999138116836548,-0.06232918776473479,2.2819879774547376,-3.0547601213632816,0.833605170249939,0.9999747276306152,0.5197246288641919,0.8807245281748581,-0.0685930028557777,0.9462249279022216,0.9996601343154908,0.4967846015255503,0.858793087216804,0.0894778668880462,0.8418552279472351,0.999968409538269,0.484975380705788,0.9023408692477768,-0.1347788274288177,0.9784459471702576,0.9994669556617736,0.4627222602878706,0.8763678508760789,0.0467472784221172,0.8779600858688354,0.9998325109481812,False,False,False,False,False,False,False,False,False,False,False,False,False,False,False,False,False,False,mediapipe,mediapipe,mediapipe,mediapipe,mediapipe,movenet,mediapipe,movenet,mediapipe,mediapipe,mediapipe,mediapipe,mediapipe,mediapipe,mediapipe,mediapipe,mediapipe,mediapipe
351,7.02,-0.10776319684049468,-0.3925863729544151,-0.48820800380601015,0.999833643436432,0.999997854232788,0.5012849569320679,0.4089592695236206,-0.1164190024137497,0.9998639225959778,0.9999929666519164,0.09578489212355604,-0.006265226659309354,-0.5127058190241335,0.9999477863311768,0.9999880790710448,-0.09578489212355638,0.006265226659309354,1.7066095849895857,0.9999402761459352,0.999996304512024,-0.12635838214646522,0.4774573811957812,-4.315387989627109,0.8977277874946594,0.999859094619751,-0.2646192399385202,0.3714602366484283,,0.4668019711971283,0.999869465827942,-0.08962000553596658,0.10055744429636089,-3.7223831111877606,0.857647180557251,0.9999938011169434,-0.11386557194526101,-0.043670465383095464,,0.5867772102355957,0.9999985694885254,0.3138358747455519,0.986774350532944,-4.109900796319568,0.9999499917030334,0.9999936819076538,0.12527983868939738,0.9644246116988721,-3.320384771982841,0.9999668598175048,0.9999983310699464,-0.060983765141727785,1.67309372525848,-4.2852429850953095,0.967516541481018,0.9999804496765136,-0.17390529483742342,1.5924050989344454,-3.541097377201158,0.6114348769187927,0.999990701675415,0.08187515872908112,2.4535894208113347,-4.149632311705317,0.9805392622947692,0.9999200105667114,-0.06206541493690085,2.3227731446976594,-3.189140560955987,0.836451530456543,0.9999781847000122,0.5197175384123578,0.8808541611913779,-0.0713695511221885,0.9494908452033995,0.9996752738952636,0.4967509237202743,0.8588869805102604,0.0881257131695747,0.8437312245368958,0.9999712705612184,0.4849101077148698,0.9024054384453892,-0.1376188844442367,0.9802273511886596,0.9994592070579528,0.4626266133813047,0.8765817230398028,0.0457971319556236,0.881157636642456,0.9998455047607422,False,False,False,False,False,False,False,False,False,False,False,False,False,False,False,False,False,False,mediapipe,mediapipe,mediapipe,mediapipe,mediapipe,movenet,mediapipe,movenet,mediapipe,mediapipe,mediapipe,mediapipe,mediapipe,mediapipe,mediapipe,mediapipe,mediapipe,mediapipe
352,7.04,-0.10755801824679026,-0.3931883663173392,-0.3582701334200231,0.9998441338539124,0.9999890327453612,0.5005285143852234,0.3986941576004028,-0.1027043089270591,0.9998735785484314,0.999980092048645,0.09360981672461004,-0.009044060502474909,-0.5483419739890544,0.9999488592147828,0.9999898672103882,-0.09360981672461038,0.009044060502474563,1.8661396498014535,0.9999396800994872,0.9999935626983644,-0.13036307101791517,0.48263583551989536,-4.67015540285004,0.8989951014518738,0.9998956918716432,-0.2636946368560639,0.3810458114402982,,0.4590755105018616,0.9998552799224854,-0.09232789672716984,0.08902541428147827,-4.063616550699274,0.8587231636047363,0.9999953508377076,-0.11648492713489167,-0.03577153498795171,,0.5617944002151489,0.999996542930603,0.29205838124628175,0.9901362084808709,-4.497494254553939,0.9999523758888244,0.9999964237213136,0.1105938109013069,0.9689123391969914,-3.6986649091737362,0.9999682307243348,0.999998927116394,-0.046579515835282505,1.7278565171748346,-4.644915981038085,0.9696506261825562,0.9999908208847046,-0.17374705464442455,1.654645465568548,-3.9042245620195373,0.6110277771949768,0.9999948740005492,0.08071716059010971,2.5167327562554407,-4.506935068924911,0.9822369813919068,0.999951958656311,-0.06165521532055905,2.3859197275871136,-3.5453113833492083,0.8400004506111145,0.9999858140945436,0.5196394221488149,0.8810814406488348,-0.0675704106688499,0.9522193670272828,0.999798595905304,0.4967389408247188,0.8589443832566431,0.0924499481916427,0.8453909754753113,0.999980926513672,0.4846294386820373,0.9023889164268856,-0.137845754623413,0.9818583130836488,0.9996600151062012,0.462540029923678,0.8767055923288541,0.0476010888814926,0.8853778839111328,0.9998990297317504,False,False,False,False,False,False,False,False,False,False,False,False,False,False,False,False,False,False,mediapipe,mediapipe,mediapipe,mediapipe,mediapipe,movenet,mediapipe,movenet,mediapipe,mediapipe,mediapipe,mediapipe,mediapipe,mediapipe,mediapipe,mediapipe,mediapipe,mediapipe
353,7.06,-0.1059912647923098,-0.38893142377100204,-0.2781833221501617,0.9998436570167542,0.9999710321426392,0.5002022981643677,0.387798547744751,-0.0779986158013343,0.9998773336410522,0.9999607801437378,0.09436719467553478,-0.01141901172257887,-0.5595917765075659,0.9999494552612304,0.9999873638153076,-0.09436719467553478,0.01141901172257887,1.9475280933605148,0.999935269355774,0.99998676776886,-0.1256088539482863,0.4696465143944936,-4.731912770348546,0.9005546569824219,0.9999141693115234,-0.2693315454136905,0.3850278970174418,,0.4459468424320221,0.9998390674591064,-0.09625937857048203,0.09390088620379772,-4.102290091805299,0.8562737107276917,0.9999945163726808,-0.1182194124479954,-0.02992572671750032,,0.5310754776000977,0.9999938011169434,0.2635521963579763,0.9914042865259094,-4.670170852023096,0.9999536871910096,0.9999948740005492,0.08744129954077669,0.9775557348652752,-3.868008997268971,0.9999685883522034,0.9999980926513672,-0.04669978052750073,1.7569904631541853,-4.819503367179404,0.9701049327850342,0.9999855756759644,-0.18916468756373436,1.666014162709199,,0.5904083847999573,0.9999910593032836,0.07843023097097726,2.549442816308525,-4.690943258188497,0.9833121299743652,0.9998968839645386,-0.06073288597467163,2.4214385364355846,-3.7180636444307686,0.8307297825813293,0.999969244003296,0.519517811722968,0.8811528582672994,-0.070695012807846,0.9516462087631226,0.999573528766632,0.4968318400127361,0.8590386330664596,0.0926802903413772,0.8377248048782349,0.9999570846557616,0.4842595557371787,0.9021920628481,-0.1428001224994659,0.9827405214309692,0.9994139671325684,0.4625072955807339,0.8767639062343522,0.0445655137300491,0.8817024827003479,0.999827206134796,False,False,False,False,False,False,False,False,False,False,False,False,False,False,False,False,False,False,mediapipe,mediapipe,mediapipe,mediapipe,mediapipe,movenet,mediapipe,movenet,mediapipe,mediapipe,mediapipe,movenet,mediapipe,mediapipe,mediapipe,mediapipe,mediapipe,mediapipe
354,7.08,-0.10449622650489523,-0.3883149148677149,-0.2725573176808588,0.9998399019241332,0.9999635219573976,0.4999583661556244,0.3787081837654114,-0.0701787546277046,0.9998783469200134,0.9999490976333618,0.09291797260865176,-0.012468252773345944,-0.5680612279009292,0.9999496936798096,0.9999860525131226,-0.09291797260865176,0.012468252773345605,1.9880511510403098,0.9999308586120604,0.9999854564666748,-0.12637447965694434,0.4575718198304291,-4.736847639913642,0.9022126793861388,0.9999064207077026,-0.2555536322370032,0.385399204838027,,0.430911123752594,0.9998401403427124,-0.10612975379561031,0.1041282330947605,-4.0719165536295,0.8534302115440369,0.9999938011169434,-0.11922286330366479,-0.031493200219950945,,0.5063216090202332,0.9999942779541016,0.24657755610600668,0.9905574865934242,-4.735711721489742,0.999954342842102,0.9999939203262328,0.07710606696223316,0.9830759424296599,-3.923025306822639,0.9999685287475586,0.999997854232788,-0.04494017300874528,1.7697214700806723,-4.872315463891432,0.970189332962036,0.999984622001648,-0.175051399886143,1.7077691510743584,,0.5696831345558167,0.999992609024048,0.07751762005913564,2.579419350525655,-4.769915346023178,0.98415869474411,0.9999209642410278,-0.0590439721704301,2.4547651647129323,-3.8187073072495905,0.8271609544754028,0.999972939491272,0.5193914722451533,0.8811239284791057,-0.0747877284884452,0.9502024054527284,0.9996812343597412,0.4970175071612951,0.8592446522834994,0.0855995193123817,0.833287239074707,0.9999607801437378,0.483835800683305,0.9018539930834938,-0.1460303217172622,0.983486533164978,0.9995577931404114,0.4624637054813504,0.8767272698017846,0.0364208631217479,0.8820018172264099,0.9998369216918944,False,False,False,False,False,False,False,False,False,False,False,False,False,False,False,False,False,False,mediapipe,mediapipe,mediapipe,mediapipe,mediapipe,movenet,mediapipe,movenet,mediapipe,mediapipe,mediapipe,movenet,mediapipe,mediapipe,mediapipe,mediapipe,mediapipe,mediapipe
355,7.1,-0.10243729081505161,-0.3856818705835006,-0.27090295879350784,0.9998219013214112,0.9999436140060424,0.5001359581947327,0.370591402053833,-0.0596884414553642,0.9998721480369568,0.999932050704956,0.09347662516312646,-0.014832730525275518,-0.5710110172880584,0.9999489188194276,0.9999827146530152,-0.0934766251631268,0.01483273052527518,2.027592134040166,0.9999222755432128,0.9999752044677734,-0.1277322137571146,0.448113380975755,-4.786599994364272,0.899420440196991,0.9999022483825684,-0.2662054299755161,0.3756504236887043,,0.4150095582008362,0.9997797608375548,-0.11458354712004522,0.11747726000474076,-4.108459574046325,0.8411335945129395,0.9999910593032836,-0.12118103373306599,-0.03617356874197788,,0.4800474643707275,0.9999927282333374,0.23097043481471494,0.989636603997706,-4.847021666591844,0.9999552369117736,0.9999947547912598,0.0652422405466826,0.9883062796456116,-4.0301860663027815,0.9999685287475586,0.999997854232788,-0.0414128601188639,1.7946743014225515,-4.966747447942575,0.9689472913742064,0.999983549118042,-0.15750810413295424,1.7501400614173743,,0.5501614809036255,0.9999921321868896,0.07742678699868136,2.6276672596800164,-4.87394816264734,0.9845923185348512,0.9999232292175292,-0.05791074479645554,2.5047082389648927,-3.935532167508575,0.8218845725059509,0.9999698400497437,0.5192365253166177,0.8809998746796389,-0.0743113830685615,0.9461890459060668,0.9996920824050904,0.4972459669713386,0.8593452697867303,0.0840371176600456,0.8250341415405273,0.9999558925628662,0.4833407156812017,0.9014100385156848,-0.1478431671857834,0.9837697744369508,0.9995469450950624,0.4625402228398768,0.8766771072830098,0.033124566078186,0.8805080056190491,0.9998148083686828,False,False,False,False,False,False,False,False,False,False,False,False,False,False,False,False,False,False,mediapipe,mediapipe,mediapipe,mediapipe,mediapipe,movenet,mediapipe,movenet,mediapipe,mediapipe,mediapipe,movenet,mediapipe,mediapipe,mediapipe,mediapipe,mediapipe,mediapipe
356,7.12,-0.09994650461881892,-0.37838829236403826,-0.35268446135559545,0.9998169541358948,0.999963879585266,0.500387966632843,0.3638688921928406,-0.0612671412527561,0.9998731017112732,0.9999572038650512,0.09019312497289612,-0.008562229274639392,-0.5704080321680403,0.999948501586914,0.9999833106994628,-0.09019312497289646,0.008562229274639392,2.0013971752071704,0.9999136924743652,0.999964952468872,-0.13249706492957414,0.4404477795700316,-4.607781932417927,0.894550085067749,0.999887228012085,-0.255868635321564,0.36497175959227085,,0.3990131318569183,0.999668836593628,-0.11406731673103333,0.15177010621549566,-3.9539377536548614,0.8285969495773315,0.9999890327453612,-0.12026614600559767,-0.03882518437601518,,0.4581671357154846,0.9999890327453612,0.20735885987381952,0.9951228758482306,-4.691075404915479,0.9999565482139589,0.9999957084655762,0.051802995158904235,0.9880148230763799,-3.8724768407680483,0.9999687075614928,0.999997854232788,-0.028785301707114137,1.8034892283504071,-4.8039519279604725,0.9697661399841307,0.999990701675415,-0.14886050955800725,1.756865392048992,,0.5463202595710754,0.9999943971633912,0.0771186527644912,2.629852919943815,-4.698617469807527,0.9856092929840088,0.999964714050293,-0.05507677929331976,2.5111258515999006,-3.602262577781926,0.8269157409667969,0.9999854564666748,0.519112009268542,0.8808040535533369,-0.0726424977183342,0.9459234476089478,0.9998443126678468,0.4974545960104005,0.8595308503070934,0.116513654589653,0.8250559568405151,0.9999779462814332,0.4831205127122531,0.9009925183994256,-0.1499952673912048,0.9847492575645448,0.9997082352638244,0.4627306366161323,0.8766351251891188,0.0595695488154888,0.8849750757217407,0.9998935461044312,False,False,False,False,False,False,False,False,False,False,False,False,False,False,False,False,False,False,mediapipe,mediapipe,mediapipe,mediapipe,mediapipe,movenet,mediapipe,movenet,mediapipe,mediapipe,mediapipe,movenet,mediapipe,mediapipe,mediapipe,mediapipe,mediapipe,mediapipe
357,7.14,-0.09853854074572224,-0.36846901526484876,-0.2743512718066168,0.9998123049736024,0.9999781847000122,0.5010883808135986,0.3564598262310028,-0.0557574145495891,0.9998756647109984,0.9999758005142212,0.08629583113214599,-0.008198941897677807,-0.5975631714165734,0.999949276447296,0.999988317489624,-0.08629583113214599,0.008198941897677807,2.0682301697482304,0.9999063014984132,0.9999715089797974,-0.13525240677583075,0.4277151651507168,-4.606200435919695,0.8956841230392456,0.9999316930770874,-0.260816305265707,0.3465416859893599,,0.3812717497348785,0.999782383441925,-0.12099307488993044,0.19155276445848354,-3.885047966722708,0.8190938830375671,0.9999896287918092,-0.12154097278152555,-0.045254084120181934,,0.4338021874427795,0.9999898672103882,0.1838280799580906,0.9976990110014716,-4.702938753408494,0.9999586939811708,0.999997615814209,0.03378714463407389,0.9904266424786353,-3.880611884746396,0.999969482421875,0.9999985694885254,-0.013589240691823342,1.7927339768224624,-4.799630390631437,0.9714806079864502,0.9999946355819702,-0.1295792577028872,1.7413887421949403,,0.5494376420974731,0.9999971389770508,0.07382324935105165,2.609380820020639,-4.677183465710178,0.9866458177566528,0.9999827146530152,-0.0550840293852763,2.495461348918861,-3.557530568125136,0.8334930539131165,0.9999920129776,0.5191239750746538,0.8805661519646389,-0.0686912015080452,0.9472168684005736,0.9999281167984008,0.4976382632772418,0.8597564994594178,0.1292346566915512,0.8279305696487427,0.9999878406524658,0.4830658378856733,0.9006457064813136,-0.1493640840053558,0.9857850074768066,0.9998658895492554,0.4629602548264691,0.8765787218278406,0.0754986777901649,0.8905834555625916,0.9999457597732544,False,False,False,False,False,False,False,False,False,False,False,False,False,False,False,False,False,False,mediapipe,mediapipe,mediapipe,mediapipe,mediapipe,movenet,mediapipe,movenet,mediapipe,mediapipe,mediapipe,movenet,mediapipe,mediapipe,mediapipe,mediapipe,mediapipe,mediapipe
358,7.16,-0.09626667440919935,-0.34554293417334736,-0.23834717599181973,0.9997826218605042,0.9999459981918336,0.5014467835426331,0.351384550333023,-0.0426624976098537,0.9998695850372314,0.9999526739120485,0.08080932334886029,-0.0073965559816965955,-0.5821742267728416,0.9999481439590454,0.9999840259552002,-0.08080932334886061,0.007396555981696277,2.009036090698331,0.9998852014541626,0.9999409914016724,-0.14268040265826903,0.4063933159143957,-4.3463854107747775,0.8915515542030334,0.999881386756897,-0.2625215183459532,0.3255308821290281,,0.3557675778865814,0.9995525479316713,-0.11696534847493759,0.15861761479931522,-3.644398864740819,0.8003552556037903,0.9999831914901732,-0.1163730348585713,-0.019943873904457926,,0.4021609127521515,0.9999772310256958,0.16567743823575193,0.9970158477434312,-4.495736898711662,0.9999604225158693,0.9999974966049194,0.023370950992381602,0.9940292814613911,-3.681985079138762,0.999969720840454,0.9999983310699464,0.008850486378393915,1.7991515446897954,-4.584103244134165,0.9731560349464417,0.9999938011169434,-0.11073080047594898,1.7194524169934142,,0.543557345867157,0.9999958276748656,0.0727270889567522,2.5966458977607996,-4.466562941979594,0.9876012206077576,0.999977707862854,-0.05434724169945722,2.4867582220799727,-3.207955220069045,0.8380255699157715,0.9999885559082032,0.5192880013605945,0.8803259544161394,-0.0684711635112762,0.9478754997253418,0.9999005794525146,0.4977888694871012,0.8599978831264544,0.1586020439863205,0.8289088010787964,0.9999829530715942,0.4832777209354181,0.9004126935849958,-0.1495116651058197,0.986677348613739,0.9997894167900084,0.4631100844392144,0.8765029883607031,0.1101876646280288,0.8941155076026917,0.9999130964279176,False,False,False,False,False,False,False,False,False,False,False,False,False,False,False,False,False,False,mediapipe,mediapipe,mediapipe,mediapipe,mediapipe,movenet,mediapipe,movenet,mediapipe,mediapipe,mediapipe,movenet,mediapipe,mediapipe,mediapipe,mediapipe,mediapipe,mediapipe
359,7.18,-0.09643326836891357,-0.363582841526151,-0.2886270532350699,0.999726176261902,0.9999334812164308,0.5020248293876648,0.3469074368476867,-0.0332942828536033,0.9998441338539124,0.9999325275421144,0.0809530765867817,-0.013097000781439994,-0.5619809856848131,0.9999432563781738,0.9999696016311646,-0.0809530765867817,0.01309700078143967,1.9960161044597708,0.9998613595962524,0.9999096393585204,-0.15244252908678277,0.4057745815814905,-4.384746808751006,0.8691180348396301,0.99980229139328,-0.2517919642558519,0.31687178156224244,,0.3341396152973175,0.9993966817855836,-0.12138187956617247,0.1534468452182292,-3.695082838458114,0.757085382938385,0.9999616146087646,-0.11507388447062411,-0.006947906180986421,,0.3765581846237182,0.9999781847000122,0.1503232868432549,0.992625244853015,-4.606715561115564,0.999961256980896,0.9999972581863404,0.011333418009410562,1.000830826841614,-3.78421739911336,0.9999694228172302,0.9999982118606568,0.0242377691606514,1.8484859080355431,-4.684409427400438,0.9729291200637816,0.9999916553497314,-0.11034957826715851,1.764927201868887,,0.5288125872612,0.9999953508377076,0.07552417307779488,2.674990041712623,-4.598667169205677,0.988048791885376,0.9999765157699584,-0.05525985281954791,2.5638605292375067,-3.3444911953325094,0.8379923701286316,0.9999887943267822,0.5195007365900323,0.8801612199603266,-0.0718265399336814,0.944039523601532,0.9998979568481444,0.4978656581231764,0.8601865625325895,0.1500661671161651,0.8223282098770142,0.9999827146530152,0.4837977003940056,0.9003283984455477,-0.1527021676301956,0.9869096875190736,0.999743640422821,0.4633051769716758,0.8764031842038351,0.1007052361965179,0.8939671516418457,0.9998992681503296,False,False,False,False,False,False,False,False,False,False,False,False,False,False,False,False,False,False,mediapipe,mediapipe,mediapipe,mediapipe,mediapipe,movenet,mediapipe,movenet,mediapipe,mediapipe,mediapipe,movenet,mediapipe,mediapipe,mediapipe,mediapipe,mediapipe,mediapipe
360,7.2,-0.09228592525148792,-0.3541984830319374,-0.21697509085647723,0.9995998740196228,0.9998701810836792,0.5024572610855103,0.3440543413162231,-0.0192642100155353,0.9997995495796204,0.9999070167541504,0.07866739989966531,-0.01444739384827738,-0.5729447889259274,0.9999384880065918,0.9999675750732422,-0.07866739989966531,0.01444739384827738,2.0539618892222817,0.9998168349266052,0.9998427629470824,-0.16012252817450656,0.39513766578726706,-4.449399801181157,0.8593145608901978,0.999846577644348,-0.23825293276732565,0.3267692363515148,,0.3112758994102478,0.9992901086807252,-0.1267363954996716,0.14983144540246868,-3.7332056322245997,0.7216246128082275,0.9999579191207886,-0.10857680586998406,0.0013560587200086955,,0.346051424741745,0.9999481439590454,0.1347700111157811,0.9899312429938791,-4.716314223014473,0.9999621510505676,0.9999966621398926,0.0005921108256175903,1.0054827731800888,-3.903915422507274,0.9999687671661376,0.9999972581863404,0.04775408281245492,1.857386236294438,-4.8084027965589735,0.973645806312561,0.9999879598617554,-0.09873894051252712,1.802012906931943,,0.5217254161834717,0.9999934434890748,0.07867942873890958,2.6797338520937766,-4.721668954608032,0.9883772730827332,0.9999680519104004,-0.05262038834161922,2.5703167230751296,-3.5330923890019137,0.8401540517807007,0.9999794960021972,0.5197640490698651,0.8800304488285443,-0.0736427158117294,0.9401533603668212,0.9998700618743896,0.497896135061771,0.8604025568439689,0.1370602995157241,0.8186319470405579,0.999968647956848,0.484358100346474,0.9002287872048804,-0.1541725993156433,0.9869283437728882,0.9997125267982484,0.4634415147813051,0.8763055349146572,0.0867063328623771,0.8947882056236267,0.9998389482498168,False,False,False,False,False,False,False,False,False,False,False,False,False,False,False,False,False,False,mediapipe,mediapipe,mediapipe,mediapipe,mediapipe,movenet,mediapipe,movenet,mediapipe,mediapipe,mediapipe,movenet,mediapipe,mediapipe,mediapipe,mediapipe,mediapipe,mediapipe
361,7.22,-0.08999126813018199,-0.34261181366865034,-0.23669454060340175,0.9995371699333192,0.9999221563339232,0.5027815699577332,0.3433496654033661,-0.0153419505804777,0.9997713565826416,0.9999327659606934,0.0774052198921134,-0.010681468405084783,-0.5546262657437823,0.9999324679374696,0.9999645948410034,-0.07740521989211371,0.010681468405084462,1.9857213242559841,0.9997791647911072,0.9998544454574584,-0.16358887609614625,0.3889372141950093,-4.240817160542854,0.8432250022888184,0.9998083710670472,-0.22608839289112506,0.33084281859119874,,0.2911131680011749,0.9993076324462892,-0.1273788151432518,0.1334206754838596,-3.5397514165747994,0.6835588812828064,0.9999483823776244,-0.10379203252313486,0.004949515082466142,,0.3192958831787109,0.999956488609314,0.11749576659297634,0.9926663133084076,-4.529788944551746,0.9999618530273438,0.9999957084655762,-0.010546569012568329,1.004472106815973,-3.7284953640090723,0.9999669194221495,0.999996781349182,0.051044115292702856,1.857722353902174,-4.610534831865133,0.9736608862876892,0.9999854564666748,-0.08594221200604456,1.8064987925993519,,0.5072315335273743,0.9999920129776,0.07949719169233749,2.670793844126114,-4.547617101571661,0.9884535670280457,0.9999536275863647,-0.05185909952156527,2.563734330164499,-3.313449541769034,0.8362874984741211,0.9999749660491944,0.5200622027570554,0.8799385796615854,-0.0743903443217277,0.9351789951324464,0.999803364276886,0.4978800708458419,0.8606614146755014,0.1450994610786438,0.8100864291191101,0.9999610185623168,0.4848539637518929,0.900054945395543,-0.1595219075679779,0.9866777062416076,0.9995903372764589,0.4634811469030269,0.876221377254922,0.0976321473717689,0.8918269872665405,0.9998196959495544,False,False,False,False,False,False,False,False,False,False,False,False,False,False,False,False,False,False,mediapipe,mediapipe,mediapipe,mediapipe,mediapipe,movenet,mediapipe,movenet,mediapipe,mediapipe,mediapipe,movenet,mediapipe,mediapipe,mediapipe,mediapipe,mediapipe,mediapipe
362,7.24,-0.08911109189802474,-0.3394056083594767,-0.2606722326754006,0.9994836449623108,0.9998979568481444,0.5029646754264832,0.3433131873607635,-0.0211478527635335,0.9997450113296508,0.9999077320098876,0.07889101539261173,-0.010862967054947976,-0.5366227480302153,0.9999241828918456,0.9999520778656006,-0.07889101539261205,0.010862967054947976,1.917755316834081,0.9997389912605286,0.9998032450675964,-0.16938066781058797,0.3708002984309621,-4.112689842145184,0.8286453485488892,0.9997873902320862,-0.21695112340141745,0.3269094543151981,,0.2751153409481048,0.99909770488739,-0.12769800121058592,0.11844442019942139,-3.406084526290422,0.6481164693832397,0.9999270439147948,-0.10038156569282111,-0.0037892916469917945,,0.2955316007137298,0.9999256134033204,0.11425903500148624,0.9935032434171086,-4.402107071234458,0.999961793422699,0.9999954700469972,-0.01722949682392461,1.0041416871751752,-3.6051607422457557,0.9999659657478333,0.999996781349182,0.0505060413579169,1.8595577182183676,-4.442494670154622,0.972871482372284,0.9999785423278807,-0.07431438713464071,1.8225698624339635,,0.509498655796051,0.9999908208847046,0.08119392310691444,2.684842436103848,-4.37070447677097,0.9880759119987488,0.9999312162399292,-0.0517790843309783,2.5792423855926647,-3.272378971190957,0.838865339756012,0.9999691247940063,0.5203794616085667,0.8798905511002443,-0.0663844272494316,0.9261504411697388,0.9997296929359436,0.4978172360183476,0.860978684642098,0.1302860826253891,0.8073611855506897,0.9999499320983888,0.4851803335693333,0.899747958550086,-0.1482525020837783,0.9856886863708496,0.9993975162506104,0.4633861223717667,0.876162047986384,0.0860177129507064,0.8925612568855286,0.9997236132621764,False,False,False,False,False,False,False,False,False,False,False,False,False,False,False,False,False,False,mediapipe,mediapipe,mediapipe,mediapipe,mediapipe,movenet,mediapipe,movenet,mediapipe,mediapipe,mediapipe,movenet,mediapipe,mediapipe,mediapipe,mediapipe,mediapipe,mediapipe
363,7.26,-0.08775627803477223,-0.3350075175887012,-0.20066812840561607,0.9994099736213684,0.9998619556427002,0.503082275390625,0.3408914804458618,-0.0226558707654476,0.9997255206108092,0.999904990196228,0.07799301064596836,-0.012928310703744747,-0.5464005665131866,0.9999207854270936,0.9999645948410034,-0.07799301064596836,0.01292831070374443,1.921443611782227,0.99969881772995,0.999790608882904,-0.16550285760127295,0.3727365840316405,-4.060029909812443,0.8255188465118408,0.9998458623886108,-0.23581558044255607,0.3174340761147278,,0.2622632682323456,0.9992050528526306,-0.14556841341682383,0.17263165332222305,-3.3433067364231923,0.630363404750824,0.9999533891677856,-0.09606985711050846,-0.005623962872360594,,0.2775205671787262,0.9999487400054932,0.10769231193607576,0.9942580370619963,-4.319338566676669,0.9999616742134094,0.999995231628418,-0.020199894594071253,1.0038273156964024,-3.5359785566934914,0.9999642968177797,0.9999959468841552,0.052592989000227686,1.8436956997149383,-4.339110170565774,0.9729141592979432,0.9999818801879884,-0.07495787581246144,1.792209568014658,,0.5036898851394653,0.9999899864196776,0.0799741549697686,2.6536615917708715,-4.2424773514132905,0.9881654977798462,0.999946355819702,-0.05169230553377896,2.5522877585452317,-3.149175312104664,0.8374052047729492,0.9999712705612184,0.5207000895813629,0.8798913017853155,-0.0579265989363193,0.9225740432739258,0.9997883439064026,0.4977074011222464,0.8613699153586699,0.1406534314155578,0.8032395839691162,0.9999560117721558,0.4852322527578663,0.8992489122010603,-0.1363802254199981,0.985471785068512,0.9995446801185608,0.4631184902224501,0.8761388838707981,0.0970821157097816,0.8915948271751404,0.9997894167900084,False,False,False,False,False,False,False,False,False,False,False,False,False,False,False,False,False,False,mediapipe,mediapipe,mediapipe,mediapipe,mediapipe,movenet,mediapipe,movenet,mediapipe,mediapipe,mediapipe,movenet,mediapipe,mediapipe,mediapipe,mediapipe,mediapipe,mediapipe
