molab_frame,molab_time,video_frame,video_time,l_toe_x,l_toe_y,l_ankle_x,l_ankle_y,l_knee_x,l_knee_y,l_hip_x,l_hip_y,r_toe_x,r_toe_y,r_ankle_x,r_ankle_y,r_knee_x,r_knee_y,r_hip_x,r_hip_y
0,0.0,71,1.42,-0.131411532,0.18656634360000002,-0.0,0.0,-0.19433567999999998,0.37201836,-0.08742396431999996,-0.013625828159999964,-0.1336367788,0.19440320760000002,-0.0,0.0,-0.17480484,0.38189004,-0.05694317999999997,-0.01349765759999999
1,0.01,71,1.42,-0.131411532,0.18656634360000002,-0.0,0.0,-0.19514879999999996,0.371616,-0.08726407199999991,-0.013851657119999972,-0.1335354566,0.19440320760000002,-0.0,0.0,-0.17708543999999998,0.38080896000000003,-0.05859211679999997,-0.013908588959999968
2,0.02,72,1.44,-0.13124202140000002,0.18677859200000002,-0.0,0.0,-0.1949472,0.371616,-0.08706247199999995,-0.013851657119999972,-0.1329918702,0.19482674400000002,-0.0,0.0,-0.17708543999999998,0.38080896000000003,-0.05975839295999996,-0.014085119999999896
3,0.03,72,1.44,-0.131411532,0.18656634360000002,-0.0,0.0,-0.19433567999999998,0.37201836,-0.08706671903999995,-0.013449297119999981,-0.1336367788,0.19440320760000002,-0.0,0.0,-0.17708543999999998,0.38080896000000003,-0.05859211679999997,-0.013908588959999968
4,0.04,73,1.46,-0.131666038,0.18635601599999999,-0.0,0.0,-0.19514879999999996,0.371616,-0.08787983903999992,-0.013851657119999972,-0.13309415279999998,0.19460585200000002,-0.0,0.0,-0.17708543999999998,0.38080896000000003,-0.05859211679999997,-0.013908588959999968
5,0.05,73,1.46,-0.131411532,0.18656634360000002,-0.0,0.0,-0.19433567999999998,0.37201836,-0.08706671903999995,-0.013449297119999981,-0.13309415279999998,0.19482674400000002,-0.0,0.0,-0.1764462,0.381171,-0.05777467247999998,-0.013546548960000016
6,0.06,74,1.48,-0.131411532,0.18677859200000002,-0.0,0.0,-0.19433567999999998,0.37201836,-0.08706671903999995,-0.013449297119999981,-0.1335354566,0.19440320760000002,-0.0,0.0,-0.17708543999999998,0.38080896000000003,-0.05859211679999997,-0.013908588959999968
7,0.07,74,1.48,-0.1318355486,0.18635601599999999,-0.0,0.0,-0.19433567999999998,0.37201836,-0.08706671903999995,-0.013449297119999981,-0.13309415279999998,0.19482674400000002,-0.0,0.0,-0.1764462,0.381171,-0.05795287679999998,-0.013546548960000016
8,0.08,75,1.5,-0.1318355486,0.18635601599999999,-0.0,0.0,-0.19433567999999998,0.37201836,-0.08706671903999995,-0.013449297119999981,-0.13309415279999998,0.19482674400000002,-0.0,0.0,-0.17708543999999998,0.38080896000000003,-0.05859211679999997,-0.013908588959999968
9,0.09,75,1.5,-0.131411532,0.18677859200000002,-0.0,0.0,-0.19433567999999998,0.37201836,-0.08706671903999995,-0.013449297119999981,-0.133195475,0.19482674400000002,-0.0,0.0,-0.17562551999999998,0.38153136,-0.057132196799999965,-0.013186188960000012
10,0.1,76,1.52,-0.13191430140000002,0.18669551740000004,-0.0,0.0,-0.19426679999999996,0.37201752000000005,-0.08536722767999995,-0.012763255679999919,-0.1338735174,0.19403105260000003,-0.0,0.0,-0.17398416,0.38224704,-0.05764518479999997,-0.013406709119999971
11,0.11,76,1.52,-0.1327613742,0.1860616534,-0.0,0.0,-0.19270943999999998,0.37281803999999996,-0.08253148175999994,-0.011781184799999955,-0.133195475,0.19482674400000002,-0.0,0.0,-0.17562551999999998,0.38153136,-0.05767684943999997,-0.013370249760000008
12,0.12,77,1.54,-0.1320040988,0.18635601599999999,-0.0,0.0,-0.1949472,0.371616,-0.08415347471999994,-0.012675341279999974,-0.13397579999999998,0.1941996028,-0.0,0.0,-0.17561795999999996,0.38153052,-0.058111035359999924,-0.01345308047999999
13,0.13,77,1.54,-0.13132269500000002,0.1871176132,-0.0,0.0,-0.19270943999999998,0.37281803999999996,-0.08288370719999995,-0.011654015520000005,-0.1329918702,0.19487812540000002,-0.0,0.0,-0.17562551999999998,0.38153136,-0.05614747151999992,-0.012516040319999977
14,0.14,78,1.56,-0.1318355486,0.18635601599999999,-0.0,0.0,-0.1949472,0.371616,-0.08446052159999994,-0.012828446399999971,-0.1340771222,0.1941996028,-0.0,0.0,-0.17398416,0.38224704,-0.055852265279999994,-0.012652896480000009
15,0.15,78,1.56,-0.1306465734,0.187073915,-0.0,0.0,-0.19270943999999998,0.37281803999999996,-0.08319075407999996,-0.011807120640000002,-0.13309415279999998,0.19460585200000002,-0.0,0.0,-0.1764462,0.381171,-0.05696815151999994,-0.013368344639999974
16,0.16,79,1.58,-0.1315800822,0.18669455700000004,-0.0,0.0,-0.19433567999999998,0.37201836,-0.08450994719999995,-0.012938110079999954,-0.1320031384,0.195503826,-0.0,0.0,-0.17790527999999997,0.38044524,-0.06022015103999995,-0.014448839999999907
17,0.17,79,1.58,-0.131495567,0.1864414916,-0.0,0.0,-0.1949472,0.371616,-0.08609113295999997,-0.013367242559999992,-0.1327532108,0.19502890820000002,-0.0,0.0,-0.1764462,0.381171,-0.05696815151999994,-0.01296592080000003
18,0.18,80,1.6,-0.13115510519999998,0.1869044044,-0.0,0.0,-0.19514879999999996,0.371616,-0.08690849999999994,-0.013188201600000005,-0.13343317400000002,0.19445458900000004,-0.0,0.0,-0.1770888,0.38080812,-0.05958187535999995,-0.014085959999999897
19,0.19,80,1.6,-0.13106338700000003,0.187244386,-0.0,0.0,-0.19270943999999998,0.37281803999999996,-0.08385337295999996,-0.012318307680000029,-0.1326518886,0.19502890820000002,-0.0,0.0,-0.17562551999999998,0.38153136,-0.056953992479999965,-0.013678969920000006
20,0.2,81,1.62,-0.13115510519999998,0.1869044044,-0.0,0.0,-0.19514879999999996,0.371616,-0.0846621215999999,-0.012674504639999917,-0.13343317400000002,0.19445458900000004,-0.0,0.0,-0.17708796,0.38080812,-0.05877451439999999,-0.013999786079999965
21,0.21,81,1.62,-0.13191430140000002,0.18669551740000004,-0.0,0.0,-0.19345368,0.37241820000000003,-0.08332257359999995,-0.01238683823999992,-0.1342096574,0.1938793094,-0.0,0.0,-0.17480819999999997,0.38188920000000004,-0.05587480415999993,-0.012434291519999918
22,0.22,82,1.64,-0.13072916780000002,0.18732650020000002,-0.0,0.0,-0.19270943999999998,0.37281803999999996,-0.08385337295999996,-0.012165202560000032,-0.13343317400000002,0.19445458900000004,-0.0,0.0,-0.1764462,0.381171,-0.05696815151999994,-0.013457865120000023
23,0.23,82,1.64,-0.1318355486,0.18635601599999999,-0.0,0.0,-0.19433567999999998,0.37201836,-0.08512571423999996,-0.012606800639999971,-0.1340771222,0.1941996028,-0.0,0.0,-0.17398752,0.38224620000000004,-0.056660472959999986,-0.012738237119999885
24,0.24,83,1.66,-0.131495567,0.18622972340000002,-0.0,0.0,-0.19582499999999997,0.37121112,-0.08824731887999993,-0.01410259535999997,-0.133195475,0.19482674400000002,-0.0,0.0,-0.17644955999999998,0.38117016,-0.05751616415999994,-0.013153331519999978
25,0.25,83,1.66,-0.1315800822,0.18677859200000002,-0.0,0.0,-0.19352255999999998,0.37241904000000003,-0.08559265343999999,-0.012540776639999973,-0.13343317400000002,0.19445458900000004,-0.0,0.0,-0.17480903999999997,0.38188920000000004,-0.057663543839999956,-0.013187267519999935
26,0.26,84,1.68,-0.13268070059999998,0.18572167180000002,-0.0,0.0,-0.19433567999999998,0.37201836,-0.08481699407999996,-0.012606800639999971,-0.13244636299999998,0.19508076980000003,-0.0,0.0,-0.1764462,0.381171,-0.058761071039999974,-0.013723079999999943
27,0.27,84,1.68,-0.1315800822,0.18677859200000002,-0.0,0.0,-0.19264056,0.3728172,-0.08506287887999994,-0.01249651535999996,-0.1327532108,0.19502890820000002,-0.0,0.0,-0.17398416,0.38224704,-0.05827684799999995,-0.013401689279999962
28,0.28,85,1.7,-0.1314893244,0.1870350188,-0.0,0.0,-0.19128059999999997,0.373611,-0.08498465135999995,-0.01203318815999993,-0.1335354566,0.19445410880000003,-0.0,0.0,-0.17562551999999998,0.38153136,-0.05939363471999995,-0.014033705279999975
29,0.29,85,1.7,-0.13072916780000002,0.18732650020000002,-0.0,0.0,-0.19352255999999998,0.37241904000000003,-0.08661084431999996,-0.012918937919999929,-0.1337702744,0.194303326,-0.0,0.0,-0.17398416,0.38224704,-0.05612249999999998,-0.012559192799999952
30,0.3,86,1.72,-0.13072916780000002,0.18732650020000002,-0.0,0.0,-0.19352255999999998,0.37241904000000003,-0.08661084431999996,-0.012918937919999929,-0.1337702744,0.194303326,-0.0,0.0,-0.17398416,0.38224704,-0.05612249999999998,-0.012559192799999952
31,0.31,86,1.72,-0.13072916780000002,0.18732650020000002,-0.0,0.0,-0.19352255999999998,0.37241904000000003,-0.08661084431999996,-0.012918937919999929,-0.1337702744,0.19408339440000003,-0.0,0.0,-0.17316347999999998,0.38260236000000003,-0.05530181999999996,-0.012203872799999904
32,0.32,87,1.74,-0.13072916780000002,0.18732650020000002,-0.0,0.0,-0.19270943999999998,0.37281803999999996,-0.08579772431999996,-0.012519937920000002,-0.1337702744,0.19408339440000003,-0.0,0.0,-0.17316347999999998,0.38260236000000003,-0.05547835103999996,-0.012203036159999903
33,0.33,87,1.74,-0.13072916780000002,0.18732650020000002,-0.0,0.0,-0.19352255999999998,0.37241904000000003,-0.08661084431999996,-0.012918937919999929,-0.1337702744,0.19403153280000002,-0.0,0.0,-0.17316347999999998,0.38260236000000003,-0.05547835103999996,-0.012291719999999895
34,0.34,88,1.76,-0.13072916780000002,0.18732650020000002,-0.0,0.0,-0.19352255999999998,0.37241904000000003,-0.08691789119999996,-0.013071206399999868,-0.1337702744,0.19403153280000002,-0.0,0.0,-0.17316347999999998,0.38260236000000003,-0.05547835103999996,-0.012291719999999895
35,0.35,88,1.76,-0.13115510519999998,0.1869044044,-0.0,0.0,-0.19352255999999998,0.37241904000000003,-0.08691789119999996,-0.013071206399999868,-0.1338735174,0.19403105260000003,-0.0,0.0,-0.17316347999999998,0.38260236000000003,-0.05547835103999996,-0.012291719999999895
36,0.36,89,1.78,-0.13132269500000002,0.1869048846,-0.0,0.0,-0.19352255999999998,0.37241904000000003,-0.08691789119999996,-0.013071206399999868,-0.13343317400000002,0.19445458900000004,-0.0,0.0,-0.17398416,0.38224704,-0.056299031039999975,-0.012647039999999943
37,0.37,89,1.78,-0.13132269500000002,0.1869048846,-0.0,0.0,-0.19352255999999998,0.37241904000000003,-0.08594487887999994,-0.01289467535999994,-0.13343317400000002,0.19445458900000004,-0.0,0.0,-0.17398416,0.38224704,-0.056299031039999975,-0.012647039999999943
38,0.38,90,1.8,-0.13115510519999998,0.1869044044,-0.0,0.0,-0.19352255999999998,0.37241904000000003,-0.08594487887999994,-0.01289467535999994,-0.13343317400000002,0.19445458900000004,-0.0,0.0,-0.17398416,0.38224704,-0.056299031039999975,-0.012647039999999943
39,0.39,90,1.8,-0.13115510519999998,0.1869044044,-0.0,0.0,-0.19352255999999998,0.37241904000000003,-0.08594487887999994,-0.01289467535999994,-0.13343317400000002,0.19445458900000004,-0.0,0.0,-0.17398416,0.38224704,-0.05647723535999996,-0.012647039999999943
40,0.4,91,1.82,-0.13115510519999998,0.1869044044,-0.0,0.0,-0.19352255999999998,0.37241904000000003,-0.08594487887999994,-0.01289467535999994,-0.13343317400000002,0.19445458900000004,-0.0,0.0,-0.17398416,0.38224704,-0.05647723535999996,-0.012647039999999943
41,0.41,91,1.82,-0.24009759900000002,-0.0009604,-0.0,0.0,-0.0,0.42,0.41831247024,0.42250992,-0.24009759900000002,-0.0009604,-0.0,0.0,-0.00336,0.41998655999999995,0.41495330688,0.42165983999999995
42,0.42,92,1.84,-0.24009519800000004,-0.0014406,-0.0,0.0,-0.0,0.42,0.41831247024,0.42250992,-0.24009759900000002,-0.0009604,-0.0,0.0,-0.00336,0.41998655999999995,0.41495330688,0.42165983999999995
43,0.43,92,1.84,-0.24009519800000004,-0.0014406,-0.0,0.0,-0.00168,0.41999664,0.41663247024,0.42250656,-0.24009759900000002,-0.0009604,-0.0,0.0,-0.00336,0.41998655999999995,0.41494912368000003,0.42165983999999995
44,0.44,93,1.86,-0.24009759900000002,-0.0009604,-0.0,0.0,-0.00168,0.41999664,0.41663247024,0.42250656,-0.24009759900000002,-0.0009604,-0.0,0.0,-0.00336,0.41998655999999995,0.41495330688,0.42165983999999995
45,0.45,93,1.86,-0.24009759900000002,-0.0009604,-0.0,0.0,-0.00168,0.41999664,0.41662661375999993,0.4233432,-0.24009759900000002,-0.0009604,-0.0,0.0,-0.00336,0.41998655999999995,0.41495330688,0.42165983999999995
46,0.46,94,1.88,-0.24009759900000002,-0.0009604,-0.0,0.0,-0.00084,0.41999916,0.41747247024,0.42250908,-0.24009903960000004,-0.0004802,-0.0,0.0,-0.00336,0.41998655999999995,0.4149558168,0.42165983999999995
47,0.47,94,1.88,-0.2400980792,-0.0009604,-0.0,0.0,-0.00084,0.41999916,0.41746912368,0.42250908,-0.24009903960000004,-0.0004802,-0.0,0.0,-0.00336,0.41998655999999995,0.4149558168,0.42165983999999995
48,0.48,95,1.9,-0.24009903960000004,0.0004802,-0.0,0.0,-0.00084,0.41999916,0.41746912368,0.42250908,-0.24009903960000004,-0.0004802,-0.0,0.0,-0.00336,0.41998655999999995,0.41495665344,0.42165983999999995
49,0.49,95,1.9,-0.24009903960000004,0.0004802,-0.0,0.0,-0.00084,0.41999916,0.41746912368,0.42250908,-0.24009903960000004,-0.0004802,-0.0,0.0,-0.00336,0.41998655999999995,0.41495665344,0.42165983999999995
50,0.5,96,1.92,-0.24009903960000004,0.0004802,-0.0,0.0,-0.00084,0.41999916,0.41747330687999995,0.42167244,-0.24009951980000002,-0.0004802,-0.0,0.0,-0.00252,0.41999244,0.41579581679999994,0.42166572
51,0.51,96,1.92,-0.24009759900000002,-0.0009604,-0.0,0.0,0.00168,0.41999664,0.4199916336,0.41916,-0.2400961584,0.0009604,-0.0,0.0,-0.00084,0.41999916,0.41747916335999996,0.41916252
52,0.52,97,1.94,-0.240087995,-0.002401,-0.0,0.0,-0.00084,0.41999916,0.417459084,0.4166526,-0.24009951980000002,-0.0004802,-0.0,0.0,-0.00168,0.41999664,0.41663247024,0.41999664
53,0.53,97,1.94,-0.2400980792,-0.0009604,-0.0,0.0,-0.00084,0.41999916,0.41747581679999995,0.41832588,-0.24009519800000004,-0.0004802,-0.0,0.0,-0.00168,0.41999664,0.41663581679999995,0.41832336
54,0.54,98,1.96,-0.24009951980000002,0.0004802,-0.0,0.0,0.00084,0.41999916,0.419139084,0.41581596,-0.2401,0.0,-0.0,0.0,0.00084,0.41999916,0.419139084,0.41748924
55,0.55,98,1.96,-0.2400980792,0.0,-0.0,0.0,-0.0,0.42,0.41831581679999996,0.41832672,-0.24009519800000004,-0.0004802,-0.0,0.0,-0.00084,0.41999916,0.4174716336,0.41748924
56,0.56,99,1.98,-0.24009951980000002,0.0,-0.0,0.0,-0.00084,0.41999916,0.4174716336,0.4208358,-0.2401,0.0,-0.0,0.0,-0.00252,0.41999244,0.41579916335999995,0.41999244
57,0.57,99,1.98,-0.24009567820000002,-0.0014406,-0.0,0.0,0.00084,0.41999916,0.41913155424,0.42250908,-0.2400961584,0.0009604,-0.0,0.0,-0.0,0.42,0.41830661375999995,0.42
58,0.58,100,2.0,-0.2401,0.0,-0.0,0.0,-0.00084336,0.41999832000000004,0.41746911024,0.41999832000000004,-0.24009567820000002,0.0,-0.0,0.0,-0.00252,0.41999244,0.41577155423999995,0.41748252
59,0.59,100,2.0,-0.2400961584,0.0009604,-0.0,0.0,-0.0016850399999999998,0.41999580000000003,0.41661990047999997,0.41748588000000003,-0.24009759900000002,-0.0009604,-0.0,0.0,-0.00084,0.41999916,0.417459084,0.4199949768
60,0.6,101,2.02,-0.24009183660000002,0.0019208,-0.0,0.0,-0.00084336,0.41999832000000004,0.41747329343999995,0.41999832000000004,-0.24009951980000002,0.0004802,-0.0,0.0,-0.00336,0.41998655999999995,0.41491147488,0.42249062351999994
61,0.61,101,2.02,-0.24009951980000002,0.0004802,-0.0,0.0,-8.399999999999999e-07,0.41999916,0.41829489744,0.42167244,-0.2400980792,-0.0009604,-0.0,0.0,-0.00084,0.41999916,0.417459084,0.4199949768
62,0.62,102,2.04,-0.24009759900000002,-0.0004802,-0.0,0.0,-0.00252084,0.4199916,0.41578828368,0.42250152,-0.24009951980000002,0.0,-0.0,0.0,0.00084,0.41999916,0.41915665343999997,0.41999748672
63,0.63,102,2.04,-0.24009951980000002,0.0,-0.0,0.0,-0.0,0.42,0.41831832672,0.42083664,-0.24009567820000002,0.0014406,-0.0,0.0,0.00084,0.41999916,0.41915665343999997,0.42167244
64,0.64,103,2.06,-0.24009519800000004,0.0014406,-0.0,0.0,-0.00168,0.41999664,0.41663330687999994,0.42166992,-0.2401,0.0,-0.0,0.0,-0.00168,0.41999664,0.41663916335999995,0.41999747664
65,0.65,103,2.06,-0.2401,0.0,-0.0,0.0,-0.00084,0.41999916,0.4174716336,0.42250908,-0.2400961584,-0.0009604,-0.0,0.0,-0.00252,0.41999244,0.41579581679999994,0.41915412672
66,0.66,104,2.08,-0.24009519800000004,-0.0014406,-0.0,0.0,-0.00252,0.41999244,0.41578912368,0.42250236,-0.24009759900000002,0.0004802,-0.0,0.0,-0.00084,0.41999916,0.41747581679999995,0.42167160336
67,0.67,104,2.08,-0.24009951980000002,0.0,-0.0,0.0,-0.00084,0.41999916,0.41747581679999995,0.42167244,-0.2400961584,-0.0009604,-0.0,0.0,-0.00336,0.41998655999999995,0.414939084,0.42333311999999995
68,0.68,105,2.1,-0.24009519800000004,-0.0014406,-0.0,0.0,0.00084,0.41999916,0.41915832672000003,0.41916252,-0.24009903960000004,0.0004802,-0.0,0.0,-0.00084,0.41999916,0.41746577712,0.4208358
69,0.69,105,2.1,-0.2400980792,0.0,-0.0,0.0,-0.00084,0.41999916,0.41747330687999995,0.42167244,-0.2400923168,0.0,-0.0,0.0,-0.00336,0.41998655999999995,0.414939084,0.42333311999999995
70,0.7,106,2.12,-0.24009903960000004,0.0004802,-0.0,0.0,0.00168,0.41999664,0.42,0.41999664,-0.24009951980000002,0.0,-0.0,0.0,-0.00084,0.41999916,0.41745824736,0.42418236
71,0.71,106,2.12,-0.24009951980000002,0.0,-0.0,0.0,0.0008408399999999999,0.41999832000000004,0.41916084,0.41999832000000004,-0.24009951980000002,0.0,-0.0,0.0,-0.00084,0.41999916,0.41745824736,0.42418236
72,0.72,107,2.14,-0.2401,0.0,-0.0,0.0,0.0008408399999999999,0.41999832000000004,0.41916084,0.41999832000000004,-0.24009951980000002,0.0,-0.0,0.0,-0.00084,0.41999916,0.41745824736,0.42418236
73,0.73,107,2.14,-0.2401,0.0,-0.0,0.0,0.0008408399999999999,0.41999832000000004,0.41915916672000003,0.42083496000000004,-0.24009951980000002,0.0,-0.0,0.0,-0.00084,0.41999916,0.41745824736,0.42418236
74,0.74,108,2.16,-0.24009951980000002,0.0004802,-0.0,0.0,0.0008408399999999999,0.41999832000000004,0.41916000336,0.42083496000000004,-0.24009951980000002,0.0,-0.0,0.0,-0.00084,0.41999916,0.41746661375999994,0.42334572
75,0.75,108,2.16,-0.24009951980000002,0.0,-0.0,0.0,0.0008408399999999999,0.41999832000000004,0.41916000336,0.42083496000000004,-0.2400980792,0.0,-0.0,0.0,-0.00084,0.41999916,0.41746661375999994,0.42334572
76,0.76,109,2.18,-0.24009903960000004,0.0004802,-0.0,0.0,-0.0,0.41999916,0.41831916335999997,0.4208358,-0.2400980792,0.0,-0.0,0.0,-0.00084,0.41999916,0.41746661375999994,0.42334572
77,0.77,109,2.18,-0.24009951980000002,0.0,-0.0,0.0,-0.0,0.41999916,0.41831916335999997,0.4208358,-0.24009759900000002,0.0004802,-0.0,0.0,-0.00084,0.41999916,0.41746661375999994,0.42334572
78,0.78,110,2.2,-0.24009951980000002,0.0,-0.0,0.0,-0.0,0.41999916,0.41831916335999997,0.4208358,-0.24009759900000002,0.0004802,-0.0,0.0,-0.00084,0.41999916,0.41747247024,0.42250908
79,0.79,110,2.2,-0.24009951980000002,0.0,-0.0,0.0,-0.0,0.42,0.41831916335999997,0.42083664,-0.24009567820000002,0.0,-0.0,0.0,-0.00084,0.41999916,0.4174716336,0.42250908
80,0.8,111,2.22,-0.24009951980000002,0.0,-0.0,0.0,-0.0,0.42,0.41831832672,0.42083664,-0.24009567820000002,0.0,-0.0,0.0,-0.00084,0.41999916,0.41747247024,0.42250908
81,0.81,111,2.22,-0.2401,0.0,-0.0,0.0,-0.0,0.42,0.41831916335999997,0.42083664,-0.24009567820000002,0.0,-0.0,0.0,-0.00084,0.41999916,0.41747247024,0.42250908
82,0.82,112,2.24,-0.2401,0.0,-0.0,0.0,-0.0,0.42,0.41831916335999997,0.42083664,-0.24009567820000002,0.0,-0.0,0.0,-0.00084,0.41999916,0.4174716336,0.42250908
83,0.83,112,2.24,-0.2401,0.0,-0.0,0.0,-8.399999999999999e-07,0.41999916,0.41831832335999997,0.4208358,-0.2400980792,0.0,-0.0,0.0,-0.00084,0.41999916,0.4174716336,0.42250908
84,0.84,113,2.26,-0.2401,0.0,-0.0,0.0,0.00083916,0.41999832000000004,0.41915581343999997,0.42167160000000004,-0.2400980792,9.604e-07,-0.0,0.0,-0.0008425199999999999,0.41999832000000004,0.4174691136,0.42250824000000003
85,0.85,113,2.26,-0.2401,0.0,-0.0,0.0,-8.399999999999999e-07,0.41999916,0.41831581343999996,0.42167244,-0.24009951980000002,4.802e-07,-0.0,0.0,-0.00084168,0.41999832000000004,0.41747497343999995,0.42167160000000004
86,0.86,114,2.28,-0.24009951980000002,0.0,-0.0,0.0,-0.0,0.41999916,0.41831665343999996,0.42167244,-0.24009951980000002,4.802e-07,-0.0,0.0,-0.00084336,0.41999580000000003,0.41747329343999995,0.42166908000000003
87,0.87,114,2.28,-0.24009903960000004,0.0004802,-0.0,0.0,-0.0,0.41999916,0.41831665343999996,0.42167244,-0.24009951980000002,4.802e-07,-0.0,0.0,-0.00084336,0.41999580000000003,0.41747329343999995,0.42166908000000003
88,0.88,115,2.3,-0.24009951980000002,0.0,-0.0,0.0,-0.0,0.41999916,0.41831916335999997,0.4208358,-0.24009951980000002,4.802e-07,-0.0,0.0,-0.0008450399999999999,0.4199916,0.41747077679999994,0.42166488
89,0.89,115,2.3,-0.24009951980000002,0.0,-0.0,0.0,-0.0,0.41999916,0.41831916335999997,0.4208358,-0.24009951980000002,4.802e-07,-0.0,0.0,-0.0008450399999999999,0.4199916,0.41747328672,0.42082824
90,0.9,116,2.32,-0.24009951980000002,0.0,-0.0,0.0,-8.399999999999999e-07,0.41999916,0.41831832335999997,0.4208358,-0.24009951980000002,4.802e-07,-0.0,0.0,-0.0008450399999999999,0.4199916,0.41747328672,0.42082824
91,0.91,116,2.32,-0.24009951980000002,0.0,-0.0,0.0,-8.399999999999999e-07,0.41999916,0.41831832335999997,0.4208358,-0.24009951980000002,4.802e-07,-0.0,0.0,-0.0008450399999999999,0.4199916,0.41747077679999994,0.42082824
92,0.92,117,2.34,-0.24009951980000002,0.0,-0.0,0.0,-8.399999999999999e-07,0.41999916,0.41831832335999997,0.4208358,-0.24009951980000002,4.802e-07,-0.0,0.0,-0.00084336,0.41999580000000003,0.41747245679999995,0.42083244000000003
93,0.93,117,2.34,-0.24009951980000002,0.0,-0.0,0.0,-0.0,0.41999916,0.41831999999999997,0.41999916,-0.24009951980000002,4.802e-07,-0.0,0.0,-0.00084336,0.41999580000000003,0.41747245679999995,0.42083244000000003
94,0.94,118,2.36,-0.24009951980000002,0.0,-0.0,0.0,-0.0,0.41999916,0.41831916335999997,0.41999916,-0.24009951980000002,4.802e-07,-0.0,0.0,-0.00084336,0.41999580000000003,0.41747245679999995,0.42083244000000003
95,0.95,118,2.36,-0.2400980792,0.0,-0.0,0.0,-0.0,0.41999916,0.41831916335999997,0.41999916,-0.24009951980000002,4.802e-07,-0.0,0.0,-0.00084336,0.41999580000000003,0.41747245679999995,0.42083244000000003
96,0.96,119,2.38,-0.2400980792,0.0,-0.0,0.0,-0.0,0.41999916,0.41831916335999997,0.41999916,-0.24009951980000002,4.802e-07,-0.0,0.0,-0.00084336,0.41999580000000003,0.41747496672,0.42083244000000003
97,0.97,119,2.38,-0.2400980792,0.0,-0.0,0.0,-0.0,0.41999916,0.41831665343999996,0.41999916,-0.24009759900000002,0.00048116040000000004,-0.0,0.0,-0.0008408399999999999,0.41999832000000004,0.41747748672,0.42083496000000004
98,0.98,120,2.4,-0.2400980792,0.0,-0.0,0.0,-0.0,0.41999916,0.41831665343999996,0.41999916,-0.24009759900000002,0.00048116040000000004,-0.0,0.0,-0.00168084,0.41999580000000003,0.41663748672,0.42083244000000003
99,0.99,120,2.4,-0.2400980792,0.0,-0.0,0.0,-0.0,0.41999916,0.41831665343999996,0.41999748672,-0.2400980792,9.604e-07,-0.0,0.0,-0.0016816799999999999,0.41999327999999997,0.41663748335999995,0.42082991999999997
100,1.0,121,2.42,-0.2400980792,0.0,-0.0,0.0,-0.0,0.41999916,0.41831665343999996,0.41999748672,-0.2400980792,9.604e-07,-0.0,0.0,-0.00168,0.41999327999999997,0.41663916335999995,0.42082991999999997
101,1.01,121,2.42,-0.2400980792,0.0,-0.0,0.0,-0.0,0.41999916,0.41831247024,0.41999665008,-0.24009759900000002,0.00048116040000000004,-0.0,0.0,-0.00084168,0.41999580000000003,0.41747748335999996,0.42083244000000003
102,1.02,122,2.44,-0.24009951980000002,0.0,-0.0,0.0,8.399999999999999e-07,0.41999916,0.41831331024,0.41999665008,-0.2400980792,9.604e-07,-0.0,0.0,-0.00084168,0.41999580000000003,0.41747664672,0.42083244000000003
103,1.03,122,2.44,-0.24009951980000002,0.0,-0.0,0.0,8.399999999999999e-07,0.41999916,0.4183124736,0.42083329008,-0.24009951980000002,4.802e-07,-0.0,0.0,-0.00084168,0.41999580000000003,0.41747664672,0.42083244000000003
104,1.04,123,2.46,-0.24009951980000002,0.0,-0.0,0.0,-0.00083916,0.41999832000000004,0.4174724736,0.42083245008000003,-0.24009951980000002,4.802e-07,-0.0,0.0,-0.00084168,0.41999580000000003,0.41747664672,0.42083244000000003
105,1.05,123,2.46,-0.24009951980000002,0.0,-0.0,0.0,-0.00083916,0.41999832000000004,0.41747665679999996,0.42083328672000003,-0.24009903960000004,0.0004806802,-0.0,0.0,-0.00168336,0.41999327999999997,0.41663245679999994,0.42082991999999997
106,1.06,124,2.48,-0.24009951980000002,0.0,-0.0,0.0,-0.00084,0.41999832000000004,0.41747581679999995,0.42083496000000004,-0.24009903960000004,0.0004806802,-0.0,0.0,-0.00084336,0.41999580000000003,0.41747245679999995,0.42083244000000003
107,1.07,124,2.48,-0.24009951980000002,0.0,-0.0,0.0,-0.00084,0.41999832000000004,0.41747581679999995,0.42083496000000004,-0.24009951980000002,4.802e-07,-0.0,0.0,-0.00084168,0.41999832000000004,0.41747413679999995,0.42083496000000004
108,1.08,125,2.5,-0.24009951980000002,0.0,-0.0,0.0,-0.00084,0.41999832000000004,0.41747832672,0.42083496000000004,-0.24009951980000002,4.802e-07,-0.0,0.0,-0.0016816799999999999,0.41999580000000003,0.41663413679999994,0.42083244000000003
109,1.09,125,2.5,-0.24009951980000002,0.0,-0.0,0.0,-0.00084,0.41999832000000004,0.41747832672,0.42083496000000004,-0.24009903960000004,0.0004806802,-0.0,0.0,-0.0016816799999999999,0.41999580000000003,0.41663413679999994,0.42083244000000003
110,1.1,126,2.52,-0.2401,0.0,-0.0,0.0,-0.00084,0.41999832000000004,0.41747832672,0.42083496000000004,-0.24009951980000002,4.802e-07,-0.0,0.0,-0.00168084,0.41999580000000003,0.41663497679999995,0.42083244000000003
111,1.11,126,2.52,-0.24009951980000002,-0.0004802,-0.0,0.0,-0.00084,0.41999832000000004,0.41747832672,0.42083496000000004,-0.2401,0.0,-0.0,0.0,-0.0016816799999999999,0.41999327999999997,0.41663664672,0.42082991999999997
112,1.12,127,2.54,-0.24009903960000004,-0.0004802,-0.0,0.0,-0.00084,0.41999832000000004,0.41747832672,0.42083496000000004,-0.2401,0.0,-0.0,0.0,-0.00168,0.41999327999999997,0.41663832672,0.42082991999999997
113,1.13,127,2.54,-0.24009903960000004,-0.0004802,-0.0,0.0,-0.0,0.41999916,0.41831832672,0.4208358,-0.24009951980000002,0.0,-0.0,0.0,-0.00252,0.41998488,0.41579581679999994,0.42165816
114,1.14,128,2.56,-0.24009903960000004,-0.0004802,-0.0,0.0,-8.399999999999999e-07,0.41999916,0.41831748672,0.4208358,-0.2400980792,9.604e-07,-0.0,0.0,-0.00252,0.41998488,0.41579581679999994,0.42165816
115,1.15,128,2.56,-0.24009903960000004,-0.0004802,-0.0,0.0,-0.0,0.42,0.41831832672,0.42083664,-0.24009567820000002,1.4406e-06,-0.0,0.0,-0.00252252,0.41998488,0.41579413344,0.42165816
116,1.16,129,2.58,-0.24009903960000004,-0.0004802,-0.0,0.0,-0.0,0.42,0.41831916335999997,0.42083664,-0.24009183660000002,0.00048212080000000005,-0.0,0.0,-0.00252252,0.41998488,0.41579413344,0.42165816
117,1.17,129,2.58,-0.24009903960000004,-0.0004802,-0.0,0.0,-0.0,0.42,0.41831916335999997,0.42083664,-0.24008223260000003,0.00048308119999999996,-0.0,0.0,-0.00252252,0.41998488,0.41579413344,0.42165816
118,1.18,130,2.6,-0.2401,0.0,-0.0,0.0,-0.0,0.42,0.41831999999999997,0.42,-0.24007599000000002,0.00048356140000000006,-0.0,0.0,-0.00252252,0.41998488,0.4157932968,0.42165816
119,1.19,130,2.6,-0.24009951980000002,0.0,-0.0,0.0,-0.0,0.42,0.41831999999999997,0.42,-0.2400745494,0.0009637614000000001,-0.0,0.0,-0.00252252,0.41998488,0.4157932968,0.42165816
120,1.2,131,2.62,-0.2401,0.0,-0.0,0.0,-0.0,0.42,0.41831999999999997,0.42,-0.2400673464,0.0009642416000000001,-0.0,0.0,-0.00252,0.419979,0.41579330687999994,0.42165228
121,1.21,131,2.62,-0.2401,0.0,-0.0,0.0,-0.0,0.41999916,0.41831916335999997,0.4208358,-0.2400673464,0.0009642416000000001,-0.0,0.0,-0.00252,0.419979,0.41579330687999994,0.42165228
122,1.22,132,2.64,-0.2401,0.0,-0.0,0.0,-0.0,0.41999916,0.41831832672,0.42083496336,-0.2400673464,0.0009642416000000001,-0.0,0.0,-0.0025166399999999997,0.419979,0.41579917679999995,0.42165228
123,1.23,132,2.64,-0.24009951980000002,0.0,-0.0,0.0,-0.0,0.41999916,0.41831832672,0.42083496336,-0.2400673464,0.0009642416000000001,-0.0,0.0,-0.0033558,0.41996555999999996,0.41496001679999994,0.42163883999999996
124,1.24,133,2.66,-0.24009951980000002,-0.0004802,-0.0,0.0,-0.0,0.41999916,0.41831916335999997,0.4208358,-0.2400745494,0.0009637614000000001,-0.0,0.0,-0.0033558,0.41996555999999996,0.41495667024,0.42247547999999996
125,1.25,133,2.66,-0.24009903960000004,-0.0004802,-0.0,0.0,-0.00084,0.41999832000000004,0.41747832672,0.42083412336000003,-0.24008079200000002,0.0009632812,-0.0,0.0,-0.0033558,0.41996555999999996,0.4149558336,0.42247464335999996
126,1.26,134,2.68,-0.24009951980000002,-0.0004802,-0.0,0.0,-0.00084,0.41999832000000004,0.41747832672,0.42083412336000003,-0.24008079200000002,0.0009632812,-0.0,0.0,-0.0033558,0.41996555999999996,0.4149558336,0.42247464335999996
127,1.27,134,2.68,-0.24009903960000004,-0.0004802,-0.0,0.0,-0.00084,0.41999832000000004,0.41747581679999995,0.42083328672000003,-0.2400860742,0.000962801,-0.0,0.0,-0.0041958,0.419958,0.41411332368,0.42246624672
128,1.28,135,2.7,-0.24009951980000002,-0.0004802,-0.0,0.0,-0.00084,0.41999916,0.41747581679999995,0.42083412672,-0.2400860742,0.000962801,-0.0,0.0,-0.00419496,0.41994876,0.4141083071999999,0.42329364671999997
129,1.29,135,2.7,-0.2401,0.0,-0.0,0.0,-0.00168,0.41999664,0.41663330687999994,0.42166824672,-0.2400860742,0.000962801,-0.0,0.0,-0.00419496,0.41994876,0.41410412399999996,0.42329281007999997
130,1.3,136,2.72,-0.2401,0.0,-0.0,0.0,-0.00084,0.41999916,0.41747330687999995,0.42167076672,-0.240090396,0.0009623208000000001,-0.0,0.0,-0.00503496,0.41993952,0.413264124,0.42328357008
131,1.31,136,2.72,-0.2401,0.0,-0.0,0.0,-0.00084,0.41999916,0.41747330687999995,0.42167076672,-0.240090396,0.0009623208000000001,-0.0,0.0,-0.00503496,0.41993952,0.413264124,0.42328357008
132,1.32,137,2.74,-0.2401,0.0,-0.0,0.0,-0.00084,0.41999916,0.41747330687999995,0.42167076672,-0.2400860742,0.000962801,-0.0,0.0,-0.00503496,0.41993952,0.41326830719999996,0.42328440672
133,1.33,137,2.74,-0.24009903960000004,-0.0004802,-0.0,0.0,-0.00084,0.41999916,0.41747330687999995,0.42167076672,-0.24008367320000001,0.001443001,-0.0,0.0,-0.00419496,0.41994876,0.4141083071999999,0.42329364671999997
134,1.34,138,2.76,-0.24009951980000002,-0.0004802,-0.0,0.0,-0.00168,0.41999664,0.41663832672,0.42083244336,-0.24008367320000001,0.001443001,-0.0,0.0,-0.00419496,0.41994876,0.41411081712,0.42329532
135,1.35,138,2.76,-0.24009951980000002,-0.0004802,-0.0,0.0,-0.00168,0.41999664,0.41663581679999995,0.42166908336,-0.24008367320000001,0.001443001,-0.0,0.0,-0.00503496,0.41993952,0.41327081712,0.42328608
136,1.36,139,2.78,-0.24009951980000002,-0.0004802,-0.0,0.0,-0.00168084,0.41999580000000003,0.41663497679999995,0.42166824336000003,-0.24008367320000001,0.001443001,-0.0,0.0,-0.00419496,0.41994876,0.41411081712,0.42329532
137,1.37,139,2.78,-0.24009903960000004,-0.0004797198000000001,-0.0,0.0,-0.00168,0.41999327999999997,0.41663581679999995,0.42166572335999997,-0.24008367320000001,0.001443001,-0.0,0.0,-0.00419496,0.41994876,0.4141116537599999,0.42329532
138,1.38,140,2.8,-0.24009903960000004,-0.0004797198000000001,-0.0,0.0,-0.00252,0.41998908,0.4157916336,0.42249816336,-0.24008367320000001,0.001443001,-0.0,0.0,-0.00419496,0.41994876,0.4141116537599999,0.42329532
139,1.39,140,2.8,-0.2400961584,-0.0009584792,-0.0,0.0,-0.00251748,0.41998488,0.41579164368,0.42249312672,-0.24008367320000001,0.001443001,-0.0,0.0,-0.0041958,0.419958,0.41411667024,0.42246792
140,1.4,141,2.82,-0.24009375740000002,-0.0009575188,-0.0,0.0,-0.0033574799999999995,0.419979,0.41495164368,0.42248724672,-0.240087995,0.0014425208000000001,-0.0,0.0,-0.0033558,0.41996555999999996,0.4149558336,0.42247464335999996
141,1.41,141,2.82,-0.2400860742,-0.000955598,-0.0,0.0,-0.00419328,0.41996555999999996,0.41411584368,0.42247380671999996,-0.240087995,0.0014425208000000001,-0.0,0.0,-0.00336,0.41996555999999996,0.41495163360000004,0.42247464335999996
142,1.42,142,2.84,-0.2400745494,-0.0009536772,-0.0,0.0,-0.0041874,0.419958,0.41412172368,0.42246624672,-0.240087995,0.0014425208000000001,-0.0,0.0,-0.00336,0.41996555999999996,0.41495163360000004,0.42247464335999996
143,1.43,142,2.84,-0.240068787,-0.00047251680000000003,-0.0,0.0,-0.00418488,0.41994876,0.41411838719999994,0.42329364671999997,-0.24009135640000004,0.0014420406,-0.0,0.0,-0.00336,0.41996555999999996,0.4149558168,0.42163800335999996
144,1.44,143,2.86,-0.2400514998,-0.000470596,-0.0,0.0,-0.00417648,0.41993783999999995,0.4141351536,0.42244692335999995,-0.24009375740000002,0.0009618406,-0.0,0.0,-0.00336,0.41997312,0.4149558168,0.42164556336
145,1.45,143,2.86,-0.2400289304,-0.0009488752,-0.0,0.0,-0.0033263999999999998,0.41993279999999994,0.41498607024,0.42244271999999994,-0.24009135640000004,0.0014420406,-0.0,0.0,-0.00252,0.419979,0.41579581679999994,0.42165144336
146,1.46,144,2.88,-0.24001692540000003,-0.0009479148000000001,-0.0,0.0,-0.0033222,0.41991851999999996,0.4149894336,0.42242927663999996,-0.24009375740000002,0.0014415604,-0.0,0.0,-0.00252,0.419979,0.41579832672,0.42081480336
147,1.47,144,2.88,-0.24000396000000002,-0.0009469544000000001,-0.0,0.0,-0.003318,0.41990256,0.4149936336,0.42241331664,-0.2400961584,0.0009613604,-0.0,0.0,-0.0025166399999999997,0.419979,0.41580252335999995,0.42081564
148,1.48,145,2.9,-0.2399900342,-0.000945994,-0.0,0.0,-0.0033137999999999996,0.41988492,0.41499532368000003,0.42239651328,-0.24009375740000002,0.0009618406,-0.0,0.0,-0.00335664,0.41997312,0.41496252335999995,0.42080976
149,1.49,145,2.9,-0.23997274700000001,-0.0014252336000000001,-0.0,0.0,-0.0033137999999999996,0.41988492,0.41499532368000003,0.42239651328,-0.24009375740000002,0.0009618406,-0.0,0.0,-0.0025166399999999997,0.419979,0.41580001343999995,0.42165228
150,1.5,146,2.92,-0.23997274700000001,-0.0014252336000000001,-0.0,0.0,-0.0033137999999999996,0.41988492,0.41498946719999996,0.42323315328,-0.2400961584,0.0009613604,-0.0,0.0,-0.0033532799999999997,0.41997312,0.41496253679999995,0.42164556336
151,1.51,146,2.92,-0.23997274700000001,-0.0014252336000000001,-0.0,0.0,-0.0033137999999999996,0.41988492,0.41499197712,0.42323231664,-0.2400961584,0.0009613604,-0.0,0.0,-0.0033532799999999997,0.41997312,0.41496253679999995,0.42164556336
152,1.52,147,2.94,-0.23995930140000002,-0.0009440732,-0.0,0.0,-0.00416304,0.41987736,0.41413520736,0.42406139664,-0.2400961584,0.0009613604,-0.0,0.0,-0.0033532799999999997,0.41997312,0.4149583536,0.42248220336
153,1.53,147,2.94,-0.23997514800000003,-0.0009450336000000001,-0.0,0.0,-0.00416304,0.41987736,0.414136044,0.42406056,-0.2400961584,0.0009613604,-0.0,0.0,-0.004196640000000001,0.41996555999999996,0.41411248368000003,0.42247380671999996
154,1.54,148,2.96,-0.23997514800000003,-0.0009450336000000001,-0.0,0.0,-0.00416304,0.41987736,0.414136044,0.42406056,-0.2400961584,0.0009613604,-0.0,0.0,-0.004196640000000001,0.41996555999999996,0.41411248368000003,0.42247380671999996
155,1.55,148,2.96,-0.23998763320000002,-0.001426194,-0.0,0.0,-0.00416304,0.41987736,0.41413520736,0.42405972336,-0.2400961584,0.0009613604,-0.0,0.0,-0.004196640000000001,0.41996555999999996,0.41411248368000003,0.42247380671999996
156,1.56,149,2.98,-0.23997514800000003,-0.0009450336000000001,-0.0,0.0,-0.0041664,0.419895,0.41413184735999997,0.42407736336,-0.2400961584,0.0009613604,-0.0,0.0,-0.004196640000000001,0.41996555999999996,0.41411499360000004,0.42247464335999996
157,1.57,149,2.98,-0.2399900342,-0.000945994,-0.0,0.0,-0.0041664,0.419895,0.41412264432,0.42491400336,-0.2400961584,0.0009613604,-0.0,0.0,-0.00419748,0.41997144000000003,0.41411415360000003,0.42248052336
158,1.58,150,3.0,-0.24000396000000002,-0.0009469544000000001,-0.0,0.0,-0.0041664,0.419895,0.41412264432,0.42491400336,-0.2400961584,0.0009613604,-0.0,0.0,-0.00419748,0.41997144000000003,0.41410829712,0.42331716336
159,1.59,150,3.0,-0.24000396000000002,-0.0009469544000000001,-0.0,0.0,-0.004158,0.419895,0.41413104432000003,0.42491400336,-0.2400961584,0.0009613604,-0.0,0.0,-0.00419748,0.41997144000000003,0.41410829712,0.42331716336
160,1.6,151,3.02,-0.24000396000000002,-0.0009469544000000001,-0.0,0.0,-0.004158,0.419895,0.414141084,0.4240782,-0.2400961584,0.0009613604,-0.0,0.0,-0.00419748,0.41997144000000003,0.41410829712,0.42331716336
161,1.61,151,3.02,-0.24000396000000002,-0.0009469544000000001,-0.0,0.0,-0.004158,0.419895,0.41414024736,0.4240782,-0.2400961584,0.0009613604,-0.0,0.0,-0.00419496,0.41997144000000003,0.41411081712,0.42331716336
162,1.62,152,3.04,-0.24000396000000002,-0.0009469544000000001,-0.0,0.0,-0.004158,0.419895,0.41414024736,0.4240782,-0.2400961584,0.0009604,-0.0,0.0,-0.00419496,0.41997144000000003,0.4141083071999999,0.42331632672
163,1.63,152,3.04,-0.24000396000000002,-0.0009469544000000001,-0.0,0.0,-0.004158,0.419895,0.41413773744,0.42407987328,-0.24009759900000002,0.0009604,-0.0,0.0,-0.00419496,0.41997144000000003,0.4141083071999999,0.42331632672
164,1.64,153,3.06,-0.24000396000000002,-0.0009469544000000001,-0.0,0.0,-0.0041664,0.419895,0.41412933743999997,0.42407987328,-0.24009759900000002,0.0009604,-0.0,0.0,-0.00419496,0.41997144000000003,0.4141083071999999,0.42331632672
165,1.65,153,3.06,-0.24001836600000004,-0.00047395740000000003,-0.0,0.0,-0.0041664,0.419895,0.41412933743999997,0.42407987328,-0.24009759900000002,0.0009604,-0.0,0.0,-0.00419496,0.41997144000000003,0.41410412399999996,0.42331549008
166,1.66,154,3.08,-0.24001692540000003,-0.0009541574000000001,-0.0,0.0,-0.0033263999999999998,0.41990256,0.41497184736,0.42408659664,-0.24009759900000002,0.0009604,-0.0,0.0,-0.00419748,0.41997144000000003,0.41410746048,0.42247885008
167,1.67,154,3.08,-0.2400289304,-0.0009546376000000001,-0.0,0.0,-0.00332976,0.41991851999999996,0.41496848735999997,0.42410255663999996,-0.24009903960000004,0.0004802,-0.0,0.0,-0.00419496,0.41997144000000003,0.41410998048,0.42247885008
168,1.68,155,3.1,-0.2400289304,-0.0009546376000000001,-0.0,0.0,-0.00332976,0.41991851999999996,0.414969324,0.42410171999999996,-0.24009759900000002,0.0009604,-0.0,0.0,-0.00335496,0.419979,0.41495416368,0.42248724672
169,1.69,155,3.1,-0.24003997500000002,-0.0009551178,-0.0,0.0,-0.00248976,0.4199244,0.415809324,0.4241076,-0.24009759900000002,0.0009604,-0.0,0.0,-0.00335496,0.419979,0.41495834687999994,0.42165060672
170,1.7,156,3.12,-0.24003997500000002,-0.0009551178,-0.0,0.0,-0.00249312,0.41993868,0.41581349375999993,0.42328524,-0.2400961584,0.0009604,-0.0,0.0,-0.00335496,0.419979,0.41495834687999994,0.42165060672
171,1.71,156,3.12,-0.2400500592,-0.000955598,-0.0,0.0,-0.00249312,0.41993868,0.41581349375999993,0.42328524,-0.2400961584,0.0009604,-0.0,0.0,-0.00335496,0.419979,0.41495834687999994,0.42165060672
172,1.72,157,3.14,-0.2400514998,-0.00047539800000000003,-0.0,0.0,-0.00249312,0.41993868,0.41581935024,0.4224486,-0.24009759900000002,0.0004802,-0.0,0.0,-0.00335664,0.41998319999999995,0.41495917679999994,0.42081816671999994
173,1.73,157,3.14,-0.24006062360000002,-0.00047587820000000007,-0.0,0.0,-0.00165648,0.41995547999999994,0.4166551536,0.42246539999999994,-0.2400961584,0.0009604,-0.0,0.0,-0.00335664,0.41998319999999995,0.4149549936,0.42081733007999994
174,1.74,158,3.16,-0.24006062360000002,-0.0004802,-0.0,0.0,-0.00165648,0.41995547999999994,0.4166551536,0.42246539999999994,-0.2400961584,0.0009604,-0.0,0.0,-0.00335664,0.41998319999999995,0.4149549936,0.42081733007999994
175,1.75,158,3.16,-0.240068787,-0.0004802,-0.0,0.0,-0.0016623599999999999,0.41995547999999994,0.41664927360000004,0.42246539999999994,-0.24009759900000002,0.0004802,-0.0,0.0,-0.00251496,0.41998908,0.4157966736,0.42082321008
176,1.76,159,3.18,-0.24007599000000002,-0.0004802,-0.0,0.0,-0.00166488,0.4199664,0.41664675360000003,0.42247632,-0.24009759900000002,0.0004802,-0.0,0.0,-0.00335664,0.41998319999999995,0.4149549936,0.42081733007999994
177,1.77,159,3.18,-0.24007599000000002,-0.0004802,-0.0,0.0,-0.00166992,0.4199664,0.41664589679999997,0.42163968,-0.24009903960000004,0.0004802,-0.0,0.0,-0.0025166399999999997,0.41998908,0.41580001343999995,0.41998740672
178,1.78,160,3.2,-0.24008223260000003,-0.0004802,-0.0,0.0,-0.00166992,0.4199664,0.41664338687999997,0.42163968,-0.24009759900000002,0.0009604,-0.0,0.0,-0.00251496,0.41998908,0.41579751024,0.41998657008
179,1.79,160,3.2,-0.2400875148,-0.0004802,-0.0,0.0,-0.0016715999999999999,0.41997564,0.41664421679999997,0.42164892,-0.24009759900000002,0.0009604,-0.0,0.0,-0.00251496,0.41998908,0.41580169343999995,0.41998740672
180,1.8,161,3.22,-0.2400875148,-0.0004802,-0.0,0.0,-0.0016715999999999999,0.41997564,0.41664421679999997,0.42164892,-0.24009903960000004,0.0004802,-0.0,0.0,-0.0025166399999999997,0.41998908,0.41580001343999995,0.41998740672
181,1.81,161,3.22,-0.2400860742,-0.0009604,-0.0,0.0,-0.0016715999999999999,0.41997564,0.41664505343999997,0.42164892,-0.24009903960000004,0.0004802,-0.0,0.0,-0.0025166399999999997,0.41998908,0.41579917679999995,0.42082572
182,1.82,162,3.24,-0.2400860742,-0.0009604,-0.0,0.0,-0.0016732799999999999,0.41998319999999995,0.41664588335999997,0.42081983999999995,-0.2400980792,0.0009604,-0.0,0.0,-0.0025166399999999997,0.41998908,0.41579917679999995,0.42082572
183,1.83,162,3.24,-0.240090396,-0.0009604,-0.0,0.0,-0.0016732799999999999,0.41998319999999995,0.41664588335999997,0.42081983999999995,-0.2400980792,0.0009604,-0.0,0.0,-0.00251832,0.41998908,0.41580000672,0.42082572
184,1.84,163,3.26,-0.240090396,-0.0009604,-0.0,0.0,-0.0016732799999999999,0.41998319999999995,0.41664588335999997,0.42081983999999995,-0.24009951980000002,0.0004802,-0.0,0.0,-0.00251832,0.41998908,0.41580000672,0.42082572
185,1.85,163,3.26,-0.240090396,-0.0009604,-0.0,0.0,-0.0016732799999999999,0.41998319999999995,0.41664337343999996,0.42165647999999994,-0.2400980792,0.0009604,-0.0,0.0,-0.00251832,0.41998908,0.41580000672,0.42082572
186,1.86,164,3.28,-0.240090396,-0.0009604,-0.0,0.0,-0.00166992,0.41998319999999995,0.41664673343999997,0.42165647999999994,-0.2400980792,0.0009604,-0.0,0.0,-0.00251916,0.4199916,0.41580000335999995,0.42082824
187,1.87,164,3.28,-0.24009183660000002,-0.00048212080000000005,-0.0,0.0,-0.00166992,0.41998319999999995,0.41664673343999997,0.42165647999999994,-0.2400980792,0.0009604,-0.0,0.0,-0.00251916,0.4199916,0.41580000335999995,0.42082824
188,1.88,165,3.3,-0.24009183660000002,-0.00048212080000000005,-0.0,0.0,-0.00083328,0.41998572,0.41748337343999997,0.421659,-0.2400980792,0.0009604,-0.0,0.0,-0.00252,0.4199916,0.41579916335999995,0.42082824
189,1.89,165,3.3,-0.24009183660000002,-0.00048212080000000005,-0.0,0.0,-0.00083328,0.41998572,0.41748253679999997,0.421659,-0.2400980792,0.0009604,-0.0,0.0,-0.00252,0.4199916,0.41579665343999994,0.42166488
190,1.9,166,3.32,-0.24009183660000002,-0.00048212080000000005,-0.0,0.0,-0.00083328,0.41998572,0.41748253679999997,0.421659,-0.24009759900000002,0.0009604,-0.0,0.0,-0.00251916,0.4199916,0.41579749343999994,0.42166488
191,1.91,166,3.32,-0.2400875148,-0.00048260100000000004,-0.0,0.0,-0.00083748,0.4199916,0.41747833679999996,0.42166488,-0.2400980792,0.0009604,-0.0,0.0,-0.0016791599999999999,0.41999580000000003,0.41663749343999995,0.42166908000000003
192,1.92,167,3.34,-0.24009183660000002,-0.00048212080000000005,-0.0,0.0,-0.00083748,0.4199916,0.41747917343999996,0.42166488,-0.2400980792,0.0009604,-0.0,0.0,-0.00168,0.41999580000000003,0.41663665343999995,0.42166908000000003
193,1.93,167,3.34,-0.240090396,-0.0009623208000000001,-0.0,0.0,-0.00083748,0.4199916,0.41747917343999996,0.42166488,-0.24009759900000002,0.0009604,-0.0,0.0,-0.00168,0.41999580000000003,0.41663916335999995,0.42083244000000003
194,1.94,168,3.36,-0.240090396,-0.0009623208000000001,-0.0,0.0,-0.00083748,0.4199916,0.41748168335999997,0.42082824,-0.24009759900000002,0.0009604,-0.0,0.0,-0.00168,0.41999580000000003,0.41663832672,0.42083244000000003
195,1.95,168,3.36,-0.240090396,-0.0009623208000000001,-0.0,0.0,-0.00083496,0.4199916,0.41748420336,0.42082824,-0.24009759900000002,0.0009604,-0.0,0.0,-0.00252,0.4199916,0.41579832672,0.42082824
196,1.96,169,3.38,-0.24009183660000002,-0.00048212080000000005,-0.0,0.0,-0.00083496,0.4199916,0.41748420336,0.42082824,-0.24009759900000002,0.0009604,-0.0,0.0,-0.00168,0.41999580000000003,0.41663832672,0.42083244000000003
197,1.97,169,3.38,-0.24009183660000002,-0.00048212080000000005,-0.0,0.0,-0.00167496,0.41998908,0.41664336672,0.42082572,-0.24009759900000002,0.0009604,-0.0,0.0,-0.00168084,0.41999580000000003,0.41663832335999995,0.42083244000000003
198,1.98,170,3.4,-0.24009183660000002,-0.00048212080000000005,-0.0,0.0,-0.00167496,0.41998908,0.41664336672,0.42082572,-0.24009759900000002,0.0009604,-0.0,0.0,-0.00168,0.41999580000000003,0.41663916335999995,0.42083244000000003
199,1.99,170,3.4,-0.24009183660000002,-0.00048212080000000005,-0.0,0.0,-0.00167496,0.41998908,0.41664336672,0.42082572,-0.24009759900000002,0.0009604,-0.0,0.0,-0.00168,0.41999580000000003,0.41663916335999995,0.42083244000000003
200,2.0,171,3.42,-0.24009183660000002,-0.00048212080000000005,-0.0,0.0,-0.00167748,0.41998908,0.41664084672,0.42082572,-0.24009759900000002,0.0009604,-0.0,0.0,-0.00084,0.41999832000000004,0.41747916335999996,0.42083496000000004
201,2.01,171,3.42,-0.2400875148,-0.00048260100000000004,-0.0,0.0,-0.00083748,0.4199916,0.41748084672,0.42082824,-0.24009759900000002,0.0009604,-0.0,0.0,-0.00168,0.41999580000000003,0.41663832672,0.42083244000000003
202,2.02,172,3.44,-0.2400875148,-0.00048260100000000004,-0.0,0.0,-0.00083748,0.4199916,0.41748084672,0.42082824,-0.24009759900000002,0.0009604,-0.0,0.0,-0.00084,0.41999832000000004,0.41747832672,0.42083496000000004
203,2.03,172,3.44,-0.24009183660000002,-0.00048212080000000005,-0.0,0.0,-0.00083748,0.4199916,0.41748084672,0.42082824,-0.24009759900000002,0.0009604,-0.0,0.0,-0.00084,0.41999832000000004,0.41747832672,0.42083496000000004
204,2.04,173,3.46,-0.2400875148,-0.00048260100000000004,-0.0,0.0,-0.00083748,0.4199916,0.41748168335999997,0.42082824,-0.24009951980000002,0.0004802,-0.0,0.0,-0.00084,0.41999916,0.41747916335999996,0.41999916
205,2.05,173,3.46,-0.2400875148,-0.00048260100000000004,-0.0,0.0,-0.00083748,0.4199916,0.41748168335999997,0.42082824,-0.24009759900000002,0.0009604,-0.0,0.0,-0.00084,0.41999916,0.41747916335999996,0.41999916
206,2.06,174,3.48,-0.24009183660000002,-0.00048212080000000005,-0.0,0.0,-0.00083748,0.4199916,0.41748168335999997,0.42082824,-0.24009759900000002,0.0009604,-0.0,0.0,-0.00084,0.41999916,0.41747916335999996,0.41999916
207,2.07,174,3.48,-0.240090396,-0.0009623208000000001,-0.0,0.0,-0.0008383199999999999,0.41999580000000003,0.41748084335999996,0.42083244000000003,-0.24009759900000002,0.0009604,-0.0,0.0,-0.00084,0.41999916,0.41747832672,0.4208358
208,2.08,175,3.5,-0.240090396,-0.0009623208000000001,-0.0,0.0,-0.0008383199999999999,0.41999580000000003,0.41748084335999996,0.42083244000000003,-0.24009759900000002,0.0009604,-0.0,0.0,-0.00084,0.41999916,0.41747832672,0.4208358
209,2.09,175,3.5,-0.240090396,-0.0009623208000000001,-0.0,0.0,-0.0008366399999999999,0.41999580000000003,0.41748168672,0.42083244000000003,-0.24009903960000004,0.0004802,-0.0,0.0,-0.00084,0.41999916,0.41747832672,0.4208358
210,2.1,176,3.52,-0.2400860742,-0.000962801,-0.0,0.0,-0.0008366399999999999,0.41999580000000003,0.41748252335999997,0.41999580000000003,-0.24009903960000004,0.0004802,-0.0,0.0,-0.00168,0.41999664,0.41663832672,0.42083328
211,2.11,176,3.52,-0.2400860742,-0.000962801,-0.0,0.0,-0.0016766399999999999,0.41999327999999997,0.41664168672,0.42082991999999997,-0.24009903960000004,0.0004802,-0.0,0.0,-0.00168,0.41999664,0.41663832672,0.42083328
212,2.12,177,3.54,-0.2400860742,-0.000962801,-0.0,0.0,-0.0008366399999999999,0.41999580000000003,0.41748168672,0.42083244000000003,-0.24009903960000004,0.0004802,-0.0,0.0,-0.00168,0.41999664,0.41663832672,0.42083328
213,2.13,177,3.54,-0.2400860742,-0.000962801,-0.0,0.0,-0.00167496,0.41999327999999997,0.41664336672,0.42082991999999997,-0.24009903960000004,0.0004802,-0.0,0.0,-0.00084,0.41999916,0.41747581679999995,0.42167244
214,2.14,178,3.56,-0.2400860742,-0.000962801,-0.0,0.0,-0.00167496,0.41999327999999997,0.41664336672,0.42082991999999997,-0.24009903960000004,0.0004802,-0.0,0.0,-0.00084,0.41999916,0.41747581679999995,0.42167244
215,2.15,178,3.56,-0.240090396,-0.0009623208000000001,-0.0,0.0,-0.0016766399999999999,0.41999327999999997,0.41663917679999996,0.42082991999999997,-0.24009903960000004,0.0004802,-0.0,0.0,-0.00168,0.41999664,0.41663581679999995,0.42166992
216,2.16,179,3.58,-0.240090396,-0.0009623208000000001,-0.0,0.0,-0.0016766399999999999,0.41999327999999997,0.41663917679999996,0.42082991999999997,-0.24009903960000004,0.0004802,-0.0,0.0,-0.00168,0.41999664,0.41663581679999995,0.42166992
217,2.17,179,3.58,-0.24009183660000002,-0.00048212080000000005,-0.0,0.0,-0.00167496,0.41999327999999997,0.41664085679999996,0.42082991999999997,-0.24009903960000004,0.0004802,-0.0,0.0,-0.00168,0.41999664,0.41663832672,0.42083328
218,2.18,180,3.6,-0.24009183660000002,-0.00048212080000000005,-0.0,0.0,-0.00167496,0.41999327999999997,0.41664085679999996,0.42082991999999997,-0.24009903960000004,0.0004802,-0.0,0.0,-0.00084,0.41999916,0.41747330687999995,0.42167244
219,2.19,180,3.6,-0.240090396,-0.0009623208000000001,-0.0,0.0,-0.00167496,0.41999327999999997,0.4166366736,0.42082991999999997,-0.24009903960000004,0.0004802,-0.0,0.0,-0.00168,0.41999664,0.41663330687999994,0.42166992
220,2.2,181,3.62,-0.2400860742,-0.000962801,-0.0,0.0,-0.00167496,0.41999327999999997,0.4166366736,0.42082991999999997,-0.24009903960000004,0.0004802,-0.0,0.0,-0.00168,0.41999664,0.41663330687999994,0.42166992
221,2.21,181,3.62,-0.240090396,-0.0009623208000000001,-0.0,0.0,-0.00083496,0.41999580000000003,0.4174766736,0.42083244000000003,-0.24009903960000004,0.0004802,-0.0,0.0,-0.00084,0.41999916,0.41747330687999995,0.42167244
222,2.22,182,3.64,-0.240090396,-0.0009623208000000001,-0.0,0.0,-0.00167496,0.41999327999999997,0.41664085679999996,0.42082991999999997,-0.24009903960000004,0.0004802,-0.0,0.0,-0.00168,0.41999664,0.41663330687999994,0.42166992
223,2.23,182,3.64,-0.240090396,-0.0009623208000000001,-0.0,0.0,-0.00083496,0.41999580000000003,0.41748085679999997,0.42083244000000003,-0.24009903960000004,0.0004802,-0.0,0.0,-0.00168,0.41999664,0.41662912368,0.42166992
224,2.24,183,3.66,-0.240090396,-0.0009623208000000001,-0.0,0.0,-0.00167496,0.41999327999999997,0.41664085679999996,0.42082991999999997,-0.24009951980000002,0.0004802,-0.0,0.0,-0.00168,0.41999664,0.41662912368,0.42166992
225,2.25,183,3.66,-0.240090396,-0.0009623208000000001,-0.0,0.0,-0.00083496,0.41999580000000003,0.41748336672,0.42083244000000003,-0.24009951980000002,0.0004802,-0.0,0.0,-0.00168,0.41999664,0.41662912368,0.42166992
226,2.26,184,3.68,-0.2400860742,-0.000962801,-0.0,0.0,-0.0008366399999999999,0.41999580000000003,0.41748168672,0.42083244000000003,-0.2401,0.0,-0.0,0.0,-0.00084,0.41999916,0.4174716336,0.4208358
227,2.27,184,3.68,-0.240090396,-0.0009623208000000001,-0.0,0.0,-0.0008366399999999999,0.41999580000000003,0.41748168672,0.42083244000000003,-0.24009951980000002,0.0004802,-0.0,0.0,-0.00084,0.41999916,0.4174716336,0.4208358
228,2.28,185,3.7,-0.24009183660000002,-0.00048212080000000005,-0.0,0.0,-0.0008366399999999999,0.41999580000000003,0.41748168672,0.42083244000000003,-0.24009951980000002,0.0004802,-0.0,0.0,-0.00084,0.41999916,0.4174716336,0.4208358
229,2.29,185,3.7,-0.24009183660000002,-0.00048212080000000005,-0.0,0.0,-0.00083496,0.41999580000000003,0.41748420336,0.41999580000000003,-0.24009951980000002,0.0004802,-0.0,0.0,-0.00084,0.41999916,0.4174716336,0.4208358
230,2.3,186,3.72,-0.24009183660000002,-0.00048212080000000005,-0.0,0.0,-0.00083496,0.41999580000000003,0.41748336672,0.42083244000000003,-0.24009903960000004,0.0004806802,-0.0,0.0,-0.00084,0.41999916,0.41747247024,0.41999916
231,2.31,186,3.72,-0.24009183660000002,-0.00048212080000000005,-0.0,0.0,-0.0008366399999999999,0.41999580000000003,0.41748168672,0.42083244000000003,-0.24009903960000004,0.0004802,-0.0,0.0,-0.00084,0.41999916,0.41747665343999996,0.41999916
232,2.32,187,3.74,-0.24009183660000002,-0.00048212080000000005,-0.0,0.0,-0.0008366399999999999,0.41999580000000003,0.41748168672,0.42083244000000003,-0.24009903960000004,0.0004802,-0.0,0.0,-0.00084,0.41999916,0.41747665343999996,0.41999916
233,2.33,187,3.74,-0.24009183660000002,-0.00048212080000000005,-0.0,0.0,-0.00083496,0.41999580000000003,0.41748420336,0.42083244000000003,-0.24009903960000004,0.0004802,-0.0,0.0,-0.00084,0.41999916,0.41747665343999996,0.41999916
234,2.34,188,3.76,-0.2400923168,-1.9208e-06,-0.0,0.0,-0.0008366399999999999,0.41999580000000003,0.41748252335999997,0.42083244000000003,-0.24009903960000004,0.0004802,-0.0,0.0,-0.00084,0.41999916,0.41747832672,0.4208358
235,2.35,188,3.76,-0.240087995,-2.4010000000000004e-06,-0.0,0.0,-0.0008366399999999999,0.41999580000000003,0.41748252335999997,0.42083244000000003,-0.24009903960000004,0.0004802,-0.0,0.0,-0.00084,0.41999916,0.41747832672,0.4208358
236,2.36,189,3.78,-0.240087995,-2.4010000000000004e-06,-0.0,0.0,-0.0016766399999999999,0.41999327999999997,0.41664001343999996,0.42166655999999997,-0.24009903960000004,0.0004802,-0.0,0.0,-0.00084,0.41999916,0.41747832672,0.4208358
237,2.37,189,3.78,-0.24009183660000002,-0.00048212080000000005,-0.0,0.0,-0.0016766399999999999,0.41999327999999997,0.41664001343999996,0.42166655999999997,-0.24009903960000004,0.0004802,-0.0,0.0,-0.0,0.42,0.41831832672,0.42083664
238,2.38,190,3.8,-0.24009183660000002,-0.00048212080000000005,-0.0,0.0,-0.0016766399999999999,0.41999327999999997,0.41664001343999996,0.42166655999999997,-0.24009759900000002,0.0009604,-0.0,0.0,-0.0,0.42,0.41831916335999997,0.42083664
239,2.39,190,3.8,-0.24009183660000002,-0.00048212080000000005,-0.0,0.0,-0.00167832,0.41999327999999997,0.41663833343999995,0.42166655999999997,-0.24009759900000002,0.0009604,-0.0,0.0,-0.0,0.42,0.41831916335999997,0.42083664
240,2.4,191,3.82,-0.24009183660000002,-0.00048212080000000005,-0.0,0.0,-0.0016766399999999999,0.41999327999999997,0.41663917679999996,0.42166655999999997,-0.2400961584,0.0009604,-0.0,0.0,1.6799999999999998e-06,0.41999916,0.41832000672,0.4208358
241,2.41,191,3.82,-0.24009183660000002,-0.00048212080000000005,-0.0,0.0,-0.0016766399999999999,0.41999327999999997,0.41664001343999996,0.42166655999999997,-0.24009375740000002,0.0009604,-0.0,0.0,2.52e-06,0.41999916,0.41832084672000003,0.4208358
242,2.42,192,3.84,-0.2400875148,-0.00048260100000000004,-0.0,0.0,-0.0016766399999999999,0.41999327999999997,0.41664001343999996,0.42166655999999997,-0.24009375740000002,0.0009604,-0.0,0.0,5.04e-06,0.41999664,0.4183208568,0.42083328
243,2.43,192,3.84,-0.24009183660000002,-0.00048212080000000005,-0.0,0.0,-0.0016766399999999999,0.41999327999999997,0.41664001343999996,0.42166655999999997,-0.240090396,0.0009604,-0.0,0.0,-0.00083496,0.41999580000000003,0.41748085679999997,0.42083244000000003
244,2.44,193,3.86,-0.2400875148,-0.00048260100000000004,-0.0,0.0,-0.00167832,0.41999327999999997,0.41663833343999995,0.42166655999999997,-0.240090396,0.0009604,-0.0,0.0,-0.0008366399999999999,0.41999580000000003,0.4174749936,0.42083244000000003
245,2.45,193,3.86,-0.24009183660000002,-0.00048212080000000005,-0.0,0.0,-0.0016766399999999999,0.41999327999999997,0.41664001343999996,0.42166655999999997,-0.2400860742,0.0009604,-0.0,0.0,-0.0008366399999999999,0.41999580000000003,0.41747248368,0.42166908000000003
246,2.46,194,3.88,-0.24009183660000002,-0.00048212080000000005,-0.0,0.0,-0.0008366399999999999,0.41999580000000003,0.41747917679999996,0.42166908000000003,-0.2400860742,0.0009604,-0.0,0.0,-0.00083496,0.4199916,0.41747416368,0.42166488
247,2.47,194,3.88,-0.24009183660000002,-0.00048212080000000005,-0.0,0.0,-0.0008366399999999999,0.41999580000000003,0.41748168672,0.42083244000000003,-0.2400860742,0.0009604,-0.0,0.0,-0.00083496,0.4199916,0.41747416368,0.42166488
248,2.48,195,3.9,-0.24009183660000002,-0.00048212080000000005,-0.0,0.0,-0.0016766399999999999,0.41999327999999997,0.41664168672,0.42082991999999997,-0.2400860742,0.0009604,-0.0,0.0,-0.00083748,0.4199916,0.41747582687999996,0.42166488
249,2.49,195,3.9,-0.24009183660000002,-0.00048212080000000005,-0.0,0.0,-0.0008366399999999999,0.41999580000000003,0.41748168672,0.42083244000000003,-0.2400860742,0.0009604,-0.0,0.0,-0.0008383199999999999,0.41999580000000003,0.41747498687999995,0.42166908000000003
250,2.5,196,3.92,-0.24009183660000002,-0.00048212080000000005,-0.0,0.0,-0.0008366399999999999,0.41999580000000003,0.41748252335999997,0.42083244000000003,-0.2400860742,0.0009604,-0.0,0.0,-0.0008383199999999999,0.41999580000000003,0.41747749679999996,0.42166908000000003
251,2.51,196,3.92,-0.24009183660000002,-0.00048212080000000005,-0.0,0.0,-0.0008366399999999999,0.41999580000000003,0.41748168672,0.42083244000000003,-0.2400860742,0.0009604,-0.0,0.0,1.6799999999999998e-06,0.41999664,0.41831749679999997,0.42166992
252,2.52,197,3.94,-0.24009183660000002,-0.00048212080000000005,-0.0,0.0,-0.0008366399999999999,0.41999580000000003,0.41748168672,0.42083244000000003,-0.2400860742,0.0009604,-0.0,0.0,-0.0008383199999999999,0.41999580000000003,0.41748000672,0.42083244000000003
253,2.53,197,3.94,-0.24009183660000002,-0.00048212080000000005,-0.0,0.0,-0.0008366399999999999,0.41999580000000003,0.41748168672,0.42083244000000003,-0.2400860742,0.0009604,-0.0,0.0,-0.00083748,0.4199916,0.41748084672,0.42082824
254,2.54,198,3.96,-0.240090396,-0.0009623208000000001,-0.0,0.0,-0.00083496,0.41999580000000003,0.41748336672,0.42083244000000003,-0.2400860742,0.0009604,-0.0,0.0,-0.00083748,0.4199916,0.41748084672,0.42082824
255,2.55,198,3.96,-0.240090396,-0.0009623208000000001,-0.0,0.0,5.04e-06,0.41999664,0.41832336672000003,0.42083328,-0.2400860742,0.0009604,-0.0,0.0,-0.00083748,0.4199916,0.41748168335999997,0.42082824
256,2.56,199,3.98,-0.240090396,-0.0009623208000000001,-0.0,0.0,-0.00083496,0.41999580000000003,0.41748420336,0.41999580000000003,-0.24008367320000001,0.0014406,-0.0,0.0,-0.00083748,0.4199916,0.41748168335999997,0.42082824
257,2.57,199,3.98,-0.240090396,-0.0009623208000000001,-0.0,0.0,-0.00083496,0.41999580000000003,0.41748336672,0.42083244000000003,-0.24008367320000001,0.0014406,-0.0,0.0,-0.00083748,0.4199916,0.41748168335999997,0.42082824
258,2.58,200,4.0,-0.240090396,-0.0009623208000000001,-0.0,0.0,-0.00083496,0.41999580000000003,0.41748336672,0.42083244000000003,-0.24007839100000003,0.0014406,-0.0,0.0,-0.00084,0.4199916,0.41747999999999996,0.4199916
259,2.59,200,4.0,-0.24009183660000002,-0.00048212080000000005,-0.0,0.0,-0.00083496,0.41999580000000003,0.41748420336,0.41999580000000003,-0.24008367320000001,0.0014406,-0.0,0.0,-0.0,0.41999244,0.41831999999999997,0.41999244
260,2.6,201,4.02,-0.240090396,-0.0009623208000000001,-0.0,0.0,-0.0008366399999999999,0.41999580000000003,0.41748168672,0.42083244000000003,-0.24008367320000001,0.0014406,-0.0,0.0,2.52e-06,0.41999244,0.41832168336,0.41999244
261,2.61,201,4.02,-0.24009183660000002,-0.00048212080000000005,-0.0,0.0,-0.0008366399999999999,0.41999580000000003,0.41748168672,0.42083244000000003,-0.24008367320000001,0.0014406,-0.0,0.0,1.6799999999999998e-06,0.41999664,0.41832000672,0.42083328
262,2.62,202,4.04,-0.240090396,-0.0009623208000000001,-0.0,0.0,-0.0008366399999999999,0.41999580000000003,0.41748168672,0.42083244000000003,-0.24008367320000001,0.0014406,-0.0,0.0,1.6799999999999998e-06,0.41999664,0.41832000672,0.42083328
263,2.63,202,4.04,-0.240090396,-0.0009623208000000001,-0.0,0.0,-0.0008366399999999999,0.41999580000000003,0.41748252335999997,0.42083244000000003,-0.240087995,0.0014406,-0.0,0.0,1.6799999999999998e-06,0.41999664,0.41831749679999997,0.42083328
264,2.64,203,4.06,-0.240090396,-0.0009623208000000001,-0.0,0.0,-0.0008383199999999999,0.41999580000000003,0.41748084335999996,0.42083244000000003,-0.240090396,0.0009604,-0.0,0.0,-0.0008366399999999999,0.41999580000000003,0.41747917679999996,0.42083244000000003
265,2.65,203,4.06,-0.2400860742,-0.000962801,-0.0,0.0,-0.00083916,0.41999832000000004,0.41748000335999996,0.42083496000000004,-0.240087995,0.0014406,-0.0,0.0,5.04e-06,0.41999244,0.4183208568,0.42082908
266,2.66,204,4.08,-0.2400860742,-0.000962801,-0.0,0.0,-0.00083916,0.41999832000000004,0.41747916672,0.42083496000000004,-0.240090396,0.0009604,-0.0,0.0,-0.00083496,0.4199916,0.41748085679999997,0.42082824
267,2.67,204,4.08,-0.2400875148,-0.00048260100000000004,-0.0,0.0,-0.00083916,0.41999832000000004,0.41747665679999996,0.42167160000000004,-0.240087995,0.0014406,-0.0,0.0,-0.00083496,0.4199916,0.4174766736,0.42082824
268,2.68,205,4.1,-0.24009183660000002,-0.00048212080000000005,-0.0,0.0,-0.00083916,0.41999832000000004,0.41747665679999996,0.42167160000000004,-0.240090396,0.0009604,-0.0,0.0,-0.00083244,0.4199916,0.4174791936,0.42082824
269,2.69,205,4.1,-0.24009183660000002,-0.00048212080000000005,-0.0,0.0,-0.0008383199999999999,0.41999832000000004,0.41747749679999996,0.42167160000000004,-0.240090396,0.0009604,-0.0,0.0,-0.0008366399999999999,0.41999580000000003,0.4174749936,0.42083244000000003
270,2.7,206,4.12,-0.240090396,-0.0009623208000000001,-0.0,0.0,-0.0008383199999999999,0.41999832000000004,0.41747749679999996,0.42167160000000004,-0.240090396,0.0009604,-0.0,0.0,-0.0008366399999999999,0.41999580000000003,0.4174749936,0.42083244000000003
271,2.71,206,4.12,-0.240090396,-0.0009623208000000001,-0.0,0.0,-0.0008383199999999999,0.41999832000000004,0.41747833343999996,0.42167160000000004,-0.240090396,0.0009604,-0.0,0.0,-0.0016766399999999999,0.41999327999999997,0.4166349936,0.42082991999999997
272,2.72,207,4.14,-0.240090396,-0.0009623208000000001,-0.0,0.0,-0.0008383199999999999,0.41999832000000004,0.41747833343999996,0.42167160000000004,-0.240090396,0.0009604,-0.0,0.0,-0.0016766399999999999,0.41999327999999997,0.41663248368,0.42166655999999997
273,2.73,207,4.14,-0.240090396,-0.0009623208000000001,-0.0,0.0,-0.0008383199999999999,0.41999832000000004,0.41747833343999996,0.42167160000000004,-0.240090396,0.0009604,-0.0,0.0,-0.0008366399999999999,0.41999580000000003,0.41747248368,0.42166908000000003
274,2.74,208,4.16,-0.240090396,-0.0009623208000000001,-0.0,0.0,-0.0008383199999999999,0.41999832000000004,0.41747833343999996,0.42167160000000004,-0.240087995,0.0014406,-0.0,0.0,-0.0008366399999999999,0.41999580000000003,0.41747666687999996,0.42166908000000003
275,2.75,208,4.16,-0.240090396,-0.0009623208000000001,-0.0,0.0,-0.00167832,0.41999580000000003,0.41663749679999995,0.42166908000000003,-0.24008367320000001,0.0014406,-0.0,0.0,-0.0008366399999999999,0.41999580000000003,0.41747666687999996,0.42166908000000003
276,2.76,209,4.18,-0.24009375740000002,-0.0009618406,-0.0,0.0,-0.00167832,0.41999580000000003,0.41663749679999995,0.42166908000000003,-0.24008367320000001,0.0014406,-0.0,0.0,-0.0008366399999999999,0.41999580000000003,0.41747917679999996,0.42166908000000003
277,2.77,209,4.18,-0.24009375740000002,-0.0009618406,-0.0,0.0,-0.00167748,0.41999580000000003,0.41663833679999995,0.42166908000000003,-0.24008367320000001,0.0014406,-0.0,0.0,-0.0008366399999999999,0.41999580000000003,0.41747917679999996,0.42166908000000003
278,2.78,210,4.2,-0.24009375740000002,-0.0009618406,-0.0,0.0,-0.00083748,0.41999832000000004,0.41747833679999996,0.42167160000000004,-0.2400860742,0.0009604,-0.0,0.0,-0.0008366399999999999,0.41999580000000003,0.41747917679999996,0.42166908000000003
279,2.79,210,4.2,-0.24009375740000002,-0.0009618406,-0.0,0.0,-0.00083748,0.41999832000000004,0.41747582687999996,0.42167160000000004,-0.2400860742,0.0009604,-0.0,0.0,1.6799999999999998e-06,0.41999664,0.41831749679999997,0.42166992
280,2.8,211,4.22,-0.24009375740000002,-0.0009618406,-0.0,0.0,-0.00083748,0.41999832000000004,0.41747833679999996,0.42083496000000004,-0.24008367320000001,0.0014406,-0.0,0.0,-0.0008383199999999999,0.41999580000000003,0.41747833343999996,0.42166908000000003
281,2.81,211,4.22,-0.24009375740000002,-0.0009618406,-0.0,0.0,-0.00083748,0.41999832000000004,0.41747833679999996,0.42083496000000004,-0.24008367320000001,0.0014406,-0.0,0.0,-0.0008383199999999999,0.41999580000000003,0.41747833343999996,0.42166908000000003
282,2.82,212,4.24,-0.24009519800000004,-0.0004816406,-0.0,0.0,-0.00083748,0.41999832000000004,0.41747833679999996,0.42083496000000004,-0.2400860742,0.0009604,-0.0,0.0,-0.0008383199999999999,0.41999580000000003,0.41748084335999996,0.42083244000000003
283,2.83,212,4.24,-0.240090396,-0.0009623208000000001,-0.0,0.0,-0.00083748,0.41999832000000004,0.41748084672,0.42083496000000004,-0.2400860742,0.0009604,-0.0,0.0,1.6799999999999998e-06,0.41999664,0.41832084335999997,0.42083328
284,2.84,213,4.26,-0.240090396,-0.0009623208000000001,-0.0,0.0,-0.00083748,0.41999832000000004,0.41748084672,0.42083496000000004,-0.2400860742,0.0009604,-0.0,0.0,-0.0008383199999999999,0.41999580000000003,0.41748084335999996,0.42083244000000003
285,2.85,213,4.26,-0.24009375740000002,-0.0009618406,-0.0,0.0,-0.0008383199999999999,0.41999832000000004,0.41748000672,0.42083496000000004,-0.240090396,0.0009604,-0.0,0.0,1.6799999999999998e-06,0.41999664,0.41832000672,0.42083328
286,2.86,214,4.28,-0.240090396,-0.0009623208000000001,-0.0,0.0,-0.0008383199999999999,0.41999832000000004,0.41748000672,0.42083496000000004,-0.240090396,0.0009604,-0.0,0.0,1.6799999999999998e-06,0.41999664,0.41832000672,0.42083328
287,2.87,214,4.28,-0.240090396,-0.0009623208000000001,-0.0,0.0,-0.0008383199999999999,0.41999832000000004,0.41748000672,0.42083496000000004,-0.240090396,0.0009604,-0.0,0.0,1.6799999999999998e-06,0.41999664,0.41832000672,0.42083328
288,2.88,215,4.3,-0.240090396,-0.0009623208000000001,-0.0,0.0,-0.00167832,0.41999580000000003,0.41664000672,0.42083244000000003,-0.240087995,0.0014406,-0.0,0.0,-0.0008383199999999999,0.41999580000000003,0.41748000672,0.42083244000000003
289,2.89,215,4.3,-0.2400860742,-0.000962801,-0.0,0.0,-0.0008383199999999999,0.41999832000000004,0.41748084335999996,0.42083496000000004,-0.240087995,0.0014406,-0.0,0.0,3.3599999999999996e-06,0.41999664,0.41831917679999997,0.42083328
290,2.9,216,4.32,-0.2400875148,-0.00048260100000000004,-0.0,0.0,-0.00083916,0.41999832000000004,0.41748000335999996,0.42083496000000004,-0.24009135640000004,0.0014406,-0.0,0.0,3.3599999999999996e-06,0.41999664,0.41831917679999997,0.42083328
291,2.91,216,4.32,-0.2400875148,-0.00048260100000000004,-0.0,0.0,-0.00083916,0.41999832000000004,0.41748000335999996,0.42083496000000004,-0.24009135640000004,0.0014406,-0.0,0.0,3.3599999999999996e-06,0.41999664,0.41831917679999997,0.42083328
292,2.92,217,4.34,-0.2400875148,-0.00048260100000000004,-0.0,0.0,-0.0008383199999999999,0.41999832000000004,0.41748000672,0.42083496000000004,-0.24009135640000004,0.0014406,-0.0,0.0,-0.00083496,0.41999580000000003,0.4174766736,0.42083244000000003
293,2.93,217,4.34,-0.2400860742,-0.000962801,-0.0,0.0,-0.00083916,0.41999832000000004,0.41747916672,0.42083496000000004,-0.24009135640000004,0.0014406,-0.0,0.0,5.04e-06,0.41999664,0.4183166736,0.42083328
294,2.94,218,4.36,-0.2400860742,-0.000962801,-0.0,0.0,-0.0016791599999999999,0.41999580000000003,0.41663916672,0.42083244000000003,-0.24009375740000002,0.0009604,-0.0,0.0,-0.00083496,0.41999580000000003,0.4174766736,0.42083244000000003
295,2.95,218,4.36,-0.2400875148,-0.00048260100000000004,-0.0,0.0,-0.00083916,0.41999832000000004,0.41748000335999996,0.42083496000000004,-0.24009375740000002,0.0009604,-0.0,0.0,-0.00083496,0.41999580000000003,0.4174766736,0.42083244000000003
296,2.96,219,4.38,-0.24009183660000002,-0.00048212080000000005,-0.0,0.0,-0.00083916,0.41999832000000004,0.41748000335999996,0.42083496000000004,-0.240090396,0.0009604,-0.0,0.0,-0.00083496,0.41999580000000003,0.4174766736,0.42083244000000003
297,2.97,219,4.38,-0.240090396,-0.0009623208000000001,-0.0,0.0,-0.0008383199999999999,0.41999832000000004,0.41748084335999996,0.42083496000000004,-0.240090396,0.0009604,-0.0,0.0,-0.0008366399999999999,0.41999580000000003,0.4174749936,0.42083244000000003
298,2.98,220,4.4,-0.240090396,-0.0009623208000000001,-0.0,0.0,-0.0008383199999999999,0.41999832000000004,0.41748000672,0.42083496000000004,-0.240090396,0.0009604,-0.0,0.0,-0.0016766399999999999,0.41999327999999997,0.41663917679999996,0.42082991999999997
299,2.99,220,4.4,-0.24009183660000002,-0.00048212080000000005,-0.0,0.0,-0.0008383199999999999,0.41999832000000004,0.41748000672,0.42083496000000004,-0.240090396,0.0009604,-0.0,0.0,-0.0008366399999999999,0.41999580000000003,0.41747917679999996,0.42083244000000003
300,3.0,221,4.42,-0.24009183660000002,-0.00048212080000000005,-0.0,0.0,-0.0008383199999999999,0.41999832000000004,0.41748000672,0.42083496000000004,-0.240087995,0.0014406,-0.0,0.0,-0.0008366399999999999,0.41999580000000003,0.41747917679999996,0.42083244000000003
301,3.01,221,4.42,-0.24009183660000002,-0.00048212080000000005,-0.0,0.0,-0.0008383199999999999,0.41999832000000004,0.41747749679999996,0.42083496000000004,-0.240087995,0.0014406,-0.0,0.0,-0.0008366399999999999,0.41999580000000003,0.41747917679999996,0.42083244000000003
302,3.02,222,4.44,-0.24009183660000002,-0.00048212080000000005,-0.0,0.0,-0.00083748,0.41999832000000004,0.41747582687999996,0.42167160000000004,-0.240087995,0.0014406,-0.0,0.0,-0.0016766399999999999,0.41999327999999997,0.41663917679999996,0.42082991999999997
303,3.03,222,4.44,-0.24009519800000004,-0.0004816406,-0.0,0.0,-0.00083748,0.41999832000000004,0.41747582687999996,0.42167160000000004,-0.240090396,0.0009604,-0.0,0.0,-0.0016766399999999999,0.41999327999999997,0.41663917679999996,0.42082991999999997
304,3.04,223,4.46,-0.24009519800000004,-0.0004816406,-0.0,0.0,-0.00083748,0.41999832000000004,0.41747582687999996,0.42167160000000004,-0.24008367320000001,0.0014406,-0.0,0.0,-0.0016766399999999999,0.41999327999999997,0.41663917679999996,0.42082991999999997
305,3.05,223,4.46,-0.24009519800000004,-0.0004816406,-0.0,0.0,-0.00083748,0.41999832000000004,0.41747164368,0.42167160000000004,-0.24008367320000001,0.0014406,-0.0,0.0,-0.0008366399999999999,0.41999580000000003,0.41747666687999996,0.42166908000000003
306,3.06,224,4.48,-0.24009375740000002,-0.0009618406,-0.0,0.0,-0.00083748,0.41999832000000004,0.41747833679999996,0.42083496000000004,-0.2400860742,0.0009604,-0.0,0.0,-0.0008383199999999999,0.41999580000000003,0.41747498687999995,0.42166908000000003
307,3.07,224,4.48,-0.24009519800000004,-0.0004816406,-0.0,0.0,-0.0008366399999999999,0.41999832000000004,0.4174749936,0.42083496000000004,-0.2400860742,0.0009604,-0.0,0.0,-0.0008383199999999999,0.41999580000000003,0.41747749679999996,0.42166908000000003
308,3.08,225,4.5,-0.24009375740000002,-0.0009618406,-0.0,0.0,-0.00083748,0.41999832000000004,0.41747833679999996,0.42083496000000004,-0.2400860742,0.0009604,-0.0,0.0,-0.0008383199999999999,0.41999580000000003,0.41748000672,0.42083244000000003
309,3.09,225,4.5,-0.24009375740000002,-0.0009618406,-0.0,0.0,-0.00083748,0.41999832000000004,0.41747833679999996,0.42083496000000004,-0.2400860742,0.0009604,-0.0,0.0,-0.0008383199999999999,0.41999580000000003,0.41748000672,0.42083244000000003
310,3.1,226,4.52,-0.24009375740000002,-0.0009618406,-0.0,0.0,-0.00083748,0.41999832000000004,0.41747833679999996,0.42083496000000004,-0.2400860742,0.0009604,-0.0,0.0,-0.00167832,0.41999327999999997,0.41664000672,0.42082991999999997
311,3.11,226,4.52,-0.24009375740000002,-0.0009618406,-0.0,0.0,-0.0008383199999999999,0.41999832000000004,0.41748000672,0.42083496000000004,-0.2400860742,0.0009604,-0.0,0.0,-0.0008383199999999999,0.41999580000000003,0.41748000672,0.42083244000000003
312,3.12,227,4.54,-0.24009375740000002,-0.0009618406,-0.0,0.0,-0.0008383199999999999,0.41999832000000004,0.41748000672,0.42083496000000004,-0.2400860742,0.0009604,-0.0,0.0,-0.00167832,0.41999327999999997,0.41664000672,0.42082991999999997
313,3.13,227,4.54,-0.24009519800000004,-0.0004816406,-0.0,0.0,-0.0008383199999999999,0.41999832000000004,0.41748000672,0.42083496000000004,-0.240090396,0.0009604,-0.0,0.0,-0.0008383199999999999,0.41999580000000003,0.41748000672,0.42083244000000003
314,3.14,228,4.56,-0.240090396,-0.0009623208000000001,-0.0,0.0,-0.0008383199999999999,0.41999832000000004,0.41748000672,0.42083496000000004,-0.240090396,0.0009604,-0.0,0.0,-0.0008366399999999999,0.41999580000000003,0.41747917679999996,0.42083244000000003
315,3.15,228,4.56,-0.24009183660000002,-0.00048212080000000005,-0.0,0.0,-0.00083916,0.41999832000000004,0.41748000335999996,0.42083496000000004,-0.2400860742,0.0009604,-0.0,0.0,-0.0008366399999999999,0.41999580000000003,0.41747917679999996,0.42083244000000003
316,3.16,229,4.58,-0.240090396,-0.0009623208000000001,-0.0,0.0,-0.00083916,0.41999832000000004,0.41748000335999996,0.42083496000000004,-0.2400860742,0.0009604,-0.0,0.0,-0.0008366399999999999,0.41999580000000003,0.41747917679999996,0.42083244000000003
317,3.17,229,4.58,-0.240090396,-0.0009623208000000001,-0.0,0.0,-0.00083916,0.41999832000000004,0.41748000335999996,0.42083496000000004,-0.2400860742,0.0009604,-0.0,0.0,-0.0008366399999999999,0.41999580000000003,0.4174749936,0.42083244000000003
318,3.18,230,4.6,-0.240090396,-0.0009623208000000001,-0.0,0.0,-0.00083916,0.41999832000000004,0.41748000335999996,0.42083496000000004,-0.240090396,0.0009604,-0.0,0.0,-0.0008366399999999999,0.41999580000000003,0.41747583024,0.41999580000000003
319,3.19,230,4.6,-0.240090396,-0.0009623208000000001,-0.0,0.0,-0.0008383199999999999,0.41999832000000004,0.41748000672,0.42083496000000004,-0.2400860742,0.0009604,-0.0,0.0,-0.0008366399999999999,0.41999580000000003,0.41747583024,0.41999580000000003
320,3.2,231,4.62,-0.240090396,-0.0009623208000000001,-0.0,0.0,1.6799999999999998e-06,0.41999916,0.41832000672,0.4208358,-0.240090396,0.0009604,-0.0,0.0,-0.0008366399999999999,0.41999580000000003,0.41748001343999996,0.41999580000000003
321,3.21,231,4.62,-0.24009183660000002,-0.00048212080000000005,-0.0,0.0,1.6799999999999998e-06,0.41999916,0.41832084335999997,0.4208358,-0.240087995,0.0014406,-0.0,0.0,-0.0008383199999999999,0.41999580000000003,0.41747833343999996,0.41999580000000003
322,3.22,232,4.64,-0.240090396,-0.0009623208000000001,-0.0,0.0,1.6799999999999998e-06,0.41999916,0.41832168,0.41999916,-0.240090396,0.0009604,-0.0,0.0,-0.0008383199999999999,0.41999580000000003,0.41747833343999996,0.41999580000000003
323,3.23,232,4.64,-0.24009183660000002,-0.00048212080000000005,-0.0,0.0,1.6799999999999998e-06,0.41999916,0.41832084335999997,0.4208358,-0.240090396,0.0009604,-0.0,0.0,-0.0008383199999999999,0.41999580000000003,0.41747749679999996,0.42083244000000003
324,3.24,233,4.66,-0.240090396,-0.0009623208000000001,-0.0,0.0,1.6799999999999998e-06,0.41999916,0.41832084335999997,0.4208358,-0.240090396,0.0009604,-0.0,0.0,-0.0008366399999999999,0.41999580000000003,0.41748168672,0.42083244000000003
325,3.25,233,4.66,-0.24009183660000002,-0.0004802,-0.0,0.0,1.6799999999999998e-06,0.41999916,0.41832084335999997,0.4208358,-0.240090396,0.0009604,-0.0,0.0,-0.0008383199999999999,0.41999580000000003,0.41748000672,0.42083244000000003
326,3.26,234,4.68,-0.24009183660000002,-0.0004802,-0.0,0.0,8.399999999999999e-07,0.41999916,0.41832000335999997,0.4208358,-0.240090396,0.0009604,-0.0,0.0,-0.0008383199999999999,0.41999580000000003,0.41748000672,0.42083244000000003
327,3.27,234,4.68,-0.24009183660000002,-0.0004802,-0.0,0.0,-0.00083916,0.41999832000000004,0.41747749343999996,0.42167160000000004,-0.240090396,0.0009604,-0.0,0.0,-0.0008383199999999999,0.41999580000000003,0.41748000672,0.42083244000000003
328,3.28,235,4.7,-0.24009183660000002,-0.0004802,-0.0,0.0,-0.0008383199999999999,0.41999832000000004,0.41747833343999996,0.42167160000000004,-0.240090396,0.0009604,-0.0,0.0,-0.0008383199999999999,0.41999580000000003,0.41748000672,0.42083244000000003
329,3.29,235,4.7,-0.24009183660000002,-0.0004802,-0.0,0.0,-0.0008383199999999999,0.41999832000000004,0.41747833343999996,0.42167160000000004,-0.2400860742,0.0009604,-0.0,0.0,-0.00084,0.41999832000000004,0.41747832672,0.42083496000000004
330,3.3,236,4.72,-0.24009519800000004,-0.0004802,-0.0,0.0,-0.0008383199999999999,0.41999832000000004,0.41747833343999996,0.42167160000000004,-0.240090396,0.0009604,-0.0,0.0,-0.00083916,0.41999832000000004,0.41748000335999996,0.41999832000000004
331,3.31,236,4.72,-0.240090396,-0.0009604,-0.0,0.0,-0.0008383199999999999,0.41999832000000004,0.41747749679999996,0.42167160000000004,-0.240087995,0.0014406,-0.0,0.0,-0.00084,0.41999832000000004,0.41747832672,0.42083496000000004
332,3.32,237,4.74,-0.240090396,-0.0009604,-0.0,0.0,-0.0008383199999999999,0.41999832000000004,0.41747749679999996,0.42167160000000004,-0.2400860742,0.0009604,-0.0,0.0,-0.00083916,0.41999832000000004,0.41747916672,0.42083496000000004
333,3.33,237,4.74,-0.24009183660000002,-0.0004802,-0.0,0.0,-0.00167832,0.41999580000000003,0.41663749679999995,0.42166908000000003,-0.2400860742,0.0009604,-0.0,0.0,-0.00083916,0.41999832000000004,0.41747916672,0.42083496000000004
334,3.34,238,4.76,-0.24009183660000002,-0.0004802,-0.0,0.0,-0.00167832,0.41999580000000003,0.41663498687999995,0.42166908000000003,-0.2400860742,0.0009604,-0.0,0.0,-0.00083916,0.41999832000000004,0.41747665679999996,0.42083496000000004
335,3.35,238,4.76,-0.24009183660000002,-0.0004802,-0.0,0.0,-0.00167832,0.41999580000000003,0.41663498687999995,0.42166908000000003,-0.2400860742,0.0009604,-0.0,0.0,-0.00083916,0.41999832000000004,0.41747665679999996,0.42083496000000004
336,3.36,239,4.78,-0.24009183660000002,-0.0004802,-0.0,0.0,-0.0008383199999999999,0.41999832000000004,0.41747498687999995,0.42167160000000004,-0.2400860742,0.0009604,-0.0,0.0,-0.00083916,0.41999832000000004,0.41747665679999996,0.42083496000000004
337,3.37,239,4.78,-0.2400875148,-0.0004802,-0.0,0.0,-0.0008383199999999999,0.41999832000000004,0.41747498687999995,0.42167160000000004,-0.2400860742,0.0009604,-0.0,0.0,-0.00083916,0.41999832000000004,0.41747665679999996,0.42083496000000004
338,3.38,240,4.8,-0.2400875148,-0.0004802,-0.0,0.0,-0.0008383199999999999,0.41999832000000004,0.41748000672,0.42083496000000004,-0.2400860742,0.0009604,-0.0,0.0,-0.0008383199999999999,0.41999832000000004,0.41747749679999996,0.42083496000000004
339,3.39,240,4.8,-0.2400875148,-0.0004802,-0.0,0.0,-0.0008383199999999999,0.41999832000000004,0.41747749679999996,0.42167160000000004,-0.2400860742,0.0009604,-0.0,0.0,-0.0008383199999999999,0.41999832000000004,0.41747749679999996,0.42083496000000004
340,3.4,241,4.82,-0.2400860742,-0.0009604,-0.0,0.0,-0.0008383199999999999,0.41999832000000004,0.41747749679999996,0.42167160000000004,-0.240090396,0.0009604,-0.0,0.0,-0.0008383199999999999,0.41999832000000004,0.41747080368,0.42167160000000004
341,3.41,241,4.82,-0.2400860742,-0.0009604,-0.0,0.0,-0.0008383199999999999,0.41999832000000004,0.41747749679999996,0.42167160000000004,-0.240090396,0.0009604,-0.0,0.0,-0.00083916,0.41999832000000004,0.41746996368,0.42167160000000004
342,3.42,242,4.84,-0.2400875148,-0.0004802,-0.0,0.0,-0.00167832,0.41999580000000003,0.41663749679999995,0.42166908000000003,-0.240090396,0.0009604,-0.0,0.0,-0.0016791599999999999,0.41999580000000003,0.4166324736,0.42083244000000003
343,3.43,242,4.84,-0.2400875148,-0.0004802,-0.0,0.0,-0.00167832,0.41999580000000003,0.41663749679999995,0.42166908000000003,-0.240087995,0.0014406,-0.0,0.0,-0.0016791599999999999,0.41999580000000003,0.41662661712,0.42083244000000003
344,3.44,243,4.86,-0.24009183660000002,-0.0004802,-0.0,0.0,-0.00167748,0.41999580000000003,0.41664084672,0.42083244000000003,-0.240090396,0.0009604,-0.0,0.0,-0.0016791599999999999,0.41999580000000003,0.4166324736,0.42083244000000003
345,3.45,243,4.86,-0.24009183660000002,-0.0004802,-0.0,0.0,-0.0008383199999999999,0.41999832000000004,0.41748000672,0.42083496000000004,-0.240087995,0.0014406,-0.0,0.0,-0.00083916,0.41999832000000004,0.4174724736,0.42083496000000004
346,3.46,244,4.88,-0.24009183660000002,-0.0004802,-0.0,0.0,-0.00083748,0.41999832000000004,0.41748084672,0.42083496000000004,-0.240087995,0.0014406,-0.0,0.0,-0.0016791599999999999,0.41999580000000003,0.4166324736,0.42083244000000003
347,3.47,244,4.88,-0.2400923168,0.0,-0.0,0.0,-0.00083748,0.41999832000000004,0.41748168335999997,0.42083496000000004,-0.240087995,0.0014406,-0.0,0.0,-0.0016791599999999999,0.41999580000000003,0.4166324736,0.42083244000000003
348,3.48,245,4.9,-0.24009183660000002,-0.0004802,-0.0,0.0,-0.00083748,0.41999832000000004,0.41748084672,0.42083496000000004,-0.240087995,0.0014406,-0.0,0.0,-0.00083916,0.41999832000000004,0.41747665679999996,0.42083496000000004
349,3.49,245,4.9,-0.2400923168,0.0,-0.0,0.0,-0.00083748,0.41999832000000004,0.41748084672,0.42083496000000004,-0.24009135640000004,0.0014406,-0.0,0.0,-0.00083916,0.41999832000000004,0.41747665679999996,0.42083496000000004
350,3.5,246,4.92,-0.2400923168,0.0,-0.0,0.0,-0.00083748,0.41999832000000004,0.41748084672,0.42083496000000004,-0.240087995,0.0014406,-0.0,0.0,-0.0016791599999999999,0.41999580000000003,0.41663665679999995,0.42083244000000003
351,3.51,246,4.92,-0.2400923168,0.0,-0.0,0.0,-0.00083748,0.41999832000000004,0.41747833679999996,0.42083496000000004,-0.240087995,0.0014406,-0.0,0.0,-0.0016791599999999999,0.41999580000000003,0.41663916672,0.42083244000000003
352,3.52,247,4.94,-0.2400923168,0.0,-0.0,0.0,-0.00167748,0.41999580000000003,0.41664084672,0.42083244000000003,-0.240087995,0.0014406,-0.0,0.0,-0.00083916,0.41999832000000004,0.41747916672,0.42083496000000004
353,3.53,247,4.94,-0.2400923168,0.0,-0.0,0.0,-0.00083748,0.41999832000000004,0.41747833679999996,0.42083496000000004,-0.24008367320000001,0.0014406,-0.0,0.0,-0.00083916,0.41999832000000004,0.41747916672,0.42083496000000004
354,3.54,248,4.96,-0.2400923168,0.0,-0.0,0.0,-0.00083748,0.41999832000000004,0.41748084672,0.42083496000000004,-0.240087995,0.0014406,-0.0,0.0,-0.0016791599999999999,0.41999580000000003,0.41663916672,0.42083244000000003
355,3.55,248,4.96,-0.2400923168,0.0,-0.0,0.0,-0.0008383199999999999,0.41999832000000004,0.41748000672,0.42083496000000004,-0.24008367320000001,0.0014406,-0.0,0.0,-0.00168,0.41999580000000003,0.41663832672,0.42083244000000003
356,3.56,249,4.98,-0.24009183660000002,-0.0004802,-0.0,0.0,-0.0008383199999999999,0.41999832000000004,0.41748000672,0.42083496000000004,-0.24008367320000001,0.0014406,-0.0,0.0,-0.00168,0.41999580000000003,0.41663832672,0.42083244000000003
357,3.57,249,4.98,-0.2400923168,0.0,-0.0,0.0,1.6799999999999998e-06,0.41999916,0.41832084335999997,0.4208358,-0.24008367320000001,0.0014406,-0.0,0.0,-0.00168,0.41999580000000003,0.41663832672,0.42083244000000003
358,3.58,250,5.0,-0.24009183660000002,-0.0004802,-0.0,0.0,-0.0008383199999999999,0.41999832000000004,0.41748084335999996,0.42083496000000004,-0.24008367320000001,0.0014406,-0.0,0.0,-0.00168,0.41999580000000003,0.41663832672,0.42083244000000003
359,3.59,250,5.0,-0.24009183660000002,-0.0004802,-0.0,0.0,-0.0008383199999999999,0.41999832000000004,0.41747833343999996,0.42167160000000004,-0.24008367320000001,0.0014406,-0.0,0.0,-0.00168,0.41999580000000003,0.41663916335999995,0.42083244000000003
360,3.6,251,5.02,-0.24009183660000002,-0.0004802,-0.0,0.0,-0.0008383199999999999,0.41999832000000004,0.41747833343999996,0.42167160000000004,-0.24008367320000001,0.0014406,-0.0,0.0,-0.0016791599999999999,0.41999580000000003,0.41664000335999996,0.42083244000000003
361,3.61,251,5.02,-0.24009183660000002,-0.0004802,-0.0,0.0,1.6799999999999998e-06,0.41999916,0.41831833343999997,0.42167244,-0.240087995,0.0014406,-0.0,0.0,-0.0016791599999999999,0.41999580000000003,0.41664000335999996,0.42083244000000003
362,3.62,252,5.04,-0.24009183660000002,-0.0004802,-0.0,0.0,-0.0008383199999999999,0.41999832000000004,0.41747833343999996,0.42167160000000004,-0.24008367320000001,0.0014406,-0.0,0.0,-0.00084,0.41999832000000004,0.41747916335999996,0.42083496000000004
363,3.63,252,5.04,-0.24009183660000002,-0.0004802,-0.0,0.0,-0.00084,0.41999916,0.41747665343999996,0.42167244,-0.240087995,0.0014406,-0.0,0.0,-0.00084,0.41999832000000004,0.41747916335999996,0.42083496000000004
364,3.64,253,5.06,-0.2400875148,-0.0004802,-0.0,0.0,-0.0008383199999999999,0.41999832000000004,0.41747833343999996,0.42167160000000004,-0.240087995,0.0014406,-0.0,0.0,-0.00084,0.41999832000000004,0.41747916335999996,0.42083496000000004
365,3.65,253,5.06,-0.2400875148,-0.0004802,-0.0,0.0,-0.0008383199999999999,0.41999832000000004,0.41747833343999996,0.42167160000000004,-0.240090396,0.0009604,-0.0,0.0,-0.00084,0.41999832000000004,0.41747832672,0.42083496000000004
366,3.66,254,5.08,-0.24009183660000002,-0.0004802,-0.0,0.0,-0.00167832,0.41999580000000003,0.41663749679999995,0.42166908000000003,-0.240090396,0.0009604,-0.0,0.0,-0.00084,0.41999832000000004,0.41747999999999996,0.41999832000000004
367,3.67,254,5.08,-0.24009183660000002,-0.0004802,-0.0,0.0,-0.0008383199999999999,0.41999832000000004,0.41747749679999996,0.42167160000000004,-0.240090396,0.0009604,-0.0,0.0,-0.00084,0.41999832000000004,0.41747999999999996,0.41999832000000004
368,3.68,255,5.1,-0.2400923168,0.0,-0.0,0.0,-0.00167832,0.41999580000000003,0.41663833343999995,0.42166908000000003,-0.240087995,0.0014406,-0.0,0.0,-0.00084,0.41999832000000004,0.41747916335999996,0.42083496000000004
369,3.69,255,5.1,-0.24009183660000002,-0.0004802,-0.0,0.0,-0.0008383199999999999,0.41999832000000004,0.41747833343999996,0.42167160000000004,-0.240087995,0.0014406,-0.0,0.0,-0.00083916,0.41999832000000004,0.41747916672,0.42083412336000003
370,3.7,256,5.12,-0.24009183660000002,-0.0004802,-0.0,0.0,-0.0008383199999999999,0.41999832000000004,0.41747833343999996,0.42167160000000004,-0.24009135640000004,0.0014406,-0.0,0.0,-0.00083916,0.41999832000000004,0.41747916672,0.42083412336000003
371,3.71,256,5.12,-0.24009183660000002,-0.0004802,-0.0,0.0,-0.0008383199999999999,0.41999832000000004,0.41747833343999996,0.42167160000000004,-0.240087995,0.0014406,-0.0,0.0,-0.00083916,0.41999832000000004,0.41747916672,0.42083412336000003
372,3.72,257,5.14,-0.24009183660000002,-0.0004802,-0.0,0.0,-0.00167832,0.41999580000000003,0.41664084335999996,0.42083244000000003,-0.240090396,0.0009604,-0.0,0.0,-0.0008383199999999999,0.41999832000000004,0.41747749679999996,0.42083328672000003
373,3.73,257,5.14,-0.24009183660000002,-0.0004802,-0.0,0.0,-0.00167832,0.41999580000000003,0.41664084335999996,0.42083244000000003,-0.240090396,0.0009604,-0.0,0.0,-0.00083916,0.41999832000000004,0.41747665679999996,0.42083328672000003
374,3.74,258,5.16,-0.240090396,-0.0009604,-0.0,0.0,-0.0008383199999999999,0.41999832000000004,0.41748084335999996,0.42083496000000004,-0.240090396,0.0009604,-0.0,0.0,-0.0008383199999999999,0.41999832000000004,0.41747833343999996,0.41999664672000003
375,3.75,258,5.16,-0.24009183660000002,-0.0004802,-0.0,0.0,-0.0008383199999999999,0.41999832000000004,0.41748084335999996,0.42083496000000004,-0.240090396,0.0009604,-0.0,0.0,-0.0008383199999999999,0.41999832000000004,0.41747833343999996,0.41999664672000003
376,3.76,259,5.18,-0.2400875148,-0.0004802,-0.0,0.0,-0.00084,0.41999916,0.41747916335999996,0.4208358,-0.240090396,0.0009604,-0.0,0.0,-0.0008383199999999999,0.41999832000000004,0.41747415024,0.41999581008000003
377,3.77,259,5.18,-0.24009183660000002,-0.0004802,-0.0,0.0,-0.00084,0.41999916,0.41747916335999996,0.4208358,-0.240090396,0.0009604,-0.0,0.0,-0.00084,0.41999916,0.41747247024,0.41999665008
378,3.78,260,5.2,-0.2400875148,-0.0004802,-0.0,0.0,-0.00084,0.41999916,0.41747916335999996,0.4208358,-0.240090396,0.0009604,-0.0,0.0,-0.00084,0.41999916,0.4174716336,0.42083329008
379,3.79,260,5.2,-0.2400875148,-0.0004802,-0.0,0.0,-0.00084,0.41999916,0.41747999999999996,0.41999916,-0.240090396,0.0009604,-0.0,0.0,-0.00084,0.41999916,0.41746577712,0.42083245344
380,3.8,261,5.22,-0.240090396,-0.0009604,-0.0,0.0,-0.00084,0.41999916,0.41747916335999996,0.41999916,-0.240090396,0.0009604,-0.0,0.0,-0.00084,0.41999916,0.41746577712,0.42083245344
381,3.81,261,5.22,-0.24009183660000002,-0.0004802,-0.0,0.0,-0.00084,0.41999916,0.41747916335999996,0.41999916,-0.240090396,0.0009604,-0.0,0.0,-0.00084,0.41999916,0.41746577712,0.42083245344
382,3.82,262,5.24,-0.24009183660000002,-0.0004802,-0.0,0.0,-0.00084,0.41999916,0.41747916335999996,0.41999916,-0.240090396,0.0009604,-0.0,0.0,-0.00084,0.41999916,0.41746577712,0.42083245344
383,3.83,262,5.24,-0.24009183660000002,-0.0004802,-0.0,0.0,-0.00084,0.41999916,0.41747916335999996,0.41999916,-0.240090396,0.0009604,-0.0,0.0,-0.00084,0.41999916,0.41745824736,0.4208316168
384,3.84,263,5.26,-0.240090396,-0.0009604,-0.0,0.0,-0.00084,0.41999916,0.41747832672,0.4208358,-0.24009375740000002,0.0009604,-0.0,0.0,-0.00084,0.41999916,0.41745824736,0.4208316168
385,3.85,263,5.26,-0.240090396,-0.0009604,-0.0,0.0,-0.00084,0.41999916,0.41747832672,0.4208358,-0.24009375740000002,0.0009604,-0.0,0.0,-0.00168,0.41999664,0.41661824735999997,0.42082909679999997
386,3.86,264,5.28,-0.240090396,-0.0009604,-0.0,0.0,-0.00084,0.41999916,0.41747832672,0.4208358,-0.240090396,0.0009604,-0.0,0.0,-0.0016766399999999999,0.41999580000000003,0.41662997375999994,0.41999245344
387,3.87,264,5.28,-0.240090396,-0.0009604,-0.0,0.0,-0.00084,0.41999916,0.41747832672,0.4208358,-0.240090396,0.0009604,-0.0,0.0,-0.0016766399999999999,0.41999580000000003,0.41662997375999994,0.41999245344
388,3.88,265,5.3,-0.24009183660000002,-0.0004802,-0.0,0.0,-0.00084,0.41999916,0.41747916335999996,0.4208358,-0.240090396,0.0009604,-0.0,0.0,-0.00167748,0.41999580000000003,0.41662829712,0.42082909344
389,3.89,265,5.3,-0.24009183660000002,-0.0004802,-0.0,0.0,-0.00084,0.41999916,0.41747916335999996,0.4208358,-0.240090396,0.0009604,-0.0,0.0,-0.00167748,0.41999580000000003,0.4166341536,0.42082993008
390,3.9,266,5.32,-0.24009183660000002,-0.0004802,-0.0,0.0,-0.00084,0.41999916,0.41747916335999996,0.4208358,-0.240090396,0.0009604,-0.0,0.0,-0.00167748,0.41999580000000003,0.4166341536,0.42082993008
391,3.91,266,5.32,-0.24009183660000002,-0.0004802,-0.0,0.0,-0.00084,0.41999916,0.41747832672,0.4208358,-0.240090396,0.0009604,-0.0,0.0,-0.00167832,0.41999580000000003,0.4166333136,0.42082993008
392,3.92,267,5.34,-0.24009183660000002,-0.0004802,-0.0,0.0,-0.00084,0.41999916,0.41747832672,0.4208358,-0.240090396,0.0009604,-0.0,0.0,-0.00168,0.41999664,0.41663581679999995,0.42083160672
393,3.93,267,5.34,-0.24009183660000002,-0.0004802,-0.0,0.0,-0.00084,0.41999916,0.41747832672,0.4208358,-0.240090396,0.0009604,-0.0,0.0,-0.00168,0.41999664,0.41663581679999995,0.42083160672
394,3.94,268,5.36,-0.24009183660000002,-0.0004802,-0.0,0.0,-0.00084,0.41999916,0.41747832672,0.4208358,-0.240087995,0.0014406,-0.0,0.0,-0.00168,0.41999664,0.41663581679999995,0.42083328
395,3.95,268,5.36,-0.24009183660000002,-0.0004802,-0.0,0.0,-0.00084,0.41999916,0.41747581679999995,0.42167244,-0.240087995,0.0014406,-0.0,0.0,-0.00168,0.41999664,0.41663832672,0.42083328
396,3.96,269,5.38,-0.24009183660000002,-0.0004802,-0.0,0.0,-0.00084,0.41999916,0.41747581679999995,0.42167244,-0.240087995,0.0014406,-0.0,0.0,-0.00168,0.41999664,0.41663832672,0.42083328
397,3.97,269,5.38,-0.24009183660000002,-0.0004802,-0.0,0.0,-0.00084,0.41999916,0.41747581679999995,0.42167244,-0.240090396,0.0009604,-0.0,0.0,-0.00168,0.41999664,0.41663832672,0.42083328
398,3.98,270,5.4,-0.240090396,-0.0009604,-0.0,0.0,-0.00084,0.41999916,0.41747581679999995,0.42167244,-0.240090396,0.0009604,-0.0,0.0,-0.00168,0.41999664,0.41663832672,0.42083328
399,3.99,270,5.4,-0.24009183660000002,-0.0004802,-0.0,0.0,-0.00084,0.41999916,0.41747581679999995,0.42167244,-0.240090396,0.0009604,-0.0,0.0,-0.00168,0.41999664,0.41663832672,0.42083328
400,4.0,271,5.42,-0.240090396,-0.0009604,-0.0,0.0,-0.00084,0.41999916,0.41747581679999995,0.42167244,-0.240087995,0.0014406,-0.0,0.0,-0.00084,0.41999916,0.41747581679999995,0.42167244
401,4.01,271,5.42,-0.24009183660000002,-0.0004802,-0.0,0.0,-0.00084,0.41999916,0.41747665343999996,0.42167244,-0.240087995,0.0014406,-0.0,0.0,-0.00168,0.41999664,0.41663581679999995,0.42166992
402,4.02,272,5.44,-0.24009183660000002,-0.0004802,-0.0,0.0,-0.00084,0.41999916,0.41747665343999996,0.42167244,-0.240087995,0.0014406,-0.0,0.0,-0.00084,0.41999916,0.41747832672,0.4208358
403,4.03,272,5.44,-0.24009183660000002,-0.0004802,-0.0,0.0,-0.00084,0.41999916,0.41747916335999996,0.4208358,-0.240087995,0.0014406,-0.0,0.0,-0.00084,0.41999916,0.41747832672,0.4208358
404,4.04,273,5.46,-0.24009183660000002,-0.0004802,-0.0,0.0,-0.00084,0.41999916,0.41747916335999996,0.4208358,-0.240090396,0.0009604,-0.0,0.0,-0.00168,0.41999664,0.41663832672,0.42083328
405,4.05,273,5.46,-0.24009183660000002,-0.0004802,-0.0,0.0,-0.00084,0.41999916,0.41747916335999996,0.4208358,-0.24009375740000002,0.0009604,-0.0,0.0,-0.00168,0.41999664,0.41663832672,0.42083328
406,4.06,274,5.48,-0.24009183660000002,-0.0004802,-0.0,0.0,-0.0,0.42,0.41831916335999997,0.42083664,-0.24009375740000002,0.0009604,-0.0,0.0,-0.00084,0.41999916,0.41747832672,0.4208358
407,4.07,274,5.48,-0.24009183660000002,-0.0004802,-0.0,0.0,-0.0,0.42,0.41831916335999997,0.42083664,-0.240090396,0.0009604,-0.0,0.0,-0.00084,0.41999916,0.41747665343999996,0.41999916
408,4.08,275,5.5,-0.24009183660000002,-0.0004802,-0.0,0.0,-0.00084,0.41999916,0.41747916335999996,0.4208358,-0.240090396,0.0009604,-0.0,0.0,-0.00084,0.41999916,0.41747665343999996,0.41999916
409,4.09,275,5.5,-0.24009183660000002,-0.0004802,-0.0,0.0,-0.00084,0.41999916,0.41747832672,0.4208358,-0.24009183660000002,0.0004802,-0.0,0.0,-0.00084,0.41999916,0.41747665343999996,0.41999916
410,4.1,276,5.52,-0.24009183660000002,-0.0004802,-0.0,0.0,-0.00084,0.41999916,0.41747832672,0.4208358,-0.24009375740000002,0.0009604,-0.0,0.0,-0.00084,0.41999916,0.41747665343999996,0.41999916
411,4.11,276,5.52,-0.24009183660000002,-0.0004802,-0.0,0.0,-0.0,0.42,0.41831832672,0.42083664,-0.240090396,0.0009604,-0.0,0.0,-0.00084,0.41999916,0.41747665343999996,0.41999916
412,4.12,277,5.54,-0.24009183660000002,-0.0004802,-0.0,0.0,-0.00084,0.41999916,0.41747832672,0.4208358,-0.240090396,0.0009604,-0.0,0.0,-0.00084,0.41999916,0.41747665343999996,0.41999916
413,4.13,277,5.54,-0.24009183660000002,-0.0004802,-0.0,0.0,-0.00084,0.41999916,0.41747832672,0.4208358,-0.240090396,0.0009604,-0.0,0.0,-0.0,0.42,0.41831665343999996,0.42
414,4.14,278,5.56,-0.24009183660000002,-0.0004802,-0.0,0.0,-0.00084,0.41999916,0.41747665343999996,0.42167244,-0.240090396,0.0009604,-0.0,0.0,-0.0,0.42,0.41831665343999996,0.42
415,4.15,278,5.56,-0.24009183660000002,-0.0004802,-0.0,0.0,-0.0,0.42,0.41831916335999997,0.42083664,-0.24009183660000002,0.0004802,-0.0,0.0,-0.0,0.42,0.41831581679999996,0.42083664
416,4.16,279,5.58,-0.24009183660000002,-0.0004802,-0.0,0.0,-0.0,0.42,0.41831916335999997,0.42083664,-0.240090396,0.0009604,-0.0,0.0,-0.0,0.42,0.41831832672,0.42083664
417,4.17,279,5.58,-0.24009183660000002,-0.0004802,-0.0,0.0,-0.0,0.42,0.41831832672,0.42083664,-0.240090396,0.0009604,-0.0,0.0,-0.00084,0.41999916,0.41747832672,0.4208358
418,4.18,280,5.6,-0.24009183660000002,-0.0004802,-0.0,0.0,-0.0,0.42,0.41831665343999996,0.42167328,-0.240090396,0.0009604,-0.0,0.0,-0.0,0.42,0.41831832672,0.42083664
419,4.19,280,5.6,-0.24009183660000002,-0.0004802,-0.0,0.0,-0.0,0.42,0.41831916335999997,0.42083664,-0.240090396,0.0009604,-0.0,0.0,-0.00084,0.41999916,0.41747832672,0.4208358
420,4.2,281,5.62,-0.24009183660000002,-0.0004802,-0.0,0.0,-0.0,0.42,0.41831916335999997,0.42083664,-0.240090396,0.0009604,-0.0,0.0,-0.00084,0.41999916,0.41747832672,0.4208358
421,4.21,281,5.62,-0.24009183660000002,-0.0004802,-0.0,0.0,-0.0,0.42,0.41831916335999997,0.42083664,-0.240090396,0.0009604,-0.0,0.0,-0.00084,0.41999916,0.41747832672,0.4208358
422,4.22,282,5.64,-0.24009183660000002,-0.0004802,-0.0,0.0,-0.0,0.42,0.41831916335999997,0.42083664,-0.240090396,0.0009604,-0.0,0.0,-0.00084,0.41999916,0.41747832672,0.4208358
423,4.23,282,5.64,-0.24009183660000002,-0.0004802,-0.0,0.0,-0.0,0.42,0.41831832672,0.42083664,-0.240090396,0.0009604,-0.0,0.0,-0.00084,0.41999916,0.41747581679999995,0.4208358
424,4.24,283,5.66,-0.24009183660000002,-0.0004802,-0.0,0.0,-0.0,0.42,0.41831916335999997,0.42083664,-0.240090396,0.0009604,-0.0,0.0,-0.00084,0.41999916,0.41747581679999995,0.4208358
425,4.25,283,5.66,-0.24009183660000002,-0.0004802,-0.0,0.0,-0.00084,0.41999916,0.41747916335999996,0.4208358,-0.240090396,0.0009604,-0.0,0.0,-0.00084,0.41999916,0.41747581679999995,0.4208358
426,4.26,284,5.68,-0.24009183660000002,-0.0004802,-0.0,0.0,-0.00084,0.41999916,0.41747832672,0.4208358,-0.240090396,0.0009604,-0.0,0.0,-0.00084,0.41999916,0.4174716336,0.4208358
427,4.27,284,5.68,-0.24009183660000002,-0.0004802,-0.0,0.0,-0.0,0.42,0.41831832672,0.42083664,-0.240090396,0.0009604,-0.0,0.0,-0.00168,0.41999664,0.4166316336,0.42083328
428,4.28,285,5.7,-0.24009183660000002,-0.0004802,-0.0,0.0,-0.00084,0.41999916,0.41747832672,0.4208358,-0.240090396,0.0009604,-0.0,0.0,-0.00168,0.41999664,0.41662912368,0.42166992
429,4.29,285,5.7,-0.24009183660000002,-0.0004802,-0.0,0.0,-0.0,0.42,0.41831832672,0.42083664,-0.240090396,0.0009604,-0.0,0.0,-0.00168,0.41999664,0.4166316336,0.42083328
430,4.3,286,5.72,-0.24009183660000002,-0.0004802,-0.0,0.0,-0.00084,0.41999916,0.41747832672,0.4208358,-0.240090396,0.0009604,-0.0,0.0,-0.00084,0.41999916,0.4174716336,0.4208358
431,4.31,286,5.72,-0.2400923168,0.0,-0.0,0.0,-0.0,0.42,0.41831832672,0.42083664,-0.240090396,0.0009604,-0.0,0.0,-0.00084,0.41999916,0.41746912368,0.42167244
432,4.32,287,5.74,-0.24009183660000002,-0.0004802,-0.0,0.0,-0.0,0.42,0.41831832672,0.42083664,-0.240090396,0.0009604,-0.0,0.0,-0.00084,0.41999916,0.4174716336,0.4208358
433,4.33,287,5.74,-0.24009183660000002,-0.0004802,-0.0,0.0,-0.0,0.42,0.41831832672,0.42083664,-0.240087995,0.0014406,-0.0,0.0,-0.00084,0.41999916,0.4174716336,0.4208358
434,4.34,288,5.76,-0.24009183660000002,-0.0004802,-0.0,0.0,-0.0,0.42,0.41831832672,0.42083664,-0.240087995,0.0014406,-0.0,0.0,-0.00084,0.41999916,0.4174716336,0.4208358
435,4.35,288,5.76,-0.24009183660000002,-0.0004802,-0.0,0.0,-0.0,0.42,0.41831916335999997,0.42083664,-0.240087995,0.0014406,-0.0,0.0,-0.00084,0.41999916,0.4174716336,0.4208358
436,4.36,289,5.78,-0.2400875148,-0.0004802,-0.0,0.0,-0.0,0.42,0.41831916335999997,0.42083664,-0.240087995,0.0014406,-0.0,0.0,-0.0,0.42,0.4183116336,0.42083664
437,4.37,289,5.78,-0.24009183660000002,-0.0004802,-0.0,0.0,-0.0,0.42,0.41831916335999997,0.42083664,-0.240087995,0.0014406,-0.0,0.0,-0.0,0.42,0.4183116336,0.42083664
438,4.38,290,5.8,-0.24009183660000002,-0.0004802,-0.0,0.0,-0.00084,0.41999916,0.41747916335999996,0.4208358,-0.240087995,0.0014406,-0.0,0.0,-0.0,0.42,0.4183116336,0.42083664
439,4.39,290,5.8,-0.24009183660000002,-0.0004802,-0.0,0.0,-0.0,0.42,0.41831916335999997,0.42083664,-0.24008367320000001,0.0014406,-0.0,0.0,-0.00084,0.41999916,0.41747581679999995,0.4208358
440,4.4,291,5.82,-0.24009183660000002,-0.0004802,-0.0,0.0,-0.0,0.42,0.41831916335999997,0.42083664,-0.240087995,0.0014406,-0.0,0.0,-0.00084,0.41999916,0.41747581679999995,0.4208358
441,4.41,291,5.82,-0.2400875148,-0.0004802,-0.0,0.0,-0.0,0.42,0.41831916335999997,0.42083664,-0.240087995,0.0014406,-0.0,0.0,-0.0,0.42,0.41831581679999996,0.42083664
442,4.42,292,5.84,-0.2400875148,-0.0004802,-0.0,0.0,0.00084,0.41999916,0.41915916336,0.4208358,-0.240087995,0.0014406,-0.0,0.0,-0.0,0.42,0.41831832672,0.42083664
443,4.43,292,5.84,-0.2400875148,-0.0004802,-0.0,0.0,-0.0,0.42,0.41831916335999997,0.42083664,-0.24008367320000001,0.0014406,-0.0,0.0,-0.00084,0.41999916,0.41747832672,0.4208358
444,4.44,293,5.86,-0.24009183660000002,-0.0004802,-0.0,0.0,-0.0,0.42,0.41831916335999997,0.42083664,-0.240087995,0.0014406,-0.0,0.0,-0.0,0.42,0.41831832672,0.42083664
445,4.45,293,5.86,-0.24009183660000002,-0.0004802,-0.0,0.0,-0.0,0.42,0.41831916335999997,0.42083664,-0.24008367320000001,0.0014406,-0.0,0.0,-0.00084,0.41999916,0.41747832672,0.4208358
446,4.46,294,5.88,-0.24009183660000002,-0.0004802,-0.0,0.0,-0.0,0.42,0.41831916335999997,0.42083664,-0.240087995,0.0014406,-0.0,0.0,-0.00084,0.41999916,0.41747916335999996,0.4208358
447,4.47,294,5.88,-0.24009183660000002,-0.0004802,-0.0,0.0,-0.0,0.42,0.41831916335999997,0.42083664,-0.240087995,0.0014406,-0.0,0.0,-0.00084,0.41999916,0.41747916335999996,0.4208358
448,4.48,295,5.9,-0.24009183660000002,-0.0004802,-0.0,0.0,-0.00084,0.41999916,0.41747916335999996,0.4208358,-0.24008367320000001,0.0014406,-0.0,0.0,-0.00084,0.41999916,0.41747916335999996,0.4208358
449,4.49,295,5.9,-0.24009183660000002,-0.0004802,-0.0,0.0,-0.00084,0.41999916,0.41747916335999996,0.4208358,-0.240087995,0.0014406,-0.0,0.0,-0.00084,0.41999916,0.41747999999999996,0.41999916
450,4.5,296,5.92,-0.24009183660000002,-0.0004802,-0.0,0.0,-0.0,0.42,0.41831916335999997,0.42083664,-0.240087995,0.0014406,-0.0,0.0,-0.0,0.42,0.41831999999999997,0.42
451,4.51,296,5.92,-0.24009183660000002,-0.0004802,-0.0,0.0,-0.0,0.42,0.41831832672,0.42083664,-0.240090396,0.0009604,-0.0,0.0,-0.00084,0.41999916,0.41747916335999996,0.4208358
452,4.52,297,5.94,-0.24009183660000002,-0.0004802,-0.0,0.0,-0.00084,0.41999916,0.41747916335999996,0.4208358,-0.240090396,0.0009604,-0.0,0.0,-0.00084,0.41999916,0.41747999999999996,0.41999916
453,4.53,297,5.94,-0.24009183660000002,-0.0004802,-0.0,0.0,-0.00084,0.41999916,0.41747999999999996,0.41999916,-0.240090396,0.0009604,-0.0,0.0,-0.00084,0.41999916,0.41747916335999996,0.4208358
454,4.54,298,5.96,-0.24009183660000002,-0.0004802,-0.0,0.0,-0.00084,0.41999916,0.41747999999999996,0.41999916,-0.240087995,0.0014406,-0.0,0.0,-0.00084,0.41999916,0.41747832672,0.4208358
455,4.55,298,5.96,-0.24009183660000002,-0.0004802,-0.0,0.0,-0.00084,0.41999916,0.41747999999999996,0.41999916,-0.240090396,0.0009604,-0.0,0.0,-0.00084,0.41999916,0.41747832672,0.4208358
456,4.56,299,5.98,-0.24009183660000002,-0.0004802,-0.0,0.0,-0.00084,0.41999916,0.41747916335999996,0.41999916,-0.2400860742,0.0009604,-0.0,0.0,-0.00084,0.41999916,0.41747832672,0.4208358
457,4.57,299,5.98,-0.24009183660000002,-0.0004802,-0.0,0.0,-0.00084,0.41999916,0.41747832672,0.4208358,-0.240090396,0.0009604,-0.0,0.0,-0.00084,0.41999916,0.41747832672,0.4208358
458,4.58,300,6.0,-0.24009519800000004,-0.0004802,-0.0,0.0,-0.00084,0.41999916,0.41747832672,0.4208358,-0.240090396,0.0009604,-0.0,0.0,-0.00168,0.41999664,0.41663581679999995,0.42166992
459,4.59,300,6.0,-0.24009519800000004,-0.0004802,-0.0,0.0,-0.00168,0.41999664,0.41663832672,0.42083328,-0.2400860742,0.0009604,-0.0,0.0,-0.00168,0.41999664,0.41663581679999995,0.42166992
460,4.6,301,6.02,-0.24009183660000002,-0.0004802,-0.0,0.0,-0.00168,0.41999664,0.41663832672,0.42083328,-0.240090396,0.0009604,-0.0,0.0,-0.00168,0.41999664,0.41663581679999995,0.42166992
461,4.61,301,6.02,-0.24009183660000002,-0.0004802,-0.0,0.0,-0.00168,0.41999664,0.41663832672,0.42083328,-0.240090396,0.0009604,-0.0,0.0,-0.00168,0.41999664,0.41663581679999995,0.42166992
462,4.62,302,6.04,-0.24009183660000002,-0.0004802,-0.0,0.0,-0.00168,0.41999664,0.41663916335999995,0.42083328,-0.240090396,0.0009604,-0.0,0.0,-0.00084,0.41999916,0.41747330687999995,0.42167244
463,4.63,302,6.04,-0.24009183660000002,-0.0004802,-0.0,0.0,-0.00168,0.41999664,0.41663916335999995,0.42083328,-0.240090396,0.0009604,-0.0,0.0,-0.00084,0.41999916,0.41747330687999995,0.42167244
464,4.64,303,6.06,-0.24009183660000002,-0.0004802,-0.0,0.0,-0.00168,0.41999664,0.41663665343999995,0.42166992,-0.240090396,0.0009604,-0.0,0.0,-0.00084,0.41999916,0.41747330687999995,0.42167244
465,4.65,303,6.06,-0.240090396,-0.0009604,-0.0,0.0,-0.00168,0.41999664,0.41663832672,0.42083328,-0.240090396,0.0009604,-0.0,0.0,-0.00084,0.41999916,0.41747581679999995,0.4208358
466,4.66,304,6.08,-0.240090396,-0.0009604,-0.0,0.0,-0.00168,0.41999664,0.41663832672,0.42083328,-0.2400860742,0.0009604,-0.0,0.0,-0.0,0.42,0.41831581679999996,0.42083664
467,4.67,304,6.08,-0.240090396,-0.0009604,-0.0,0.0,-0.00084,0.41999916,0.41747916335999996,0.4208358,-0.240090396,0.0009604,-0.0,0.0,-0.00084,0.41999916,0.41747581679999995,0.4208358
468,4.68,305,6.1,-0.240090396,-0.0009604,-0.0,0.0,-0.00084,0.41999916,0.41747916335999996,0.4208358,-0.240090396,0.0009604,-0.0,0.0,-0.00084,0.41999916,0.41747665343999996,0.41999916
469,4.69,305,6.1,-0.240090396,-0.0009604,-0.0,0.0,-0.00084,0.41999916,0.41747916335999996,0.41999916,-0.240090396,0.0009604,-0.0,0.0,-0.00084,0.41999916,0.41747665343999996,0.41999916
470,4.7,306,6.12,-0.240090396,-0.0009604,-0.0,0.0,-0.00084,0.41999916,0.41747916335999996,0.4208358,-0.240090396,0.0009604,-0.0,0.0,-0.0,0.42,0.41831665343999996,0.42
471,4.71,306,6.12,-0.24009183660000002,-0.0004802,-0.0,0.0,-0.00084,0.41999916,0.41747999999999996,0.41999916,-0.240087995,0.0014406,-0.0,0.0,-0.0,0.42,0.41831916335999997,0.42
472,4.72,307,6.14,-0.24009183660000002,-0.0004802,-0.0,0.0,-0.00084,0.41999916,0.41747832672,0.4208358,-0.240087995,0.0014406,-0.0,0.0,-0.0,0.42,0.41831832672,0.42083664
473,4.73,307,6.14,-0.24009183660000002,-0.0004802,-0.0,0.0,-0.0,0.42,0.41831832672,0.42083664,-0.24008367320000001,0.0014406,-0.0,0.0,-0.0,0.42,0.41831832672,0.42083664
474,4.74,308,6.16,-0.2400875148,-0.0004802,-0.0,0.0,-0.00084,0.41999916,0.41747832672,0.4208358,-0.240087995,0.0014406,-0.0,0.0,-0.0,0.42,0.41831832672,0.42083664
475,4.75,308,6.16,-0.2400875148,-0.000477799,-0.0,0.0,-0.00084,0.41999916,0.41747916335999996,0.41999916,-0.240087995,0.0014406,-0.0,0.0,-0.0,0.42,0.41831916335999997,0.42083664
476,4.76,309,6.18,-0.24008079200000002,-0.0009575188,-0.0,0.0,-0.0008383199999999999,0.41999832000000004,0.41748000672,0.41916251664000004,-0.240087995,0.0014406,-0.0,0.0,-0.0,0.42,0.41831999999999997,0.42
477,4.77,309,6.18,-0.2400707078,-0.0023981188,-0.0,0.0,2.52e-06,0.41999916,0.4183141536,0.41749007664,-0.240090396,0.0009604,-0.0,0.0,-0.0,0.41999916,0.41831999999999997,0.41999916
478,4.78,310,6.2,-0.2400572622,-0.003839199,-0.0,0.0,0.0008425199999999999,0.41999832000000004,0.41913825744,0.41581679328000004,-0.2400923168,0.0,-0.0,0.0,0.00084,0.41999832000000004,0.41915916336,0.41916168000000004
479,4.79,310,6.2,-0.24001884620000002,-0.005759999,-0.0,0.0,0.0016816799999999999,0.41999580000000003,0.41994060528,0.41330268000000003,-0.240090396,-0.0009604,-0.0,0.0,0.00084,0.41999832000000004,0.41915665343999997,0.41832504000000004
480,4.8,311,6.22,-0.23994009340000003,-0.0086436,-0.0,0.0,0.00336,0.41998655999999995,0.42156538031999996,0.41078351999999996,-0.24008463359999999,-0.0019208,-0.0,0.0,0.00083916,0.41999832000000004,0.41915163024,0.41748840000000004
481,4.81,311,6.22,-0.23979939480000004,-0.012005480200000002,-0.0,0.0,0.0042,0.419979,0.42233510255999995,0.40826604,-0.24006878699999998,-0.0033614,-0.0,0.0,0.00167832,0.41999580000000003,0.41998493375999996,0.41664924000000003
482,4.82,312,6.24,-0.2395751414,-0.015828832600000002,-0.0,0.0,0.005043359999999999,0.41996892,0.423091452,0.40574604000000003,-0.24003997500000002,-0.004799599000000001,-0.0,0.0,0.00167832,0.41999580000000003,0.419977404,0.41581260000000003
483,4.83,312,6.24,-0.2392851006,-0.0196608286,-0.0,0.0,0.0058926000000000004,0.41995128,0.42383694864,0.40322433648,-0.23997995000000003,-0.007200599,-0.0,0.0,0.00251748,0.4199916,0.42080736096,0.41497176
484,4.84,313,6.26,-0.2388759702,-0.023969183,-0.0,0.0,0.007590239999999999,0.41990172,0.42542666207999996,0.40066485648,-0.23991464280000002,-0.009118998,-0.0,0.0,0.00335496,0.41998319999999995,0.42163312799999997,0.41412671999999995
485,4.85,313,6.26,-0.23845387440000002,-0.027772847200000002,-0.0,0.0,0.00847392,0.41981436,0.4261748064,0.39806841312,-0.2398339692,-0.011037397,-0.0,0.0,0.00419496,0.41997564,0.4224605784,0.41328252
486,4.86,314,6.28,-0.2380476252,-0.031133767000000003,-0.0,0.0,0.009382799999999998,0.4196556,0.42703934448,0.39707970624,-0.23970623600000002,-0.0134369564,-0.0,0.0,0.00587328,0.41995547999999994,0.42412467552,0.41242571999999994
487,4.87,314,6.28,-0.2376716286,-0.033986155,-0.0,0.0,0.011132519999999998,0.41941368,0.4287555988799999,0.39599947296,-0.23956505720000001,-0.0158211494,-0.0,0.0,0.007554959999999999,0.4199286,0.42579045936,0.4115622
488,4.88,315,6.3,-0.2373258846,-0.0363857144,-0.0,0.0,0.01286964,0.41915244,0.4304450304,0.39490159296,-0.239434923,-0.0177400286,-0.0,0.0,0.009229919999999999,0.41988492,0.42746541936,0.41151768336
489,4.89,315,6.3,-0.23694892760000003,-0.038778070799999995,-0.0,0.0,0.01458828,0.41889708,0.43218374976,0.3946428864,-0.2392851006,-0.019658907800000004,-0.0,0.0,0.010904879999999999,0.41982780000000003,0.42914037936,0.41146056336000003
490,4.9,316,6.32,-0.23670738700000002,-0.0401668092,-0.0,0.0,0.016306919999999996,0.41860812,0.43390991951999996,0.39435225312,-0.2391232732,-0.0215787474,-0.0,0.0,0.012584879999999998,0.41974296,0.4308003,0.41053657344
491,4.91,316,6.32,-0.23661855,-0.040632123,-0.0,0.0,0.018854639999999995,0.4183158,0.43646767919999996,0.39405491328000003,-0.238945119,-0.0234995474,-0.0,0.0,0.015109079999999999,0.41958588,0.43331446032,0.41037614688
492,4.92,317,6.34,-0.23653115360000002,-0.0410974368,-0.0,0.0,0.02050944,0.41817215999999996,0.43812498912,0.39390959999999997,-0.23875063800000002,-0.025421788,-0.0,0.0,0.0168,0.41942124,0.43493761247999996,0.40852735056
493,4.93,317,6.34,-0.2364346334,-0.0415526664,-0.0,0.0,0.02299332,0.41804364,0.44055699743999993,0.39294276672,-0.23853935,-0.0273200186,-0.0,0.0,0.01932,0.41921963999999995,0.43735052256,0.40664243087999996
494,4.94,318,6.36,-0.23641734620000002,-0.0415238544,-0.0,0.0,0.024604439999999998,0.41794956,0.44200580928,0.39036302928,-0.23836935920000002,-0.0287610988,-0.0,0.0,0.021818159999999996,0.4190256,0.43967884463999996,0.4039158816
495,4.95,318,6.36,-0.236407262,-0.041509928599999996,-0.0,0.0,0.027076560000000003,0.41792687999999995,0.44434155696000005,0.38865870287999993,-0.23824978940000002,-0.029722939400000002,-0.0,0.0,0.02349648,0.41889708,0.4411454947199999,0.40124815919999995
496,4.96,319,6.38,-0.23632322700000002,-0.041988207799999996,-0.0,0.0,0.02955204,0.41788236,0.44653174271999996,0.38526343968,-0.2380692342,-0.0311582572,-0.0,0.0,0.02601396,0.41874839999999997,0.44340612624,0.39776128559999996
497,4.97,319,6.38,-0.2361522758,-0.0429447662,-0.0,0.0,0.03203088,0.41781599999999997,0.44868345647999996,0.3818362968,-0.2378795552,-0.0325882928,-0.0,0.0,0.02853144,0.4185846,0.44571360959999995,0.39506162976
498,4.98,320,6.4,-0.235888646,-0.044340227399999994,-0.0,0.0,0.034535760000000006,0.41778072,0.45089718576,0.37928356704,-0.23767499,-0.0339803926,-0.0,0.0,0.031048919999999994,0.41844348,0.44799934031999994,0.39240305999999997
499,4.99,320,6.4,-0.235542902,-0.04628167600000001,-0.0,0.0,0.037044839999999996,0.41766732,0.45308499599999996,0.37665271728,-0.23738687,-0.035887747,-0.0,0.0,0.0327096,0.41835192,0.44955293039999994,0.39061814064
500,5.0,321,6.42,-0.2351841926,-0.0482231246,-0.0,0.0,0.03951864,0.41748588,0.4552743384,0.37400402592,-0.23715493340000002,-0.037312980600000004,-0.0,0.0,0.034388760000000004,0.41825196,0.45105890592,0.38801077056
501,5.01,321,6.42,-0.2347981118,-0.0501011868,-0.0,0.0,0.04205208,0.41728764,0.45759778176,0.37213250592,-0.236832239,-0.03921937460000001,-0.0,0.0,0.03608387999999999,0.41817468,0.45271386719999995,0.3862735968
502,5.02,322,6.44,-0.23439282300000003,-0.0520229472,-0.0,0.0,0.04458384,0.41707259999999996,0.4598509406399999,0.36941256576,-0.23656140620000002,-0.040601870400000004,-0.0,0.0,0.037762199999999996,0.41805624,0.45440473679999993,0.38533106640000003
503,5.03,322,6.44,-0.234075891,-0.053460666000000004,-0.0,0.0,0.0462966,0.41693399999999997,0.46140222912,0.36759148272,-0.236227187,-0.0425149872,-0.0,0.0,0.03944052,0.4179294,0.45605210111999994,0.38356608528
504,5.04,323,6.46,-0.233634107,-0.055311837,-0.0,0.0,0.048832560000000004,0.41664924000000003,0.4635299088,0.36396685584000005,-0.23616236000000002,-0.04300191,-0.0,0.0,0.04027968,0.41787564000000005,0.45683855279999996,0.38185577808000004
505,5.05,323,6.46,-0.233173115,-0.05721102799999999,-0.0,0.0,0.0505512,0.416451,0.46492476911999997,0.36126371568000004,-0.23608456760000002,-0.043488832799999995,-0.0,0.0,0.04111884,0.41781852,0.45758066255999996,0.38014880400000006
506,5.06,324,6.48,-0.2326775486,-0.059038189,-0.0,0.0,0.05224884,0.41624604,0.46628356992,0.35861158368,-0.2361796472,-0.0430143952,-0.0,0.0,0.041958,0.41775804,0.45830938608,0.37842508368
507,5.07,324,6.48,-0.23226073500000002,-0.06043028880000001,-0.0,0.0,0.05396748,0.41603436,0.46761568223999994,0.35589333023999997,-0.23619309280000003,-0.0430220784,-0.0,0.0,0.042797159999999994,0.41771352,0.45900715392,0.37671314016
508,5.08,325,6.5,-0.2318290352,-0.0617604428,-0.0,0.0,0.0547722,0.415926,0.46801714176,0.35327839680000006,-0.23611578060000002,-0.043508040799999995,-0.0,0.0,0.04363631999999999,0.4176606,0.45967898591999995,0.37499781647999997
509,5.09,325,6.5,-0.2314136622,-0.0631573446,-0.0,0.0,0.056482439999999995,0.41566139999999996,0.46943706767999993,0.35135975952,-0.2362098998,-0.0430412864,-0.0,0.0,0.043631279999999995,0.4176984,0.45960534144,0.37420315968000006
510,5.1,326,6.52,-0.231156275,-0.064099497,-0.0,0.0,0.0565194,0.41561687999999997,0.4691753472,0.3496436328,-0.236457683,-0.0416256568,-0.0,0.0,0.044472120000000004,0.41762699999999997,0.46035833424,0.37330432271999997
511,5.11,326,6.52,-0.2310261408,-0.06450046400000001,-0.0,0.0,0.05739552000000001,0.41545728,0.46991844144,0.34866914544,-0.23653115360000002,-0.0411521796,-0.0,0.0,0.0453138,0.41754972,0.4612159104,0.37323708240000003
512,5.12,327,6.54,-0.2308950462,-0.064966258,-0.0,0.0,0.05741148,0.4154094,0.46993440144,0.34864050816,-0.23661855,-0.040668138,-0.0,0.0,0.045314639999999996,0.41755056,0.46131882048,0.37408209216000005
513,5.13,327,6.54,-0.2308950462,-0.064966258,-0.0,0.0,0.056631959999999995,0.41542199999999996,0.46919253023999996,0.34865478143999995,-0.23653115360000002,-0.0411406548,-0.0,0.0,0.0453138,0.41754972,0.46133053007999997,0.37408794528
514,5.14,328,6.56,-0.2311927702,-0.0640966158,-0.0,0.0,0.05580036,0.41542619999999997,0.468493956,0.3495115176,-0.2365004208,-0.0411368132,-0.0,0.0,0.04530708,0.417543,0.46150536096,0.37575785184
515,5.15,328,6.56,-0.2318616888,-0.061733551600000006,-0.0,0.0,0.054125400000000004,0.4156446,0.4671160031999999,0.35141658383999996,-0.23676309020000003,-0.0392044884,-0.0,0.0,0.044462039999999994,0.41762699999999997,0.46083350543999996,0.37751680511999997
516,5.16,329,6.58,-0.2326223256,-0.0589675996,-0.0,0.0,0.05243784,0.4158,0.46574971296,0.35325614016,-0.2371145966,-0.0363352934,-0.0,0.0,0.04361111999999999,0.4176984,0.46014740351999994,0.37926483168
517,5.17,329,6.58,-0.23345739340000002,-0.055709442600000006,-0.0,0.0,0.0507486,0.415947,0.4644603868799999,0.35591975328000003,-0.23764425720000001,-0.0319928448,-0.0,0.0,0.04190508,0.41783196,0.45867478607999995,0.3819024552
518,5.18,330,6.6,-0.2341354358,-0.052924762800000004,-0.0,0.0,0.04906356,0.41614524,0.46318613712,0.35857269504000006,-0.23813454140000004,-0.0276921736,-0.0,0.0,0.04019904,0.41794368000000004,0.45717957936000003,0.38451823872
519,5.19,330,6.6,-0.2347750622,-0.0500762164,-0.0,0.0,0.0464898,0.41643,0.46111101456000003,0.36220401504000005,-0.2385148598,-0.0233530864,-0.0,0.0,0.03847536,0.41803356,0.4556491632,0.38709963264
520,5.2,331,6.62,-0.23537627260000002,-0.04727617020000001,-0.0,0.0,0.043906799999999996,0.4167576,0.45911366255999997,0.366705612,-0.2387612024,-0.020009934000000004,-0.0,0.0,0.035902439999999994,0.41817468,0.45325193759999993,0.38973561312000005
521,5.21,331,6.62,-0.23594242840000001,-0.0444684408,-0.0,0.0,0.04052496,0.4170936,0.45626057903999995,0.37121058912,-0.23895664380000003,-0.0166432518,-0.0,0.0,0.0333144,0.41831999999999997,0.450860508,0.39317896799999996
522,5.22,332,6.64,-0.23671122860000002,-0.040172091400000005,-0.0,0.0,0.03794616,0.41738423999999996,0.45422726832,0.37646501423999995,-0.239168412,-0.01330154,-0.0,0.0,0.029877119999999997,0.41850479999999995,0.4475905559999999,0.39666263951999997
523,5.23,332,6.64,-0.23747042480000002,-0.0354281956,-0.0,0.0,0.0345618,0.41778072,0.45132732288,0.38186125488,-0.2393528088,-0.009480108400000001,-0.0,0.0,0.02730588,0.41864088,0.4451197128,0.40005994224
524,5.24,333,6.66,-0.23819216540000002,-0.0301988176,-0.0,0.0,0.03114972,0.41809403999999994,0.44832435983999996,0.38716931567999996,-0.23947574000000002,-0.00564235,-0.0,0.0,0.023871959999999998,0.41880972,0.44172595151999994,0.40266005808
525,5.25,333,6.66,-0.2388433166,-0.024481076199999997,-0.0,0.0,0.02776536,0.4183788,0.4452780024,0.39245383631999997,-0.23950407180000002,-0.0018012302000000003,-0.0,0.0,0.020476679999999997,0.41903064,0.43834071119999996,0.40531643712
526,5.26,334,6.68,-0.2393758584,-0.018252401999999997,-0.0,0.0,0.02438268,0.418635,0.4422073891199999,0.39852552096,-0.23947574,0.0010977372000000002,-0.0,0.0,0.017985239999999996,0.41922299999999996,0.43582919184,0.40793923631999995
527,5.27,334,6.68,-0.23966878040000003,-0.0129903704,-0.0,0.0,0.02013984,0.41894832,0.43825820976,0.40637194752,-0.2394022694,0.0015668926000000003,-0.0,0.0,0.01637496,0.41939183999999996,0.434151144,0.40971693503999995
528,5.28,335,6.7,-0.23985317720000002,-0.0072274902000000005,-0.0,0.0,0.015917999999999998,0.41917176,0.43419449471999993,0.41579006112,-0.23921018940000002,0.0010833312000000002,-0.0,0.0,0.014764679999999999,0.41953884,0.4325483937599999,0.41571455856
529,5.29,335,6.7,-0.23991464280000002,-0.0023918762000000003,-0.0,0.0,0.012519359999999998,0.41932716,0.4307322700799999,0.42597342816,-0.238985936,0.0020802264000000003,-0.0,0.0,0.013120800000000002,0.41964300000000004,0.4309178999999999,0.42509203632000003
530,5.3,336,6.72,-0.2399035982,0.00148862,-0.0,0.0,0.008295,0.419391,0.42601261919999994,0.43939004256,-0.23895472300000004,0.0045710238,-0.0,0.0,0.01229508,0.41969004000000004,0.42964457759999997,0.43766441376000004
531,5.31,336,6.72,-0.239886311,0.0010309894,-0.0,0.0,0.0049190399999999995,0.41948591999999996,0.42213969504,0.44691683567999996,-0.23905844620000002,0.0060591636,-0.0,0.0,0.012318599999999999,0.419727,0.42917197007999996,0.44593056480000004
532,5.32,337,6.74,-0.2398709446,0.0029820420000000003,-0.0,0.0,0.00408912,0.41957244,0.42054759599999997,0.45613444463999997,-0.239365294,0.0016826208000000002,-0.0,0.0,0.010709159999999999,0.41981688,0.4271174376,0.45084200112
533,5.33,337,6.74,-0.239946336,0.003926115200000001,-0.0,0.0,0.00072828,0.41969592,0.41650991424,0.46377346176,-0.23963804760000001,-0.0003010854000000001,-0.0,0.0,0.009145079999999998,0.4198908,0.42462636047999996,0.45908571072
534,5.34,338,6.76,-0.24003997500000002,0.0009973754,-0.0,0.0,-0.0034507199999999996,0.4198656,0.41151184367999993,0.47149214448,-0.239694231,0.0011135838,-0.0,0.0,0.00506352,0.41996892,0.4195809911999999,0.46655052528
535,5.35,338,6.76,-0.23997466780000004,0.002931621,-0.0,0.0,-0.007628039999999999,0.41986392,0.40647194783999996,0.47812250976,-0.239569379,0.0044557758,-0.0,0.0,0.0009198,0.4199916,0.4146675624,0.47235438768000004
536,5.36,339,6.78,-0.23993673200000004,0.0058161824,-0.0,0.0,-0.0117894,0.41981436,0.40116773759999996,0.48558012048,-0.2395391264,0.0058488360000000005,-0.0,0.0,-0.00242256,0.419979,0.41059314239999994,0.47912275488
537,5.37,339,6.78,-0.23991896460000003,0.007720175400000001,-0.0,0.0,-0.014280000000000001,0.41975724,0.39756607967999996,0.49216675871999993,-0.23974177080000003,0.005342225,-0.0,0.0,-0.0049559999999999995,0.41995632,0.40730588976,0.48598896863999996
538,5.38,340,6.8,-0.23993817260000003,0.0077091308,-0.0,0.0,-0.0176106,0.4195884,0.39303824784,0.49864167695999995,-0.2398771872,0.0038800160000000005,-0.0,0.0,-0.008344559999999999,0.41990844,0.40320032928,0.49202011487999997
539,5.39,340,6.8,-0.2399693856,0.007692804,-0.0,0.0,-0.0217854,0.4192902,0.38777665247999993,0.50422756608,-0.239946336,0.0038723328000000003,-0.0,0.0,-0.01171212,0.41982780000000003,0.39878613263999996,0.49870036272
540,5.4,341,6.82,-0.23994393500000002,0.008641679199999999,-0.0,0.0,-0.02511432,0.41897184,0.38307898943999996,0.51047013696,-0.23995786080000003,0.0048221684,-0.0,0.0,-0.01509144,0.41972448,0.39396528191999997,0.50607911424
541,5.41,341,6.82,-0.2399002368,0.009594396000000002,-0.0,0.0,-0.02765532,0.41867867999999997,0.3789851856,0.5166157584,-0.23996170240000003,0.0057739248,-0.0,0.0,-0.017602200000000002,0.419622,0.3898707624,0.51351308736
542,5.42,342,6.84,-0.23985029600000002,0.010549994,-0.0,0.0,-0.03106908,0.41836619999999997,0.37359277199999996,0.52337037648,-0.2399881134,0.0062502832,-0.0,0.0,-0.0209412,0.419454,0.38478485808,0.52064226144
543,5.43,342,6.84,-0.2397845086,0.011503191000000001,-0.0,0.0,-0.033650400000000004,0.41813100000000003,0.3685977455999999,0.5310774,-0.240011163,0.0062464415999999995,-0.0,0.0,-0.0234024,0.41928768,0.38021950848,0.52869007296
544,5.44,343,6.86,-0.23971872120000004,0.011973787000000001,-0.0,0.0,-0.036219959999999995,0.41783448,0.36349818624,0.53865449904,-0.24000540060000003,0.006723760400000001,-0.0,0.0,-0.025872839999999998,0.4190718,0.3754759176,0.5366590420799999
545,5.45,343,6.86,-0.2396524536,0.012446783999999999,-0.0,0.0,-0.038733239999999995,0.41751612,0.35830849488,0.54631768464,-0.2399900342,0.0072020396,-0.0,0.0,-0.02750412,0.41887019999999997,0.37116320639999995,0.54532498944
546,5.46,344,6.88,-0.239576582,0.012897691800000001,-0.0,0.0,-0.0404544,0.41720448,0.35349929663999996,0.5546978976,-0.2399693856,0.0076812792,-0.0,0.0,-0.029986319999999993,0.41860812,0.36579041519999994,0.55387858512
547,5.47,344,6.88,-0.23950407180000002,0.013854250200000001,-0.0,0.0,-0.042989519999999996,0.41678615999999996,0.34771968672,0.56298732672,-0.2399492172,0.008160999,-0.0,0.0,-0.031617599999999996,0.41834267999999997,0.36105018095999997,0.56239702848
548,5.48,345,6.9,-0.2394354032,0.0143282076,-0.0,0.0,-0.04466028,0.4163628,0.34222715519999997,0.57183310128,-0.2399208854,0.008640238599999999,-0.0,0.0,-0.0332514,0.41813100000000003,0.35579874959999996,0.57175651008
549,5.49,345,6.9,-0.2393619326,0.014802165,-0.0,0.0,-0.04548096,0.4160688,0.33733705824,0.58094042496,-0.239905519,0.008639278200000001,-0.0,0.0,-0.03490452,0.41790588,0.3502761696,0.58105988304
550,5.5,346,6.92,-0.2393081502,0.015266998600000001,-0.0,0.0,-0.0462462,0.41583275999999997,0.33219200783999997,0.5898145579199999,-0.2398685436,0.0091185178,-0.0,0.0,-0.03571848,0.4177404,0.345350124,0.59020787952
551,5.51,346,6.92,-0.2392582094,0.0152602758,-0.0,0.0,-0.04709208,0.41558831999999996,0.32671030560000003,0.59861001312,-0.2398267662,0.0095977574,-0.0,0.0,-0.036482879999999995,0.41761776,0.34023184943999996,0.599524212
552,5.52,347,6.94,-0.2392317984,0.015256914400000002,-0.0,0.0,-0.047056799999999996,0.41551019999999994,0.32185375152,0.60753832272,-0.23978018680000002,0.010076997,-0.0,0.0,-0.036456,0.4175136,0.33526566192,0.6094321228799999
553,5.53,347,6.94,-0.2392317984,0.015256914400000002,-0.0,0.0,-0.047056799999999996,0.41551019999999994,0.31628507567999997,0.6170768553599999,-0.239749454,0.010084200000000001,-0.0,0.0,-0.03641484,0.41745899999999997,0.33044092368,0.61851363168
554,5.54,348,6.96,-0.2392005854,0.015736634200000002,-0.0,0.0,-0.04618236,0.41552364,0.311292996,0.6267585072,-0.23971487959999999,0.010084200000000001,-0.0,0.0,-0.03551856,0.41741784000000004,0.32579530032,0.62814152016
555,5.55,348,6.96,-0.2392005854,0.015736634200000002,-0.0,0.0,-0.04534488,0.4156152,0.3063409272,0.63532690368,-0.2396755032,0.0105644,-0.0,0.0,-0.034571040000000004,0.41730528,0.32044794096,0.63841333584
556,5.56,349,6.98,-0.23917321400000002,0.0157332728,-0.0,0.0,-0.043673279999999995,0.41579328000000004,0.30137295216,0.64469129088,-0.2396538942,0.011054204,-0.0,0.0,-0.032775120000000005,0.41724396,0.3156143256,0.64864268784
557,5.57,349,6.98,-0.2391760952,0.0152501916,-0.0,0.0,-0.04107768,0.4160478,0.2970043608,0.6537296942399999,-0.239634206,0.0110446,-0.0,0.0,-0.0301308,0.4172238,0.31176380927999997,0.6580238515199999
558,5.58,350,7.0,-0.239146803,0.0152468302,-0.0,0.0,-0.037642079999999994,0.41628216,0.29315115311999995,0.66256471344,-0.23963516640000002,0.010553835599999999,-0.0,0.0,-0.02663808,0.41722968,0.30792421632,0.66812462976
559,5.59,350,7.0,-0.2391165504,0.015228102400000002,-0.0,0.0,-0.0333648,0.416556,0.28969034975999997,0.67131789984,-0.2396135574,0.010553835599999999,-0.0,0.0,-0.0231588,0.41727672,0.30374907696,0.6779068128
560,5.6,351,7.02,-0.23911559000000002,0.014744541,-0.0,0.0,-0.0291354,0.41695416,0.285838644,0.6800665636800001,-0.23963516640000002,0.0105644,-0.0,0.0,-0.01890168,0.41741616,0.29943231024,0.6881796364799999
561,5.61,351,7.02,-0.2391448822,0.0142806678,-0.0,0.0,-0.02402904,0.4173582,0.28237446384,0.68863955664,-0.23967646359999997,0.010084200000000001,-0.0,0.0,-0.012991440000000002,0.41765724,0.296377116,0.6987097151999999
562,5.62,352,7.04,-0.239204427,0.0138043094,-0.0,0.0,-0.018159119999999997,0.41789244,0.27885058992,0.6977292772799999,-0.23971583999999999,0.009604,-0.0,0.0,-0.00798672,0.41788152,0.29207086944,0.70878626784
563,5.63,352,7.04,-0.2392913432,0.013331312400000002,-0.0,0.0,-0.01219008,0.41825784,0.27520412639999997,0.7063907995200001,-0.239771063,0.0091238,-0.0,0.0,-0.00126504,0.41805708,0.28904904,0.7183188095999999
564,5.64,353,7.06,-0.239346086,0.0128688798,-0.0,0.0,-0.0052962,0.41840568,0.27193785024,0.71452855152,-0.23982148400000003,0.0086436,-0.0,0.0,0.00545496,0.41812343999999996,0.28563398304,0.72790529616
565,5.65,353,7.06,-0.23937153660000002,0.012389159999999998,-0.0,0.0,0.0016892399999999998,0.41822172,0.26874305472,0.72227259216,-0.23988294960000003,0.0076832,-0.0,0.0,0.012201,0.41800248,0.28185341855999996,0.73680247872
566,5.66,354,7.08,-0.23937153660000002,0.0124030858,-0.0,0.0,0.009649920000000001,0.41764464,0.26597884656,0.72939594672,-0.23990792000000002,0.0076832,-0.0,0.0,0.018975600000000002,0.41769419999999996,0.27837081216,0.7445861807999999
567,5.67,354,7.08,-0.23936769500000002,0.011920965,-0.0,0.0,0.017696279999999998,0.41677272,0.26219511696,0.73679504976,-0.23994777660000002,0.006728082200000001,-0.0,0.0,0.026631359999999996,0.41722716,0.2754146304,0.75201032928
568,5.68,355,7.1,-0.239384502,0.0109740106,-0.0,0.0,0.02572248,0.41568239999999995,0.25873341312,0.74277852096,-0.23994969740000002,0.0062483624,-0.0,0.0,0.0342468,0.41653752,0.27206339328,0.75865467552
569,5.69,355,7.1,-0.239384502,0.010988896800000002,-0.0,0.0,0.03354288,0.41473403999999997,0.25469611439999995,0.7487165447999999,-0.23997274700000001,0.0057729644,-0.0,0.0,0.04192272,0.4156152,0.26833005359999995,0.76527048192
570,5.7,356,7.12,-0.23940611100000003,0.010509177,-0.0,0.0,0.042125159999999995,0.41378987999999994,0.25127428368,0.7541258289599999,-0.23999387580000003,0.005291804,-0.0,0.0,0.04944408,0.41472983999999996,0.26479354271999994,0.7705628716799999
571,5.71,356,7.12,-0.23939650699999998,0.010043383,-0.0,0.0,0.04966752,0.41313131999999997,0.24645779759999997,0.76002485328,-0.24001308380000003,0.0048149654,-0.0,0.0,0.056958720000000004,0.4137067199999999,0.26174643936,0.7752213739199999
572,5.72,357,7.14,-0.23944644780000002,0.0095646236,-0.0,0.0,0.05707128,0.41256684,0.2417637432,0.76475714112,-0.240030371,0.0043333248,-0.0,0.0,0.06354264,0.41276591999999995,0.25734778608,0.77930710704
573,5.73,357,7.14,-0.2395122352,0.008606144399999998,-0.0,0.0,0.06529739999999999,0.41172600000000004,0.23693827919999993,0.76953768528,-0.2400385344,0.0038569664000000004,-0.0,0.0,0.07091364,0.4117638,0.25429090511999997,0.78279941712
574,5.74,358,7.16,-0.23955737400000002,0.0081413108,-0.0,0.0,0.07177128,0.41118924,0.23154776736,0.7729607424,-0.2400529404,0.0033748456000000002,-0.0,0.0,0.07732536,0.41094396,0.24923731055999993,0.7865660376
575,5.75,358,7.16,-0.23964188920000004,0.007190034600000001,-0.0,0.0,0.07816872,0.41050296,0.22671247871999994,0.77568628032,-0.24006542560000002,0.0028927248,-0.0,0.0,0.08289792,0.4103064,0.24472082879999996,0.78882910848
576,5.76,359,7.18,-0.23970575580000003,0.0066987900000000005,-0.0,0.0,0.08375975999999999,0.40983263999999997,0.22082649119999995,0.77766308928,-0.24007502960000002,0.0028888832,-0.0,0.0,0.08846712,0.40946136,0.23918530607999994,0.791868588
577,5.77,359,7.18,-0.23979843440000004,0.0057412712,-0.0,0.0,0.08934911999999999,0.40896155999999995,0.21497145264,0.7799268993599999,-0.24008367320000001,0.0024067624,-0.0,0.0,0.09413544,0.40849199999999997,0.23460896928000002,0.7934710593599998
578,5.78,360,7.2,-0.23985990000000001,0.004782792,-0.0,0.0,0.09422784,0.4080972,0.20804769216000002,0.7825538380799999,-0.240090396,0.0019246416000000001,-0.0,0.0,0.09895199999999998,0.4074966,0.22915159008,0.7949010787199999
579,5.79,360,7.2,-0.2399136824,0.0038243128000000006,-0.0,0.0,0.09821616,0.40728492,0.20181143472000002,0.78549807168,-0.24009375740000002,0.0014444416,-0.0,0.0,0.10388111999999998,0.40632816,0.22477894655999997,0.7959363484799999
580,5.8,361,7.22,-0.23995353900000002,0.0033460336,-0.0,0.0,0.10158036,0.40649196,0.19501213200000003,0.7890079511999999,-0.240090396,0.0019246416000000001,-0.0,0.0,0.10793915999999999,0.40526555999999997,0.21876300432,0.7979676432
581,5.81,361,7.22,-0.23995353900000002,0.0033460336,-0.0,0.0,0.1040928,0.40573848,0.18945517920000002,0.79195409328,-0.240087995,0.0019265624,-0.0,0.0,0.111132,0.40438524,0.21410899776,0.7989045052799999
582,5.82,362,7.24,-0.23996122220000002,0.003827194,-0.0,0.0,0.10592063999999998,0.40509755999999997,0.18512283887999997,0.7946396539199999,-0.2400803118,0.0024067624,-0.0,0.0,0.11449368,0.40337387999999996,0.209515068,0.8002198411199999
583,5.83,362,7.24,-0.23995786080000003,0.0047818316000000005,-0.0,0.0,0.10677492,0.40464732,0.18154627344,0.7966282195200001,-0.240059183,0.0033700436000000003,-0.0,0.0,0.11616360000000002,0.40279932,0.20537201328000004,0.8017469208
584,5.84,363,7.26,-0.23992472700000003,0.0062157088,-0.0,0.0,0.10690343999999999,0.40447932,0.17928534959999998,0.79797286464,-0.240037574,0.0043285228,-0.0,0.0,0.1168944,0.402507,0.20213128319999998,0.8027053775999999
585,5.85,363,7.26,-0.23985317720000002,0.008127385,-0.0,0.0,0.10611635999999999,0.40460364,0.176645112,0.79913963808,-0.240011163,0.0052898832,-0.0,0.0,0.11692799999999999,0.40238603999999994,0.19938640176,0.8035423704
586,5.86,364,7.28,-0.2397653006,0.010038100800000001,-0.0,0.0,0.10372656,0.40522608,0.17506015968,0.7989572304,-0.23996074200000003,0.0062478822,-0.0,0.0,0.11609723999999999,0.4026204,0.19680539088,0.80468950464
587,5.87,364,7.28,-0.23966782,0.0114729384,-0.0,0.0,0.10123175999999999,0.4058334,0.1754584608,0.7984016208,-0.23992280620000003,0.0072087624,-0.0,0.0,0.1145676,0.40302108,0.19682855472,0.80469529056
588,5.88,365,7.3,-0.2395833048,0.012405486799999999,-0.0,0.0,0.09808932000000001,0.40644156000000004,0.17726725632,0.79771047888,-0.23988294960000003,0.0076899228,-0.0,0.0,0.11214,0.40357296,0.19577555423999998,0.8058629375999999
589,5.89,365,7.3,-0.23951751740000002,0.0128784838,-0.0,0.0,0.09401448,0.40720175999999997,0.17912670384,0.7963640193599999,-0.23983829100000004,0.0081710832,-0.0,0.0,0.10888416000000001,0.40432224,0.19701079775999997,0.80586928128
590,5.9,366,7.32,-0.239473339,0.012871761,-0.0,0.0,0.08919455999999999,0.40789056,0.18144583296,0.79544228736,-0.23982244440000003,0.0081715634,-0.0,0.0,0.10494372,0.40509755999999997,0.19752797568,0.8062321377599999
591,5.91,366,7.32,-0.23949878959999998,0.012403566,-0.0,0.0,0.08358,0.40876248,0.18388978944,0.7941021312,-0.23982244440000003,0.0081797268,-0.0,0.0,0.10008935999999999,0.40608792,0.19985951663999998,0.80571068928
592,5.92,367,7.34,-0.23949975,0.011920965,-0.0,0.0,0.07711956,0.40968731999999997,0.18661732992000002,0.7926149380799999,-0.23980563740000002,0.008180687200000002,-0.0,0.0,0.09529632,0.40700268,0.20317853808000005,0.8043021
593,5.93,367,7.34,-0.23954584920000002,0.0109615254,-0.0,0.0,0.06975695999999999,0.41073983999999997,0.18952197600000004,0.7906538808,-0.23980371660000002,0.007710571400000001,-0.0,0.0,0.08962128,0.40802076,0.20733652800000002,0.8020514275199999
594,5.94,368,7.36,-0.23954296800000002,0.010478924399999999,-0.0,0.0,0.06318899999999998,0.41164619999999996,0.19233609695999998,0.7898660447999999,-0.23978018680000002,0.0072332526,-0.0,0.0,0.08318016,0.40920348,0.21169057392000004,0.79968177408
595,5.95,368,7.36,-0.2395833048,0.0095194848,-0.0,0.0,0.05655384000000001,0.41244336,0.19610539199999993,0.7881951168,-0.23977346400000002,0.0067544932,-0.0,0.0,0.07668275999999999,0.41027196,0.21673880592,0.7964465779199998
596,5.96,369,7.38,-0.23958474540000002,0.008074563,-0.0,0.0,0.050693999999999996,0.41303639999999997,0.20090769215999993,0.7865844470399999,-0.2397768254,0.005806578400000001,-0.0,0.0,0.07096488,0.41118924,0.22325678591999992,0.7927539715199999
597,5.97,369,7.38,-0.2396154782,0.0071151234,-0.0,0.0,0.04558176,0.41381591999999995,0.20553896159999996,0.78569487024,-0.23978787000000001,0.005337423,-0.0,0.0,0.06526296,0.41202252,0.22859851391999997,0.78947934912
598,5.98,370,7.4,-0.23962940400000002,0.0066354036,-0.0,0.0,0.040424999999999996,0.41452824,0.20970655439999994,0.78397256784,-0.23979795420000002,0.004857223000000001,-0.0,0.0,0.059463600000000005,0.41287512,0.23375830127999997,0.78577560768
599,5.99,370,7.4,-0.23968078540000004,0.005697573,-0.0,0.0,0.035263199999999995,0.41528172,0.21415942127999998,0.78074615136,-0.239807078,0.004388067599999999,-0.0,0.0,0.05450004000000001,0.41354040000000003,0.23951126303999995,0.7812068678399999
600,6.0,371,7.42,-0.2397172806,0.0052322592,-0.0,0.0,0.030985920000000004,0.415695,0.21892119984,0.7771502524799999,-0.2398224444,0.0034276676000000003,-0.0,0.0,0.050452079999999996,0.41394527999999997,0.24408069503999996,0.77706879264
601,6.01,371,7.42,-0.2397172806,0.0052572296,-0.0,0.0,0.026735520000000002,0.41585292,0.22372408128,0.77269493952,-0.2398224444,0.0034276676000000003,-0.0,0.0,0.04635288,0.41430648,0.24690803759999996,0.7737496132799999
602,6.02,372,7.44,-0.2397273648,0.0047895148,-0.0,0.0,0.02259432,0.41585711999999997,0.22827055104,0.76777802304,-0.239828687,0.004374622,-0.0,0.0,0.042201600000000006,0.414624,0.2505500592,0.7696178817599999
603,6.03,372,7.44,-0.2397753848,0.004790475200000001,-0.0,0.0,0.018462359999999997,0.41569752,0.23327637312,0.7617560865599999,-0.23985990000000001,0.004840416,-0.0,0.0,0.03795455999999999,0.41521788,0.2549078616,0.7656035486399999
604,6.04,373,7.46,-0.2398301276,0.005272115799999999,-0.0,0.0,0.01425312,0.41571936,0.23823670752,0.7548764831999999,-0.23988631100000002,0.005316774399999999,-0.0,0.0,0.033789839999999995,0.41576304,0.2608832184,0.7604419871999999
605,6.05,373,7.46,-0.23985749900000003,0.0057532762,-0.0,0.0,0.01006572,0.41581596,0.24354517151999996,0.74715551904,-0.23988006840000003,0.0062752536,-0.0,0.0,0.0294714,0.41645099999999996,0.26553690576,0.75553868208
606,6.06,374,7.48,-0.2398325286,0.0067136762,-0.0,0.0,0.00572628,0.41598731999999994,0.24859868879999997,0.7393997150399999,-0.23986710300000003,0.006755453600000001,-0.0,0.0,0.025132799999999997,0.41707008,0.26995290671999994,0.75031885152
607,6.07,374,7.48,-0.23980371660000002,0.007674076199999999,-0.0,0.0,0.0013574400000000001,0.4162284,0.25313504496,0.731516184,-0.23989591500000004,0.006281016,-0.0,0.0,0.020835359999999997,0.41745563999999996,0.27333582191999994,0.7450612747199999
608,6.08,375,7.5,-0.2397888304,0.0086349564,-0.0,0.0,-0.0038732400000000004,0.41651819999999995,0.2560164264,0.7240837968,-0.23992472700000003,0.0062829368000000005,-0.0,0.0,0.01583652,0.41757239999999995,0.27656031647999996,0.73918016256
609,6.09,375,7.5,-0.239732647,0.010075556400000001,-0.0,0.0,-0.00827904,0.41665008,0.26015355743999996,0.71552131392,-0.23994969740000002,0.006277174399999999,-0.0,0.0,0.010185,0.417375,0.2788050048,0.7325088422399999
610,6.1,376,7.52,-0.239672622,0.0110446,-0.0,0.0,-0.012663,0.41663160000000005,0.26332780319999993,0.7086942576,-0.23997995000000003,0.0062685308,-0.0,0.0,0.0053961600000000005,0.4171608,0.28182452591999996,0.725797296
611,6.11,376,7.52,-0.2396313248,0.0115228792,-0.0,0.0,-0.016914239999999997,0.41636448,0.26703049968000003,0.70181182512,-0.24000684120000002,0.006257006,-0.0,0.0,0.0005930399999999996,0.41697264,0.28516023983999994,0.7195493524800001
612,6.12,377,7.54,-0.23954296800000002,0.012493843599999999,-0.0,0.0,-0.02116044,0.415947,0.27007561728,0.69571188624,-0.2400289304,0.005767202,-0.0,0.0,-0.00446964,0.41702219999999995,0.28813265039999997,0.7131442348799999
613,6.13,377,7.54,-0.23954296800000002,0.012504408,-0.0,0.0,-0.02622984,0.41531448,0.27226825248,0.68954248272,-0.24005198000000003,0.004802,-0.0,0.0,-0.00974064,0.41738592,0.29048427743999994,0.70682236464
614,6.14,378,7.56,-0.23949110640000001,0.0134638476,-0.0,0.0,-0.030510479999999993,0.41490288,0.27493005119999997,0.6845017536,-0.2400514998,0.0047991188,-0.0,0.0,-0.015216600000000002,0.417963,0.29244186384,0.7002511924799999
615,6.15,378,7.56,-0.2394694974,0.0134542436,-0.0,0.0,-0.0347004,0.41444759999999997,0.27683338031999993,0.6797729164799999,-0.240023168,0.0057489544,-0.0,0.0,-0.020647199999999997,0.41834351999999997,0.2934441888,0.69406827168
616,6.16,379,7.58,-0.2394233982,0.013456164400000001,-0.0,0.0,-0.038982720000000005,0.41394864,0.27909944159999994,0.67449841536,-0.24001884620000002,0.005745593,-0.0,0.0,-0.024272639999999998,0.41853756,0.29591952767999996,0.68753070624
617,6.17,379,7.58,-0.2394233982,0.013456164400000001,-0.0,0.0,-0.0433566,0.4136412,0.28140278543999997,0.66803581488,-0.24002652940000002,0.0057523158,-0.0,0.0,-0.0286272,0.41844600000000004,0.29848147055999996,0.6792785596800001
618,6.18,380,7.6,-0.23939602680000002,0.013935884200000002,-0.0,0.0,-0.0468888,0.41338667999999995,0.28414203887999995,0.66147302928,-0.24002652940000002,0.0057523158,-0.0,0.0,-0.03198047999999999,0.41819736,0.30117207792,0.6713177721600001
619,6.19,380,7.6,-0.23936769500000002,0.014415604000000002,-0.0,0.0,-0.05048904,0.41332536000000003,0.28644764063999995,0.65491185312,-0.24001452440000004,0.0062325157999999995,-0.0,0.0,-0.03530519999999999,0.417879,0.30415478687999997,0.6621946127999999
620,6.2,381,7.62,-0.23936769500000002,0.014415604000000002,-0.0,0.0,-0.05318039999999999,0.4133304,0.2893316496,0.64824803568,-0.24001452440000004,0.0062325157999999995,-0.0,0.0,-0.037791599999999995,0.4176102,0.30771896736,0.6533285001599999
621,6.21,381,7.62,-0.23936769500000002,0.014415604000000002,-0.0,0.0,-0.056693280000000006,0.41319179999999994,0.29149871856,0.6402483662399999,-0.24001692540000003,0.0062358772,-0.0,0.0,-0.04113984,0.41724143999999996,0.31017449904,0.6443030260799999
622,6.22,382,7.64,-0.2393432048,0.0144165644,-0.0,0.0,-0.05851692,0.41315483999999997,0.29512578816,0.63221982096,-0.24001692540000003,0.0062358772,-0.0,0.0,-0.04365144,0.41693399999999997,0.31322488176,0.63527445072
623,6.23,382,7.64,-0.2393177542,0.0144175248,-0.0,0.0,-0.06112176,0.41288939999999996,0.29717266655999997,0.62464047408,-0.24001692540000003,0.0062358772,-0.0,0.0,-0.046216799999999995,0.41670719999999994,0.31597971552,0.62601695856
624,6.24,383,7.66,-0.2393177542,0.0144175248,-0.0,0.0,-0.06288912,0.41264076,0.3002461055999999,0.61618355904,-0.24001836600000004,0.0062392386,-0.0,0.0,-0.048777959999999995,0.41650812,0.3180844968,0.61755103872
625,6.25,383,7.66,-0.239262051,0.014898205000000001,-0.0,0.0,-0.0645918,0.41238539999999996,0.3030529152,0.6075517593599999,-0.24001836600000004,0.0062392386,-0.0,0.0,-0.05142144,0.41632667999999995,0.3199044912,0.6088492569599999
626,6.26,384,7.68,-0.239204427,0.015378885200000003,-0.0,0.0,-0.06631044,0.41212331999999996,0.30563962464000005,0.5986605744,-0.24000588080000002,0.0067228,-0.0,0.0,-0.053173679999999994,0.4161528,0.3220342608,0.6011230276799999
627,6.27,384,7.68,-0.2391760952,0.0153798456,-0.0,0.0,-0.06724032,0.4119897599999999,0.30844032239999997,0.5908566988799999,-0.24000588080000002,0.0067228,-0.0,0.0,-0.05490324,0.41597051999999995,0.32402021903999995,0.59316417888
628,6.28,385,7.7,-0.239146803,0.015380806000000002,-0.0,0.0,-0.06900600000000001,0.41171759999999996,0.3105901176,0.5819027256,-0.23999147480000002,0.0072068416,-0.0,0.0,-0.05661348000000001,0.41574539999999993,0.32585733263999994,0.58511982144
629,6.29,385,7.7,-0.2390853374,0.015861486200000004,-0.0,0.0,-0.0699258,0.41167224,0.3131172744,0.57403645488,-0.2399900342,0.0072106832,-0.0,0.0,-0.05748624000000001,0.41563031999999994,0.32836459823999997,0.5771520384
630,6.3,386,7.72,-0.2390853374,0.015861486200000004,-0.0,0.0,-0.06997199999999999,0.41167224,0.3160997112,0.56704716432,-0.23997274700000001,0.0076947248,-0.0,0.0,-0.05836488,0.41547744,0.33069781919999997,0.56911298976
631,6.31,386,7.72,-0.239021951,0.016326319800000003,-0.0,0.0,-0.07005180000000001,0.4117638,0.31904185488,0.5602113451199999,-0.2399492172,0.008182608000000001,-0.0,0.0,-0.05922923999999999,0.41532119999999995,0.33287631888,0.5610421353599999
632,6.32,387,7.74,-0.2389897776,0.016326800000000002,-0.0,0.0,-0.07008372,0.41185368,0.3214094183999999,0.554960952,-0.2399208854,0.0086704912,-0.0,0.0,-0.06008856,0.41512044,0.33460472639999994,0.5537249155199999
633,6.33,387,7.74,-0.2389897776,0.016326800000000002,-0.0,0.0,-0.07014252,0.41202839999999996,0.32390822688,0.54909345792,-0.2398877516,0.0091583744,-0.0,0.0,-0.06096132,0.4149558,0.33644268,0.5454616003199999
634,6.34,388,7.76,-0.239021951,0.016326319800000003,-0.0,0.0,-0.07015344,0.4121964,0.3260750808,0.54393624432,-0.23981908300000002,0.0101302992,-0.0,0.0,-0.060994919999999994,0.41486508,0.33841701599999996,0.5390559215999999
635,6.35,388,7.76,-0.239021951,0.0163104732,-0.0,0.0,-0.07013748,0.41227788000000004,0.32832654287999996,0.53786674704,-0.23977346400000002,0.0106181824,-0.0,0.0,-0.06103859999999999,0.4148172,0.3402474096,0.5325608937599999
636,6.36,389,7.78,-0.2389888172,0.016790193000000002,-0.0,0.0,-0.0693252,0.41249627999999994,0.33119026415999997,0.53171078688,-0.239684627,0.011590107200000001,-0.0,0.0,-0.06192311999999999,0.41464416,0.34110310079999995,0.52594070592
637,6.37,389,7.78,-0.2389888172,0.016774346400000004,-0.0,0.0,-0.06759816,0.41284656,0.33460062383999994,0.52644302928,-0.239607795,0.012069827000000002,-0.0,0.0,-0.061136039999999996,0.41466348,0.34335513743999996,0.52031772576
638,6.38,390,7.8,-0.239021951,0.016278780000000003,-0.0,0.0,-0.06682872,0.41298012,0.33691952112,0.5208815808,-0.239521359,0.0125610716,-0.0,0.0,-0.06116376,0.41460888,0.34460496671999996,0.5153026872
639,6.39,390,7.8,-0.239021951,0.016262933400000002,-0.0,0.0,-0.06593832,0.41318844,0.33921547632,0.51529867872,-0.23944980920000003,0.0130484746,-0.0,0.0,-0.05954675999999999,0.41479452,0.3472736232,0.51143564304
640,6.4,391,7.82,-0.2390853374,0.0157846542,-0.0,0.0,-0.064176,0.41352192,0.34192738271999995,0.5115301127999999,-0.239398908,0.013519550800000002,-0.0,0.0,-0.0587412,0.414855,0.34929147456,0.5065674767999999
641,6.41,391,7.82,-0.23917705560000002,0.014811769,-0.0,0.0,-0.06244055999999999,0.4139184,0.3447144792,0.50687914368,-0.23939986840000002,0.013030227,-0.0,0.0,-0.05622203999999999,0.41531448,0.35262970511999997,0.50361681216
642,6.42,392,7.84,-0.2392639718,0.013854250200000001,-0.0,0.0,-0.059897879999999994,0.41442155999999997,0.34809798239999995,0.5032978271999999,-0.23942531900000003,0.012550507199999998,-0.0,0.0,-0.0545706,0.41559083999999996,0.3551847163199999,0.49976937359999996
643,6.43,392,7.84,-0.2393470464,0.013378372,-0.0,0.0,-0.05732160000000001,0.41496587999999995,0.35159958624,0.49989069647999995,-0.2394752598,0.0120679062,-0.0,0.0,-0.05291495999999999,0.41591004,0.35767364975999993,0.4959053736
644,6.44,393,7.86,-0.23942531900000003,0.012890008599999999,-0.0,0.0,-0.05472180000000001,0.41547996000000004,0.35482686624,0.49808979360000005,-0.2395468096,0.011582424,-0.0,0.0,-0.05036975999999999,0.41631744,0.36067314527999994,0.49391329007999996
645,6.45,393,7.86,-0.23949878959999998,0.0124150908,-0.0,0.0,-0.05218416,0.4159638,0.35799282288,0.49632056207999997,-0.2396135574,0.011107506200000002,-0.0,0.0,-0.04864608,0.41651568,0.36282936816,0.49162503599999996
646,6.46,394,7.88,-0.23956745820000003,0.011940173000000002,-0.0,0.0,-0.049612079999999996,0.41631996,0.36112712496,0.494294808,-0.239634206,0.011104144800000002,-0.0,0.0,-0.04605384,0.41659883999999997,0.36566674368,0.49006921823999994
647,6.47,394,7.88,-0.2395881068,0.011942574000000001,-0.0,0.0,-0.04702152,0.41660975999999994,0.36426903072,0.49226460527999993,-0.2396538942,0.011111828,-0.0,0.0,-0.04340616,0.41657868,0.36874863984000006,0.48754917791999997
648,6.48,395,7.9,-0.239607795,0.011944975000000002,-0.0,0.0,-0.04445783999999999,0.41678027999999995,0.36732967488,0.4899963196799999,-0.2396755032,0.010631628,-0.0,0.0,-0.040745039999999996,0.41635692,0.3718481592,0.48482502768
649,6.49,395,7.9,-0.239607795,0.011944975000000002,-0.0,0.0,-0.042725759999999995,0.41684412,0.3696499127999999,0.48674706528,-0.23971487959999999,0.010148066600000002,-0.0,0.0,-0.03890712,0.4161276,0.37413786479999994,0.48213765935999997
650,6.5,396,7.92,-0.239607795,0.011935371000000002,-0.0,0.0,-0.04098696,0.41689452,0.37220192688,0.48185710608,-0.2397345678,0.0096587428,-0.0,0.0,-0.03630732,0.4160142,0.377285664,0.4786492536
651,6.51,396,7.92,-0.239607795,0.011935371000000002,-0.0,0.0,-0.03927672,0.41699447999999995,0.3745170576,0.47775044015999996,-0.2397345678,0.0096587428,-0.0,0.0,-0.03461976,0.4160688,0.37948190111999996,0.47530876848000003
652,6.52,397,7.94,-0.2396313248,0.011455651200000002,-0.0,0.0,-0.03763368,0.41721035999999995,0.37681016687999996,0.47296237631999993,-0.2397523352,0.009647218,-0.0,0.0,-0.032954040000000004,0.41629644,0.38160275327999993,0.47218650192
653,6.53,397,7.94,-0.2396538942,0.010977371999999999,-0.0,0.0,-0.03683064,0.41745899999999997,0.37808507183999995,0.46898849423999994,-0.2397691422,0.009644817,-0.0,0.0,-0.032232479999999994,0.41662235999999997,0.38285055983999994,0.46830244944
654,6.54,398,7.96,-0.239694231,0.0104914096,-0.0,0.0,-0.03608387999999999,0.4177404,0.37927608768,0.4650774912,-0.23980371660000002,0.0091545328,-0.0,0.0,-0.031515959999999996,0.41708604,0.383959464,0.46540869312
655,6.55,398,7.96,-0.239749454,0.010010729400000001,-0.0,0.0,-0.03530268,0.41807388,0.38042540928,0.46209955008000003,-0.23981860280000003,0.009145409,-0.0,0.0,-0.030847319999999998,0.41750603999999997,0.38501212176,0.46251057887999997
656,6.56,399,7.98,-0.23979987500000002,0.00953197,-0.0,0.0,-0.03447696,0.41834520000000003,0.3815924784,0.45910044432,-0.23985029600000002,0.0086570456,-0.0,0.0,-0.030095519999999997,0.41794032,0.38611949376,0.45967024992
657,6.57,399,7.98,-0.23984549400000002,0.009061373999999999,-0.0,0.0,-0.03447612,0.41846700000000003,0.38185936991999997,0.45675331968000005,-0.23985029600000002,0.0086503228,-0.0,0.0,-0.029297520000000004,0.41826456,0.3871709956799999,0.45752221872
658,6.58,400,8.0,-0.23987526640000004,0.008580213599999999,-0.0,0.0,-0.03361932,0.41861484,0.38306086559999997,0.45360145152,-0.23985029600000002,0.0086436,-0.0,0.0,-0.0293286,0.41844600000000004,0.38744445264,0.45438554448
659,6.59,400,8.0,-0.23991896460000003,0.0076250958,-0.0,0.0,-0.0336042,0.418635,0.38334203712000003,0.45115770672,-0.23988006840000003,0.0081509148,-0.0,0.0,-0.02931264,0.41852664,0.38766538943999995,0.45197718048
660,6.6,401,8.02,-0.23996698460000002,0.006675260200000001,-0.0,0.0,-0.03274992,0.4187148,0.38444479919999996,0.44876272559999997,-0.23990792000000002,0.0076659128,-0.0,0.0,-0.029296680000000002,0.41856444000000004,0.38785704383999997,0.44952681312000003
661,6.61,401,8.02,-0.240018366,0.0052485859999999995,-0.0,0.0,-0.03274068,0.418719,0.3846548327999999,0.44628377808,-0.23994393500000002,0.007183792,-0.0,0.0,-0.02842056,0.4186224,0.38882101104,0.44792236944
662,6.62,402,8.04,-0.24005198000000003,0.0038127880000000005,-0.0,0.0,-0.03189395999999999,0.4187862,0.38562202896,0.44472204,-0.2399530588,0.007181391,-0.0,0.0,-0.028376880000000004,0.4185846,0.3889307856,0.44622132911999995
663,6.63,402,8.04,-0.24007599000000002,0.0023793910000000002,-0.0,0.0,-0.031052279999999995,0.4188492,0.38655071952,0.44312179968,-0.23997514800000003,0.006699750400000001,-0.0,0.0,-0.027470520000000002,0.41860139999999996,0.3899040768,0.44455480944
664,6.64,403,8.06,-0.24009183660000002,0.00046483360000000004,-0.0,0.0,-0.030211439999999996,0.41891052,0.38744510448,0.44150649312,-0.2400073214,0.0057388702,-0.0,0.0,-0.02574096,0.41866776,0.39168718176,0.44294370624
665,6.65,403,8.06,-0.2400961584,-0.0009680832000000001,-0.0,0.0,-0.02853144,0.41902812,0.38910251519999994,0.44077072032,-0.2400298908,0.005265392999999999,-0.0,0.0,-0.02402064,0.41876856,0.39344766048,0.4413494736
666,6.66,404,8.08,-0.2400875148,-0.0023976386,-0.0,0.0,-0.027692280000000003,0.41908523999999997,0.389916576,0.43997614079999997,-0.2400476582,0.004790475200000001,-0.0,0.0,-0.02315376,0.41885759999999994,0.39432959999999995,0.44059518047999996
667,6.67,404,8.08,-0.24006878699999998,-0.0033479544,-0.0,0.0,-0.02685312,0.41913984,0.39074318639999994,0.43916230848,-0.24006062360000002,0.0043174782,-0.0,0.0,-0.021485519999999998,0.4190256,0.396081504,0.43905978144
668,6.68,405,8.1,-0.2400385344,-0.0038185504000000006,-0.0,0.0,-0.025205039999999998,0.41924316,0.39233102831999994,0.43922714304,-0.240059183,0.0043304436,-0.0,0.0,-0.01982064,0.41918015999999997,0.39775475039999997,0.4383433992
669,6.69,405,8.1,-0.23999531640000002,-0.003330187,-0.0,0.0,-0.02353176,0.41933808,0.39401434799999996,0.43762117392,-0.2400490988,0.004345809999999999,-0.0,0.0,-0.018159119999999997,0.41932128,0.39952085039999996,0.43678530336
670,6.7,406,8.12,-0.2399881134,-0.0038103869999999997,-0.0,0.0,-0.02186268,0.4194246,0.39568342799999995,0.43681081584,-0.2400385344,0.0038800160000000005,-0.0,0.0,-0.01648332,0.41942124,0.40129286399999997,0.43518939407999996
671,6.71,406,8.12,-0.23997514800000003,-0.0038147088,-0.0,0.0,-0.0210336,0.41946155999999996,0.3965417904,0.43516529279999994,-0.2400212472,0.00388962,-0.0,0.0,-0.015648359999999997,0.41948172,0.40224160704,0.433579104
672,6.72,407,8.14,-0.23995353900000002,-0.0033383504,-0.0,0.0,-0.02020032,0.41950271999999994,0.39740602608,0.4343698127999999,-0.24000011840000002,0.003899224,-0.0,0.0,-0.013937280000000002,0.41951448,0.40407734640000004,0.43110780048
673,6.73,407,8.14,-0.239946336,-0.0038185504000000006,-0.0,0.0,-0.019363679999999998,0.4195422,0.39833720640000003,0.43272597312,-0.23997514800000003,0.003908828,-0.0,0.0,-0.013083840000000001,0.41954220000000003,0.40499520767999997,0.42947144352000005
674,6.74,408,8.16,-0.2399132022,-0.0047938366,-0.0,0.0,-0.018527039999999998,0.41958,0.39923575776,0.43193633616,-0.239946336,0.003918432,-0.0,0.0,-0.01217244,0.41950776,0.40596266255999996,0.4286187696
675,6.75,408,8.16,-0.23988631100000002,-0.0052822,-0.0,0.0,-0.018517799999999997,0.41958588,0.3992793,0.4319514192,-0.23992232600000002,0.0044034339999999995,-0.0,0.0,-0.012133799999999998,0.419475,0.40605066432,0.42692193264
676,6.76,409,8.18,-0.2398685436,-0.0053095714,-0.0,0.0,-0.018517799999999997,0.41958588,0.39931192896,0.43196062224000004,-0.239905519,0.004408235999999999,-0.0,0.0,-0.01127784,0.41949936,0.4069208472,0.42610965264
677,6.77,409,8.18,-0.23985990000000001,-0.00485002,-0.0,0.0,-0.018505199999999996,0.41959008,0.39935548464,0.43197402527999995,-0.23987862780000002,0.004893238,-0.0,0.0,-0.01125432,0.41946491999999996,0.4069443672,0.42607521264
678,6.78,410,8.2,-0.2398690238,-0.004389028,-0.0,0.0,-0.0193326,0.4195548,0.39855234720000005,0.43110210528,-0.23985990000000001,0.00489804,-0.0,0.0,-0.01127784,0.41949936,0.40693339679999996,0.42527301264
679,6.79,410,8.2,-0.239857499,-0.0039222736,-0.0,0.0,-0.01932,0.41955564,0.3985942296,0.43111214832,-0.2398402118,0.004902842,-0.0,0.0,-0.01130136,0.41953212,0.40689398064,0.4252965696
680,6.8,411,8.22,-0.2398771872,-0.003928036,-0.0,0.0,-0.01932,0.41955564,0.3985942296,0.43111214832,-0.2398402118,0.004902842,-0.0,0.0,-0.012164040000000001,0.41953884,0.4060137312,0.4253032896
681,6.81,411,8.22,-0.2398771872,-0.003928036,-0.0,0.0,-0.02016,0.41951615999999997,0.39778183872,0.43108187136,-0.23981956320000003,0.004907644,-0.0,0.0,-0.01220184,0.41956824000000004,0.40592322288,0.42615259680000006
682,6.82,412,8.24,-0.2398771872,-0.003918432,-0.0,0.0,-0.02016,0.41951615999999997,0.39778183872,0.43108187136,-0.239828687,0.0044168796,-0.0,0.0,-0.013050240000000001,0.41956992000000004,0.40502797104,0.42613754400000003
683,6.83,412,8.24,-0.2398690238,-0.004398632,-0.0,0.0,-0.021,0.419475,0.396943512,0.4318865544,-0.23983685040000002,0.0039366796,-0.0,0.0,-0.01391292,0.41956824000000004,0.4040682408,0.42694740480000004
684,6.84,413,8.26,-0.23987862780000002,-0.0048749904,-0.0,0.0,-0.0226926,0.4193868,0.39527517456,0.43180755744,-0.2398152414,0.0039410014000000005,-0.0,0.0,-0.015578639999999996,0.41950776,0.40233893616,0.4268534592
685,6.85,413,8.26,-0.2398498158,-0.005349428,-0.0,0.0,-0.02437092,0.419286,0.39359685456,0.43169504448,-0.2397845086,0.0044139984,-0.0,0.0,-0.01725696,0.41944055999999996,0.4005568728,0.42844113312
686,6.86,414,8.28,-0.2398301276,-0.0053427052,-0.0,0.0,-0.026923680000000002,0.41910959999999997,0.391040748,0.43236532415999995,-0.239751855,0.004886035,-0.0,0.0,-0.018897479999999998,0.4193406,0.39881595599999997,0.4308611328
687,6.87,414,8.28,-0.23976097880000002,-0.004381825,-0.0,0.0,-0.029457960000000002,0.41891724,0.3884395368,0.43469292384,-0.23971872120000004,0.00631463,-0.0,0.0,-0.02049516,0.41920284,0.39704090831999994,0.43492246896000003
688,6.88,415,8.3,-0.2397264044,-0.0034002962,-0.0,0.0,-0.03198888,0.41870303999999997,0.38568188736,0.44036364959999996,-0.23966109720000003,0.008247435000000001,-0.0,0.0,-0.021263759999999996,0.41909615999999994,0.39588076079999995,0.44151058223999995
689,6.89,415,8.3,-0.239694231,-0.0009882516,-0.0,0.0,-0.03366804,0.41855436,0.38348401056,0.44855961696,-0.2395636166,0.010186482600000001,-0.0,0.0,-0.02284968,0.41893488,0.39366903408,0.4497190488
690,6.9,416,8.32,-0.2396308446,0.0019356862,-0.0,0.0,-0.035345520000000005,0.41839728000000004,0.38086447392,0.45925961424000006,-0.23951751740000002,0.010696454999999999,-0.0,0.0,-0.02365944,0.4188492,0.39216235296,0.45621521567999995
691,6.91,416,8.32,-0.23959050780000002,0.004871629000000001,-0.0,0.0,-0.03702887999999999,0.41820912,0.37782910368,0.47067063119999997,-0.2395314432,0.0097422976,-0.0,0.0,-0.02370732,0.418887,0.3912619368,0.46367150256
692,6.92,417,8.34,-0.239684627,0.0044159192,-0.0,0.0,-0.03784956,0.41815704,0.37613246159999997,0.47720960112,-0.239511755,0.0102220174,-0.0,0.0,-0.025476359999999997,0.41885676,0.3888235848,0.47028753072
693,6.93,417,8.34,-0.2397633798,0.0024509408000000002,-0.0,0.0,-0.03864336,0.41813856,0.37416652895999997,0.48564034848,-0.239576582,0.009231364799999999,-0.0,0.0,-0.02722356,0.41881308,0.3865032864,0.47609698416
694,6.94,418,8.36,-0.2397753848,0.004848099200000001,-0.0,0.0,-0.04028976,0.41803440000000003,0.3715379136,0.49139768832,-0.23966109720000003,0.008223425000000001,-0.0,0.0,-0.03062052,0.41860727999999997,0.38251147535999996,0.48096624239999997
695,6.95,418,8.36,-0.23978642940000003,0.006295422,-0.0,0.0,-0.04279884,0.41781432,0.36780650255999997,0.49694456784,-0.23972880540000002,0.008195093200000001,-0.0,0.0,-0.03315228,0.41841324,0.37927359120000004,0.48574435392000004
696,6.96,419,8.38,-0.23985029600000002,0.006748730800000001,-0.0,0.0,-0.0460992,0.417438,0.36338420831999996,0.50148434448,-0.2397532956,0.009132923800000001,-0.0,0.0,-0.036566039999999994,0.41813100000000003,0.37490606159999995,0.49133783664
697,6.97,419,8.38,-0.23988006840000003,0.0081696426,-0.0,0.0,-0.048615,0.4171062,0.3595774727999999,0.5067981912,-0.2397523352,0.009604,-0.0,0.0,-0.03912636,0.41790168,0.3714664329599999,0.49608568799999997
698,6.98,420,8.4,-0.239857499,0.010088041600000002,-0.0,0.0,-0.0511728,0.41670972,0.3559395705599999,0.51123498048,-0.23978787000000001,0.0091074732,-0.0,0.0,-0.04166064,0.41768496,0.36785372399999994,0.50174803728
699,6.99,420,8.4,-0.2398113998,0.011527201,-0.0,0.0,-0.052914119999999995,0.41642328,0.35288556239999996,0.51662095968,-0.23985029600000002,0.0086167088,-0.0,0.0,-0.04421592,0.4174254,0.36431120879999995,0.50644891584
700,7.0,421,8.42,-0.2397749046,0.0124856802,-0.0,0.0,-0.055488720000000005,0.41603771999999994,0.3486376824,0.52270681008,-0.23989639520000003,0.008624392,-0.0,0.0,-0.04593288,0.41724396,0.36135016511999996,0.51202355904
701,7.01,421,8.42,-0.23974225100000002,0.0129654,-0.0,0.0,-0.05884536,0.41547744,0.34369811951999996,0.52774114176,-0.23989591500000002,0.0091084336,-0.0,0.0,-0.04847472,0.41695920000000003,0.35729149679999994,0.51828634368
702,7.02,422,8.44,-0.239684627,0.0134499218,-0.0,0.0,-0.06060432,0.41507759999999994,0.3399621792,0.5337131519999999,-0.239903118,0.009106993,-0.0,0.0,-0.05100312,0.41665932,0.35309399999999996,0.5245189487999999
703,7.03,422,8.44,-0.2395986712,0.0144031188,-0.0,0.0,-0.06320076,0.41456856000000003,0.33526660944,0.5395634126400001,-0.2398906328,0.009589594000000002,-0.0,0.0,-0.05353151999999999,0.41634432,0.34878773999999996,0.53071384464
704,7.04,423,8.46,-0.23953048280000003,0.0148857198,-0.0,0.0,-0.06572916,0.41397468,0.3302483687999999,0.54596802624,-0.2399002368,0.009594396000000002,-0.0,0.0,-0.05603136000000001,0.41595708,0.34414191839999997,0.53765808096
705,7.05,423,8.46,-0.2394214774,0.015848040600000002,-0.0,0.0,-0.0682962,0.4133388,0.32504089296000005,0.55230637728,-0.2399059992,0.0096001584,-0.0,0.0,-0.058464,0.41558076,0.3391658928,0.54542477808
706,7.06,424,8.48,-0.2393331206,0.0163306416,-0.0,0.0,-0.07080696,0.4125912,0.3197951567999999,0.558522132,-0.2398882318,0.010084200000000001,-0.0,0.0,-0.06011376,0.41523888,0.33508402031999995,0.55223700672
707,7.07,424,8.48,-0.23921163000000004,0.016826208000000002,-0.0,0.0,-0.07254995999999998,0.41193179999999996,0.31485953856000004,0.5656058352,-0.2398877516,0.0100861208,-0.0,0.0,-0.06258923999999999,0.41479116,0.3297614544,0.55973736672
708,7.08,425,8.5,-0.239117991,0.017774603,-0.0,0.0,-0.07430724,0.41113548,0.31006776527999996,0.5716908792,-0.239886311,0.010088041600000002,-0.0,0.0,-0.06425496,0.41449463999999997,0.32507964719999993,0.56751107616
709,7.09,425,8.5,-0.2390301144,0.0182562436,-0.0,0.0,-0.07592592,0.41037024,0.30527236319999995,0.5777668444799999,-0.23986326140000003,0.010570162400000001,-0.0,0.0,-0.0667128,0.41405615999999995,0.31944592176,0.57495541824
710,7.1,426,8.52,-0.23893743580000001,0.0187378842,-0.0,0.0,-0.0776496,0.40966128,0.30016029120000004,0.58381458912,-0.23985557820000003,0.010574004,-0.0,0.0,-0.06838608,0.413784,0.31476659424,0.5817160540799999
711,7.11,426,8.52,-0.2388399552,0.019219524800000002,-0.0,0.0,-0.07925148,0.408807,0.29464209935999996,0.59029596864,-0.2398224444,0.0110580456,-0.0,0.0,-0.07005096,0.4134606,0.30959451936,0.5892093816
712,7.12,427,8.54,-0.2387376726,0.0197011654,-0.0,0.0,-0.0801234,0.40830299999999997,0.28967148000000004,0.597299976,-0.2398152414,0.011059966400000001,-0.0,0.0,-0.07085567999999999,0.41327244,0.30510858336,0.5966137296
713,7.13,427,8.54,-0.23866468220000003,0.0201650386,-0.0,0.0,-0.0801612,0.40794264,0.2852664192,0.60410460096,-0.23979795420000002,0.011063808,-0.0,0.0,-0.07251972,0.4129356,0.29958930624,0.60401329968
714,7.14,428,8.56,-0.2385547164,0.020625070199999998,-0.0,0.0,-0.08093987999999999,0.40753356,0.280446768,0.610084104,-0.2397768254,0.0110676496,-0.0,0.0,-0.07328579999999998,0.4126878,0.29438317776,0.6120750081599999
715,7.15,428,8.56,-0.2385187014,0.020625550399999998,-0.0,0.0,-0.08101631999999999,0.40740672,0.2752919232,0.6178969776000001,-0.2397292856,0.0115516912,-0.0,0.0,-0.07316231999999999,0.41258028,0.290274096,0.619397688
716,7.16,429,8.58,-0.2384399486,0.021105270199999998,-0.0,0.0,-0.08024688,0.40756716,0.27122809391999997,0.6251312088,-0.23967694380000001,0.012043416000000001,-0.0,0.0,-0.07306656,0.4124064,0.2855089776,0.6274136769599999
717,7.17,429,8.58,-0.2383972108,0.0215845098,-0.0,0.0,-0.07947744,0.40772591999999996,0.26687395056,0.63195213312,-0.23964429020000003,0.012048218000000001,-0.0,0.0,-0.07217196,0.41242908,0.2813251728,0.63554758176
718,7.18,430,8.6,-0.238359275,0.02158499,-0.0,0.0,-0.07872227999999999,0.40788299999999994,0.2618152992,0.6397845484799999,-0.23962652280000002,0.012038614000000001,-0.0,0.0,-0.07206023999999998,0.41223,0.27565654704,0.644209356
719,7.19,430,8.6,-0.2383203788,0.021585470199999998,-0.0,0.0,-0.07703892,0.40831896,0.25797014207999996,0.64683916752,-0.2395833048,0.012520734799999999,-0.0,0.0,-0.07028448000000001,0.41237784,0.27190044335999997,0.6521195419199999
720,7.2,431,8.62,-0.2382805222,0.0215859504,-0.0,0.0,-0.07535555999999999,0.40874652,0.25339961808,0.6545354558400001,-0.2395636166,0.0125231358,-0.0,0.0,-0.0685398,0.41251224000000003,0.26741048208,0.6607307784
721,7.21,431,8.62,-0.23832326,0.0211067108,-0.0,0.0,-0.07283807999999999,0.409311,0.24943397472,0.66234942144,-0.2395881068,0.012043416000000001,-0.0,0.0,-0.06681108,0.41271132,0.2626962374399999,0.6693757391999999
722,7.22,432,8.64,-0.23832326,0.0211067108,-0.0,0.0,-0.0711648,0.4097184,0.24439489199999995,0.6697126464000001,-0.23956745820000003,0.012045817,-0.0,0.0,-0.06431039999999999,0.41303387999999996,0.25798591728,0.67886452704
723,7.23,432,8.64,-0.2383650374,0.020627471199999997,-0.0,0.0,-0.0676914,0.41038955999999993,0.24077693135999995,0.6774776769599999,-0.2395881068,0.012033331800000002,-0.0,0.0,-0.060984,0.41362272,0.25444266624,0.68748511104
724,7.24,433,8.66,-0.23844571100000003,0.0201280632,-0.0,0.0,-0.0651798,0.41090363999999996,0.23611099679999997,0.6848513683199999,-0.239607795,0.012031411,-0.0,0.0,-0.05849423999999999,0.41406455999999997,0.24860534831999997,0.6974127753599999
725,7.25,433,8.66,-0.23848460720000003,0.0201280632,-0.0,0.0,-0.06169883999999999,0.41163948,0.2317233576,0.69319226592,-0.239607795,0.012031411,-0.0,0.0,-0.05438663999999999,0.41471472,0.24468789743999997,0.7066368220799999
726,7.26,434,8.68,-0.23856336000000003,0.019188792000000003,-0.0,0.0,-0.057340920000000004,0.41234508,0.22778850191999994,0.7012619712,-0.239607795,0.012031411,-0.0,0.0,-0.05104176,0.41528928,0.23969063999999995,0.715684872
727,7.27,434,8.68,-0.238676207,0.018727319800000003,-0.0,0.0,-0.053927159999999995,0.41301036,0.223481748,0.7085793758400001,-0.2396500526,0.011552171400000002,-0.0,0.0,-0.04689636,0.41592683999999996,0.2358503111999999,0.72356271456
728,7.28,435,8.7,-0.2387491974,0.0182293524,-0.0,0.0,-0.0495768,0.41363532,0.2192105328,0.7161835867199999,-0.2396903894,0.011070530799999999,-0.0,0.0,-0.042740879999999995,0.416451,0.23104621344000004,0.73229263968
729,7.29,435,8.7,-0.2388894158,0.0172699128,-0.0,0.0,-0.045276,0.4143216,0.21463374576,0.72408588672,-0.23970719640000002,0.011060926799999999,-0.0,0.0,-0.037678199999999995,0.41694492,0.22753249679999998,0.73976413728
730,7.3,436,8.72,-0.2390200302,0.016790193000000002,-0.0,0.0,-0.040147800000000004,0.414939,0.21081659087999993,0.73161393312,-0.23975953820000004,0.010578806,-0.0,0.0,-0.03261552,0.41737836,0.2243961048,0.74624146464
731,7.31,436,8.72,-0.23911270880000002,0.0163104732,-0.0,0.0,-0.03497592,0.41559419999999997,0.20660388,0.738913728,-0.239807078,0.010090442600000001,-0.0,0.0,-0.027520080000000006,0.41775132,0.22029603455999996,0.7533075446399999
732,7.32,437,8.74,-0.239168412,0.0163104732,-0.0,0.0,-0.028951440000000002,0.41614524,0.20355332592,0.7448201006399999,-0.2398301276,0.010089482200000001,-0.0,0.0,-0.02237088,0.4179294,0.21659860319999996,0.75925593072
733,7.33,437,8.74,-0.23919482300000003,0.0163234386,-0.0,0.0,-0.02288832,0.41651568,0.19973489088,0.75160003968,-0.2398690238,0.009604,-0.0,0.0,-0.01722336,0.4179672,0.2126978616,0.7649000553599999
734,7.34,438,8.76,-0.23919482300000003,0.0163234386,-0.0,0.0,-0.015973440000000002,0.41673995999999996,0.19689287519999998,0.7567772284799998,-0.2398771872,0.009604,-0.0,0.0,-0.012031319999999998,0.4179294,0.20857893504000002,0.7703280244799999
735,7.35,438,8.76,-0.2392005854,0.015844199000000003,-0.0,0.0,-0.009822119999999998,0.4167324,0.19304300064000002,0.7614832982399999,-0.2398771872,0.009604,-0.0,0.0,-0.005990879999999999,0.41783196,0.20504570351999998,0.77514249792
736,7.36,439,8.78,-0.239204427,0.015378885200000003,-0.0,0.0,-0.00368592,0.41652912000000003,0.18977118383999997,0.76502900208,-0.2398771872,0.009607841600000002,-0.0,0.0,-0.0007786800000000002,0.41763288,0.20126569679999998,0.7793424710399999
737,7.37,439,8.78,-0.2392582094,0.015376964400000002,-0.0,0.0,0.0024696,0.4162284,0.18607108463999997,0.7684036416,-0.2398690238,0.0096083218,-0.0,0.0,0.00523488,0.41735231999999994,0.19719858144,0.7836048662399999
738,7.38,440,8.8,-0.2393177542,0.0144175248,-0.0,0.0,0.0084966,0.41594699999999996,0.18139243919999995,0.7723071148799999,-0.23985990000000001,0.009608802,-0.0,0.0,0.01116108,0.4170726,0.19366070975999997,0.78699046608
739,7.39,440,8.8,-0.239346086,0.013950770400000001,-0.0,0.0,0.01453032,0.41557656,0.17736556319999996,0.77483646912,-0.23987862780000002,0.009128602,-0.0,0.0,0.017090639999999997,0.41670384,0.18989863199999996,0.7902008519999999
740,7.4,441,8.82,-0.2394195566,0.0139464486,-0.0,0.0,0.02050944,0.41511708,0.17333846879999995,0.77777374752,-0.239905519,0.0086522436,-0.0,0.0,0.02296812,0.41624604,0.18585690815999995,0.7930226808
741,7.41,441,8.82,-0.239442126,0.013945008,-0.0,0.0,0.026500319999999997,0.41469372000000004,0.16820621999999996,0.78084419616,-0.239903118,0.0091305228,-0.0,0.0,0.028025759999999997,0.4158588,0.18153246719999994,0.79510101888
742,7.42,442,8.84,-0.239442126,0.0139560526,-0.0,0.0,0.033255599999999996,0.4142502,0.16482560639999994,0.7829925868800001,-0.2399093606,0.0091324436,-0.0,0.0,0.033867119999999994,0.4153464,0.17889029759999994,0.7963438895999999
743,7.43,442,8.84,-0.239442126,0.0139560526,-0.0,0.0,0.04003523999999999,0.41369916,0.16100669088000005,0.78496317984,-0.2399093606,0.0091324436,-0.0,0.0,0.0397236,0.41475,0.17532453792000002,0.79800892752
744,7.44,443,8.86,-0.239446928,0.0134897784,-0.0,0.0,0.04684596,0.4130406,0.1573117224,0.78689569392,-0.2399093606,0.0091353248,-0.0,0.0,0.044743439999999995,0.41426616,0.17190435360000003,0.7996936584
745,7.45,443,8.86,-0.2394233982,0.0134921794,-0.0,0.0,0.052820879999999994,0.41237616,0.15259856640000002,0.78854289024,-0.2399208854,0.0086570456,-0.0,0.0,0.049747320000000005,0.4136118,0.16833434688,0.8005251710399999
746,7.46,444,8.88,-0.23939602680000002,0.0139718992,-0.0,0.0,0.05871432,0.41150423999999997,0.14921701535999998,0.7899800966399999,-0.2399136824,0.008662808,-0.0,0.0,0.05479404000000001,0.41289528,0.16487494800000002,0.8018282999999999
747,7.47,444,8.88,-0.2393432048,0.014454020000000001,-0.0,0.0,0.06382739999999999,0.41067180000000003,0.14360102400000002,0.79141662432,-0.23987862780000002,0.009147810000000001,-0.0,0.0,0.059094839999999996,0.41211659999999994,0.16075245648000003,0.8026266863999999
748,7.48,445,8.9,-0.239319675,0.013979102200000001,-0.0,0.0,0.06904044,0.409647,0.1385066592,0.7928088772799999,-0.2398685436,0.009150211,-0.0,0.0,0.06324528,0.41140764,0.15657247200000002,0.80406203472
749,7.49,445,8.9,-0.239319675,0.013979102200000001,-0.0,0.0,0.07328831999999999,0.40869695999999994,0.13286880096,0.7944189556799999,-0.23984549400000002,0.009161255600000001,-0.0,0.0,0.06745284,0.410655,0.15378739488,0.80482454976
750,7.5,446,8.92,-0.23929230360000003,0.0139815032,-0.0,0.0,0.07752192,0.40797036,0.1273312824,0.79631856864,-0.2398267662,0.009641455600000001,-0.0,0.0,0.0715302,0.40985868,0.14974181712,0.80621688
751,7.51,446,8.92,-0.2392913432,0.014458822000000001,-0.0,0.0,0.08160936,0.40720175999999997,0.12146521631999996,0.79816865184,-0.239807078,0.010121655600000001,-0.0,0.0,0.07474403999999998,0.40952604,0.14472395615999994,0.80809129632
752,7.52,447,8.94,-0.2392317984,0.015404816000000002,-0.0,0.0,0.08496348000000001,0.4066902,0.11551004303999997,0.8004221870399999,-0.23977346400000002,0.0106047368,-0.0,0.0,0.07799148,0.40904472,0.13963093199999999,0.8090966855999999
753,7.53,447,8.94,-0.23917321400000002,0.0158864566,-0.0,0.0,0.08812187999999999,0.40628027999999994,0.11229073631999993,0.8005284739199998,-0.23975953820000004,0.010607618,-0.0,0.0,0.08126748,0.40864823999999994,0.13445770463999998,0.8099928143999999
754,7.54,448,8.96,-0.23917321400000002,0.0158725308,-0.0,0.0,0.09053099999999999,0.406014,0.10770470927999995,0.80103022944,-0.23975953820000004,0.010607618,-0.0,0.0,0.08440572,0.40821816,0.12884134368,0.81136485696
755,7.55,448,8.96,-0.23917321400000002,0.015858605000000005,-0.0,0.0,0.09294012,0.40572588,0.10532239199999996,0.80054968224,-0.23975953820000004,0.010607618,-0.0,0.0,0.08762711999999999,0.40775448,0.12431462063999996,0.8112534024
756,7.56,449,8.98,-0.23917321400000002,0.015844679200000003,-0.0,0.0,0.09445799999999999,0.40560155999999997,0.10400908223999995,0.79867009152,-0.239751855,0.0110849368,-0.0,0.0,0.0900984,0.40733279999999994,0.11875750319999996,0.8116173273599999
757,7.57,449,8.98,-0.23914104060000002,0.0163104732,-0.0,0.0,0.09609516,0.4054638,0.10251302543999993,0.79782453408,-0.23975953820000004,0.010607618,-0.0,0.0,0.09259824,0.406791,0.11541424943999996,0.81104540832
758,7.58,450,9.0,-0.23917321400000002,0.0158307534,-0.0,0.0,0.09692675999999999,0.4052748,0.10162365695999992,0.79652280288,-0.23975953820000004,0.010607618,-0.0,0.0,0.095004,0.40623408,0.11307375071999992,0.8103813984
759,7.59,450,9.0,-0.23917321400000002,0.015816827600000003,-0.0,0.0,0.09698471999999998,0.4052748,0.09995228207999991,0.79539668544,-0.23977346400000002,0.0106047368,-0.0,0.0,0.09752988000000001,0.40555704,0.11197028639999997,0.8089681151999999
760,7.6,451,9.02,-0.23917321400000002,0.015816827600000003,-0.0,0.0,0.09707207999999999,0.4050396,0.10003964207999992,0.79501340016,-0.2397941126,0.010124536800000002,-0.0,0.0,0.09914184,0.40516727999999996,0.11087822591999993,0.80831732352
761,7.61,451,9.02,-0.23917321400000002,0.0158029018,-0.0,0.0,0.09711576,0.40491948,0.10122366239999993,0.7944515342399999,-0.23977346400000002,0.0106047368,-0.0,0.0,0.09989447999999998,0.40507487999999997,0.11048215919999992,0.80814376944
762,7.62,452,9.04,-0.23917321400000002,0.0158029018,-0.0,0.0,0.09632784,0.40498668,0.10102473695999993,0.79594185888,-0.2397941126,0.010124536800000002,-0.0,0.0,0.10062695999999999,0.4048758,0.11121463919999992,0.80794468944
763,7.63,452,9.04,-0.23917321400000002,0.0158029018,-0.0,0.0,0.09466464,0.40535964,0.10192918511999992,0.79605880704,-0.239807078,0.010121655600000001,-0.0,0.0,0.1006488,0.40497912,0.11238518591999994,0.8079216767999999
764,7.64,453,9.06,-0.23914104060000002,0.0162826216,-0.0,0.0,0.09300143999999999,0.40572588,0.10311390767999996,0.79721567184,-0.239807078,0.010121655600000001,-0.0,0.0,0.09981635999999999,0.4051782,0.11498882639999991,0.8080429492799999
765,7.65,453,9.06,-0.2392005854,0.015817307800000003,-0.0,0.0,0.09129455999999998,0.40620719999999993,0.10508489711999992,0.79781244816,-0.2397941126,0.010124536800000002,-0.0,0.0,0.09898392,0.4053756,0.11892105119999993,0.80827130496
766,7.66,454,9.08,-0.2392005854,0.015817307800000003,-0.0,0.0,0.08982371999999998,0.4064382,0.10727519375999993,0.7987035571200001,-0.2398138008,0.0096443368,-0.0,0.0,0.09810023999999999,0.40557132,0.1250291716799999,0.80838252432
767,7.67,454,9.08,-0.2392005854,0.015817307800000003,-0.0,0.0,0.08820335999999998,0.4066608,0.11041615199999995,0.7989604593599999,-0.23978498880000002,0.0096500992,-0.0,0.0,0.09643536,0.40595772,0.13140942191999994,0.8080092552
768,7.68,455,9.1,-0.2392005854,0.015817307800000003,-0.0,0.0,0.08669136,0.40674815999999997,0.11474557247999997,0.7991406863999999,-0.2397691422,0.0096529804,-0.0,0.0,0.09393804,0.40652472,0.13707352511999998,0.8085469728000001
769,7.69,455,9.1,-0.2392317984,0.015351033600000003,-0.0,0.0,0.08423939999999999,0.40711608,0.11919003599999994,0.7988041555200001,-0.239771063,0.009175661600000001,-0.0,0.0,0.0914802,0.4070766,0.14288336159999995,0.809667768
770,7.7,456,9.12,-0.239204427,0.015351033600000003,-0.0,0.0,0.08257452,0.40743863999999996,0.12463659599999996,0.799655472,-0.2397345678,0.009181423999999999,-0.0,0.0,0.08898036,0.40761336,0.15089757648,0.80953186944
771,7.71,456,9.12,-0.239204427,0.015351033600000003,-0.0,0.0,0.08088947999999999,0.40762428,0.13107282047999996,0.79913080464,-0.239732647,0.0087041052,-0.0,0.0,0.08572368,0.40820219999999996,0.15781109231999996,0.8092556236799999
772,7.72,457,9.14,-0.23911559000000002,0.0158307534,-0.0,0.0,0.07843667999999998,0.40795356,0.13771597055999998,0.7991070225599999,-0.239732647,0.0087041052,-0.0,0.0,0.08247204,0.40886747999999995,0.16562401632,0.8087864198399999
773,7.73,457,9.14,-0.239053164,0.0163104732,-0.0,0.0,0.07515648,0.40841135999999995,0.14551288416,0.7976915856,-0.239749454,0.008223905200000001,-0.0,0.0,0.07830143999999999,0.40966128,0.17216240832,0.80823992256
774,7.74,458,9.16,-0.239053164,0.0163104732,-0.0,0.0,0.07179899999999999,0.4088406,0.15382318559999997,0.79644085248,-0.23974465200000003,0.007746586400000001,-0.0,0.0,0.07425599999999999,0.41041308,0.18066991488000003,0.80607519552
775,7.75,458,9.16,-0.239021951,0.016326319800000003,-0.0,0.0,0.06855156,0.40910268,0.16278399648000003,0.7933630655999999,-0.23975953820000004,0.0072663864,-0.0,0.0,0.07013327999999999,0.41112287999999997,0.188852496,0.8035907039999999
776,7.76,459,9.18,-0.239021951,0.016326319800000003,-0.0,0.0,0.06454223999999999,0.40945464000000004,0.17074197504000002,0.79019444448,-0.23978642940000003,0.0063059864,-0.0,0.0,0.06526715999999999,0.41181419999999996,0.19507603920000002,0.8014918296
777,7.77,459,9.18,-0.2390853374,0.015861486200000004,-0.0,0.0,0.06050688,0.40961088,0.17939928048000003,0.78584956128,-0.23980947900000002,0.0053561508,-0.0,0.0,0.06116964,0.41232492,0.20201882064,0.79850623104
778,7.78,460,9.2,-0.2390853374,0.015861486200000004,-0.0,0.0,0.055714679999999996,0.409815,0.18648485856000002,0.78110579232,-0.2398402118,0.0048725894,-0.0,0.0,0.0570738,0.41279195999999996,0.20952215759999995,0.7946135399999998
779,7.79,460,9.2,-0.2391165504,0.015397132800000001,-0.0,0.0,0.050974559999999995,0.40994351999999995,0.19360327391999993,0.7755468336,-0.2398493356,0.0044024736,-0.0,0.0,0.05297964,0.41321532,0.21571532303999996,0.7911130583999999
780,7.8,461,9.22,-0.239146803,0.014917413,-0.0,0.0,0.04522644,0.41024172,0.20059885439999997,0.7698036561599999,-0.2398690238,0.004408235999999999,-0.0,0.0,0.04969188,0.4136118,0.22355487503999996,0.78683104752
781,7.81,461,9.22,-0.2391760952,0.0144530596,-0.0,0.0,0.03935148,0.41061468,0.20740819343999994,0.76412770896,-0.23987862780000002,0.0048841142,-0.0,0.0,0.04644864,0.41398139999999994,0.23017060079999996,0.7826869747199998
782,7.82,462,9.24,-0.2391760952,0.0144530596,-0.0,0.0,0.03439127999999999,0.410844,0.21480265631999998,0.75767645856,-0.23989639520000003,0.004879792400000001,-0.0,0.0,0.04315752,0.41432411999999996,0.23767966656,0.7781286575999999
783,7.83,462,9.24,-0.23917321400000002,0.0139752606,-0.0,0.0,0.028470119999999998,0.4112262,0.22117006463999997,0.7516834617599999,-0.23990311800000003,0.0053475072000000005,-0.0,0.0,0.0398664,0.41463996,0.24493272047999998,0.7729561392
784,7.84,463,9.26,-0.23914104060000002,0.0139771814,-0.0,0.0,0.02332008,0.41148828,0.22742677439999998,0.7460187839999999,-0.23989207340000002,0.005827707200000001,-0.0,0.0,0.03741192,0.4148592,0.2524953312,0.76750965312
785,7.85,463,9.26,-0.23911270880000002,0.0144569012,-0.0,0.0,0.01818684,0.41185368,0.23365426896000002,0.7404892185599999,-0.23988294960000003,0.0067842656000000005,-0.0,0.0,0.03399648,0.4153464,0.25898905536,0.7621320067199999
786,7.86,464,9.28,-0.23908341660000001,0.014936621,-0.0,0.0,0.013849080000000001,0.41197548,0.2400890856,0.7352807851200001,-0.23988391000000003,0.0072534209999999995,-0.0,0.0,0.030575160000000004,0.41590332,0.26458504127999993,0.7571729592
787,7.87,464,9.28,-0.239021951,0.015912387400000002,-0.0,0.0,0.009592799999999999,0.41205527999999997,0.24457987679999993,0.7307808177599999,-0.23993673200000004,0.006763136800000001,-0.0,0.0,0.027121919999999997,0.41641824,0.27029551919999995,0.7521284064
788,7.88,465,9.3,-0.2389897776,0.0163921072,-0.0,0.0,0.0062470799999999995,0.4117596,0.25021716048,0.725938836,-0.23996074200000003,0.0062795754,-0.0,0.0,0.023634239999999997,0.41698272,0.2750780256,0.74778850272
789,7.89,465,9.3,-0.23895664380000003,0.016411315200000002,-0.0,0.0,0.0029349599999999995,0.4112598,0.25521705888,0.7204275624,-0.23996170240000003,0.0057969744,-0.0,0.0,0.02008944,0.4175766,0.27901780703999995,0.7437532536
790,7.9,466,9.32,-0.2388894158,0.0168939162,-0.0,0.0,-0.0005930400000000007,0.41089356,0.2604888384,0.7141052822399999,-0.23997274700000001,0.0057940932,-0.0,0.0,0.01649844,0.41817468,0.28342508544,0.7388295095999999
791,7.91,466,9.32,-0.238820267,0.0173942846,-0.0,0.0,-0.0032726400000000007,0.41086079999999997,0.26616810863999996,0.7077073651199999,-0.2399881134,0.0062694912,-0.0,0.0,0.013819679999999997,0.41859804,0.28771804656,0.73397450784
792,7.92,467,9.34,-0.2387491974,0.0183537242,-0.0,0.0,-0.0060396,0.41081292,0.27001729776,0.70265135808,-0.24001356400000004,0.0057825684,-0.0,0.0,0.01121232,0.418908,0.29241371711999997,0.7283644032000001
793,7.93,467,9.34,-0.2386392316,0.018821439000000002,-0.0,0.0,-0.00799932,0.41094648,0.27516985439999997,0.69680796192,-0.2400298908,0.005299007,-0.0,0.0,0.008688959999999999,0.4190172,0.2974887216,0.7216290513599999
794,7.94,468,9.36,-0.2386382712,0.0183455608,-0.0,0.0,-0.01078896,0.41104559999999996,0.279671532,0.6913199999999999,-0.24003421260000002,0.0052956456,-0.0,0.0,0.00710304,0.41892984,0.3031732032,0.7142804927999999
795,7.95,468,9.36,-0.2385623996,0.01884785,-0.0,0.0,-0.012776399999999999,0.41132784,0.2841529924799999,0.6867790104,-0.24002652940000002,0.0057724842000000005,-0.0,0.0,0.00475776,0.41877359999999997,0.30783812975999997,0.70708643712
796,7.96,469,9.38,-0.2386012958,0.0188248004,-0.0,0.0,-0.015596279999999999,0.411726,0.28822284288,0.68118850128,-0.24003037100000002,0.0057657614000000005,-0.0,0.0,0.0024225600000000003,0.41858712000000003,0.31226047104,0.69951075264
797,7.97,469,9.38,-0.2385623996,0.01884785,-0.0,0.0,-0.0174678,0.41197464,0.2926035336,0.6762106511999999,-0.2400308512,0.0057624,-0.0,0.0,0.0008231999999999997,0.41844600000000004,0.31776920448,0.69146171136
798,7.98,470,9.4,-0.2385623996,0.01884785,-0.0,0.0,-0.0193494,0.41236523999999997,0.29663530511999997,0.6715830844799999,-0.24003997500000002,0.0052754772,-0.0,0.0,2.3519999999999843e-05,0.4183704,0.32327360687999995,0.68388396048
799,7.99,470,9.4,-0.2386012958,0.0188440084,-0.0,0.0,-0.021295679999999997,0.412734,0.30111107375999996,0.6658360060799999,-0.24003421260000002,0.0052687544,-0.0,0.0,-0.002604,0.41849724,0.32674770239999995,0.67643502528
800,8.0,471,9.42,-0.2386392316,0.0188401668,-0.0,0.0,-0.02310672,0.41308091999999996,0.30483524399999995,0.6606970776,-0.240018366,0.0052586702,-0.0,0.0,-0.00449568,0.41874587999999996,0.33022725119999996,0.6695638588799999
801,8.01,471,9.42,-0.2386012958,0.019319406400000003,-0.0,0.0,-0.024123119999999998,0.41345724,0.30917668655999997,0.6552420167999999,-0.24001308380000003,0.0047717474,-0.0,0.0,-0.00560448,0.41903147999999996,0.3348335390399999,0.66213229152
802,8.02,472,9.44,-0.2386392316,0.018821439000000002,-0.0,0.0,-0.02596608,0.41376383999999994,0.31290909551999996,0.6489943790399999,-0.23999387580000003,0.0047650246,-0.0,0.0,-0.0075213599999999995,0.41925744,0.33793649903999995,0.6551338651199999
803,8.03,472,9.44,-0.2386392316,0.018821439000000002,-0.0,0.0,-0.02695392,0.41397468,0.31671018287999997,0.6430684646399999,-0.23997995000000003,0.0042781018,-0.0,0.0,-0.009384479999999999,0.41939519999999997,0.34092589104,0.6479903471999999
804,8.04,473,9.46,-0.238676207,0.0188180776,-0.0,0.0,-0.027907320000000003,0.41430396,0.3207665832,0.6363022008,-0.23993817260000003,0.0042603344,-0.0,0.0,-0.010388279999999998,0.41952204,0.34460727504,0.64078571088
805,8.05,473,9.46,-0.238712222,0.018833444,-0.0,0.0,-0.028050960000000003,0.4146744,0.32490319343999996,0.63022130976,-0.239905519,0.0042526512,-0.0,0.0,-0.01130976,0.4195632,0.34820365104,0.63343850304
806,8.06,474,9.48,-0.2387093408,0.019292515200000002,-0.0,0.0,-0.029022000000000003,0.41497175999999997,0.3285161039999999,0.62326751088,-0.23989591500000002,0.0037594858000000006,-0.0,0.0,-0.013041000000000002,0.41954220000000003,0.35082293903999995,0.62598562992
807,8.07,474,9.48,-0.2387765688,0.019286752800000004,-0.0,0.0,-0.02909004,0.41531196,0.33243883679999997,0.6168501695999999,-0.2398690238,0.004225759999999999,-0.0,0.0,-0.013887720000000001,0.41948508,0.354568536,0.61742406432
808,8.08,475,9.5,-0.2388399552,0.019265624000000002,-0.0,0.0,-0.02993424,0.41547071999999996,0.33535198704,0.61042122624,-0.2398690238,0.004225759999999999,-0.0,0.0,-0.014737799999999997,0.4194246,0.35770337231999993,0.60983717088
809,8.09,475,9.5,-0.238877891,0.018785904200000002,-0.0,0.0,-0.02999304,0.41568239999999995,0.33910575552,0.6039063206399999,-0.23987862780000002,0.004701638200000001,-0.0,0.0,-0.01553748,0.4192902,0.36035985215999994,0.60273774288
810,8.1,476,9.52,-0.2389081436,0.018783503200000003,-0.0,0.0,-0.030917039999999996,0.41582604,0.34147142399999997,0.5981466288,-0.23989639520000003,0.004698276800000001,-0.0,0.0,-0.01635984,0.41918015999999997,0.36323293103999993,0.5948076287999999
811,8.11,476,9.52,-0.23896576760000002,0.0187787012,-0.0,0.0,-0.030969119999999996,0.41602427999999997,0.34513318895999995,0.59183329968,-0.23991896460000003,0.0051900016,-0.0,0.0,-0.01635228,0.41905164,0.3664230696,0.5876546793599999
812,8.12,477,9.54,-0.238993139,0.018776300200000002,-0.0,0.0,-0.03185616,0.41605788,0.34744546031999995,0.58598197392,-0.23994969740000002,0.0056874888,-0.0,0.0,-0.01720824,0.41892312,0.3682820064,0.58129486464
813,8.13,477,9.54,-0.238993139,0.018776300200000002,-0.0,0.0,-0.03185616,0.41605788,0.35051090927999995,0.58002175056,-0.23996074200000003,0.0061739314,-0.0,0.0,-0.01808352,0.41883744,0.3700203897599999,0.5749511174399999
814,8.14,478,9.56,-0.23905652540000003,0.0182941794,-0.0,0.0,-0.03190404,0.41605788,0.35333019456,0.5738189015999999,-0.23996698460000002,0.0066666166,-0.0,0.0,-0.01902348,0.41879964,0.37158031008,0.5684829024
815,8.15,478,9.56,-0.23905652540000003,0.0182941794,-0.0,0.0,-0.03111192,0.41621579999999997,0.35692673183999996,0.5679571967999999,-0.23995353900000002,0.0076395018,-0.0,0.0,-0.01909908,0.41879964,0.37388997072,0.56219053296
816,8.16,479,9.58,-0.23905652540000003,0.0182941794,-0.0,0.0,-0.030364319999999993,0.41637036,0.36023779679999995,0.56194237344,-0.23995353900000002,0.0081384296,-0.0,0.0,-0.019178880000000002,0.4188492,0.37607913839999996,0.55578959856
817,8.17,479,9.58,-0.23905652540000003,0.0183071448,-0.0,0.0,-0.030410519999999993,0.41637036,0.36264127871999996,0.55560315216,-0.23994393500000002,0.0086373574,-0.0,0.0,-0.01923012,0.41889708,0.37817387999999996,0.54937778112
818,8.18,480,9.6,-0.2390661294,0.0178303062,-0.0,0.0,-0.02961336,0.41652156,0.3656739408,0.54944775984,-0.23992616760000002,0.009130042599999999,-0.0,0.0,-0.01930068,0.41889708,0.3801539246399999,0.54303604992
819,8.19,480,9.6,-0.23903875800000002,0.0178471132,-0.0,0.0,-0.028814520000000003,0.41666939999999997,0.3686522279999999,0.5431777344,-0.2399189646,0.0091487704,-0.0,0.0,-0.018506879999999996,0.41898108,0.38288956607999997,0.5366293968
820,8.2,481,9.62,-0.238981134,0.017853835999999998,-0.0,0.0,-0.028859040000000002,0.41666939999999997,0.37062903024,0.53670130416,-0.2399093606,0.009161255600000001,-0.0,0.0,-0.018529559999999997,0.41898108,0.38471418719999995,0.530128704
821,8.21,481,9.62,-0.23898593599999998,0.0173774776,-0.0,0.0,-0.028014000000000004,0.41681387999999997,0.3736694136,0.52957454592,-0.2398771872,0.0096539408,-0.0,0.0,-0.01769544,0.41892312,0.38749851503999994,0.5227200249599999
822,8.22,482,9.64,-0.238954723,0.017380839,-0.0,0.0,-0.02633736,0.4169214,0.37718749824,0.52335539424,-0.23985990000000001,0.009666426,-0.0,0.0,-0.0168588,0.41890799999999995,0.3899674396799999,0.51615652368
823,8.23,482,9.64,-0.23892351000000003,0.016907842000000003,-0.0,0.0,-0.025499039999999997,0.41697264,0.38000614511999997,0.51616384176,-0.23983877120000002,0.0096731488,-0.0,0.0,-0.0159978,0.41883659999999995,0.39252263567999995,0.50869842912
824,8.24,483,9.66,-0.23892351000000003,0.016907842000000003,-0.0,0.0,-0.024654,0.41710872,0.38264828784,0.50901697056,-0.2398325286,0.0092044736,-0.0,0.0,-0.01426572,0.41872824000000003,0.39599827344,0.5003382888
825,8.25,483,9.66,-0.2389225496,0.016431483600000005,-0.0,0.0,-0.02297736,0.4172028,0.38615633279999995,0.5009789097599999,-0.23978787000000001,0.0092217608,-0.0,0.0,-0.01336104,0.41850732,0.39860551584,0.49102894848
826,8.26,484,9.68,-0.238954723,0.015951763800000004,-0.0,0.0,-0.022096199999999996,0.41724732,0.3886998964799999,0.49289045231999995,-0.2397532956,0.0092332856,-0.0,0.0,-0.0124026,0.41818476,0.40094357519999996,0.48242616239999997
827,8.27,484,9.68,-0.238954723,0.015951763800000004,-0.0,0.0,-0.02037672,0.41733131999999995,0.39187513007999997,0.48478458335999997,-0.23971487959999999,0.0092448104,-0.0,0.0,-0.010626839999999999,0.41792268000000005,0.4040353699199999,0.47303717664000006
828,8.28,485,9.7,-0.2390200302,0.015451875600000003,-0.0,0.0,-0.01782312,0.41735819999999996,0.3956778335999999,0.47655215327999995,-0.239694231,0.0092400084,-0.0,0.0,-0.00878556,0.4175388,0.40700025743999996,0.46346364287999997
829,8.29,485,9.7,-0.23908341660000001,0.0149529478,-0.0,0.0,-0.015178799999999996,0.41736828,0.39940225584,0.46828953696,-0.23971199840000001,0.008749244,-0.0,0.0,-0.006142079999999999,0.41731199999999996,0.41048288736,0.45492398783999993
830,8.3,486,9.72,-0.23917321400000002,0.013959414,-0.0,0.0,-0.012574799999999999,0.41745144,0.40282950959999997,0.46089982848,-0.2397653006,0.007773957800000001,-0.0,0.0,-0.00356916,0.41724984,0.41366655455999995,0.44733876095999997
831,8.31,486,9.72,-0.2393081502,0.012023727800000002,-0.0,0.0,-0.00993888,0.41760768000000004,0.40619581631999996,0.45356312064000004,-0.23984549400000002,0.0063155903999999995,-0.0,0.0,-0.00101808,0.41736239999999997,0.4165949592,0.44162830655999996
832,8.32,487,9.74,-0.2394161952,0.009609762400000001,-0.0,0.0,-0.007346639999999999,0.41791512,0.40938541727999994,0.44815463615999995,-0.23993817260000003,0.0043755823999999995,-0.0,0.0,0.00229992,0.41763708,0.42019407024,0.4360515264
833,8.33,487,9.74,-0.23958666620000002,0.0062507634,-0.0,0.0,-0.0031298400000000005,0.41828555999999995,0.41413515696,0.44286687983999995,-0.24000684120000002,0.0024384556,-0.0,0.0,0.005559120000000001,0.41803440000000003,0.4235360976,0.43226648304000004
834,8.34,488,9.76,-0.2397115182,0.0024144456,-0.0,0.0,0.00022344000000000002,0.41878704,0.41789755392,0.43851835776,-0.2400514998,-0.00044658600000000006,-0.0,0.0,0.008770440000000001,0.41850396,0.426734868,0.42936689376000003
835,8.35,488,9.76,-0.2398157216,-0.0018977504,-0.0,0.0,0.0043511999999999995,0.41922299999999996,0.42232817759999997,0.43497860448,-0.2400529404,-0.0033378702,-0.0,0.0,0.01202544,0.4189206,0.4298727384,0.42639514176
836,8.36,489,9.78,-0.2398138008,-0.0066939880000000005,-0.0,0.0,0.00851088,0.41950944,0.42664179936,0.43204314384000003,-0.23997995000000003,-0.007183792,-0.0,0.0,0.016125479999999998,0.4190844,0.4339091937599999,0.42232638
837,8.37,489,9.78,-0.2397153598,-0.011503191000000001,-0.0,0.0,0.0126588,0.41964636000000005,0.43088760624,0.42804789888000006,-0.23978787000000001,-0.011983391000000001,-0.0,0.0,0.0202692,0.41910959999999997,0.43797928944,0.41892888576
838,8.38,490,9.8,-0.23948678460000003,-0.016289344400000003,-0.0,0.0,0.0176652,0.41959932,0.43595089775999996,0.422987712,-0.23948822520000002,-0.016753217600000002,-0.0,0.0,0.0235872,0.41906928,0.44131151231999993,0.41385366624
839,8.39,490,9.8,-0.23917321400000002,-0.020606342399999998,-0.0,0.0,0.021,0.419475,0.43929573744,0.4178268192,-0.23912231280000001,-0.0210452452,-0.0,0.0,0.0269388,0.41889708,0.44465641919999993,0.40865660639999996
840,8.4,491,9.82,-0.2388687672,-0.0239629404,-0.0,0.0,0.025178999999999997,0.41922299999999996,0.4434237024,0.41170327968,-0.23881834620000003,-0.0238985936,-0.0,0.0,0.030300479999999994,0.4186392,0.4480097328,0.40425819504
841,8.41,491,9.82,-0.2385163004,-0.0272931274,-0.0,0.0,0.028486080000000004,0.41896092,0.44661699936000004,0.40641299328,-0.23852446380000003,-0.0262352468,-0.0,0.0,0.033689880000000005,0.41828555999999995,0.45135311759999996,0.39892236383999996
842,8.42,492,9.84,-0.2381705564,-0.0301719264,-0.0,0.0,0.03265164,0.41863836,0.45063363743999996,0.40190388672,-0.23819792780000001,-0.0285992714,-0.0,0.0,0.03707004,0.41784876,0.45461363808,0.39434252255999996
843,8.43,492,9.84,-0.2377081238,-0.03352948480000001,-0.0,0.0,0.035993159999999996,0.4183788,0.45376014095999995,0.39745778016,-0.23773261399999998,-0.0318953642,-0.0,0.0,0.04044096,0.41730864,0.4578506956799999,0.39052277376
844,8.44,493,9.86,-0.23717174040000003,-0.03683950340000001,-0.0,0.0,0.03850728,0.4181814,0.45602075903999995,0.39307550688,-0.23719382960000002,-0.0351976996,-0.0,0.0,0.04302648,0.41672651999999993,0.4602488083199999,0.3866208662399999
845,8.45,493,9.86,-0.236697783,-0.0391823992,-0.0,0.0,0.04105164,0.41796972,0.45833671632,0.38955240576,-0.23659934200000002,-0.0384683418,-0.0,0.0,0.045571679999999996,0.41620656,0.46255305599999996,0.3827744256
846,8.46,494,9.88,-0.2362483158,-0.041083991199999996,-0.0,0.0,0.04275432,0.41781515999999996,0.45987541487999994,0.38689043568,-0.2360869686,-0.040819401,-0.0,0.0,0.047223959999999995,0.4158126,0.46398948288,0.37988058528
847,8.47,494,9.88,-0.235804611,-0.0424900168,-0.0,0.0,0.044474639999999996,0.41763708,0.46141502063999995,0.38421080208,-0.2357412246,-0.0421649214,-0.0,0.0,0.04887624,0.41547324,0.465334716,0.37620052176
848,8.48,495,9.9,-0.2353781934,-0.043868671,-0.0,0.0,0.04536336,0.41753712,0.4621941408,0.38244007199999996,-0.23532441099999998,-0.0440549886,-0.0,0.0,0.05050752,0.41534976,0.46670580096000003,0.37356963168
849,8.49,495,9.9,-0.23494409260000002,-0.045775065000000004,-0.0,0.0,0.0462294,0.417438,0.46292966495999993,0.38066265216,-0.2348883894,-0.0458984764,-0.0,0.0,0.051266879999999994,0.4153212,0.4672066392,0.3710336616
850,8.5,496,9.92,-0.234757775,-0.0467023312,-0.0,0.0,0.04625376,0.41742876,0.4627900435199999,0.3789684192,-0.2344710956,-0.04777845940000001,-0.0,0.0,0.052027079999999996,0.415359,0.46769325792,0.36860588352
851,8.51,496,9.92,-0.234700151,-0.0471998184,-0.0,0.0,0.04706352,0.41734476,0.4634943868799999,0.37803857616,-0.23409894060000003,-0.049138385799999997,-0.0,0.0,0.05276124,0.41545308,0.46814798016,0.36619422671999996
852,8.52,497,9.94,-0.2347712206,-0.0472199868,-0.0,0.0,0.0469896,0.41736239999999997,0.4633142136,0.37721371967999995,-0.23375511740000002,-0.050537688600000005,-0.0,0.0,0.05353992,0.41553036,0.46872586656000004,0.36459739008
853,8.53,497,9.94,-0.2347750622,-0.0477001868,-0.0,0.0,0.047764919999999995,0.41727000000000003,0.46399248336,0.37629053616,-0.233295566,-0.0524128696,-0.0,0.0,0.05433204,0.41564376000000003,0.46941507983999997,0.36387582336
854,8.54,498,9.96,-0.2348062752,-0.0476704144,-0.0,0.0,0.048542760000000004,0.41715324,0.46475275392000004,0.37617126623999997,-0.2328196878,-0.054252996,-0.0,0.0,0.05513256,0.41568239999999995,0.47011854959999994,0.36307615007999994
855,8.55,498,9.96,-0.2347692998,-0.04812276280000001,-0.0,0.0,0.04849656000000001,0.41709024,0.46472412336,0.37611914256,-0.232212715,-0.05654355,-0.0,0.0,0.0551124,0.41585711999999997,0.46999213632,0.36241590335999996
856,8.56,499,9.98,-0.2347275224,-0.0485789528,-0.0,0.0,0.048483960000000006,0.41698524000000003,0.46472741951999996,0.37602334560000006,-0.2317440398,-0.0584254538,-0.0,0.0,0.05593475999999999,0.4158588,0.47071242624,0.36158345327999997
857,8.57,499,9.98,-0.2348038742,-0.048566467599999996,-0.0,0.0,0.049333199999999994,0.41677272,0.4656578136,0.37665415871999997,-0.231338751,-0.059757048400000005,-0.0,0.0,0.056782320000000004,0.41584368,0.47155998624,0.36156833328
858,8.58,500,10.0,-0.2348715824,-0.0485597448,-0.0,0.0,0.0502026,0.41653164,0.46662091727999994,0.37724888207999996,-0.2309238582,-0.061147227400000004,-0.0,0.0,0.05678736000000001,0.4159008,0.4714554264,0.36079048656
859,8.59,500,10.0,-0.2350281276,-0.048139089600000004,-0.0,0.0,0.051093839999999995,0.41630652,0.46767864863999997,0.37870122528,-0.2306266144,-0.062061048000000014,-0.0,0.0,0.057634920000000006,0.41581176,0.4723029864,0.36070395648
860,8.6,501,10.02,-0.23515922220000002,-0.047657449000000005,-0.0,0.0,0.05113752,0.4162158,0.46772232863999996,0.37860464880000005,-0.23045278200000002,-0.06249851020000001,-0.0,0.0,0.05765676,0.41583612,0.4723189699199999,0.36072831648
861,8.61,501,10.02,-0.23538011420000002,-0.046701850999999996,-0.0,0.0,0.05113752,0.41616792,0.46779678959999993,0.37939257216000005,-0.23045278200000002,-0.06243464360000001,-0.0,0.0,0.05850348,0.41574204,0.47305441679999993,0.35980261632
862,8.62,502,10.04,-0.2355803576,-0.04574769360000001,-0.0,0.0,0.05116104,0.4162158,0.46788054768,0.38026956240000004,-0.23045278200000002,-0.06243464360000001,-0.0,0.0,0.05851776,0.41571936,0.47306869679999997,0.35978328287999994
863,8.63,502,10.04,-0.23578780400000002,-0.0448036204,-0.0,0.0,0.05113752,0.41630652,0.46786957727999995,0.38035526256,-0.2306266144,-0.062061048000000014,-0.0,0.0,0.05853540000000001,0.415695,0.47308633679999995,0.359765616
864,8.64,503,10.06,-0.23606535960000002,-0.0434230454,-0.0,0.0,0.05027903999999999,0.41649216,0.467093088,0.3813783792,-0.230798526,-0.0616451948,-0.0,0.0,0.05773236000000001,0.41578571999999997,0.4722832967999999,0.35985968255999995
865,8.65,503,10.06,-0.23641734620000002,-0.0415238544,-0.0,0.0,0.049407959999999994,0.41670551999999994,0.46623121104,0.38159341247999995,-0.2312599982,-0.06028911,-0.0,0.0,0.05775588000000001,0.4157286,0.47242394639999996,0.36063585600000003
866,8.66,504,10.08,-0.236832239,-0.0391454238,-0.0,0.0,0.04853184000000001,0.41690208,0.4654379184,0.3826291224,-0.23190538700000002,-0.0580259274,-0.0,0.0,0.05702172000000001,0.4158126,0.47180356943999996,0.36155314944
867,8.67,504,10.08,-0.2372221614,-0.036806849800000006,-0.0,0.0,0.04684512,0.41717676,0.46382565936000003,0.38374295232,-0.2325666224,-0.055786754800000005,-0.0,0.0,0.05623464,0.41589323999999994,0.47112692592,0.36246289967999995
868,8.68,505,10.1,-0.2375174844,-0.034905738000000006,-0.0,0.0,0.0451584,0.4174296,0.46220503392,0.38483410560000003,-0.2330521046,-0.0540052128,-0.0,0.0,0.055452600000000005,0.41597051999999995,0.47045197584,0.36336761663999995
869,8.69,505,10.1,-0.2379208524,-0.0320687164,-0.0,0.0,0.04270979999999999,0.41776139999999995,0.45988109327999993,0.38683834895999997,-0.2336643596,-0.0516944904,-0.0,0.0,0.0538188,0.4161528,0.46902482592,0.36521062704
870,8.7,506,10.12,-0.23835399280000003,-0.028725564,-0.0,0.0,0.041038200000000004,0.41795292,0.4583876976,0.38953895232,-0.23431214940000003,-0.04894486519999999,-0.0,0.0,0.05220768,0.41632667999999995,0.46760780639999994,0.36703101456
871,8.71,506,10.12,-0.23868773180000002,-0.0258904632,-0.0,0.0,0.03939516,0.41813688,0.45691031232,0.39220354992,-0.23508623180000002,-0.045700634000000004,-0.0,0.0,0.05142732,0.41643,0.46700816063999995,0.36877833216
872,8.72,507,10.14,-0.23898929740000002,-0.023020788000000004,-0.0,0.0,0.037728599999999994,0.41829563999999997,0.45539183759999996,0.39486637344,-0.2358896064,-0.04198100479999999,-0.0,0.0,0.04977503999999999,0.41666939999999997,0.46551065903999994,0.37063914047999996
873,8.73,507,10.14,-0.2392077884,-0.0206236296,-0.0,0.0,0.03606623999999999,0.41844600000000004,0.4538499537599999,0.3975132672,-0.23659934200000002,-0.0386887536,-0.0,0.0,0.04811939999999999,0.41690039999999995,0.464075892,0.37331647583999994
874,8.74,508,10.16,-0.2394382844,-0.0177467514,-0.0,0.0,0.03438624,0.41858712000000003,0.45224776128,0.40014088128,-0.23723800800000003,-0.0354070668,-0.0,0.0,0.0464268,0.41715576,0.46257404592,0.37597884912
875,8.75,508,10.16,-0.2396063544,-0.015351033600000003,-0.0,0.0,0.031868759999999996,0.4187862,0.44978549951999997,0.40281641568,-0.237756624,-0.0325882928,-0.0,0.0,0.04473084,0.41739768,0.46111485504,0.37948784832
876,8.76,509,10.18,-0.23974945400000003,-0.0129644396,-0.0,0.0,0.030151799999999996,0.4189038,0.448116228,0.40541967312,-0.23831317580000003,-0.028759658199999996,-0.0,0.0,0.04301304,0.41765051999999997,0.45959199215999996,0.38301446064
877,8.77,509,10.18,-0.23984165240000002,-0.011040278200000002,-0.0,0.0,0.028439040000000002,0.41900796,0.44647458240000004,0.40886286336,-0.23877800940000002,-0.024952152399999997,-0.0,0.0,0.04046448,0.41798064,0.45723418608,0.38665098192
878,8.78,510,10.2,-0.2399324102,-0.008633996,-0.0,0.0,0.025884599999999997,0.41915159999999996,0.44397285072,0.4115047104,-0.239166011,-0.0211105524,-0.0,0.0,0.03789156,0.41825784,0.45481855439999996,0.39021450384
879,8.79,510,10.2,-0.23998859360000002,-0.0067112752,-0.0,0.0,0.02332008,0.41925744,0.4414351032,0.4132838304,-0.2394426062,-0.0177496326,-0.0,0.0,0.035322,0.41850479999999995,0.45237281712,0.39376619183999995
880,8.8,511,10.22,-0.240037574,-0.0043083544,-0.0,0.0,0.021606479999999997,0.4193112,0.43977170159999995,0.41585587679999997,-0.23969183000000002,-0.013922918800000001,-0.0,0.0,0.03276588,0.418719,0.4499104008,0.39644596992000003
881,8.81,511,10.22,-0.240061584,-0.0019015920000000001,-0.0,0.0,0.01906548,0.419391,0.43726165728,0.4176173232,-0.2399002368,-0.0096001584,-0.0,0.0,0.030229919999999997,0.41891052,0.44748906048,0.39998404992000003
882,8.82,512,10.24,-0.2400611038,2.1609e-05,-0.0,0.0,0.0165144,0.41944896,0.43473232992,0.4201935696,-0.24003757400000003,-0.005279318799999999,-0.0,0.0,0.027734280000000004,0.41908187999999996,0.44505951503999996,0.40429594127999996
883,8.83,512,10.24,-0.24003757400000003,0.0014722932,-0.0,0.0,0.014851199999999998,0.4195128,0.43307414975999997,0.42277569600000003,-0.24008463359999999,-0.0019150376,-0.0,0.0,0.0252924,0.41922299999999996,0.44265444719999997,0.40944016848
884,8.84,513,10.26,-0.24001884620000002,0.0024470992,-0.0,0.0,0.012317759999999999,0.41959596000000005,0.43043361984,0.4295603424000001,-0.24008367320000001,0.001452605,-0.0,0.0,0.02378292,0.4192398,0.44113241759999994,0.41699927808
885,8.85,513,10.26,-0.23998859360000002,0.0029484280000000003,-0.0,0.0,0.0106428,0.41966904000000005,0.4284566328,0.43799229264000006,-0.2400572622,0.0038584070000000003,-0.0,0.0,0.022332239999999996,0.41916,0.43945333487999994,0.42525826895999996
886,8.86,514,10.28,-0.239946336,0.0039414816,-0.0,0.0,0.008962799999999998,0.41970936000000003,0.42592325999999997,0.45050022192000005,-0.2400476582,0.0048135248,-0.0,0.0,0.020895840000000002,0.41899116,0.43740535103999995,0.43500444959999995
887,8.87,514,10.28,-0.23989639520000003,0.004966228400000001,-0.0,0.0,0.0064428,0.41975724,0.422482956,0.46051583088,-0.240023168,0.005781608000000001,-0.0,0.0,0.02107728,0.41870892,0.43684636463999993,0.44456193264
888,8.88,515,10.3,-0.2399136824,0.0040231156,-0.0,0.0,0.00481824,0.4198488,0.41995482479999996,0.46885582464000003,-0.23997995000000003,0.007231812,-0.0,0.0,0.019431719999999996,0.41867867999999997,0.4347983808,0.45201292752
889,8.89,515,10.3,-0.23995930140000002,0.0010910144,-0.0,0.0,0.0023856,0.41993868,0.41670813407999996,0.47556938352,-0.24000155900000003,0.0062742932,-0.0,0.0,0.016943639999999996,0.41866776,0.43212791328,0.45791956223999997
890,8.9,516,10.32,-0.23995353900000002,0.0034843312000000003,-0.0,0.0,-0.00088536,0.4199916,0.412644876,0.4824342264,-0.24000011840000002,0.0057969744,-0.0,0.0,0.013557600000000001,0.41878200000000004,0.42843566303999997,0.46401494160000006
891,8.91,516,10.32,-0.23996170240000003,0.0058603608,-0.0,0.0,-0.00326424,0.41995632,0.40955903520000003,0.4874982672,-0.23995978160000003,0.0077062496,-0.0,0.0,0.0092736,0.418887,0.4238245368,0.46930459968
892,8.92,517,10.34,-0.23992904880000002,0.007760032000000001,-0.0,0.0,-0.0064512,0.41973119999999997,0.4055228856,0.4922344223999999,-0.23988391,0.010094284200000001,-0.0,0.0,0.0058212,0.41888112,0.41986262304,0.47439134736
893,8.93,517,10.34,-0.239905519,0.008708427,-0.0,0.0,-0.00889224,0.419454,0.4022452056,0.49606177824,-0.2398440534,0.011049402,-0.0,0.0,0.00228312,0.41890799999999995,0.4156167456,0.48039434687999993
894,8.94,518,10.36,-0.2399093606,0.0091641368,-0.0,0.0,-0.01228164,0.41924316,0.39792462528,0.49980657216,-0.23986326140000003,0.010568721799999998,-0.0,0.0,-0.00042336000000000007,0.4190844,0.41210541792,0.48646989552000003
895,8.95,518,10.36,-0.2399059992,0.009616485200000002,-0.0,0.0,-0.014958719999999997,0.41924399999999995,0.394116408,0.50454948768,-0.2398877516,0.010084680200000001,-0.0,0.0,-0.00398076,0.41927256,0.40767205584,0.49257728352
896,8.96,519,10.38,-0.23986710300000003,0.0105581574,-0.0,0.0,-0.01762404,0.41932632,0.39009071135999995,0.51023060256,-0.2398675832,0.0105644,-0.0,0.0,-0.0066393599999999995,0.41946239999999996,0.40386893232,0.49940586191999997
897,8.97,519,10.38,-0.23978787000000001,0.011976188,-0.0,0.0,-0.02022552,0.4193742,0.38611881503999995,0.5158923369599999,-0.23984549400000002,0.011045080200000001,-0.0,0.0,-0.01008,0.41954304,0.39931054128,0.50532624912
898,8.98,520,10.4,-0.2397264044,0.0129250632,-0.0,0.0,-0.022763159999999998,0.4193196,0.38170877472,0.52313491104,-0.23982292460000001,0.0115257604,-0.0,0.0,-0.01263024,0.41953884,0.39536060255999994,0.51188214336
899,8.99,520,10.4,-0.23966541900000002,0.0138619334,-0.0,0.0,-0.025263,0.41920283999999997,0.37724366736,0.53032369152,-0.239821484,0.0115276812,-0.0,0.0,-0.015165359999999998,0.41945568,0.39109949423999996,0.51916978176
900,9.0,521,10.42,-0.23959050780000002,0.0148088878,-0.0,0.0,-0.027786360000000003,0.41904408,0.37261950431999996,0.53747716512,-0.23981908300000002,0.011530562400000001,-0.0,0.0,-0.018513599999999998,0.41925744,0.38609554367999993,0.52550570016
901,9.01,521,10.42,-0.2395391264,0.0152761224,-0.0,0.0,-0.030338279999999995,0.41884331999999996,0.36783124559999997,0.54442382064,-0.2397921918,0.0120126832,-0.0,0.0,-0.02095884,0.41899116,0.3816574272,0.53258679264
902,9.02,522,10.44,-0.239514156,0.015270360000000002,-0.0,0.0,-0.032915400000000004,0.41855772,0.36283790928000004,0.5513826864,-0.23978787000000001,0.012014604,-0.0,0.0,-0.02339232,0.41853419999999997,0.37709302512,0.53934752592
903,9.03,522,10.44,-0.23945413100000001,0.015738555000000005,-0.0,0.0,-0.03632327999999999,0.4181436,0.35692261919999996,0.55810677888,-0.2397763452,0.012021807,-0.0,0.0,-0.0257586,0.4179798,0.37220009231999995,0.5469227568
904,9.04,523,10.46,-0.23938930400000002,0.016206750000000002,-0.0,0.0,-0.038895360000000004,0.41769755999999997,0.3513595512,0.5655368678399999,-0.2397691422,0.012024208,-0.0,0.0,-0.02808708,0.41732796,0.3671751216,0.55425413568
905,9.05,523,10.46,-0.23935617020000002,0.016695113400000003,-0.0,0.0,-0.04136412,0.41717592,0.34568144015999996,0.5728244255999999,-0.23976097880000002,0.012022287200000002,-0.0,0.0,-0.03042984,0.41675004,0.36196101311999995,0.5616192758399999
906,9.06,524,10.48,-0.2393043086,0.017169550999999998,-0.0,0.0,-0.043864799999999995,0.41663999999999995,0.3397430064,0.5800006531199999,-0.239751855,0.012024208,-0.0,0.0,-0.031982159999999996,0.4163628,0.35736332352,0.56929724544
907,9.07,524,10.48,-0.23928558079999998,0.0171642688,-0.0,0.0,-0.04638312,0.41604696,0.33360454512,0.58707625536,-0.2397172806,0.012506328799999999,-0.0,0.0,-0.03451056,0.41624688,0.35162808239999993,0.5770658207999999
908,9.08,525,10.5,-0.239245244,0.0171642688,-0.0,0.0,-0.04800096,0.41556983999999997,0.32848704,0.5933391071999999,-0.23970623600000002,0.0125082496,-0.0,0.0,-0.036243479999999995,0.41618891999999996,0.34651932,0.58468486944
909,9.09,525,10.5,-0.23921018940000002,0.0176439886,-0.0,0.0,-0.04964819999999999,0.41522039999999993,0.32279380896,0.6003002275199999,-0.23966878040000003,0.0129841278,-0.0,0.0,-0.03883656,0.41620908,0.34038139632,0.5925184104
910,9.1,526,10.52,-0.23915256540000002,0.018129951,-0.0,0.0,-0.0513744,0.41485752000000004,0.31682751744000004,0.6072177888,-0.23964188920000004,0.012987009,-0.0,0.0,-0.0405972,0.41635692,0.33490691135999995,0.6004377993600001
911,9.11,526,10.52,-0.23915256540000002,0.018129951,-0.0,0.0,-0.05225304,0.41475419999999996,0.31151468543999994,0.6142878201599999,-0.23961115640000002,0.0129687614,-0.0,0.0,-0.04237548,0.41640311999999996,0.32886762383999996,0.6088612756799999
912,9.12,527,10.54,-0.23916601099999998,0.0176459094,-0.0,0.0,-0.05316444,0.41473068,0.30597499295999997,0.621631752,-0.23959434940000002,0.012969721800000002,-0.0,0.0,-0.044151239999999994,0.41649048,0.32261082,0.6174622843199999
913,9.13,527,10.54,-0.2391530456,0.017170031199999998,-0.0,0.0,-0.0540624,0.41478191999999997,0.3003542001599999,0.62859949488,-0.2395679384,0.0134494416,-0.0,0.0,-0.045879119999999995,0.41648796,0.316197756,0.62570987136
914,9.14,528,10.56,-0.2391530456,0.017170031199999998,-0.0,0.0,-0.05411616,0.41493312,0.29482128479999997,0.6366276604800001,-0.23952279960000003,0.013920998000000002,-0.0,0.0,-0.046751879999999996,0.41645099999999996,0.30996046032,0.63467432112
915,9.15,528,10.56,-0.2391424812,0.017641587599999998,-0.0,0.0,-0.05500068,0.41496924,0.28833964319999994,0.64422867936,-0.23950407180000002,0.0139214782,-0.0,0.0,-0.047555759999999996,0.4162998,0.30404303664,0.6424210027199999
916,9.16,529,10.58,-0.2391424812,0.017641587599999998,-0.0,0.0,-0.05420352,0.41521536,0.2833221551999999,0.65220953616,-0.239463735,0.013922438600000002,-0.0,0.0,-0.04751208,0.41618219999999995,0.29827792512,0.65118433632
917,9.17,529,10.58,-0.2391530456,0.017157546,-0.0,0.0,-0.054221160000000004,0.41528172,0.277151028,0.65969019984,-0.2394195566,0.013923399000000001,-0.0,0.0,-0.048262200000000005,0.4158966,0.29096352768,0.66025990128
918,9.18,530,10.6,-0.23916168920000003,0.0166735044,-0.0,0.0,-0.05336772,0.41545308,0.27174974735999996,0.6670407676799999,-0.2394195566,0.0139118742,-0.0,0.0,-0.04727772,0.41578908,0.28509927263999996,0.6691738703999999
919,9.19,530,10.6,-0.2392202736,0.0161856212,-0.0,0.0,-0.05254536,0.41562108,0.26566815408,0.67541285952,-0.239442126,0.0139118742,-0.0,0.0,-0.047218920000000004,0.4156446,0.27802488,0.6782064945599999
920,9.2,531,10.62,-0.2392447638,0.0161904232,-0.0,0.0,-0.050807399999999996,0.415947,0.26025451536,0.68357056656,-0.239442126,0.0139118742,-0.0,0.0,-0.04628064,0.41558831999999996,0.27154550975999997,0.6869508307199998
921,9.21,531,10.62,-0.23929086300000002,0.016188982600000002,-0.0,0.0,-0.04915176,0.41614524,0.25376797488,0.69229165824,-0.239463735,0.0139118742,-0.0,0.0,-0.04455276,0.415695,0.26489611343999997,0.696513216
922,9.22,532,10.64,-0.2393230364,0.015698218200000003,-0.0,0.0,-0.047412119999999995,0.41621579999999997,0.24769423391999995,0.69993883008,-0.23948438360000002,0.01390179,-0.0,0.0,-0.0428232,0.41579328000000004,0.2585303448,0.7051736697600001
923,9.23,532,10.64,-0.2393542494,0.015218498400000002,-0.0,0.0,-0.044800559999999996,0.41629644,0.24208664255999995,0.7074438134400001,-0.23948438360000002,0.013891705800000001,-0.0,0.0,-0.04114824,0.41596464,0.25240781999999995,0.7126706495999999
924,9.24,533,10.66,-0.239384502,0.014738778600000002,-0.0,0.0,-0.04216884,0.41634684,0.23638793807999997,0.71487003168,-0.239463735,0.013890745400000001,-0.0,0.0,-0.037812599999999995,0.416367,0.24762052224,0.72062284896
925,9.25,533,10.66,-0.2394354032,0.0142542568,-0.0,0.0,-0.039516960000000004,0.416367,0.23029191024,0.7216895649599999,-0.239442126,0.0138787404,-0.0,0.0,-0.034436640000000004,0.41674079999999997,0.24190555199999997,0.7288326192
926,9.26,534,10.68,-0.23948438360000002,0.013780779600000001,-0.0,0.0,-0.03608723999999999,0.41659127999999995,0.22470599759999996,0.7286705495999999,-0.239442126,0.013867695800000001,-0.0,0.0,-0.03113376,0.41723388,0.23657430719999994,0.73631331648
927,9.27,534,10.68,-0.239550171,0.013313545,-0.0,0.0,-0.032654999999999997,0.4168668,0.21867834912,0.7355295897599999,-0.2394694974,0.0133769314,-0.0,0.0,-0.02777964,0.41761692,0.23029953744000004,0.74427547824
928,9.28,535,10.7,-0.239600592,0.0133245896,-0.0,0.0,-0.02926392,0.41719356,0.21251165376,0.7419989606399999,-0.239473339,0.0128948106,-0.0,0.0,-0.023614919999999998,0.41801592,0.22518675647999997,0.7513575585599999
929,9.29,535,10.7,-0.2396154782,0.013331312400000002,-0.0,0.0,-0.02506644,0.41769084,0.20592484415999998,0.7491809942400001,-0.2394959084,0.0128972116,-0.0,0.0,-0.01937376,0.4183032,0.21919497263999999,0.7585688712
930,9.3,536,10.72,-0.23964236940000003,0.0133385154,-0.0,0.0,-0.02000544,0.41817215999999996,0.20066588976,0.7553648524799998,-0.23954296800000002,0.012409328399999999,-0.0,0.0,-0.014306879999999998,0.41851488,0.21450997680000003,0.7647591806399999
931,9.31,536,10.72,-0.23968078540000004,0.012865998600000001,-0.0,0.0,-0.014110319999999999,0.41860727999999997,0.19595827104,0.7609494916799999,-0.239607795,0.011935371000000002,-0.0,0.0,-0.009196320000000001,0.41853504,0.20868063215999993,0.77131768224
932,9.32,537,10.74,-0.2396543744,0.013345718400000001,-0.0,0.0,-0.00814968,0.41882736,0.191033388,0.7666729896,-0.239684627,0.0114758196,-0.0,0.0,-0.00320796,0.41849724,0.20423692799999996,0.7769255289599999
933,9.33,537,10.74,-0.23964236940000003,0.013344758,-0.0,0.0,-0.00218484,0.4189038,0.18645070751999998,0.77080964352,-0.23972304300000002,0.0109985008,-0.0,0.0,0.00195972,0.41822172,0.19856175359999997,0.7816288536
934,9.34,538,10.76,-0.23965581500000002,0.0128583154,-0.0,0.0,0.0046746,0.41876604,0.1818707688,0.77545244448,-0.23977346400000002,0.010530785999999999,-0.0,0.0,0.00794136,0.4179294,0.19427029103999996,0.78577992864
935,9.35,538,10.76,-0.23964188920000004,0.0128587956,-0.0,0.0,0.01072428,0.41846700000000003,0.17619828575999996,0.7797733305600001,-0.23981908300000002,0.010055388,-0.0,0.0,0.01392888,0.41753964000000005,0.18957224495999997,0.7892688316800001
936,9.36,539,10.78,-0.2396524536,0.012372833199999999,-0.0,0.0,0.017693760000000003,0.41788655999999996,0.17141464703999998,0.78312844512,-0.2398301276,0.010057789000000001,-0.0,0.0,0.01982316,0.41723388,0.18449650127999997,0.79257819312
937,9.37,539,10.78,-0.2396524536,0.012372833199999999,-0.0,0.0,0.023877000000000002,0.4172028,0.16490605823999996,0.78705959136,-0.2398498158,0.009577589000000001,-0.0,0.0,0.026601119999999995,0.41679456,0.18019316447999995,0.79567869696
938,9.38,540,10.8,-0.23966109720000003,0.011895034200000001,-0.0,0.0,0.030026640000000004,0.41639472,0.15806602560000002,0.79067064384,-0.2398498158,0.0095828712,-0.0,0.0,0.03243828,0.4164006,0.17504775120000005,0.7987157975999999
939,9.39,540,10.8,-0.23964429020000003,0.0118892718,-0.0,0.0,0.036232560000000004,0.41546232,0.15151318560000004,0.7937189769599999,-0.23985990000000001,0.009584792000000002,-0.0,0.0,0.038346,0.41592432,0.16974365856000004,0.8015961172799999
940,9.4,541,10.82,-0.23966782,0.0114181956,-0.0,0.0,0.043092,0.41454252,0.14506419312000002,0.7965096753600001,-0.2398877516,0.0091065128,-0.0,0.0,0.044208359999999995,0.41536572,0.16533626256000003,0.8031107112
941,9.41,541,10.82,-0.23964429020000003,0.0118979154,-0.0,0.0,0.04907784,0.4137067199999999,0.13873552896,0.7984406438399998,-0.2398690238,0.0095867128,-0.0,0.0,0.050022,0.4147248,0.1597013208,0.80554360656
942,9.42,542,10.84,-0.23966109720000003,0.0119031976,-0.0,0.0,0.055854959999999995,0.41278859999999995,0.13268528448,0.8000341171199999,-0.2398690238,0.0095867128,-0.0,0.0,0.05587848000000001,0.41400156000000005,0.15409164960000005,0.8072700484800001
943,9.43,542,10.84,-0.239636607,0.012382917399999999,-0.0,0.0,0.06166607999999999,0.4121065199999999,0.12514613999999996,0.8013323639999999,-0.2398690238,0.009591034600000001,-0.0,0.0,0.06162911999999999,0.413196,0.14836860864,0.8088848879999999
944,9.44,543,10.86,-0.23962700300000003,0.0128679194,-0.0,0.0,0.06743856000000001,0.4114488,0.1186660272,0.8018777323199999,-0.2398771872,0.0095924752,-0.0,0.0,0.06664392,0.41244000000000003,0.14275724399999998,0.81036773664
945,9.45,543,10.86,-0.239600592,0.0133476392,-0.0,0.0,0.07237608,0.410844,0.11223193631999995,0.80166949968,-0.23986470199999999,0.0100741158,-0.0,0.0,0.07158732000000001,0.41171339999999995,0.1371087816,0.8116867214399999
946,9.46,544,10.88,-0.239559775,0.014305158,-0.0,0.0,0.0772884,0.410172,0.10559862431999995,0.80162999952,-0.2398440534,0.0105543158,-0.0,0.0,0.07652652,0.41083643999999997,0.13108548768,0.8121358358399999
947,9.47,544,10.88,-0.2395002302,0.015257394600000002,-0.0,0.0,0.08142204,0.40949495999999996,0.09942318623999993,0.80103244032,-0.2398224444,0.0110345158,-0.0,0.0,0.08070132,0.41005944,0.12412879247999999,0.81242973504
948,9.48,545,10.9,-0.23945413100000001,0.0157231886,-0.0,0.0,0.08472492000000001,0.40884311999999995,0.09312478559999998,0.80023000512,-0.2398224444,0.0110345158,-0.0,0.0,0.08479212,0.40924044,0.11782768703999996,0.8118684201599999
949,9.49,545,10.9,-0.23938882380000004,0.0166826282,-0.0,0.0,0.08894087999999999,0.40799051999999997,0.08877271535999993,0.79895155536,-0.239799875,0.0115147158,-0.0,0.0,0.08891819999999999,0.40837944,0.11163130271999995,0.8117369702399999
950,9.5,546,10.92,-0.2393547296,0.0171546648,-0.0,0.0,0.09138948,0.40735884,0.08487707424000007,0.7966373923199999,-0.23979267199999998,0.0115132752,-0.0,0.0,0.09206987999999999,0.40783512,0.10525532639999995,0.8110420550399999
951,9.51,546,10.92,-0.23928366,0.0181064212,-0.0,0.0,0.09480912,0.40652472,0.08160192096000006,0.79440943008,-0.2397691422,0.0119896336,-0.0,0.0,0.09532992,0.40733868,0.10003100016000005,0.80979431232
952,9.52,547,10.94,-0.23926157080000002,0.018586621200000004,-0.0,0.0,0.09725016,0.40585439999999995,0.07846173552000005,0.7924414814399999,-0.2397763452,0.011991554400000002,-0.0,0.0,0.09855216,0.40680024,0.09490022640000007,0.8090425291199999
953,9.53,547,10.94,-0.23922363500000002,0.019059138000000003,-0.0,0.0,0.09896544000000002,0.40546799999999994,0.07572943728000005,0.7899835607999999,-0.23978258780000003,0.011993475200000001,-0.0,0.0,0.10086803999999999,0.40635084,0.09113540688000003,0.8079422232
954,9.54,548,10.96,-0.23919866460000003,0.0195475014,-0.0,0.0,0.10068071999999999,0.40507487999999997,0.07264826016000003,0.78798074544,-0.2397763452,0.011991554400000002,-0.0,0.0,0.10329732,0.40594764,0.08744048208000005,0.8073189868799999
955,9.55,548,10.96,-0.23917177340000004,0.020029622200000003,-0.0,0.0,0.10151231999999999,0.4048758,0.07165682160000005,0.7865158291200001,-0.23975809760000003,0.0124736752,-0.0,0.0,0.10493952,0.40559735999999996,0.08410718400000003,0.8068398643199999
956,9.56,549,10.98,-0.23918377840000002,0.020038746000000003,-0.0,0.0,0.10235399999999999,0.40477836,0.06980870400000004,0.78627616032,-0.2397633798,0.012475596,-0.0,0.0,0.10658171999999999,0.40523867999999996,0.08336328672000007,0.8057248617599999
957,9.57,549,10.98,-0.2392049072,0.0200569936,-0.0,0.0,0.10240524,0.40477836,0.06899820480000005,0.78665348496,-0.2397677016,0.012477516800000001,-0.0,0.0,0.10666068000000001,0.40510764,0.08082440016,0.80608158288
958,9.58,550,11.0,-0.23925388760000002,0.019586397600000003,-0.0,0.0,0.10240524,0.40477836,0.068772312,0.7881017088,-0.2397955532,0.0119992376,-0.0,0.0,0.10674299999999999,0.40496988,0.08090672015999999,0.80583087648
959,9.59,550,11.0,-0.239262051,0.019595521400000003,-0.0,0.0,0.10157363999999999,0.40497912,0.0676980864,0.7904819160000001,-0.2397955532,0.0119992376,-0.0,0.0,0.1067724,0.4046742,0.08190662256000006,0.8046801504
960,9.6,551,11.02,-0.2393081502,0.019124925400000003,-0.0,0.0,0.09991799999999999,0.40547723999999996,0.0675860472,0.7933117516799999,-0.23979795420000002,0.012002118800000001,-0.0,0.0,0.10605756000000001,0.40464732,0.08215893840000008,0.8045068583999999
961,9.61,551,11.02,-0.23931439280000003,0.0191340492,-0.0,0.0,0.0982044,0.405867,0.06826607424,0.7958031513599999,-0.2397955532,0.012000678200000002,-0.0,0.0,0.10451616,0.4048128,0.08277355968000004,0.8044305494399999
962,9.62,552,11.04,-0.23935232860000002,0.0186543294,-0.0,0.0,0.09655044,0.40644828000000005,0.07105467264000007,0.7971047784,-0.2397955532,0.012000678200000002,-0.0,0.0,0.10300919999999998,0.405048,0.08483319600000004,0.8046105311999999
963,9.63,552,11.04,-0.23935232860000002,0.0186543294,-0.0,0.0,0.09392039999999999,0.40720175999999997,0.07283707200000003,0.79899357888,-0.23981908300000002,0.011520478200000002,-0.0,0.0,0.101325,0.405363,0.08788103184000005,0.8042771351999999
964,9.64,553,11.06,-0.23935232860000002,0.0186514482,-0.0,0.0,0.0913836,0.4079334,0.07468259232000006,0.80141690496,-0.2398157216,0.0115190376,-0.0,0.0,0.09885372,0.405867,0.09011501520000006,0.8054010854399999
965,9.65,553,11.06,-0.239346086,0.0186384828,-0.0,0.0,0.08875775999999999,0.4086432,0.07729746528000005,0.8030018304,-0.2398113998,0.011517597,-0.0,0.0,0.09628416,0.40654236,0.09384786432000003,0.8063157244799999
966,9.66,554,11.08,-0.2393758584,0.018144837199999996,-0.0,0.0,0.08617476,0.40924631999999994,0.08135571360000003,0.8041939449599999,-0.2398061176,0.0115161564,-0.0,0.0,0.09376416,0.40720091999999997,0.09873714816000007,0.8073792182399999
967,9.67,554,11.08,-0.23936769500000002,0.0181342728,-0.0,0.0,0.0837144,0.40974779999999994,0.08520947567999992,0.80574540816,-0.2397691422,0.011993475200000001,-0.0,0.0,0.09038652,0.40811148,0.10292189711999995,0.80936318736
968,9.68,555,11.1,-0.2393585712,0.0181189064,-0.0,0.0,0.0811314,0.410319,0.09029930111999993,0.8068989096,-0.239751855,0.011990594000000002,-0.0,0.0,0.08696435999999999,0.40898844,0.10833381887999996,0.8113453488
969,9.69,555,11.1,-0.23931151160000003,0.0185875816,-0.0,0.0,0.07866432,0.41079024000000003,0.09542974895999995,0.8084368656,-0.23973072620000002,0.0119877128,-0.0,0.0,0.08364888,0.40975032,0.11598250607999994,0.8125255488
970,9.7,556,11.12,-0.23926253120000002,0.0190562568,-0.0,0.0,0.07615943999999998,0.41124636,0.10044709919999995,0.8105570625599999,-0.23968126560000003,0.012465031599999999,-0.0,0.0,0.07947408,0.41056092,0.12150603695999997,0.81409832784
971,9.71,556,11.12,-0.23927549660000003,0.018554447800000002,-0.0,0.0,0.07289352,0.41165964,0.10573665983999998,0.81123555744,-0.23966733980000002,0.012463591,-0.0,0.0,0.07536143999999999,0.41124636,0.12894321215999996,0.8140031827199999
972,9.72,557,11.14,-0.23926157080000002,0.018550606200000003,-0.0,0.0,0.07058352,0.41171759999999996,0.11163828143999996,0.81062169552,-0.2396524536,0.0124621504,-0.0,0.0,0.07052892000000001,0.41185368,0.135096612,0.8134910784
973,9.73,557,11.14,-0.23929854620000002,0.018078089399999997,-0.0,0.0,0.06828023999999999,0.41173356,0.11721280367999999,0.81039168336,-0.23966109720000003,0.011980509800000002,-0.0,0.0,0.06641543999999999,0.4122552,0.14198996783999995,0.81246278064
974,9.74,558,11.16,-0.23929854620000002,0.018085292399999998,-0.0,0.0,0.06514872,0.41183436,0.12270202223999999,0.80924756304,-0.239684627,0.0115003098,-0.0,0.0,0.06232883999999999,0.41269788,0.14836136783999995,0.8107327065600001
975,9.75,558,11.16,-0.23933456120000002,0.017612775599999998,-0.0,0.0,0.0637098,0.41175288,0.13083342720000002,0.80719161264,-0.23970047360000002,0.011501750400000002,-0.0,0.0,0.05827920000000001,0.41319179999999994,0.15479064384000002,0.8095583663999999
976,9.76,559,11.18,-0.239396507,0.017157546,-0.0,0.0,0.06051024,0.41200151999999995,0.1378617912,0.8050750713599999,-0.2397379292,0.011022991000000001,-0.0,0.0,0.05407248,0.41384028,0.16089383856,0.80728780944
977,9.77,559,11.18,-0.23947574000000002,0.0162125124,-0.0,0.0,0.05810616000000001,0.41222496,0.14653817136000002,0.80265891216,-0.23974465200000003,0.0105413504,-0.0,0.0,0.050725919999999994,0.41444171999999996,0.1670648952,0.80616744432
978,9.78,560,11.2,-0.23952904220000001,0.015753921400000002,-0.0,0.0,0.05480916,0.4125366,0.15511894944000001,0.7987547232,-0.2397653006,0.010061150400000001,-0.0,0.0,0.04818996,0.41500619999999994,0.17389595664000002,0.80439267888
979,9.79,560,11.2,-0.2395602552,0.015274201600000002,-0.0,0.0,0.05146932,0.41293979999999997,0.16414046544000002,0.7949186683199999,-0.2397653006,0.0100688336,-0.0,0.0,0.045604439999999996,0.41554043999999996,0.18069670080000003,0.8026688275199999
980,9.8,561,11.22,-0.2395996316,0.014802165,-0.0,0.0,0.04733903999999999,0.41340599999999994,0.17303834352,0.7895057990399998,-0.23975953820000004,0.010557196999999999,-0.0,0.0,0.043816919999999995,0.41595959999999993,0.18845440656,0.8007428855999998
981,9.81,561,11.22,-0.2396198,0.014314762,-0.0,0.0,0.043202880000000006,0.41371008,0.18185588063999994,0.7838864678399999,-0.239751855,0.0110446,-0.0,0.0,0.042094919999999994,0.41628216,0.19593209999999994,0.7985555256
982,9.82,562,11.24,-0.23966541900000002,0.013352921400000002,-0.0,0.0,0.0381696,0.41404188000000003,0.18944666159999995,0.7782061728,-0.23969183000000002,0.012012203,-0.0,0.0,0.04044348,0.416367,0.20301518159999996,0.79535739024
983,9.83,562,11.24,-0.23968078540000004,0.012865998600000001,-0.0,0.0,0.0339906,0.41437368,0.19641254303999997,0.772497432,-0.23962700300000003,0.012980766400000001,-0.0,0.0,0.038921399999999995,0.41628216,0.20993563583999994,0.79173105312
984,9.84,563,11.26,-0.239694231,0.012379075799999998,-0.0,0.0,0.028940519999999997,0.41471640000000004,0.20188404767999998,0.76714430688,-0.23962700300000003,0.012967801000000001,-0.0,0.0,0.03667944,0.415884,0.21659552544,0.78725761968
985,9.85,563,11.26,-0.239694231,0.012385318399999998,-0.0,0.0,0.02557296,0.41478780000000004,0.20847501359999998,0.7626125135999999,-0.23961115640000002,0.0129687614,-0.0,0.0,0.03532704,0.41521536,0.22541666784,0.78042377952
986,9.86,564,11.28,-0.23968126560000003,0.012378595599999999,-0.0,0.0,0.021327599999999995,0.4149936,0.21333313344,0.76002226272,-0.23959434940000002,0.012969721800000002,-0.0,0.0,0.033102719999999995,0.4146156,0.2328170544,0.77382447408
987,9.87,564,11.28,-0.23965581500000002,0.0128650382,-0.0,0.0,0.01795752,0.41500284,0.21805168896,0.7576587916799999,-0.239576582,0.0129706822,-0.0,0.0,0.02994012,0.41436024,0.23885163791999997,0.76696300464
988,9.88,565,11.3,-0.23958810680000003,0.0138182352,-0.0,0.0,0.0146496,0.41498352,0.22208779488000002,0.7555210992,-0.23958474540000002,0.013448481200000001,-0.0,0.0,0.02662464,0.41469372000000004,0.24414769343999998,0.76152450528
989,9.89,565,11.3,-0.2395002302,0.015257394600000002,-0.0,0.0,0.0113148,0.41480544,0.22716039024,0.7527912672,-0.23965581500000002,0.012972122800000001,-0.0,0.0,0.0231714,0.415359,0.24833966976000002,0.7583245084799999
990,9.9,566,11.32,-0.2394219576,0.0162029084,-0.0,0.0,0.00885024,0.41444759999999997,0.23266064303999995,0.7495035139199999,-0.239694231,0.0124914426,-0.0,0.0,0.01879248,0.41622336,0.25190966639999995,0.75505586688
991,9.91,566,11.32,-0.23933840280000002,0.0166624598,-0.0,0.0,0.006310079999999999,0.41405951999999996,0.23787111599999997,0.7456140955199999,-0.239754256,0.011530562400000001,-0.0,0.0,0.015215759999999998,0.41695920000000003,0.25573637375999997,0.7526007619199999
992,9.92,567,11.34,-0.2392999868,0.0166490142,-0.0,0.0,0.0028896,0.41378736,0.24221130863999998,0.7407839208,-0.239754256,0.011530562400000001,-0.0,0.0,0.01073352,0.41779836,0.25864919472,0.75049411248
993,9.93,567,11.34,-0.239223635,0.017126332999999997,-0.0,0.0,-0.0006081600000000002,0.4134816,0.24595215791999997,0.73565576784,-0.239751855,0.012014604,-0.0,0.0,0.00629412,0.4184166,0.26221811279999996,0.74678274048
994,9.94,568,11.36,-0.23915256540000002,0.018085772599999998,-0.0,0.0,-0.00337176,0.41360087999999995,0.24993522287999997,0.73077194064,-0.23979267199999998,0.0115324832,-0.0,0.0,0.0019563600000000003,0.4187862,0.26468056271999996,0.74286205056
995,9.95,568,11.36,-0.2390810156,0.019527333,-0.0,0.0,-0.006891359999999999,0.41368572,0.25319491679999995,0.72548722512,-0.239799875,0.011531522800000001,-0.0,0.0,-0.0014288400000000002,0.4189038,0.26839676304,0.7380275784
996,9.96,569,11.38,-0.239041159,0.0200070528,-0.0,0.0,-0.00947352,0.41362272,0.25777523184,0.7193527286399999,-0.23978258780000003,0.0120078812,-0.0,0.0,-0.00469308,0.41880887999999994,0.27173528591999996,0.7324777655999999
997,9.97,569,11.38,-0.23906036700000002,0.0195311746,-0.0,0.0,-0.01121904,0.41357232,0.26234801711999994,0.71425989936,-0.23978258780000003,0.0120078812,-0.0,0.0,-0.007911119999999999,0.41862072,0.27554167535999996,0.72628336704
998,9.98,570,11.4,-0.23909926320000002,0.019051454800000003,-0.0,0.0,-0.0147336,0.413595,0.26567466239999993,0.70807220064,-0.23978787000000001,0.012005000000000002,-0.0,0.0,-0.011093039999999998,0.41832924,0.27842372208,0.72036799296
999,9.99,570,11.4,-0.2391396,0.01906394,-0.0,0.0,-0.01724352,0.41348664,0.26983694639999994,0.7017676848,-0.23978787000000001,0.012002599000000001,-0.0,0.0,-0.013536599999999998,0.41817468,0.28250930064,0.71374536912
1000,10.0,571,11.42,-0.23915832780000001,0.0190610588,-0.0,0.0,-0.02068416,0.4134606,0.27196247232,0.69720872928,-0.2398113998,0.011519998,-0.0,0.0,-0.01688988,0.41804028,0.28548854879999996,0.7070960534399999
1001,10.01,571,11.42,-0.23925100640000002,0.018108341999999996,-0.0,0.0,-0.02330832,0.41359584,0.2753972592,0.69205138464,-0.2398113998,0.011522399,-0.0,0.0,-0.019511519999999997,0.41806296,0.28837701983999997,0.70133755104
1002,10.02,572,11.44,-0.239319675,0.017642067799999998,-0.0,0.0,-0.02595012,0.41384279999999996,0.27821035199999994,0.68775789936,-0.2397921918,0.0120030792,-0.0,0.0,-0.02219616,0.41812847999999997,0.29106528192,0.69526213344
1003,10.03,572,11.44,-0.23936961580000002,0.0171690708,-0.0,0.0,-0.028566719999999997,0.41393099999999994,0.2809147824,0.6833014708799999,-0.2397955532,0.0120035594,-0.0,0.0,-0.024000479999999998,0.41815536,0.2950731,0.6885883636799999
1004,10.04,573,11.46,-0.2393835416,0.0171757936,-0.0,0.0,-0.030443279999999996,0.41431068,0.28365061871999997,0.67948456464,-0.2397955532,0.0120035594,-0.0,0.0,-0.025767839999999997,0.41811084,0.29835820896,0.6822882863999999
1005,10.05,573,11.46,-0.23943060120000004,0.0167027966,-0.0,0.0,-0.03234,0.41465675999999996,0.28682059056000003,0.67473216048,-0.2397955532,0.0120035594,-0.0,0.0,-0.02666496,0.41805624,0.3024056313599999,0.6759170543999999
1006,10.06,574,11.48,-0.23944260620000002,0.0167095194,-0.0,0.0,-0.034191360000000004,0.41496924,0.2893523875199999,0.67067905296,-0.2397955532,0.0120035594,-0.0,0.0,-0.02834328,0.41788236,0.3055346447999999,0.669376344
1007,10.07,574,11.48,-0.23947574000000002,0.0162297996,-0.0,0.0,-0.03608052,0.41524812,0.29216263439999995,0.66565698192,-0.239771063,0.0124837594,-0.0,0.0,-0.029216039999999992,0.41776139999999995,0.30936798479999994,0.6628550879999999
1008,10.08,575,11.5,-0.23950791340000002,0.0157500798,-0.0,0.0,-0.03793944,0.4153968,0.2942467987199999,0.66115478016,-0.2397677016,0.012483279199999999,-0.0,0.0,-0.030898559999999995,0.41757407999999996,0.31225602911999994,0.6562222934399999
1009,10.09,575,11.5,-0.239518958,0.0157568026,-0.0,0.0,-0.03890796,0.415695,0.29764553951999995,0.6560265331199999,-0.2397677016,0.012483279199999999,-0.0,0.0,-0.0317772,0.41744472,0.3152903544,0.65015780928
1010,10.1,576,11.52,-0.23952904220000001,0.015763525400000002,-0.0,0.0,-0.039903360000000006,0.41596464,0.3004041432,0.65132067504,-0.2397379292,0.012962999,-0.0,0.0,-0.0326928,0.417312,0.31821660528,0.64429996176
1011,10.11,576,11.52,-0.2395602552,0.015283805600000002,-0.0,0.0,-0.04088028,0.4161276,0.30309254304,0.6465349094399999,-0.23970623600000002,0.013442718800000001,-0.0,0.0,-0.03281208000000001,0.41737836,0.32183208624,0.63837095952
1012,10.12,577,11.54,-0.23959050780000002,0.0148040858,-0.0,0.0,-0.0409668,0.41635692,0.30658265904000004,0.64197864864,-0.23970623600000002,0.013442718800000001,-0.0,0.0,-0.03376464,0.417375,0.32405959487999997,0.6331511491199999
1013,10.13,577,11.54,-0.2396289238,0.0143310888,-0.0,0.0,-0.04100712,0.4165014,0.3100302911999999,0.63711667488,-0.239672622,0.013922438600000002,-0.0,0.0,-0.03471216,0.41736828,0.32624612832,0.6278953497599999
1014,10.14,578,11.56,-0.239607795,0.0148175314,-0.0,0.0,-0.04107768,0.41663916,0.31335899952,0.63217603008,-0.23966541900000002,0.0139219584,-0.0,0.0,-0.03564371999999999,0.41729688,0.32839758671999997,0.62258407344
1015,10.15,578,11.56,-0.239607795,0.0148175314,-0.0,0.0,-0.041948759999999995,0.41662235999999997,0.31579850400000004,0.62710090464,-0.2396289238,0.014406,-0.0,0.0,-0.035715119999999996,0.41735819999999996,0.33129123888,0.6173912942399999
1016,10.16,579,11.58,-0.2396370872,0.0143378116,-0.0,0.0,-0.0411096,0.4167702,0.3197750639999999,0.62212599792,-0.23959050780000002,0.0148713138,-0.0,0.0,-0.03660636,0.4172238,0.33330899616,0.61177941216
1017,10.17,579,11.58,-0.23966541900000002,0.0138580918,-0.0,0.0,-0.04114152,0.4167702,0.32279688,0.61693632,-0.2395391264,0.015351033600000003,-0.0,0.0,-0.036662639999999996,0.4171608,0.33604876704,0.60642633744
1018,10.18,580,11.6,-0.2396370872,0.0143378116,-0.0,0.0,-0.04117344,0.4167702,0.32565220463999994,0.6116855673599999,-0.2394959084,0.0158307534,-0.0,0.0,-0.03668952,0.41709612,0.33873427392,0.60103811712
1019,10.19,580,11.6,-0.2396370872,0.0143378116,-0.0,0.0,-0.04117344,0.4167702,0.32854028592,0.6062515905599999,-0.239482943,0.0158307534,-0.0,0.0,-0.03671808,0.41702975999999997,0.34133443680000003,0.5954557895999999
1020,10.2,581,11.62,-0.2396289238,0.0143310888,-0.0,0.0,-0.041205359999999996,0.4167702,0.3312316291199999,0.60095984256,-0.23943684380000002,0.0163104732,-0.0,0.0,-0.03674832,0.41696172,0.34349368368,0.59085650736
1021,10.21,581,11.62,-0.2396572556,0.013851369,-0.0,0.0,-0.041205359999999996,0.4167702,0.3335005968,0.59645871936,-0.2394219576,0.016318156400000002,-0.0,0.0,-0.03674496,0.416892,0.3459509088,0.58523735424
1022,10.22,582,11.64,-0.23964813180000002,0.0138446462,-0.0,0.0,-0.040398960000000005,0.41685168,0.3365157264,0.59187844128,-0.23937297720000003,0.016798356400000002,-0.0,0.0,-0.03677772,0.4168206,0.34797544655999996,0.58043224512
1023,10.23,582,11.64,-0.2396572556,0.013851369,-0.0,0.0,-0.04042584,0.41691468,0.33871849200000004,0.5872654603199999,-0.23940611100000003,0.016318636600000002,-0.0,0.0,-0.03681552,0.416892,0.34993303296,0.57593224416
1024,10.24,583,11.66,-0.2396289238,0.0143310888,-0.0,0.0,-0.04044516,0.41703564000000004,0.34086690624,0.58291123296,-0.2394219576,0.016318156400000002,-0.0,0.0,-0.03597888,0.4170348,0.35270314799999997,0.5713262755199999
1025,10.25,583,11.66,-0.2396289238,0.014326767,-0.0,0.0,-0.039600960000000004,0.41717339999999997,0.34389306336,0.5784207004799999,-0.23943684380000002,0.016317676200000002,-0.0,0.0,-0.036014159999999996,0.41710284,0.35455198127999993,0.56665976976
1026,10.26,584,11.68,-0.2396289238,0.014326767,-0.0,0.0,-0.0396228,0.41722968,0.34580302511999994,0.5747229768,-0.239482943,0.015837476200000002,-0.0,0.0,-0.03604775999999999,0.41723388,0.35634309311999995,0.56205961056
1027,10.27,584,11.68,-0.2396289238,0.014326767,-0.0,0.0,-0.03961608,0.41728427999999995,0.34761019439999996,0.570975048,-0.23950791340000002,0.015836515800000003,-0.0,0.0,-0.03604775999999999,0.41735819999999996,0.35780470319999996,0.5582441927999999
1028,10.28,585,11.7,-0.2396289238,0.014326767,-0.0,0.0,-0.03879708,0.41741532,0.35047979904000004,0.56662253424,-0.239550171,0.0153563158,-0.0,0.0,-0.03608387999999999,0.4174758,0.35945775935999996,0.5535728654400001
1029,10.29,585,11.7,-0.2396289238,0.014326767,-0.0,0.0,-0.03879708,0.41741532,0.35210371728,0.56272881168,-0.2395602552,0.015355835600000003,-0.0,0.0,-0.03524472,0.4175472,0.36165729599999996,0.5496693887999999
1030,10.3,586,11.72,-0.2396198,0.014319564,-0.0,0.0,-0.038804639999999994,0.41736239999999997,0.3536715504,0.55877380272,-0.239569379,0.015355355400000003,-0.0,0.0,-0.03521616,0.4175472,0.36326124911999996,0.54485954544
1031,10.31,586,11.72,-0.23959050780000002,0.0147992838,-0.0,0.0,-0.0388122,0.41730779999999995,0.35514149663999994,0.5547761184,-0.2395996316,0.0148756356,-0.0,0.0,-0.034377,0.41761692,0.36536540879999996,0.54093681936
1032,10.32,587,11.74,-0.2395804236,0.014786798600000001,-0.0,0.0,-0.038009999999999995,0.41732796,0.3573776976,0.5506841928,-0.239607795,0.014875155400000001,-0.0,0.0,-0.03434844,0.41761692,0.36661546320000005,0.53681553072
1033,10.33,587,11.74,-0.2395391264,0.015258835200000003,-0.0,0.0,-0.0380184,0.41727000000000003,0.3587121048,0.54663796992,-0.239607795,0.014875155400000001,-0.0,0.0,-0.03431736,0.41755896000000003,0.3678245323199999,0.5327525750400001
1034,10.34,588,11.76,-0.23952712140000001,0.015251152000000002,-0.0,0.0,-0.0380478,0.41727000000000003,0.35993431823999994,0.54258277584,-0.2395996316,0.0148756356,-0.0,0.0,-0.0334488,0.417627,0.36960252,0.5296363632000001
1035,10.35,588,11.76,-0.2394959084,0.0157308718,-0.0,0.0,-0.037238879999999995,0.41734476000000004,0.36200238144,0.53865254016,-0.2395602552,0.015355835600000003,-0.0,0.0,-0.03344544,0.41756736,0.37048686192,0.5262761784
1036,10.36,589,11.78,-0.239514156,0.015243468800000002,-0.0,0.0,-0.03644759999999999,0.4174758,0.36401097264,0.53462547936,-0.239550171,0.0153563158,-0.0,0.0,-0.03260628,0.41763372,0.37237767839999997,0.52232750304
1037,10.37,589,11.78,-0.2395002302,0.015228582600000004,-0.0,0.0,-0.03562524,0.41760347999999997,0.36600881183999995,0.53076071328,-0.2395391264,0.015351033600000003,-0.0,0.0,-0.031767119999999996,0.41769839999999997,0.3740325624,0.51908745504
1038,10.38,590,11.8,-0.23948534400000002,0.015220419200000002,-0.0,0.0,-0.03483564,0.4177278,0.3679320590399999,0.5268591216,-0.23955737400000002,0.0148713138,-0.0,0.0,-0.031767119999999996,0.41769839999999997,0.37501645104,0.5150506670399999
1039,10.39,590,11.8,-0.2394694974,0.015212255800000003,-0.0,0.0,-0.03399648,0.41779584,0.369912396,0.5229757108799999,-0.23953048280000003,0.0148713138,-0.0,0.0,-0.030958199999999998,0.41776139999999995,0.37678332383999996,0.51095974944
1040,10.4,591,11.82,-0.2394694974,0.015204092400000003,-0.0,0.0,-0.032304719999999995,0.4179798,0.37290680447999996,0.5182410643199999,-0.23951559660000002,0.0148713138,-0.0,0.0,-0.03011904,0.4178227199999999,0.37853860464,0.50694830592
1041,10.41,591,11.82,-0.2394526904,0.015195448800000002,-0.0,0.0,-0.03146556,0.4180428,0.37498670159999997,0.51348083472,-0.23951559660000002,0.0148636306,-0.0,0.0,-0.029279880000000005,0.41788236,0.380234484,0.50294940528
1042,10.42,592,11.84,-0.239482943,0.014715729,-0.0,0.0,-0.030626399999999998,0.41810411999999997,0.37700468736,0.5087289648,-0.23954488880000002,0.014383910800000002,-0.0,0.0,-0.028440720000000003,0.41794032,0.38206757232,0.49800342144
1043,10.43,592,11.84,-0.23952904220000001,0.0142446528,-0.0,0.0,-0.0297612,0.41816376,0.37898680176,0.50396202864,-0.23955737400000002,0.0139037108,-0.0,0.0,-0.02756796,0.41793527999999996,0.38387402256,0.49307893823999993
1044,10.44,593,11.86,-0.23957322060000003,0.0137735766,-0.0,0.0,-0.028095480000000003,0.41822507999999997,0.38182967423999997,0.49824383951999995,-0.23958474540000002,0.013423991000000001,-0.0,0.0,-0.02669352,0.41792687999999995,0.385602672,0.48807412415999996
1045,10.45,593,11.86,-0.2396154782,0.0133025004,-0.0,0.0,-0.02722944,0.41827967999999993,0.383790876,0.49257331199999993,-0.23961115640000002,0.012944271200000001,-0.0,0.0,-0.024973199999999997,0.4179,0.38826588528,0.48226857168
1046,10.46,594,11.88,-0.23964188920000004,0.012822780600000002,-0.0,0.0,-0.025497359999999997,0.41838383999999995,0.38649345839999993,0.48691636895999996,-0.23961115640000002,0.0129572366,-0.0,0.0,-0.0240534,0.4178118,0.39006583056,0.47632974816
1047,10.47,594,11.88,-0.23965581500000002,0.012824701400000001,-0.0,0.0,-0.02464056,0.4183788,0.3882370968,0.48109919087999997,-0.23967694380000001,0.011997316800000001,-0.0,0.0,-0.02231712,0.41768664,0.39247476911999996,0.47125335264
1048,10.48,595,11.9,-0.23968126560000003,0.012344981599999999,-0.0,0.0,-0.02294292,0.4184166,0.39073791119999995,0.47533907568,-0.23970047360000002,0.011517116800000001,-0.0,0.0,-0.021352799999999998,0.4174968,0.39416529264,0.46520703264
1049,10.49,595,11.9,-0.2397292856,0.011385542000000002,-0.0,0.0,-0.022075199999999996,0.41846111999999996,0.3923251416,0.4695463584,-0.2397379292,0.011030194,-0.0,0.0,-0.020443919999999997,0.41729015999999997,0.39564643439999997,0.46001652815999994
1050,10.5,596,11.92,-0.239751855,0.0108990994,-0.0,0.0,-0.0203616,0.41860139999999996,0.39472394976,0.46391800559999996,-0.23977346400000002,0.0105509544,-0.0,0.0,-0.018747119999999996,0.41719607999999997,0.39783768863999996,0.45490093487999994
1051,10.51,596,11.92,-0.23977346400000002,0.010419379599999999,-0.0,0.0,-0.0178374,0.41876939999999996,0.39781790159999997,0.45912054719999995,-0.23981908300000002,0.010066912800000001,-0.0,0.0,-0.01708056,0.41735819999999996,0.3999259151999999,0.45005994767999996
1052,10.52,597,11.94,-0.23979987500000002,0.009443133000000001,-0.0,0.0,-0.016138919999999998,0.41899032,0.39995143439999997,0.45520930224,-0.23985990000000001,0.009584792000000002,-0.0,0.0,-0.014627759999999998,0.41762784,0.40268408879999995,0.44615642736
1053,10.53,597,11.94,-0.23985317720000002,0.008012137,-0.0,0.0,-0.013607999999999999,0.41925996,0.40285047599999996,0.4522319424,-0.2398877516,0.0091065128,-0.0,0.0,-0.013071240000000001,0.4179294,0.40445478863999995,0.44311477392
1054,10.54,598,11.96,-0.23988294960000003,0.0065537696,-0.0,0.0,-0.011054399999999999,0.41952204,0.40567765727999994,0.45006190992,-0.2399304894,0.008144192000000001,-0.0,0.0,-0.010656239999999999,0.41830488,0.4070446464,0.44015624352
1055,10.55,598,11.96,-0.23991896460000003,0.0051131696,-0.0,0.0,-0.0085008,0.419727,0.40848308592,0.44782806432,-0.2399530588,0.007181391,-0.0,0.0,-0.007355879999999999,0.41865431999999997,0.41041444751999995,0.43886168591999997
1056,10.56,599,11.98,-0.2399376924,0.0031818052000000003,-0.0,0.0,-0.0051046799999999995,0.41986812,0.4121402376,0.44555213136,-0.23997995000000003,0.006220991,-0.0,0.0,-0.0048921599999999996,0.41899872,0.41297521775999996,0.4367020224
1057,10.57,599,11.98,-0.23994009340000003,0.0012590844,-0.0,0.0,-0.00255528,0.41995128,0.41492055024,0.44319062927999997,-0.23999387580000003,0.0047703068000000005,-0.0,0.0,-0.00157584,0.4191894,0.4163718552,0.4343869656
1058,10.58,600,12.0,-0.2399424944,-0.0011419156,-0.0,0.0,0.0008273999999999999,0.4199916,0.41850402383999996,0.4408072032,-0.23998859360000002,0.0028475860000000005,-0.0,0.0,0.0017740800000000001,0.41933808,0.41978535984000004,0.4320382752
1059,10.59,600,12.0,-0.2399208854,-0.0035515592,-0.0,0.0,0.00336,0.41998655999999995,0.42124327391999994,0.43750329167999996,-0.23995930140000002,0.0009195830000000001,-0.0,0.0,0.005130719999999999,0.4193574,0.4232290104,0.42870099552
1060,10.6,601,12.02,-0.23990311800000003,-0.005461794799999999,-0.0,0.0,0.00588336,0.41995547999999994,0.42389129327999997,0.43498571759999993,-0.23988391,-0.0014910210000000001,-0.0,0.0,0.008513399999999999,0.41930364000000003,0.42665937888,0.42613731552000006
1061,10.61,601,12.02,-0.23986902380000003,-0.007848869000000001,-0.0,0.0,0.007557479999999999,0.4199244,0.42565911696000003,0.43245894048,-0.23979267199999998,-0.003899224,-0.0,0.0,0.01105524,0.4191516,0.4292664768,0.42179036256
1062,10.62,602,12.04,-0.2398267662,-0.0097442184,-0.0,0.0,0.01007244,0.41987148,0.42827782032,0.42907117344,-0.239694231,-0.0062925407999999995,-0.0,0.0,0.014474040000000002,0.41895,0.43272543552000003,0.41821877664
1063,10.63,602,12.04,-0.2397753848,-0.0116333252,-0.0,0.0,0.0117432,0.41982192,0.42999626879999997,0.42651838656,-0.23958474540000002,-0.008209019000000001,-0.0,0.0,0.017032679999999998,0.41874923999999997,0.4352815656,0.41381139071999995
1064,10.64,603,12.06,-0.23971920140000003,-0.0130523162,-0.0,0.0,0.013413119999999999,0.41977152,0.431712204,0.42312309984,-0.23949110640000001,-0.010607618,-0.0,0.0,0.01956528,0.41852664,0.4377807,0.4102188048
1065,10.65,603,12.06,-0.2396788646,-0.0139867854,-0.0,0.0,0.015094799999999998,0.41972028,0.43340643360000003,0.42056695968,-0.23937345740000002,-0.013006217,-0.0,0.0,0.022128959999999996,0.4182822,0.44027744879999997,0.40660437888
1066,10.66,604,12.08,-0.239559775,-0.015902783400000002,-0.0,0.0,0.01677228,0.41965643999999996,0.43508140368000003,0.4179957096,-0.23928846200000004,-0.014910210000000002,-0.0,0.0,0.02383248,0.41799744,0.44190985439999997,0.40378627296
1067,10.67,604,12.08,-0.2394699776,-0.017316012,-0.0,0.0,0.018449759999999996,0.41958588,0.43674549743999996,0.41541271968000004,-0.23910790680000002,-0.016804118800000004,-0.0,0.0,0.02468844,0.4178118,0.44263948175999995,0.40024236
1068,10.68,605,12.1,-0.23936913560000003,-0.018720597000000002,-0.0,0.0,0.02011968,0.41950271999999994,0.43838278848,0.41282131295999996,-0.2389081436,-0.018694186,-0.0,0.0,0.02633904,0.4176396,0.4442156208,0.39838516704
1069,10.69,605,12.1,-0.23928846200000004,-0.0196339374,-0.0,0.0,0.0217938,0.41941116,0.44001172992,0.41021397648,-0.23882074720000002,-0.020119419600000004,-0.0,0.0,0.02798124,0.41753207999999997,0.4457281416,0.39574179119999997
1070,10.7,606,12.12,-0.23915832780000001,-0.0210548492,-0.0,0.0,0.023461199999999998,0.41930027999999997,0.44161638192,0.40759401312,-0.238695415,-0.021529767,-0.0,0.0,0.029552880000000004,0.41748924000000004,0.44714834976,0.39318819456000004
1071,10.71,606,12.12,-0.239060367,-0.021999882800000002,-0.0,0.0,0.02510676,0.41917595999999996,0.44321258016,0.40578971999999996,-0.23848556760000003,-0.023393423200000003,-0.0,0.0,0.031183319999999997,0.41750603999999997,0.44866918992,0.39152083823999995
1072,10.72,607,12.14,-0.23891630700000002,-0.023440963000000002,-0.0,0.0,0.02678844,0.41903819999999997,0.44483736864,0.40397868,-0.23823826460000003,-0.025774735,-0.0,0.0,0.03198384,0.41757407999999996,0.4492956887999999,0.38906891856
1073,10.73,607,12.14,-0.238712222,-0.025339193599999997,-0.0,0.0,0.02846088,0.41886432,0.44644538736,0.40212399024,-0.23796743180000002,-0.0286290438,-0.0,0.0,0.033596640000000004,0.41756736,0.45079135919999996,0.38739059184
1074,10.74,608,12.16,-0.2385090974,-0.027274399600000002,-0.0,0.0,0.030155999999999995,0.41869632,0.44807022960000004,0.4002818736,-0.237756624,-0.0304927,-0.0,0.0,0.03437784,0.41767319999999997,0.45144873647999995,0.3858306816
1075,10.75,608,12.16,-0.238282443,-0.029206724400000002,-0.0,0.0,0.03184272,0.41851488,0.4496774687999999,0.39841711391999995,-0.2375679054,-0.031902086999999996,-0.0,0.0,0.035192640000000004,0.417711,0.45219911519999995,0.38503267824
1076,10.76,609,12.18,-0.2380476252,-0.0311371284,-0.0,0.0,0.0335328,0.41831999999999997,0.45127970159999997,0.39653724096,-0.2374224048,-0.033338365200000004,-0.0,0.0,0.036828959999999994,0.4177152,0.45371244911999997,0.38338200432
1077,10.77,609,12.18,-0.2377297328,-0.033546772,-0.0,0.0,0.03522708,0.41814779999999996,0.45288362448,0.39468925103999997,-0.237264419,-0.0347765642,-0.0,0.0,0.037674839999999994,0.41773116,0.454488888,0.38256718079999996
1078,10.78,610,12.2,-0.2374627416,-0.035433958,-0.0,0.0,0.03692304,0.4179294,0.45448253424,0.39282016032,-0.2370204774,-0.0366954434,-0.0,0.0,0.03849636,0.41769755999999997,0.45517570896,0.38087619695999997
1079,10.79,610,12.2,-0.23717414140000004,-0.0373518768,-0.0,0.0,0.037762199999999996,0.41785464,0.45521795087999994,0.3910737936,-0.23683463999999999,-0.038108672,-0.0,0.0,0.038500559999999996,0.41773871999999995,0.45510544799999997,0.38008155359999996
1080,10.8,611,12.22,-0.23694892760000003,-0.038783353,-0.0,0.0,0.039421199999999997,0.41770008,0.4567665144,0.38924511695999997,-0.2366790552,-0.03905562640000001,-0.0,0.0,0.03936324,0.41770008,0.45581418624,0.37837549008
1081,10.81,611,12.22,-0.2367117088,-0.040175452800000004,-0.0,0.0,0.04024104,0.41762028,0.45746922479999996,0.38749371024,-0.2365998222,-0.03953390560000001,-0.0,0.0,0.04022172,0.41762028,0.4566007152,0.37747159968
1082,10.82,612,12.24,-0.23638085100000003,-0.042084728,-0.0,0.0,0.04104492,0.4175766,0.45814928207999994,0.3857759136,-0.236438475,-0.040500068,-0.0,0.0,0.04023936,0.4175808,0.45653720111999996,0.37659966287999996
1083,10.83,612,12.24,-0.2362060582,-0.0430336032,-0.0,0.0,0.041013,0.41761272,0.45805294080000003,0.38497623024,-0.23627328620000002,-0.041456626399999995,-0.0,0.0,0.04109868,0.41749931999999995,0.45739652111999995,0.37652152943999995
1084,10.84,613,12.26,-0.23602790399999998,-0.043988240799999995,-0.0,0.0,0.04014528,0.41772864,0.45711326976,0.38423961407999996,-0.23601830000000001,-0.042910672,-0.0,0.0,0.04109868,0.41745816,0.45731369376,0.37564791264
1085,10.85,613,12.26,-0.2359347452,-0.0444655596,-0.0,0.0,0.040120079999999995,0.4177614,0.45707133696,0.38423890848000003,-0.23603702780000002,-0.042926518600000005,-0.0,0.0,0.04030488,0.4174968,0.45651989375999996,0.37568655264
1086,10.86,614,12.28,-0.235939067,-0.044474203200000006,-0.0,0.0,0.039249,0.41784119999999997,0.4561893806399999,0.38430364895999997,-0.23622574640000002,-0.041993489999999994,-0.0,0.0,0.03955392,0.41753207999999997,0.45576893376,0.3757251792
1087,10.87,614,12.28,-0.23594242840000001,-0.044478525,-0.0,0.0,0.038377919999999996,0.41791932,0.45535762271999997,0.38517992351999997,-0.23649177720000003,-0.040572098,-0.0,0.0,0.038737440000000005,0.4176102,0.45504113760000003,0.37664328576
1088,10.88,615,12.3,-0.23603366639999998,-0.044003607199999996,-0.0,0.0,0.036683639999999997,0.41807052,0.45371186784,0.38615103072,-0.2367323574,-0.039153587200000006,-0.0,0.0,0.037926839999999996,0.41764044,0.45431169168,0.37751183904
1089,10.89,615,12.3,-0.2362098998,-0.043047529,-0.0,0.0,0.03581256,0.4181436,0.45288596639999995,0.38703481488,-0.23682647660000003,-0.038725729,-0.0,0.0,0.037104479999999995,0.4177614,0.45349351488,0.37763781888000003
1090,10.9,616,12.32,-0.23638085100000003,-0.042084728,-0.0,0.0,0.03411996,0.41825196,0.4512142824,0.38794551264,-0.23691867500000002,-0.038264737,-0.0,0.0,0.03628043999999999,0.417879,0.45282927311999993,0.37942953552
1091,10.91,616,12.32,-0.23663007480000003,-0.04064941020000001,-0.0,0.0,0.03324888,0.41828555999999995,0.45043774272,0.38962227359999996,-0.23715877500000002,-0.0368375826,-0.0,0.0,0.034587,0.41810411999999997,0.45121196735999997,0.38049129552
1092,10.92,617,12.34,-0.2369494078,-0.0387795114,-0.0,0.0,0.03155544,0.41838048,0.44877609504,0.39053542752,-0.2375414944,-0.0344533896,-0.0,0.0,0.033725160000000004,0.41828555999999995,0.45049821264,0.38234601551999997
1093,10.93,617,12.34,-0.23725241400000002,-0.036869275800000004,-0.0,0.0,0.029861999999999996,0.418467,0.44716380912,0.3922759848,-0.23789636220000002,-0.032099449200000005,-0.0,0.0,0.032024159999999996,0.41851488,0.44893776816,0.38424694224
1094,10.94,618,12.36,-0.2376106432,-0.0344706768,-0.0,0.0,0.02816856,0.41854512,0.44559084528,0.39484394544,-0.2381633534,-0.030188253200000004,-0.0,0.0,0.030330719999999995,0.41869632,0.44737735392,0.38610082560000003
1095,10.95,618,12.36,-0.2379424614,-0.032097528400000006,-0.0,0.0,0.026510400000000003,0.418656,0.44402304239999996,0.39662643216,-0.2384207406,-0.028277057199999997,-0.0,0.0,0.02780148,0.41894328,0.44497528319999996,0.38801855568
1096,10.96,619,12.38,-0.2383054926,-0.029210566,-0.0,0.0,0.02483208,0.41876015999999994,0.44246770847999994,0.39923800223999995,-0.2387511182,-0.025425149400000003,-0.0,0.0,0.02609796,0.41910876,0.44344745759999993,0.39069144576000003
1097,10.97,619,12.38,-0.23863010780000002,-0.0263236036,-0.0,0.0,0.02315376,0.41885759999999994,0.44089731504,0.4018570751999999,-0.2391232732,-0.021583069199999996,-0.0,0.0,0.02443392,0.4192398,0.44194656239999996,0.39330228672
1098,10.98,620,12.4,-0.2388759702,-0.0239456532,-0.0,0.0,0.021489719999999997,0.41898779999999997,0.4393537512,0.40449719519999994,-0.23942531900000003,-0.017740989,-0.0,0.0,0.021900479999999996,0.41940192,0.43955702448,0.39597349008
1099,10.99,620,12.4,-0.2391396,-0.0210654136,-0.0,0.0,0.01898652,0.41914908,0.43692835872,0.40718178144,-0.2396505328,-0.0143973564,-0.0,0.0,0.0193746,0.41953463999999996,0.43715831376,0.39861529343999996
1100,11.0,621,12.42,-0.239338883,-0.018670656200000003,-0.0,0.0,0.01648332,0.41929355999999995,0.434531412,0.4106887176,-0.2398061176,-0.0115161564,-0.0,0.0,0.0176988,0.41960855999999996,0.43562892575999995,0.40203075359999996
1101,11.01,621,12.42,-0.239538166,-0.015791857200000002,-0.0,0.0,0.013963320000000001,0.41942124,0.4320783432,0.41335392672,-0.23992232600000002,-0.008150434600000001,-0.0,0.0,0.015200639999999998,0.4196976,0.43324873199999997,0.40546468032
1102,11.02,622,12.44,-0.23969183000000002,-0.0129178602,-0.0,0.0,0.01061676,0.4195548,0.42878783808,0.41685998256,-0.24001308380000003,-0.004307394,-0.0,0.0,0.012705839999999998,0.41976984,0.4308836112,0.41055508704
1103,11.03,622,12.44,-0.23984549400000002,-0.0090676166,-0.0,0.0,0.00812868,0.41967324,0.42631481759999995,0.42285916512,-0.24005198000000003,1.9208000000000003e-05,-0.0,0.0,0.0110964,0.41977404,0.42932520624,0.4172557536
1104,11.04,623,12.46,-0.2399530588,-0.004242567,-0.0,0.0,0.00479304,0.41980512000000003,0.422841132,0.43223759040000004,-0.240030371,0.0038675308000000004,-0.0,0.0,0.00865116,0.41977404,0.4267996488,0.42479388
1105,11.05,623,12.46,-0.23997658860000004,0.0005877648,-0.0,0.0,0.00229824,0.41987148,0.41971299552,0.44567094768000004,-0.23997082620000001,0.0062858179999999994,-0.0,0.0,0.007055999999999999,0.41973119999999997,0.4248907488,0.43311743999999996
1106,11.06,624,12.48,-0.23988631100000002,0.005455071999999999,-0.0,0.0,0.00065856,0.41993112,0.41678154335999995,0.46073488943999996,-0.23996074200000003,0.0062901397999999996,-0.0,0.0,0.006273119999999999,0.41965559999999996,0.42346030944,0.44218045871999995
1107,11.07,624,12.48,-0.23992232600000002,0.0045095582,-0.0,0.0,-0.00428064,0.41996555999999996,0.41126673504,0.46564694063999995,-0.23988631100000002,0.0087069864,-0.0,0.0,0.00540288,0.4196976,0.42185884607999996,0.451364424
1108,11.08,625,12.5,-0.23992232600000002,0.0016321998,-0.0,0.0,-0.00412272,0.41996555999999996,0.410474232,0.47402505359999997,-0.2398493356,0.010149027000000001,-0.0,0.0,0.0037464000000000004,0.41965055999999995,0.41961588144,0.45966454127999995
1109,11.09,625,12.5,-0.23991896460000003,0.0054435472,-0.0,0.0,-0.005756519999999999,0.41991767999999996,0.40807490640000005,0.48074893775999994,-0.2399492172,0.008192212,-0.0,0.0,0.00128352,0.4195548,0.4167380279999999,0.4653943056
1110,11.1,626,12.52,-0.24000396000000002,0.004907644,-0.0,0.0,-0.009802799999999999,0.41969004000000004,0.40327481375999996,0.48560723232,-0.23995930140000002,0.008173004000000001,-0.0,0.0,-0.00197652,0.41933388,0.41288146368,0.47189327808
1111,11.11,626,12.52,-0.2400385344,0.0039145904,-0.0,0.0,-0.01300152,0.41937840000000004,0.39910977456,0.49020834240000005,-0.2399002368,0.0095867128,-0.0,0.0,-0.00608496,0.4189752,0.40819825199999993,0.47658121056
1112,11.12,627,12.54,-0.2400073214,0.0058262666,-0.0,0.0,-0.016396800000000003,0.41921963999999995,0.39453985199999997,0.4958190518399999,-0.2397273648,0.012451585999999999,-0.0,0.0,-0.00949536,0.41866608,0.40397129136,0.48207669888
1113,11.13,627,12.54,-0.23995353900000002,0.0081979744,-0.0,0.0,-0.0198996,0.41910959999999997,0.38998037568,0.50052471168,-0.23963804760000001,0.013894106800000002,-0.0,0.0,-0.0121506,0.41846700000000003,0.4005404860799999,0.48688407264
1114,11.14,628,12.56,-0.2399035982,0.0096299308,-0.0,0.0,-0.02341668,0.41903819999999997,0.3853104057599999,0.50612991408,-0.23964236940000003,0.013420629600000001,-0.0,0.0,-0.01564164,0.41835276,0.39605049791999997,0.49250081664
1115,11.15,628,12.56,-0.239886311,0.0101005268,-0.0,0.0,-0.0260358,0.4190508,0.38142042959999994,0.51179987376,-0.23962700300000003,0.0129500336,-0.0,0.0,-0.019173,0.41834267999999997,0.391428996,0.49819829472
1116,11.16,629,12.58,-0.2398882318,0.010084200000000001,-0.0,0.0,-0.028591920000000003,0.41896092,0.3774378384,0.51730125888,-0.2395314432,0.0134225504,-0.0,0.0,-0.021818159999999996,0.41840316,0.38742262272,0.50475110112
1117,11.17,629,12.58,-0.23984165240000002,0.011022991000000001,-0.0,0.0,-0.031122839999999992,0.41879627999999997,0.37313742479999995,0.5235277118399999,-0.2394137942,0.014380549400000001,-0.0,0.0,-0.025255439999999997,0.41838383999999995,0.38251620287999993,0.5112308006399999
1118,11.18,630,12.6,-0.2398157216,0.011495988,-0.0,0.0,-0.03364704,0.41860223999999996,0.3684454905599999,0.530544672,-0.23933840280000002,0.0148713138,-0.0,0.0,-0.02781828,0.41832924,0.37818470592,0.51851938992
1119,11.19,630,12.6,-0.23978787000000001,0.011968985000000001,-0.0,0.0,-0.03618468,0.41836284,0.36368824463999994,0.53744348448,-0.23928846200000004,0.0148713138,-0.0,0.0,-0.031200119999999994,0.41809403999999994,0.37269453312,0.5264815886399999
1120,11.2,631,12.62,-0.2398061176,0.011481582,-0.0,0.0,-0.03956988,0.4179798,0.35773874304,0.54517250592,-0.239204427,0.015364959400000003,-0.0,0.0,-0.03456684,0.4177278,0.36730147104,0.5334920035199999
1121,11.21,631,12.62,-0.23979267199999998,0.0114710176,-0.0,0.0,-0.042101639999999996,0.41759675999999996,0.35252973503999996,0.55277101152,-0.239146803,0.015365919800000004,-0.0,0.0,-0.0369768,0.41728511999999995,0.36248868096,0.5411295926399999
1122,11.22,632,12.64,-0.2397845086,0.011459973,-0.0,0.0,-0.04541628,0.41702556,0.346716888,0.5594953123199999,-0.2390853374,0.015861486200000004,-0.0,0.0,-0.04023936,0.41658288000000004,0.35663253695999997,0.54856953312
1123,11.23,632,12.64,-0.239751855,0.011932970000000001,-0.0,0.0,-0.04786236,0.4164636,0.34132834512,0.5669082047999999,-0.239021951,0.015863407000000003,-0.0,0.0,-0.042587999999999994,0.41579832,0.35123769071999994,0.55658224272
1124,11.24,633,12.66,-0.239751855,0.011932970000000001,-0.0,0.0,-0.050329439999999996,0.41588736,0.33537331296,0.57506899632,-0.23895664380000003,0.016344087200000003,-0.0,0.0,-0.04410924,0.41509944,0.3467606016,0.5638046702399999
1125,11.25,633,12.66,-0.239751855,0.011932970000000001,-0.0,0.0,-0.05272848000000001,0.4153884,0.32962771296,0.5824260859199999,-0.23885532159999998,0.0172872,-0.0,0.0,-0.0465024,0.41444171999999996,0.3412425912,0.5710230792
1126,11.26,634,12.68,-0.23974177080000003,0.011925767000000002,-0.0,0.0,-0.054367320000000004,0.41503896,0.3240073032,0.590670612,-0.23885532159999998,0.0172872,-0.0,0.0,-0.048063959999999996,0.41404860000000004,0.33603411743999995,0.57926659392
1127,11.27,634,12.68,-0.23973072620000002,0.0119007966,-0.0,0.0,-0.056845320000000005,0.41470379999999996,0.31765816991999996,0.5978359296,-0.238820267,0.0172876802,-0.0,0.0,-0.049737239999999995,0.41385036000000003,0.33083941967999997,0.5868231700800001
1128,11.28,635,12.7,-0.23973072620000002,0.0119007966,-0.0,0.0,-0.0585564,0.41453999999999996,0.31189356912,0.6052822070399999,-0.238820267,0.0172699128,-0.0,0.0,-0.05141808,0.41374703999999995,0.32548071024,0.59446128
1129,11.29,635,12.7,-0.23971872120000004,0.0118931134,-0.0,0.0,-0.0602658,0.41436779999999995,0.30587714639999997,0.6124799687999999,-0.2387491974,0.0177496326,-0.0,0.0,-0.053161919999999994,0.4138302,0.31988497968,0.60206918016
1130,11.3,636,12.72,-0.23971872120000004,0.0118931134,-0.0,0.0,-0.061136039999999996,0.41437368,0.3005057832,0.61975959696,-0.2387131824,0.0182293524,-0.0,0.0,-0.05489484,0.41379995999999997,0.31372037759999993,0.6103241860799999
1131,11.31,636,12.72,-0.239694231,0.0123665906,-0.0,0.0,-0.062034,0.41431152,0.29446667039999996,0.62771244816,-0.238676207,0.0186908246,-0.0,0.0,-0.05579279999999999,0.41395788,0.30818157552,0.6189246403199999
1132,11.32,637,12.74,-0.23966878040000003,0.012846310400000002,-0.0,0.0,-0.0620592,0.41442912,0.289162272,0.6355748246399999,-0.2386392316,0.0186716166,-0.0,0.0,-0.056681520000000006,0.41401583999999997,0.30244285344,0.6269449032
1133,11.33,637,12.74,-0.23962940400000002,0.013311144,-0.0,0.0,-0.06208439999999999,0.4144854,0.28364034720000003,0.6434863176,-0.2386012958,0.0186711364,-0.0,0.0,-0.05674704,0.41418048,0.29685550943999994,0.6360323088000001
1134,11.34,638,12.76,-0.239600592,0.0132938568,-0.0,0.0,-0.06208439999999999,0.4144854,0.277926096,0.6510704592,-0.2386012958,0.0186519284,-0.0,0.0,-0.05675124000000001,0.41426028,0.29108184000000004,0.64497463632
1135,11.35,638,12.76,-0.23958474540000002,0.013277049800000001,-0.0,0.0,-0.06127884,0.4145526,0.2727998784,0.65858542848,-0.2385623996,0.018650968,-0.0,0.0,-0.05670672000000001,0.41418048,0.2851569336,0.6534703963199999
1136,11.36,639,12.78,-0.2395679384,0.013267926000000001,-0.0,0.0,-0.060445559999999995,0.41461644,0.26705382144,0.66694622736,-0.2385623996,0.018650968,-0.0,0.0,-0.05578187999999999,0.4142124,0.2792957865599999,0.66250372608
1137,11.37,639,12.78,-0.23952279960000003,0.013738522000000001,-0.0,0.0,-0.05961227999999999,0.41467691999999995,0.26094717264,0.67484351424,-0.23852446380000003,0.019130207600000004,-0.0,0.0,-0.053944799999999994,0.41417964,0.27356211119999996,0.67247801712
1138,11.38,640,12.8,-0.23952279960000003,0.013729398200000001,-0.0,0.0,-0.05791044,0.41485079999999996,0.25498957343999995,0.6839744620799999,-0.23848460720000003,0.0191292472,-0.0,0.0,-0.0520968,0.41403179999999995,0.26808114479999995,0.68117346192
1139,11.39,640,12.8,-0.23950407180000002,0.0137197942,-0.0,0.0,-0.05536944,0.41512799999999994,0.25006356144,0.6919412203199999,-0.23848460720000003,0.0191292472,-0.0,0.0,-0.05029164,0.41395032,0.26167970304,0.6905819894399999
1140,11.4,641,12.82,-0.239511755,0.0132203862,-0.0,0.0,-0.05276124,0.41532204,0.24445177344000002,0.70034771856,-0.23848460720000003,0.0191292472,-0.0,0.0,-0.04675104,0.41404188,0.25662633696,0.6997142812799999
1141,11.41,641,12.82,-0.23948438360000002,0.013700106,-0.0,0.0,-0.05017824,0.41549424,0.23787858527999994,0.7096317648,-0.23848460720000003,0.0191292472,-0.0,0.0,-0.044157119999999994,0.41410992,0.25022888687999995,0.7089795048
1142,11.42,642,12.84,-0.23950407180000002,0.0137101902,-0.0,0.0,-0.046751039999999994,0.41573952,0.23248508975999996,0.71783934768,-0.238522543,0.018629839199999998,-0.0,0.0,-0.040685400000000004,0.414351,0.24436621439999998,0.7179684926400001
1143,11.43,642,12.84,-0.239511755,0.0132203862,-0.0,0.0,-0.0416514,0.416199,0.22764628319999997,0.72643849824,-0.238522543,0.018629839199999998,-0.0,0.0,-0.036557639999999995,0.41485836,0.23942898,0.7259922263999999
1144,11.44,643,12.86,-0.23951751740000002,0.0127305822,-0.0,0.0,-0.037337999999999996,0.41652155999999996,0.22167821424,0.7350948292799999,-0.2385595184,0.018130431199999998,-0.0,0.0,-0.032334959999999996,0.41532204,0.23356847472,0.73489593072
1145,11.45,643,12.86,-0.23954296800000002,0.012250862399999998,-0.0,0.0,-0.03219216,0.41694492,0.21605147759999999,0.74330228784,-0.2385955334,0.0176511916,-0.0,0.0,-0.02736552,0.41600496,0.22818784128,0.7435344604799999
1146,11.46,644,12.88,-0.2395881068,0.0117812268,-0.0,0.0,-0.02619456,0.41728427999999995,0.21168394463999995,0.7500628598399999,-0.2386704446,0.01719116,-0.0,0.0,-0.022419599999999998,0.41661228,0.22310328431999998,0.75116620992
1147,11.47,644,12.88,-0.2395881068,0.0117812268,-0.0,0.0,-0.019313280000000002,0.4175808,0.20677864031999998,0.75725078352,-0.23874343500000003,0.016694153000000003,-0.0,0.0,-0.01744512,0.417144,0.21696049199999998,0.7592586456
1148,11.48,645,12.9,-0.23961163659999998,0.011301507,-0.0,0.0,-0.0132636,0.4177404,0.20146089264,0.76329028944,-0.2388145046,0.016216834200000002,-0.0,0.0,-0.011613839999999999,0.41753964000000005,0.21131976432,0.76669712112
1149,11.49,645,12.9,-0.23961163659999998,0.011301507,-0.0,0.0,-0.006388199999999999,0.41774711999999997,0.19643927183999998,0.7690321766399999,-0.2388836534,0.0157395154,-0.0,0.0,-0.0048636,0.41768748,0.20706735167999998,0.7729750223999999
1150,11.5,646,12.92,-0.239634206,0.0108318714,-0.0,0.0,0.0013801199999999999,0.41764044,0.19194579599999997,0.7739503564799999,-0.23898593599999998,0.015264597600000002,-0.0,0.0,0.0019067999999999997,0.4176396,0.20155838639999998,0.7795784304
1151,11.51,646,12.92,-0.239655815,0.0103521516,-0.0,0.0,0.009161879999999999,0.41739096,0.18710098511999995,0.77861195328,-0.2390502828,0.0147872788,-0.0,0.0,0.008746079999999998,0.41739096,0.19661777519999996,0.78501643248
1152,11.52,647,12.94,-0.239655815,0.0103622358,-0.0,0.0,0.01694196,0.41699868,0.18188971919999997,0.7828119902399999,-0.2391448822,0.014312361000000001,-0.0,0.0,0.0155442,0.41702808,0.19191962495999998,0.78888695088
1153,11.53,647,12.94,-0.23967646359999997,0.009882516000000001,-0.0,0.0,0.02469348,0.4164636,0.17651854079999993,0.7863580401599999,-0.239262051,0.0133577234,-0.0,0.0,0.023185679999999997,0.41640815999999997,0.18758711327999997,0.792645168
1154,11.54,648,12.96,-0.23971583999999999,0.009421524,-0.0,0.0,0.032424839999999996,0.41578571999999997,0.17008809551999993,0.79038375024,-0.23937153660000002,0.0124030858,-0.0,0.0,0.03082212,0.41574204,0.18306968399999995,0.7957230120000001
1155,11.55,648,12.96,-0.2397523352,0.0084620844,-0.0,0.0,0.040933199999999996,0.41499359999999996,0.16431333744,0.79398566352,-0.239446928,0.0114460472,-0.0,0.0,0.03840816,0.41493312,0.17799903408,0.79840873728
1156,11.56,649,12.98,-0.23978787000000001,0.007999171600000002,-0.0,0.0,0.04846884,0.41423003999999997,0.15721112399999998,0.79651679184,-0.2394959084,0.010981693800000001,-0.0,0.0,0.045900960000000005,0.4141998,0.17364835824000008,0.80021378304
1157,11.57,649,12.98,-0.23982148400000003,0.0075362588,-0.0,0.0,0.056043119999999995,0.4133304,0.14930170752000002,0.7997576832,-0.239607795,0.009546376,-0.0,0.0,0.052540319999999995,0.41343372,0.16717338624,0.8020496534399999
1158,11.58,650,13.0,-0.23985029600000002,0.0065758588,-0.0,0.0,0.06258671999999998,0.41262143999999995,0.14075148527999998,0.8014356571199999,-0.239672622,0.0090906662,-0.0,0.0,0.05996424,0.41265504,0.16238152560000002,0.80302038768
1159,11.59,650,13.0,-0.23987526640000004,0.0056241024,-0.0,0.0,0.07001903999999999,0.411663,0.13247839919999999,0.80184930672,-0.239749454,0.0081432316,-0.0,0.0,0.06574007999999999,0.411894,0.15465399600000002,0.8043325416
1160,11.6,651,13.02,-0.23987526640000004,0.0056241024,-0.0,0.0,0.07570751999999999,0.41086079999999997,0.12481410479999994,0.8019063359999999,-0.23978498880000002,0.007663992000000001,-0.0,0.0,0.07226016,0.41100696,0.1491097272,0.80478161568
1161,11.61,651,13.02,-0.23987526640000004,0.005632746000000001,-0.0,0.0,0.0815934,0.40978475999999997,0.11709956495999996,0.80158996512,-0.23980371660000002,0.007674076199999999,-0.0,0.0,0.07808303999999999,0.41006448,0.14098749168,0.8060394988799999
1162,11.62,652,13.04,-0.23987526640000004,0.0056241024,-0.0,0.0,0.08748431999999999,0.40853147999999995,0.11165317631999994,0.8002781203199999,-0.23982148400000003,0.0076745564,-0.0,0.0,0.08294075999999999,0.40920348,0.13316425919999994,0.80738890176
1163,11.63,652,13.04,-0.23984549400000002,0.006096619199999999,-0.0,0.0,0.09179267999999999,0.40735884,0.10643387999999993,0.79817346336,-0.23983829100000004,0.008155716800000002,-0.0,0.0,0.08877959999999999,0.40800983999999996,0.12741145199999995,0.8077522488
1164,11.64,653,13.06,-0.23981860280000003,0.0070478953999999995,-0.0,0.0,0.0960498,0.40612908,0.10304327375999993,0.79576236768,-0.23983637020000004,0.008629194,-0.0,0.0,0.09367008,0.4070161199999999,0.11915413439999997,0.8086869839999999
1165,11.65,653,13.06,-0.23980563740000002,0.0080078152,-0.0,0.0,0.0986916,0.40534200000000004,0.09881709599999997,0.7936140744,-0.23979987500000002,0.009589594000000002,-0.0,0.0,0.09765168,0.40624752,0.11317135199999992,0.8088755001599999
1166,11.66,654,13.08,-0.2397653006,0.009928135000000001,-0.0,0.0,0.10108727999999999,0.40475484,0.09542992032000003,0.79173346896,-0.23975953820000004,0.010542791,-0.0,0.0,0.10089743999999999,0.40563264,0.10724753760000003,0.8085659937599999
1167,11.67,654,13.08,-0.23966733980000002,0.012328654799999998,-0.0,0.0,0.10177103999999998,0.4047708,0.09088635360000004,0.7910207155199999,-0.23969183000000002,0.011976188,-0.0,0.0,0.1041096,0.40514880000000003,0.10373394864000006,0.8090074776
1168,11.68,655,13.1,-0.23958810680000003,0.013760611200000002,-0.0,0.0,0.10246319999999999,0.40487999999999996,0.08809223472000002,0.7918510991999999,-0.23966733980000002,0.012456387999999999,-0.0,0.0,0.10649604,0.4048254,0.10072322400000006,0.8091233136
1169,11.69,655,13.1,-0.2395002302,0.0151997706,-0.0,0.0,0.10247159999999998,0.40507824,0.08607010944000006,0.79211292384,-0.23964188920000004,0.012929385000000002,-0.0,0.0,0.10809036000000001,0.40467756,0.09922783248000006,0.8092691342399999
1170,11.7,656,13.12,-0.23946901720000002,0.0156794904,-0.0,0.0,0.10252031999999998,0.40507824,0.08464801632000002,0.7920242399999999,-0.23965581500000002,0.012931786,-0.0,0.0,0.1095444,0.40449611999999996,0.09735873840000006,0.8098038580799999
1171,11.71,656,13.12,-0.23948534400000002,0.015189686400000001,-0.0,0.0,0.10168535999999999,0.40518072,0.08381305632000002,0.79212672,-0.23966878040000003,0.012940429600000001,-0.0,0.0,0.11038860000000002,0.40433484000000003,0.09702076608000007,0.8095262851199999
1172,11.72,657,13.14,-0.2395002302,0.015206973600000001,-0.0,0.0,0.10100159999999998,0.4051782,0.08343132336000003,0.79220284416,-0.23964236940000003,0.013420629600000001,-0.0,0.0,0.11043648,0.40427519999999995,0.09685530288000006,0.8092106332799999
1173,11.73,657,13.14,-0.2395002302,0.015214176600000002,-0.0,0.0,0.09958956000000001,0.40514796,0.08465553600000006,0.7924194129599998,-0.23968078540000004,0.0129423504,-0.0,0.0,0.1097124,0.40424076000000003,0.09806218800000005,0.808191468
1174,11.74,658,13.16,-0.2395002302,0.015214176600000002,-0.0,0.0,0.09730307999999999,0.40538988,0.08499694224000005,0.7933323182399998,-0.23968078540000004,0.0129481128,-0.0,0.0,0.10818359999999999,0.40432056,0.09867100320000002,0.80801943936
1175,11.75,658,13.16,-0.23948534400000002,0.015205052800000002,-0.0,0.0,0.09427319999999999,0.4056654,0.08805780144000007,0.7931041809599999,-0.23970623600000002,0.0124679128,-0.0,0.0,0.10587528,0.40464732,0.10105456032000004,0.8081336927999999
1176,11.76,659,13.18,-0.23951559660000002,0.0147330162,-0.0,0.0,0.09015383999999999,0.40631472,0.09027933599999995,0.7947332064,-0.23973072620000002,0.0119877128,-0.0,0.0,0.10343843999999999,0.40502028,0.10466328096000004,0.8086354953599999
1177,11.77,659,13.18,-0.23949975,0.0147162092,-0.0,0.0,0.08601684,0.40716732,0.09357169919999993,0.7964851944,-0.23971872120000004,0.0119862722,-0.0,0.0,0.10006499999999999,0.4058334,0.10887230928000004,0.80961008688
1178,11.78,660,13.2,-0.23946517560000002,0.0146979616,-0.0,0.0,0.08169672,0.40822319999999995,0.09802458623999996,0.79854253248,-0.2397292856,0.0115046316,-0.0,0.0,0.0959364,0.40689852,0.11245753007999992,0.81169758096
1179,11.79,660,13.2,-0.2394161952,0.015158953600000004,-0.0,0.0,0.07739591999999999,0.40923035999999996,0.10295527199999996,0.8003009952,-0.2397153598,0.011503191000000001,-0.0,0.0,0.0917658,0.4080846,0.11929962239999992,0.81321246048
1180,11.8,661,13.22,-0.2393542494,0.015108052400000002,-0.0,0.0,0.07315055999999999,0.41018879999999996,0.10671572015999997,0.8030490081599999,-0.239684627,0.0115003098,-0.0,0.0,0.08665355999999999,0.4094622,0.12522935711999994,0.81543674016
1181,11.81,661,13.22,-0.23928365999999998,0.0150763592,-0.0,0.0,0.06892284,0.4108734,0.11148355343999997,0.8047827547199999,-0.23966782,0.0114902256,-0.0,0.0,0.08249807999999999,0.41058864,0.13303364591999994,0.81676564704
1182,11.82,662,13.24,-0.239204427,0.015030740200000002,-0.0,0.0,0.06479675999999998,0.41140092,0.11514910175999996,0.80643388224,-0.23961163659999998,0.0114729384,-0.0,0.0,0.07751519999999999,0.41174028,0.13872294575999997,0.81789302448
1183,11.83,662,13.24,-0.239146803,0.015023537200000001,-0.0,0.0,0.060862200000000005,0.4115244,0.11973070032000001,0.80675899248,-0.2395468096,0.011467176,-0.0,0.0,0.07167804000000001,0.41284235999999996,0.14460878544,0.8181526079999999
1184,11.84,663,13.26,-0.2391165504,0.0150129728,-0.0,0.0,0.057755879999999996,0.41134044000000003,0.1258500096,0.80574006576,-0.23952327980000002,0.011465255200000002,-0.0,0.0,0.06682872,0.4135446,0.1502082624,0.81768522528
1185,11.85,663,13.26,-0.239146803,0.0145639858,-0.0,0.0,0.05392799999999999,0.41104895999999996,0.13169536127999998,0.8041743830399999,-0.23951751740000002,0.010501973999999999,-0.0,0.0,0.06281436,0.413847,0.15585793104,0.81639131616
1186,11.86,664,13.28,-0.239146803,0.0145793522,-0.0,0.0,0.05094432,0.41056175999999994,0.13903581888,0.8013579772799999,-0.2395314432,0.009540613600000001,-0.0,0.0,0.058776480000000006,0.4140654,0.16322512752,0.8134070582399999
1187,11.87,664,13.28,-0.2391760952,0.0141149988,-0.0,0.0,0.047958959999999995,0.41014764,0.146975304,0.7974199296,-0.239576582,0.009075779999999999,-0.0,0.0,0.05472431999999999,0.414288,0.17007606,0.81075078
1188,11.88,665,13.3,-0.23923467960000003,0.0136588088,-0.0,0.0,0.044854319999999996,0.40999728,0.15459136896,0.79359337344,-0.23966782,0.0086205504,-0.0,0.0,0.05142312,0.41452656,0.1784501712,0.8067793675199999
1189,11.89,665,13.3,-0.23923467960000003,0.0136588088,-0.0,0.0,0.04157076,0.41014091999999996,0.1635152232,0.78875482224,-0.23971199840000001,0.0086224712,-0.0,0.0,0.04814544,0.41500619999999994,0.18564889728000006,0.8035685884799999
1190,11.9,666,13.32,-0.2392639718,0.0136813782,-0.0,0.0,0.03735395999999999,0.41048952,0.17146316880000004,0.7838451398399999,-0.2397523352,0.008633996,-0.0,0.0,0.04565316,0.41536908,0.19530295679999995,0.79918269984
1191,11.91,666,13.32,-0.23923467960000003,0.013673695000000001,-0.0,0.0,0.03388644,0.41090364,0.18079707743999993,0.7776498038399999,-0.239771063,0.0086436,-0.0,0.0,0.042346919999999996,0.4157118,0.20385859871999995,0.79412239872
1192,11.92,667,13.34,-0.23923467960000003,0.0136588088,-0.0,0.0,0.029412599999999997,0.41166299999999995,0.18829304591999996,0.77178381168,-0.239771063,0.0091238,-0.0,0.0,0.0399042,0.415863,0.21267203327999995,0.78902284608
1193,11.93,667,13.34,-0.239262051,0.013179089000000001,-0.0,0.0,0.02489256,0.41236523999999997,0.19678443119999994,0.7646333486399999,-0.239771063,0.0091238,-0.0,0.0,0.037463159999999995,0.4159974,0.22205857295999995,0.7822047676799999
1194,11.94,668,13.36,-0.2392582094,0.0126912058,-0.0,0.0,0.020412,0.41315904,0.20459829599999996,0.7586118792,-0.2397523352,0.009604,-0.0,0.0,0.034140119999999996,0.41618136,0.22869824207999997,0.77663348112
1195,11.95,668,13.36,-0.2392269964,0.0126830424,-0.0,0.0,0.0158928,0.413742,0.21146827631999998,0.7532438188799999,-0.239749454,0.010084200000000001,-0.0,0.0,0.0308364,0.41643,0.23379438767999994,0.7723943841600001
1196,11.96,669,13.38,-0.2392269964,0.0126830424,-0.0,0.0,0.0115332,0.41398895999999996,0.21715588608,0.7477280025599999,-0.2397653006,0.010084200000000001,-0.0,0.0,0.027458760000000002,0.41674332000000003,0.2391537792,0.76866505968
1197,11.97,669,13.38,-0.2392269964,0.0126830424,-0.0,0.0,0.0080178,0.414183,0.222113976,0.74327869056,-0.23979987500000002,0.009604,-0.0,0.0,0.02414832,0.41702808,0.24455778143999998,0.76439096832
1198,11.98,670,13.4,-0.2392005854,0.0131786088,-0.0,0.0,0.00456624,0.4140696,0.22666655087999996,0.73904651184,-0.2398325286,0.0091238,-0.0,0.0,0.019971839999999998,0.41732208,0.24920283359999992,0.76010520096
1199,11.99,670,13.4,-0.2391448822,0.014153895000000001,-0.0,0.0,0.0011827200000000004,0.41392764,0.23082283055999997,0.7360917681599999,-0.23985029600000002,0.0086436,-0.0,0.0,0.015750840000000002,0.41757239999999995,0.253084692,0.75607778064
1200,12.0,671,13.42,-0.239146803,0.0146561842,-0.0,0.0,-0.0020916000000000003,0.41361180000000003,0.23438887919999998,0.73330365696,-0.23986326140000003,0.0086436,-0.0,0.0,0.01151136,0.41794368000000004,0.25694639711999995,0.75253023888
1201,12.01,671,13.42,-0.2390853374,0.015615623800000004,-0.0,0.0,-0.0046494,0.41312796,0.24018325631999995,0.7288616731199999,-0.23989207340000002,0.0081691624,-0.0,0.0,0.00725928,0.4181814,0.26049263856,0.74832456384
1202,12.02,672,13.44,-0.239053164,0.016095343600000003,-0.0,0.0,-0.00797496,0.41259288,0.24405698352000002,0.72520090608,-0.23992904880000002,0.007688002,-0.0,0.0,0.0038824800000000002,0.4183662,0.26461129632,0.74381414016
1203,12.03,672,13.44,-0.239021951,0.016104467400000003,-0.0,0.0,-0.0105,0.41220396,0.24959296992000002,0.71959051584,-0.23993817260000003,0.0076875217999999995,-0.0,0.0,0.0004981199999999998,0.41844600000000004,0.2689842624,0.738209808
1204,12.04,673,13.46,-0.23895664380000003,0.016091982200000004,-0.0,0.0,-0.01397424,0.41192256,0.25328204159999995,0.71466241728,-0.23996122220000002,0.0072068416,-0.0,0.0,-0.00204792,0.41850479999999995,0.27386172912,0.7323928852799999
1205,12.05,673,13.46,-0.2389225496,0.0160857396,-0.0,0.0,-0.016775639999999998,0.4121334,0.25730009423999994,0.7098224616,-0.23997466780000004,0.0072058812,-0.0,0.0,-0.00546336,0.41860223999999996,0.278241264,0.7254148608
1206,12.06,674,13.48,-0.23892351000000003,0.016571702000000004,-0.0,0.0,-0.019590479999999997,0.41247612,0.2613021969599999,0.7054507152,-0.23995978160000003,0.0076860812,-0.0,0.0,-0.0080514,0.41862072,0.28240574544,0.719371884
1207,12.07,674,13.48,-0.2388894158,0.0170514218,-0.0,0.0,-0.022411200000000003,0.4129356,0.26576442815999995,0.7004218367999999,-0.23995978160000003,0.0076860812,-0.0,0.0,-0.01146852,0.41866104,0.285517764,0.7129449768
1208,12.08,675,13.5,-0.2388894158,0.0165654594,-0.0,0.0,-0.024402,0.413406,0.270220776,0.6958305648,-0.23997995000000003,0.007205401,-0.0,0.0,-0.013266120000000001,0.41872824000000003,0.29007528143999994,0.7064780184
1209,12.09,675,13.5,-0.2388894158,0.0165827466,-0.0,0.0,-0.027168960000000002,0.41365295999999996,0.2731103390399999,0.6916358030399999,-0.2399842718,0.0072068416,-0.0,0.0,-0.0167076,0.41871479999999994,0.29334281759999997,0.6994066833599999
1210,12.1,676,13.52,-0.2389225496,0.0170739912,-0.0,0.0,-0.028939679999999995,0.41380079999999997,0.27719275247999997,0.6863638891199999,-0.23997274700000001,0.0076860812,-0.0,0.0,-0.01851948,0.41879964,0.2974919976,0.6928151361599999
1211,12.11,676,13.52,-0.2389225496,0.0170739912,-0.0,0.0,-0.0315294,0.413742,0.28076404944,0.6799717243200001,-0.23997658860000004,0.007683680200000001,-0.0,0.0,-0.0202734,0.41881644,0.30202291727999997,0.68533982496
1212,12.12,677,13.54,-0.2389225496,0.0170739912,-0.0,0.0,-0.033202680000000005,0.41360759999999996,0.28451136000000005,0.67415151888,-0.239991955,0.007203,-0.0,0.0,-0.022887479999999998,0.41881644,0.30498085967999994,0.67829029632
1213,12.13,677,13.54,-0.23895664380000003,0.016610598200000003,-0.0,0.0,-0.03479615999999999,0.41333628,0.28819624176,0.6677953161599999,-0.23999147480000002,0.0072025198,-0.0,0.0,-0.02465736,0.41883744,0.30914694047999997,0.67068448608
1214,12.14,678,13.56,-0.2389888172,0.0166000338,-0.0,0.0,-0.03645432,0.41305655999999996,0.29167421472,0.66171182448,-0.2399900342,0.007203,-0.0,0.0,-0.02723868,0.41874923999999997,0.31178625407999994,0.66345472704
1215,12.15,678,13.56,-0.2390200302,0.0166057962,-0.0,0.0,-0.0381276,0.412902,0.29540311919999995,0.65457634032,-0.23997274700000001,0.0076832,-0.0,0.0,-0.028999320000000002,0.41872824000000003,0.3146547432,0.6569823960000001
1216,12.16,679,13.58,-0.2390502828,0.016611558600000003,-0.0,0.0,-0.039044880000000004,0.41295408,0.29870836127999995,0.64918189392,-0.23998763320000002,0.007203,-0.0,0.0,-0.030733919999999994,0.41866104,0.31740704352000004,0.65043458256
1217,12.17,679,13.58,-0.23907957500000002,0.016617321,-0.0,0.0,-0.04074672,0.41304816,0.30183058752,0.6431659919999999,-0.2399693856,0.0076851208,-0.0,0.0,-0.03163691999999999,0.41864508,0.32084871503999995,0.64387526112
1218,12.18,680,13.6,-0.23914104060000002,0.0161294378,-0.0,0.0,-0.04168751999999999,0.4133388,0.30556325856000005,0.6372914318399999,-0.2399693856,0.0076832,-0.0,0.0,-0.032523960000000005,0.41862072,0.32413818192,0.6370423247999999
1219,12.19,680,13.6,-0.239168412,0.0161356804,-0.0,0.0,-0.04268208,0.41361264,0.3085310255999999,0.6321388247999999,-0.23996506380000002,0.0076832,-0.0,0.0,-0.03337236,0.41855436,0.32688984383999997,0.6311655
1220,12.2,681,13.62,-0.2392269964,0.015662203200000002,-0.0,0.0,-0.0436212,0.41398139999999994,0.31162785695999995,0.6270903407999999,-0.2399693856,0.0076832,-0.0,0.0,-0.03418716,0.41844600000000004,0.32996792976,0.62417828592
1221,12.21,681,13.62,-0.2392269964,0.015662203200000002,-0.0,0.0,-0.044651039999999996,0.4143216,0.31484982144,0.62088466944,-0.23995353900000002,0.0081614792,-0.0,0.0,-0.03500532,0.41832924,0.33290712,0.6171525527999999
1222,12.22,682,13.64,-0.239252447,0.015668445800000003,-0.0,0.0,-0.04477788,0.41462652,0.31848451488,0.615671112,-0.23994009340000003,0.0086421594,-0.0,0.0,-0.03495744,0.41824608,0.33655087872,0.6103386239999999
1223,12.23,682,13.64,-0.2392769372,0.015662683400000002,-0.0,0.0,-0.04484088,0.4148214,0.32197472496,0.61000365552,-0.23994393500000002,0.0086431198,-0.0,0.0,-0.03576635999999999,0.41807639999999996,0.3392282376,0.60320307936
1224,12.24,683,13.66,-0.2392447638,0.016142403200000002,-0.0,0.0,-0.04490051999999999,0.41500956,0.32541558672000004,0.60434621184,-0.2399444152,0.0086436,-0.0,0.0,-0.036613919999999994,0.4179294,0.34175735663999995,0.59605256592
1225,12.25,683,13.66,-0.2392447638,0.016142403200000002,-0.0,0.0,-0.04495176,0.41510112000000005,0.32866823807999995,0.5985110140800001,-0.2399424944,0.0086455208,-0.0,0.0,-0.03747995999999999,0.41781515999999996,0.343755972,0.5897321303999999
1226,12.26,684,13.68,-0.2392202736,0.016123195200000003,-0.0,0.0,-0.04500551999999999,0.4152792,0.33179622,0.5927012616,-0.23992232600000002,0.0091266812,-0.0,0.0,-0.037520279999999996,0.41781515999999996,0.34649747999999997,0.58333769088
1227,12.27,684,13.68,-0.239252447,0.015643475400000002,-0.0,0.0,-0.04505255999999999,0.41536572,0.33439881888,0.58756882128,-0.2399002368,0.009609762400000001,-0.0,0.0,-0.03842748,0.4177782,0.34793789184,0.57786675408
1228,12.28,685,13.7,-0.2392202736,0.016123195200000003,-0.0,0.0,-0.04426044,0.41554043999999996,0.33809575296,0.5816804111999999,-0.23989591500000002,0.009611203,-0.0,0.0,-0.03849048,0.41781599999999997,0.3501580824,0.5723007393599999
1229,12.29,685,13.7,-0.2392202736,0.016110710000000004,-0.0,0.0,-0.044304119999999995,0.4156236,0.34051263119999997,0.5763237379199999,-0.2398709446,0.010092843600000002,-0.0,0.0,-0.03855096,0.41788655999999996,0.35259413615999996,0.5660797665599999
1230,12.3,686,13.72,-0.2391871398,0.0165904298,-0.0,0.0,-0.043508639999999994,0.41579328000000004,0.34399874544,0.5703558268800001,-0.2398709446,0.0100957248,-0.0,0.0,-0.0385854,0.41791932,0.35464125648,0.5604869591999999
1231,12.31,686,13.72,-0.23916168920000003,0.0165827466,-0.0,0.0,-0.043592639999999995,0.41579328000000004,0.34618622303999996,0.56488085472,-0.23986470199999999,0.010097645600000002,-0.0,0.0,-0.038616479999999995,0.4179504,0.35661894912,0.5548782489599999
1232,12.32,687,13.74,-0.23916168920000003,0.0165827466,-0.0,0.0,-0.04275432,0.41595959999999993,0.34946167535999995,0.5588183899199999,-0.23983685040000002,0.0105797664,-0.0,0.0,-0.03864924,0.41791932,0.35876396304,0.5483732486399999
1233,12.33,687,13.74,-0.23916168920000003,0.0165827466,-0.0,0.0,-0.04275432,0.41595959999999993,0.35150977007999995,0.5532463675199999,-0.23979795420000002,0.011063808,-0.0,0.0,-0.037812599999999995,0.417963,0.36141778511999995,0.5428859015999999
1234,12.34,688,13.76,-0.239101184,0.0170547832,-0.0,0.0,-0.041955479999999996,0.41604443999999996,0.3542730408,0.54774747216,-0.2397653006,0.0115459288,-0.0,0.0,-0.03783275999999999,0.41792855999999995,0.3633654023999999,0.5363482588799999
1235,12.35,688,13.76,-0.23907381260000002,0.017033174199999997,-0.0,0.0,-0.04195632,0.41596464,0.35611699199999997,0.54202788192,-0.23974225100000002,0.011549770400000001,-0.0,0.0,-0.037842839999999996,0.41781515999999996,0.3649951368,0.53055156336
1236,12.36,689,13.78,-0.23907381260000002,0.017033174199999997,-0.0,0.0,-0.041118,0.4160478,0.35875408799999997,0.53662686672,-0.2397153598,0.011553612000000001,-0.0,0.0,-0.037032239999999994,0.41780592,0.36735770399999995,0.52484396832
1237,12.37,689,13.78,-0.23907381260000002,0.017033174199999997,-0.0,0.0,-0.04032,0.41612928000000005,0.36126719999999996,0.5311003488,-0.23966109720000003,0.0120376536,-0.0,0.0,-0.036219959999999995,0.41783448,0.36963996048,0.51906039024
1238,12.38,690,13.8,-0.23910790680000002,0.0165534544,-0.0,0.0,-0.03948168,0.41620908,0.3635445407999999,0.52641464736,-0.23964429020000003,0.012039574400000001,-0.0,0.0,-0.03538584,0.41785968,0.37167298559999995,0.51421216224
1239,12.39,690,13.8,-0.23907957500000002,0.016545291,-0.0,0.0,-0.038643359999999995,0.4162872,0.36591140207999995,0.52070991168,-0.2395833048,0.0125015268,-0.0,0.0,-0.03457608,0.41788152,0.37380045359999997,0.50850971136
1240,12.4,691,13.82,-0.23911270880000002,0.0160655712,-0.0,0.0,-0.036966719999999995,0.4164384,0.36906387503999993,0.51523470768,-0.2395636166,0.012502967399999999,-0.0,0.0,-0.033736920000000004,0.41794956,0.37570381968,0.50367420432
1241,12.41,691,13.82,-0.2391448822,0.0155858514,-0.0,0.0,-0.036126719999999994,0.41659127999999995,0.371296044,0.50974612416,-0.23954296800000002,0.012493843599999999,-0.0,0.0,-0.03208296,0.4180806,0.3785232192,0.49797972
1242,12.42,692,13.84,-0.2391760952,0.015120537600000001,-0.0,0.0,-0.03445008,0.4167324,0.37410298464,0.50506150464,-0.23949878959999998,0.012495764399999998,-0.0,0.0,-0.03039792,0.4182528,0.38129170799999995,0.49240085664
1243,12.43,692,13.84,-0.2392063478,0.0146408178,-0.0,0.0,-0.03277176,0.41694492,0.37684969392,0.50043489888,-0.23952327980000002,0.012016044600000001,-0.0,0.0,-0.02955204,0.41835864,0.383141556,0.48675145008
1244,12.44,693,13.86,-0.2392639718,0.014168781200000001,-0.0,0.0,-0.03193008,0.4171608,0.37869785183999993,0.49579826688,-0.2395468096,0.0115248,-0.0,0.0,-0.027867000000000003,0.4185174,0.38561973072,0.48190626624
1245,12.45,693,13.86,-0.23937345740000002,0.013224708000000002,-0.0,0.0,-0.030214799999999993,0.41742959999999996,0.3813576984,0.49112670767999994,-0.2395919484,0.0110446,-0.0,0.0,-0.02616096,0.41866776,0.38805866735999994,0.4771112472
1246,12.46,694,13.88,-0.2394507696,0.012272951599999998,-0.0,0.0,-0.02853144,0.41761692,0.38404251648,0.48557551392,-0.2396135574,0.0105754446,-0.0,0.0,-0.02444484,0.41872571999999997,0.39044744591999997,0.47216024351999997
1247,12.47,694,13.88,-0.2395468096,0.0113288784,-0.0,0.0,-0.026819520000000003,0.41779584,0.3865475712,0.48077475263999997,-0.239655815,0.010094764400000001,-0.0,0.0,-0.02270604,0.41868120000000003,0.39279866640000005,0.46710675984000005
1248,12.48,695,13.9,-0.239655815,0.0099050854,-0.0,0.0,-0.025109279999999998,0.41796636,0.38899070783999995,0.47602415616,-0.23969615179999998,0.009604,-0.0,0.0,-0.02013984,0.41870892,0.39591453887999994,0.46216567488
1249,12.49,695,13.9,-0.23969615179999998,0.009422964600000002,-0.0,0.0,-0.02256156,0.41817468,0.39223032912,0.47126450784,-0.2397523352,0.0086436,-0.0,0.0,-0.01753668,0.41865852,0.3989318356799999,0.4579345848
1250,12.5,696,13.92,-0.239771063,0.008488495399999999,-0.0,0.0,-0.02088828,0.41838635999999996,0.39445160832,0.46742350367999996,-0.23980371660000002,0.007674076199999999,-0.0,0.0,-0.01498392,0.4186392,0.40178578608,0.45457205136
1251,12.51,696,13.92,-0.23982148400000003,0.0075362588,-0.0,0.0,-0.018373319999999995,0.41856444000000004,0.39745349280000003,0.46345184928000005,-0.23983637020000004,0.0071943564,-0.0,0.0,-0.012432,0.41866104,0.40467654527999997,0.45041487455999996
1252,12.52,697,13.94,-0.23983637020000004,0.0070560588,-0.0,0.0,-0.0158634,0.41883659999999995,0.40040683199999993,0.4595801313599999,-0.23985029600000002,0.0067055128000000006,-0.0,0.0,-0.009914520000000001,0.41872908,0.40743497759999997,0.44713970111999995
1253,12.53,697,13.94,-0.23986710300000003,0.006584022200000001,-0.0,0.0,-0.01335096,0.41902896,0.4033083095999999,0.4556403264,-0.23987526640000004,0.0057451128,-0.0,0.0,-0.0065620800000000005,0.41885759999999994,0.411046776,0.44311012031999997
1254,12.54,698,13.96,-0.23990792000000002,0.0056317856000000005,-0.0,0.0,-0.01083264,0.4192902,0.40617383519999994,0.45172840608,-0.239905519,0.0043045128,-0.0,0.0,-0.00324576,0.41907179999999994,0.41454381024000003,0.4399777603199999
1255,12.55,698,13.96,-0.2399530588,0.004192146,-0.0,0.0,-0.00832608,0.41950944,0.40892804063999993,0.4486161456,-0.239936732,0.0019035128000000003,-0.0,0.0,-0.00074256,0.41929272,0.41723525423999996,0.43601799024
1256,12.56,699,13.98,-0.24000684120000002,0.0022886332,-0.0,0.0,-0.00497952,0.4196976,0.4125465086399999,0.44463114528000003,-0.23994393500000002,-0.0004974872,-0.0,0.0,0.00258552,0.4194246,0.42070388976,0.43196416031999996
1257,12.57,699,13.98,-0.24004141560000003,0.00038512040000000005,-0.0,0.0,-0.0024695999999999997,0.41980344,0.4152438359999999,0.4414054848,-0.2399376924,-0.0033777268000000004,-0.0,0.0,0.00507696,0.4195632,0.42329990976,0.42791956032
1258,12.58,700,14.0,-0.2400476582,-0.001527036,-0.0,0.0,-0.00080304,0.41989752,0.41708190720000005,0.43819818336000005,-0.23991080120000002,-0.006257006,-0.0,0.0,0.007575119999999999,0.41965979999999997,0.4258574712,0.42467211023999996
1259,12.59,700,14.0,-0.2400222076,-0.0043952706,-0.0,0.0,0.00171024,0.4199286,0.41973825264,0.4349086392,-0.2398325286,-0.0091439684,-0.0,0.0,0.009226559999999998,0.41968332,0.4275381936,0.42051494016
1260,12.6,701,14.02,-0.23996698460000002,-0.0067919488,-0.0,0.0,0.00422352,0.41993783999999995,0.4223720088,0.43160562144,-0.23971872120000004,-0.012017485200000002,-0.0,0.0,0.01174824,0.41967072000000005,0.43005318048,0.41715578016000004
1261,12.61,701,14.02,-0.2398690238,-0.009668827,-0.0,0.0,0.006745200000000001,0.419916,0.42499659552,0.42743237376,-0.23958666620000002,-0.014404079200000001,-0.0,0.0,0.01341984,0.41966400000000004,0.43167876528,0.41296586016000003
1262,12.62,702,14.04,-0.23971103800000002,-0.013012939800000001,-0.0,0.0,0.008421,0.419895,0.426720084,0.4240782,-0.23940371000000002,-0.016797396000000003,-0.0,0.0,0.01593984,0.4195758,0.43413183408,0.40953110016
1263,12.63,702,14.04,-0.23947285880000002,-0.0168463764,-0.0,0.0,0.0101052,0.41985804,0.42842436335999995,0.41986975296,-0.23917609520000002,-0.019188792000000003,-0.0,0.0,0.018459839999999998,0.41947248000000004,0.43655227391999996,0.40607954688000003
1264,12.64,703,14.06,-0.23925388760000002,-0.0197203734,-0.0,0.0,0.0117894,0.41981436,0.43009266719999995,0.41648955264,-0.2388918168,-0.0220575068,-0.0,0.0,0.02013816,0.4193742,0.43810258799999996,0.40263303359999997
1265,12.65,703,14.06,-0.239000342,-0.0225943704,-0.0,0.0,0.013473599999999999,0.41976396,0.43173670847999995,0.41309091936,-0.238618583,-0.0244200908,-0.0,0.0,0.022658159999999997,0.41924568,0.4404945820799999,0.39999124704
1266,12.66,704,14.08,-0.238712222,-0.0254683674,-0.0,0.0,0.01514688,0.4197144,0.43334305727999994,0.40969312607999997,-0.23846732000000004,-0.0258578096,-0.0,0.0,0.024313799999999997,0.4191516,0.44197034448,0.39654893376
1267,12.67,704,14.08,-0.23845387440000002,-0.027830471200000005,-0.0,0.0,0.01682016,0.41965643999999996,0.43492263359999994,0.40628693279999994,-0.23823058140000003,-0.027773807600000006,-0.0,0.0,0.02599044,0.41902812,0.4434738,0.3939038208
1268,12.68,705,14.1,-0.23817679900000002,-0.0302180256,-0.0,0.0,0.018500159999999998,0.41958588,0.43651478639999997,0.40370477952,-0.238071155,-0.028718360999999998,-0.0,0.0,0.02766876,0.4189206,0.4450308072,0.39214728336
1269,12.69,705,14.1,-0.23794006040000001,-0.032120578000000004,-0.0,0.0,0.01932672,0.4195548,0.43723843968,0.40116210624,-0.23784402040000002,-0.0301531986,-0.0,0.0,0.02935884,0.41880636000000004,0.44661045072,0.39036143664000006
1270,12.7,706,14.12,-0.23774702,-0.033546772,-0.0,0.0,0.02016,0.41951615999999997,0.43799725872,0.39944349312,-0.237631772,-0.0315577836,-0.0,0.0,0.030198839999999998,0.4187694,0.4473140784,0.38866039968
1271,12.71,706,14.12,-0.2375390934,-0.0349427134,-0.0,0.0,0.02182824,0.4194288,0.43958183472,0.39768201648,-0.23752948940000002,-0.03251674300000001,-0.0,0.0,0.031037999999999996,0.41870808,0.44811140639999997,0.38776494959999996
1272,12.72,707,14.14,-0.2373911918,-0.0358954302,-0.0,0.0,0.02266488,0.41938008000000004,0.44032895423999996,0.39595416000000005,-0.237463702,-0.0330084678,-0.0,0.0,0.031877159999999995,0.41864508,0.44890538784,0.38687618592
1273,12.73,707,14.14,-0.23723560700000001,-0.036852949,-0.0,0.0,0.023503200000000002,0.419328,0.44111958576,0.39506544,-0.23744689500000002,-0.033501153000000006,-0.0,0.0,0.032718000000000004,0.41862072,0.449762124,0.38686019232
1274,12.74,708,14.16,-0.23716117600000003,-0.0373345896,-0.0,0.0,0.0243348,0.41926332,0.44190182399999994,0.39416412,-0.237334048,-0.034459152,-0.0,0.0,0.03355884,0.41858796,0.45055276559999996,0.38599832207999996
1275,12.75,708,14.16,-0.23716117600000003,-0.037340352,-0.0,0.0,0.0260148,0.41916252,0.44353078896,0.39322668,-0.2372869884,-0.0349383916,-0.0,0.0,0.03439968,0.4185468,0.45148145279999996,0.386796312
1276,12.76,709,14.18,-0.2372408892,-0.036866874800000005,-0.0,0.0,0.026823720000000002,0.41909867999999995,0.44433970895999997,0.39316283999999996,-0.23730859740000002,-0.0349494362,-0.0,0.0,0.035240520000000004,0.41849724,0.45233149584,0.38674926192
1277,12.77,709,14.18,-0.23724521099999998,-0.0368702362,-0.0,0.0,0.02766288,0.41904408,0.44517886896,0.39310824,-0.23734893420000003,-0.034959040200000006,-0.0,0.0,0.0352422,0.41851068,0.45233317584,0.38676270192
1278,12.78,710,14.2,-0.2373186816,-0.036393397599999995,-0.0,0.0,0.02850624,0.41899872,0.44602222896,0.39306288,-0.23740223640000002,-0.034965763000000004,-0.0,0.0,0.03608304,0.41844600000000004,0.45317401584,0.38669802192
1279,12.79,710,14.2,-0.23746610300000004,-0.0354368392,-0.0,0.0,0.02934036,0.41894076,0.44685634896,0.39300492000000004,-0.2375025982,-0.0344922858,-0.0,0.0,0.03692387999999999,0.41837292000000004,0.45400565279999994,0.38663247168000003
1280,12.8,711,14.22,-0.23753669240000003,-0.0349595204,-0.0,0.0,0.02934708,0.41895756,0.44691326736000003,0.39386337984,-0.23758519260000002,-0.0340188086,-0.0,0.0,0.03692304,0.4183704,0.45394039152,0.38579414832
1281,12.81,711,14.22,-0.23767499,-0.03400200159999999,-0.0,0.0,0.029343720000000004,0.41895756,0.44690990736,0.3938625432,-0.237732614,-0.0330925028,-0.0,0.0,0.03692304,0.4183662,0.45392951519999997,0.38579329488
1282,12.82,712,14.24,-0.2378060846,-0.033079057200000005,-0.0,0.0,0.029353800000000003,0.41896764,0.44696683919999997,0.39471344639999995,-0.2378752334,-0.032137865200000004,-0.0,0.0,0.03692051999999999,0.4183662,0.45392699519999996,0.38579915136000004
1283,12.83,712,14.24,-0.2379323772,-0.03212345920000001,-0.0,0.0,0.02935212,0.41896764,0.44700866448,0.39555426959999995,-0.23800200620000003,-0.031179386000000003,-0.0,0.0,0.036919679999999996,0.4183704,0.45392615519999996,0.38580920783999995
1284,12.84,713,14.26,-0.23805386780000004,-0.031164980000000002,-0.0,0.0,0.028521360000000003,0.41902812,0.44621806319999996,0.39645222624,-0.23819600700000002,-0.0297445484,-0.0,0.0,0.036919679999999996,0.41837292000000004,0.45399057647999996,0.38664753120000006
1285,12.85,713,14.26,-0.2382305814,-0.0297263008,-0.0,0.0,0.027692280000000003,0.41908523999999997,0.44547599375999997,0.39818262623999995,-0.23843658720000002,-0.0278247088,-0.0,0.0,0.03608387999999999,0.41844684,0.4532284008,0.38755725456
1286,12.86,714,14.28,-0.23840489399999998,-0.0282852206,-0.0,0.0,0.02685312,0.41913984,0.44467029935999997,0.39907302959999996,-0.2386084988,-0.026388430600000002,-0.0,0.0,0.03608892,0.41844600000000004,0.45330371855999996,0.38838636144000005
1287,12.87,714,14.28,-0.2386238652,-0.0263615394,-0.0,0.0,0.02685312,0.41913984,0.44474727024,0.4007463096,-0.238820267,-0.024496442599999998,-0.0,0.0,0.035254799999999996,0.41851488,0.45258672815999995,0.39013103136
1288,12.88,715,14.3,-0.23877800940000002,-0.0249454296,-0.0,0.0,0.02601396,0.41919276,0.44396918496,0.40247501952,-0.2389700894,-0.023053441600000002,-0.0,0.0,0.03441732,0.4185846,0.45181283279999995,0.3910298616
1289,12.89,715,14.3,-0.2389700894,-0.023023189000000003,-0.0,0.0,0.024322200000000002,0.41929272,0.44231005392,0.40340659968000003,-0.2391103078,-0.0216104406,-0.0,0.0,0.03358404,0.41864844,0.45108664271999993,0.39276530832
1290,12.9,716,14.32,-0.2391040652,-0.021580668199999996,-0.0,0.0,0.02346792,0.41933808,0.44148672959999996,0.40428859968,-0.23928846200000004,-0.019680036600000003,-0.0,0.0,0.03190824,0.41877948,0.44946773423999997,0.39369784943999997
1291,12.91,716,14.32,-0.2392221944,-0.020132865200000002,-0.0,0.0,0.02261448,0.41938008000000004,0.44067930479999995,0.40599969648000006,-0.239442126,-0.017753474199999997,-0.0,0.0,0.03106908,0.41884248,0.44872562448,0.39543412944
1292,12.92,717,14.34,-0.239338883,-0.018689864200000003,-0.0,0.0,0.02178288,0.41941871999999997,0.43987364063999995,0.40687497648,-0.23963804760000001,-0.014866992,-0.0,0.0,0.0302232,0.41890799999999995,0.4479701016,0.39717292943999993
1293,12.93,717,14.34,-0.23940371,-0.017723701799999998,-0.0,0.0,0.020088599999999998,0.41949516,0.43821366288,0.40862553312,-0.2397115182,-0.013423991000000001,-0.0,0.0,0.02854488,0.4190256,0.44637962879999993,0.39895795296000003
1294,12.94,718,14.36,-0.2394387646,-0.017235338399999998,-0.0,0.0,0.01923432,0.4195254,0.43739954159999994,0.41032905312,-0.239799875,-0.011494547400000001,-0.0,0.0,0.026859840000000003,0.419139,0.44477155968,0.40074463295999996
1295,12.95,718,14.36,-0.2394968688,-0.016272057200000002,-0.0,0.0,0.018380039999999997,0.41955228,0.43656450431999994,0.41203004976,-0.2398771872,-0.0095694256,-0.0,0.0,0.025199999999999997,0.41924399999999995,0.44318450736,0.40251789311999997
1296,12.96,719,14.38,-0.2395602552,-0.015307815600000002,-0.0,0.0,0.01668576,0.41961023999999997,0.43486855103999994,0.4129254864,-0.23994393500000002,-0.007159782,-0.0,0.0,0.024352440000000003,0.41929272,0.44240053199999996,0.40423989312
1297,12.97,719,14.38,-0.2396198,-0.014348376000000001,-0.0,0.0,0.015839040000000002,0.41962872,0.43404525696,0.41461724640000003,-0.23996170240000003,-0.0057105384,-0.0,0.0,0.02267244,0.4193868,0.44077826016,0.40600056
1298,12.98,720,14.4,-0.2396572556,-0.013886903800000001,-0.0,0.0,0.014159040000000001,0.4196892,0.43235689056,0.41551520304,-0.23997082620000001,-0.0047520592,-0.0,0.0,0.021823199999999997,0.4194288,0.43995411936,0.40687250688
1299,12.99,720,14.4,-0.23971103800000002,-0.012930825600000001,-0.0,0.0,0.01333248,0.41973119999999997,0.43152447408,0.41724135935999995,-0.2400073214,-0.0033153008000000005,-0.0,0.0,0.02015076,0.41951531999999997,0.4383285312,0.40863314351999996
1300,13.0,721,14.42,-0.2397364886,-0.012450625600000001,-0.0,0.0,0.01165248,0.4197816,0.42985116720000005,0.41896503935999996,-0.24002652940000002,-0.0014002632000000002,-0.0,0.0,0.01932,0.41955564,0.43753542,0.41034256032
1301,13.01,721,14.42,-0.2397753848,-0.011491186,-0.0,0.0,0.00997248,0.41982528,0.42817200384,0.41984535936,-0.24004189580000002,3.16932e-05,-0.0,0.0,0.017663520000000002,0.41962619999999995,0.43592244527999996,0.41292053039999993
1302,13.02,722,14.44,-0.23980947900000002,-0.0105327068,-0.0,0.0,0.008305920000000001,0.41987483999999997,0.4265171568,0.42240316607999995,-0.240059183,0.0009906526,-0.0,0.0,0.016853760000000002,0.41965055999999995,0.4351469875199999,0.41629061375999993
1303,13.03,722,14.44,-0.23986326140000003,-0.008606144399999998,-0.0,0.0,0.00578592,0.41991767999999996,0.42395448816,0.42747253919999995,-0.24005678200000002,0.0014708526000000001,-0.0,0.0,0.01522584,0.41968668,0.43350400799999994,0.42049989408
1304,13.04,723,14.46,-0.23992280620000003,-0.005719182000000001,-0.0,0.0,0.00327936,0.41995632,0.42124462464,0.4350493056,-0.2400490988,0.0024355744,-0.0,0.0,0.014438760000000002,0.4196892,0.4326165312,0.42550886783999997
1305,13.05,723,14.46,-0.23996506380000002,-0.0023318512000000003,-0.0,0.0,0.0024486,0.41997144000000003,0.41991439056,0.44509155600000005,-0.240030371,0.0038891398,-0.0,0.0,0.0136332,0.41970096,0.4314679488,0.43301190240000004
1306,13.06,724,14.48,-0.239936732,0.0020331668,-0.0,0.0,0.00078288,0.41998572,0.41716856832,0.4584795264,-0.23997995000000003,0.0063031052,-0.0,0.0,0.012788999999999998,0.41974296,0.43010419535999994,0.44045732976
1307,13.07,724,14.48,-0.2399324102,0.0025392976,-0.0,0.0,-0.00255024,0.41998908,0.41314187376000006,0.46507728288,-0.23998859360000002,0.006766018,-0.0,0.0,0.011108999999999999,0.41979,0.42765114,0.4486666296
1308,13.08,725,14.5,-0.23995930140000002,-0.0008542758,-0.0,0.0,-0.0041244,0.419958,0.41060474112,0.47338415712,-0.240061584,0.0038665704000000003,-0.0,0.0,0.0094416,0.41981436,0.42526339296,0.45689508144
1309,13.09,725,14.5,-0.23997466780000004,0.0029820420000000003,-0.0,0.0,-0.0057372,0.41987483999999997,0.40829752991999996,0.47912066495999994,-0.24003421260000002,0.0053052496,-0.0,0.0,0.0069131999999999996,0.41986224,0.42227316768,0.463618512
1310,13.1,726,14.52,-0.2400222076,0.0043779834,-0.0,0.0,-0.008904839999999999,0.41952792,0.40445137487999994,0.48377266896,-0.23998763320000002,0.0072188466,-0.0,0.0,0.0036624,0.41979756,0.41850030431999996,0.47036157168000003
1311,13.11,726,14.52,-0.24005198000000003,0.0038732932000000004,-0.0,0.0,-0.0120834,0.419055,0.40045207103999997,0.48815142432,-0.2399266478,0.0091238,-0.0,0.0,0.00126252,0.41962872,0.41557250448,0.47615379168
1312,13.12,727,14.54,-0.24002460860000002,0.0053110119999999995,-0.0,0.0,-0.015399719999999999,0.41860812,0.39619202111999996,0.49256876927999993,-0.2399035982,0.009591034600000001,-0.0,0.0,-0.00201516,0.4194246,0.41168240399999995,0.48107409168
1313,13.13,727,14.54,-0.23995690040000003,0.008177806000000001,-0.0,0.0,-0.018002879999999995,0.4183158,0.39241840176,0.497880264,-0.2398805486,0.010070754400000001,-0.0,0.0,-0.004505759999999999,0.41921376,0.40845890735999996,0.48593830992
1314,13.14,728,14.56,-0.239886311,0.010074596000000002,-0.0,0.0,-0.021508199999999995,0.41802012,0.38786560848,0.5023617984,-0.23989591500000002,0.009589594000000002,-0.0,0.0,-0.007098839999999999,0.41917595999999996,0.40488110208,0.49167750911999997
1315,13.15,728,14.56,-0.2398440534,0.0105375088,-0.0,0.0,-0.02423484,0.41794956,0.3838739688,0.5079176424,-0.2398843902,0.0095905544,-0.0,0.0,-0.010579799999999999,0.41919948,0.40049071439999995,0.4966890768
1316,13.16,729,14.58,-0.23978787000000001,0.0110076246,-0.0,0.0,-0.027757800000000003,0.4178076,0.37896971615999997,0.51332846208,-0.239857499,0.0100726752,-0.0,0.0,-0.0140784,0.41927339999999996,0.39568611936,0.5033306207999999
1317,13.17,729,14.58,-0.23969183000000002,0.011961782,-0.0,0.0,-0.030458399999999993,0.41776139999999995,0.37451551871999994,0.5195671017599999,-0.239828687,0.0105557564,-0.0,0.0,-0.0175224,0.41929355999999995,0.39065333999999996,0.5107466784
1318,13.18,730,14.6,-0.2395679384,0.0133716492,-0.0,0.0,-0.03306996,0.41775132,0.37001649887999993,0.5257314249599999,-0.23983685040000002,0.010556716800000001,-0.0,0.0,-0.02011968,0.41930111999999997,0.38632254192000004,0.51813423984
1319,13.19,730,14.6,-0.23944644780000002,0.0147944818,-0.0,0.0,-0.03562524,0.41760347999999997,0.36520480079999995,0.5326548662399999,-0.23986470199999999,0.010080838600000001,-0.0,0.0,-0.02351076,0.4192398,0.38085659471999994,0.52627784832
1320,13.2,731,14.62,-0.2393542494,0.015262676800000003,-0.0,0.0,-0.03820992,0.41732796,0.36026079599999994,0.5393686368,-0.2398709446,0.010084200000000001,-0.0,0.0,-0.02601396,0.41912472,0.37634294879999997,0.5334063974400001
1321,13.21,731,14.62,-0.239252447,0.015743357000000003,-0.0,0.0,-0.04075344,0.416976,0.35533117872,0.54622935024,-0.2398762268,0.010084200000000001,-0.0,0.0,-0.02853144,0.4189752,0.3714326784,0.5414258303999999
1322,13.22,732,14.64,-0.23907957500000002,0.016689351,-0.0,0.0,-0.04332552,0.41647115999999995,0.35001491951999997,0.55368262992,-0.2398762268,0.010084200000000001,-0.0,0.0,-0.031871279999999995,0.41870303999999997,0.36553272,0.5491686816
1323,13.23,732,14.64,-0.238981134,0.017630543,-0.0,0.0,-0.04579092,0.41584956,0.34469741376,0.56100576336,-0.23985990000000001,0.0105644,-0.0,0.0,-0.03434676,0.41842332000000004,0.36031891727999993,0.5570169192000001
1324,13.24,733,14.66,-0.2388836534,0.018102579599999998,-0.0,0.0,-0.04829328,0.41508599999999996,0.33911621856,0.56813339184,-0.23985990000000001,0.0105644,-0.0,0.0,-0.035932679999999995,0.41811084,0.3558114504,0.56467259856
1325,13.25,733,14.66,-0.2388145046,0.0185784578,-0.0,0.0,-0.0506856,0.41415024,0.33341833392,0.57497503728,-0.23986326140000003,0.0105644,-0.0,0.0,-0.03832836,0.41769755999999997,0.35065151183999993,0.57135820896
1326,13.26,734,14.68,-0.23878137080000003,0.0185746162,-0.0,0.0,-0.05308464,0.4132254,0.32754472799999995,0.58179246384,-0.2398656624,0.0105644,-0.0,0.0,-0.03982524,0.4173582,0.34590512208,0.57891003744
1327,13.27,734,14.68,-0.2386742862,0.019027444800000005,-0.0,0.0,-0.05544840000000001,0.41245679999999996,0.32147297952,0.5886456542399999,-0.23986710300000003,0.0105639198,-0.0,0.0,-0.04142124,0.41709276,0.34088559119999995,0.58651403328
1328,13.28,735,14.7,-0.238599375,0.019502842800000003,-0.0,0.0,-0.05707631999999999,0.41176127999999995,0.31589360879999995,0.5952498182399999,-0.2398675832,0.0105644,-0.0,0.0,-0.043045799999999995,0.4169214,0.33566347919999995,0.59416860384
1329,13.29,735,14.7,-0.2385595184,0.0199638348,-0.0,0.0,-0.058754640000000004,0.41128416,0.31000531631999995,0.60218700192,-0.2398877516,0.0100851604,-0.0,0.0,-0.04390176,0.41688443999999997,0.33106522848,0.60193498512
1330,13.3,736,14.72,-0.2385187014,0.020443074399999997,-0.0,0.0,-0.060429599999999986,0.41092044,0.30384178272,0.6088803403199999,-0.2398877516,0.0100851604,-0.0,0.0,-0.04563132,0.41684664,0.32542437648,0.6094704503999999
1331,13.31,736,14.72,-0.238481726,0.0204200248,-0.0,0.0,-0.061207439999999995,0.41067180000000003,0.29889161903999995,0.61487136144,-0.2398877516,0.0100851604,-0.0,0.0,-0.046540200000000004,0.41692139999999994,0.32002106639999994,0.6181032009599999
1332,13.32,737,14.74,-0.2384437902,0.0204152228,-0.0,0.0,-0.06210624,0.41054832,0.29311102464,0.62143514496,-0.2398877516,0.010085640600000001,-0.0,0.0,-0.04744908,0.4169676,0.31444624512,0.6264329735999999
1333,13.33,737,14.74,-0.238404894,0.0204104208,-0.0,0.0,-0.06217512,0.4104198,0.28805911679999996,0.6282022118399999,-0.2398882318,0.010084200000000001,-0.0,0.0,-0.04835376,0.41695920000000003,0.3086731569599999,0.6346529280000001
1334,13.34,738,14.76,-0.2383242204,0.020380168199999996,-0.0,0.0,-0.062185199999999996,0.41015772,0.2823891672,0.6353201332799999,-0.2398877516,0.010082759400000002,-0.0,0.0,-0.049225679999999994,0.41691132,0.3022593336,0.6433454260799999
1335,13.35,738,14.76,-0.238282443,0.020374886,-0.0,0.0,-0.06225744,0.41002415999999997,0.27704860511999996,0.6418127620799999,-0.2398656624,0.010561518800000001,-0.0,0.0,-0.049213919999999994,0.41691132,0.29697934559999994,0.6514516310399999
1336,13.36,739,14.78,-0.2382397052,0.020347994799999998,-0.0,0.0,-0.061428359999999994,0.4100124,0.27126488256,0.64979175072,-0.23986326140000003,0.0105600782,-0.0,0.0,-0.04833276,0.41698524000000003,0.2913455899199999,0.6608992656
1337,13.37,739,14.78,-0.23815422960000002,0.020821472,-0.0,0.0,-0.06059928,0.40999727999999996,0.26588442048,0.6570236063999999,-0.23985990000000001,0.010556716800000001,-0.0,0.0,-0.047427239999999996,0.41702808,0.28545340992,0.6702447057600001
1338,13.38,740,14.8,-0.23815134840000002,0.020313900599999997,-0.0,0.0,-0.05899824,0.41023583999999996,0.2603639808,0.6651299289599999,-0.2398339692,0.011034996,-0.0,0.0,-0.04646964,0.41699531999999995,0.27936148128,0.6791229984
1339,13.39,740,14.8,-0.23815134840000002,0.020313900599999997,-0.0,0.0,-0.05725944,0.41046767999999995,0.25485664176,0.6730680599999999,-0.2398061176,0.0115132752,-0.0,0.0,-0.04468464,0.41706672,0.27375225696,0.68800254432
1340,13.4,741,14.82,-0.23819600700000002,0.020320143199999998,-0.0,0.0,-0.05475456,0.41080284,0.24985937088,0.68093548992,-0.2397763452,0.011991554400000002,-0.0,0.0,-0.042887039999999994,0.41707008,0.26730393311999995,0.697490892
1341,13.41,741,14.82,-0.23819600700000002,0.020298054,-0.0,0.0,-0.05223288,0.41112287999999997,0.24446978303999992,0.6886798732799999,-0.23976097880000002,0.0119877128,-0.0,0.0,-0.0402444,0.41712299999999997,0.26192905199999994,0.70613777808
1342,13.42,742,14.84,-0.23819600700000002,0.020298054,-0.0,0.0,-0.04875528,0.41138748,0.23912836079999994,0.6967135123200001,-0.239751855,0.011985792000000002,-0.0,0.0,-0.037648799999999996,0.41725152,0.255572604,0.71517818736
1343,13.43,742,14.84,-0.238236824,0.019818814400000002,-0.0,0.0,-0.04527432,0.41162352,0.23430901535999996,0.70390705056,-0.239751855,0.01198099,-0.0,0.0,-0.03429552,0.4175472,0.24963918,0.724259424
1344,13.44,743,14.86,-0.238359275,0.018867058000000003,-0.0,0.0,-0.0408828,0.41191416000000003,0.22929084528000004,0.71171071776,-0.23974177080000003,0.011978589000000001,-0.0,0.0,-0.0301308,0.41793527999999996,0.24413652479999998,0.73331844096
1345,13.45,743,14.86,-0.2384020128,0.018873780800000003,-0.0,0.0,-0.03648624,0.41216112,0.22378828079999996,0.7192615449599999,-0.2397653006,0.011498389000000001,-0.0,0.0,-0.026071920000000002,0.41838383999999995,0.2389003344,0.7411578787199999
1346,13.46,744,14.88,-0.238481726,0.018401264,-0.0,0.0,-0.031175759999999993,0.41242908,0.21906326400000004,0.72641839872,-0.23979795420000002,0.01102059,-0.0,0.0,-0.02113776,0.4188198,0.23350450031999997,0.7499744616
1347,13.47,744,14.88,-0.2385187014,0.0179220244,-0.0,0.0,-0.02512272,0.4126878,0.21457631328,0.7333350998399999,-0.23981956320000003,0.010535587999999999,-0.0,0.0,-0.016203600000000002,0.41921963999999995,0.22776564383999995,0.7582336977599999
1348,13.48,745,14.9,-0.2385547164,0.017442784800000003,-0.0,0.0,-0.01897056,0.41301119999999997,0.20986386623999997,0.73977935808,-0.2398402118,0.010055388,-0.0,0.0,-0.010379879999999998,0.41948759999999996,0.22335725663999997,0.76545831936
1349,13.49,745,14.9,-0.23862386520000003,0.016484305600000002,-0.0,0.0,-0.012907440000000003,0.41339928,0.20473776288000003,0.7465100059199999,-0.23985990000000001,0.009575188,-0.0,0.0,-0.00455616,0.41966652,0.21857823792,0.7720450651199999
1350,13.5,746,14.92,-0.238656999,0.016005066000000002,-0.0,0.0,-0.005921999999999999,0.413574,0.20020936320000002,0.7525788547199999,-0.239905519,0.0086176692,-0.0,0.0,0.00217308,0.4196934,0.21439518239999997,0.7786788912
1351,13.51,746,14.92,-0.2387299894,0.015532549200000004,-0.0,0.0,0.0018782399999999998,0.41378736,0.19556374655999997,0.75889132032,-0.2399304894,0.008140350400000001,-0.0,0.0,0.008973720000000001,0.41954556,0.20997397007999993,0.78502254096
1352,13.52,747,14.94,-0.238801059,0.015075398800000002,-0.0,0.0,0.00876372,0.41387724,0.190272768,0.7645256136,-0.23995978160000003,0.0076659128,-0.0,0.0,0.01576176,0.41928348,0.20600532959999995,0.7899083068799999
1353,13.53,747,14.94,-0.2388702078,0.014621609800000001,-0.0,0.0,0.01655136,0.4138302,0.18580279536,0.7696138699199999,-0.23998859360000002,0.0067055128000000006,-0.0,0.0,0.02337132,0.41886264,0.20247084479999997,0.79441694976
1354,13.54,748,14.96,-0.23897441120000001,0.0141543752,-0.0,0.0,0.024341519999999995,0.41350511999999995,0.18012305135999998,0.7749310900799999,-0.240023168,0.005750875200000001,-0.0,0.0,0.030922079999999998,0.41834351999999997,0.19846007663999995,0.7986474350399999
1355,13.55,748,14.96,-0.23907381260000002,0.013687140600000001,-0.0,0.0,0.0312396,0.41310192,0.17437782767999993,0.779361996,-0.24003757400000003,0.0052735564,-0.0,0.0,0.038518199999999995,0.41768664,0.19496987999999993,0.8017964304
1356,13.56,749,14.98,-0.2392202736,0.012260466399999998,-0.0,0.0,0.03904488,0.41237784,0.17018820000000007,0.7827416352,-0.240059183,0.004316998,-0.0,0.0,0.0460404,0.41693820000000004,0.19029303216000007,0.8048128703999999
1357,13.57,749,14.98,-0.2393542494,0.010833792200000001,-0.0,0.0,0.04670231999999999,0.41165964,0.16489194288000003,0.7860794659199999,-0.24007599000000002,0.003358999,-0.0,0.0,0.05348196,0.4160982,0.18521260128000003,0.80751018432
1358,13.58,750,15.0,-0.23945605179999999,0.009886837800000001,-0.0,0.0,0.053413920000000004,0.41104895999999996,0.15737062320000006,0.79046687328,-0.240087995,0.002401,-0.0,0.0,0.06094368,0.41516159999999996,0.17999420544,0.8094014275199999
1359,13.59,750,15.0,-0.2395314432,0.009433048800000001,-0.0,0.0,0.05998608,0.4106046,0.15038837855999998,0.79315322016,-0.24009375740000002,0.0014434812,-0.0,0.0,0.0675108,0.41417963999999996,0.17239701024,0.8109728928
1360,13.6,751,15.02,-0.2396198,0.008485134,-0.0,0.0,0.06649776,0.41016779999999997,0.14332808448,0.79592242464,-0.24009519800000004,0.00048452179999999997,-0.0,0.0,0.07408632,0.41308848000000004,0.16378333103999998,0.81291287952
1361,13.61,751,15.02,-0.2396524536,0.007525694400000001,-0.0,0.0,0.07311192,0.40947311999999997,0.13581223152,0.79762471824,-0.24009567820000002,2.8812e-06,-0.0,0.0,0.08073576,0.411852,0.15506536752,0.81380983152
1362,13.62,752,15.04,-0.23969183000000002,0.007070945,-0.0,0.0,0.0780612,0.40871964,0.12661894895999995,0.79841567568,-0.24009519800000004,-0.00047731880000000007,-0.0,0.0,0.08731631999999999,0.410508,0.14592378863999997,0.81373836096
1363,13.63,752,15.04,-0.2397292856,0.0065960272,-0.0,0.0,0.08310287999999999,0.4077822,0.11942895215999995,0.79849391664,-0.24009519800000004,-0.00047731880000000007,-0.0,0.0,0.09307032,0.40920599999999996,0.13730766,0.8142518697599999
1364,13.64,753,15.06,-0.2397153598,0.0070647024,-0.0,0.0,0.08820335999999998,0.4066608,0.11292690863999995,0.79752813168,-0.24009759900000002,-0.0004782792,-0.0,0.0,0.09964416,0.40762092,0.12962515439999994,0.8138472887999999
1365,13.65,753,15.06,-0.2397153598,0.0070531776,-0.0,0.0,0.0924924,0.405531,0.10685165231999993,0.79655812992,-0.24009903960000004,-0.0004787594,-0.0,0.0,0.10535111999999999,0.40618032,0.12193499807999991,0.81349515744
1366,13.66,754,15.08,-0.239684627,0.0079938894,-0.0,0.0,0.0966672,0.40448268,0.10109469887999992,0.79523037216,-0.24009951980000002,1.9208e-06,-0.0,0.0,0.11115888,0.40469688,0.11738933808000003,0.8123204376
1367,13.67,754,15.08,-0.239694231,0.008945645799999999,-0.0,0.0,0.0999432,0.40384511999999995,0.09603358128000006,0.7928843932799998,-0.24009759900000002,0.000962801,-0.0,0.0,0.11594520000000001,0.40343436,0.11285883504000006,0.81191296368
1368,13.68,755,15.1,-0.239655815,0.010382404199999999,-0.0,0.0,0.10302431999999999,0.40342764,0.09097921392000002,0.7918963247999999,-0.240090396,0.0019275228000000001,-0.0,0.0,0.11989823999999998,0.40236672,0.10955736960000004,0.8104094342399999
1369,13.69,755,15.1,-0.2395636166,0.012291199199999998,-0.0,0.0,0.10532591999999999,0.4032924,0.08653749552000004,0.7900334231999999,-0.2400745494,0.0033690832,-0.0,0.0,0.12312803999999998,0.401499,0.10666129151999998,0.8088573427199999
1370,13.7,756,15.12,-0.23950407180000002,0.013729398200000001,-0.0,0.0,0.10767455999999999,0.40300511999999994,0.08208592560000004,0.7885388716799999,-0.24005678200000002,0.0043333248,-0.0,0.0,0.12542963999999998,0.40080599999999994,0.10259187791999998,0.8085968855999999
1371,13.71,756,15.12,-0.23944644780000002,0.0146792338,-0.0,0.0,0.10924031999999999,0.4027968,0.07829718960000004,0.7873290935999999,-0.2400442968,0.004817366400000001,-0.0,0.0,0.12787152,0.40006511999999994,0.10042972800000002,0.8072745407999999
1372,13.72,757,15.14,-0.23944644780000002,0.0146792338,-0.0,0.0,0.11173596000000002,0.4022508,0.07540486800000007,0.7855850251200001,-0.24002460860000002,0.0053052496,-0.0,0.0,0.12949944,0.3995544,0.09742517232000002,0.80675294448
1373,13.73,757,15.14,-0.23944644780000002,0.014688837800000002,-0.0,0.0,0.11338572,0.40170059999999996,0.07283043264000005,0.7840007380799999,-0.240011163,0.0053090912,-0.0,0.0,0.13021596,0.39928728,0.09469808208000006,0.8063921208
1374,13.74,758,15.16,-0.239482943,0.014707085400000002,-0.0,0.0,0.11603088,0.40091435999999997,0.07155509760000002,0.78207583104,-0.23999387580000003,0.0053110119999999995,-0.0,0.0,0.13192955999999997,0.39873372,0.09397538640000003,0.80564948016
1375,13.75,758,15.16,-0.23952904220000001,0.0142446528,-0.0,0.0,0.11695823999999999,0.40046328,0.06975082800000001,0.7803522216,-0.23998379160000002,0.0053138932,-0.0,0.0,0.13200852,0.39867996,0.09161135760000001,0.8053012228800001
1376,13.76,759,15.18,-0.23954488880000002,0.0142609796,-0.0,0.0,0.11811408000000001,0.3997686,0.07025074224000002,0.77839170528,-0.23998283120000002,0.004830812,-0.0,0.0,0.13207487999999998,0.39862200000000003,0.0916777176,0.8051445393600001
1377,13.77,759,15.18,-0.23957322060000003,0.013788943000000001,-0.0,0.0,0.11827620000000001,0.39927804,0.07062034896,0.77658845712,-0.23998283120000002,0.0048250496,-0.0,0.0,0.13128444,0.39884124000000004,0.09210960864000006,0.8053144176
1378,13.78,760,15.2,-0.2396154782,0.0133241094,-0.0,0.0,0.11850552000000003,0.39889248,0.07377874560000003,0.77489690208,-0.23998283120000002,0.0048250496,-0.0,0.0,0.13047467999999998,0.39907980000000004,0.09271711680000003,0.8057320185600001
1379,13.79,760,15.2,-0.23964188920000004,0.012851592600000001,-0.0,0.0,0.11785620000000001,0.39885803999999997,0.07637726208000004,0.77413876848,-0.23997082620000001,0.004820727800000001,-0.0,0.0,0.12881652000000002,0.39960396,0.09247287840000001,0.80643187296
1380,13.8,761,15.22,-0.23964188920000004,0.012851592600000001,-0.0,0.0,0.11708507999999998,0.39895211999999997,0.07951659743999998,0.7748745513599999,-0.239991955,0.004339087199999999,-0.0,0.0,0.12726756,0.40014744,0.09355013136000001,0.80779777008
1381,13.81,761,15.22,-0.23964188920000004,0.012851592600000001,-0.0,0.0,0.11541936000000001,0.39954095999999995,0.08208009264000007,0.7765167211199999,-0.24000299960000002,0.0043376466,-0.0,0.0,0.12557664,0.40068252,0.095687676,0.8085746390399999
1382,13.82,762,15.24,-0.23964188920000004,0.0128443896,-0.0,0.0,0.11353188000000002,0.40038347999999996,0.08505934752000005,0.7789028419199999,-0.24001308380000003,0.0043410079999999995,-0.0,0.0,0.12390503999999997,0.40118652,0.09782780783999999,0.80981153568
1383,13.83,762,15.24,-0.239600592,0.013309223200000001,-0.0,0.0,0.11169648,0.40120416,0.08719547760000003,0.78278897088,-0.2400222076,0.004339087199999999,-0.0,0.0,0.12234012,0.40170648000000003,0.101256792,0.810656112
1384,13.84,763,15.26,-0.23958474540000002,0.0132933766,-0.0,0.0,0.10892784000000001,0.40233564,0.08983069536000006,0.7871783270399999,-0.240030371,0.0043371664,-0.0,0.0,0.12064163999999997,0.40221804,0.10470866784,0.8120846294399999
1385,13.85,763,15.26,-0.23952279960000003,0.013738522000000001,-0.0,0.0,0.10617432,0.4033134,0.09240573552000003,0.7907413046399999,-0.24003469280000003,0.0048164060000000005,-0.0,0.0,0.11824427999999998,0.4029606,0.10879192128000004,0.8131451126399999
1386,13.86,764,15.28,-0.23950407180000002,0.0137197942,-0.0,0.0,0.10441704,0.4040568,0.09590171808000007,0.7945643764799999,-0.24003997500000002,0.0048140050000000005,-0.0,0.0,0.11576376000000001,0.40364940000000005,0.11390892912000007,0.81477178608
1387,13.87,764,15.28,-0.2394354032,0.014180306,-0.0,0.0,0.10182395999999999,0.4047708,0.09964032960000004,0.7975414876799999,-0.24003757400000003,0.005289403,-0.0,0.0,0.11255412000000002,0.40454904,0.11921377440000006,0.8159081952
1388,13.88,765,15.3,-0.239384502,0.0146504218,-0.0,0.0,0.0985446,0.40555704,0.10320886799999995,0.79964543568,-0.24003037100000002,0.005764801,-0.0,0.0,0.10925123999999999,0.40539576,0.12565189391999992,0.81688961424
1389,13.89,765,15.3,-0.2393619326,0.0146408178,-0.0,0.0,0.0961422,0.40591404,0.10958784143999996,0.8008541351999999,-0.24003037100000002,0.005759999,-0.0,0.0,0.10609787999999999,0.40614839999999997,0.13325103119999995,0.8181785404799999
1390,13.9,766,15.32,-0.2393619326,0.0146523426,-0.0,0.0,0.0930006,0.406203,0.11684065679999994,0.8004260947199999,-0.24002652940000002,0.005755197000000001,-0.0,0.0,0.10200791999999999,0.40705307999999996,0.14199512879999993,0.81813781728
1391,13.91,766,15.32,-0.23933840280000002,0.0146552238,-0.0,0.0,0.09002951999999999,0.40631472,0.12386156831999996,0.80005591008,-0.24001884620000002,0.005752796000000001,-0.0,0.0,0.09718884,0.40808459999999996,0.15167669327999997,0.81722080272
1392,13.92,767,15.34,-0.23933840280000002,0.0146792338,-0.0,0.0,0.08717436,0.40608876,0.13194965951999996,0.7979165544,-0.24000155900000003,0.0062310752,-0.0,0.0,0.0931518,0.40879019999999994,0.1606309992,0.81628575168
1393,13.93,767,15.34,-0.2393619326,0.014698441800000002,-0.0,0.0,0.08345988,0.40606104,0.13981260384,0.79555209888,-0.23999531640000002,0.0062325157999999995,-0.0,0.0,0.0883176,0.40971,0.16839241439999997,0.814727424
1394,13.94,768,15.36,-0.2393619326,0.0147099666,-0.0,0.0,0.07974287999999999,0.40577376,0.14746888799999996,0.7926243830399999,-0.23999531640000002,0.0062325157999999995,-0.0,0.0,0.0833952,0.4105542,0.17494620528,0.81260322528
1395,13.95,768,15.36,-0.23936769500000002,0.014235529,-0.0,0.0,0.07585368,0.40569816,0.15550682784000003,0.7887537839999998,-0.24001356400000004,0.0057566376,-0.0,0.0,0.07855596,0.4113228,0.18051895008,0.8114375136
1396,13.96,769,15.38,-0.23936769500000002,0.014247534,-0.0,0.0,0.07192584,0.40588463999999996,0.16426663344000003,0.7844366308799999,-0.24002460860000002,0.0052764376,-0.0,0.0,0.07359659999999998,0.41216028,0.18680235839999998,0.80909910816
1397,13.97,769,15.38,-0.23936769500000002,0.014247534,-0.0,0.0,0.06690264,0.40648860000000003,0.17192020272000003,0.78103726848,-0.240018366,0.0052754772,-0.0,0.0,0.06861708,0.413007,0.19271003471999998,0.80660930784
1398,13.98,770,15.4,-0.23936769500000002,0.014247534,-0.0,0.0,0.06257916000000001,0.40726139999999994,0.18095200704000003,0.77629744752,-0.2400284502,0.0047952772,-0.0,0.0,0.06451451999999999,0.41373612,0.20040493536000004,0.80366557824
1399,13.99,770,15.4,-0.2393432048,0.014241771600000001,-0.0,0.0,0.05739972,0.40826604,0.18973608863999997,0.7712272444800001,-0.2400212472,0.0047943168,-0.0,0.0,0.06112259999999999,0.41436779999999995,0.20856785039999992,0.79997182944
1400,14.0,771,15.42,-0.239346086,0.0137562894,-0.0,0.0,0.05227152,0.40920348,0.19720685039999997,0.7675581446399999,-0.24001308380000003,0.0047933564,-0.0,0.0,0.056972999999999996,0.41501627999999996,0.21602161055999997,0.7966111305599999
1401,14.01,771,15.42,-0.2393470464,0.0132708072,-0.0,0.0,0.0480228,0.40966128,0.20554119599999998,0.76330315152,-0.24000299960000002,0.0052778782,-0.0,0.0,0.0536004,0.41551607999999995,0.22385663999999994,0.7924575388799999
1402,14.02,772,15.44,-0.239319675,0.0132650448,-0.0,0.0,0.042940799999999994,0.4101552,0.21274441775999994,0.75916124928,-0.23997082620000001,0.0062426,-0.0,0.0,0.050328599999999994,0.41579832,0.23140677839999996,0.7874053622399999
1403,14.03,772,15.44,-0.2393470464,0.0132708072,-0.0,0.0,0.03935148,0.41061468,0.22002807119999998,0.75484518816,-0.23992280620000003,0.0072087624,-0.0,0.0,0.04788672,0.415884,0.23854526303999998,0.7825824753599999
1404,14.04,773,15.46,-0.239346086,0.0137562894,-0.0,0.0,0.034932239999999996,0.41126904,0.22508628911999995,0.75186434736,-0.23989207340000002,0.0081691624,-0.0,0.0,0.045507,0.415863,0.24540372191999996,0.77758263072
1405,14.05,773,15.46,-0.2393177542,0.0142360092,-0.0,0.0,0.031340400000000004,0.41197547999999995,0.23020889136,0.7493246241599999,-0.23987526640000004,0.0086493624,-0.0,0.0,0.04229652,0.41588316,0.25122728064,0.7720098523199999
1406,14.06,774,15.48,-0.2392913432,0.0142436924,-0.0,0.0,0.028601999999999995,0.41244,0.23568043968,0.7474356758399999,-0.23985749900000003,0.009129562400000001,-0.0,0.0,0.03995628,0.41568156,0.2569095816,0.76642698384
1407,14.07,774,15.48,-0.23923467960000003,0.014718130000000001,-0.0,0.0,0.025057199999999995,0.4129272,0.24038156351999998,0.74553175872,-0.2398267662,0.0096102426,-0.0,0.0,0.03676008,0.41559419999999997,0.26185472544000005,0.7612988678399999
1408,14.08,775,15.5,-0.239262051,0.014723412200000001,-0.0,0.0,0.02229276,0.41319768,0.24678000479999992,0.74185664448,-0.2398267662,0.0096102426,-0.0,0.0,0.0343014,0.41559672000000003,0.26750810688,0.75593266896
1409,14.09,775,15.5,-0.239262051,0.014723412200000001,-0.0,0.0,0.018910919999999998,0.4131918,0.25136799743999994,0.73757302416,-0.23981860280000003,0.009131003,-0.0,0.0,0.03173772,0.41578571999999997,0.272522712,0.75203468256
1410,14.1,776,15.52,-0.23923467960000003,0.014718130000000001,-0.0,0.0,0.015594599999999998,0.41285496,0.25619134799999993,0.732263196,-0.23979987500000002,0.009618406,-0.0,0.0,0.02902536,0.41635607999999996,0.27733258223999996,0.7481014094399999
1411,14.11,776,15.52,-0.239146803,0.0147176498,-0.0,0.0,0.01296624,0.41276927999999996,0.2622473112,0.7261001630399999,-0.23979987500000002,0.009618406,-0.0,0.0,0.026306279999999998,0.41705916,0.28215748512,0.7442523312
1412,14.12,777,15.54,-0.23911559000000002,0.0147286944,-0.0,0.0,0.010364759999999999,0.41250971999999997,0.26701913951999995,0.72006862368,-0.23979987500000002,0.009625609,-0.0,0.0,0.023579640000000002,0.41768664,0.28654144848,0.73982483232
1413,14.13,777,15.54,-0.2391165504,0.015228102400000002,-0.0,0.0,0.00853524,0.4125366,0.27189194256,0.7152664175999999,-0.2398138008,0.0096308912,-0.0,0.0,0.0217518,0.41813100000000003,0.29162843808,0.7353664819200001
1414,14.14,778,15.56,-0.23908341660000001,0.0161913836,-0.0,0.0,0.00584304,0.41272139999999996,0.27643835184,0.7094525088,-0.23981908300000002,0.010107249600000002,-0.0,0.0,0.019195679999999996,0.41838048,0.29579137391999993,0.73030413456
1415,14.15,778,15.56,-0.23911270880000002,0.0162096312,-0.0,0.0,0.0039396,0.41319264,0.28093771776,0.70503944448,-0.2398301276,0.0101053288,-0.0,0.0,0.01752912,0.41851404,0.30184616448,0.72377218368
1416,14.16,779,15.58,-0.23907957500000002,0.016689351,-0.0,0.0,0.00209328,0.41334635999999997,0.28506166079999995,0.7008242304,-0.2398402118,0.010098606,-0.0,0.0,0.015902879999999998,0.41851488,0.3069992184,0.7177801713599999
1417,14.17,779,15.58,-0.23907957500000002,0.016689351,-0.0,0.0,-0.0004914000000000003,0.4133388,0.2889483912,0.69570730992,-0.2398690238,0.0096169654,-0.0,0.0,0.013494599999999999,0.41846700000000003,0.3111878448,0.7113294854400001
1418,14.18,780,15.6,-0.23908341660000001,0.016206269800000003,-0.0,0.0,-0.0021420000000000002,0.413175,0.29344207536,0.6902032368,-0.239903118,0.0091338842,-0.0,0.0,0.011873399999999997,0.41844600000000004,0.31659609407999995,0.70402386096
1419,14.19,780,15.6,-0.2391448822,0.0157299114,-0.0,0.0,-0.004698959999999999,0.4129902,0.2965918368,0.68569133472,-0.2399324102,0.008648402,-0.0,0.0,0.01012452,0.4186854,0.32046441504,0.69848626176
1420,14.2,781,15.62,-0.2392005854,0.015736634200000002,-0.0,0.0,-0.006552,0.413112,0.30014683776,0.6813371107199999,-0.23995690040000003,0.0081662812,-0.0,0.0,0.00835212,0.41896092,0.32469574368,0.6921439593600001
1421,14.21,781,15.62,-0.2392269964,0.015727030200000002,-0.0,0.0,-0.00843192,0.41352108,0.30368416176,0.67726431024,-0.23996074200000003,0.008163880200000001,-0.0,0.0,0.00650916,0.41930027999999997,0.32811608591999997,0.6862737772799999
1422,14.22,782,15.64,-0.23928365999999998,0.015251152000000002,-0.0,0.0,-0.01030176,0.41390832,0.3069479448,0.67302576768,-0.23999147480000002,0.0072025198,-0.0,0.0,0.0046578,0.41957244,0.33130213535999997,0.68031798912
1423,14.23,782,15.64,-0.23928365999999998,0.015251152000000002,-0.0,0.0,-0.01225728,0.41440896,0.30986250624,0.66842290368,-0.23998763320000002,0.0072015594,-0.0,0.0,0.00370272,0.4197438,0.33529159776,0.67442705568
1424,14.24,783,15.66,-0.23928365999999998,0.015251152000000002,-0.0,0.0,-0.013343400000000002,0.4149054,0.31406227776,0.66291561504,-0.2399693856,0.0076812792,-0.0,0.0,0.00195048,0.419832,0.33830569584,0.6681676679999999
1425,14.25,783,15.66,-0.2393139126,0.0147714322,-0.0,0.0,-0.01440936,0.41537327999999996,0.31748740128,0.65799637008,-0.23995978160000003,0.0076803188000000005,-0.0,0.0,0.00111048,0.41983452000000004,0.34209649824,0.66150300384
1426,14.26,784,15.68,-0.2393139126,0.0147714322,-0.0,0.0,-0.015398039999999997,0.4158126,0.32126589599999994,0.6521533603199999,-0.23995978160000003,0.0076832,-0.0,0.0,0.0011298,0.41981016000000004,0.34607563535999997,0.65581710096
1427,14.27,784,15.68,-0.23928365999999998,0.015238666800000003,-0.0,0.0,-0.0164388,0.416115,0.324241008,0.6468603119999999,-0.2399684252,0.007203,-0.0,0.0,0.00034775999999999996,0.41972784,0.34918899119999997,0.65001969312
1428,14.28,785,15.7,-0.2393081502,0.0152429886,-0.0,0.0,-0.016554720000000002,0.41633003999999996,0.32851493808,0.6403420732799999,-0.2399530588,0.007203,-0.0,0.0,-0.00045359999999999997,0.41966316,0.35268461423999997,0.6431757192
1429,14.29,785,15.7,-0.23928365999999998,0.015226181600000001,-0.0,0.0,-0.01750224,0.41650391999999997,0.3313557239999999,0.63484437072,-0.23993385080000001,0.007203,-0.0,0.0,-0.00129192,0.41962619999999995,0.35555511935999995,0.6371358672
1430,14.3,786,15.72,-0.23928365999999998,0.015226181600000001,-0.0,0.0,-0.01760472,0.41670551999999994,0.3355067217599999,0.6284298215999999,-0.23991080120000002,0.007203,-0.0,0.0,-0.0021671999999999998,0.419622,0.35827990128,0.63132287568
1431,14.31,786,15.72,-0.23928365999999998,0.015226181600000001,-0.0,0.0,-0.018538799999999998,0.41686428,0.3379284047999999,0.6238272633599999,-0.23989783580000004,0.0072097228,-0.0,0.0,-0.0022007999999999997,0.41965643999999996,0.36177357551999995,0.6253084084799999
1432,14.32,787,15.74,-0.23928365999999998,0.0152136964,-0.0,0.0,-0.01866984,0.417144,0.34149196703999996,0.61834420704,-0.23988391000000003,0.007210203,-0.0,0.0,-0.00226296,0.41972028,0.3647124432,0.62010727296
1433,14.33,787,15.74,-0.2392769372,0.015698698400000002,-0.0,0.0,-0.0179046,0.41744471999999994,0.345531816,0.6137137708799999,-0.23985413760000002,0.0076908832,-0.0,0.0,-0.0023436,0.41980344,0.3679448976,0.6140754312000001
1434,14.34,788,15.76,-0.2392769372,0.015698698400000002,-0.0,0.0,-0.01795164,0.41761272,0.34906475856,0.6081089548799999,-0.23985317720000002,0.0072111634,-0.0,0.0,-0.00239904,0.41987148,0.37111303151999997,0.6080109
1435,14.35,788,15.76,-0.2392447638,0.0161664132,-0.0,0.0,-0.01713852,0.41780843999999995,0.35294667407999997,0.60349985136,-0.23982148400000003,0.0076918436000000005,-0.0,0.0,-0.00243684,0.4199244,0.37452971808,0.6010954454399999
1436,14.36,789,15.78,-0.2392447638,0.0161664132,-0.0,0.0,-0.017199,0.417963,0.35632645775999994,0.5978564961599999,-0.23980371660000002,0.007692323800000001,-0.0,0.0,-0.0024460799999999998,0.41993868,0.37745792112,0.5949261191999999
1437,14.37,789,15.78,-0.23926829360000001,0.016172175600000005,-0.0,0.0,-0.01634136,0.4181436,0.35995588607999995,0.59295283488,-0.23978787000000001,0.008172523800000001,-0.0,0.0,-0.00243684,0.4199244,0.3806397,0.5878840632
1438,14.38,790,15.8,-0.23925772920000002,0.016657657800000003,-0.0,0.0,-0.016357319999999998,0.41828472,0.36305808336,0.58716803376,-0.239771063,0.0086527238,-0.0,0.0,-0.00157836,0.419895,0.38451761376,0.5806386432
1439,14.39,790,15.8,-0.23927933820000002,0.0166528558,-0.0,0.0,-0.015508079999999999,0.41838384,0.36724049711999995,0.5804870232,-0.239771063,0.0086618476,-0.0,0.0,-0.00070896,0.41985720000000004,0.387973068,0.5743444492800001
1440,14.4,791,15.82,-0.23927933820000002,0.0166528558,-0.0,0.0,-0.014616839999999999,0.41854428,0.37091942159999997,0.57460022928,-0.239771063,0.0086618476,-0.0,0.0,0.0001638,0.419811,0.3916234728,0.56720019552
1441,14.41,791,15.82,-0.2392999868,0.016659098400000003,-0.0,0.0,-0.013777679999999999,0.418572,0.37443248304,0.56835733248,-0.2397532956,0.0091420476,-0.0,0.0,0.00018816,0.41978496,0.39400297439999993,0.5607219878399999
1442,14.42,792,15.84,-0.239319675,0.016655737,-0.0,0.0,-0.0128982,0.41866104,0.37787208143999995,0.56234057376,-0.239771063,0.0091410872,-0.0,0.0,0.0010668,0.419727,0.39712799279999994,0.55434153936
1443,14.43,792,15.84,-0.239319675,0.016655737,-0.0,0.0,-0.012020399999999999,0.41874672,0.3811962168,0.55628698944,-0.2397691422,0.0096284902,-0.0,0.0,0.0019487999999999999,0.41966064,0.4001551377599999,0.5477903827199999
1444,14.44,793,15.86,-0.2393528088,0.0161760172,-0.0,0.0,-0.011150999999999998,0.4187694,0.38418733584,0.5508664896,-0.23979987500000002,0.009625609,-0.0,0.0,0.0028156799999999997,0.41958588,0.40280657088,0.54204822336
1445,14.45,793,15.86,-0.2393528088,0.0161760172,-0.0,0.0,-0.009472679999999999,0.41880972,0.3881488463999999,0.5445901776,-0.2398267662,0.009622727800000001,-0.0,0.0,0.0028291199999999996,0.41954808,0.40475013936,0.53550554736
1446,14.46,794,15.88,-0.239365294,0.0156794904,-0.0,0.0,-0.0085974,0.418887,0.39118516752,0.53847883152,-0.2398498158,0.009619846599999999,-0.0,0.0,0.0036825599999999997,0.41950271999999994,0.4074115584,0.5289452716799999
1447,14.47,794,15.88,-0.2393446454,0.015672287400000002,-0.0,0.0,-0.007728839999999999,0.41890296,0.39432269519999996,0.53130470736,-0.239857499,0.0100957248,-0.0,0.0,0.004536,0.419454,0.4101574780799999,0.5215433227199999
1448,14.48,795,15.9,-0.2393230364,0.015665084400000005,-0.0,0.0,-0.00689472,0.41885759999999994,0.3970208491199999,0.5248414819199999,-0.2398762268,0.010091403000000002,-0.0,0.0,0.00540288,0.4193574,0.412574652,0.514922604
1449,14.49,795,15.9,-0.2393230364,0.015665084400000005,-0.0,0.0,-0.00605556,0.41887019999999997,0.39977424143999996,0.5176748740799999,-0.23988391,0.0100885218,-0.0,0.0,0.00622692,0.41930027999999997,0.41504519951999996,0.50749803216
1450,14.5,796,15.92,-0.239300467,0.0156463566,-0.0,0.0,-0.00521136,0.41894076,0.40239546479999994,0.51042148752,-0.2398882318,0.010084200000000001,-0.0,0.0,0.00622692,0.41920283999999997,0.41655449808,0.50001138768
1451,14.51,796,15.92,-0.2392769372,0.015638673400000004,-0.0,0.0,-0.0035330400000000003,0.41895756,0.40584746159999996,0.50225176512,-0.23986326140000003,0.0105600782,-0.0,0.0,0.007051800000000001,0.419139,0.41908277711999997,0.49086665712
1452,14.52,797,15.94,-0.2392269964,0.015623307000000001,-0.0,0.0,-0.00182952,0.41890799999999995,0.4091196816,0.49396883087999993,-0.2398440534,0.010557677199999999,-0.0,0.0,0.007875,0.41907179999999994,0.42127890336,0.4825326172799999
1453,14.53,797,15.94,-0.2392317984,0.015122458400000004,-0.0,0.0,-0.0001512,0.41891135999999995,0.41206132799999995,0.48657880319999997,-0.23980947900000002,0.010553835599999999,-0.0,0.0,0.00870576,0.41894496,0.42343741104,0.47327134175999996
1454,14.54,798,15.96,-0.239204427,0.015114295000000002,-0.0,0.0,0.00155736,0.41890799999999995,0.41505831359999995,0.47838306431999994,-0.23977346400000002,0.0105509544,-0.0,0.0,0.009554159999999999,0.41886936,0.42540439871999997,0.4639977216
1455,14.55,798,15.96,-0.23923467960000003,0.0146206494,-0.0,0.0,0.0032356800000000003,0.41889792,0.41760590256,0.47173842911999997,-0.2397653006,0.0100688336,-0.0,0.0,0.011241719999999998,0.4187694,0.42784660799999996,0.4564098336
1456,14.56,799,15.98,-0.2392913432,0.0141361276,-0.0,0.0,0.00578844,0.41898779999999997,0.42096769344,0.46434623759999993,-0.23978787000000001,0.0091074732,-0.0,0.0,0.01292004,0.41872236,0.43008715008,0.44966465376000003
1457,14.57,799,15.98,-0.23937345740000002,0.0131728464,-0.0,0.0,0.007498679999999999,0.41907179999999994,0.4233146164799999,0.4577764396799999,-0.23982148400000003,0.0086282336,-0.0,0.0,0.014598360000000001,0.4186686,0.4321620374399999,0.44378118624
1458,14.58,800,16.0,-0.2394752598,0.0117308058,-0.0,0.0,0.010055640000000001,0.4191726,0.4263593376,0.45296616288,-0.23986902380000003,0.007668794000000001,-0.0,0.0,0.01711584,0.41857535999999995,0.4349464056,0.4386773092799999
1459,14.59,800,16.0,-0.2395881068,0.009810005800000002,-0.0,0.0,0.012599999999999998,0.419286,0.429372216,0.4481207976,-0.23991176160000002,0.0067093544,-0.0,0.0,0.01962408,0.41852664,0.43758850799999993,0.435301272
1460,14.6,801,16.02,-0.23970719640000002,0.007901210800000003,-0.0,0.0,0.015136799999999997,0.41939183999999996,0.43228383072,0.44498549423999995,-0.23997082620000001,0.0047832722,-0.0,0.0,0.022160879999999994,0.41846111999999996,0.4402131552,0.43192098432
1461,14.61,801,16.02,-0.2397941126,0.0064841405999999996,-0.0,0.0,0.01850688,0.41937840000000004,0.43592916528,0.44256755088000005,-0.2400073214,0.0033498752000000005,-0.0,0.0,0.024658199999999998,0.41843339999999996,0.44277405984,0.42856511039999995
1462,14.62,802,16.04,-0.23989639520000003,0.004603197200000001,-0.0,0.0,0.02102772,0.41937336000000003,0.4386407592,0.44098460784000004,-0.24003421260000002,0.0019102356,-0.0,0.0,0.02799468,0.41832924,0.44612643599999996,0.4259593968
1463,14.63,802,16.04,-0.23995353900000002,0.0031923696000000002,-0.0,0.0,0.02438352,0.41925239999999997,0.4421538475199999,0.43926399215999995,-0.24004141560000003,0.00047491780000000005,-0.0,0.0,0.0313656,0.4181436,0.44955424752,0.42323706432
1464,14.64,803,16.06,-0.240011163,0.0017897054000000003,-0.0,0.0,0.026873280000000003,0.41912639999999995,0.44478332639999996,0.43666070111999994,-0.2400500592,-0.0009604,-0.0,0.0,0.033895680000000004,0.41799744,0.45212448623999996,0.4205575584
1465,14.65,803,16.06,-0.2400500592,0.00086436,-0.0,0.0,0.030215639999999995,0.41891052,0.44820349392,0.43478660064,-0.2400442968,-0.0019159980000000004,-0.0,0.0,0.03724056,0.4177614,0.45550701503999996,0.4177948656
1466,14.66,804,16.08,-0.24007599000000002,-0.0005440666,-0.0,0.0,0.03272052,0.41872152,0.45079622112000006,0.43210274016,-0.2400490988,-0.0023966782,-0.0,0.0,0.03890292,0.4176102,0.45718861775999997,0.41428037279999996
1467,14.67,804,16.08,-0.24009375740000002,-0.0009877714,-0.0,0.0,0.034388760000000004,0.4185846,0.4525037832,0.43030341648,-0.240059183,-0.0028744772,-0.0,0.0,0.041454,0.4173246,0.45972547488,0.41147815968
1468,14.68,805,16.1,-0.24009567820000002,-0.0014406,-0.0,0.0,0.03605363999999999,0.41843928,0.45421216847999996,0.42849067296000004,-0.24007502960000002,-0.0028773584,-0.0,0.0,0.043168439999999995,0.41710872,0.46140393935999996,0.40874566656
1469,14.69,805,16.1,-0.24009375740000002,-0.0009344692,-0.0,0.0,0.03689951999999999,0.4183704,0.45509486063999993,0.42676022591999996,-0.24008223260000003,-0.0028802396,-0.0,0.0,0.04402103999999999,0.41697264,0.46221972720000004,0.40692961344
1470,14.7,806,16.12,-0.2400860742,-0.0009195830000000001,-0.0,0.0,0.03773699999999999,0.41829563999999997,0.4559356872,0.42585217247999996,-0.2400875148,-0.0024019604000000004,-0.0,0.0,0.044859359999999994,0.41688443999999997,0.463012032,0.40516478687999996
1471,14.71,806,16.12,-0.24007599000000002,-0.00042305620000000006,-0.0,0.0,0.03858792,0.41822172,0.45680083007999994,0.4249483056,-0.240087995,-0.0019222406000000004,-0.0,0.0,0.046536,0.416703,0.46466440944,0.40414670688
1472,14.72,807,16.14,-0.24007599000000002,0.0005339823999999999,-0.0,0.0,0.039426239999999994,0.4181436,0.45764835311999996,0.4232010888,-0.240087995,-0.0014425208000000001,-0.0,0.0,0.04734912,0.41660975999999994,0.46544741040000004,0.4032109703999999
1473,14.73,807,16.14,-0.2400673464,0.0010218656,-0.0,0.0,0.0402654,0.41806380000000004,0.45851093903999995,0.42228715872000006,-0.24007839100000003,-0.0014406,-0.0,0.0,0.04813703999999999,0.41661228,0.4662018647999999,0.4023726672
1474,14.74,808,16.16,-0.24005678200000002,0.0015097488,-0.0,0.0,0.0411054,0.41798232,0.45937687488,0.42052737888,-0.2400745494,-0.0009570386,-0.0,0.0,0.04890648,0.4166064,0.46693449264,0.4015217808
1475,14.75,808,16.16,-0.24005678200000002,0.0015097488,-0.0,0.0,0.0411054,0.41798232,0.45939444432000004,0.41884907904,-0.24007599000000002,-0.0004768386,-0.0,0.0,0.048844320000000004,0.41669039999999996,0.46684137695999994,0.40076495759999997
1476,14.76,809,16.18,-0.2400534206,0.001985627,-0.0,0.0,0.041958,0.4179,0.46024704432,0.41709347904,-0.24007599000000002,-0.00047347720000000005,-0.0,0.0,0.04962719999999999,0.41666939999999997,0.46758242495999996,0.39989142143999995
1477,14.77,809,16.18,-0.240061584,0.0019745824,-0.0,0.0,0.041958,0.4179,0.46024955423999997,0.415410996,-0.24008223260000003,-0.0004744376,-0.0,0.0,0.049584359999999994,0.41670551999999994,0.46752870863999996,0.39991415519999995
1478,14.78,810,16.2,-0.2400649454,0.0014943824000000002,-0.0,0.0,0.041958,0.4179,0.4602512275199999,0.41456682624,-0.2400923168,3.8416e-06,-0.0,0.0,0.05037899999999999,0.41667276,0.46831079903999995,0.39985964255999995
1479,14.79,810,16.2,-0.240059183,0.0010209052,-0.0,0.0,0.04194792,0.41789916,0.46023947424,0.41372599968,-0.24009567820000002,4.3218e-06,-0.0,0.0,0.05034456,0.41670384,0.4683089879999999,0.40072066944
1480,14.8,811,16.22,-0.2400500592,0.001027628,-0.0,0.0,0.0419412,0.41789664,0.46023693744,0.41371845984,-0.24009759900000002,-0.00047731880000000007,-0.0,0.0,0.051151800000000004,0.41663160000000005,0.46911622799999997,0.40064173632000005
1481,14.81,811,16.22,-0.24004141560000003,0.000559433,-0.0,0.0,0.04277699999999999,0.4178076,0.46108277712,0.41446271328,-0.2400961584,-0.0009575188,-0.0,0.0,0.050299199999999995,0.41673324,0.46828036079999996,0.40156830336
1482,14.82,812,16.24,-0.2400308512,8.06736e-05,-0.0,0.0,0.04277195999999999,0.41779415999999997,0.46108443024,0.41528423999999997,-0.24009759900000002,-0.0009589594,-0.0,0.0,0.05027064,0.41673324,0.46825180079999995,0.40156077360000003
1483,14.83,812,16.24,-0.2400289304,-0.0008797264000000001,-0.0,0.0,0.042770279999999994,0.41776139999999995,0.4610819136,0.41525064335999995,-0.2400980792,-0.0009604,-0.0,0.0,0.051094679999999996,0.41663160000000005,0.46908922704,0.40228322400000005
1484,14.84,813,16.26,-0.240011163,-0.0018334036000000001,-0.0,0.0,0.043619519999999995,0.41764464,0.4619328268799999,0.41597136,-0.24009759900000002,-0.0009623208000000001,-0.0,0.0,0.0510804,0.41663160000000005,0.4690573776,0.40227067440000003
1485,14.85,813,16.26,-0.23999819760000002,-0.0018266808,-0.0,0.0,0.04363631999999999,0.41758668000000004,0.46194962687999996,0.41591340000000004,-0.24009759900000002,-0.0009623208000000001,-0.0,0.0,0.05106612,0.41663160000000005,0.46902385488,0.40224808512000004
1486,14.86,814,16.28,-0.23997995000000003,-0.002300158,-0.0,0.0,0.04445783999999999,0.4174254,0.46276696368,0.41491715328,-0.2400961584,-0.0009642416000000001,-0.0,0.0,0.05105184,0.41663160000000005,0.46893678720000004,0.40138467264000005
1487,14.87,814,16.28,-0.23996506380000002,-0.0022857520000000003,-0.0,0.0,0.04447884,0.41733719999999996,0.46278796368,0.41482895327999997,-0.24009375740000002,-0.0009661623999999999,-0.0,0.0,0.05105184,0.41663160000000005,0.4688865888,0.40135790016000006
1488,14.88,815,16.3,-0.23995353900000002,-0.001798349,-0.0,0.0,0.04533984,0.41718012,0.46364561712,0.41383523328,-0.24009183660000002,-0.0004878832,-0.0,0.0,0.05105184,0.41663160000000005,0.46885897968,0.40134451392000003
1489,14.89,815,16.3,-0.23995353900000002,-0.0017901856000000001,-0.0,0.0,0.04534656,0.4171062,0.46364564399999997,0.412923,-0.240087995,-1.2005000000000001e-05,-0.0,0.0,0.05105184,0.41663160000000005,0.4687987416,0.40050954720000004
1490,14.9,816,16.32,-0.23997274700000001,-0.001325352,-0.0,0.0,0.04618824,0.41697515999999996,0.464487324,0.41279195999999996,-0.240087995,-1.2005000000000001e-05,-0.0,0.0,0.05105184,0.41663160000000005,0.46876778591999996,0.40049699760000007
1491,14.91,816,16.32,-0.2399900342,-0.0008523550000000001,-0.0,0.0,0.04618824,0.41697515999999996,0.46447728432,0.41195364671999996,-0.240087995,-1.2005000000000001e-05,-0.0,0.0,0.05189016,0.41652828,0.46960610591999996,0.40040957375999997
1492,14.92,817,16.34,-0.24001692540000003,-0.000866761,-0.0,0.0,0.04700388,0.41692139999999994,0.46528204799999995,0.41106324671999994,-0.240087995,-1.2005000000000001e-05,-0.0,0.0,0.052728479999999994,0.41642328,0.4704444259199999,0.40032046992000003
1493,14.93,817,16.34,-0.24003037100000002,-0.000393764,-0.0,0.0,0.0469812,0.41699531999999995,0.46525936799999995,0.41113716671999995,-0.24009183660000002,-0.000489804,-0.0,0.0,0.052728479999999994,0.41642328,0.4704444259199999,0.40032046992000003
1494,14.94,818,16.36,-0.24004141560000003,-0.000400967,-0.0,0.0,0.04781616,0.4169676,0.46609432799999995,0.41110861008,-0.24009519800000004,-0.0004888436000000001,-0.0,0.0,0.052728479999999994,0.41642328,0.4704444259199999,0.40033636608
1495,14.95,818,16.36,-0.24004141560000003,-0.000400967,-0.0,0.0,0.04779935999999999,0.41699868,0.46607752799999996,0.41113885344,-0.2400961584,-0.0009661623999999999,-0.0,0.0,0.052728479999999994,0.41642328,0.4704753816,0.40036146528
1496,14.96,819,16.38,-0.2400514998,-0.00040817,-0.0,0.0,0.04779852,0.41702808,0.46607668799999996,0.41116825344,-0.24009519800000004,-0.0014434812,-0.0,0.0,0.052728479999999994,0.41642328,0.4704753816,0.40036146528
1497,14.97,819,16.38,-0.2400500592,-0.0008883700000000001,-0.0,0.0,0.04695936,0.41715072,0.46523752799999996,0.41129089343999997,-0.24009567820000002,-0.0014406,-0.0,0.0,0.05274275999999999,0.41642328,0.470518944,0.4003848912
1498,14.98,820,16.4,-0.2400500592,-0.0008931720000000001,-0.0,0.0,0.04695852,0.41717676,0.46523668799999995,0.4113160968,-0.24009519800000004,-0.0014377188000000002,-0.0,0.0,0.05274696,0.416451,0.47055075312,0.40043436384000003
1499,14.99,820,16.4,-0.24003997500000002,-0.0008864492,-0.0,0.0,0.04695684,0.4172238,0.46523584463999995,0.41136732,-0.24009135640000004,-0.0014319564000000002,-0.0,0.0,0.051922079999999995,0.416556,0.46971917999999996,0.3997228032
1500,15.0,821,16.42,-0.24003997500000002,-0.0008864492,-0.0,0.0,0.046956,0.41724479999999997,0.46522245504,0.41055168,-0.240087995,-0.0014290752,-0.0,0.0,0.051922079999999995,0.416556,0.46976603184,0.39975794208
1501,15.01,821,16.42,-0.2400500592,-0.0008979740000000001,-0.0,0.0,0.0461076,0.41735736,0.46437405503999996,0.41066424,-0.24008367320000001,-0.001426194,-0.0,0.0,0.05193804,0.41658204,0.4697686056,0.39896240159999996
1502,15.02,822,16.44,-0.240059183,-0.0009042166000000001,-0.0,0.0,0.04526928,0.41746656000000004,0.4635348984,0.41077678656000005,-0.24008367320000001,-0.001426194,-0.0,0.0,0.051112319999999996,0.41668536,0.4689796977599999,0.3990824544
1503,15.03,822,16.44,-0.240059183,-0.0009042166000000001,-0.0,0.0,0.044468759999999996,0.41758668,0.4627343784,0.41089690656,-0.24007839100000003,-0.0014233128,-0.0,0.0,0.050287439999999996,0.41681136,0.4681974864,0.39922435056
1504,15.04,823,16.46,-0.240068787,-0.0004302592,-0.0,0.0,0.04362455999999999,0.41768748,0.46187595552,0.41016022992,-0.24007839100000003,-0.0014233128,-0.0,0.0,0.050299199999999995,0.41681136,0.4682293257599999,0.3992335536
1505,15.05,823,16.46,-0.24007599000000002,-0.0004365018,-0.0,0.0,0.04194792,0.41786976,0.4601968056,0.41034501984,-0.24007502960000002,-0.0019006315999999998,-0.0,0.0,0.04946088,0.41693399999999997,0.46740439199999995,0.39936205008
1506,15.06,824,16.48,-0.24007599000000002,-0.0004365018,-0.0,0.0,0.04110876,0.41795292,0.4593576456,0.41042817984,-0.24007502960000002,-0.0019006315999999998,-0.0,0.0,0.04863348,0.41703228000000003,0.46661798736,0.40029864336000004
1507,15.07,824,16.48,-0.24007599000000002,-0.0004365018,-0.0,0.0,0.0402696,0.41803440000000003,0.45853270848,0.41134462656000004,-0.2400644652,-0.0023774702,-0.0,0.0,0.047806079999999994,0.41712888,0.46579058735999995,0.40039691664
1508,15.08,825,16.5,-0.24007599000000002,-0.0004365018,-0.0,0.0,0.03943548,0.4181142,0.45769858848,0.41142442656,-0.240059183,-0.0028576702,-0.0,0.0,0.047806079999999994,0.41712888,0.46581652319999994,0.40123272
1509,15.09,825,16.5,-0.24007599000000002,-0.0004365018,-0.0,0.0,0.03859548,0.4181814,0.4568610984,0.41148995328,-0.240059183,-0.0028576702,-0.0,0.0,0.046978679999999995,0.4172238,0.46498326671999995,0.40132764
1510,15.1,826,16.52,-0.2400764702,4.36982e-05,-0.0,0.0,0.037762199999999996,0.41824523999999996,0.4560403679999999,0.41239043327999997,-0.2400529404,-0.0033378702,-0.0,0.0,0.04615128,0.41731704000000003,0.46417929264,0.4022533368
1511,15.11,826,16.52,-0.2400764702,4.36982e-05,-0.0,0.0,0.03776976,0.41823096,0.45605964095999996,0.41321112,-0.2400529404,-0.0033378702,-0.0,0.0,0.0453096,0.4174296,0.46333761264,0.4023658968
1512,15.12,827,16.54,-0.240068787,0.0005301408,-0.0,0.0,0.03776976,0.41823096,0.45605964095999996,0.41321112,-0.240059183,-0.0028576702,-0.0,0.0,0.0453096,0.4174296,0.463357692,0.40319668032
1513,15.13,827,16.54,-0.240068787,0.0005262992,-0.0,0.0,0.036930599999999994,0.41830572,0.45522048095999995,0.41328588,-0.24006542560000002,-0.0028610315999999998,-0.0,0.0,0.04452168,0.4175388,0.462569772,0.40330588032
1514,15.14,828,16.56,-0.240068787,0.0005262992,-0.0,0.0,0.036930599999999994,0.41830572,0.45522968399999997,0.41412252,-0.24006542560000002,-0.0028610315999999998,-0.0,0.0,0.04452168,0.4175388,0.462569772,0.40330588032
1515,15.15,828,16.56,-0.240068787,0.0005262992,-0.0,0.0,0.03692304,0.41830572,0.45522128736,0.41412168336,-0.24006542560000002,-0.0028610315999999998,-0.0,0.0,0.04367831999999999,0.41764464,0.461726412,0.40341172032
1516,15.16,829,16.58,-0.24007599000000002,0.0005205368000000001,-0.0,0.0,0.03692304,0.41831999999999997,0.45522128736,0.41413596335999997,-0.24006542560000002,-0.0028610315999999998,-0.0,0.0,0.04367831999999999,0.41764464,0.461726412,0.40341172032
1517,15.17,829,16.58,-0.24007599000000002,0.0005205368000000001,-0.0,0.0,0.03607799999999999,0.41840568,0.45437624736,0.41422164336,-0.240059183,-0.0028576702,-0.0,0.0,0.04367412,0.4176606,0.46171133567999995,0.40342600704
1518,15.18,830,16.6,-0.2400764702,4.03368e-05,-0.0,0.0,0.036078839999999994,0.4184166,0.45437708736,0.41423256336000003,-0.24005198000000003,-0.0028543088,-0.0,0.0,0.04367412,0.4176606,0.46171133567999995,0.40342600704
1519,15.19,830,16.6,-0.2400764702,3.6975400000000005e-05,-0.0,0.0,0.03607547999999999,0.41842584,0.45437372736,0.41424180336,-0.24004381660000002,-0.0028509474000000005,-0.0,0.0,0.04368671999999999,0.41764464,0.46171138608,0.40340837376
1520,15.2,831,16.62,-0.2400764702,3.6975400000000005e-05,-0.0,0.0,0.036076319999999995,0.41843928,0.45437456736,0.41425524336,-0.24004381660000002,-0.0028509474000000005,-0.0,0.0,0.04368671999999999,0.41764464,0.46171138608,0.40340837376
1521,15.21,831,16.62,-0.24008223260000003,0.0005118932000000001,-0.0,0.0,0.03607716,0.41844348,0.45437540736,0.41425944336,-0.24003469280000003,-0.0028475860000000005,-0.0,0.0,0.04368671999999999,0.41764464,0.46171138608,0.40340837376
1522,15.22,832,16.64,-0.24008223260000003,0.0005118932000000001,-0.0,0.0,0.03608387999999999,0.41844684,0.45438212736,0.41426280336,-0.24003469280000003,-0.0028475860000000005,-0.0,0.0,0.044530919999999995,0.4175388,0.46254136319999994,0.40330086047999997
1523,15.23,832,16.64,-0.2400875148,0.000506611,-0.0,0.0,0.03609228,0.41844348,0.45438132432,0.41342280336,-0.24003997500000002,-0.0023673860000000004,-0.0,0.0,0.044530919999999995,0.4175388,0.46254136319999994,0.40330086047999997
1524,15.24,833,16.66,-0.240090396,0.0009815288000000002,-0.0,0.0,0.036943199999999995,0.41836031999999995,0.45523224432000003,0.41333964335999995,-0.2400490988,-0.0023707474000000004,-0.0,0.0,0.044530919999999995,0.4175388,0.46254136319999994,0.40329333072
1525,15.25,833,16.66,-0.24009519800000004,0.0004960466000000001,-0.0,0.0,0.036958319999999996,0.41834352,0.45524736432,0.41332284336,-0.2400490988,-0.0023707474000000004,-0.0,0.0,0.04532472,0.41744892,0.46333516319999996,0.40320345072
1526,15.26,834,16.68,-0.24009759900000002,0.000489804,-0.0,0.0,0.036964199999999996,0.4183326,0.45525324432000003,0.41331192336,-0.2400490988,-0.0023707474000000004,-0.0,0.0,0.04531968,0.41746656000000004,0.4633301232,0.40322109072000006
1527,15.27,834,16.68,-0.2400961584,0.0009700040000000001,-0.0,0.0,0.036970079999999995,0.41831999999999997,0.45524908463999997,0.41246352,-0.2400490988,-0.0023707474000000004,-0.0,0.0,0.04531968,0.41746656000000004,0.4633301232,0.40322109072000006
1528,15.28,835,16.7,-0.24009759900000002,0.0009652020000000001,-0.0,0.0,0.036970079999999995,0.41831999999999997,0.45524908463999997,0.41246352,-0.2400572622,-0.0023741088000000005,-0.0,0.0,0.04615296,0.41739096,0.4641634032,0.40314549072
1529,15.29,835,16.7,-0.24009903960000004,0.00048500200000000006,-0.0,0.0,0.03698352,0.41830572,0.45526252463999994,0.41244924,-0.2400572622,-0.0023741088000000005,-0.0,0.0,0.04615296,0.41739096,0.4641341208,0.40230132096
1530,15.3,836,16.72,-0.24009759900000002,0.0009647218,-0.0,0.0,0.03698352,0.41830572,0.45526168799999994,0.41245007664,-0.2400572622,-0.0023741088000000005,-0.0,0.0,0.04615296,0.41739096,0.46410316512,0.40146468096
1531,15.31,836,16.72,-0.24009951980000002,0.0004802,-0.0,0.0,0.037820999999999994,0.418215,0.45609665807999994,0.41236019328,-0.2400572622,-0.0023741088000000005,-0.0,0.0,0.04615296,0.41739096,0.46410316512,0.40146468096
1532,15.32,837,16.74,-0.24009903960000004,0.00047635840000000005,-0.0,0.0,0.036987719999999995,0.41827212,0.45525919488,0.41241814992000003,-0.2400572622,-0.0023741088000000005,-0.0,0.0,0.04699884,0.41729772,0.46491641615999996,0.40053480096
1533,15.33,837,16.74,-0.24009951980000002,-3.3614e-06,-0.0,0.0,0.036993599999999995,0.41825280000000004,0.45526507488,0.41239882992000004,-0.2400644652,-0.0023774702,-0.0,0.0,0.04699884,0.41729772,0.46491641615999996,0.40053480096
1534,15.34,838,16.76,-0.24009951980000002,-2.8812e-06,-0.0,0.0,0.036999479999999994,0.4182318,0.4552650983999999,0.41237866656,-0.24006542560000002,-0.0028610315999999998,-0.0,0.0,0.04699884,0.41729772,0.46491641615999996,0.40053480096
1535,15.35,838,16.76,-0.24009951980000002,-2.4010000000000004e-06,-0.0,0.0,0.03784451999999999,0.41813436,0.4561101383999999,0.41228122656,-0.24006542560000002,-0.0028610315999999998,-0.0,0.0,0.04699884,0.41729772,0.46491641615999996,0.4005272712
1536,15.36,839,16.78,-0.24009903960000004,-0.00048212080000000005,-0.0,0.0,0.037011239999999994,0.41818476,0.45526430879999996,0.41149498656,-0.2400707078,-0.002864393,-0.0,0.0,0.04699884,0.41729772,0.46491641615999996,0.4005272712
1537,15.37,839,16.78,-0.24009903960000004,-0.0004816406,-0.0,0.0,0.037017119999999994,0.41815872,0.45527604528,0.4114656,-0.2400644652,-0.003344593,-0.0,0.0,0.04616052,0.41739096,0.46407809615999995,0.4006205112
1538,15.38,840,16.8,-0.2400961584,-0.0009632812,-0.0,0.0,0.037017119999999994,0.41815872,0.45528022848,0.4114656,-0.24007502960000002,-0.0028677544,-0.0,0.0,0.04615464,0.41740523999999996,0.46405631999999997,0.40063060799999994
1539,15.39,840,16.8,-0.24009375740000002,-0.0014425208000000001,-0.0,0.0,0.036177959999999995,0.4182318,0.45444106848,0.41153868,-0.24007839100000003,-0.0028711158,-0.0,0.0,0.04615464,0.41740523999999996,0.46405631999999997,0.40063897439999996
1540,15.4,841,16.82,-0.24009519800000004,-0.0014415604,-0.0,0.0,0.036177959999999995,0.4182318,0.4544435784,0.41153784336,-0.2400745494,-0.0033556376,-0.0,0.0,0.04616136,0.41740523999999996,0.46404547055999995,0.40063562783999995
1541,15.41,841,16.82,-0.24009183660000002,-0.0019217604000000001,-0.0,0.0,0.035332920000000004,0.41832924,0.4535985384,0.41163528336,-0.2400745494,-0.0033556376,-0.0,0.0,0.04532304,0.4174968,0.46320715055999995,0.40072718784
1542,15.42,842,16.84,-0.24009183660000002,-0.0019217604000000001,-0.0,0.0,0.035332920000000004,0.41832924,0.45358431552,0.41079864336,-0.24007599000000002,-0.0033585188000000003,-0.0,0.0,0.04531632,0.4174968,0.46320043056,0.40072718784
1543,15.43,842,16.84,-0.2400923168,-0.0019208,-0.0,0.0,0.035327040000000004,0.4183536,0.45357843552,0.41082216672,-0.24007599000000002,-0.0033585188000000003,-0.0,0.0,0.04536168,0.4174968,0.46324579056,0.40072718784
1544,15.44,843,16.86,-0.24009183660000002,-0.0019198396,-0.0,0.0,0.035321160000000004,0.41837628,0.45357255552000003,0.41084484672,-0.24007599000000002,-0.0033585188000000003,-0.0,0.0,0.04452252,0.41758668,0.46243925952,0.40165370784
1545,15.45,843,16.86,-0.24009183660000002,-0.0019198396,-0.0,0.0,0.03616451999999999,0.41832588000000004,0.45441591552,0.41079361008000004,-0.2400764702,-0.0033614,-0.0,0.0,0.044516639999999996,0.41759927999999996,0.46243337951999997,0.40166630783999996
1546,15.46,844,16.88,-0.240090396,-0.0019188792000000004,-0.0,0.0,0.03615779999999999,0.41834520000000003,0.45440668559999997,0.41081042016,-0.2400764702,-0.0033614,-0.0,0.0,0.04367159999999999,0.41768748,0.46161929519999995,0.40260035088
1547,15.47,844,16.88,-0.240090396,-0.0019188792000000004,-0.0,0.0,0.036151079999999995,0.41836284,0.45439996559999996,0.41082638688,-0.24008271280000001,-0.0028812,-0.0,0.0,0.04367159999999999,0.41768748,0.46161929519999995,0.40260035088
1548,15.48,845,16.9,-0.240087995,-0.0019179188,-0.0,0.0,0.036151079999999995,0.41836284,0.45437988624,0.40998640032,-0.24008223260000003,-0.0028783188,-0.0,0.0,0.04450488,0.41759927999999996,0.46245257519999994,0.40251215088
1549,15.49,845,16.9,-0.24008463359999999,-0.0019169584,-0.0,0.0,0.03615191999999999,0.4183788,0.45438072624,0.41000236032,-0.24008223260000003,-0.0028783188,-0.0,0.0,0.04450488,0.41759927999999996,0.46247014464,0.4025146608
1550,15.5,846,16.92,-0.2400803118,-0.0023971584,-0.0,0.0,0.03614435999999999,0.41839308,0.45436730975999995,0.41001329375999995,-0.24008223260000003,-0.0028783188,-0.0,0.0,0.04450068,0.4176102,0.46243498896,0.4016889408
1551,15.51,846,16.92,-0.24007599000000002,-0.0023961980000000004,-0.0,0.0,0.0361368,0.41840568,0.45435974975999993,0.41002589376,-0.24008223260000003,-0.0028783188,-0.0,0.0,0.04450068,0.4176102,0.46243498896,0.4016889408
1552,15.52,847,16.94,-0.24007599000000002,-0.0023961980000000004,-0.0,0.0,0.03612923999999999,0.4184166,0.45435218975999997,0.41003681376,-0.24008223260000003,-0.0028783188,-0.0,0.0,0.04449564,0.4176102,0.46242994896,0.4016889408
1553,15.53,847,16.94,-0.24006542560000002,-0.0028725564,-0.0,0.0,0.036121679999999996,0.41842584,0.4543371,0.4100427072,-0.24008223260000003,-0.0028783188,-0.0,0.0,0.0453348,0.41752032,0.46325237616,0.40076493072
1554,15.54,848,16.96,-0.24006542560000002,-0.0028725564,-0.0,0.0,0.036121679999999996,0.41842584,0.45431953055999996,0.40920606719999997,-0.24008271280000001,-0.0028812,-0.0,0.0,0.04533984,0.41752032,0.46325741616,0.40076493072
1555,15.55,848,16.96,-0.24006542560000002,-0.0028725564,-0.0,0.0,0.03611411999999999,0.41843339999999996,0.45431197055999994,0.4092136272,-0.24008271280000001,-0.0028812,-0.0,0.0,0.0453348,0.41752032,0.46321807392,0.39992829072
1556,15.56,849,16.98,-0.24006542560000002,-0.0028725564,-0.0,0.0,0.03611411999999999,0.41843339999999996,0.45431197055999994,0.4092136272,-0.24008271280000001,-0.0028812,-0.0,0.0,0.04533984,0.41752032,0.46322311392,0.39992829072
1557,15.57,849,16.98,-0.24006542560000002,-0.0028725564,-0.0,0.0,0.03695328,0.41836031999999995,0.45514192752,0.40913720064,-0.24008271280000001,-0.0028812,-0.0,0.0,0.045290279999999995,0.41752956,0.46317355392,0.39993753072000005
1558,15.58,850,17.0,-0.24006542560000002,-0.0028725564,-0.0,0.0,0.03695328,0.41836031999999995,0.45514192752,0.40913720064,-0.24008271280000001,-0.0028812,-0.0,0.0,0.045335639999999996,0.41752956,0.46320301775999995,0.39993502080000004
1559,15.59,850,17.0,-0.2400707078,-0.002873997,-0.0,0.0,0.03695663999999999,0.41836031999999995,0.45514528752,0.40913720064,-0.24008271280000001,-0.0028812,-0.0,0.0,0.045335639999999996,0.41752956,0.46320301775999995,0.3999266544
1560,15.6,851,17.02,-0.2400707078,-0.002873997,-0.0,0.0,0.03695663999999999,0.41836031999999995,0.45513524784,0.40830809039999993,-0.24008271280000001,-0.0028812,-0.0,0.0,0.04528608,0.41753712,0.46313588831999997,0.39993086784
1561,15.61,851,17.02,-0.24007502960000002,-0.0028754376000000004,-0.0,0.0,0.0378,0.418278,0.45597860784,0.40822577039999997,-0.24008223260000003,-0.0028840812,-0.0,0.0,0.046124399999999996,0.41744556,0.46397420831999997,0.39983930784
1562,15.62,852,17.04,-0.2400803118,-0.0023952376000000004,-0.0,0.0,0.0378,0.418278,0.45597860784,0.40822577039999997,-0.2400875148,-0.0024038812,-0.0,0.0,0.04533144,0.41753712,0.46318124831999996,0.39993086784
1563,15.63,852,17.04,-0.2400803118,-0.0023952376000000004,-0.0,0.0,0.03780755999999999,0.41826876,0.45596525184000003,0.4073798904,-0.2400875148,-0.0024038812,-0.0,0.0,0.04528608,0.41753712,0.46313588831999997,0.39993086784
1564,15.64,853,17.06,-0.2400803118,-0.0023952376000000004,-0.0,0.0,0.03780755999999999,0.41826876,0.4559727816,0.40738240032,-0.2400875148,-0.0024038812,-0.0,0.0,0.045281880000000004,0.417543,0.46313168831999996,0.39993674784
1565,15.65,853,17.06,-0.24008367320000001,-0.0023966782,-0.0,0.0,0.03780755999999999,0.41826876,0.4559727816,0.40738240032,-0.2400860742,-0.0024067624,-0.0,0.0,0.0461202,0.41745144,0.46397000831999996,0.39984518784
1566,15.66,854,17.08,-0.24008367320000001,-0.0023966782,-0.0,0.0,0.037815119999999994,0.41825784,0.45598034159999995,0.40737482688,-0.2400860742,-0.0024067624,-0.0,0.0,0.0461202,0.41745144,0.46398757775999994,0.3998485344
1567,15.67,854,17.08,-0.2400860742,-0.0023981188,-0.0,0.0,0.037809239999999994,0.41825784,0.4559744616,0.40737482688,-0.2400860742,-0.0024067624,-0.0,0.0,0.046116000000000004,0.41745563999999996,0.4639833777599999,0.39985273439999997
1568,15.68,855,17.1,-0.2400860742,-0.0023981188,-0.0,0.0,0.037809239999999994,0.41825784,0.45598031807999995,0.40737650016,-0.24008367320000001,-0.0024096436,-0.0,0.0,0.046116000000000004,0.41745563999999996,0.4639833777599999,0.39985273439999997
1569,15.69,855,17.1,-0.2400860742,-0.0023981188,-0.0,0.0,0.037815959999999996,0.41824523999999996,0.4559644488,0.40652726015999996,-0.24008367320000001,-0.0024096436,-0.0,0.0,0.046116000000000004,0.41745563999999996,0.4639833777599999,0.39985273439999997
1570,15.7,856,17.12,-0.2400860742,-0.0023981188,-0.0,0.0,0.0369768,0.41831999999999997,0.45512528879999997,0.40660202015999997,-0.2400803118,-0.0024125248,-0.0,0.0,0.046116000000000004,0.41745563999999996,0.46396580831999995,0.39984938783999996
1571,15.71,856,17.12,-0.24008079200000002,-0.0028783188,-0.0,0.0,0.036970079999999995,0.41831999999999997,0.4551185688,0.40660202015999997,-0.2400803118,-0.0024125248,-0.0,0.0,0.046111799999999994,0.41745816,0.46396160831999994,0.39985190784
1572,15.72,857,17.14,-0.24008079200000002,-0.0028783188,-0.0,0.0,0.03698352,0.41830572,0.4551320088,0.40658774016,-0.24007502960000002,-0.0028927248,-0.0,0.0,0.046112639999999996,0.41745816,0.46397750783999997,0.40067516160000005
1573,15.73,857,17.14,-0.2400875148,-0.0023995594,-0.0,0.0,0.03698352,0.41830572,0.455136192,0.40658941344,-0.24007502960000002,-0.0028927248,-0.0,0.0,0.04531968,0.41754972,0.46318454783999996,0.40076672160000004
1574,15.74,858,17.16,-0.24008223260000003,-0.0028797594,-0.0,0.0,0.03698352,0.41830572,0.455136192,0.40658941344,-0.24007502960000002,-0.0028927248,-0.0,0.0,0.04531884,0.41754972,0.46318370783999996,0.40076672160000004
1575,15.75,858,17.16,-0.2400875148,-0.0023995594,-0.0,0.0,0.03614435999999999,0.4183788,0.454297032,0.40666249344,-0.24007502960000002,-0.0028927248,-0.0,0.0,0.04531884,0.41754972,0.46316279184,0.40076253840000003
1576,15.76,859,17.18,-0.24008271280000001,-0.0028812,-0.0,0.0,0.036151079999999995,0.41836284,0.454303752,0.40664653344,-0.24007502960000002,-0.0028927248,-0.0,0.0,0.04531884,0.41754972,0.46316279184,0.40076253840000003
1577,15.77,859,17.18,-0.24008271280000001,-0.0028812,-0.0,0.0,0.036151079999999995,0.41836284,0.45432634128,0.40748317344,-0.24007502960000002,-0.0028927248,-0.0,0.0,0.04531884,0.41754972,0.46316279184,0.40076253840000003
1578,15.78,860,17.2,-0.240087995,-0.002401,-0.0,0.0,0.036151079999999995,0.41836284,0.45432634128,0.40748317344,-0.24007502960000002,-0.0028927248,-0.0,0.0,0.045314639999999996,0.41755056,0.46315859184,0.40076337840000004
1579,15.79,860,17.2,-0.24008271280000001,-0.0028812,-0.0,0.0,0.036151079999999995,0.41836284,0.45432215808,0.40748150016,-0.2400803118,-0.0024125248,-0.0,0.0,0.045314639999999996,0.41755056,0.46315859184,0.40076337840000004
1580,15.8,861,17.22,-0.24008271280000001,-0.0028812,-0.0,0.0,0.03615779999999999,0.41834520000000003,0.45432887808,0.40746386016,-0.2400803118,-0.0024125248,-0.0,0.0,0.045314639999999996,0.41755056,0.46317950784,0.40076756160000004
1581,15.81,861,17.22,-0.240087995,-0.002401,-0.0,0.0,0.03615779999999999,0.41834520000000003,0.45432302159999993,0.40746218688,-0.2400803118,-0.0024125248,-0.0,0.0,0.04526928,0.41755056,0.46313414784,0.40076756160000004
1582,15.82,862,17.24,-0.24008223260000003,-0.0028826406000000003,-0.0,0.0,0.036996959999999995,0.41827212,0.4551621816,0.40738910688,-0.2400803118,-0.0024125248,-0.0,0.0,0.046112639999999996,0.41745816,0.46397750783999997,0.40067516160000005
1583,15.83,862,17.24,-0.24008223260000003,-0.0028826406000000003,-0.0,0.0,0.036996959999999995,0.41827212,0.4551621816,0.40738910688,-0.2400803118,-0.0024125248,-0.0,0.0,0.046112639999999996,0.41745816,0.46394320559999996,0.39984856128
1584,15.84,863,17.26,-0.24008079200000002,-0.0028840812,-0.0,0.0,0.037006199999999996,0.41827212,0.45517142159999996,0.40738910688,-0.2400803118,-0.0024125248,-0.0,0.0,0.046112639999999996,0.41745816,0.46394320559999996,0.39984856128
1585,15.85,863,17.26,-0.24008223260000003,-0.0028826406000000003,-0.0,0.0,0.037006199999999996,0.41827212,0.45514883232,0.40655246688,-0.2400803118,-0.0024106040000000002,-0.0,0.0,0.04695012,0.41736492,0.46478068559999997,0.39975532127999996
1586,15.86,864,17.28,-0.24008223260000003,-0.0028826406000000003,-0.0,0.0,0.037845359999999995,0.41819736,0.45598799232,0.40647436032,-0.24007599000000002,-0.002413005,-0.0,0.0,0.04695012,0.41736492,0.46478068559999997,0.39975532127999996
1587,15.87,864,17.28,-0.24008223260000003,-0.0028826406000000003,-0.0,0.0,0.037854599999999995,0.41819736,0.45599723232,0.40647436032,-0.24007599000000002,-0.002413005,-0.0,0.0,0.04695012,0.41736492,0.46478068559999997,0.39975532127999996
1588,15.88,865,17.3,-0.2400875148,-0.0024024406000000002,-0.0,0.0,0.037854599999999995,0.41819736,0.4560030888,0.40647687024,-0.24007599000000002,-0.002413005,-0.0,0.0,0.046949279999999996,0.41736492,0.46477984559999996,0.39975532127999996
1589,15.89,865,17.3,-0.2400875148,-0.0024024406000000002,-0.0,0.0,0.037854599999999995,0.41819736,0.45597882624,0.40564023024,-0.2400707078,-0.002415406,-0.0,0.0,0.046949279999999996,0.41736492,0.46477984559999996,0.39975532127999996
1590,15.9,866,17.32,-0.2400875148,-0.0024024406000000002,-0.0,0.0,0.037854599999999995,0.41819736,0.45597882624,0.40564023024,-0.2400707078,-0.002415406,-0.0,0.0,0.046945919999999995,0.41736576,0.46474051008,0.39891952127999997
1591,15.91,866,17.32,-0.24009183660000002,-0.0019222406000000004,-0.0,0.0,0.037862999999999994,0.41817804000000003,0.45598722624,0.40562091024,-0.24007502960000002,-0.0019352059999999999,-0.0,0.0,0.046945919999999995,0.41736576,0.46474051008,0.39891952127999997
1592,15.92,867,17.34,-0.24009183660000002,-0.0019222406000000004,-0.0,0.0,0.037862999999999994,0.41817804000000003,0.45598722624,0.40562091024,-0.24007502960000002,-0.0019352059999999999,-0.0,0.0,0.046945919999999995,0.41736576,0.46474051008,0.39892956096
1593,15.93,867,17.34,-0.240090396,-0.0019236812,-0.0,0.0,0.037862999999999994,0.41817804000000003,0.45598722624,0.40562091024,-0.24007839100000003,-0.001455006,-0.0,0.0,0.046945919999999995,0.41736576,0.46474051008,0.39892956096
1594,15.94,868,17.36,-0.240090396,-0.0019236812,-0.0,0.0,0.037862999999999994,0.41817804000000003,0.45598722624,0.40562091024,-0.24007839100000003,-0.001455006,-0.0,0.0,0.046945919999999995,0.41736576,0.46474051008,0.39892956096
1595,15.95,868,17.36,-0.240090396,-0.0019236812,-0.0,0.0,0.037023839999999995,0.41825280000000004,0.45514220975999997,0.40568981376,-0.24007839100000003,-0.001455006,-0.0,0.0,0.04778171999999999,0.41727000000000003,0.46557631008,0.39883380096000004
1596,15.96,869,17.38,-0.24009183660000002,-0.0019222406000000004,-0.0,0.0,0.037023839999999995,0.41825280000000004,0.45514220975999997,0.40568981376,-0.24007839100000003,-0.001455006,-0.0,0.0,0.046943399999999996,0.41736492,0.46473799008000005,0.39892872096
1597,15.97,869,17.38,-0.240090396,-0.0019236812,-0.0,0.0,0.037023839999999995,0.41825280000000004,0.45515894255999995,0.4065231072,-0.24008079200000002,-0.000974806,-0.0,0.0,0.046943399999999996,0.41736492,0.46473799008000005,0.39892872096
1598,15.98,870,17.4,-0.24009183660000002,-0.0019217604000000001,-0.0,0.0,0.03703392,0.41825280000000004,0.45516902255999997,0.4065231072,-0.24007839100000003,-0.001455006,-0.0,0.0,0.04610508,0.41745816,0.46389967008000005,0.39902196096000003
1599,15.99,870,17.4,-0.24009183660000002,-0.0019217604000000001,-0.0,0.0,0.03703392,0.41825280000000004,0.45516902255999997,0.4065231072,-0.24007839100000003,-0.001455006,-0.0,0.0,0.0461076,0.41745899999999997,0.46390219008,0.39902280096
1600,16.0,871,17.42,-0.24009183660000002,-0.0019217604000000001,-0.0,0.0,0.03619475999999999,0.41832588000000004,0.45432986255999996,0.4065961872,-0.24007839100000003,-0.001455006,-0.0,0.0,0.045314639999999996,0.41755056,0.46310923008000004,0.39910432128
1601,16.01,871,17.42,-0.240090396,-0.0019227208,-0.0,0.0,0.03619475999999999,0.41832588000000004,0.4543056,0.4057595472,-0.24007839100000003,-0.001455006,-0.0,0.0,0.045314639999999996,0.41755056,0.4631452056,0.39994096128
1602,16.02,872,17.44,-0.240090396,-0.0019227208,-0.0,0.0,0.0353556,0.41839728000000004,0.45346643999999997,0.4058309472,-0.24008079200000002,-0.000974806,-0.0,0.0,0.04447548,0.41764044,0.4623060456,0.40003084128
1603,16.03,872,17.44,-0.240090396,-0.0019227208,-0.0,0.0,0.0353556,0.41839728000000004,0.45349070255999996,0.4066675872,-0.2400745494,-0.000977207,-0.0,0.0,0.04363296,0.41772780000000004,0.46144260959999994,0.40011485472
1604,16.04,873,17.46,-0.240090396,-0.0019227208,-0.0,0.0,0.0353556,0.41839728000000004,0.45348149952,0.40666424064000006,-0.2400745494,-0.000977207,-0.0,0.0,0.04363296,0.41772780000000004,0.46147691184,0.40095149472
1605,16.05,873,17.46,-0.24009375740000002,-0.0014425208000000001,-0.0,0.0,0.03536484,0.41837628,0.45349073952,0.40664324064,-0.2400745494,-0.000977207,-0.0,0.0,0.04279379999999999,0.41781432,0.46063775184,0.40103801472
1606,16.06,874,17.48,-0.24009135640000004,-0.0014434812,-0.0,0.0,0.034525679999999996,0.41844600000000004,0.45265157952,0.40671798048,-0.2400745494,-0.000977207,-0.0,0.0,0.04279379999999999,0.41781432,0.4606703808,0.40187465472
1607,16.07,874,17.48,-0.240090396,-0.0019227208,-0.0,0.0,0.034525679999999996,0.41844600000000004,0.4526741688,0.40755462048,-0.24008079200000002,-0.000974806,-0.0,0.0,0.04195464,0.41789916,0.4598312208,0.40197037104
1608,16.08,875,17.5,-0.240087995,-0.0019236812,-0.0,0.0,0.034525679999999996,0.41844600000000004,0.4526741688,0.40755462048,-0.24008079200000002,-0.000974806,-0.0,0.0,0.04195464,0.41789916,0.45986217648,0.40280701104
1609,16.09,875,17.5,-0.240090396,-0.0019227208,-0.0,0.0,0.03368652,0.41851404000000003,0.4518350088,0.40762266048,-0.24008079200000002,-0.000974806,-0.0,0.0,0.04195464,0.41789916,0.45986217648,0.40280701104
1610,16.1,876,17.52,-0.240090396,-0.0019227208,-0.0,0.0,0.03368652,0.41851404000000003,0.4518350088,0.40762266048,-0.24008223260000003,-0.0004946060000000001,-0.0,0.0,0.04111632,0.41798232,0.45907405487999997,0.40372932096
1611,16.11,876,17.52,-0.240090396,-0.0019227208,-0.0,0.0,0.033695760000000005,0.41849136000000003,0.45185428848,0.40843411056,-0.24007599000000002,-0.000497007,-0.0,0.0,0.04111632,0.41798232,0.45907405487999997,0.40372932096
1612,16.12,877,17.54,-0.240090396,-0.0019227208,-0.0,0.0,0.033684,0.41849136000000003,0.4518324888,0.40760500032,-0.24007599000000002,-0.000497007,-0.0,0.0,0.04027716,0.41806380000000004,0.45826250399999996,0.40464744096000005
1613,16.13,877,17.54,-0.240090396,-0.0019227208,-0.0,0.0,0.03284484,0.41855772,0.4509933288,0.40767136032,-0.24007599000000002,-0.000497007,-0.0,0.0,0.04027716,0.41806380000000004,0.45826250399999996,0.40464744096000005
1614,16.14,878,17.56,-0.2400860742,-0.0024029208,-0.0,0.0,0.03284484,0.41855772,0.4509933288,0.40767136032,-0.2400745494,-0.000977207,-0.0,0.0,0.040278,0.41806380000000004,0.45826334399999996,0.40464744096000005
1615,16.15,878,17.56,-0.240090396,-0.0019227208,-0.0,0.0,0.03283308,0.41855772,0.45099077184,0.4076772168,-0.240068787,-0.0004994080000000001,-0.0,0.0,0.040276320000000004,0.41806128,0.45830684256,0.40548407088
1616,16.16,879,17.58,-0.240090396,-0.0019227208,-0.0,0.0,0.03283308,0.41855772,0.45099077184,0.4076772168,-0.240068787,-0.0004994080000000001,-0.0,0.0,0.040278,0.41806128,0.45830852256,0.40548407088
1617,16.17,879,17.58,-0.240087995,-0.0019236812,-0.0,0.0,0.03282132,0.41855772,0.45097901184,0.4076772168,-0.240068787,-0.0004994080000000001,-0.0,0.0,0.040278,0.41806128,0.45830852256,0.40548407088
1618,16.18,880,17.6,-0.240087995,-0.0019236812,-0.0,0.0,0.03282132,0.41855772,0.45098654159999996,0.4076814,-0.240068787,-0.0005032496000000001,-0.0,0.0,0.040278,0.41806128,0.45835035456,0.4063232208
1619,16.19,880,17.6,-0.240087995,-0.0019236812,-0.0,0.0,0.03282804,0.41853336,0.4509932616,0.40765704,-0.24007599000000002,-0.0005003684,-0.0,0.0,0.04027968,0.41806128,0.45836793072,0.40632573072
1620,16.2,881,17.62,-0.24009135640000004,-0.0014449218000000001,-0.0,0.0,0.03282804,0.41853336,0.4509932616,0.40765704,-0.24007599000000002,-0.0005003684,-0.0,0.0,0.04027968,0.41806128,0.45834366816,0.40548909072
1621,16.21,881,17.62,-0.24009135640000004,-0.0014449218000000001,-0.0,0.0,0.03281544,0.41853336,0.45098066159999994,0.40765704,-0.24007599000000002,-0.0005003684,-0.0,0.0,0.04111884,0.4179756,0.45919705103999997,0.40540592064000003
1622,16.22,882,17.64,-0.24009375740000002,-0.0009647218,-0.0,0.0,0.03281544,0.41853336,0.45098066159999994,0.40765704,-0.2400764702,-2.01684e-05,-0.0,0.0,0.04111884,0.4179798,0.45920960063999994,0.40541263056
1623,16.23,882,17.64,-0.24009375740000002,-0.0009647218,-0.0,0.0,0.03281544,0.41853336,0.45098066159999994,0.40765704,-0.240068787,-0.0005032496000000001,-0.0,0.0,0.04111884,0.4179798,0.45920960063999994,0.40541263056
1624,16.24,883,17.66,-0.24009375740000002,-0.0009647218,-0.0,0.0,0.03280284,0.41853336,0.45096806159999997,0.40765704,-0.240068787,-0.0005032496000000001,-0.0,0.0,0.04111884,0.4179798,0.45924473952,0.40625178048
1625,16.25,883,17.66,-0.240090396,-0.0009661623999999999,-0.0,0.0,0.031963679999999994,0.41859804,0.45014981759999995,0.40855836,-0.240068787,-0.0005032496000000001,-0.0,0.0,0.04112052,0.4179798,0.45924641952,0.40625178048
1626,16.26,884,17.68,-0.240090396,-0.0009661623999999999,-0.0,0.0,0.031963679999999994,0.41859804,0.45014981759999995,0.40855836,-0.240068787,-0.0005032496000000001,-0.0,0.0,0.04112052,0.4179798,0.45925562255999997,0.4062542904
1627,16.27,884,17.68,-0.24009375740000002,-0.0009647218,-0.0,0.0,0.031124519999999996,0.41866104,0.44930312784,0.40862136,-0.240068787,-0.0005032496000000001,-0.0,0.0,0.04112052,0.4179798,0.45925562255999997,0.4062542904
1628,16.28,885,17.7,-0.24009135640000004,-0.0014449218000000001,-0.0,0.0,0.031124519999999996,0.41866104,0.44930312784,0.40862136,-0.240068787,-0.0005032496000000001,-0.0,0.0,0.0411222,0.4179798,0.45925730255999997,0.4062542904
1629,16.29,885,17.7,-0.24009135640000004,-0.0014449218000000001,-0.0,0.0,0.031124519999999996,0.41866104,0.44931316752,0.409458,-0.240068787,-0.0005032496000000001,-0.0,0.0,0.0411222,0.4179798,0.45925730255999997,0.4062542904
1630,16.3,886,17.72,-0.24009135640000004,-0.0014449218000000001,-0.0,0.0,0.030297959999999995,0.41872236,0.44848660752,0.40951932,-0.240068787,-0.0005032496000000001,-0.0,0.0,0.0411222,0.4179798,0.45925730255999997,0.4062542904
1631,16.31,886,17.72,-0.24009375740000002,-0.0014434812,-0.0,0.0,0.030297959999999995,0.41872236,0.44848660752,0.40951932,-0.240068787,-0.0005032496000000001,-0.0,0.0,0.04028304,0.41806128,0.45840893952,0.40633326047999996
1632,16.32,887,17.74,-0.24009375740000002,-0.0014434812,-0.0,0.0,0.030297959999999995,0.41872236,0.44848660752,0.40951430016,-0.240068787,-0.0005032496000000001,-0.0,0.0,0.04028304,0.41806128,0.45840893952,0.40633326047999996
1633,16.33,887,17.74,-0.24009375740000002,-0.0014434812,-0.0,0.0,0.030310559999999997,0.41872236,0.44849920752,0.40951430016,-0.240068787,-0.0005032496000000001,-0.0,0.0,0.04028304,0.41806128,0.45842065247999997,0.40716739055999995
1634,16.34,888,17.76,-0.24009375740000002,-0.0014444416,-0.0,0.0,0.029478120000000003,0.41875596000000004,0.44768433696,0.41038454016000003,-0.2400673464,-0.0009834496,-0.0,0.0,0.04028304,0.41806128,0.45844156847999995,0.40799817408
1635,16.35,888,17.76,-0.24009375740000002,-0.0014444416,-0.0,0.0,0.029478120000000003,0.41875596000000004,0.44768433696,0.41038454016000003,-0.2400673464,-0.000979608,-0.0,0.0,0.039442200000000004,0.41814107999999994,0.45758817888,0.40807462751999996
1636,16.36,889,17.78,-0.24009135640000004,-0.0014463624,-0.0,0.0,0.02948484,0.41872824000000003,0.44770695312,0.41119346016,-0.2400673464,-0.000979608,-0.0,0.0,0.039442200000000004,0.41814107999999994,0.45758817888,0.40807462751999996
1637,16.37,889,17.78,-0.24009375740000002,-0.0009661623999999999,-0.0,0.0,0.02864568,0.4187862,0.44686779311999997,0.41125142016,-0.240059183,-0.000982009,-0.0,0.0,0.039442200000000004,0.41814107999999994,0.45757395599999995,0.40807128095999995
1638,16.38,890,17.8,-0.24009375740000002,-0.0009661623999999999,-0.0,0.0,0.02864568,0.4187862,0.446882016,0.41208806016,-0.24005678200000002,-0.0014622090000000001,-0.0,0.0,0.038603040000000005,0.41821919999999996,0.45675403872,0.40898604095999996
1639,16.39,890,17.8,-0.24009375740000002,-0.0009661623999999999,-0.0,0.0,0.02864568,0.4187862,0.44687113968,0.41208722352,-0.24005678200000002,-0.0014622090000000001,-0.0,0.0,0.038603040000000005,0.41821919999999996,0.45675403872,0.40898604095999996
1640,16.4,891,17.82,-0.24009375740000002,-0.0009661623999999999,-0.0,0.0,0.02864568,0.4187862,0.44687113968,0.41208722352,-0.2400534206,-0.001942409,-0.0,0.0,0.037762199999999996,0.41829563999999997,0.45591319872,0.40905495119999996
1641,16.41,891,17.82,-0.24009519800000004,-0.0004859624000000001,-0.0,0.0,0.02864568,0.4187862,0.44687113968,0.41209308,-0.2400534206,-0.001942409,-0.0,0.0,0.037762199999999996,0.41829563999999997,0.45589730255999994,0.40905076799999995
1642,16.42,892,17.84,-0.24009519800000004,-0.0004859624000000001,-0.0,0.0,0.02864568,0.4187862,0.44687113968,0.41209308,-0.2400442968,-0.00194481,-0.0,0.0,0.037762199999999996,0.41829563999999997,0.45589730255999994,0.40905076799999995
1643,16.43,892,17.84,-0.24009519800000004,-0.0004859624000000001,-0.0,0.0,0.02864568,0.4187862,0.44687113968,0.41209308,-0.2400442968,-0.00194481,-0.0,0.0,0.03776051999999999,0.41829563999999997,0.45587805311999996,0.40904658479999995
1644,16.44,893,17.86,-0.24009519800000004,-0.0004859624000000001,-0.0,0.0,0.02864568,0.4187862,0.44687113968,0.41209308,-0.2400490988,-0.002422609,-0.0,0.0,0.037761359999999994,0.41829816000000003,0.45589646255999994,0.4098857448
1645,16.45,893,17.86,-0.24009519800000004,-0.0004859624000000001,-0.0,0.0,0.02864568,0.4187862,0.44687113968,0.41209308,-0.2400490988,-0.002422609,-0.0,0.0,0.037761359999999994,0.41829816000000003,0.45589646255999994,0.4098857448
1646,16.46,894,17.88,-0.24009519800000004,-0.0004859624000000001,-0.0,0.0,0.02865996,0.4187862,0.44688541967999995,0.41209893648,-0.2400490988,-0.002422609,-0.0,0.0,0.037761359999999994,0.41829816000000003,0.45589646255999994,0.4098857448
1647,16.47,894,17.88,-0.24009519800000004,-0.0004859624000000001,-0.0,0.0,0.028667520000000002,0.4187568,0.44689297967999997,0.41206953648,-0.2400490988,-0.002422609,-0.0,0.0,0.037761359999999994,0.41829816000000003,0.45587889311999996,0.4090491048
1648,16.48,895,17.9,-0.24009519800000004,-0.0004859624000000001,-0.0,0.0,0.028667520000000002,0.4187568,0.44689297967999997,0.41207539296,-0.2400572622,-0.002420208,-0.0,0.0,0.037761359999999994,0.41829816000000003,0.45587889311999996,0.40903990176000005
1649,16.49,895,17.9,-0.24009519800000004,-0.0004859624000000001,-0.0,0.0,0.02867508,0.41872571999999997,0.44690053968,0.41204431296,-0.2400572622,-0.002420208,-0.0,0.0,0.037761359999999994,0.41829816000000003,0.45587889311999996,0.40903990176000005
1650,16.5,896,17.92,-0.24009183660000002,-0.000489804,-0.0,0.0,0.027826680000000003,0.41874923999999997,0.446063016,0.41207117951999994,-0.2400572622,-0.002420208,-0.0,0.0,0.03776051999999999,0.41829563999999997,0.4558588104,0.40820074176
1651,16.51,896,17.92,-0.24009183660000002,-0.000489804,-0.0,0.0,0.027826680000000003,0.41874923999999997,0.44607221903999994,0.4120686696,-0.2400572622,-0.002420208,-0.0,0.0,0.03692304,0.4183704,0.45500208768,0.40826044223999997
1652,16.52,897,17.94,-0.2400875148,-0.000492205,-0.0,0.0,0.027815760000000002,0.41871479999999994,0.44606129903999997,0.4120384127999999,-0.2400572622,-0.002420208,-0.0,0.0,0.03692304,0.4183704,0.45500208768,0.40826044223999997
1653,16.53,897,17.94,-0.240087995,-1.2005000000000001e-05,-0.0,0.0,0.027815760000000002,0.41871479999999994,0.4460688288,0.41203506623999997,-0.2400490988,-0.002422609,-0.0,0.0,0.03692304,0.4183704,0.45500208768,0.40826044223999997
1654,16.54,898,17.96,-0.24008271280000001,-1.4406e-05,-0.0,0.0,0.027798120000000003,0.41871479999999994,0.44605118879999994,0.4120384127999999,-0.2400490988,-0.002422609,-0.0,0.0,0.036082199999999995,0.41844348,0.4541804904,0.40916012256
1655,16.55,898,17.96,-0.24008223260000003,0.00046579400000000006,-0.0,0.0,0.027798120000000003,0.41871479999999994,0.44605704527999995,0.41203422959999997,-0.2400490988,-0.002422609,-0.0,0.0,0.03608135999999999,0.41843928,0.4541587344,0.40914922944000004
1656,16.56,899,17.98,-0.24008223260000003,0.00046579400000000006,-0.0,0.0,0.027784680000000003,0.41867867999999997,0.44604360528,0.41200061951999994,-0.240061584,-0.0019400080000000002,-0.0,0.0,0.036078839999999994,0.41843928,0.4541562144,0.40914922944000004
1657,16.57,899,17.98,-0.24008223260000003,0.0004629128,-0.0,0.0,0.027784680000000003,0.41867867999999997,0.44604778848,0.41199559968,-0.240061584,-0.0019400080000000002,-0.0,0.0,0.036078839999999994,0.41843928,0.45413362512,0.40914253632
1658,16.58,900,18.0,-0.2400875148,0.00046339300000000004,-0.0,0.0,0.027780480000000003,0.41871479999999994,0.44604358848,0.41203339295999997,-0.24006878699999998,-0.0019376070000000003,-0.0,0.0,0.036078839999999994,0.41843928,0.45413362512,0.40913082336
1659,16.59,900,18.0,-0.24009183660000002,0.0004667544,-0.0,0.0,0.028602000000000002,0.41865852,0.4468676184,0.41197125648,-0.2400644652,-0.002417807,-0.0,0.0,0.036078839999999994,0.41844348,0.45413362512,0.40913502335999996
1660,16.6,901,18.02,-0.240090396,0.0009450336000000001,-0.0,0.0,0.027784680000000003,0.41867867999999997,0.4460502984,0.41199141648,-0.2400644652,-0.002417807,-0.0,0.0,0.036078839999999994,0.41844348,0.45413362512,0.40913502335999996
1661,16.61,901,18.02,-0.240087995,0.0014271544,-0.0,0.0,0.02692704,0.41873328,0.44519349504,0.41204016,-0.2400707078,-0.002415406,-0.0,0.0,0.036078839999999994,0.41844348,0.45413362512,0.40913502335999996
1662,16.62,902,18.04,-0.24008463359999999,0.0019073544,-0.0,0.0,0.0260946,0.41870892,0.44436105504,0.4120158,-0.24007502960000002,-0.0019352059999999999,-0.0,0.0,0.03607716,0.41844348,0.45410768256,0.4091274936
1663,16.63,902,18.04,-0.24007599000000002,0.002384193,-0.0,0.0,0.02611896,0.41866776,0.44439796464,0.41281128,-0.2400803118,-0.0019304040000000001,-0.0,0.0,0.03608052,0.41844600000000004,0.45411104256,0.40913001360000006
1664,16.64,903,18.06,-0.24006542560000002,0.0028639128000000004,-0.0,0.0,0.025284,0.41867615999999996,0.4435621679999999,0.41281215023999995,-0.2400803118,-0.0019304040000000001,-0.0,0.0,0.03608052,0.41844600000000004,0.45408510672,0.40912248384000005
1665,16.65,903,18.06,-0.240059183,0.0033441128000000005,-0.0,0.0,0.0252882,0.41863163999999997,0.44356636799999993,0.41276763023999996,-0.2400803118,-0.0019304040000000001,-0.0,0.0,0.036079679999999996,0.41844600000000004,0.45408426672,0.4091090976
1666,16.66,904,18.08,-0.24005198000000003,0.0038243128000000006,-0.0,0.0,0.02526888,0.41858544,0.44355541439999996,0.41355054047999995,-0.24008463359999999,-0.0019284832000000002,-0.0,0.0,0.035240520000000004,0.41851740000000004,0.4532174976,0.40917213120000007
1667,16.67,904,18.08,-0.2400572622,0.003827194,-0.0,0.0,0.02527224,0.41853756,0.44355877439999997,0.41350098719999995,-0.24008463359999999,-0.0019284832000000002,-0.0,0.0,0.035236319999999995,0.41851488,0.4532132976,0.4091696112
1668,16.68,905,18.1,-0.24004381660000002,0.0043045128,-0.0,0.0,0.02527224,0.41853756,0.4435545912,0.4134926208,-0.2400803118,-0.0019304040000000001,-0.0,0.0,0.035234640000000005,0.41851488,0.45319990464,0.4099978848
1669,16.69,905,18.1,-0.24004381660000002,0.0043045128,-0.0,0.0,0.0252756,0.41848799999999997,0.44355209471999996,0.41343469439999997,-0.2400803118,-0.0019304040000000001,-0.0,0.0,0.03439548,0.4185846,0.45236074464,0.41005254527999996
1670,16.7,906,18.12,-0.240037574,0.0043016315999999995,-0.0,0.0,0.0252504,0.41848799999999997,0.44351936496,0.41342632799999995,-0.2400803118,-0.0019304040000000001,-0.0,0.0,0.03439548,0.4185846,0.45236074464,0.41005254527999996
1671,16.71,906,18.12,-0.240037574,0.0043016315999999995,-0.0,0.0,0.0252504,0.41848799999999997,0.44351936496,0.41342214479999995,-0.2400803118,-0.0019304040000000001,-0.0,0.0,0.03439548,0.4185846,0.45236074464,0.41005254527999996
1672,16.72,907,18.14,-0.240037574,0.0043016315999999995,-0.0,0.0,0.0252504,0.41848799999999997,0.44349928559999996,0.41257630176,-0.24008463359999999,-0.0019284832000000002,-0.0,0.0,0.03439044,0.4185804,0.45235570464,0.41004834528
1673,16.73,907,18.14,-0.240037574,0.0042982702,-0.0,0.0,0.02522352,0.41853756,0.44347240559999995,0.41262586176,-0.2400803118,-0.0019304040000000001,-0.0,0.0,0.03355128,0.41864844,0.45151654464,0.41011638528
1674,16.74,908,18.16,-0.240030371,0.0042949087999999995,-0.0,0.0,0.02522352,0.41853756,0.44347240559999995,0.41262586176,-0.24008367320000001,-0.001450204,-0.0,0.0,0.03355128,0.41864844,0.45154582704,0.41012558832
1675,16.75,908,18.16,-0.2400212472,0.0047751088,-0.0,0.0,0.026061,0.41853419999999997,0.44430988559999995,0.41262250176,-0.240087995,-0.0014482832000000001,-0.0,0.0,0.03355128,0.41864844,0.45154582704,0.41012558832
1676,16.76,909,18.18,-0.2400212472,0.0047751088,-0.0,0.0,0.026037479999999998,0.41853419999999997,0.44429556863999997,0.41263170479999994,-0.24008463359999999,-0.0019284832000000002,-0.0,0.0,0.03439044,0.4185804,0.45241259616,0.41006675136000004
1677,16.77,909,18.18,-0.240030371,0.0042910672,-0.0,0.0,0.02603664,0.4185804,0.44429472863999997,0.4126779048,-0.24008367320000001,-0.001450204,-0.0,0.0,0.03439044,0.4185804,0.452438532,0.410088504
1678,16.78,910,18.2,-0.2400385344,0.0038108672000000004,-0.0,0.0,0.02603664,0.4185804,0.44429472863999997,0.4126779048,-0.24008367320000001,-0.001450204,-0.0,0.0,0.03439296,0.4185804,0.45246531456000005,0.41009687040000004
1679,16.79,910,18.2,-0.2400457374,0.0033306672000000003,-0.0,0.0,0.0260358,0.41862492,0.4443014183999999,0.4127349744,-0.24008367320000001,-0.001452605,-0.0,0.0,0.03439296,0.4185804,0.45247033439999995,0.4092685968
1680,16.8,911,18.22,-0.240037574,0.0033268256,-0.0,0.0,0.0260358,0.41862492,0.4443181512,0.4135799808,-0.2400860742,-0.000972405,-0.0,0.0,0.03439548,0.4185804,0.45247285439999996,0.4092685968
1681,16.81,911,18.22,-0.240037574,0.0033268256,-0.0,0.0,0.02603496,0.41866776,0.44432149439999996,0.41363118720000003,-0.2400860742,-0.000972405,-0.0,0.0,0.03439548,0.4185804,0.4524937704,0.4092769632
1682,16.82,912,18.24,-0.24004381660000002,0.0028466256,-0.0,0.0,0.0251958,0.418719,0.44348484432,0.4136907936,-0.2400860742,-0.000972405,-0.0,0.0,0.03523128,0.41850479999999995,0.45331032767999996,0.40836472319999995
1683,16.83,912,18.24,-0.24003469280000003,0.002842784,-0.0,0.0,0.02603496,0.41866776,0.44432400432,0.4136395536,-0.2400860742,-0.000972405,-0.0,0.0,0.035234640000000005,0.41850479999999995,0.4533329304,0.40837308959999996
1684,16.84,913,18.26,-0.24004381660000002,0.0028466256,-0.0,0.0,0.02605596,0.41866776,0.44433496463999994,0.41281128,-0.2400860742,-0.000972405,-0.0,0.0,0.035234640000000005,0.41850479999999995,0.4533329304,0.40838229264
1685,16.85,913,18.26,-0.24004381660000002,0.0028509474000000005,-0.0,0.0,0.02605596,0.41866776,0.44433496463999994,0.41281128,-0.2400860742,-0.000972405,-0.0,0.0,0.03523212,0.41849724,0.45332706384,0.4075456224
1686,16.86,914,18.28,-0.24005198000000003,0.0028543088,-0.0,0.0,0.026076959999999996,0.41866776,0.44435596463999993,0.41281128,-0.24008367320000001,-0.001452605,-0.0,0.0,0.03523212,0.41849724,0.45332706384,0.4075456224
1687,16.87,914,18.28,-0.2400572622,0.0023741088000000005,-0.0,0.0,0.025237799999999998,0.418719,0.4435159679999999,0.41286921312,-0.24008367320000001,-0.001452605,-0.0,0.0,0.03523212,0.41849724,0.45332706384,0.4075456224
1688,16.88,915,18.3,-0.2400572622,0.0023741088000000005,-0.0,0.0,0.025258799999999998,0.418719,0.4435244184,0.41203257312,-0.24008367320000001,-0.001452605,-0.0,0.0,0.03439296,0.41856696,0.45248790384000004,0.40761534239999997
1689,16.89,915,18.3,-0.2400572622,0.0023741088000000005,-0.0,0.0,0.025284,0.41867615999999996,0.44354961839999996,0.41198973312,-0.2400803118,-0.0019328050000000001,-0.0,0.0,0.034397159999999996,0.41856696,0.45249210384,0.40761534239999997
1690,16.9,916,18.32,-0.240061584,0.0018939088000000002,-0.0,0.0,0.02444484,0.41872571999999997,0.442723008,0.41287509648,-0.2400803118,-0.0019328050000000001,-0.0,0.0,0.034397159999999996,0.41856696,0.45250799999999997,0.40763040192
1691,16.91,916,18.32,-0.240061584,0.0018939088000000002,-0.0,0.0,0.02444484,0.41872571999999997,0.442723008,0.41287509648,-0.2400803118,-0.0019328050000000001,-0.0,0.0,0.033558,0.418635,0.45166883999999996,0.40769844192
1692,16.92,917,18.34,-0.240061584,0.0018939088000000002,-0.0,0.0,0.02444484,0.41872571999999997,0.44272049807999997,0.41288095296,-0.2400803118,-0.0019328050000000001,-0.0,0.0,0.033558,0.418635,0.45166883999999996,0.40769844192
1693,16.93,917,18.34,-0.2400534206,0.0018905474000000002,-0.0,0.0,0.02444484,0.41872571999999997,0.44272049807999997,0.41288095296,-0.2400803118,-0.0019328050000000001,-0.0,0.0,0.0335622,0.418635,0.45169395599999995,0.40853508192
1694,16.94,918,18.36,-0.2400534206,0.0018905474000000002,-0.0,0.0,0.02444064,0.41876856,0.44271211488,0.41292964944,-0.24007502960000002,-0.0019352059999999999,-0.0,0.0,0.03272304,0.41870135999999997,0.45085479599999995,0.40860144192
1695,16.95,918,18.36,-0.240061584,0.0018939088000000002,-0.0,0.0,0.02444064,0.41876856,0.4427229912,0.41376377952,-0.24007502960000002,-0.0019352059999999999,-0.0,0.0,0.0327222,0.41869212,0.45086817887999997,0.40859889504
1696,16.96,919,18.38,-0.2400572622,0.0023741088000000005,-0.0,0.0,0.02446164,0.41876856,0.44273813471999995,0.41376879936,-0.24007502960000002,-0.0019352059999999999,-0.0,0.0,0.03272724,0.41869212,0.45087321888,0.40860558816
1697,16.97,919,18.38,-0.240061584,0.0018939088000000002,-0.0,0.0,0.0244566,0.41880972,0.44272556496,0.4138149792,-0.24007502960000002,-0.0019352059999999999,-0.0,0.0,0.03272724,0.41869212,0.45089246159999996,0.40944222816
1698,16.98,920,18.4,-0.24006878699999998,0.0018972701999999998,-0.0,0.0,0.0244566,0.41880972,0.44272556496,0.4138149792,-0.24007502960000002,-0.0019352059999999999,-0.0,0.0,0.03272724,0.41869212,0.4509050112,0.40944808464
1699,16.99,920,18.4,-0.24006878699999998,0.0018972701999999998,-0.0,0.0,0.0244566,0.41880972,0.44272556496,0.4138149792,-0.24007502960000002,-0.0019352059999999999,-0.0,0.0,0.03189312,0.4187568,0.4500708912,0.40951276463999997
1700,17.0,921,18.42,-0.24007214840000002,0.0014170702000000002,-0.0,0.0,0.0236376,0.41885759999999994,0.44190656495999997,0.41470451903999994,-0.24007502960000002,-0.0019352059999999999,-0.0,0.0,0.03189312,0.4187568,0.45008176752,0.40952364096
1701,17.01,921,18.42,-0.24006878699999998,0.0018972701999999998,-0.0,0.0,0.023631720000000002,0.41889708,0.44190068496,0.41473897919999997,-0.24007502960000002,-0.0019352059999999999,-0.0,0.0,0.03273732,0.41869212,0.45092596752,0.40945896096
1702,17.02,922,18.44,-0.240061584,0.0018939088000000002,-0.0,0.0,0.023631720000000002,0.41889708,0.44190068496,0.41473897919999997,-0.24007502960000002,-0.0019352059999999999,-0.0,0.0,0.03273732,0.41869212,0.45092596752,0.40945896096
1703,17.03,922,18.44,-0.240061584,0.0018939088000000002,-0.0,0.0,0.0236376,0.41885759999999994,0.44190656495999997,0.41469949919999993,-0.24007502960000002,-0.0019352059999999999,-0.0,0.0,0.03273732,0.41869212,0.45093517056,0.4094639808
1704,17.04,923,18.46,-0.24006878699999998,0.0018972701999999998,-0.0,0.0,0.02365776,0.41885759999999994,0.44192672495999996,0.41469949919999993,-0.24007502960000002,-0.0019352059999999999,-0.0,0.0,0.03274236,0.41869212,0.45094021056,0.4094639808
1705,17.05,923,18.46,-0.24006878699999998,0.0018972701999999998,-0.0,0.0,0.02365776,0.41885759999999994,0.44192672495999996,0.41470451903999994,-0.24007502960000002,-0.0019352059999999999,-0.0,0.0,0.03190319999999999,0.4187568,0.45010105055999994,0.4095286608
1706,17.06,924,18.48,-0.24006878699999998,0.0018972701999999998,-0.0,0.0,0.0236376,0.41885759999999994,0.44192329775999994,0.41553613919999993,-0.24007502960000002,-0.0019352059999999999,-0.0,0.0,0.03274236,0.41869212,0.45094021056,0.409468164
1707,17.07,924,18.48,-0.240061584,0.0018939088000000002,-0.0,0.0,0.0236376,0.41885759999999994,0.44191576799999993,0.41469949919999993,-0.24007502960000002,-0.0019352059999999999,-0.0,0.0,0.03190824,0.4187568,0.45010609055999995,0.409532844
1708,17.08,925,18.5,-0.240061584,0.0018939088000000002,-0.0,0.0,0.0236376,0.41885759999999994,0.44192329775999994,0.4146944793599999,-0.24007502960000002,-0.0019352059999999999,-0.0,0.0,0.0327474,0.41869212,0.45094525055999995,0.409468164
1709,17.09,925,18.5,-0.240061584,0.0018939088000000002,-0.0,0.0,0.0236376,0.41885759999999994,0.44192915423999996,0.4146894595199999,-0.24006878699999998,-0.0019376070000000003,-0.0,0.0,0.0327474,0.41869212,0.45095278031999997,0.40947234720000003
1710,17.1,926,18.52,-0.240061584,0.0018939088000000002,-0.0,0.0,0.0244566,0.41880972,0.44274815423999997,0.41464157951999997,-0.24006878699999998,-0.0019376070000000003,-0.0,0.0,0.0327474,0.41869212,0.45095278031999997,0.40946900064
1711,17.11,926,18.52,-0.2400572622,0.0023741088000000005,-0.0,0.0,0.0244566,0.41880972,0.44275233744,0.41463655968,-0.2400644652,-0.002417807,-0.0,0.0,0.03275244,0.41869212,0.45095782032,0.40946900064
1712,17.12,927,18.54,-0.2400490988,0.0023707474000000004,-0.0,0.0,0.024436439999999997,0.41880972,0.44273217744,0.41463655968,-0.2400644652,-0.002417807,-0.0,0.0,0.032750760000000004,0.4186812,0.45095614032,0.40945808064
1713,17.13,927,18.54,-0.2400490988,0.0023707474000000004,-0.0,0.0,0.0252756,0.41876015999999994,0.4435621344,0.41375035967999996,-0.2400644652,-0.002417807,-0.0,0.0,0.03358992,0.41861484,0.45177605759999995,0.40855508064
1714,17.14,928,18.56,-0.2400490988,0.0023707474000000004,-0.0,0.0,0.0252756,0.41876015999999994,0.4435621344,0.41375035967999996,-0.2400707078,-0.002415406,-0.0,0.0,0.03358992,0.41861484,0.45177605759999995,0.40855508064
1715,17.15,928,18.56,-0.2400490988,0.0023707474000000004,-0.0,0.0,0.0252714,0.41879964,0.44355793439999996,0.41379151296,-0.2400707078,-0.002415406,-0.0,0.0,0.03358992,0.41861484,0.45175514159999997,0.40771844064
1716,17.16,929,18.58,-0.2400490988,0.0023707474000000004,-0.0,0.0,0.026110559999999998,0.41874839999999997,0.44438621807999995,0.41290363296,-0.2400707078,-0.002415406,-0.0,0.0,0.0344232,0.4185468,0.45258842159999996,0.40765040064
1717,17.17,929,18.58,-0.2400490988,0.0023707474000000004,-0.0,0.0,0.026110559999999998,0.41874839999999997,0.44438621807999995,0.41290363296,-0.24007599000000002,-0.002413005,-0.0,0.0,0.0344232,0.4185468,0.45258089184,0.4076411976
1718,17.18,930,18.6,-0.24004381660000002,0.0028509474000000005,-0.0,0.0,0.026110559999999998,0.41874839999999997,0.44438621807999995,0.41290195968,-0.24007599000000002,-0.002413005,-0.0,0.0,0.0344232,0.4185468,0.45258089184,0.4076411976
1719,17.19,930,18.6,-0.24005198000000003,0.0028543088,-0.0,0.0,0.026110559999999998,0.41874839999999997,0.44438621807999995,0.41290195968,-0.2400803118,-0.0024106040000000002,-0.0,0.0,0.03441732,0.4185468,0.45254321952,0.40679870112
1720,17.2,931,18.62,-0.24005198000000003,0.0028543088,-0.0,0.0,0.026114759999999997,0.41870892,0.4443803784,0.41202081984,-0.2400803118,-0.0024106040000000002,-0.0,0.0,0.03441732,0.4185468,0.45254321952,0.40679870112
1721,17.21,931,18.62,-0.24005198000000003,0.0028543088,-0.0,0.0,0.026114759999999997,0.41870892,0.44439292799999996,0.41285745984,-0.24007502960000002,-0.0028908040000000003,-0.0,0.0,0.03441732,0.4185468,0.4525323432,0.40678698816
1722,17.22,932,18.64,-0.24005198000000003,0.0028543088,-0.0,0.0,0.0252756,0.41876015999999994,0.44355376799999996,0.41290869983999995,-0.2400707078,-0.0028932050000000003,-0.0,0.0,0.03441732,0.4185468,0.4525323432,0.40678698816
1723,17.23,932,18.64,-0.2400572622,0.0023741088000000005,-0.0,0.0,0.0252756,0.41876015999999994,0.44355376799999996,0.41290869983999995,-0.2400707078,-0.0028932050000000003,-0.0,0.0,0.03357228,0.41861484,0.45169734288,0.40768497504
1724,17.24,933,18.66,-0.2400572622,0.0023741088000000005,-0.0,0.0,0.024436439999999997,0.41880972,0.44271460799999995,0.41295825984,-0.2400707078,-0.0028932050000000003,-0.0,0.0,0.03357228,0.41861484,0.45169734288,0.40768497504
1725,17.25,933,18.66,-0.2400572622,0.0023741088000000005,-0.0,0.0,0.024436439999999997,0.41880972,0.44272548432000003,0.4137940632,-0.2400644652,-0.003373405,-0.0,0.0,0.03357228,0.41861484,0.45169734288,0.40768497504
1726,17.26,934,18.68,-0.2400572622,0.0023741088000000005,-0.0,0.0,0.024436439999999997,0.41880972,0.44272548432000003,0.4137940632,-0.2400644652,-0.0033710040000000004,-0.0,0.0,0.03273396,0.4186686,0.45085902288,0.40773204192
1727,17.27,934,18.68,-0.2400644652,0.0023774702,-0.0,0.0,0.023597279999999998,0.41885759999999994,0.44188632432,0.41384194319999995,-0.2400644652,-0.0033710040000000004,-0.0,0.0,0.03273396,0.4186686,0.45085902288,0.40773204192
1728,17.28,935,18.7,-0.2400572622,0.0023702672,-0.0,0.0,0.02359308,0.41889708,0.44187961439999995,0.4138856064,-0.240061584,-0.0038492832000000003,-0.0,0.0,0.03273396,0.4186686,0.45087993888,0.40856868192
1729,17.29,935,18.7,-0.2400644652,0.0023741088000000005,-0.0,0.0,0.02359308,0.41889708,0.44188881743999997,0.4147222464,-0.240061584,-0.0038492832000000003,-0.0,0.0,0.03272724,0.4186686,0.45087321888,0.40856868192
1730,17.3,936,18.72,-0.2400644652,0.0023741088000000005,-0.0,0.0,0.0236124,0.41889708,0.44190395423999995,0.41472391968,-0.240061584,-0.0038492832000000003,-0.0,0.0,0.03272724,0.4186686,0.45087321888,0.40857537504
1731,17.31,936,18.72,-0.2400644652,0.0023741088000000005,-0.0,0.0,0.024451559999999997,0.4188492,0.44274311423999996,0.41467603968,-0.240061584,-0.0038492832000000003,-0.0,0.0,0.03272724,0.4186686,0.45089246159999996,0.40941201504
1732,17.32,937,18.74,-0.2400707078,0.0023779504,-0.0,0.0,0.02447088,0.4188492,0.44276243423999995,0.41467603968,-0.240061584,-0.0038492832000000003,-0.0,0.0,0.03272724,0.4186686,0.45089246159999996,0.40941201504
1733,17.33,937,18.74,-0.2400707078,0.0023779504,-0.0,0.0,0.02447088,0.4188492,0.44275657776,0.41467938624,-0.24006878699999998,-0.0033690832,-0.0,0.0,0.03272724,0.4186686,0.45087321888,0.40857537504
1734,17.34,938,18.76,-0.2400707078,0.0023808316,-0.0,0.0,0.02447088,0.4188492,0.44275657776,0.41467938624,-0.24006878699999998,-0.0033690832,-0.0,0.0,0.0335664,0.41860223999999996,0.45171237888,0.40850901504
1735,17.35,938,18.76,-0.2400707078,0.0023808316,-0.0,0.0,0.024496920000000002,0.41880972,0.44278261775999994,0.41463990624,-0.24006878699999998,-0.0033690832,-0.0,0.0,0.033573120000000005,0.41860223999999996,0.45171909888,0.40850901504
1736,17.36,939,18.78,-0.24007502960000002,0.0019006315999999998,-0.0,0.0,0.02533608,0.41876015999999994,0.44361257471999993,0.41375370623999996,-0.24007502960000002,-0.0028888832,-0.0,0.0,0.033573120000000005,0.41860223999999996,0.45169818288,0.40767237504
1737,17.37,939,18.78,-0.2400707078,0.0023808316,-0.0,0.0,0.02533608,0.41876015999999994,0.44361257471999993,0.4137570527999999,-0.24007502960000002,-0.0028888832,-0.0,0.0,0.03441228,0.41853419999999997,0.45253734288,0.40760433504
1738,17.38,940,18.8,-0.2400707078,0.0023808316,-0.0,0.0,0.02533608,0.41876015999999994,0.44361257471999993,0.4137570527999999,-0.24007502960000002,-0.0028888832,-0.0,0.0,0.03441228,0.41853419999999997,0.4525273032,0.40677438815999994
1739,17.39,940,18.8,-0.2400707078,0.0023808316,-0.0,0.0,0.02617524,0.41870892,0.4444408583999999,0.41286917279999996,-0.24007502960000002,-0.0028888832,-0.0,0.0,0.03441228,0.41853419999999997,0.4525273032,0.40677438815999994
1740,17.4,941,18.82,-0.24006542560000002,0.0028610315999999998,-0.0,0.0,0.02617524,0.41870892,0.44444671488,0.4128649896,-0.24007502960000002,-0.0028888832,-0.0,0.0,0.03525144,0.41846447999999997,0.4533664632,0.40670466815999995
1741,17.41,941,18.82,-0.24006542560000002,0.0028581504,-0.0,0.0,0.02617524,0.41870892,0.4444408583999999,0.41286917279999996,-0.24007502960000002,-0.0028888832,-0.0,0.0,0.03525144,0.41846447999999997,0.45334220063999997,0.40586802815999995
1742,17.42,942,18.84,-0.24006542560000002,0.0028581504,-0.0,0.0,0.02617524,0.41870892,0.44442830879999995,0.41203253279999996,-0.2400803118,-0.0024086832000000005,-0.0,0.0,0.03525144,0.41846447999999997,0.45334220063999997,0.40586802815999995
1743,17.43,942,18.84,-0.24006542560000002,0.0028581504,-0.0,0.0,0.02617524,0.41870892,0.44442830879999995,0.41203253279999996,-0.2400803118,-0.0024086832000000005,-0.0,0.0,0.03525144,0.41846447999999997,0.45334220063999997,0.40586802815999995
1744,17.44,943,18.86,-0.24006542560000002,0.0028581504,-0.0,0.0,0.02615508,0.41870892,0.44441400527999997,0.4120283496,-0.24007502960000002,-0.0028888832,-0.0,0.0,0.03525144,0.41846447999999997,0.45334220063999997,0.40586802815999995
1745,17.45,943,18.86,-0.24006542560000002,0.0028581504,-0.0,0.0,0.02531592,0.41876015999999994,0.44357484527999996,0.41207958959999996,-0.2400803118,-0.0024086832000000005,-0.0,0.0,0.03525144,0.41846447999999997,0.4533162648,0.40503138815999995
1746,17.46,944,18.88,-0.2400644652,0.0023741088000000005,-0.0,0.0,0.02531004,0.41879964,0.44356896527999995,0.4121190696,-0.24008367320000001,-0.0024067624,-0.0,0.0,0.03525144,0.41846447999999997,0.45332965104,0.40586133504
1747,17.47,944,18.88,-0.2400644652,0.0023741088000000005,-0.0,0.0,0.02529072,0.41879964,0.44355382847999997,0.4121148864,-0.24007502960000002,-0.0028888832,-0.0,0.0,0.03525144,0.41846447999999997,0.45332965104,0.40586133504
1748,17.48,945,18.9,-0.2400644652,0.0023741088000000005,-0.0,0.0,0.02529072,0.41879964,0.44356637807999993,0.4129515264,-0.24007502960000002,-0.0028888832,-0.0,0.0,0.03441228,0.41853419999999997,0.45249049104,0.40593105504
1749,17.49,945,18.9,-0.2400572622,0.0023702672,-0.0,0.0,0.02529072,0.41879964,0.44356637807999993,0.41294985312,-0.24007502960000002,-0.0028888832,-0.0,0.0,0.03441228,0.41853419999999997,0.45249049104,0.40593105504
1750,17.5,946,18.92,-0.24005198000000003,0.0028504672000000003,-0.0,0.0,0.024451559999999997,0.4188492,0.44272972799999993,0.41299606656,-0.24007502960000002,-0.0028888832,-0.0,0.0,0.033573120000000005,0.41860223999999996,0.4516755936,0.40683573504
1751,17.51,946,18.92,-0.2400572622,0.0023702672,-0.0,0.0,0.024451559999999997,0.4188492,0.44272972799999993,0.41299606656,-0.2400644652,-0.0033710040000000004,-0.0,0.0,0.033573120000000005,0.41860223999999996,0.4516755936,0.40683573504
1752,17.52,947,18.94,-0.2400644652,0.0023741088000000005,-0.0,0.0,0.024451559999999997,0.4188492,0.44272972799999993,0.41299606656,-0.24006878699999998,-0.0033690832,-0.0,0.0,0.033573120000000005,0.41860223999999996,0.4516755936,0.40683573504
1753,17.53,947,18.94,-0.2400644652,0.0023741088000000005,-0.0,0.0,0.0236124,0.41889708,0.44190144432,0.41388058656,-0.24006878699999998,-0.0033690832,-0.0,0.0,0.033573120000000005,0.41860223999999996,0.4516755936,0.40683573504
1754,17.54,948,18.96,-0.2400572622,0.0023702672,-0.0,0.0,0.0236124,0.41889708,0.44190144432,0.41388058656,-0.2400644652,-0.0033710040000000004,-0.0,0.0,0.033573120000000005,0.41860223999999996,0.45168396,0.40765815215999995
1755,17.55,948,18.96,-0.2400644652,0.0023741088000000005,-0.0,0.0,0.0236124,0.41889708,0.44190144432,0.41388058656,-0.24006878699999998,-0.0033690832,-0.0,0.0,0.0335664,0.41860223999999996,0.45167724,0.40765815215999995
1756,17.56,949,18.98,-0.2400644652,0.0023741088000000005,-0.0,0.0,0.0236376,0.41885759999999994,0.44192664432,0.41384110655999995,-0.24006878699999998,-0.0033690832,-0.0,0.0,0.03272724,0.4186686,0.45083808,0.40772451216
1757,17.57,949,18.98,-0.2400644652,0.0023741088000000005,-0.0,0.0,0.02447676,0.41880972,0.44277249743999997,0.41463321312,-0.24006878699999998,-0.0033690832,-0.0,0.0,0.03272724,0.4186686,0.45083808,0.40772451216
1758,17.58,950,19.0,-0.240059183,0.0028543088,-0.0,0.0,0.02447676,0.41880972,0.44277249743999997,0.41463321312,-0.24006878699999998,-0.0033690832,-0.0,0.0,0.03272724,0.4186686,0.45085230288,0.40773204192
1759,17.59,950,19.0,-0.2400707078,0.0023779504,-0.0,0.0,0.02365776,0.41885759999999994,0.44195349744,0.41468109311999996,-0.24006878699999998,-0.0033690832,-0.0,0.0,0.03272724,0.4186686,0.4508422632,0.40690878816
1760,17.6,951,19.02,-0.2400707078,0.0023779504,-0.0,0.0,0.02365776,0.41885759999999994,0.44194931423999995,0.41468443967999996,-0.24006878699999998,-0.0033690832,-0.0,0.0,0.03272724,0.4186686,0.45083808,0.4060855344
1761,17.61,951,19.02,-0.2400644652,0.0023741088000000005,-0.0,0.0,0.0236376,0.41885759999999994,0.44192915423999996,0.41468443967999996,-0.24007214840000002,-0.0033671624,-0.0,0.0,0.03272724,0.41865431999999997,0.45081967391999994,0.40524130752
1762,17.62,952,19.04,-0.2400644652,0.0023741088000000005,-0.0,0.0,0.0236376,0.41885759999999994,0.44193668399999997,0.41552107967999996,-0.24007214840000002,-0.0033671624,-0.0,0.0,0.03272724,0.41865431999999997,0.45079206479999995,0.40440466752
1763,17.63,952,19.04,-0.2400644652,0.0023741088000000005,-0.0,0.0,0.0236376,0.41885759999999994,0.4419408671999999,0.41551773311999995,-0.24007214840000002,-0.0033671624,-0.0,0.0,0.0335664,0.418572,0.45162369504,0.4043114712
1764,17.64,953,19.06,-0.2400644652,0.0023741088000000005,-0.0,0.0,0.0236376,0.41885759999999994,0.4419492336,0.41635186319999995,-0.24007214840000002,-0.0033671624,-0.0,0.0,0.0335664,0.41855436,0.451614492,0.4042812816
1765,17.65,953,19.06,-0.2400644652,0.0023741088000000005,-0.0,0.0,0.023617439999999996,0.41885759999999994,0.44192991024,0.41634767999999994,-0.24007214840000002,-0.0033671624,-0.0,0.0,0.03355716,0.41855436,0.45162198479999993,0.4051095552
1766,17.66,954,19.08,-0.2400707078,0.0023779504,-0.0,0.0,0.0236124,0.41889708,0.4419240336,0.41638297679999997,-0.24007214840000002,-0.0033671624,-0.0,0.0,0.03355632,0.41853504,0.45163453103999995,0.40591181568
1767,17.67,954,19.08,-0.24006542560000002,0.0028581504,-0.0,0.0,0.024451559999999997,0.4188492,0.4427631936,0.41633426015999997,-0.24007214840000002,-0.0033671624,-0.0,0.0,0.03355632,0.41853504,0.45162030816,0.40590261264000005
1768,17.68,955,19.1,-0.2400707078,0.0023779504,-0.0,0.0,0.02444652,0.418887,0.44275815360000004,0.41637206016,-0.24007214840000002,-0.0033671624,-0.0,0.0,0.034385399999999997,0.41846700000000003,0.45245775456000004,0.40666200960000004
1769,17.69,955,19.1,-0.24007599000000002,0.0023793910000000002,-0.0,0.0,0.02358888,0.41893488,0.44189465712,0.41558330016,-0.2400745494,-0.0033652416000000004,-0.0,0.0,0.034385399999999997,0.41846700000000003,0.45245775456000004,0.40666200960000004
1770,17.7,956,19.12,-0.2400707078,0.0023750692,-0.0,0.0,0.02442384,0.41892312,0.44272961712,0.4155807432,-0.2400673464,-0.0038454416,-0.0,0.0,0.03437784,0.41848632,0.45245019456,0.40668132960000003
1771,17.71,956,19.12,-0.2400707078,0.0023750692,-0.0,0.0,0.02442384,0.41892312,0.4427271071999999,0.4155849264,-0.240068787,-0.0038435208000000003,-0.0,0.0,0.03437784,0.41848632,0.45245019456,0.40668969600000004
1772,17.72,957,19.14,-0.24007599000000002,0.0023793910000000002,-0.0,0.0,0.02442384,0.41892312,0.44272292399999996,0.4155891096,-0.240068787,-0.0038435208000000003,-0.0,0.0,0.0335328,0.418572,0.45158089199999996,0.405938736
1773,17.73,957,19.14,-0.24007599000000002,0.0023793910000000002,-0.0,0.0,0.02444148,0.41892312,0.44273303424,0.41642993279999996,-0.240068787,-0.0038435208000000003,-0.0,0.0,0.0335328,0.418572,0.45158089199999996,0.405938736
1774,17.74,958,19.16,-0.24007599000000002,0.0023793910000000002,-0.0,0.0,0.02444148,0.41892312,0.44272383120000003,0.41643327935999996,-0.2400673464,-0.0038454416,-0.0,0.0,0.03268944,0.41865431999999997,0.45069402672000003,0.4051760496
1775,17.75,958,19.16,-0.24007599000000002,0.0023793910000000002,-0.0,0.0,0.02445912,0.41892312,0.44274565439999997,0.41726489952,-0.2400673464,-0.0038454416,-0.0,0.0,0.032697,0.41865431999999997,0.45068234399999996,0.40516768319999996
1776,17.76,959,19.18,-0.24007599000000002,0.0023793910000000002,-0.0,0.0,0.02445912,0.41892312,0.44273477807999995,0.41726740943999996,-0.2400673464,-0.0038454416,-0.0,0.0,0.03269364,0.41863836,0.45068400384,0.40597999679999996
1777,17.77,959,19.18,-0.24008463359999999,0.0019035128000000003,-0.0,0.0,0.02447676,0.41892312,0.44276329439999995,0.41725987968,-0.2400673464,-0.0038454416,-0.0,0.0,0.03269364,0.41863836,0.45066141456000003,0.4059716304
1778,17.78,960,19.2,-0.2400803118,0.0023837128000000003,-0.0,0.0,0.02447676,0.41892312,0.4427591112,0.41642323968,-0.2400745494,-0.0033652416000000004,-0.0,0.0,0.03269028,0.41862072,0.45063211872000003,0.4067738976
1779,17.79,960,19.2,-0.2400803118,0.0023837128000000003,-0.0,0.0,0.02450196,0.418887,0.44279351423999996,0.4163854464,-0.2400745494,-0.0033652416000000004,-0.0,0.0,0.03269028,0.41862072,0.450654708,0.4076105376
1780,17.8,961,19.22,-0.24008367320000001,0.0023880346,-0.0,0.0,0.02450196,0.418887,0.44279351423999996,0.4163854464,-0.24007214840000002,-0.0033671624,-0.0,0.0,0.03268692,0.4186014,0.45062373888,0.40756862832
1781,17.81,961,19.22,-0.24008367320000001,0.0023894752000000003,-0.0,0.0,0.02452884,0.4188492,0.442827924,0.41634597312,-0.2400745494,-0.0033652416000000004,-0.0,0.0,0.03352608,0.41853504,0.45146289888,0.40750226832
1782,17.82,962,19.24,-0.24008367320000001,0.0023894752000000003,-0.0,0.0,0.02369808,0.41885759999999994,0.441997164,0.41551856975999996,-0.2400745494,-0.0033652416000000004,-0.0,0.0,0.03352944,0.41855436,0.45146625888,0.40752158832
1783,17.83,962,19.24,-0.24008367320000001,0.0023894752000000003,-0.0,0.0,0.02369808,0.41885759999999994,0.441997164,0.41551856975999996,-0.2400745494,-0.0033652416000000004,-0.0,0.0,0.0335202,0.41855436,0.451484628,0.40753079136000003
1784,17.84,963,19.26,-0.24007839100000003,0.0028696752000000004,-0.0,0.0,0.02369808,0.41885759999999994,0.441997164,0.41551856975999996,-0.24007599000000002,-0.0033633208,-0.0,0.0,0.0335202,0.41855436,0.45151056384,0.4075399944
1785,17.85,963,19.26,-0.24007839100000003,0.0028696752000000004,-0.0,0.0,0.02370648,0.41881644,0.44200556399999996,0.41547991968000003,-0.24007599000000002,-0.0033633208,-0.0,0.0,0.03268524,0.41863836,0.45065301456,0.40678735439999997
1786,17.86,964,19.28,-0.2400803118,0.0023837128000000003,-0.0,0.0,0.02367792,0.41885759999999994,0.44198286048,0.41635771967999996,-0.24007599000000002,-0.0033633208,-0.0,0.0,0.032676840000000006,0.41863836,0.45066887712,0.4068082704
1787,17.87,964,19.28,-0.24007502960000002,0.0028639128000000004,-0.0,0.0,0.02365776,0.41885759999999994,0.44196270047999997,0.41635771967999996,-0.24007599000000002,-0.0033633208,-0.0,0.0,0.03268188,0.41865431999999997,0.45069650640000003,0.40683259679999995
1788,17.88,965,19.3,-0.24007502960000002,0.0028639128000000004,-0.0,0.0,0.023651039999999998,0.41889708,0.441950124,0.41640389279999995,-0.24007599000000002,-0.0033633208,-0.0,0.0,0.03268944,0.41865431999999997,0.45070406640000005,0.40683259679999995
1789,17.89,965,19.3,-0.24007502960000002,0.0028639128000000004,-0.0,0.0,0.024465,0.418887,0.44276826719999995,0.4172304528,-0.2400745494,-0.0033652416000000004,-0.0,0.0,0.03185448,0.41873328,0.44989002240000003,0.4069199232
1790,17.9,966,19.32,-0.24007502960000002,0.0028639128000000004,-0.0,0.0,0.024465,0.418887,0.44276826719999995,0.4172304528,-0.2400745494,-0.0033652416000000004,-0.0,0.0,0.03185448,0.41873328,0.44989002240000003,0.4069199232
1791,17.91,966,19.32,-0.2400707078,0.0028595910000000003,-0.0,0.0,0.02444148,0.41892312,0.44273721744,0.41727075599999996,-0.24008079200000002,-0.0028850416000000003,-0.0,0.0,0.03185448,0.41873328,0.44991261168,0.4077565632
1792,17.92,967,19.34,-0.24007599000000002,0.0023793910000000002,-0.0,0.0,0.02444148,0.41892312,0.4427280144,0.4172749392,-0.24008079200000002,-0.0028850416000000003,-0.0,0.0,0.0318612,0.41873328,0.44991933168,0.4077565632
1793,17.93,967,19.34,-0.24007599000000002,0.0023793910000000002,-0.0,0.0,0.02445324,0.41895756,0.44273977439999995,0.4173093792,-0.24008079200000002,-0.0028850416000000003,-0.0,0.0,0.03185783999999999,0.418719,0.4499561304,0.4085872896
1794,17.94,968,19.36,-0.24007599000000002,0.0023793910000000002,-0.0,0.0,0.02445324,0.41895756,0.44272889807999993,0.4173135624,-0.2400860742,-0.0024048416,-0.0,0.0,0.031026239999999997,0.418782,0.4491245304,0.4086502896
1795,17.95,968,19.36,-0.24007599000000002,0.0023793910000000002,-0.0,0.0,0.02445324,0.41895756,0.44272889807999993,0.4173135624,-0.240090396,-0.0019246416000000001,-0.0,0.0,0.031865399999999995,0.418719,0.4499636904,0.4085872896
1796,17.96,969,19.38,-0.24007599000000002,0.0023793910000000002,-0.0,0.0,0.0236376,0.418971,0.4419132580799999,0.41732114591999997,-0.24009375740000002,-0.0014444416,-0.0,0.0,0.031862879999999996,0.41870303999999997,0.44997873984,0.40858806239999995
1797,17.97,969,19.38,-0.24007599000000002,0.0023793910000000002,-0.0,0.0,0.02365524,0.418971,0.44191834848,0.41732449248,-0.24009375740000002,-0.0014444416,-0.0,0.0,0.031862879999999996,0.41870303999999997,0.44997873984,0.40858806239999995
1798,17.98,970,19.4,-0.24007599000000002,0.0023793910000000002,-0.0,0.0,0.0236628,0.41893488,0.44192590847999996,0.41728837248,-0.2400961584,-0.0009642416000000001,-0.0,0.0,0.031862879999999996,0.41870303999999997,0.44999463599999995,0.40859559215999997
1799,17.99,970,19.4,-0.2400803118,0.0023837128000000003,-0.0,0.0,0.02368128,0.41893488,0.44194438847999995,0.41728837248,-0.2400961584,-0.0009642416000000001,-0.0,0.0,0.031862879999999996,0.41870303999999997,0.44999463599999995,0.40860312192
1800,18.0,971,19.42,-0.2400803118,0.0023837128000000003,-0.0,0.0,0.023709,0.41889708,0.44197210847999996,0.41725057247999997,-0.24009759900000002,-0.00048404160000000004,-0.0,0.0,0.031871279999999995,0.41870303999999997,0.45001725888,0.40860981504
1801,18.01,971,19.42,-0.2400803118,0.0023837128000000003,-0.0,0.0,0.023709,0.41889708,0.4419846580799999,0.41724136943999995,-0.24009759900000002,-0.00048404160000000004,-0.0,0.0,0.031871279999999995,0.41870303999999997,0.45001725888,0.40860981504
1802,18.02,972,19.44,-0.24008367320000001,0.0023880346,-0.0,0.0,0.023709,0.41889708,0.4419846580799999,0.41724136943999995,-0.24009759900000002,-0.00048404160000000004,-0.0,0.0,0.031871279999999995,0.41870303999999997,0.45001725888,0.40860981504
1803,18.03,972,19.44,-0.240087995,0.0019078346,-0.0,0.0,0.023718239999999998,0.41885759999999994,0.44198971488,0.4163652494399999,-0.2400980792,-3.8416e-06,-0.0,0.0,0.031871279999999995,0.41870303999999997,0.45001725888,0.40860981504
1804,18.04,973,19.46,-0.240087995,0.0019078346,-0.0,0.0,0.023718239999999998,0.41885759999999994,0.44197716528,0.4163677593599999,-0.2400980792,-3.8416e-06,-0.0,0.0,0.031879679999999994,0.41870303999999997,0.4500449016,0.40945314815999995
1805,18.05,973,19.46,-0.2400860742,0.0023923564,-0.0,0.0,0.023709,0.41889708,0.44196792527999995,0.41640723935999996,-0.24009951980000002,-1.9208e-06,-0.0,0.0,0.031879679999999994,0.41870303999999997,0.45003067872,0.40944729168
1806,18.06,974,19.48,-0.2400860742,0.0023923564,-0.0,0.0,0.023709,0.41889708,0.4419537024,0.41640974927999996,-0.24009951980000002,-1.9208e-06,-0.0,0.0,0.031879679999999994,0.41870303999999997,0.45004824816,0.41028393168
1807,18.07,974,19.48,-0.24009183660000002,0.0019159980000000004,-0.0,0.0,0.02284212,0.41898108,0.44108096591999996,0.41565710928,-0.24009903960000004,0.0004782792,-0.0,0.0,0.031879679999999994,0.41870303999999997,0.450032352,0.4102780752
1808,18.08,975,19.5,-0.24009519800000004,0.001435798,-0.0,0.0,0.02368128,0.41893488,0.44192012591999996,0.41561090928,-0.24009951980000002,-1.9208e-06,-0.0,0.0,0.031879679999999994,0.41870303999999997,0.450032352,0.4102780752
1809,18.09,975,19.5,-0.24009903960000004,0.00047539800000000003,-0.0,0.0,0.02365524,0.418971,0.44188655616,0.41481038927999997,-0.24009951980000002,-1.9208e-06,-0.0,0.0,0.031879679999999994,0.41870303999999997,0.45001478255999994,0.41026301567999995
1810,18.1,976,19.52,-0.24009903960000004,-0.00048500200000000006,-0.0,0.0,0.02448684,0.41895756,0.442723176,0.41395779936,-0.24009951980000002,-1.9208e-06,-0.0,0.0,0.031871279999999995,0.41870303999999997,0.45000638256,0.41026301567999995
1811,18.11,976,19.52,-0.24009375740000002,-0.001450204,-0.0,0.0,0.02446332,0.41899032,0.44270132927999994,0.41315726592,-0.24009951980000002,-1.9208e-06,-0.0,0.0,0.031871279999999995,0.41870303999999997,0.45000303599999997,0.41109296256
1812,18.12,977,19.54,-0.2400860742,-0.0024096436,-0.0,0.0,0.02530248,0.41894075999999997,0.443538816,0.41226771935999995,-0.24009951980000002,-1.9208e-06,-0.0,0.0,0.031032119999999996,0.41876604,0.44916387599999996,0.41115596256000003
1813,18.13,977,19.54,-0.2400745494,-0.0033690832,-0.0,0.0,0.02528064,0.41897184,0.44348685696,0.41062551935999997,-0.24009951980000002,-1.9208e-06,-0.0,0.0,0.031030439999999996,0.41874839999999997,0.44916219599999996,0.41113832256
1814,18.14,978,19.56,-0.240059183,-0.0043285228,-0.0,0.0,0.0261198,0.4189206,0.44430844752,0.40973763935999996,-0.24009951980000002,-1.9208e-06,-0.0,0.0,0.03186036,0.4186854,0.44999211599999994,0.41107532256
1815,18.15,978,19.56,-0.24003757400000003,-0.005289403,-0.0,0.0,0.02694384,0.41886767999999996,0.4451132448,0.40885309919999996,-0.2401,0.0,-0.0,0.0,0.03186036,0.4186854,0.45000633887999997,0.41191196256
1816,18.16,979,19.58,-0.23997466780000004,-0.0072116436,-0.0,0.0,0.02776788,0.41881308,0.4459163688,0.4079618592,-0.24009951980000002,0.0004802,-0.0,0.0,0.03186036,0.4186854,0.45000633887999997,0.41191196256
1817,18.17,979,19.58,-0.2399208854,-0.0086503228,-0.0,0.0,0.02777208,0.418782,0.44588710319999997,0.4070983224,-0.2401,0.0,-0.0,0.0,0.03185112,0.4186854,0.44999709888,0.41191196256
1818,18.18,980,19.6,-0.23991464280000002,-0.009126201,-0.0,0.0,0.027756120000000002,0.418782,0.44584688063999994,0.4062616824,-0.2401,0.0,-0.0,0.0,0.03185112,0.4186854,0.44997618288,0.41190526944
1819,18.19,980,19.6,-0.23989591500000002,-0.009601599,-0.0,0.0,0.02859528,0.41872571999999997,0.44666010479999996,0.40536876239999997,-0.2401,0.0,-0.0,0.0,0.03185112,0.4186854,0.44997618288,0.41190526944
1820,18.2,981,19.62,-0.23985029600000002,-0.010558637599999999,-0.0,0.0,0.028598639999999998,0.41869296,0.44667434112000004,0.40533683904,-0.2401,0.0,-0.0,0.0,0.03185112,0.4186854,0.44996196,0.41106862944
1821,18.21,981,19.62,-0.2398061176,-0.0115161564,-0.0,0.0,0.027762840000000004,0.41871479999999994,0.445810932,0.40452203903999995,-0.24009951980000002,-0.0004802,-0.0,0.0,0.03185112,0.4186854,0.44993937072,0.41107364928
1822,18.22,982,19.64,-0.2398061176,-0.0115132752,-0.0,0.0,0.0277662,0.41867867999999997,0.44579421264,0.40364425919999997,-0.24009951980000002,-0.0004802,-0.0,0.0,0.03186036,0.4186854,0.44994861072,0.41107364928
1823,18.23,982,19.64,-0.23978787000000001,-0.011992995000000001,-0.0,0.0,0.027769560000000002,0.41864088,0.4458051024,0.40360143936,-0.24009951980000002,-0.0004802,-0.0,0.0,0.03186036,0.4186854,0.44994861072,0.41107364928
1824,18.24,983,19.66,-0.23978787000000001,-0.011992995000000001,-0.0,0.0,0.027793080000000005,0.41860139999999996,0.44579766672,0.40272531935999994,-0.24009951980000002,-0.0004802,-0.0,0.0,0.03269952,0.41862072,0.45078777072,0.41100896928
1825,18.25,983,19.66,-0.23978787000000001,-0.011992995000000001,-0.0,0.0,0.026953920000000003,0.418656,0.44493173424,0.40193825951999995,-0.24009951980000002,-0.0004802,-0.0,0.0,0.03269952,0.41862072,0.45078777072,0.41099725632
1826,18.26,984,19.68,-0.23978787000000001,-0.011992995000000001,-0.0,0.0,0.02697912,0.41861484,0.44495693424,0.40189709951999997,-0.24009951980000002,-0.0004802,-0.0,0.0,0.03269028,0.41862072,0.45077853072,0.41099725632
1827,18.27,984,19.68,-0.2398113998,-0.011512795000000001,-0.0,0.0,0.02697912,0.41861484,0.44495693424,0.4018945896,-0.2401,0.0,-0.0,0.0,0.03269028,0.41862072,0.45077853072,0.41099725632
1828,18.28,985,19.7,-0.2398113998,-0.011512795000000001,-0.0,0.0,0.02613996,0.41866776,0.44411777424,0.40194750960000003,-0.2401,0.0,-0.0,0.0,0.03269028,0.41862072,0.45078522384,0.41016730944
1829,18.29,985,19.7,-0.239838291,-0.011034996,-0.0,0.0,0.02616096,0.41866776,0.44416554671999997,0.40278498624,-0.24009951980000002,1.9208e-06,-0.0,0.0,0.03269028,0.41862072,0.45078522384,0.41016730944
1830,18.3,986,19.72,-0.2398805486,-0.010074596000000002,-0.0,0.0,0.025321800000000002,0.418719,0.44335734239999997,0.40367286624,-0.2401,0.0,-0.0,0.0,0.03268104,0.41862072,0.45077598384,0.41017818576
1831,18.31,986,19.72,-0.2399002368,-0.0095963168,-0.0,0.0,0.02531592,0.41876015999999994,0.44340835391999994,0.4053873062399999,-0.24009951980000002,-0.0004802,-0.0,0.0,0.03268524,0.41863836,0.45080109984,0.41020168224
1832,18.32,987,19.74,-0.239936732,-0.0086359168,-0.0,0.0,0.02447676,0.41880972,0.44259512976,0.40627350624,-0.2401,0.0,-0.0,0.0,0.03184607999999999,0.41870303999999997,0.44996193984,0.41027640192
1833,18.33,987,19.74,-0.2399693856,-0.0076774376,-0.0,0.0,0.02365776,0.41885759999999994,0.44181545184000004,0.4079980127999999,-0.24009951980000002,-0.0004802,-0.0,0.0,0.03184607999999999,0.41870303999999997,0.44994102384,0.41027138207999997
1834,18.34,988,19.76,-0.24000155900000003,-0.0067184782,-0.0,0.0,0.02365776,0.41885759999999994,0.44181628848,0.40884134591999993,-0.24009903960000004,-0.00048212080000000005,-0.0,0.0,0.03184607999999999,0.41870303999999997,0.44994102384,0.41027138207999997
1835,18.35,988,19.76,-0.24003757400000003,-0.005279318799999999,-0.0,0.0,0.0228186,0.4189038,0.4409838216,0.40972753248,-0.24009903960000004,-0.00048212080000000005,-0.0,0.0,0.031015319999999996,0.41876604,0.44908767456000004,0.41032936224
1836,18.36,989,19.78,-0.2400649454,-0.0038387188,-0.0,0.0,0.0228312,0.41894328,0.44099976815999997,0.41059946927999996,-0.24009759900000002,-0.00048404160000000004,-0.0,0.0,0.031015319999999996,0.41876604,0.44908767456000004,0.4103410752
1837,18.37,989,19.78,-0.24008079200000002,-0.0028802396,-0.0,0.0,0.0228312,0.41894328,0.44101566431999994,0.41143610927999996,-0.24009759900000002,-0.00048404160000000004,-0.0,0.0,0.031015319999999996,0.41876604,0.44908767456000004,0.4103410752
1838,18.38,990,19.8,-0.24009375740000002,-0.0014396396000000001,-0.0,0.0,0.0228312,0.41894328,0.44101399103999994,0.41227525919999997,-0.24009759900000002,-0.00048404160000000004,-0.0,0.0,0.030176159999999997,0.41882736,0.44824851456000003,0.4104023952
1839,18.39,990,19.8,-0.2400980792,0.0,-0.0,0.0,0.0228312,0.41894328,0.44102654063999996,0.41311189919999997,-0.24009759900000002,-0.00048404160000000004,-0.0,0.0,0.030176159999999997,0.41882736,0.44824851456000003,0.41039068223999997
1840,18.4,991,19.82,-0.24009759900000002,0.0009604,-0.0,0.0,0.0228312,0.41894328,0.44103741696,0.41394853919999997,-0.24009903960000004,-0.00048212080000000005,-0.0,0.0,0.030184559999999992,0.41882736,0.44825691456,0.41039068223999997
1841,18.41,991,19.82,-0.24009519800000004,0.0014406,-0.0,0.0,0.02283876,0.4189038,0.44106087312,0.41390654928,-0.2400980792,-3.8416e-06,-0.0,0.0,0.030184559999999992,0.41882736,0.44827950384,0.41039570208
1842,18.42,992,19.84,-0.2400923168,0.0019208,-0.0,0.0,0.02284632,0.41886264,0.44108265599999996,0.41386287936,-0.2400980792,-3.8416e-06,-0.0,0.0,0.030184559999999992,0.41882736,0.44830041983999996,0.41040072192
