frame,time,nose_x,nose_y,nose_confidence,left_shoulder_x,left_shoulder_y,left_shoulder_confidence,right_shoulder_x,right_shoulder_y,right_shoulder_confidence,left_elbow_x,left_elbow_y,left_elbow_confidence,right_elbow_x,right_elbow_y,right_elbow_confidence,left_wrist_x,left_wrist_y,left_wrist_confidence,right_wrist_x,right_wrist_y,right_wrist_confidence,left_hip_x,left_hip_y,left_hip_confidence,right_hip_x,right_hip_y,right_hip_confidence,left_knee_x,left_knee_y,left_knee_confidence,right_knee_x,right_knee_y,right_knee_confidence,left_ankle_x,left_ankle_y,left_ankle_confidence,right_ankle_x,right_ankle_y,right_ankle_confidence
0,0,0.53731114,0.49735615,0.44307446,0.5675765,0.5255763,0.46712673,0.53956246,0.5214282,0.53354913,0.5580277,0.59028614,0.37529504,0.52079195,0.5802999,0.36829883,0.54020923,0.6048714,0.30613106,0.5166264,0.60371476,0.21997125,0.56264114,0.64070785,0.4255713,0.5416531,0.631399,0.44285053,0.50830007,0.69963866,0.3931455,0.49149302,0.69808733,0.232588,0.49989957,0.85265154,0.30081826,0.48753196,0.83696187,0.25683978
1,0,0.54043657,0.4876419,0.8689524,0.57333946,0.5350985,0.7959318,0.5364638,0.5372301,0.8987083,0.5321766,0.5970157,0.60413164,0.5275382,0.59900016,0.83104646,0.53185755,0.5395743,0.5590137,0.52901554,0.53956443,0.5650693,0.5546687,0.6676592,0.90162456,0.53113204,0.66390514,0.87802744,0.4884472,0.71815526,0.83740073,0.47176075,0.7056138,0.7387331,0.49633577,0.8590789,0.82861495,0.4761909,0.84076726,0.8576064
2,0,0.53982097,0.48855937,0.8290703,0.573604,0.5358005,0.8885057,0.5367289,0.54176354,0.86908704,0.5319323,0.5963453,0.59955573,0.52685773,0.6005595,0.8993479,0.5316985,0.54013455,0.64151907,0.5297588,0.53928834,0.4682127,0.55660415,0.66830635,0.91854084,0.5312822,0.6623368,0.8878489,0.4883956,0.71972305,0.7171749,0.47064176,0.7099422,0.83889085,0.4969701,0.8634649,0.8885672,0.47646162,0.84267926,0.8719059
3,0,0.5399209,0.48775092,0.6861629,0.57339185,0.5353087,0.9033159,0.5377214,0.5420707,0.8911568,0.5324171,0.5964078,0.5917311,0.5270867,0.6004017,0.89872336,0.53157485,0.5414037,0.6927187,0.53120124,0.53975284,0.54090124,0.5561447,0.6681269,0.94168645,0.53106666,0.6623255,0.8959057,0.49008554,0.71914226,0.8762987,0.47097683,0.70858544,0.77190953,0.49672934,0.86457586,0.77126426,0.4760562,0.84266925,0.82357216
4,0,0.540027,0.48809746,0.7701817,0.5739381,0.5349313,0.89467865,0.5374071,0.54152286,0.883033,0.53248036,0.5963358,0.59893805,0.5269584,0.6000719,0.89587784,0.5314314,0.54254353,0.67465085,0.5307434,0.54075587,0.532982,0.5565961,0.66688526,0.937045,0.5310314,0.66171503,0.90538913,0.48886457,0.71907467,0.689359,0.47096175,0.7081721,0.81035554,0.49692973,0.86357874,0.8416528,0.4763989,0.8418589,0.8468103
5,0,0.5401072,0.48782292,0.74276114,0.57382166,0.5352659,0.89831865,0.5376815,0.54146063,0.8880021,0.5308781,0.5994802,0.69182044,0.5268729,0.60027635,0.8876662,0.53216517,0.5424958,0.72694737,0.53109884,0.5420403,0.570191,0.5568268,0.667508,0.8918637,0.53059936,0.6620799,0.887177,0.48896274,0.71905094,0.70488477,0.47114557,0.70940393,0.7168598,0.4971303,0.86432576,0.91572607,0.47615567,0.8430071,0.8062143
6,0,0.539805,0.48768875,0.7174193,0.5734665,0.5351271,0.8992006,0.5376207,0.5404545,0.89874184,0.53214705,0.59659326,0.5577053,0.5268403,0.6003306,0.8969921,0.53148615,0.54238707,0.66522324,0.5312819,0.54048204,0.5623033,0.5566948,0.66829294,0.93723345,0.5307278,0.6621979,0.88664484,0.4889248,0.7186364,0.69490093,0.4714301,0.70904326,0.79562044,0.4965748,0.86343294,0.80191237,0.4759909,0.8433945,0.7878505
7,0,0.5399328,0.48776782,0.7353627,0.5737365,0.5354759,0.8980028,0.53719455,0.53960365,0.9064678,0.5323803,0.59644186,0.57324314,0.5266515,0.6005024,0.9077848,0.5322808,0.54123724,0.7234473,0.53080046,0.5406205,0.5520102,0.5569615,0.6672739,0.9279912,0.5311484,0.66157,0.8977589,0.48882002,0.7190868,0.6755768,0.47092816,0.7087877,0.8111713,0.4970541,0.86347514,0.8436782,0.47628498,0.8417087,0.8672795
8,0,0.5398311,0.48727044,0.62910086,0.5733281,0.5351865,0.8970176,0.53749275,0.5411522,0.90647787,0.5308434,0.5998417,0.6658498,0.52724826,0.60069114,0.88745475,0.5308765,0.54157394,0.7034202,0.53103733,0.53992546,0.5613451,0.556328,0.6678569,0.9424001,0.5302006,0.66148907,0.8631571,0.48908207,0.71933955,0.6991113,0.4714023,0.7091259,0.70713127,0.49681872,0.8643108,0.8848688,0.4758004,0.84343714,0.9239047
9,0,0.53964704,0.4879486,0.77001446,0.573798,0.5352751,0.87692314,0.5369265,0.53982556,0.89590204,0.5317908,0.5990405,0.60520065,0.5264777,0.6008514,0.8984732,0.53187364,0.541531,0.7262179,0.5304245,0.53913915,0.414415,0.55730504,0.6668529,0.9313668,0.530261,0.6620973,0.88821834,0.4887765,0.71923965,0.6968452,0.47089812,0.7091788,0.7783469,0.49696007,0.864591,0.9237142,0.47618362,0.8431888,0.80986494
10,0,0.53995806,0.48755154,0.6895562,0.5737234,0.53547025,0.88100773,0.53724307,0.5406759,0.8999135,0.5323164,0.5964975,0.51846695,0.5270578,0.60062504,0.8918348,0.5322338,0.5413831,0.70623296,0.5311583,0.5409249,0.5394095,0.556924,0.6670734,0.9250245,0.53077525,0.66147345,0.88836783,0.48924744,0.7193947,0.7086441,0.47114268,0.7090019,0.7525312,0.4973791,0.86509585,0.89551246,0.4764424,0.843743,0.7829459
11,0,0.5401358,0.48749587,0.6459525,0.57297343,0.53634757,0.8773804,0.53727186,0.5412403,0.8715727,0.5309672,0.59976053,0.62744176,0.5276015,0.6003878,0.86512667,0.5319825,0.5416484,0.66583717,0.5312191,0.54138494,0.52189183,0.5564786,0.6685348,0.92765665,0.5307384,0.66278493,0.8684325,0.49034843,0.72032285,0.8118127,0.47132957,0.7092472,0.67926306,0.49681193,0.8644006,0.87405276,0.4758882,0.844673,0.7151398
12,0,0.5405478,0.48761076,0.7859248,0.573189,0.5381898,0.87006485,0.5372041,0.5417093,0.8147568,0.5326545,0.5959947,0.5608213,0.52736884,0.5992782,0.8549274,0.5325512,0.53918934,0.6288459,0.53104734,0.538781,0.4535938,0.55556285,0.6683431,0.91333884,0.5308257,0.6635819,0.84828454,0.49075702,0.720509,0.83872885,0.47076055,0.7093801,0.7327387,0.49700293,0.86481965,0.7324862,0.4763738,0.84337676,0.8050651
13,0,0.5403539,0.48676458,0.7920531,0.5730035,0.5382763,0.8059825,0.5383724,0.54189414,0.76174504,0.53179204,0.5969035,0.53837067,0.52757233,0.5984115,0.7612471,0.5314608,0.5415295,0.5881379,0.5308857,0.53899527,0.46255317,0.55420786,0.67050344,0.87784845,0.5292703,0.66426957,0.7645266,0.4903458,0.7217294,0.6860079,0.4711604,0.70895207,0.8981043,0.49692863,0.86493105,0.8607936,0.4759453,0.8436565,0.7220638
14,0,0.5397976,0.48780528,0.87507325,0.57387644,0.53671974,0.7277518,0.5365562,0.5404097,0.8653665,0.53077793,0.5979697,0.6590015,0.5280079,0.6006336,0.8359412,0.5312485,0.54055405,0.6008937,0.52968705,0.53717715,0.50292957,0.5561667,0.6684674,0.8725157,0.5308372,0.6624089,0.8827111,0.48828003,0.71691024,0.78929526,0.4704218,0.7089385,0.86764395,0.49700174,0.8629569,0.86762625,0.47622338,0.84055126,0.89451414
15,0,0.54044527,0.4873164,0.7554948,0.5724677,0.539465,0.84523416,0.5371861,0.5419284,0.77789485,0.53154176,0.5970077,0.59442765,0.52766156,0.59846675,0.76689714,0.53220737,0.53929186,0.53614545,0.5313673,0.5387039,0.46748844,0.5548198,0.6697845,0.85831445,0.52926725,0.663233,0.77105135,0.49098328,0.720697,0.71543163,0.47107106,0.7095512,0.589142,0.4972414,0.86479837,0.87122285,0.47609183,0.8434405,0.9166741
16,0,0.53976744,0.4868212,0.7972682,0.57327896,0.5388263,0.68447477,0.5364601,0.5421764,0.84523416,0.5317319,0.5975889,0.6464593,0.5274376,0.59874815,0.8273465,0.53132135,0.5427063,0.72466433,0.5309567,0.5392944,0.38180712,0.5543765,0.67017585,0.90412545,0.5288815,0.66403127,0.82022154,0.4890024,0.7208072,0.6207242,0.47019005,0.710225,0.6578585,0.4970794,0.86396146,0.89626974,0.47620565,0.8426743,0.91877866
17,0,0.53997636,0.48707038,0.82552356,0.57342285,0.5386099,0.6961635,0.536411,0.541435,0.83160156,0.53094894,0.5976469,0.60012454,0.5276666,0.5989802,0.8171627,0.5312161,0.5423938,0.72625864,0.5299156,0.53755563,0.4084704,0.5545647,0.6699323,0.8754835,0.5296659,0.6640481,0.84744334,0.48874906,0.718036,0.68651867,0.4704774,0.7106581,0.73962915,0.49675846,0.86327285,0.79662013,0.47615206,0.8415056,0.8085562
18,0,0.5400716,0.48679566,0.84165823,0.5731398,0.53906745,0.74462336,0.5374567,0.5411732,0.76965827,0.5317268,0.5969713,0.6262682,0.52768964,0.5979245,0.7826526,0.53164357,0.5430803,0.72280556,0.52955544,0.53900194,0.40412775,0.5550226,0.6709885,0.8573614,0.5304407,0.6646576,0.81303,0.48918998,0.7179919,0.6145112,0.4704412,0.7104033,0.7153859,0.49698085,0.8633153,0.78578347,0.47633663,0.8415624,0.8205344
19,0,0.5405467,0.48657528,0.81139594,0.5727457,0.5389398,0.7788691,0.53765017,0.5428101,0.78835595,0.5317894,0.5965026,0.59152555,0.5279805,0.5972123,0.74198955,0.53171194,0.5395098,0.48319244,0.5299416,0.5399491,0.42599005,0.55537593,0.67075616,0.8605819,0.5305036,0.66521007,0.82453454,0.49104592,0.7211165,0.78050935,0.47082174,0.710612,0.6951224,0.49714914,0.8647268,0.7754204,0.47583765,0.8434781,0.8326055
20,0,0.540506,0.4866914,0.8072899,0.5726038,0.5385296,0.81776315,0.5381048,0.54196113,0.79117334,0.53164464,0.5967725,0.57499933,0.52707314,0.5971975,0.81604594,0.5316997,0.54121405,0.5175442,0.53133255,0.53791,0.40286142,0.55513394,0.670473,0.8892899,0.530995,0.66481096,0.83438724,0.4884448,0.7194049,0.6319123,0.4704032,0.7103569,0.6978897,0.49717882,0.8641525,0.8249186,0.4761457,0.8425353,0.8717664
21,0,0.54010427,0.48728073,0.7689343,0.5721518,0.5389636,0.8200883,0.5386073,0.5434524,0.75550014,0.53175455,0.59684175,0.5629309,0.5270316,0.59700245,0.7530595,0.5314782,0.5414649,0.48891303,0.5311875,0.5381076,0.43738306,0.55481344,0.67101824,0.86899865,0.53082,0.66555864,0.8058499,0.49119586,0.7213778,0.77300864,0.47076097,0.7105593,0.65397,0.4971402,0.86473405,0.7617016,0.47615784,0.84304506,0.831615
22,0,0.54078704,0.4869608,0.77743524,0.57172716,0.5397829,0.78895694,0.53805125,0.54254764,0.7323448,0.53172845,0.5963636,0.5460947,0.52749896,0.59668666,0.73925245,0.5313589,0.5410382,0.42849126,0.5299091,0.54127526,0.46986088,0.5547079,0.66903734,0.82431954,0.5306925,0.66384673,0.8068102,0.4912628,0.7214898,0.7529878,0.47051913,0.71116585,0.67216104,0.49696618,0.86462265,0.80059826,0.4761362,0.8428752,0.9409207
23,0,0.54043424,0.48727214,0.70330197,0.57199264,0.5399858,0.7089892,0.53850424,0.54117495,0.7014681,0.5311001,0.5974301,0.638455,0.5279173,0.5976608,0.5926899,0.53120077,0.5424276,0.4184193,0.53073585,0.5389722,0.36263677,0.5535365,0.67003167,0.80151165,0.528464,0.66415834,0.75883186,0.49034622,0.7203818,0.6654866,0.47105017,0.71036303,0.8113694,0.4970504,0.86526376,0.79850787,0.47642282,0.84388405,0.84167624
24,0,0.5399539,0.48665953,0.6635595,0.57290053,0.54127353,0.59308565,0.5379067,0.54208976,0.796415,0.53114146,0.59821075,0.6205042,0.52831614,0.59968513,0.6725509,0.53029495,0.54465014,0.63459677,0.529441,0.5403633,0.4746355,0.5548036,0.6715493,0.7869313,0.5294748,0.66516715,0.78705716,0.48876578,0.72033083,0.5600446,0.47060186,0.7119102,0.67716336,0.49678075,0.8644899,0.89205116,0.47581327,0.8433269,0.9106262
25,0,0.5396473,0.487069,0.6013043,0.57234687,0.5402565,0.6322196,0.5386666,0.54305726,0.77262294,0.5317721,0.59595144,0.5364404,0.52804697,0.59710747,0.7105725,0.53104264,0.5422837,0.4634785,0.5296528,0.54253167,0.4391045,0.55546385,0.6714673,0.80363154,0.5304631,0.66553986,0.80630374,0.49170142,0.7218648,0.76840466,0.47076473,0.7107684,0.6611748,0.49723035,0.8658189,0.8817592,0.47617182,0.8430789,0.9323282
26,0,0.54053634,0.48731515,0.7617066,0.57279146,0.53844416,0.7110158,0.53810114,0.5420721,0.77977914,0.5326137,0.59447354,0.5321691,0.52737623,0.59575707,0.82714456,0.53147537,0.54128027,0.4570685,0.52938855,0.54130703,0.43146795,0.5549584,0.66989666,0.84463274,0.5308931,0.66380095,0.81306183,0.49111825,0.72107804,0.7593514,0.4710185,0.71061623,0.65488243,0.49710622,0.86580455,0.6829209,0.47623843,0.84420496,0.92398816
27,0,0.5409297,0.486593,0.7500308,0.57207376,0.5405676,0.7529654,0.53799057,0.54069626,0.6755838,0.53184205,0.5970247,0.5777151,0.52834654,0.59772617,0.5647077,0.53159726,0.54169583,0.465766,0.5300562,0.5411672,0.44990754,0.554689,0.6724258,0.67690873,0.5283716,0.666996,0.61969143,0.4922467,0.7216383,0.6059222,0.47122228,0.7107868,0.7890945,0.49752936,0.8666215,0.77172333,0.4766885,0.84343207,0.88620234
28,0,0.54052705,0.4871695,0.5861388,0.57229716,0.5412374,0.5803449,0.5380915,0.5421307,0.70701104,0.5317113,0.5945449,0.48303822,0.5284322,0.597232,0.5504926,0.5305355,0.5423785,0.48048604,0.52980304,0.54136467,0.46690747,0.5551647,0.67081535,0.6733696,0.5303168,0.66378087,0.7334013,0.4894728,0.7193566,0.5517742,0.47096625,0.7102927,0.59781414,0.4969028,0.8673202,0.89298624,0.47573057,0.8441525,0.8130679
29,0,0.5401857,0.4869738,0.5722785,0.5721328,0.5396554,0.66242844,0.5383013,0.541158,0.70172495,0.53268635,0.5943431,0.5105888,0.5273163,0.59572285,0.76300335,0.5318424,0.5393326,0.4259456,0.5305901,0.5393467,0.42855823,0.55344206,0.6719734,0.741722,0.5290855,0.6650224,0.71209216,0.4907332,0.7211017,0.70026475,0.47078773,0.70999765,0.8684696,0.49710572,0.86571443,0.81622654,0.47650784,0.8429085,0.9322047
30,0,0.54013646,0.48677322,0.74011165,0.57319075,0.5401822,0.6326436,0.53810424,0.5422611,0.8192926,0.5310077,0.5971391,0.6633282,0.5280249,0.5972797,0.7220003,0.5311427,0.5416258,0.50065386,0.5297844,0.5428634,0.48587927,0.5549143,0.6676657,0.79257596,0.53093046,0.6620046,0.82875526,0.48843852,0.7183374,0.66664153,0.47070315,0.7107471,0.7881714,0.49696293,0.8630301,0.8772917,0.47626585,0.8427061,0.820032
31,0,0.54027545,0.48717096,0.7162915,0.57360715,0.5397474,0.67712367,0.53773534,0.54258734,0.82545483,0.5309589,0.5969859,0.682508,0.5278968,0.59750456,0.72462475,0.53113693,0.5415143,0.57352555,0.5301832,0.5413446,0.3992412,0.5537652,0.66973823,0.8037111,0.5289062,0.6628129,0.8111219,0.49003217,0.7210508,0.7006806,0.4707128,0.7104481,0.8339909,0.4966952,0.86309624,0.7912351,0.4759102,0.8440095,0.72497547
32,0,0.54006773,0.48686087,0.6971725,0.57299525,0.5405528,0.59692127,0.5365363,0.540657,0.7849565,0.5313978,0.59748274,0.59721637,0.52734584,0.59874314,0.7778638,0.5313578,0.54136133,0.47361794,0.5298216,0.5426763,0.4906575,0.55495816,0.67072326,0.80061173,0.52911085,0.66434133,0.7894256,0.48976594,0.720179,0.6288412,0.47107014,0.7116748,0.62059844,0.49691808,0.8638042,0.8373939,0.4761953,0.8430845,0.93385994
33,0,0.53990215,0.48734945,0.70971924,0.573263,0.5402935,0.61337835,0.53821987,0.54270655,0.78606385,0.53168875,0.5967061,0.61201173,0.526895,0.59710413,0.7892558,0.5306172,0.5429606,0.67787886,0.52959234,0.54245764,0.40984017,0.5548413,0.66980493,0.84868056,0.53039604,0.66395444,0.8212878,0.48969406,0.7192549,0.6296291,0.47069472,0.709986,0.6832989,0.49702054,0.8647101,0.8806878,0.47596136,0.84333867,0.92944
34,0,0.5399557,0.4874845,0.7159503,0.57295483,0.5400974,0.6804413,0.5381949,0.5421298,0.7550974,0.53119165,0.5971658,0.6717845,0.52696955,0.59643936,0.7671311,0.5314992,0.54091364,0.48269346,0.5294338,0.5410811,0.4145311,0.55330825,0.67159337,0.84144175,0.52891004,0.6651525,0.80389524,0.49049523,0.72095484,0.68150383,0.47080123,0.70990247,0.8832576,0.4967922,0.8658288,0.8327666,0.47574905,0.84423435,0.89213276
35,0,0.54070413,0.48677504,0.59148246,0.5727756,0.54089093,0.5770396,0.5387334,0.541482,0.77634513,0.53104204,0.5969286,0.61748314,0.5281505,0.5969185,0.6591648,0.5302203,0.5438264,0.59701437,0.5295638,0.5430796,0.5029787,0.5541632,0.6695877,0.7946183,0.5307079,0.66241384,0.79778427,0.4898114,0.7184933,0.6637351,0.4715349,0.71066606,0.7488535,0.4966707,0.8637997,0.79781455,0.47570834,0.84231716,0.79500425
36,0,0.540013,0.4871741,0.5932722,0.572751,0.5398735,0.6247857,0.538073,0.54210156,0.7684246,0.5308468,0.5979177,0.6617112,0.52785474,0.5977649,0.7205775,0.5313127,0.5401693,0.52496886,0.52951264,0.5404303,0.41274536,0.5534792,0.67071825,0.85682243,0.52903813,0.66388893,0.81192154,0.48936972,0.7209499,0.6989912,0.47106883,0.71017545,0.84662783,0.4969632,0.8629041,0.8221723,0.4760931,0.8452377,0.7537851
37,0,0.5401458,0.48713148,0.69457203,0.5729345,0.5403441,0.5877626,0.5380581,0.5416103,0.7986329,0.53103894,0.5968524,0.5776922,0.52719414,0.59693485,0.6982866,0.5312155,0.54107076,0.44121677,0.52950156,0.5421483,0.50481796,0.5552872,0.6715253,0.8163435,0.5300048,0.664701,0.7509737,0.48918858,0.71841806,0.6720849,0.4710385,0.71113425,0.6807818,0.4968457,0.86398906,0.8964461,0.47653988,0.8428443,0.8498566
38,0,0.54027086,0.48760626,0.76418257,0.5728003,0.5396046,0.69061667,0.5378574,0.54276764,0.7704338,0.532359,0.59443283,0.55273235,0.52688897,0.5961727,0.8159038,0.5314216,0.5403329,0.46097,0.52935296,0.54047716,0.4081581,0.5548373,0.6717722,0.85545015,0.5305857,0.6649934,0.79302794,0.49094817,0.7208113,0.78136,0.47069374,0.71015936,0.646102,0.49719352,0.86468434,0.7227308,0.4764117,0.84334475,0.9388924
39,0,0.5406673,0.48728248,0.8166747,0.57298726,0.5382355,0.70678204,0.53785855,0.5422735,0.7895019,0.53226006,0.59441584,0.5566872,0.52700645,0.59643584,0.8267763,0.53130555,0.5402798,0.46571264,0.52947044,0.54041874,0.39591986,0.5550312,0.67011833,0.87170976,0.53111994,0.66401356,0.8365899,0.4886672,0.71929485,0.6534755,0.47052622,0.71017027,0.6826016,0.49743146,0.864172,0.81852955,0.47618034,0.8431108,0.85001135
40,0,0.5408212,0.48752645,0.79716915,0.5729074,0.5381657,0.78387946,0.53812057,0.5407726,0.7716506,0.53198516,0.5959972,0.56613827,0.5267669,0.59629947,0.7874091,0.53164065,0.5405824,0.53867185,0.53109825,0.53718096,0.44079295,0.5550864,0.67110735,0.8674587,0.53066534,0.6645446,0.80011636,0.4912925,0.72020334,0.7693394,0.4707915,0.7094756,0.6707408,0.49747032,0.8658444,0.9040748,0.47662118,0.8435554,0.93318313
41,0,0.5408568,0.48759234,0.78896016,0.57233906,0.5390293,0.7927739,0.53855497,0.54347205,0.74403256,0.53205353,0.5958181,0.5693558,0.52819985,0.5969348,0.73330814,0.5313191,0.54119354,0.6151875,0.5301443,0.54066044,0.45761442,0.5547596,0.6695042,0.8428254,0.5312055,0.66367614,0.80298525,0.49140313,0.72092944,0.7677412,0.47084865,0.71103394,0.68402123,0.49723518,0.8648355,0.8012409,0.47659066,0.8444094,0.9375014
42,0,0.5407782,0.4869504,0.7967439,0.57281905,0.5386662,0.700998,0.53781694,0.5411525,0.77865314,0.53230166,0.5957629,0.5625529,0.5279886,0.59709615,0.7014823,0.5312067,0.54137963,0.46588513,0.5305551,0.5374244,0.39904195,0.55398834,0.6713252,0.830655,0.52899194,0.66463697,0.7948239,0.49127343,0.7200617,0.7503867,0.47139564,0.7098079,0.5991796,0.49714562,0.8646584,0.84962547,0.47627303,0.8444337,0.8934646
43,0,0.5405083,0.48696268,0.7524182,0.5731786,0.53924763,0.65739584,0.5385097,0.5418652,0.79768705,0.5312247,0.5969816,0.5961008,0.527919,0.5971481,0.72070384,0.531146,0.54316473,0.64452606,0.5299789,0.5380045,0.48269153,0.55462706,0.66889274,0.8219879,0.5313696,0.66236174,0.8130869,0.48920363,0.7185373,0.66017216,0.47091082,0.7102338,0.7805877,0.49740556,0.8624114,0.8720958,0.47671905,0.84253186,0.80865526
44,0,0.540779,0.48731264,0.7731169,0.5729243,0.53896004,0.7179019,0.53793854,0.54194903,0.7894879,0.5313443,0.5964238,0.6793458,0.5280494,0.5969309,0.71237993,0.5312167,0.5417003,0.51661,0.5306555,0.5379469,0.39179882,0.55334365,0.6706502,0.76440656,0.5288728,0.66419667,0.7834945,0.4895331,0.72041684,0.67137885,0.47111225,0.70947987,0.8648421,0.49710745,0.8638513,0.85332465,0.4759077,0.84444696,0.83646077
45,0,0.54023767,0.48639673,0.71166915,0.5733816,0.54072016,0.6189337,0.5381195,0.54262733,0.8092809,0.5311302,0.5970352,0.6154544,0.5271021,0.597735,0.7491467,0.5307766,0.5434993,0.6459159,0.5295969,0.53871155,0.49631542,0.55485,0.6695475,0.8013049,0.5303206,0.6639595,0.8136111,0.48897895,0.7179603,0.62084794,0.4712221,0.70957065,0.76991063,0.4972841,0.8635701,0.7848569,0.47641,0.8414778,0.9366994
46,0,0.54011637,0.48720545,0.6242938,0.5728788,0.5397054,0.62360686,0.5381959,0.5412561,0.7584368,0.5322536,0.59465015,0.5339571,0.52659833,0.59607124,0.7729491,0.5314448,0.53984433,0.45606828,0.53032404,0.53964096,0.4229642,0.55317384,0.67083895,0.74734217,0.5280399,0.6646128,0.7335829,0.49055862,0.7195716,0.7736821,0.47110426,0.7094252,0.879887,0.49728805,0.86441547,0.8272292,0.47595078,0.8437554,0.8656455
47,0,0.5406787,0.48625404,0.5360801,0.57280177,0.5422987,0.5597259,0.5382375,0.5423691,0.81823117,0.53117245,0.59741724,0.6493498,0.5275835,0.5969687,0.71591526,0.5302556,0.544012,0.5793364,0.5294229,0.5434628,0.5071014,0.5556526,0.67107725,0.8191801,0.5302117,0.66450995,0.7991789,0.4898431,0.718768,0.65518343,0.47115186,0.71022236,0.7276873,0.49693292,0.8630005,0.7675406,0.47637075,0.8421346,0.93089986
48,0,0.5414017,0.48787802,0.73332685,0.5726212,0.5389731,0.6080788,0.5380795,0.5408713,0.6754963,0.5321403,0.59469104,0.5104603,0.52775246,0.5956873,0.7707878,0.53123873,0.53857994,0.42418325,0.5312833,0.53602475,0.42317975,0.55419105,0.6715323,0.73197305,0.52934885,0.66502374,0.68134904,0.49056396,0.7202165,0.74251115,0.4713637,0.7097762,0.8788156,0.49653813,0.8656645,0.8304561,0.4766907,0.84223044,0.9268074
49,0,0.5407121,0.4870042,0.7560494,0.5730725,0.53990173,0.66619843,0.5372988,0.5420342,0.7464132,0.53138024,0.5959639,0.5079986,0.5267605,0.5964653,0.7894323,0.531493,0.5403782,0.44508246,0.52988076,0.54149866,0.5338076,0.5556853,0.6676028,0.77661467,0.53150207,0.66191673,0.8251169,0.48896897,0.7190616,0.6456991,0.47136033,0.710296,0.7797017,0.49710226,0.86393714,0.86421424,0.47678176,0.84248096,0.7967445
50,1,0.5404566,0.48798144,0.84442216,0.5740162,0.53540653,0.7328874,0.538006,0.5413223,0.90705764,0.53052884,0.5976606,0.6872367,0.5269887,0.59958625,0.86623263,0.53060305,0.5391093,0.6619826,0.5301337,0.53853995,0.52837294,0.5566038,0.6694095,0.9187591,0.53033644,0.6626637,0.8683774,0.4900753,0.7203055,0.81520706,0.47094285,0.7097249,0.7812656,0.49713632,0.8626656,0.85396487,0.47630012,0.8442235,0.7926522
51,1,0.5409515,0.48703098,0.55313474,0.5709469,0.5395154,0.8130031,0.53801715,0.5389971,0.6809738,0.53169525,0.59574294,0.5819117,0.5277256,0.59737444,0.68385845,0.5325191,0.53978634,0.47248727,0.5312535,0.53924656,0.467279,0.5550518,0.67032033,0.7504196,0.5306004,0.6644891,0.77799463,0.49181443,0.7208516,0.74175185,0.4711366,0.7117646,0.6241213,0.4975918,0.86402583,0.7828463,0.4762312,0.8438265,0.9205628
52,1,0.5407485,0.48671067,0.8032455,0.57300633,0.53881794,0.7272079,0.5378503,0.5408311,0.7731208,0.53248984,0.5942313,0.50950783,0.52649117,0.5958022,0.79749644,0.53177553,0.5386381,0.42860666,0.5293542,0.5388247,0.44073188,0.5554748,0.6710215,0.8343708,0.53052574,0.6640262,0.77654177,0.4894964,0.71885616,0.60009706,0.47089872,0.71017945,0.663035,0.49760517,0.8641264,0.7467921,0.4764556,0.84184694,0.9395973
53,1,0.5408239,0.48667726,0.7996014,0.57286996,0.53877074,0.7688782,0.53792226,0.54059905,0.7804498,0.53242326,0.59432214,0.49018556,0.5272063,0.59515065,0.7470516,0.5316565,0.53964007,0.4674414,0.52945906,0.53960973,0.4364273,0.55556756,0.67052513,0.84383947,0.5308697,0.66456085,0.82174593,0.48974594,0.71922743,0.62210494,0.47112554,0.71039855,0.67507297,0.49764886,0.86594546,0.8827758,0.4768909,0.8426117,0.8216721
54,1,0.54103315,0.48653495,0.8196455,0.5732419,0.53828156,0.78619075,0.5381865,0.5405351,0.80110645,0.5309809,0.59653556,0.68796664,0.5261158,0.5961538,0.7923566,0.5315965,0.5410372,0.5420263,0.5306433,0.5372464,0.40650427,0.5551675,0.6698943,0.88384944,0.5311871,0.6638172,0.83585334,0.4914257,0.7209325,0.78652406,0.47094315,0.7101487,0.68271965,0.4974966,0.86582303,0.6989782,0.4761486,0.84415185,0.8037936
55,1,0.5411224,0.48662606,0.76822525,0.5725859,0.53955245,0.780038,0.53805655,0.54002655,0.7461691,0.5312574,0.59576756,0.6663622,0.52666414,0.5955156,0.7016401,0.5314357,0.5403102,0.43918225,0.5301423,0.540207,0.4375387,0.55461097,0.67132264,0.74020797,0.529094,0.66532314,0.71285635,0.4915951,0.7197079,0.71674335,0.47087422,0.7100403,0.57792294,0.4977275,0.86629575,0.86179495,0.47675818,0.84331805,0.9260737
56,1,0.5405138,0.48728213,0.7555976,0.5735276,0.5403267,0.60228586,0.5370327,0.5417531,0.7717369,0.5312108,0.5955611,0.53723127,0.5267017,0.5966792,0.76468617,0.5317363,0.5387728,0.42526945,0.52958125,0.53945726,0.47314063,0.5559434,0.66953295,0.7740352,0.5304895,0.66339165,0.82185537,0.4899529,0.71896124,0.67431474,0.4712655,0.7101084,0.76768523,0.4971714,0.86354965,0.82979274,0.47634986,0.8431846,0.9299051
57,1,0.5406666,0.4873333,0.6578969,0.5729593,0.5391707,0.64940107,0.53876674,0.5406216,0.7160494,0.53114134,0.59655493,0.6487324,0.5268079,0.5963803,0.6705343,0.53191406,0.5383323,0.41940007,0.5308762,0.53794044,0.40558577,0.5535297,0.67158943,0.72032267,0.5282827,0.66471696,0.6970185,0.49010298,0.7206884,0.5649835,0.47125995,0.71005553,0.80529886,0.4969282,0.8648587,0.81971234,0.47700092,0.84391487,0.822584
58,1,0.54047066,0.4867913,0.71275985,0.57260895,0.5393787,0.81788236,0.53722066,0.5420995,0.7948916,0.5312952,0.5968819,0.6534567,0.5265735,0.5967951,0.7542004,0.53053117,0.5437241,0.62750095,0.5294446,0.5389541,0.42815754,0.5564125,0.67007864,0.8637113,0.5305867,0.6635074,0.833581,0.48962834,0.71900827,0.6949514,0.47102106,0.70908946,0.7953526,0.49724618,0.86405843,0.81803894,0.47653168,0.8440721,0.9321958
59,1,0.54128546,0.48711762,0.7627468,0.5717126,0.53896385,0.7575792,0.53982913,0.54056245,0.6870936,0.53085166,0.5963854,0.6379477,0.5269812,0.59630173,0.6414187,0.5316997,0.54043174,0.42055887,0.53075755,0.5400893,0.45216998,0.55269665,0.67167056,0.65285736,0.5287958,0.6641767,0.6422466,0.49029353,0.72028726,0.63015455,0.47124892,0.7099525,0.81559753,0.49663606,0.8654477,0.84932333,0.4762921,0.84496254,0.8365828
60,1,0.5402392,0.4864264,0.70881766,0.5734483,0.54091096,0.6034794,0.5375125,0.54166067,0.81623226,0.5312726,0.5970451,0.662121,0.527608,0.59691346,0.7573064,0.5304944,0.54338896,0.6262699,0.5297472,0.53814274,0.44064033,0.55585754,0.6701609,0.8608248,0.5304892,0.6633983,0.81948245,0.48985222,0.71819663,0.7067895,0.47095004,0.7086849,0.80121815,0.49714884,0.8633041,0.8606495,0.4766712,0.84277135,0.81102383
61,1,0.5413462,0.4871105,0.61926794,0.57218146,0.5403115,0.6349158,0.53926116,0.5398423,0.5980682,0.5312986,0.5963952,0.6182592,0.5271241,0.59616137,0.6116621,0.5311305,0.5395939,0.43506587,0.5308991,0.5383831,0.3960566,0.5516872,0.67224723,0.61094564,0.52759653,0.6651103,0.6199197,0.4903761,0.7208635,0.4893268,0.47150233,0.71038896,0.7561883,0.49668595,0.8646127,0.7662867,0.4766818,0.84378344,0.5547617
62,1,0.5404876,0.48615405,0.59100914,0.57280695,0.5405053,0.81104755,0.53765416,0.541272,0.8075233,0.530381,0.5951256,0.59106374,0.52734375,0.5969797,0.742498,0.530579,0.5408694,0.56650114,0.5301522,0.5400534,0.43820152,0.55491835,0.67106795,0.8291641,0.5290528,0.6639471,0.81079537,0.49058756,0.7195204,0.72499275,0.47090995,0.7088265,0.634276,0.49735668,0.8631161,0.84259486,0.47669494,0.84302527,0.88697076
63,1,0.5402167,0.48676696,0.64975333,0.5729027,0.5383546,0.7824743,0.5375214,0.5415367,0.76112866,0.5318226,0.5948057,0.5801466,0.5263456,0.5961917,0.7896289,0.5312453,0.5393319,0.48947436,0.5294022,0.53923184,0.4335758,0.55439514,0.6692724,0.86408246,0.5295976,0.66347367,0.8221704,0.48901266,0.71810055,0.65779114,0.47070205,0.710396,0.67251503,0.49717146,0.8647781,0.8737936,0.47627413,0.8433388,0.9241416
64,1,0.54026896,0.48723257,0.83070934,0.57363397,0.5393086,0.6779056,0.53712875,0.54049975,0.7757393,0.53145593,0.59642833,0.61333156,0.5275769,0.5968947,0.7226736,0.531276,0.54046154,0.51608455,0.5299645,0.54109764,0.4761618,0.5550483,0.6703317,0.84352344,0.5305076,0.66451144,0.8329957,0.48911145,0.7195841,0.558682,0.47114486,0.71115065,0.6928681,0.49724057,0.86483926,0.902702,0.47638944,0.8435038,0.9134282
65,1,0.5406993,0.48707455,0.7546101,0.57242286,0.539412,0.69840145,0.5381887,0.5406986,0.696338,0.5312126,0.59644806,0.6379612,0.5269034,0.59647125,0.66433007,0.53166753,0.5394145,0.35456094,0.52955437,0.5393454,0.4326978,0.55476654,0.67155993,0.8073495,0.529693,0.6654411,0.73577267,0.4920574,0.72026765,0.739863,0.47105616,0.71081793,0.5445668,0.49725437,0.864773,0.8871936,0.47658068,0.84170353,0.8980778
66,1,0.54032207,0.48732582,0.7771531,0.57281274,0.5396891,0.6744533,0.5380478,0.5419435,0.7449872,0.5317029,0.5958704,0.5226639,0.5265321,0.5969062,0.7332959,0.53122777,0.5414252,0.4379669,0.5297978,0.5416619,0.45343146,0.55512655,0.66949743,0.8116519,0.5305819,0.6638882,0.80694,0.48899385,0.7187078,0.6333189,0.4707782,0.7106496,0.7182383,0.49706668,0.86461794,0.8246209,0.47643307,0.8437108,0.9394891
67,1,0.54130554,0.487368,0.6860359,0.57245,0.53980386,0.6792823,0.5379851,0.5408107,0.7333804,0.5313991,0.5965146,0.5980912,0.5278957,0.59754795,0.5420416,0.5313428,0.54156995,0.39507085,0.5299553,0.5415756,0.41809493,0.55408114,0.6707606,0.6821886,0.52858967,0.6641909,0.67260104,0.49109364,0.71974766,0.6763027,0.47140855,0.7104115,0.8173596,0.4969236,0.86528313,0.79509443,0.47661257,0.84432495,0.8152808
68,1,0.54083544,0.48694095,0.5495196,0.5728871,0.5410958,0.53795207,0.53846055,0.5406512,0.7406941,0.5312816,0.5962397,0.56655383,0.52807593,0.5968616,0.5783204,0.53063524,0.54240346,0.5599827,0.5297285,0.54157096,0.49117422,0.5554535,0.6719443,0.7533267,0.5298372,0.66440684,0.6844555,0.489135,0.7178273,0.64401424,0.4709241,0.7111032,0.61223733,0.4968802,0.8636533,0.89802825,0.47576576,0.8424572,0.8998483
69,1,0.5401084,0.48767108,0.7407054,0.5734989,0.53934205,0.63277227,0.5374635,0.5419137,0.79239774,0.53247434,0.5942443,0.5894436,0.52663726,0.59616745,0.8070027,0.53179616,0.5380703,0.45551914,0.53045547,0.5376746,0.41087136,0.5554053,0.6707877,0.8640713,0.5303946,0.6645437,0.8023525,0.4892072,0.7189887,0.6672767,0.47032836,0.7101784,0.63344073,0.4972134,0.8644346,0.7339411,0.47653687,0.84273577,0.9403489
70,1,0.54069036,0.4870992,0.81317747,0.5729275,0.53809136,0.7353271,0.53776807,0.54136884,0.7993858,0.5323114,0.5946859,0.5431481,0.52667606,0.5960912,0.81542724,0.53152674,0.5397406,0.47971156,0.5293863,0.53955686,0.4196565,0.5550109,0.6701717,0.87848616,0.5304626,0.66459745,0.83058643,0.491308,0.72099984,0.7928575,0.47073707,0.7100544,0.6663757,0.49751058,0.8650544,0.72155577,0.4765828,0.8413078,0.9478422
71,1,0.5409613,0.48742953,0.7989538,0.57276374,0.538611,0.7809449,0.5376026,0.54135406,0.75153285,0.5319571,0.5955698,0.5822284,0.5279118,0.5964977,0.7148166,0.5312579,0.5396576,0.60595995,0.5301634,0.53870875,0.45530242,0.5551195,0.66955936,0.86004555,0.5312012,0.6640531,0.8212111,0.4887808,0.7185781,0.63839674,0.47101238,0.71093196,0.7036471,0.49743652,0.86472917,0.7714268,0.47681937,0.8421423,0.88634324
72,1,0.5410002,0.4868893,0.79591286,0.57287467,0.53880453,0.7821339,0.53789014,0.5407104,0.78697425,0.5312745,0.59643745,0.6820676,0.5265568,0.5961031,0.7596633,0.5315478,0.54088473,0.50974953,0.53097194,0.5375508,0.4257238,0.55432624,0.6704726,0.7528614,0.52876246,0.6647103,0.70940095,0.49132946,0.7204312,0.75094056,0.47101212,0.7103082,0.60573167,0.49704635,0.86507374,0.6262602,0.47651848,0.84367824,0.91913754
73,1,0.5406622,0.48673236,0.65231663,0.5728227,0.54056513,0.6426523,0.5382016,0.5411781,0.72991407,0.53137374,0.5967369,0.5792958,0.52842873,0.59894174,0.5175417,0.5312618,0.5431862,0.58299685,0.5302567,0.5424747,0.5230305,0.5562864,0.6707493,0.78396994,0.5305432,0.6643793,0.78222513,0.48997372,0.71847194,0.66823757,0.4712461,0.71087885,0.69376713,0.49701387,0.8627664,0.8241314,0.47639763,0.84296703,0.9174692
74,1,0.5410367,0.48722833,0.5839097,0.57255083,0.5403819,0.64499176,0.53952974,0.5400424,0.61580956,0.53151596,0.59625906,0.5945457,0.52771366,0.5958944,0.6266416,0.53132904,0.5395535,0.4085234,0.5310944,0.5387232,0.39005512,0.5530694,0.671362,0.556232,0.5282811,0.6656143,0.7156871,0.49127582,0.72155267,0.55761904,0.47122607,0.71009195,0.78146315,0.496574,0.8659505,0.7500969,0.4765548,0.84379256,0.82880884
75,1,0.5404904,0.4859807,0.5286879,0.57168883,0.54042757,0.7609571,0.538292,0.5413178,0.77678084,0.5311608,0.59435326,0.5964177,0.5280324,0.5965661,0.6967559,0.53063196,0.5435694,0.5897822,0.5296961,0.5427042,0.4644073,0.5557898,0.6701649,0.8282935,0.53028846,0.66357625,0.8038804,0.49006122,0.719525,0.68640435,0.47110933,0.70955604,0.7669271,0.4970018,0.864603,0.79133064,0.4767075,0.8434038,0.92362565
76,1,0.5406649,0.48683053,0.5514971,0.57207865,0.5401696,0.6454275,0.53958285,0.5407485,0.65366584,0.5313623,0.59698135,0.5633007,0.52692956,0.59660894,0.60605204,0.53112084,0.5418869,0.45007673,0.5302363,0.5414696,0.42785254,0.55308455,0.67190814,0.61944944,0.5284576,0.6648958,0.58650327,0.49112853,0.7202332,0.59347415,0.4716275,0.7095058,0.7929771,0.49606842,0.86818767,0.7947747,0.4767519,0.8433078,0.878673
77,1,0.5406459,0.48623902,0.49444833,0.5713824,0.5410565,0.743335,0.537982,0.54110694,0.75601405,0.5316878,0.59647125,0.63947344,0.5282583,0.5964934,0.6697247,0.53061223,0.54450816,0.5506712,0.5295334,0.54363817,0.48322335,0.5557377,0.6699221,0.8069979,0.53034353,0.6631156,0.7923628,0.49046898,0.7192793,0.6813689,0.47122172,0.7097969,0.7416078,0.49727085,0.8644119,0.7440189,0.47676733,0.84341675,0.9236498
78,1,0.5410148,0.4870995,0.68231815,0.5722876,0.5401147,0.64190954,0.5389131,0.5412246,0.6802764,0.53145343,0.5971979,0.630466,0.52706206,0.59672594,0.69020647,0.53167987,0.5415556,0.42752793,0.5303441,0.54160726,0.41809073,0.552528,0.6721629,0.72053903,0.5278639,0.6648071,0.71198356,0.4897555,0.72032547,0.6059828,0.4711248,0.7101214,0.7880392,0.49695635,0.8634443,0.8363706,0.47701505,0.842808,0.8565794
79,1,0.54026705,0.48590952,0.47655556,0.57217354,0.5400267,0.83564305,0.5379743,0.5421359,0.82811177,0.5328849,0.59393424,0.47250462,0.5272549,0.5973705,0.76797587,0.53068465,0.5433733,0.65984845,0.5295668,0.54282326,0.4614691,0.55561924,0.66954654,0.86351615,0.5302354,0.66390383,0.83912194,0.49000996,0.718574,0.7493335,0.47095725,0.709208,0.81900823,0.49744374,0.8636886,0.81984276,0.4764514,0.8420722,0.9420228
80,1,0.54097843,0.4875678,0.6765078,0.57226664,0.5406812,0.67058957,0.5383136,0.5410095,0.69355834,0.5319875,0.5967789,0.5641749,0.5271577,0.5968666,0.60905826,0.53172046,0.5420394,0.35717115,0.53019816,0.54219407,0.41384843,0.5530421,0.6710727,0.6413488,0.52825814,0.6644011,0.6448228,0.490954,0.7206225,0.58194643,0.4712443,0.7100294,0.79299843,0.49710268,0.8658355,0.7626813,0.47662398,0.84454346,0.8197557
81,1,0.5404871,0.48630008,0.51179105,0.5716617,0.53953373,0.77481174,0.53789574,0.5413815,0.7900099,0.5314582,0.5974972,0.6787056,0.527,0.5961853,0.71001804,0.5303888,0.54436046,0.6192819,0.52937686,0.54374313,0.49020538,0.5553037,0.6709195,0.8408175,0.5303491,0.6647561,0.81843007,0.48983148,0.71955746,0.698606,0.4713815,0.71023196,0.75773853,0.4969882,0.8638815,0.8855545,0.4761893,0.84265363,0.92013913
82,1,0.5406353,0.48695317,0.78525484,0.57248425,0.5382323,0.70960766,0.53770775,0.5414164,0.76940787,0.5321335,0.5962632,0.57803166,0.5268365,0.5966804,0.774814,0.53138465,0.5413518,0.43247432,0.529377,0.54145616,0.43090358,0.5546856,0.66999733,0.8613312,0.53027874,0.6642011,0.8001566,0.49192664,0.72213835,0.7753791,0.47056395,0.71014106,0.62279916,0.49731916,0.8653388,0.67362726,0.47637576,0.8430555,0.928391
83,1,0.54089326,0.4881112,0.79670185,0.5729798,0.5396731,0.7621054,0.5375917,0.5415138,0.73874396,0.53218704,0.59652114,0.6165543,0.5276633,0.597298,0.763443,0.5318735,0.54056036,0.48458248,0.5301838,0.54129887,0.479767,0.5548926,0.669256,0.86265385,0.53078336,0.66400015,0.81488186,0.48898906,0.71831334,0.62912065,0.47101232,0.7115037,0.68048036,0.4974633,0.8650302,0.7185525,0.4765821,0.8435609,0.9279422
84,1,0.54076546,0.48725754,0.6973269,0.5724833,0.53942406,0.6770864,0.5378453,0.54099613,0.7449799,0.53187734,0.5965549,0.6325714,0.52693295,0.5966297,0.67538035,0.53135896,0.5418305,0.4158761,0.53010005,0.54179436,0.40639323,0.5533976,0.6707364,0.805432,0.5285031,0.6648392,0.781815,0.49092373,0.7194523,0.74259955,0.47145098,0.7095686,0.8510413,0.49707845,0.8662224,0.7831405,0.47641236,0.8445256,0.8622285
85,1,0.54032624,0.4864983,0.61088824,0.57265145,0.54085636,0.58710885,0.53825915,0.5417599,0.79721993,0.53159755,0.5972976,0.6396675,0.5278599,0.5971134,0.70582324,0.53079456,0.5457773,0.6160368,0.52976924,0.5413148,0.49965,0.55578053,0.6710193,0.82391834,0.53076106,0.6645881,0.7972835,0.49003965,0.71883374,0.6734395,0.47119522,0.71092665,0.7117997,0.49701402,0.86314404,0.81147105,0.47639197,0.84273076,0.9340018
86,1,0.54040074,0.48694152,0.572771,0.5725989,0.5389695,0.6533678,0.53899664,0.5412388,0.69920653,0.53187096,0.59675545,0.67080784,0.527488,0.59585506,0.7026253,0.53202814,0.5399664,0.43615294,0.5306786,0.5398623,0.4113842,0.55415344,0.67250913,0.804241,0.5295113,0.66475534,0.7720232,0.490846,0.7197316,0.7245556,0.4709768,0.70972854,0.84041363,0.49674544,0.86620665,0.8610747,0.476451,0.8439949,0.92859256
87,1,0.540282,0.48758703,0.8028875,0.57265675,0.54045546,0.7302994,0.5379746,0.5419616,0.7640268,0.5313643,0.5970851,0.5751659,0.52820766,0.59694594,0.70066285,0.5312249,0.54321504,0.6079626,0.5302241,0.5375245,0.4508775,0.5554297,0.66837656,0.77264494,0.5313645,0.66207725,0.80982006,0.48915115,0.71918327,0.65695727,0.47119802,0.70995504,0.7950698,0.49705935,0.8641888,0.8911644,0.47689602,0.8420734,0.8481382
88,1,0.54073524,0.48704642,0.7308394,0.5732474,0.5384086,0.724841,0.53834355,0.542243,0.8282274,0.53153193,0.5974085,0.6640756,0.52776265,0.5980835,0.71801805,0.5316357,0.5404644,0.5766113,0.53030497,0.5405817,0.43752706,0.5539995,0.66928643,0.78909695,0.529079,0.66282225,0.7936392,0.49038264,0.71998864,0.68448067,0.47108215,0.7101207,0.85677093,0.49695525,0.86426175,0.8067353,0.4762192,0.84486455,0.7457108
89,1,0.5400207,0.4873342,0.7913644,0.57329494,0.5405008,0.66706014,0.53674334,0.54164726,0.7443682,0.5315321,0.59712976,0.6249849,0.5277747,0.5978642,0.7609274,0.5310727,0.54258454,0.6499198,0.5300805,0.53777045,0.45382684,0.5545291,0.6699758,0.8268764,0.5294092,0.66456467,0.8190387,0.48922533,0.7188428,0.58275557,0.47030878,0.70979637,0.7634595,0.4970238,0.86418444,0.88661814,0.47601482,0.84332323,0.8882876
90,1,0.53995293,0.48776403,0.75507396,0.57351214,0.53995526,0.5894108,0.53801274,0.54204077,0.777959,0.53161293,0.5975665,0.6186269,0.5266163,0.59753406,0.78063095,0.53134483,0.54211664,0.4901524,0.5296689,0.5425505,0.48930177,0.55531365,0.66914856,0.8326602,0.53035665,0.66458184,0.8239494,0.48898855,0.7175987,0.6702536,0.47069612,0.7109832,0.63539875,0.49713418,0.8649197,0.86915666,0.47642225,0.8438924,0.9032952
91,1,0.54078203,0.48795798,0.8122426,0.5728378,0.53899044,0.71322095,0.5377133,0.5418079,0.8081272,0.5323521,0.5969267,0.57807964,0.5275209,0.598206,0.71626943,0.53135186,0.54203504,0.5437308,0.5302594,0.53863555,0.3802023,0.5547022,0.66997117,0.87562305,0.5293428,0.6644555,0.7548307,0.4905691,0.7199863,0.7828902,0.47123858,0.7098622,0.89441735,0.49734363,0.8654099,0.82269603,0.4763756,0.84406555,0.90501064
92,1,0.53999925,0.48752847,0.8136136,0.5729781,0.53975624,0.7062072,0.5384829,0.5419059,0.7959661,0.53195107,0.59738797,0.62612194,0.5276633,0.5980749,0.7372093,0.531437,0.5419729,0.48348704,0.5314387,0.53859764,0.442455,0.55500287,0.66950065,0.8368279,0.53076714,0.66360885,0.80051774,0.48874557,0.7180041,0.6411556,0.47108585,0.71208626,0.69077885,0.49731433,0.86317563,0.7656967,0.4767574,0.8428712,0.9252578
93,1,0.54080707,0.48776188,0.8187659,0.5731381,0.5391818,0.7167124,0.537303,0.54182804,0.8365681,0.5324368,0.5967064,0.59644705,0.5276059,0.5979913,0.74465424,0.53136146,0.54181033,0.55549806,0.5304268,0.5384105,0.36559388,0.55385363,0.6697574,0.8785578,0.52906,0.664149,0.83177423,0.49076587,0.7204877,0.7804613,0.47117996,0.7097771,0.89394146,0.4971364,0.8654237,0.79254407,0.47614524,0.8437752,0.8963035
94,1,0.5398875,0.4877993,0.80118287,0.5732141,0.54061836,0.6672066,0.5368029,0.54091126,0.76399773,0.5313111,0.59790254,0.6381058,0.52759665,0.5985033,0.76946384,0.531318,0.5435125,0.7033778,0.5300653,0.5391982,0.4902317,0.5552206,0.6701041,0.8285742,0.53037757,0.66407186,0.8237117,0.48938522,0.71843714,0.68962336,0.47121313,0.7110869,0.70819527,0.4972194,0.8635312,0.91006917,0.4766926,0.8424573,0.856612
95,1,0.540441,0.48763242,0.7100078,0.5727333,0.53958255,0.67618144,0.5380895,0.541726,0.76916075,0.5313809,0.59758615,0.6579394,0.52669215,0.59699315,0.7921113,0.53134024,0.5421737,0.5193337,0.5300316,0.54246795,0.438251,0.554198,0.67135525,0.863309,0.52916914,0.6650233,0.7448086,0.49095532,0.72018707,0.7935461,0.47129115,0.70939016,0.89408773,0.49722055,0.86531824,0.7890582,0.47639623,0.8436895,0.9015121
96,1,0.5399446,0.48708862,0.7407855,0.57258415,0.54121614,0.66831243,0.5379318,0.54290724,0.75613385,0.5310547,0.5974488,0.5886595,0.52824414,0.597388,0.6663739,0.5314587,0.5419182,0.42918667,0.53031296,0.54308194,0.51381004,0.5554684,0.66997963,0.78833413,0.5307982,0.66348475,0.81420034,0.48959213,0.7193957,0.6510221,0.4711006,0.71078634,0.72723484,0.4974145,0.8633241,0.817114,0.47680265,0.8418908,0.9099522
97,1,0.5404036,0.48741958,0.58879787,0.5721484,0.53962326,0.6885164,0.539277,0.54116553,0.68780214,0.53139365,0.5975246,0.66875863,0.526958,0.5967922,0.74535483,0.5320433,0.5414066,0.4897224,0.53064543,0.5416734,0.41461423,0.5527808,0.67155296,0.71368533,0.5286501,0.663837,0.68781483,0.48988262,0.72110015,0.59308,0.4712312,0.7098096,0.8363822,0.49691093,0.864054,0.8193238,0.47664112,0.8425233,0.9135672
98,1,0.5398894,0.48665208,0.67289007,0.5727558,0.5413367,0.6145935,0.537964,0.54237354,0.81845,0.53128344,0.5974772,0.66861725,0.5275564,0.5972241,0.7306828,0.5305759,0.54418427,0.67050856,0.5294188,0.5394123,0.43788463,0.55552256,0.67014694,0.8525204,0.53040826,0.663038,0.8170691,0.48980457,0.7187971,0.7017314,0.47110778,0.7102871,0.7643598,0.49687484,0.8623825,0.8226221,0.47675818,0.8420246,0.9312987
99,1,0.5401255,0.48727632,0.5668555,0.5728273,0.53979206,0.66744876,0.5385424,0.54191506,0.7510496,0.5312958,0.5978421,0.6724889,0.5268525,0.5972058,0.7851636,0.5318609,0.54093766,0.54544985,0.5303989,0.5410308,0.4165105,0.5533295,0.6704607,0.8575678,0.52879983,0.6637838,0.81437325,0.48996344,0.7211239,0.67801654,0.47115108,0.7096414,0.87375146,0.49689913,0.86386174,0.84217584,0.47592786,0.8440734,0.8228817
100,2,0.539448,0.48769847,0.86904126,0.5737408,0.53741187,0.6398887,0.53618973,0.53999513,0.8805325,0.5308389,0.5985759,0.7036429,0.52673495,0.59981763,0.88786775,0.5308423,0.5420432,0.6436909,0.5290988,0.53874457,0.5334392,0.5578378,0.6708385,0.93307704,0.5311051,0.6638959,0.88130945,0.48865935,0.71735525,0.8135714,0.47044086,0.7099699,0.85501724,0.49716574,0.862799,0.9308098,0.47674274,0.8432083,0.678954
101,2,0.54057753,0.48736656,0.7270865,0.57228243,0.537895,0.88240856,0.53816956,0.54165167,0.83655584,0.5317043,0.598137,0.6762798,0.52736735,0.6002031,0.82077,0.5316507,0.54130596,0.6832701,0.53013545,0.5376988,0.46856138,0.55525714,0.6705506,0.9194222,0.53083575,0.6643069,0.85881686,0.49058205,0.72053146,0.83480036,0.47102162,0.71086574,0.85790807,0.49700627,0.8661837,0.72536194,0.47612566,0.844648,0.8579164
102,2,0.54072315,0.4876518,0.7897321,0.57173455,0.53995746,0.8466875,0.5379566,0.5412829,0.7676191,0.5315281,0.59760547,0.5460218,0.5270536,0.59740925,0.77558863,0.53205967,0.541686,0.49044555,0.53185976,0.53863025,0.5129582,0.5550124,0.6701984,0.8837269,0.5313971,0.6643846,0.8233534,0.49049369,0.72121197,0.8128535,0.47089997,0.7117247,0.6857632,0.49739546,0.86506903,0.79673225,0.47632274,0.84435004,0.8196127
103,2,0.54076564,0.48724535,0.7318462,0.5723603,0.53904146,0.7090783,0.53873044,0.54087716,0.70767576,0.53133,0.59764147,0.6089863,0.5280715,0.5984533,0.61202157,0.5315491,0.5424605,0.44271848,0.5309561,0.53900564,0.38010287,0.5542399,0.67159224,0.6771025,0.52922726,0.6653382,0.7378202,0.4902353,0.71997815,0.6641127,0.47123137,0.71067005,0.8438944,0.4971943,0.86566615,0.83243704,0.4764307,0.8455209,0.8028571
104,2,0.54018503,0.48722166,0.77041245,0.57242423,0.5409055,0.7287427,0.5385269,0.5416745,0.7764659,0.531326,0.59805155,0.6000217,0.52829546,0.59750247,0.69473034,0.5311702,0.5432908,0.6003307,0.5302148,0.53801453,0.47414777,0.55585563,0.6696821,0.7673619,0.53142226,0.6627685,0.8014636,0.48965114,0.71909714,0.6410207,0.4712003,0.71129817,0.74376106,0.49704248,0.8638741,0.87969273,0.4767648,0.8426486,0.81992215
105,2,0.540385,0.48725066,0.51641035,0.57192045,0.5389526,0.7085753,0.53930324,0.5417365,0.73623306,0.5314759,0.59838665,0.64155436,0.528167,0.5995452,0.6027738,0.53158337,0.5407511,0.47904918,0.5303791,0.5408254,0.45395103,0.55443484,0.67126304,0.7694323,0.5286553,0.664927,0.7524488,0.49059296,0.7191248,0.6905805,0.4710409,0.70951235,0.8369584,0.49679604,0.8652497,0.78763187,0.47732604,0.84353787,0.8608605
106,2,0.5402702,0.4873311,0.7708268,0.57313454,0.5404018,0.69123477,0.5378829,0.54191273,0.7714303,0.5317634,0.5977496,0.6485299,0.5280391,0.5974137,0.7216997,0.531238,0.5433459,0.6634651,0.52992684,0.5382365,0.45441905,0.55547076,0.6692725,0.7901847,0.5312299,0.662908,0.8153782,0.48968866,0.71921027,0.6776587,0.47110498,0.7109337,0.7604195,0.49758747,0.86306155,0.85252106,0.4771063,0.8419921,0.82102084
107,2,0.54053944,0.48755735,0.67829436,0.57309914,0.53970104,0.70260423,0.53895897,0.54208505,0.7744351,0.5313806,0.5982095,0.6385986,0.5282218,0.5988864,0.69790673,0.5317876,0.5414301,0.52272487,0.5305937,0.5415605,0.4367055,0.55399585,0.67129105,0.75535107,0.5283481,0.66442496,0.73306173,0.49040514,0.7209213,0.60670424,0.4710699,0.7102975,0.8060422,0.49669158,0.86496776,0.77587754,0.47738406,0.84352124,0.84861195
108,2,0.5403363,0.48725462,0.64524585,0.57246464,0.5412685,0.61362207,0.5385812,0.5418503,0.77249813,0.531545,0.5978899,0.6237884,0.52806365,0.5973971,0.63902783,0.530973,0.5447909,0.61430365,0.529736,0.5402497,0.4534724,0.5556034,0.6716921,0.7953036,0.530331,0.6651436,0.7792279,0.48950002,0.71826756,0.63048166,0.47139028,0.710711,0.69124115,0.4973541,0.8636661,0.7483258,0.47683087,0.84129584,0.92602754
109,2,0.5400114,0.4870393,0.5978966,0.57215554,0.53816676,0.6722815,0.5384563,0.541386,0.7287266,0.5315492,0.5978783,0.67085415,0.5267907,0.59735435,0.79610276,0.5315489,0.54101074,0.49923372,0.5300841,0.54105276,0.40128383,0.5546839,0.66887486,0.83705527,0.5305354,0.6627628,0.7983743,0.49106306,0.72044164,0.78049695,0.47163743,0.71033734,0.7765074,0.49707752,0.86525124,0.6200676,0.4764906,0.84330094,0.9246151
110,2,0.5407023,0.48708293,0.75758284,0.57194984,0.54118156,0.7510254,0.53766286,0.540261,0.6800973,0.5316899,0.5994272,0.59669304,0.52794486,0.59819335,0.6380275,0.53227496,0.5420952,0.54259604,0.5304112,0.5415554,0.45892632,0.5544717,0.6712087,0.7394742,0.5281924,0.66681314,0.68527025,0.49158823,0.7208488,0.6485693,0.47107884,0.7105786,0.8288015,0.49706253,0.8658208,0.7799402,0.47654468,0.8436302,0.72751784
111,2,0.5403376,0.48718894,0.59394807,0.5722261,0.54162514,0.6128219,0.53854144,0.54149497,0.7625384,0.5318884,0.59771454,0.6339066,0.5281931,0.5979352,0.5935738,0.531143,0.54455006,0.556492,0.52991545,0.5438314,0.50101554,0.5559394,0.6698646,0.7866041,0.5307872,0.66401154,0.78613436,0.48952612,0.7184699,0.63983536,0.47110376,0.7092091,0.745977,0.49731216,0.86404026,0.825625,0.4766808,0.842955,0.92360705
112,2,0.54066586,0.4882669,0.62247837,0.5717216,0.539182,0.6708504,0.53948957,0.5407577,0.6531264,0.5315201,0.59795696,0.63884467,0.5272998,0.59751433,0.6622714,0.531945,0.54064524,0.4245676,0.53070486,0.5404896,0.41206527,0.5533716,0.6722212,0.7218147,0.52876914,0.6645788,0.6485785,0.49054813,0.7196876,0.62352395,0.4713464,0.70939285,0.82386386,0.49679014,0.8653596,0.78265023,0.47684446,0.8423804,0.90106356
113,2,0.54002655,0.48731396,0.73192245,0.57221484,0.54097944,0.6745918,0.5384212,0.5422749,0.8056794,0.5316145,0.5978301,0.6616959,0.52805716,0.59739757,0.7180201,0.5306426,0.54536587,0.62335503,0.5297418,0.5407834,0.5030203,0.55636483,0.6698439,0.8243435,0.53090477,0.66364545,0.8037619,0.48943093,0.7189357,0.6579566,0.47153315,0.7092125,0.76771885,0.49706814,0.86539984,0.8091359,0.4763345,0.84477353,0.9265997
114,2,0.54035026,0.48724547,0.556458,0.5723045,0.5385284,0.70456713,0.53943574,0.5415971,0.7502056,0.5316312,0.5979735,0.6583511,0.5282354,0.5988772,0.62326,0.5316621,0.5420875,0.5257723,0.53027534,0.54231024,0.4385442,0.5543579,0.67184293,0.83763486,0.5293309,0.6644957,0.7931177,0.4905747,0.71997786,0.69193834,0.47123978,0.7091555,0.8616483,0.49667418,0.8663561,0.7872282,0.47705126,0.8425729,0.915592
115,2,0.5402352,0.48788905,0.8013314,0.57223046,0.5403349,0.7647318,0.53787905,0.5427157,0.76742446,0.5316392,0.59755105,0.6258605,0.52717483,0.59745425,0.7341193,0.5314451,0.5434356,0.64793617,0.5300576,0.5393402,0.5059229,0.5555459,0.6686514,0.7985924,0.5314302,0.6630365,0.8140777,0.48937282,0.7187533,0.6356309,0.4709732,0.7104316,0.75686544,0.49738204,0.86424434,0.8645599,0.47691333,0.8424337,0.83606714
116,2,0.54046834,0.48748225,0.65919775,0.5734305,0.53930527,0.7062712,0.5392882,0.5421131,0.7752848,0.53163,0.59800357,0.675973,0.52802664,0.5989095,0.6968001,0.5317688,0.5418792,0.5782245,0.530286,0.5421418,0.44423306,0.5541554,0.6708467,0.7941319,0.52940387,0.6643044,0.7837919,0.49023488,0.71906644,0.72349423,0.47103423,0.70941824,0.8648432,0.49714035,0.86376005,0.8439861,0.47658056,0.84363467,0.80647105
117,2,0.53990203,0.48716533,0.75933397,0.5725292,0.5402224,0.6586966,0.5370684,0.54159904,0.7114612,0.53165156,0.5975402,0.6015545,0.527277,0.59871906,0.714239,0.53149897,0.5436254,0.62629515,0.5296961,0.5389,0.42770797,0.55525804,0.6699633,0.7969505,0.53086823,0.66415375,0.80019087,0.48967817,0.71911407,0.6718658,0.47109446,0.71060836,0.7105787,0.4974298,0.8640591,0.72638184,0.47681567,0.8431581,0.9306685
118,2,0.5405546,0.4874432,0.7477678,0.57271826,0.53884906,0.73113537,0.5382188,0.5421907,0.77975196,0.53247464,0.5973437,0.5703169,0.5278905,0.598127,0.7241055,0.5315061,0.54220384,0.54801553,0.5304131,0.53888357,0.40373096,0.55416435,0.67107946,0.86933,0.5296805,0.6652515,0.76325685,0.49083373,0.721098,0.75407606,0.47097245,0.7095071,0.8898517,0.4974777,0.86558384,0.80939204,0.47646698,0.8441407,0.8915717
119,2,0.54023135,0.48758087,0.83536774,0.5723978,0.53958935,0.7623583,0.53698987,0.54146504,0.7817052,0.5311626,0.5981367,0.61070067,0.52750546,0.5988853,0.77065194,0.5314143,0.54289585,0.6889203,0.53007036,0.53795135,0.4431434,0.5556455,0.66814,0.8082905,0.531388,0.6630866,0.8282241,0.4886216,0.7193231,0.6500748,0.47110227,0.71064067,0.78110075,0.49709,0.8647539,0.8390919,0.47638533,0.8436395,0.83870715
120,2,0.5407098,0.4875429,0.7376952,0.57306063,0.53838795,0.7275788,0.5379793,0.54336005,0.82712066,0.531464,0.59819543,0.6479684,0.52764046,0.5994813,0.7429838,0.5315306,0.5413693,0.60500705,0.5307324,0.53834367,0.39411992,0.554995,0.66958165,0.7781347,0.5295561,0.6640288,0.7970741,0.48981673,0.72159576,0.67635095,0.4709875,0.7096029,0.86688656,0.4970743,0.86391,0.85798466,0.4763096,0.8435878,0.82932734
121,2,0.54037654,0.4877538,0.8198742,0.5731652,0.53947467,0.77556944,0.53732854,0.5416289,0.78549373,0.53180873,0.5974737,0.6433003,0.5277428,0.5983685,0.79662573,0.53191596,0.54249626,0.7314073,0.5301481,0.53805315,0.43621776,0.5549404,0.6695453,0.87087464,0.53088737,0.6642263,0.83375543,0.48926958,0.7210665,0.5701412,0.47104606,0.711866,0.7096211,0.49741405,0.8635692,0.7700439,0.47686368,0.8426505,0.9235792
122,2,0.5405231,0.48713967,0.80035996,0.572615,0.5383,0.7255639,0.5374884,0.54171497,0.81743854,0.5323698,0.5972895,0.59309626,0.5276226,0.5983485,0.74572563,0.53160375,0.54203635,0.53138477,0.5308068,0.5390042,0.41774282,0.55473936,0.6714299,0.8675036,0.5300495,0.66516393,0.8033535,0.49161607,0.7213007,0.75795156,0.47123674,0.70999926,0.61553884,0.49744174,0.8649352,0.8589805,0.47662002,0.84378946,0.90480906
123,2,0.54065895,0.48843926,0.80321467,0.5720419,0.538944,0.790685,0.5383836,0.5433302,0.77383786,0.53181297,0.5979598,0.60280955,0.5277266,0.5989278,0.7733861,0.5318581,0.5430362,0.67147094,0.5300575,0.5392752,0.47478592,0.5565493,0.668366,0.778524,0.53232306,0.66280997,0.81850797,0.4892284,0.7199369,0.6287039,0.47166687,0.71055907,0.77495193,0.49721575,0.86454296,0.8724265,0.47669455,0.8430519,0.86898994
124,2,0.5400162,0.4882843,0.7212325,0.5721667,0.5386419,0.8348648,0.5392462,0.5413217,0.81635994,0.5322959,0.59726,0.6872973,0.5271059,0.59746534,0.74143815,0.5317028,0.5418157,0.639364,0.53038454,0.53815186,0.40141398,0.5547989,0.6695029,0.7712557,0.529627,0.6632477,0.7943415,0.49067643,0.72081923,0.6747796,0.47122756,0.7099255,0.85327506,0.49660957,0.86552036,0.83500737,0.47678652,0.84483826,0.7962209
125,2,0.5400705,0.48726407,0.8222148,0.5731099,0.5395091,0.74308276,0.5378191,0.5407746,0.7699364,0.5317076,0.5978187,0.63785475,0.5276161,0.59841543,0.7816379,0.5317549,0.54127806,0.5474363,0.53005636,0.53807306,0.41592503,0.55547065,0.67005527,0.84724295,0.5307652,0.66451067,0.8362988,0.48928496,0.7210557,0.59180737,0.4710356,0.7113245,0.6262517,0.497436,0.86418074,0.89899606,0.47717994,0.84291595,0.81939465
126,2,0.54055214,0.486736,0.77462494,0.5727613,0.53821844,0.7423451,0.53789574,0.5418231,0.8176727,0.53200847,0.59757644,0.56719804,0.5275981,0.5984976,0.73221713,0.53164476,0.54188687,0.5497264,0.53108466,0.5388863,0.42076686,0.55537903,0.670392,0.8719234,0.5307281,0.66521937,0.8252705,0.49133056,0.72176063,0.7585142,0.4711956,0.7100042,0.6204386,0.49746984,0.86544496,0.87510693,0.47658968,0.8442255,0.9221588
127,2,0.5401589,0.4880288,0.77029943,0.57160497,0.5390434,0.83589923,0.53793156,0.5414593,0.7604186,0.5319098,0.5974664,0.57006943,0.5276193,0.59823364,0.7511636,0.53227407,0.5424991,0.64265513,0.53172344,0.5381448,0.45551053,0.5557508,0.66988117,0.85316354,0.5316272,0.6645914,0.8153613,0.48925257,0.71949416,0.6444628,0.4710988,0.71045905,0.72159135,0.49762163,0.8647756,0.8039255,0.47725365,0.84416616,0.7010446
128,2,0.5405814,0.48761597,0.7468254,0.5718321,0.5393724,0.82941324,0.5386553,0.54185766,0.76803404,0.53142726,0.59791064,0.65306664,0.528051,0.59851253,0.7154707,0.53187394,0.541802,0.50608927,0.5313496,0.5388379,0.44644353,0.5543134,0.67234427,0.83871746,0.529861,0.6655821,0.75013936,0.491251,0.72009814,0.753812,0.47138754,0.7095203,0.59081316,0.49803218,0.8638657,0.6944238,0.47664043,0.84399027,0.9127181
129,2,0.5400275,0.48719686,0.8022616,0.57221115,0.5404833,0.7293897,0.5385204,0.54362595,0.7806625,0.53159165,0.5975402,0.60769695,0.5271997,0.59771025,0.7315674,0.53150785,0.5437766,0.6335609,0.5304555,0.54317135,0.5013321,0.555911,0.6689972,0.76547545,0.5316168,0.66231316,0.8068169,0.48988512,0.7204249,0.66244274,0.47139332,0.70965254,0.7952766,0.49717483,0.8654629,0.8447645,0.47679746,0.8427294,0.8663645
130,2,0.5405131,0.48808813,0.7243441,0.57231414,0.5379357,0.76063126,0.5386635,0.5418703,0.81733507,0.53141636,0.59761333,0.6428667,0.52789706,0.5987104,0.69117284,0.5314511,0.541389,0.58781606,0.5304896,0.5379258,0.39984646,0.55470085,0.6701259,0.8659487,0.5297825,0.66378635,0.81364995,0.49017805,0.7203926,0.63664633,0.47123435,0.70912,0.87971526,0.49667698,0.8642682,0.85325074,0.47637618,0.8428452,0.86212254
131,2,0.54062337,0.48841232,0.8176227,0.57241935,0.53939986,0.77321786,0.53824633,0.54263717,0.7863273,0.5317072,0.5976136,0.61013746,0.5278423,0.59807277,0.8001527,0.53197587,0.54283196,0.70601153,0.530132,0.5392832,0.49822003,0.5556002,0.66923004,0.83980703,0.5317012,0.6630549,0.81776124,0.48943502,0.71770734,0.6753502,0.4713288,0.7104728,0.74493116,0.4976253,0.86326724,0.80430084,0.47667453,0.8430707,0.7654473
132,2,0.54018307,0.48765028,0.67321706,0.572007,0.53865796,0.7655137,0.53898335,0.54134727,0.7521162,0.5316288,0.5978567,0.60553116,0.5282629,0.5988693,0.6661851,0.5316141,0.54224193,0.53008866,0.531151,0.53930694,0.40963715,0.55418307,0.6709627,0.8078877,0.529568,0.663651,0.7600203,0.4900598,0.72082764,0.60002184,0.47154543,0.7100899,0.8176637,0.49703866,0.8656718,0.82210535,0.47695115,0.84424955,0.8255707
133,2,0.540441,0.48711735,0.71807474,0.57202023,0.5413893,0.69400895,0.5385454,0.54217196,0.6699591,0.5320479,0.5973326,0.45850977,0.5278766,0.5989686,0.5766767,0.53190637,0.5432834,0.5411942,0.5298136,0.53889304,0.43460676,0.55466205,0.6725141,0.69406873,0.53025657,0.6650164,0.63549834,0.48955643,0.71927714,0.54371905,0.4707488,0.7102502,0.7134197,0.49741772,0.864604,0.8412706,0.47630912,0.84337455,0.8310666
134,2,0.5401724,0.48747885,0.6192641,0.5718887,0.5398755,0.65582556,0.5381233,0.5424414,0.70232016,0.5328389,0.5951886,0.5615403,0.5274676,0.59672546,0.74750304,0.53174347,0.5424138,0.58192986,0.5297182,0.54052263,0.4061558,0.5554281,0.67071116,0.8167921,0.5310764,0.6645854,0.8066135,0.48917976,0.71998054,0.62284684,0.47171172,0.7101803,0.7937205,0.49774024,0.8646422,0.6945574,0.4767417,0.84330904,0.93141055
135,2,0.540948,0.48756567,0.7977308,0.57267755,0.5387851,0.741528,0.538068,0.54161125,0.79159427,0.53165776,0.5977181,0.66901475,0.5280811,0.5982907,0.7225388,0.5312632,0.54228914,0.5344867,0.5306425,0.53876376,0.39095542,0.5559741,0.6709855,0.81278914,0.5303329,0.66539806,0.7700557,0.49154344,0.7204133,0.7612157,0.47114766,0.71014076,0.8799616,0.4972957,0.8656537,0.58915067,0.47641805,0.8443599,0.9151432
136,2,0.54050153,0.48772904,0.7576474,0.5716694,0.5402848,0.8270367,0.5380264,0.5412091,0.7347574,0.5315054,0.59788024,0.65715516,0.52696395,0.5977607,0.72134393,0.5318421,0.54124385,0.47506952,0.5312708,0.53806156,0.40122536,0.5551436,0.669609,0.8332682,0.53102535,0.66403586,0.7969919,0.49167523,0.7222077,0.7731666,0.47089282,0.7116324,0.64193445,0.4970985,0.8659103,0.75403374,0.47611433,0.84521085,0.80161333
137,2,0.54072183,0.4879697,0.7632882,0.5727192,0.5399509,0.7306548,0.5383855,0.54183507,0.75849104,0.53137743,0.5981859,0.63790727,0.52789503,0.59837717,0.6688396,0.5311238,0.54252785,0.49484926,0.5302692,0.5388553,0.3941061,0.553696,0.67172647,0.7452246,0.52886647,0.66501355,0.7058512,0.4906495,0.72031397,0.70876926,0.47143504,0.70987654,0.84240025,0.49738762,0.8654606,0.7904646,0.47680327,0.84315765,0.92062503
138,2,0.54048693,0.48707128,0.5708788,0.57208455,0.54148394,0.61141646,0.53888094,0.5412832,0.73719597,0.53192997,0.59738845,0.58338153,0.52833474,0.5974872,0.58485603,0.5311968,0.5445641,0.5439578,0.5298209,0.5393203,0.4168743,0.55474925,0.67215574,0.7022316,0.5301371,0.6652121,0.73595405,0.4903066,0.7189312,0.6013537,0.47081468,0.7102004,0.781407,0.49717525,0.8626976,0.7885513,0.4761439,0.843278,0.8395952
139,2,0.5402755,0.48739997,0.5562742,0.5715348,0.540808,0.64450985,0.53874654,0.54263747,0.66890424,0.5318379,0.59750634,0.6171071,0.52791613,0.596778,0.6189985,0.5318912,0.5423526,0.48718932,0.52991325,0.54032093,0.4079377,0.5550226,0.6724197,0.76567096,0.5300861,0.6664424,0.7466103,0.49217352,0.7216376,0.75105774,0.47170264,0.7106228,0.8552172,0.49748433,0.8650447,0.88713264,0.47664174,0.8425308,0.90507007
140,2,0.5405942,0.48771793,0.67420447,0.57173043,0.54115355,0.69141763,0.53843606,0.542442,0.63712776,0.5318508,0.59728044,0.60247654,0.5276086,0.5969243,0.6101315,0.5316159,0.54219204,0.48327863,0.52973807,0.54016536,0.41091356,0.5550165,0.6716871,0.7791035,0.5299673,0.66601706,0.74385,0.48927033,0.7194321,0.57570493,0.47090587,0.70998985,0.6247121,0.49732378,0.8637598,0.8163593,0.47649077,0.84371316,0.8720476
141,2,0.5403444,0.4882834,0.6997535,0.57145405,0.5411098,0.6584269,0.53936076,0.5427467,0.6943301,0.5317176,0.597672,0.6146464,0.5280506,0.5968229,0.6179565,0.5312578,0.5417945,0.5117207,0.53007895,0.54114383,0.44063878,0.55533487,0.6734606,0.73758966,0.5300519,0.6662832,0.6769758,0.49221897,0.7217361,0.734446,0.47189075,0.71030927,0.8396691,0.4975015,0.86574775,0.85973173,0.47651765,0.8427729,0.89784086
142,2,0.5408258,0.48840117,0.71516544,0.57150906,0.540581,0.65787446,0.53913003,0.5424236,0.66713965,0.53204894,0.59752923,0.57761925,0.5279089,0.5968606,0.6008712,0.5318376,0.5428901,0.4508536,0.5298345,0.5412895,0.44364876,0.555608,0.6717494,0.73267865,0.53087264,0.66500455,0.73654425,0.4895903,0.7196357,0.5502672,0.47135898,0.7099408,0.60653996,0.49738172,0.86497283,0.7753433,0.47695574,0.84319717,0.91849047
143,2,0.5406687,0.48784655,0.75215787,0.5727673,0.5391227,0.72662014,0.53880745,0.5417918,0.75272876,0.5317914,0.5978173,0.6508502,0.52713007,0.5974826,0.7681706,0.53158927,0.54222286,0.48762977,0.5300538,0.54245675,0.44278577,0.55520666,0.6710175,0.8438988,0.530865,0.6647703,0.7919122,0.49193034,0.72028697,0.7583564,0.47159144,0.70983106,0.6440379,0.49772128,0.8655392,0.645507,0.47680715,0.8431497,0.933264
144,2,0.5403127,0.48778918,0.7882988,0.5727072,0.5389836,0.77841336,0.53777593,0.5412917,0.77721685,0.53202766,0.59710217,0.56403905,0.52788365,0.5980567,0.7380113,0.5317112,0.54133904,0.49417776,0.53129655,0.5379808,0.41319686,0.5556241,0.6707889,0.8541826,0.5310894,0.6647662,0.8149208,0.4920222,0.72165054,0.78006774,0.47119695,0.70983857,0.68412536,0.4976857,0.8661889,0.8932646,0.47638312,0.8435814,0.8079228
145,2,0.5403694,0.4877487,0.78023607,0.57241535,0.5390441,0.82285035,0.5383319,0.5412038,0.78136885,0.53192353,0.59735423,0.5390234,0.5280105,0.5986469,0.7487378,0.53167266,0.5420434,0.51480776,0.53157085,0.538648,0.40564892,0.5552746,0.67031413,0.8758235,0.5315612,0.6639235,0.8166562,0.49218887,0.7216083,0.77867115,0.47113103,0.7099641,0.66762704,0.49769065,0.86487687,0.7499201,0.4766876,0.8444052,0.79070014
146,2,0.5405629,0.48807225,0.7686122,0.5728591,0.539686,0.8000887,0.53861904,0.54149437,0.75108016,0.5313526,0.5981347,0.64848834,0.5280122,0.5987072,0.7480036,0.5318791,0.54202604,0.5311549,0.5316296,0.53910923,0.4608434,0.5549086,0.6719552,0.77555674,0.5295888,0.666031,0.734143,0.4918082,0.720928,0.75046587,0.4710846,0.7100752,0.86971456,0.4975605,0.8644732,0.66234475,0.47659245,0.8438185,0.90737927
147,2,0.5400889,0.48752627,0.80131096,0.5723926,0.5396336,0.72915596,0.5380614,0.5435938,0.7675512,0.5318564,0.59762806,0.6189918,0.52723336,0.5982351,0.75258124,0.53167933,0.5428542,0.48943096,0.5299403,0.53941846,0.43029708,0.5555121,0.6680593,0.7768639,0.5314319,0.6619519,0.82134575,0.48942775,0.7194565,0.63976204,0.47154844,0.7096243,0.78679127,0.49722952,0.8637757,0.8643034,0.4765258,0.84291565,0.86558914
148,2,0.54058367,0.4875776,0.7209854,0.5729771,0.53907526,0.73838806,0.53837883,0.54310554,0.8107957,0.5316693,0.59828293,0.6345842,0.52767414,0.5995845,0.7645809,0.53173405,0.541668,0.6134107,0.53092253,0.5391791,0.43958753,0.5545217,0.66920525,0.7807148,0.52922225,0.6633422,0.7992861,0.490624,0.7206062,0.6795694,0.47141713,0.7103708,0.84637195,0.49718782,0.8636723,0.76861566,0.47702092,0.8440171,0.9007804
149,2,0.5397514,0.48725754,0.836605,0.57350856,0.5392329,0.6892749,0.537051,0.5422849,0.79126316,0.53163254,0.5981008,0.64622885,0.5278319,0.5993861,0.82897514,0.5317315,0.5417875,0.5429297,0.53001404,0.5392096,0.4868973,0.55542094,0.6689122,0.8568964,0.53060526,0.6637393,0.84837586,0.4891367,0.7192398,0.6265766,0.47123814,0.7117791,0.66799426,0.4972641,0.86326647,0.89161474,0.47656223,0.84281915,0.90488386
150,3,0.54057276,0.48713532,0.8174035,0.57305974,0.5380002,0.7479908,0.53789675,0.5421951,0.83038557,0.5316545,0.5979941,0.55385196,0.5275814,0.5998521,0.81669664,0.5317584,0.54196614,0.5680698,0.5315366,0.53925484,0.44919616,0.5549694,0.67064726,0.8276856,0.5301762,0.66525507,0.8369657,0.49046528,0.72085065,0.7397839,0.47134772,0.70915157,0.90005434,0.4975703,0.8652817,0.8367384,0.47672743,0.8440828,0.8994262
151,3,0.5407063,0.4885184,0.78718835,0.5716642,0.5388524,0.8015659,0.53888106,0.5432865,0.7526534,0.5319477,0.5972344,0.6052176,0.52747786,0.59750944,0.74346393,0.5320243,0.54288375,0.6210245,0.5302035,0.5394739,0.5125483,0.55565673,0.6693921,0.82369095,0.53175515,0.6642606,0.8026504,0.4888939,0.7181785,0.63756186,0.47141272,0.71050155,0.757585,0.49739563,0.8644565,0.8542278,0.47718045,0.8427719,0.7908226
152,3,0.54066813,0.48733288,0.7033509,0.57135105,0.5407216,0.80409896,0.5395982,0.54108614,0.6408349,0.5316139,0.5977244,0.52961755,0.5287139,0.59863675,0.575065,0.53172934,0.5424476,0.37898606,0.53156376,0.5396814,0.40238902,0.55324453,0.67342323,0.6335309,0.52844304,0.6671188,0.6785963,0.4912366,0.7207071,0.56996775,0.47159374,0.710169,0.79603064,0.49720046,0.86551505,0.79791427,0.47674644,0.84377414,0.8527952
153,3,0.54016495,0.4869418,0.58044034,0.57236975,0.5426184,0.54886806,0.5386671,0.541483,0.72963196,0.5313469,0.59843564,0.63124794,0.52807534,0.5984577,0.6450912,0.5303287,0.54457647,0.4897964,0.5296093,0.5436746,0.50495315,0.5562033,0.67065054,0.79275954,0.53041756,0.6637823,0.79978544,0.49020022,0.71691,0.66411066,0.47257933,0.70871234,0.47658643,0.4973136,0.86284274,0.9228619,0.4764943,0.8442947,0.93262947
154,3,0.5402862,0.48763326,0.58234406,0.5724431,0.5386267,0.67030084,0.53909093,0.54167455,0.7161802,0.53153616,0.59801227,0.6781387,0.5284837,0.5976168,0.65420353,0.5319826,0.5395356,0.4803301,0.5308601,0.53947914,0.41436908,0.5538031,0.6719997,0.74182886,0.528983,0.6648565,0.69524795,0.4897747,0.72105134,0.6068166,0.47132596,0.7101026,0.84723824,0.49677402,0.8651112,0.84862846,0.47701594,0.8422574,0.9309117
155,3,0.5401581,0.48758918,0.76996714,0.5723316,0.5407064,0.70441383,0.5386017,0.5417142,0.7970863,0.53199315,0.59752584,0.6649178,0.52823186,0.59754705,0.68454945,0.5311049,0.5452952,0.6074546,0.5298951,0.5409108,0.4798543,0.55521446,0.6699882,0.7797902,0.5311992,0.6635294,0.79319465,0.48925087,0.7186849,0.6779048,0.47169775,0.70925766,0.7647384,0.49736497,0.8631486,0.90336215,0.4766931,0.84252286,0.8156572
156,3,0.540478,0.4872115,0.54592305,0.5720693,0.53996164,0.67263645,0.53967917,0.5415836,0.6802231,0.53160346,0.5974749,0.5769858,0.52844286,0.5981366,0.5090989,0.53132564,0.54221714,0.4951042,0.53056204,0.54156643,0.439816,0.5523265,0.6732411,0.6555444,0.5282051,0.666285,0.64337623,0.49019146,0.72119343,0.5046939,0.47182697,0.71055865,0.7475851,0.49713695,0.8653883,0.7323322,0.47654548,0.8454404,0.60971594
157,3,0.53995043,0.48715582,0.67806685,0.57294065,0.5409361,0.5708592,0.538577,0.5418472,0.81878114,0.53128225,0.59833926,0.643356,0.5273238,0.5981975,0.73761564,0.5305913,0.5443819,0.64033943,0.53011674,0.53932583,0.4317715,0.5549257,0.67110586,0.8289832,0.53027385,0.66458625,0.80867165,0.4912719,0.7173106,0.7218877,0.47137797,0.70843554,0.71585613,0.49729493,0.8641008,0.8929645,0.47672334,0.84291804,0.89151824
158,3,0.5404365,0.48730877,0.5909972,0.57215685,0.5412623,0.67210174,0.53901196,0.5429354,0.6849123,0.53221846,0.59682006,0.5635789,0.5276787,0.59667253,0.64988434,0.5310894,0.54194593,0.5335616,0.52981824,0.54123473,0.4326271,0.5553968,0.67184156,0.66718125,0.5298874,0.6664491,0.71410996,0.49207604,0.72057015,0.7345708,0.4717589,0.7103217,0.853311,0.4974893,0.8641109,0.8643093,0.476803,0.8427592,0.9135291
159,3,0.54029197,0.48750395,0.66009414,0.5722722,0.540691,0.6736265,0.53904736,0.5432559,0.7228856,0.53218806,0.59524864,0.511124,0.52794373,0.59644395,0.73407483,0.53074616,0.5422332,0.5409993,0.5298097,0.54150885,0.4626524,0.55499053,0.67201906,0.8246906,0.530808,0.66491747,0.79355055,0.48901078,0.7195395,0.5650019,0.47093517,0.7101341,0.66143984,0.49774128,0.865876,0.8933248,0.47695717,0.84371495,0.92859906
160,3,0.540868,0.4877448,0.670659,0.57224685,0.54077685,0.6715561,0.5383324,0.5416794,0.67674816,0.53221995,0.5971255,0.5782915,0.5274668,0.5970488,0.6370643,0.53123003,0.54250926,0.49536377,0.5302418,0.5420873,0.41258898,0.554863,0.6721076,0.76994807,0.5302056,0.66540146,0.72322476,0.4917339,0.72067386,0.67303413,0.47205326,0.71048224,0.8331738,0.49792144,0.8651539,0.8849507,0.47689894,0.8420532,0.8737663
161,3,0.54037535,0.48794046,0.6952885,0.57245857,0.541009,0.6652231,0.53931683,0.5423699,0.732502,0.5321199,0.5964531,0.5636576,0.52899295,0.59705234,0.62274474,0.5310767,0.54335946,0.57323545,0.5300914,0.54271656,0.4506444,0.5552247,0.67286193,0.792783,0.5306602,0.66620743,0.78805435,0.48978323,0.7197771,0.6105944,0.4708137,0.7098642,0.66901666,0.49744564,0.8658481,0.88492,0.4766981,0.8432147,0.92832404
162,3,0.54067695,0.487916,0.7640115,0.57254696,0.5390621,0.68023854,0.53844553,0.54266495,0.7169208,0.5324668,0.5954559,0.4986146,0.5275454,0.5970624,0.76392436,0.5316812,0.5422713,0.4294018,0.5297984,0.54237115,0.44179308,0.5560115,0.67142934,0.8016273,0.5316284,0.6651026,0.8002235,0.489103,0.7196206,0.5816011,0.47091636,0.71025246,0.66412824,0.49760118,0.86536354,0.77205473,0.47673503,0.84384537,0.93687046
163,3,0.54047865,0.48765022,0.7623257,0.5728424,0.5385771,0.8305998,0.5391271,0.54138327,0.76915336,0.53165567,0.59779906,0.6757768,0.52763045,0.597454,0.80050063,0.53186566,0.54175746,0.54517615,0.5314006,0.5384238,0.4516044,0.5554089,0.67009914,0.8557742,0.5316776,0.66428715,0.8163936,0.49139348,0.721132,0.7628371,0.47134274,0.71104085,0.64761096,0.4975411,0.86512566,0.7620202,0.47674605,0.8434542,0.8516352
164,3,0.54061437,0.48779872,0.7515356,0.5720324,0.5396813,0.8246267,0.5393419,0.5426369,0.7034166,0.5318137,0.5978528,0.6134813,0.5284523,0.59847957,0.6611934,0.53201896,0.5418599,0.45696855,0.5316815,0.5387819,0.45331743,0.5546396,0.6723905,0.80522877,0.53069085,0.6654779,0.7342737,0.49183688,0.7205642,0.7176434,0.47187406,0.7100761,0.86245227,0.49774304,0.86532533,0.64975595,0.47723892,0.8429,0.9220749
165,3,0.54055464,0.48718122,0.7711778,0.572087,0.53966486,0.7281737,0.53891695,0.54255694,0.74421346,0.53220093,0.5964399,0.5932897,0.52792674,0.59638923,0.7104872,0.5316462,0.54343474,0.6104744,0.5304679,0.54279083,0.49723437,0.5555136,0.6705505,0.815614,0.5313909,0.664106,0.79620135,0.48916537,0.7197824,0.63922447,0.47131595,0.71026284,0.72950727,0.4976125,0.86373246,0.85713506,0.477351,0.8413302,0.9180941
166,3,0.5405955,0.48756206,0.7551684,0.572553,0.5386822,0.75977826,0.53870684,0.54174346,0.7655461,0.53143793,0.5979351,0.65540814,0.5285892,0.5979667,0.7211652,0.53151166,0.54248357,0.5027215,0.53157,0.53917426,0.429712,0.5552049,0.6719669,0.8347551,0.5306582,0.6657179,0.76814765,0.49137726,0.72047347,0.75525224,0.47160167,0.70989925,0.55940914,0.49762493,0.8656645,0.84042984,0.4768072,0.84367526,0.9123972
167,3,0.540658,0.4877404,0.7383287,0.57176715,0.5403567,0.7957717,0.53876436,0.5425815,0.6879314,0.532006,0.5964948,0.561765,0.5277546,0.59674436,0.6570406,0.5318773,0.54239094,0.5847439,0.53062147,0.54166406,0.48136467,0.5556834,0.6712631,0.81096417,0.53137356,0.66595083,0.7787689,0.48889095,0.7193567,0.6032288,0.4713871,0.7103229,0.7143414,0.4974944,0.86420965,0.85710084,0.47744474,0.8419826,0.90736884
168,3,0.5405257,0.48763004,0.7289251,0.57270354,0.53873235,0.78592247,0.53876877,0.54229844,0.78761995,0.53200084,0.59735495,0.6578973,0.5271723,0.597005,0.8105018,0.5316905,0.5419832,0.5438306,0.53054154,0.5381005,0.36429793,0.5540142,0.6703103,0.83484554,0.5303574,0.6639228,0.7700033,0.49103412,0.72129196,0.75282747,0.4720106,0.7104795,0.78105426,0.49741194,0.8647883,0.7393385,0.47674033,0.8438606,0.7975476
169,3,0.54013425,0.48716205,0.8248002,0.57304704,0.54021305,0.75934535,0.5380537,0.5432544,0.79558307,0.5316494,0.5980228,0.5939212,0.52815634,0.5986423,0.8048399,0.5314904,0.54182184,0.51657766,0.52996594,0.5385878,0.47852525,0.5545238,0.67104864,0.86479163,0.5310376,0.6645542,0.812928,0.48881736,0.7179663,0.64849395,0.47126153,0.7113276,0.7138441,0.4974467,0.8633965,0.78104025,0.47694233,0.84260726,0.76748836
170,3,0.5405561,0.4875784,0.7670845,0.5727693,0.5397713,0.7262421,0.5378449,0.54318225,0.78241664,0.53192276,0.59710974,0.59850615,0.5282754,0.5974902,0.7170229,0.5311843,0.5417606,0.45797768,0.52962166,0.5417753,0.4522036,0.5548756,0.6711479,0.85706687,0.52974343,0.66625607,0.7824607,0.49186307,0.7209856,0.75403214,0.4713002,0.7102192,0.8895488,0.49760434,0.8642358,0.6927162,0.47675306,0.84246546,0.9339612
171,3,0.54015064,0.48749617,0.81868196,0.5729783,0.53962237,0.72141546,0.53849036,0.5437451,0.8174024,0.53151226,0.5973038,0.60817623,0.5286761,0.597609,0.7378443,0.5314063,0.5441113,0.65812796,0.5305643,0.5433791,0.4713622,0.55490917,0.6677318,0.8142588,0.5314701,0.6615928,0.8254131,0.4890105,0.71844685,0.6579969,0.47152868,0.7097151,0.793534,0.4971669,0.86402327,0.8463943,0.477045,0.8424112,0.85630864
172,3,0.54064494,0.48733136,0.8009577,0.57351595,0.5396391,0.72703975,0.5382851,0.54145336,0.7852598,0.53233755,0.59754777,0.55199397,0.528364,0.59837,0.7698407,0.5317264,0.54185367,0.50220346,0.5318817,0.53907865,0.50131327,0.5539353,0.6697722,0.7877651,0.5292348,0.66428065,0.7583877,0.4899041,0.72043085,0.6729717,0.47158012,0.71041113,0.8265337,0.49725285,0.8634529,0.79055256,0.476371,0.84413296,0.78700036
173,3,0.54006135,0.4873127,0.7426776,0.57328725,0.54056644,0.62113774,0.5377591,0.54294276,0.77231735,0.53132755,0.5981296,0.61575735,0.52807224,0.5985947,0.7576201,0.53137976,0.5418451,0.47068727,0.5300661,0.5389608,0.47283703,0.55535,0.6704038,0.8037185,0.530226,0.66421634,0.81071943,0.48945552,0.71749073,0.66498744,0.47161487,0.7117195,0.6708932,0.49739605,0.863677,0.8869125,0.47709382,0.84180164,0.8650322
174,3,0.5403685,0.48787066,0.7534639,0.57275337,0.539994,0.69394433,0.5383798,0.5424957,0.75842834,0.53212196,0.5975538,0.5851704,0.52820367,0.59806037,0.7235462,0.5316486,0.54019743,0.4756547,0.5296145,0.5405438,0.44199893,0.55441284,0.67028546,0.8647533,0.52923113,0.6643485,0.8020837,0.49082735,0.719706,0.76901394,0.47147995,0.70974797,0.8910105,0.49751937,0.8655407,0.8175597,0.47655073,0.84396154,0.912407
175,3,0.54012716,0.48723438,0.72488415,0.57309747,0.5408857,0.62182975,0.53737926,0.54227537,0.7576071,0.53111583,0.5982808,0.56804544,0.52845204,0.6002945,0.65805525,0.5315642,0.54148644,0.44532508,0.53020597,0.54263693,0.51426125,0.55525523,0.6700102,0.8103506,0.5299213,0.6643116,0.7948015,0.489061,0.71703863,0.64654636,0.47149467,0.71082497,0.7047351,0.49743283,0.8645646,0.87615377,0.47662795,0.8431761,0.90873563
176,3,0.5402723,0.4873199,0.6305918,0.57257205,0.5411888,0.65272075,0.5390329,0.54327625,0.7277227,0.5314903,0.59799814,0.68328786,0.52842534,0.5975919,0.68137246,0.5315382,0.5413452,0.44633308,0.529893,0.5416015,0.4670989,0.5542231,0.6713941,0.7303674,0.5286972,0.6650595,0.68813205,0.49081996,0.7202334,0.70060754,0.47150606,0.7097679,0.86262417,0.49755496,0.8653049,0.7776924,0.47699255,0.8426119,0.93966955
177,3,0.54068106,0.48733458,0.5639936,0.57241464,0.5409039,0.52367395,0.53889596,0.54214615,0.74399805,0.5316629,0.59573376,0.538256,0.52847904,0.59736556,0.6523207,0.53072834,0.5415379,0.58331424,0.5301222,0.54075193,0.5010536,0.55537033,0.6703084,0.7619153,0.5303326,0.6643124,0.7943163,0.48925483,0.71823746,0.6509279,0.4716491,0.71055037,0.6990511,0.4972763,0.8636979,0.89057475,0.47664344,0.8422716,0.9115126
178,3,0.5401176,0.48714748,0.62873286,0.5726362,0.54000854,0.6776534,0.5384598,0.5419434,0.7339365,0.5321587,0.59724665,0.57686895,0.5281813,0.5978447,0.7040828,0.53182876,0.54102045,0.45513865,0.5304878,0.54112333,0.46071893,0.55424994,0.6711674,0.846542,0.5294982,0.6648945,0.7944568,0.4908048,0.7203899,0.7154361,0.4712515,0.7103381,0.8805125,0.4973618,0.86577374,0.7604634,0.47701275,0.84312993,0.9038014
179,3,0.5404288,0.4869741,0.6690215,0.5728136,0.540892,0.6078361,0.53770953,0.5427294,0.72454715,0.53139955,0.5975574,0.5629609,0.5278341,0.59894264,0.68828946,0.5305583,0.54310894,0.56821257,0.5298838,0.54222614,0.48176205,0.5552511,0.6690069,0.77271885,0.53048456,0.6626637,0.80392087,0.48870715,0.7179114,0.59917104,0.4717668,0.7108085,0.70623106,0.49754587,0.86376935,0.7421998,0.47750527,0.8407926,0.9118042
180,3,0.5404618,0.48765916,0.71800125,0.5731278,0.5403477,0.6232873,0.5376805,0.5422104,0.7876085,0.5322909,0.59718597,0.57305634,0.52793974,0.5982318,0.7114131,0.53144956,0.5397702,0.52335525,0.53010637,0.53956574,0.4129961,0.5537384,0.6708658,0.7930049,0.52866644,0.66462994,0.78827804,0.48940912,0.72059053,0.65757483,0.47075513,0.71007836,0.823066,0.49715373,0.8631482,0.81576186,0.47662914,0.84389246,0.7861279
181,3,0.54023576,0.4871736,0.63346624,0.5727215,0.5417584,0.5541832,0.5380363,0.5410762,0.76514864,0.5317725,0.5974087,0.6549871,0.5284516,0.59694034,0.68486303,0.5303563,0.54358554,0.5943154,0.5296461,0.5427674,0.5041043,0.5562032,0.6729546,0.81750304,0.5303986,0.6654613,0.73810285,0.4892573,0.71820784,0.6715825,0.47167408,0.71049076,0.70862204,0.49729928,0.8619902,0.77657616,0.47684765,0.8414381,0.87833714
182,3,0.5407372,0.4876705,0.69490963,0.57214373,0.53914475,0.6934889,0.5386689,0.5419569,0.739162,0.53150004,0.5972871,0.674326,0.52732027,0.5965086,0.7363923,0.53203833,0.5399006,0.4341109,0.53071415,0.5395485,0.43036243,0.5552265,0.67140085,0.8210026,0.53049517,0.6654696,0.77005804,0.49130136,0.7211089,0.7370797,0.47223678,0.71065325,0.8731466,0.49726582,0.8644787,0.7401508,0.47701788,0.8437007,0.9210815
183,3,0.54074544,0.48684183,0.7934391,0.5723355,0.5396944,0.7587801,0.53848624,0.5434173,0.72621334,0.53200024,0.5968143,0.5778097,0.52724296,0.5965298,0.7454597,0.53204304,0.54044443,0.44974545,0.53015757,0.5407038,0.47701836,0.5554183,0.6703818,0.83501,0.53112143,0.6647695,0.80645585,0.48907328,0.718908,0.6376813,0.4711169,0.7114698,0.67340773,0.49749926,0.8642002,0.8359474,0.47700304,0.84156543,0.89499015
184,3,0.54085165,0.4869724,0.7753453,0.5726039,0.5379613,0.72307265,0.538187,0.5412834,0.7820972,0.53150904,0.59746456,0.66740674,0.5281351,0.597926,0.69859964,0.5314699,0.54179746,0.48772836,0.5309226,0.53831863,0.39179716,0.55517703,0.67086625,0.8502562,0.53005505,0.6649397,0.7651125,0.4917029,0.72022456,0.73675925,0.47131854,0.7104853,0.58440626,0.4974365,0.8641502,0.68568313,0.4766173,0.8428418,0.92433345
185,3,0.54131484,0.48758724,0.75377554,0.57096714,0.5395892,0.77945524,0.53810555,0.5421595,0.60543513,0.53228086,0.5967914,0.50293577,0.52819043,0.59816307,0.60629267,0.5321373,0.5427289,0.55050635,0.5320291,0.5382349,0.41743731,0.55530334,0.67066354,0.793092,0.53125554,0.66479784,0.7628713,0.48992616,0.7188171,0.5903223,0.47155574,0.7112939,0.64557296,0.4971293,0.86401117,0.83836573,0.47649843,0.8427581,0.9312653
186,3,0.5410308,0.48714724,0.81379354,0.5725138,0.53740185,0.75248706,0.53815335,0.54125303,0.79568195,0.53138274,0.59752303,0.67457217,0.52699155,0.59709084,0.7999658,0.53156525,0.5416305,0.49957544,0.53105396,0.5381155,0.39785516,0.5556515,0.6692704,0.8569837,0.5313777,0.6637027,0.82413876,0.49198028,0.7203451,0.77122724,0.47126994,0.7101464,0.64778507,0.4977747,0.86513036,0.68233967,0.4767978,0.8437204,0.7689077
187,3,0.54117817,0.4877364,0.7447278,0.57104963,0.54011965,0.81567883,0.53831846,0.5398378,0.7014376,0.5312736,0.5969287,0.5850656,0.5280555,0.5974912,0.66627157,0.53230035,0.5404955,0.4078667,0.53212494,0.537236,0.4420019,0.55408776,0.67143446,0.79414225,0.5298322,0.66504323,0.70444685,0.49202117,0.7202266,0.7057367,0.4722027,0.71015316,0.8549929,0.49754176,0.8651837,0.6152833,0.4769355,0.8437219,0.91865426
188,3,0.54029465,0.48686677,0.6956591,0.5725965,0.54065865,0.6296383,0.5381266,0.5413799,0.7187097,0.5313193,0.5970879,0.54048765,0.52826756,0.59754705,0.6408262,0.5308687,0.5436976,0.56613684,0.5302547,0.5428116,0.49142495,0.5557167,0.66894215,0.751436,0.53066474,0.6628772,0.7926517,0.48970154,0.71851337,0.6204507,0.4716944,0.71031225,0.7044854,0.49725616,0.863601,0.7860152,0.47703978,0.8434879,0.9256603
189,3,0.5404674,0.48741987,0.6745568,0.5728719,0.53880155,0.7116692,0.53840625,0.54234993,0.8249364,0.5320037,0.59754455,0.56894815,0.5278733,0.59880024,0.76030207,0.53226936,0.5392466,0.5366734,0.53077734,0.5392047,0.4352945,0.5541548,0.66951036,0.81227785,0.5294949,0.66263855,0.77447057,0.4897607,0.7202683,0.6863008,0.4710196,0.70980704,0.85713047,0.49723905,0.86275274,0.8613907,0.47647104,0.84392667,0.8044251
190,3,0.5401164,0.48707467,0.79499954,0.57318765,0.54002595,0.6917285,0.5380178,0.5429961,0.7847966,0.5313095,0.59787035,0.5997569,0.5277111,0.5984663,0.7749484,0.5316013,0.5414495,0.5152186,0.52996564,0.5387211,0.48409712,0.55497617,0.6705815,0.8323849,0.53032917,0.66451716,0.80473655,0.4893114,0.7192609,0.58626586,0.4717236,0.71121997,0.67697537,0.4973287,0.8634335,0.8822431,0.47722512,0.84198755,0.8470675
191,3,0.540505,0.4876506,0.79029065,0.5730173,0.5397756,0.7204514,0.53813535,0.5424141,0.77105045,0.5314426,0.5972802,0.5595241,0.5281697,0.59799737,0.74991405,0.5313761,0.5415084,0.5031955,0.53010887,0.54167265,0.42348346,0.5556034,0.67014,0.8560369,0.53056705,0.66475236,0.821478,0.491696,0.72072303,0.7794899,0.47092962,0.71070814,0.6421137,0.49775115,0.86553794,0.8873761,0.47682407,0.84256804,0.93197864
192,3,0.5407114,0.48719025,0.80467397,0.573008,0.5380509,0.7102607,0.5377725,0.54147387,0.8112115,0.53234327,0.5968056,0.5906694,0.52805483,0.59796464,0.7395565,0.53156143,0.5413262,0.5000572,0.5296946,0.5413645,0.41630027,0.55545616,0.66940916,0.8669348,0.5308826,0.6639534,0.82356614,0.48990944,0.72106344,0.53111523,0.471319,0.71037203,0.6278424,0.49754316,0.86552227,0.88874316,0.47664773,0.84329623,0.9272872
193,3,0.54102504,0.4871872,0.8071221,0.57268184,0.5377572,0.7881165,0.53777045,0.5408516,0.8005863,0.5321304,0.59689045,0.5577604,0.5275792,0.59853154,0.76252514,0.53203106,0.5394524,0.50429857,0.530157,0.5397595,0.4496001,0.5557463,0.6694799,0.8666705,0.53117484,0.66392505,0.83254296,0.49194714,0.7208866,0.794899,0.4712456,0.71068543,0.64655083,0.49762744,0.8651704,0.9074726,0.47691762,0.84296954,0.78731066
194,3,0.5412019,0.4876463,0.78508514,0.57147783,0.5388104,0.8483037,0.53810817,0.540861,0.7837429,0.53113455,0.5970861,0.6333484,0.5277074,0.59784347,0.7352888,0.5322578,0.5391842,0.46491614,0.5303018,0.5394919,0.4742326,0.5544701,0.6701034,0.85604036,0.53033465,0.6641031,0.7854083,0.49144134,0.7216073,0.75041574,0.47187883,0.7102139,0.8924611,0.49808136,0.86635184,0.89584994,0.4771944,0.8435191,0.76194674
195,3,0.54040587,0.4871622,0.8262773,0.57318765,0.53899425,0.7324706,0.5385255,0.5428158,0.7977932,0.53186727,0.59746444,0.61994916,0.52784663,0.59815115,0.7772347,0.53202194,0.54116,0.5315291,0.5305053,0.5421328,0.48419124,0.5549479,0.669942,0.87552804,0.5310686,0.6640107,0.8250088,0.49121398,0.7201746,0.80738366,0.47142974,0.7105244,0.7241508,0.49765626,0.86498624,0.90771717,0.47674933,0.84341705,0.92288864
196,3,0.5409641,0.4871195,0.8093485,0.5729202,0.5386996,0.7431644,0.53797024,0.54201597,0.77426034,0.5324982,0.59694546,0.5978382,0.5277919,0.59818274,0.7255336,0.53195375,0.5403172,0.48741886,0.5298883,0.5406668,0.44346386,0.55527526,0.6704191,0.85767734,0.5302826,0.66470283,0.7738372,0.49174708,0.7210257,0.7680273,0.47119814,0.7109612,0.6203545,0.4975335,0.8660676,0.8808325,0.47681582,0.84354514,0.9256765
197,3,0.5409742,0.48723388,0.78295094,0.57251483,0.540365,0.7606841,0.5391754,0.5435544,0.73843265,0.53227735,0.5968081,0.5720563,0.5283574,0.5975444,0.6617456,0.53158987,0.54198927,0.5801809,0.53030777,0.5415652,0.4606315,0.5551895,0.6711445,0.8206671,0.5311662,0.6651078,0.78601307,0.48919564,0.71959984,0.6077487,0.47168568,0.71046823,0.70811546,0.4974905,0.86495256,0.6959066,0.4766647,0.84364176,0.9311634
198,3,0.54076976,0.48728123,0.74234694,0.5729603,0.5391351,0.703007,0.5378878,0.5424188,0.78072,0.53270966,0.5963643,0.57513136,0.52702886,0.59660995,0.79358315,0.5322162,0.53915644,0.42905217,0.52973706,0.5391165,0.42350453,0.55520743,0.67052996,0.85959387,0.5311102,0.66472393,0.8106996,0.4916991,0.7207889,0.75753057,0.47129467,0.7098081,0.66230935,0.49761546,0.86498165,0.6742929,0.47681397,0.8434625,0.7703794
199,3,0.54110044,0.4869698,0.82186615,0.57278025,0.5384287,0.7581477,0.53805083,0.5419404,0.7868304,0.53220826,0.59689325,0.58823174,0.526779,0.59752977,0.791341,0.5319734,0.5404511,0.4769544,0.5299134,0.5406949,0.44854727,0.5553563,0.6694102,0.8640757,0.5312486,0.6637114,0.82908756,0.491962,0.721685,0.76839757,0.47135368,0.7099786,0.686743,0.4978748,0.8661102,0.8984113,0.47685042,0.84283257,0.80218744
200,4,0.5410253,0.4870914,0.8191909,0.57338905,0.53861594,0.78816634,0.5379448,0.5418818,0.8197167,0.5317687,0.5970407,0.58233374,0.527757,0.59821475,0.77658886,0.53213143,0.53986394,0.53144705,0.53015906,0.54017764,0.47007295,0.55549496,0.6693284,0.8950969,0.53088665,0.6641312,0.8397152,0.49104038,0.72095156,0.80463,0.471104,0.7096105,0.9187856,0.49743462,0.86447585,0.70287484,0.47677028,0.8436123,0.76880485
201,4,0.54109544,0.48655945,0.8306582,0.57338387,0.5389377,0.7744469,0.53810483,0.5416764,0.79752463,0.53200144,0.5967908,0.5820197,0.52693313,0.5969875,0.79164606,0.5321271,0.5400752,0.5211758,0.5313262,0.5367355,0.3856957,0.5555914,0.66960317,0.8739604,0.53122205,0.66421527,0.8314493,0.49143806,0.7202989,0.79197365,0.47087818,0.7102911,0.62991285,0.4976007,0.865175,0.90114564,0.47673416,0.84320873,0.938161
202,4,0.54118365,0.48719963,0.8088065,0.5725782,0.5390473,0.7826848,0.53860927,0.5412161,0.76986223,0.5324901,0.5965503,0.5741222,0.5268764,0.5966584,0.76534724,0.5321469,0.5410666,0.48548272,0.53137416,0.5377873,0.4147468,0.55512786,0.67092013,0.85202444,0.53032947,0.6642587,0.75183916,0.49154645,0.72099113,0.75092286,0.47128487,0.7097571,0.62426966,0.4973461,0.86460006,0.65939355,0.47671652,0.84348416,0.92583555
203,4,0.54057485,0.48695096,0.80868274,0.5731419,0.53961706,0.7387637,0.53837454,0.54305667,0.77989054,0.5321511,0.5963977,0.63619804,0.52673876,0.5967003,0.7994626,0.53189605,0.5415984,0.512091,0.5312369,0.53831834,0.38970187,0.55590504,0.67136204,0.8352141,0.5314812,0.6649887,0.7977477,0.48884982,0.7187883,0.66696715,0.47111195,0.70989865,0.73754156,0.49771968,0.8646079,0.7666845,0.47716224,0.8420246,0.89788896
204,4,0.5414124,0.4869699,0.8174059,0.572625,0.5388596,0.80185527,0.53916085,0.54180443,0.77609533,0.53154546,0.59681803,0.68186057,0.52726877,0.5964847,0.81148386,0.53179365,0.5414877,0.54375905,0.5311844,0.5376169,0.42645973,0.5550422,0.6698234,0.8476223,0.531553,0.66335315,0.81928676,0.4908105,0.72073627,0.76500493,0.47136763,0.70963055,0.66149974,0.49768588,0.8651491,0.7496079,0.47689852,0.84365296,0.82351303
205,4,0.5412092,0.48659238,0.75715345,0.57194865,0.5402547,0.7153306,0.5387674,0.5401594,0.66122764,0.53186125,0.5966336,0.5874887,0.5283498,0.5976679,0.52596295,0.5320105,0.54172295,0.4770197,0.5301745,0.541096,0.42898053,0.55450124,0.6728089,0.6880677,0.5289792,0.66626376,0.64955956,0.4921648,0.7217722,0.60500556,0.47215042,0.7100848,0.7925971,0.49752137,0.8645722,0.79237956,0.47671232,0.84295446,0.89354694
206,4,0.5411741,0.48730022,0.5952616,0.57288104,0.5406612,0.5408,0.53948313,0.5411499,0.7320598,0.53135484,0.5963215,0.5225753,0.52839416,0.59726065,0.5297638,0.53120524,0.5439498,0.50527894,0.5302182,0.54308224,0.49463436,0.5562337,0.6709633,0.64502317,0.5312035,0.66343045,0.73259145,0.4897526,0.7197607,0.5823514,0.4719474,0.709074,0.6625998,0.4978331,0.8639482,0.8411059,0.47717527,0.84179974,0.90179217
207,4,0.5408359,0.48701167,0.5719203,0.57301813,0.5394658,0.6604521,0.5395399,0.5411944,0.71118784,0.53174627,0.5971598,0.65862685,0.52714753,0.5968957,0.6845908,0.5323331,0.53954035,0.4241732,0.5310144,0.53941345,0.41566542,0.55368114,0.67183036,0.6846306,0.5288161,0.6642692,0.6431875,0.49033764,0.7217353,0.54673916,0.47147352,0.7101044,0.82850116,0.49677494,0.86566186,0.8259609,0.47712308,0.8435002,0.8611623
208,4,0.5405866,0.48669025,0.6575239,0.57338995,0.5411279,0.57877135,0.5382974,0.54284245,0.80188286,0.5315426,0.59709954,0.6300508,0.52802694,0.5971881,0.72818905,0.5309203,0.5439912,0.6017414,0.53007644,0.53897464,0.44143692,0.5559207,0.670904,0.8337296,0.5308272,0.66327536,0.81105494,0.49042404,0.71912104,0.66140884,0.47172403,0.7096259,0.74340117,0.4976831,0.8643606,0.7542953,0.47711995,0.8424693,0.9325769
209,4,0.54097265,0.4874861,0.6398182,0.57270306,0.54004055,0.6088979,0.53897613,0.5396589,0.62268645,0.5316895,0.59610313,0.61968315,0.52766645,0.5955773,0.6465683,0.53192836,0.53838503,0.4850292,0.53138894,0.535667,0.37401882,0.55312455,0.6722946,0.640111,0.52792877,0.66536254,0.6124594,0.4907689,0.7215078,0.50212264,0.47157535,0.71009123,0.778572,0.49631917,0.86668724,0.8079274,0.47705936,0.8428853,0.87469894
210,4,0.54028004,0.4866623,0.60976624,0.5716362,0.54087466,0.78481036,0.53870845,0.54124594,0.79385424,0.5315853,0.5971017,0.65382034,0.5274397,0.597247,0.6507836,0.5307525,0.54366696,0.61423254,0.5294074,0.54312027,0.43314183,0.55504555,0.67119396,0.798936,0.52984244,0.6647712,0.80366945,0.49082306,0.71853274,0.67705715,0.47171646,0.7085845,0.6119804,0.49746594,0.8644546,0.8092035,0.47722432,0.8418761,0.93758714
211,4,0.54015625,0.48721188,0.63009226,0.5727378,0.5401858,0.6091919,0.53885627,0.5426883,0.7386587,0.53215885,0.59473187,0.5275314,0.527554,0.59631455,0.73544633,0.53071564,0.5414483,0.5812786,0.5299779,0.540684,0.45541212,0.5548388,0.67052644,0.82483464,0.52965176,0.66408914,0.77056766,0.489548,0.7183049,0.611644,0.47113767,0.7105524,0.5933434,0.4980094,0.8655061,0.85345274,0.4768651,0.8416834,0.9165303
212,4,0.5403192,0.4869868,0.6984421,0.5734918,0.539466,0.5624392,0.53828233,0.5422832,0.7738985,0.5320533,0.5955367,0.5114625,0.5276714,0.5973211,0.7220878,0.53067714,0.54047453,0.6062027,0.52982014,0.5397308,0.4616207,0.5553615,0.669374,0.8248024,0.5303919,0.66367865,0.81790185,0.48954636,0.71821874,0.6460034,0.47137234,0.7108933,0.6505005,0.49779922,0.8655478,0.84418154,0.4767924,0.8431375,0.9081211
213,4,0.54095775,0.48724788,0.69662845,0.5725661,0.54020905,0.6736255,0.5386504,0.5405475,0.68446845,0.5316884,0.5968949,0.6218971,0.5281136,0.59805995,0.5672487,0.5310404,0.54102033,0.51577187,0.52974147,0.54020596,0.412896,0.5540276,0.67092305,0.69375277,0.52856183,0.66486955,0.6871854,0.49166235,0.7193634,0.70535976,0.47162163,0.7100403,0.82766217,0.497472,0.86503226,0.7787623,0.4771066,0.8423411,0.92316824
214,4,0.5405082,0.48650655,0.6146434,0.5721837,0.5393678,0.7637413,0.5377022,0.54137504,0.77926,0.5316176,0.59514725,0.5895446,0.52726054,0.5957054,0.7504669,0.5313786,0.54052365,0.40518644,0.52939194,0.5413242,0.47250772,0.55601937,0.6713085,0.8362942,0.530372,0.66472006,0.821717,0.4902998,0.71839565,0.6631346,0.47169706,0.70953876,0.7626373,0.4975747,0.8627736,0.77334565,0.4773038,0.8406153,0.9169957
215,4,0.54109347,0.48699188,0.7729569,0.57241565,0.5384271,0.71013165,0.5380282,0.5401596,0.7413833,0.53146195,0.59636265,0.6630386,0.5265583,0.5968546,0.74633247,0.5317708,0.5405647,0.5465063,0.52985436,0.538882,0.41110462,0.5557493,0.66967356,0.8213087,0.531016,0.6636828,0.80544627,0.4899992,0.71896946,0.60274494,0.4713775,0.7093807,0.6906579,0.49788508,0.86638117,0.88957906,0.47686765,0.8436615,0.9382398
216,4,0.5416088,0.48685992,0.75841707,0.57242286,0.5398981,0.7221242,0.5383446,0.5396963,0.6955161,0.53187084,0.5960633,0.5807085,0.5285079,0.5971265,0.5109365,0.5316859,0.5391009,0.43238398,0.5301871,0.5381747,0.416627,0.55365354,0.6716364,0.68147296,0.5286047,0.66488713,0.70853555,0.4923997,0.7208088,0.60019284,0.4725495,0.7108337,0.7741899,0.4976989,0.865778,0.7453143,0.4770299,0.8427234,0.84447837
217,4,0.5407229,0.48699012,0.5933593,0.57301813,0.5412796,0.52457875,0.5384861,0.5411413,0.7708283,0.5315626,0.59439296,0.56045,0.52805054,0.5970163,0.6514631,0.5308532,0.54360884,0.56973666,0.52979225,0.5427601,0.45343834,0.5558804,0.67057383,0.81325704,0.5307485,0.663474,0.80218315,0.49065965,0.7192817,0.66781133,0.47177693,0.70998544,0.74622446,0.49747428,0.8644242,0.7811107,0.4774911,0.84355503,0.9066241
218,4,0.5406858,0.48706937,0.59842354,0.5733012,0.5386827,0.6129873,0.5383435,0.5405853,0.63725245,0.532446,0.59406865,0.5147057,0.52762,0.59537387,0.7609283,0.53222847,0.5365787,0.43356085,0.5315006,0.5360601,0.38115144,0.55315185,0.67144495,0.7366247,0.5287702,0.66440165,0.72319883,0.49073792,0.7201246,0.66784465,0.47106114,0.7095832,0.8689631,0.49766678,0.86503893,0.81015444,0.47718474,0.84293735,0.9354252
219,4,0.54094476,0.48626205,0.56378496,0.57294494,0.54180044,0.5923798,0.53890926,0.54089683,0.7776151,0.53179085,0.59677386,0.6281778,0.5276696,0.5968584,0.64263195,0.531055,0.5424324,0.55640095,0.5297673,0.54164606,0.45752236,0.5544952,0.67070156,0.7775185,0.53013283,0.6640601,0.7918464,0.49063414,0.71861166,0.68159187,0.47197226,0.7095566,0.7457857,0.49802887,0.8644999,0.7883831,0.47691983,0.84385455,0.9092288
220,4,0.54023844,0.48730916,0.6200673,0.57327944,0.53976595,0.55790174,0.53855497,0.5426065,0.75968647,0.53237206,0.59429395,0.56932276,0.52730286,0.59547937,0.7940113,0.530674,0.54092145,0.61412513,0.529876,0.54020995,0.4424699,0.554765,0.67095697,0.83118695,0.529775,0.66445875,0.744696,0.4901301,0.7207604,0.5782202,0.47125772,0.7111277,0.6031871,0.49776915,0.8653564,0.8068249,0.47784606,0.8421777,0.8753069
221,4,0.54085124,0.4873364,0.74286175,0.57357824,0.5395121,0.60993874,0.5379357,0.54249936,0.7537792,0.5319901,0.59400105,0.55090815,0.5270097,0.5956324,0.7736976,0.5309259,0.5388777,0.5730106,0.5300075,0.5377988,0.48564044,0.5552199,0.6696031,0.8285951,0.5309748,0.6632548,0.81636614,0.48950002,0.71741104,0.6990446,0.4715216,0.709977,0.7231293,0.4977358,0.8632265,0.75969785,0.47741267,0.84136814,0.8816428
222,4,0.5409889,0.48755193,0.79219645,0.57328075,0.53912705,0.6851912,0.5380857,0.5411864,0.78026885,0.53118163,0.59668106,0.6836375,0.52813077,0.5971679,0.6791984,0.5315947,0.53888845,0.42118347,0.52993345,0.53841174,0.4187523,0.5541372,0.6701646,0.8534277,0.5289151,0.66431224,0.81262374,0.49198574,0.7208913,0.7005735,0.47166717,0.7098463,0.8679931,0.49791417,0.8649259,0.8121976,0.476922,0.8432123,0.8918257
223,4,0.540926,0.48657966,0.6312965,0.57330644,0.5410347,0.5968928,0.5382642,0.5420614,0.7602654,0.5316242,0.59636337,0.5855038,0.52780324,0.59618175,0.62406987,0.5309368,0.54295564,0.5752463,0.53003836,0.5421824,0.51152116,0.5563866,0.6714237,0.8025513,0.5305073,0.66459614,0.774351,0.49035487,0.7180931,0.63764864,0.47188655,0.71060807,0.6437083,0.49743986,0.86187756,0.7449899,0.47697705,0.84220636,0.8884653
224,4,0.5407019,0.48711747,0.61993444,0.5728223,0.53840965,0.65333986,0.5387665,0.5408102,0.7187375,0.53295386,0.5938753,0.5186844,0.527862,0.59530014,0.7163936,0.5316071,0.53812605,0.43344742,0.53155214,0.5354317,0.3686297,0.5548962,0.6699418,0.81148165,0.5298443,0.66286194,0.7673231,0.49155524,0.7205294,0.7162654,0.4715894,0.71035284,0.85680616,0.49727193,0.8651053,0.85636026,0.4768534,0.8426742,0.9029464
225,4,0.5406989,0.48687613,0.7932517,0.57309926,0.5390719,0.6980421,0.53822845,0.54251707,0.7497214,0.53191,0.5958962,0.5759323,0.5278381,0.59651804,0.7198398,0.531978,0.54046404,0.45753413,0.5304725,0.5411939,0.50057745,0.5549306,0.6701085,0.8365506,0.5305269,0.664429,0.8113068,0.48937482,0.72016346,0.5630861,0.47151658,0.71160954,0.6142095,0.49741498,0.8639031,0.8936408,0.47670594,0.84277546,0.9056397
226,4,0.5409495,0.4876019,0.77911377,0.5726182,0.53921896,0.69554615,0.5399717,0.54097575,0.75848025,0.532215,0.5957161,0.5593658,0.5276474,0.5955853,0.6785828,0.53139293,0.5425645,0.575552,0.53027636,0.5418271,0.4710628,0.5551721,0.67082846,0.8076272,0.53103447,0.6636036,0.6985504,0.48934442,0.7184968,0.60638577,0.47165057,0.710078,0.6721863,0.49770442,0.8640423,0.7131351,0.4769526,0.84157103,0.9250177
227,4,0.541006,0.4875398,0.79381907,0.57312775,0.53812706,0.71122485,0.5384957,0.54115576,0.7344278,0.53137296,0.5966142,0.6639523,0.5265383,0.59659004,0.78495675,0.5319609,0.54015154,0.43738946,0.5299113,0.5398014,0.44053364,0.55466044,0.66991466,0.8604203,0.5304213,0.66394204,0.78384054,0.49021003,0.71836025,0.63502634,0.47150752,0.709802,0.6648202,0.49764413,0.8635156,0.7470077,0.4767564,0.8418563,0.9348846
228,4,0.5408431,0.48730123,0.8224063,0.57314456,0.53875196,0.7487574,0.5375108,0.54116774,0.76227313,0.5321373,0.59576994,0.575374,0.5271155,0.595774,0.78330797,0.5320182,0.54059917,0.4940268,0.5304678,0.54135436,0.48026535,0.5544656,0.66939414,0.87550354,0.53080726,0.66362745,0.8137008,0.4893803,0.7181954,0.6800848,0.47192657,0.7109667,0.72862804,0.4979024,0.8642279,0.7299724,0.4774818,0.8420073,0.6923493
229,4,0.5407469,0.4872129,0.80091584,0.5730759,0.5393006,0.6836254,0.5385697,0.5420632,0.7312532,0.5324997,0.5955684,0.5977727,0.5273486,0.59521294,0.73452693,0.5316108,0.5415385,0.44769585,0.53016055,0.5414281,0.46941578,0.5550169,0.6697959,0.83367354,0.52985275,0.66444385,0.7591283,0.49192145,0.7202592,0.76948845,0.4715285,0.7112905,0.5632912,0.49804518,0.86546904,0.84709007,0.47699985,0.8422641,0.9189169
230,4,0.540579,0.48753658,0.8183808,0.57412505,0.5394884,0.65824425,0.53741044,0.5424615,0.78108066,0.53248525,0.59498096,0.5626885,0.5268745,0.5959183,0.80952054,0.5321577,0.5403067,0.5057311,0.5298944,0.54036707,0.45846346,0.55539995,0.6704115,0.85253423,0.53008395,0.6644519,0.79363275,0.48907757,0.7183926,0.648323,0.47140318,0.71026766,0.703708,0.49791086,0.86478823,0.8967837,0.47754043,0.841477,0.8851736
231,4,0.54101664,0.48783955,0.7910877,0.5732391,0.5394344,0.6902962,0.53910625,0.5434477,0.74938816,0.5324003,0.59577847,0.59991884,0.5272129,0.59571457,0.7618431,0.53189665,0.5415707,0.46098202,0.53002274,0.5418772,0.45044947,0.5555007,0.6708409,0.8180849,0.5304181,0.6644015,0.7337296,0.49176827,0.7215981,0.7765614,0.47142935,0.7105633,0.66799587,0.49798775,0.86585104,0.87916905,0.47724566,0.84179485,0.9331011
232,4,0.54106826,0.48759833,0.7622244,0.5727746,0.5392407,0.68180275,0.539203,0.5412983,0.7121142,0.5318716,0.596254,0.63313264,0.5271409,0.59610635,0.6762605,0.5315122,0.5416347,0.55760306,0.52997094,0.540783,0.40804392,0.5558082,0.67124546,0.78921264,0.530655,0.66440743,0.7278555,0.4924388,0.7213944,0.7774365,0.47141987,0.7106023,0.6393567,0.49798816,0.86589104,0.88429856,0.4771044,0.8416677,0.91485804
233,4,0.54105175,0.4870762,0.7820787,0.5734628,0.5386049,0.70217204,0.5383234,0.5410318,0.745001,0.53252834,0.59428483,0.51348406,0.526741,0.5964971,0.7753059,0.5316937,0.54031384,0.4447604,0.52987134,0.53988975,0.4169522,0.5557198,0.6702483,0.8514502,0.530916,0.66410667,0.81505793,0.49005234,0.71919537,0.6278903,0.47117493,0.7102168,0.6787364,0.49780476,0.86595595,0.89872634,0.47696668,0.8435946,0.94193065
234,4,0.54112417,0.48663393,0.8021673,0.57355595,0.5386956,0.7549516,0.53790057,0.54156816,0.80492485,0.5311395,0.5967359,0.68494767,0.526773,0.59657633,0.77729386,0.53181195,0.5392924,0.46653342,0.5300318,0.53898084,0.42733273,0.5561136,0.66930646,0.8560865,0.5310701,0.66322935,0.82906944,0.4923571,0.72112584,0.7804867,0.47173813,0.71067756,0.69251573,0.49795774,0.8656945,0.90146774,0.4771039,0.8424289,0.944099
235,4,0.5414992,0.48680896,0.75626343,0.5726644,0.5395353,0.70352787,0.5384483,0.5408154,0.68843824,0.5316239,0.59571457,0.61634326,0.5285727,0.59682393,0.4776917,0.5321633,0.53986204,0.3337703,0.53094804,0.5396101,0.4220197,0.55367297,0.6723244,0.65629107,0.5279001,0.6654741,0.6502212,0.4918717,0.7212974,0.5307033,0.47193575,0.71052235,0.7835634,0.49722865,0.86582303,0.78631645,0.47705734,0.84336174,0.87824005
236,4,0.54029065,0.48719907,0.7342376,0.5733902,0.54091156,0.60362583,0.53866947,0.5417823,0.8476162,0.53120315,0.59462833,0.6617023,0.52700347,0.595494,0.761278,0.5308125,0.543477,0.6704742,0.529547,0.5377666,0.36031437,0.55546445,0.669855,0.84016275,0.5303225,0.6641571,0.83838797,0.4905674,0.71824664,0.73406667,0.47186548,0.7074899,0.7071818,0.49766907,0.862912,0.9048645,0.47703597,0.8422843,0.87639356
237,4,0.5404805,0.48730695,0.6087087,0.57322234,0.54078406,0.6332697,0.53837687,0.5418203,0.74455094,0.53240085,0.59415704,0.5272764,0.5271833,0.5956344,0.7502439,0.5319412,0.5390291,0.4167383,0.52997994,0.5389638,0.41271746,0.5545867,0.67088604,0.73589134,0.52905506,0.66518784,0.70088387,0.4919998,0.72031605,0.76672983,0.47182596,0.710138,0.87778246,0.49762085,0.8646551,0.78992784,0.47732845,0.8425934,0.93082684
238,4,0.5409425,0.4866263,0.47718588,0.5730855,0.5408216,0.5149983,0.5381686,0.5412806,0.7070736,0.5320751,0.59419274,0.5499367,0.527732,0.5953364,0.65875494,0.53079885,0.54113305,0.56171983,0.52998775,0.54027706,0.48913178,0.5553841,0.6716041,0.74348116,0.5302328,0.6644288,0.79324627,0.49045947,0.7181275,0.6844458,0.4716883,0.7104902,0.6594764,0.49764773,0.86329573,0.8837578,0.47735292,0.84240496,0.9136094
239,4,0.5404469,0.48789063,0.7421366,0.5734185,0.5405594,0.63738036,0.538381,0.5418472,0.74626124,0.5324018,0.59459054,0.5690432,0.52711695,0.5959895,0.7848448,0.5320727,0.5405426,0.43503216,0.53017944,0.5405257,0.45875973,0.55569786,0.6708145,0.8403306,0.53073514,0.66448456,0.82508916,0.4898934,0.7186167,0.64454705,0.47120965,0.7099245,0.65855575,0.49762172,0.8643697,0.9073411,0.477027,0.841497,0.9381262
240,4,0.5406076,0.48738408,0.6708401,0.57319605,0.5393163,0.6226308,0.5381705,0.54113245,0.7341398,0.5317476,0.59640694,0.68630177,0.52747905,0.5955364,0.732378,0.53228915,0.5384664,0.3849386,0.53014,0.5379755,0.39703974,0.55633724,0.67037797,0.78561455,0.5302233,0.66498154,0.76162237,0.49235043,0.7204165,0.75711155,0.47180665,0.70949006,0.88274056,0.49769896,0.8640156,0.62882745,0.47701854,0.84256226,0.9294722
241,4,0.54104334,0.48678944,0.76560867,0.5730048,0.5394777,0.7261503,0.5382599,0.5415482,0.75067425,0.53146094,0.59680253,0.69926286,0.5269095,0.596796,0.77225834,0.5319663,0.5395812,0.40138736,0.5300809,0.5390206,0.45257434,0.5551244,0.67036235,0.85430074,0.53038716,0.6644108,0.7948241,0.49231544,0.7225322,0.7799252,0.47146347,0.7101506,0.6518445,0.49805495,0.8649916,0.71006113,0.4771267,0.8428293,0.93794096
242,4,0.5405618,0.48704755,0.7941858,0.57394165,0.5398881,0.6993207,0.5379848,0.54253304,0.7644181,0.532112,0.5964258,0.61018443,0.5268895,0.5965212,0.8090104,0.53192633,0.5414028,0.49251544,0.5314426,0.53810936,0.38963196,0.55529207,0.67066646,0.85237247,0.53048605,0.66434133,0.77948165,0.48935324,0.7186585,0.6025306,0.4713596,0.7098651,0.6854771,0.49791235,0.86346346,0.74947494,0.4771866,0.84116375,0.92666394
243,4,0.5407302,0.48750237,0.80603987,0.5737597,0.53921014,0.69093895,0.5385627,0.5420864,0.75481755,0.5320349,0.59638584,0.595361,0.5265469,0.59685737,0.79785955,0.5321373,0.5416373,0.4866297,0.5311883,0.5382184,0.38500234,0.5555912,0.6694099,0.85613805,0.53084606,0.66421694,0.8296396,0.49197006,0.7205663,0.7771007,0.471183,0.71045166,0.6544864,0.4976626,0.86444,0.9079325,0.47716945,0.84170395,0.93618834
244,4,0.5409504,0.48690993,0.7780026,0.57319486,0.5391424,0.7285506,0.53835994,0.5415816,0.7633812,0.5323932,0.5959119,0.58684886,0.52814204,0.59721696,0.6796351,0.53211266,0.5394152,0.435852,0.530157,0.5390691,0.43007004,0.55438095,0.6707099,0.7512053,0.52934974,0.6650802,0.73503923,0.49170002,0.71968913,0.7369666,0.471739,0.70953846,0.8898607,0.49776754,0.8643703,0.6164255,0.47683415,0.8426156,0.9226038
245,4,0.54096884,0.48734656,0.74551105,0.5737693,0.54111,0.6500239,0.53839797,0.5432146,0.8030349,0.5313955,0.59737456,0.61439526,0.52838105,0.5974789,0.71064126,0.5312852,0.5436623,0.6197169,0.53028667,0.5383712,0.4648534,0.55500513,0.67003894,0.82256806,0.53139484,0.66373324,0.8066599,0.4893255,0.71769226,0.6424462,0.47152695,0.7098937,0.78765374,0.49742377,0.86279774,0.8390307,0.4771537,0.8415352,0.82364756
246,4,0.5405621,0.48715135,0.56061083,0.5733461,0.540139,0.5984406,0.53894556,0.5413052,0.70074654,0.5328758,0.59387857,0.5233326,0.52806497,0.59511167,0.73076886,0.53228474,0.5369971,0.383544,0.5314118,0.5365936,0.36759096,0.55376375,0.67140687,0.72154737,0.5289347,0.6639446,0.6776032,0.49140003,0.71943915,0.7271254,0.47122067,0.70982486,0.84312356,0.49803334,0.8640422,0.7874493,0.47724867,0.8428194,0.9235328
247,4,0.5408571,0.4862085,0.4626602,0.5730984,0.5418388,0.5161474,0.5386694,0.5407933,0.7431246,0.53194445,0.59648055,0.6206607,0.528602,0.5969487,0.60180813,0.53099346,0.5437776,0.5133679,0.5300858,0.5428869,0.4635062,0.5563285,0.6725735,0.7723781,0.53029275,0.66451544,0.6849545,0.49057037,0.7183281,0.6298342,0.47179958,0.7102033,0.6903495,0.49749848,0.86192197,0.7457875,0.47654596,0.840885,0.8674179
248,4,0.5407573,0.48730507,0.6834766,0.5727398,0.5380538,0.634749,0.53924817,0.54206055,0.72512203,0.53316003,0.5940056,0.5401018,0.5277747,0.59604263,0.76106524,0.53225404,0.54037553,0.56364954,0.5301992,0.53842694,0.37880787,0.5555718,0.6697015,0.8095843,0.53103745,0.66306716,0.79455787,0.49213523,0.7215349,0.74466443,0.47209644,0.71051913,0.7625622,0.49818006,0.86467326,0.8890955,0.47703114,0.8422712,0.92837304
249,4,0.5410967,0.4873697,0.7989867,0.5736319,0.5386835,0.7627694,0.53813046,0.5411415,0.78948945,0.53248334,0.59581953,0.6040375,0.528302,0.5971132,0.7330226,0.53221434,0.53944534,0.49700856,0.53057706,0.5395132,0.40918955,0.555154,0.6686207,0.86789536,0.5297869,0.66345614,0.77792716,0.48989344,0.72100234,0.5485569,0.47137192,0.7112205,0.6031615,0.49768063,0.86433285,0.90028816,0.4770665,0.84267044,0.9349995
250,5,0.5401672,0.48659816,0.82434773,0.573982,0.5386081,0.68737024,0.5377987,0.541821,0.79401463,0.5320022,0.5965429,0.65345556,0.5280556,0.5978367,0.7501302,0.5320542,0.5400914,0.5503382,0.530122,0.5404299,0.44575605,0.55464137,0.66991216,0.89257336,0.5307036,0.6630821,0.8116679,0.48953685,0.7186862,0.5817122,0.47146326,0.7104478,0.67926687,0.4974662,0.8637199,0.87847406,0.47686338,0.84282047,0.91812724
251,5,0.54052645,0.48696288,0.82336575,0.5736107,0.5396454,0.7319127,0.5380095,0.541194,0.7662792,0.53200716,0.5967969,0.6111931,0.5281861,0.5979408,0.7568274,0.5318643,0.5408924,0.5360085,0.53062725,0.54144245,0.45702487,0.5547317,0.6696916,0.88297033,0.5305709,0.6635001,0.82628,0.4918477,0.71892494,0.7730664,0.47136763,0.71044075,0.64658314,0.49773285,0.8650525,0.88491017,0.4775322,0.84114873,0.87031144
252,5,0.5408965,0.48722523,0.7560438,0.5736338,0.54035234,0.6951086,0.53793746,0.54206455,0.78838587,0.5320099,0.5968992,0.6167241,0.5279205,0.59775096,0.74993503,0.5321799,0.5414329,0.5250095,0.5303259,0.54189014,0.46241567,0.555,0.66936517,0.87605745,0.53038865,0.6630244,0.78601867,0.48980346,0.72018284,0.55892134,0.47144032,0.71003145,0.6471285,0.49765453,0.8653489,0.84511787,0.47793543,0.84221864,0.8503442
253,5,0.54065317,0.487268,0.653607,0.5735735,0.54054284,0.59746057,0.5383141,0.54189765,0.726718,0.53223675,0.59695446,0.5873507,0.52804095,0.59813094,0.71132946,0.53252876,0.5415075,0.45816284,0.5305182,0.5421137,0.46652234,0.55434227,0.6704128,0.7512484,0.5286203,0.66458786,0.711342,0.49137244,0.7196521,0.6930516,0.4717704,0.71000427,0.84635264,0.4975739,0.863463,0.7994655,0.476923,0.8431833,0.8709392
254,5,0.5409345,0.4863352,0.48292726,0.5719653,0.53986126,0.73151785,0.53867084,0.54095095,0.7350924,0.5320936,0.59657353,0.63882333,0.5276909,0.5956949,0.61672384,0.53100634,0.54118997,0.58185995,0.5298559,0.54042137,0.46871522,0.5559432,0.67181736,0.6973355,0.5301567,0.6648156,0.706817,0.49031687,0.7179086,0.6636487,0.47207198,0.71058816,0.6636109,0.49735788,0.86293495,0.89028716,0.47646943,0.84167594,0.914338
255,5,0.5409764,0.4873816,0.7648429,0.5728623,0.54029095,0.7153443,0.53893816,0.5418009,0.70649976,0.53273165,0.594892,0.5143928,0.5273817,0.59667027,0.7463078,0.5316413,0.5428084,0.580753,0.5303797,0.5421764,0.43477058,0.55536896,0.6695839,0.82550395,0.53121686,0.6632115,0.8063355,0.489874,0.71896374,0.6321185,0.4715632,0.7093871,0.7334715,0.49778393,0.86456805,0.77101046,0.47708485,0.8436279,0.9416767
256,5,0.54065144,0.4873746,0.6692431,0.5734154,0.5397319,0.6549602,0.53874516,0.54087496,0.72561896,0.53193843,0.5969986,0.65409136,0.52858406,0.59738153,0.6452277,0.531987,0.53965616,0.41721445,0.5300763,0.53952616,0.4247517,0.55403835,0.6702872,0.7194372,0.52900845,0.6634978,0.68496317,0.49092326,0.7198891,0.71501666,0.47165787,0.7099806,0.8220293,0.49778664,0.8643947,0.81796163,0.47720852,0.8425442,0.93049455
257,5,0.5408329,0.48693508,0.6336612,0.5733545,0.5419024,0.60330147,0.53811944,0.54232055,0.77847826,0.53147846,0.597787,0.60478455,0.5277835,0.59837586,0.70888394,0.53097147,0.5440232,0.5844555,0.5300562,0.53872144,0.47404495,0.5559042,0.67228156,0.8182163,0.53045124,0.6645387,0.7465897,0.49001482,0.71749514,0.6419431,0.47133794,0.7091996,0.8315987,0.4975687,0.86301625,0.8988945,0.47729996,0.842095,0.8883601
258,5,0.5413912,0.48779202,0.65152043,0.57267517,0.5397268,0.61075693,0.5394146,0.54152405,0.670392,0.5318795,0.59736484,0.63567567,0.5277973,0.5969759,0.6920738,0.5321881,0.54063624,0.5244077,0.53170806,0.53776944,0.38178518,0.5555881,0.67141443,0.7777191,0.5299327,0.6651106,0.7137277,0.49246976,0.7207906,0.7295703,0.4720359,0.71022415,0.8555548,0.49749535,0.8644738,0.861913,0.47704038,0.84215164,0.9086716
259,5,0.540758,0.48749056,0.8014809,0.57316566,0.54044735,0.70315397,0.5386619,0.5436245,0.7781576,0.5318248,0.59661585,0.5098538,0.5277436,0.5972272,0.7779084,0.53187287,0.54218185,0.46117142,0.53063,0.5426419,0.49091953,0.55546004,0.6714096,0.84942627,0.53112686,0.66532505,0.8155609,0.48902497,0.71882397,0.6120265,0.4711041,0.7096342,0.7328397,0.4979346,0.8638846,0.81497425,0.4771646,0.84358907,0.9475858
260,5,0.5410669,0.4876284,0.7783649,0.5733934,0.53901464,0.6881105,0.53861487,0.54257524,0.7585283,0.5326712,0.5948655,0.5293104,0.5274746,0.59637916,0.8075953,0.5314076,0.5410597,0.5701337,0.5302107,0.54040045,0.44291323,0.5558365,0.6696244,0.8335506,0.5309667,0.66396517,0.816031,0.48923454,0.7194519,0.5665724,0.4714193,0.7107445,0.63610506,0.4978782,0.8646828,0.73706955,0.47694626,0.84306633,0.942759
261,5,0.54123074,0.48692983,0.81228757,0.5731487,0.539295,0.75302464,0.53880936,0.5412102,0.7522355,0.5320828,0.5969106,0.579394,0.5282985,0.5981346,0.70930403,0.5322484,0.54118466,0.47150555,0.5306166,0.54137653,0.47091514,0.55466545,0.6709796,0.84983116,0.5296657,0.66464025,0.80746317,0.49142474,0.72026265,0.74313426,0.47169605,0.71001077,0.8907036,0.49765062,0.8640674,0.66248095,0.47692725,0.84348166,0.92652124
262,5,0.5404574,0.4875151,0.79730237,0.57340074,0.54098564,0.6726128,0.5389833,0.5427401,0.81898654,0.5311524,0.5982031,0.6119998,0.527232,0.5983492,0.73373485,0.53181136,0.5419221,0.4526193,0.5306149,0.54283404,0.54972726,0.55579835,0.67021483,0.81012756,0.5311628,0.6641372,0.81299573,0.48940805,0.71817595,0.68369824,0.4716919,0.7110065,0.7337825,0.49734747,0.8623418,0.86086595,0.47691453,0.8427446,0.7887099
263,5,0.5408822,0.48733553,0.6069891,0.57263684,0.5394496,0.67450047,0.5389173,0.5417179,0.7306285,0.5318008,0.59702486,0.6683886,0.5279588,0.59597987,0.75525993,0.53239536,0.5394711,0.42113325,0.53151155,0.539191,0.42752385,0.55436033,0.6725927,0.7642617,0.52923334,0.66569126,0.7254876,0.4914289,0.71987534,0.72986835,0.4718332,0.7094967,0.8698924,0.49784768,0.86484385,0.8425443,0.47741452,0.84224975,0.93937737
264,5,0.54118884,0.48702675,0.6038967,0.5723902,0.541417,0.6464672,0.5393924,0.54161626,0.7551945,0.5321053,0.5965415,0.6003818,0.52889895,0.5970145,0.5941645,0.53138936,0.5439678,0.5190926,0.53033453,0.54297584,0.526827,0.5561786,0.67038566,0.7185935,0.5315808,0.66358495,0.77385676,0.49104923,0.7186201,0.67694986,0.4720997,0.70859414,0.7466917,0.49812013,0.8626856,0.9099059,0.47709486,0.8420978,0.93590987
265,5,0.5412047,0.48760217,0.5590872,0.57231355,0.5385758,0.66955197,0.5393265,0.54137474,0.7103475,0.5315954,0.5970652,0.6814645,0.527391,0.5966997,0.68113786,0.53275293,0.5383724,0.4426709,0.53157717,0.53784055,0.44803706,0.5542395,0.67283094,0.7818828,0.52932364,0.6656676,0.73719186,0.49131098,0.7197612,0.71156746,0.47183117,0.70906466,0.86318564,0.4974706,0.86520964,0.8392207,0.47748792,0.84196436,0.9304977
266,5,0.54098946,0.4875936,0.6882318,0.5716258,0.541237,0.7139479,0.5396445,0.5407185,0.7420274,0.5322374,0.59650046,0.5650291,0.5288135,0.5970788,0.5634361,0.53160465,0.54366726,0.4921398,0.53075445,0.53859556,0.43272102,0.55581975,0.66987693,0.6811722,0.5311331,0.6632477,0.73945916,0.49137723,0.7184388,0.6196524,0.47239748,0.7096579,0.69015115,0.49772415,0.8628292,0.9039999,0.47731626,0.8438473,0.90801364
267,5,0.54124933,0.48764,0.55746645,0.5716731,0.54069644,0.65708363,0.5392302,0.54123884,0.64942133,0.5319854,0.5969651,0.55811715,0.52878153,0.5976545,0.4707739,0.53208625,0.541743,0.39681512,0.5312656,0.54018635,0.43564266,0.55338037,0.6703115,0.5726488,0.5282802,0.6640794,0.5428045,0.49210325,0.7207819,0.527089,0.4716963,0.7102952,0.71000004,0.49671128,0.8657322,0.7756239,0.4777952,0.84282136,0.8481248
268,5,0.5406722,0.48723128,0.5075374,0.57159823,0.5401033,0.7471028,0.538756,0.5411111,0.75294214,0.53146684,0.5979551,0.6463546,0.52787274,0.5975324,0.6724006,0.530902,0.5433138,0.5689631,0.5302332,0.5425718,0.52392936,0.55595624,0.6724087,0.7736982,0.53028387,0.665309,0.7348991,0.49021563,0.7187458,0.661255,0.4709443,0.7093039,0.8240315,0.49776116,0.8626987,0.8708141,0.47723314,0.84107846,0.9273573
269,5,0.54113424,0.48761642,0.75094926,0.5720102,0.54065746,0.6989877,0.5392807,0.5412558,0.66898084,0.53186774,0.59688294,0.58414954,0.5280109,0.59668726,0.59233797,0.5315848,0.5426097,0.48136023,0.5305523,0.5418629,0.43815798,0.55561805,0.67118835,0.73291534,0.53074217,0.66482306,0.7134531,0.49015152,0.71910733,0.51192015,0.47157717,0.7101422,0.54328346,0.4977185,0.86603653,0.884644,0.47679392,0.8434489,0.8273298
270,5,0.5409244,0.48775792,0.67637116,0.57250273,0.54017544,0.6342439,0.53878915,0.54136807,0.657961,0.53210294,0.59666187,0.61029017,0.52802426,0.5964052,0.59992534,0.53175104,0.5408715,0.48878476,0.53059036,0.5399787,0.40301007,0.555877,0.67254514,0.729078,0.530207,0.6653969,0.6266615,0.4927097,0.7212404,0.6792917,0.4721407,0.7102661,0.83364314,0.49801198,0.86502934,0.8544985,0.4770988,0.84214264,0.8911557
271,5,0.541009,0.48767784,0.76438504,0.57240844,0.54021174,0.70146596,0.5388069,0.54146445,0.6659048,0.5326512,0.5948459,0.50802624,0.52817804,0.5962685,0.68998265,0.53128314,0.54256797,0.52615154,0.53048795,0.54165274,0.46063384,0.55574065,0.6702152,0.79928404,0.531011,0.6641053,0.79382116,0.49001676,0.71856135,0.62749654,0.47120383,0.70897514,0.6845041,0.4979866,0.86458886,0.79388535,0.47749683,0.8425891,0.93978083
272,5,0.54125404,0.48800015,0.79468393,0.5732254,0.5391765,0.6818352,0.53817564,0.54209054,0.7843784,0.5319148,0.597229,0.6621323,0.5285982,0.5967046,0.68328774,0.5318758,0.5391604,0.41997153,0.53016096,0.53910166,0.42722705,0.5553398,0.6712992,0.8314049,0.5295722,0.66502607,0.78668123,0.49174482,0.72028834,0.7337192,0.47211856,0.7096224,0.8686188,0.49775913,0.8648264,0.83798134,0.47718474,0.84329015,0.90430856
273,5,0.5407394,0.48742166,0.7389135,0.5727775,0.54031533,0.6577774,0.538677,0.5411754,0.7139503,0.53201145,0.59663403,0.56972057,0.5276989,0.5968194,0.6340024,0.5317934,0.5426394,0.5447042,0.53084344,0.5416383,0.5284286,0.5559686,0.67032087,0.7848947,0.53097993,0.6643368,0.7904044,0.48978055,0.71867234,0.6144046,0.47206977,0.71034694,0.7159336,0.49783936,0.8630483,0.8515773,0.47746435,0.8436122,0.9281943
274,5,0.5412672,0.4880409,0.80089957,0.57372034,0.5395428,0.6798355,0.5386189,0.5426348,0.77415335,0.5326812,0.59679836,0.5708247,0.52881277,0.59742445,0.7019097,0.5318866,0.53945875,0.45343763,0.5302134,0.53931725,0.42725173,0.5551463,0.6706457,0.8553742,0.52987057,0.6644475,0.80186045,0.49159202,0.7199503,0.7575723,0.47178796,0.70998967,0.58167475,0.4973738,0.8648417,0.87721324,0.47709718,0.84344804,0.91642565
275,5,0.5405413,0.48767236,0.8143681,0.573789,0.54032606,0.6653465,0.5379714,0.54331505,0.75265247,0.53189987,0.59714264,0.59633154,0.527617,0.5974721,0.7623964,0.5323615,0.5410511,0.4625511,0.5307856,0.54219204,0.520836,0.55523247,0.66950923,0.85340804,0.53078103,0.6632886,0.82721347,0.48936087,0.7178924,0.6794676,0.4712039,0.7100446,0.7104004,0.49789563,0.8642751,0.72384083,0.4775834,0.841384,0.8916522
276,5,0.54055893,0.48803365,0.76538366,0.5738049,0.54067385,0.6540169,0.53854537,0.542495,0.7588558,0.5325006,0.5971105,0.6119851,0.5284186,0.5980381,0.7168447,0.53206706,0.5414116,0.5067329,0.5304784,0.54176337,0.44150352,0.55507886,0.6701506,0.76132673,0.5291441,0.66495943,0.75769585,0.49172446,0.72014785,0.775122,0.47210822,0.70914644,0.87854004,0.497738,0.86408764,0.78908485,0.47700208,0.8433264,0.87390256
277,5,0.5407905,0.4876124,0.5914443,0.5730561,0.54125077,0.52269405,0.5388926,0.5417022,0.7435442,0.5317934,0.5969763,0.58696955,0.5290147,0.5974323,0.6294555,0.5312395,0.5433626,0.5447298,0.5308654,0.54248315,0.5369912,0.5558768,0.67134356,0.7298859,0.53030986,0.665138,0.78913087,0.4902342,0.7185447,0.625031,0.47169277,0.71048546,0.6280283,0.49781603,0.86397,0.8703147,0.47726414,0.8424878,0.9165473
278,5,0.54052055,0.48772594,0.6635169,0.57281125,0.5400118,0.6541006,0.539102,0.542697,0.7505428,0.53290325,0.5949641,0.55475265,0.52769053,0.59646165,0.78310704,0.532195,0.5399269,0.41814634,0.5303105,0.5398349,0.4592306,0.5561953,0.67095596,0.8082902,0.5312489,0.66497034,0.8070047,0.49221122,0.72093135,0.7757328,0.4715875,0.7103616,0.61109084,0.49818167,0.8654365,0.88641465,0.47723466,0.84329194,0.9310294
279,5,0.54158187,0.487611,0.78842765,0.57282954,0.5392106,0.72370946,0.5390204,0.54172987,0.7368209,0.5318484,0.5969792,0.6621964,0.52760977,0.5966553,0.7284508,0.532005,0.5421426,0.4406774,0.53091854,0.54215187,0.4710231,0.55581987,0.6709138,0.8353664,0.53140867,0.66484946,0.784152,0.49226692,0.7196723,0.73842853,0.47190696,0.7099483,0.60383785,0.49798945,0.86535996,0.6439063,0.47719818,0.8429481,0.93156016
280,5,0.54112643,0.48721403,0.80222964,0.57307374,0.5385282,0.7697325,0.53840166,0.54190713,0.78555393,0.5325752,0.59638685,0.5906253,0.5276272,0.59673065,0.80726993,0.5322478,0.54068536,0.4788157,0.5305272,0.5406002,0.46497148,0.5556148,0.6705364,0.8790458,0.53172785,0.6643963,0.8269672,0.4918264,0.7209558,0.7855615,0.47165695,0.7093204,0.69567126,0.4980144,0.86553615,0.7090444,0.47677964,0.84375507,0.83385336
281,5,0.54076844,0.4875277,0.7778111,0.57366234,0.53886276,0.79071033,0.53862405,0.5415818,0.76915526,0.53265935,0.59657687,0.59006184,0.52749574,0.5970415,0.77837986,0.53257376,0.54028976,0.49477345,0.53191483,0.5371473,0.4058839,0.5552948,0.6706665,0.8690589,0.5317123,0.6645803,0.8223088,0.49198642,0.7205086,0.78417134,0.47174624,0.7098548,0.70547074,0.49798432,0.86479807,0.7422267,0.4766681,0.8438084,0.82750255
282,5,0.5407561,0.48725316,0.767371,0.57298905,0.53962237,0.78342676,0.53896266,0.54293555,0.7505093,0.53257215,0.5964292,0.5894357,0.5272993,0.596886,0.7497394,0.5325256,0.54065824,0.4542115,0.53182817,0.5373252,0.39317295,0.55525523,0.6712344,0.8446378,0.5314543,0.6652194,0.80540735,0.49262944,0.7206118,0.7594065,0.47170907,0.70973045,0.6971979,0.49806708,0.8652495,0.69163275,0.4767925,0.84364057,0.9361597
283,5,0.54126316,0.4871513,0.81352127,0.5732193,0.5392962,0.7348843,0.5384071,0.5421592,0.76326114,0.53260624,0.59586793,0.5489324,0.52720666,0.59708184,0.7941457,0.53215533,0.54017913,0.45964637,0.53040594,0.5399395,0.44480097,0.555644,0.6704155,0.86847335,0.53125995,0.665247,0.82400835,0.4896571,0.7185519,0.6284051,0.4712246,0.70964766,0.71129376,0.49799708,0.8644735,0.78281295,0.4771061,0.8427952,0.84885085
284,5,0.5413331,0.48706785,0.8079203,0.5731402,0.53926814,0.7674972,0.53874767,0.543691,0.74989045,0.5327093,0.5963994,0.613749,0.527423,0.5967484,0.79478925,0.5324529,0.54079086,0.4688347,0.5305134,0.54080915,0.45475152,0.555455,0.6713736,0.8577045,0.53140837,0.6644478,0.7730719,0.48965237,0.7187238,0.5824309,0.47167984,0.70973206,0.7106618,0.4979582,0.8651576,0.7250939,0.4770164,0.84350026,0.9388942
285,5,0.5413386,0.48703393,0.78429615,0.57290804,0.5396354,0.7468577,0.53872645,0.54345906,0.72294056,0.5327433,0.59647685,0.61272407,0.527611,0.5969382,0.7488835,0.5325559,0.5406695,0.42425886,0.53071517,0.5404638,0.4564179,0.5554285,0.67124397,0.84621304,0.5312073,0.6654742,0.80128574,0.49012104,0.71888524,0.5790898,0.47150564,0.70973444,0.71384007,0.4979381,0.8655935,0.6892383,0.4770053,0.84316283,0.94275993
286,5,0.54115134,0.4872434,0.8193761,0.5736839,0.53954065,0.74509954,0.5386004,0.5439476,0.7686865,0.5327708,0.59551334,0.5664913,0.52764577,0.59668475,0.8089133,0.5323572,0.5409588,0.4943816,0.5305987,0.54095155,0.42416903,0.5559095,0.6694443,0.86106646,0.5317352,0.663981,0.8329514,0.48978695,0.7186152,0.65301776,0.47118586,0.7099163,0.71978015,0.49822226,0.86427987,0.812748,0.47712794,0.8421163,0.8670674
287,5,0.5413953,0.4875008,0.7866472,0.5731306,0.5388572,0.7465945,0.5383771,0.5414903,0.79595155,0.5320547,0.5973304,0.6656926,0.528644,0.5977718,0.70737135,0.5319455,0.5423185,0.49716866,0.5314897,0.5388288,0.43352753,0.55501133,0.67096615,0.8492816,0.53001004,0.66429377,0.7060261,0.4918012,0.7205644,0.73149604,0.47233972,0.70933783,0.86949664,0.49744782,0.8656682,0.87270814,0.47729304,0.8432452,0.9045629
288,5,0.5406343,0.48708993,0.81648403,0.5733014,0.53969985,0.70923144,0.5386339,0.54260504,0.7596744,0.5324319,0.59705883,0.62705237,0.52813184,0.5979677,0.7138173,0.53222996,0.54307514,0.64521235,0.53068817,0.5380403,0.46056435,0.55580986,0.6701285,0.8127498,0.5315198,0.6636866,0.8076482,0.48948115,0.7174665,0.6546818,0.47193965,0.7105975,0.74826586,0.49767363,0.8639308,0.792424,0.47707,0.8422535,0.8113336
289,5,0.5411963,0.48690763,0.7481127,0.5728257,0.5392239,0.73326856,0.53823334,0.5415061,0.7819659,0.5320966,0.5969467,0.6675269,0.5287491,0.59715617,0.6312273,0.5319139,0.5416366,0.4240294,0.53084224,0.5414517,0.46973154,0.5549068,0.6715444,0.7443562,0.5295994,0.6656291,0.6895941,0.49231017,0.7197904,0.71730494,0.47221836,0.7099894,0.86013037,0.49751672,0.86537284,0.8468475,0.47727215,0.843465,0.8992651
290,5,0.54092103,0.48725766,0.7506552,0.5731069,0.5404422,0.6759616,0.5386852,0.5411252,0.78402954,0.53213197,0.59709877,0.6199264,0.5275581,0.5967449,0.7327192,0.5320551,0.5422011,0.44128355,0.53054196,0.53839755,0.46385896,0.55592716,0.66939026,0.7778586,0.5315607,0.6635064,0.8022745,0.48998064,0.7183163,0.68400496,0.47186834,0.7099821,0.7682052,0.49747264,0.8636886,0.88366,0.47707826,0.84151715,0.9166858
291,5,0.5412791,0.4874562,0.6190466,0.5725097,0.53938437,0.6940958,0.5395208,0.54088265,0.6869646,0.53211063,0.59718287,0.6208059,0.5288797,0.5978441,0.58327115,0.5322292,0.54212666,0.44330317,0.5309075,0.5422275,0.43661448,0.5536858,0.67119867,0.6804152,0.52929705,0.6641422,0.6677301,0.49054715,0.7208676,0.6141304,0.4718726,0.7101805,0.80225074,0.49783477,0.8646237,0.8499242,0.4775332,0.8424412,0.9117559
292,5,0.54088646,0.48689467,0.67493004,0.5734163,0.54099834,0.6308911,0.53856844,0.54352087,0.8162001,0.53236145,0.5969723,0.6559932,0.52843446,0.5967547,0.75515765,0.53145784,0.54329044,0.6577026,0.5305065,0.53817683,0.43036568,0.5561814,0.670218,0.83894557,0.531319,0.6639576,0.8130332,0.49001902,0.71807426,0.66125333,0.47202998,0.70955247,0.7559156,0.49774876,0.8636654,0.8071843,0.47710568,0.8424468,0.94104904
293,5,0.54110867,0.48674786,0.54760176,0.5726793,0.53898853,0.68387866,0.53884584,0.54204327,0.7528558,0.53193736,0.5973875,0.68505865,0.52727216,0.5966638,0.7448954,0.5323983,0.5398412,0.46099547,0.5312518,0.5396089,0.42182425,0.55414,0.67115545,0.7245261,0.5292622,0.66489667,0.7182163,0.49035063,0.720568,0.6784614,0.47176948,0.7100115,0.85762554,0.4978629,0.86532193,0.845758,0.477549,0.84248763,0.9233315
294,5,0.540839,0.48681375,0.6736978,0.57294273,0.5409009,0.6374764,0.53842616,0.5426811,0.76551247,0.53239655,0.5971867,0.6509859,0.5287896,0.5970982,0.7112411,0.5315002,0.5441248,0.6024148,0.53082335,0.5393364,0.45136446,0.5559097,0.66994,0.76456326,0.5312473,0.66376805,0.8052223,0.49027485,0.7187621,0.6521348,0.47213393,0.7091666,0.76834595,0.49817318,0.8636872,0.83511513,0.4770952,0.8434402,0.9306893
295,5,0.5408682,0.48676005,0.57788783,0.5728457,0.5391815,0.686669,0.5389173,0.5420275,0.7543902,0.531951,0.5973545,0.6767114,0.5273645,0.5963602,0.7656893,0.53248334,0.53925115,0.44615683,0.5312833,0.5391148,0.44632694,0.55418175,0.6708339,0.70611316,0.5291726,0.664062,0.69127405,0.49094296,0.71944743,0.6968781,0.47206149,0.70964617,0.85586846,0.4979147,0.8652205,0.8145233,0.47743323,0.8427691,0.9191129
296,5,0.54098296,0.48694295,0.654595,0.5729507,0.54158014,0.64201826,0.5386626,0.54330355,0.77129096,0.5324376,0.5976168,0.63820046,0.52932173,0.59901077,0.62692004,0.5314468,0.54373485,0.5862041,0.5305794,0.53914016,0.4460088,0.556082,0.6717383,0.72288173,0.53118896,0.6652114,0.7879545,0.49048138,0.7188775,0.62344563,0.47197092,0.7106405,0.69293827,0.49792048,0.86276394,0.8009968,0.4772445,0.84170496,0.9323361
297,5,0.5415095,0.48672724,0.7279633,0.57217747,0.5385193,0.64294255,0.53887177,0.5416911,0.7223236,0.5324467,0.5968072,0.6764611,0.52812743,0.5959908,0.7331566,0.5317059,0.5394814,0.4388888,0.53148276,0.5374309,0.38381714,0.55527616,0.66999096,0.8143162,0.53072256,0.66387105,0.74824125,0.49186513,0.7201531,0.69934005,0.4722385,0.7101791,0.86670476,0.49738675,0.8658656,0.867468,0.4771001,0.8429949,0.91896677
298,5,0.5411995,0.4876526,0.8187453,0.57315797,0.5398843,0.7639273,0.5383912,0.5406855,0.7332334,0.53258127,0.5974194,0.62016886,0.5284408,0.598145,0.75044835,0.53233135,0.543107,0.66340405,0.53054136,0.53906286,0.46081668,0.55576205,0.6690063,0.840177,0.5314631,0.66346085,0.8040084,0.49230212,0.7204435,0.7900938,0.47172645,0.71047336,0.70228904,0.49801403,0.8638041,0.75248903,0.47755843,0.8421454,0.92896646
299,5,0.5412568,0.48749265,0.7484012,0.57325846,0.5389675,0.70227516,0.53849846,0.5424973,0.7953726,0.5320251,0.5977189,0.668712,0.52853465,0.5984513,0.7177328,0.53211176,0.5413109,0.49192435,0.5310186,0.54134476,0.40687156,0.5547692,0.6700974,0.8472833,0.5293525,0.6642913,0.8010617,0.4909977,0.72063977,0.6811906,0.47162154,0.71011907,0.8415192,0.4978626,0.8645573,0.84854114,0.4770177,0.843166,0.8746132
300,6,0.540793,0.4876948,0.79486954,0.57413566,0.5395831,0.61981225,0.5384939,0.5415977,0.80519634,0.53196603,0.5981951,0.63676405,0.52808607,0.59909964,0.78342193,0.5318919,0.5425896,0.4982506,0.5306482,0.5406034,0.5278367,0.55767787,0.669543,0.87615836,0.532157,0.6634128,0.8198278,0.49051267,0.71807945,0.7046872,0.47217023,0.70988995,0.7580324,0.4976517,0.8623324,0.80612063,0.47765085,0.84132165,0.75634927
301,6,0.5411065,0.4879776,0.6801724,0.5732748,0.5371148,0.8125745,0.5393762,0.5414879,0.8441049,0.53218305,0.5975638,0.71825844,0.5278657,0.59711504,0.7666726,0.5323155,0.54152113,0.6620651,0.53129625,0.5415502,0.47582033,0.55563176,0.66955036,0.8984572,0.5303372,0.6624652,0.8407303,0.49078086,0.71863717,0.7664835,0.4717212,0.70913315,0.8810945,0.49706918,0.86471623,0.9088944,0.47732252,0.84282494,0.8961402
302,6,0.54113954,0.48767456,0.79357445,0.57322204,0.5390533,0.7492844,0.53731894,0.54168487,0.7721463,0.532568,0.5973941,0.5917767,0.5284543,0.5984141,0.8096652,0.5323307,0.5432383,0.6566353,0.530516,0.54067576,0.51147425,0.5561772,0.6693767,0.840835,0.5315428,0.6641141,0.81174606,0.49237138,0.7199022,0.7694652,0.4720321,0.71026194,0.72942555,0.49806845,0.86289924,0.79748935,0.47743326,0.84200215,0.7690841
303,6,0.54136163,0.48703116,0.7675062,0.5726298,0.5398307,0.763516,0.53884083,0.54124576,0.73245376,0.5320982,0.5975121,0.6248388,0.52873445,0.5985908,0.63945353,0.5325431,0.54167926,0.4131799,0.53234,0.53842604,0.3914015,0.55501854,0.6715036,0.7246382,0.5293986,0.6646271,0.6861442,0.49205807,0.7206517,0.6813276,0.47228706,0.70980114,0.8463694,0.4977477,0.86532754,0.8603807,0.47735065,0.84376454,0.89135593
304,6,0.54068106,0.48732457,0.75417936,0.5737123,0.54015994,0.61802256,0.5386064,0.5419504,0.80155736,0.53192663,0.59759146,0.62053835,0.5288419,0.59751445,0.70112705,0.5319422,0.54202527,0.45304722,0.5308427,0.543323,0.5221401,0.556261,0.6689833,0.77545726,0.53150654,0.6627205,0.8144061,0.49016008,0.71821856,0.6785183,0.47219053,0.7096048,0.7682791,0.49774542,0.86239237,0.8369594,0.47755477,0.84130144,0.80064565
305,6,0.5411031,0.4872258,0.60468495,0.5732227,0.5397576,0.68384033,0.53994524,0.5412393,0.6757212,0.53188705,0.5977599,0.6009841,0.5287381,0.59946615,0.5933175,0.53215563,0.54209775,0.4462181,0.5310986,0.54219043,0.3913737,0.5549267,0.6719455,0.74340934,0.5292712,0.66489744,0.7199353,0.49071538,0.71993333,0.54540586,0.4720267,0.7094493,0.77382743,0.49747127,0.86359006,0.8284091,0.47796142,0.8425547,0.8431441
306,6,0.54059005,0.48729718,0.78663665,0.5738475,0.5399064,0.6334738,0.538422,0.541807,0.8092378,0.5319607,0.5979956,0.6627261,0.5275474,0.59788114,0.76014733,0.53178287,0.54235923,0.5097695,0.53021556,0.539051,0.45417643,0.55708915,0.66813785,0.8411341,0.53180534,0.6624098,0.8423162,0.49002892,0.7182176,0.69891334,0.4732909,0.70705104,0.50134444,0.4975486,0.86238176,0.8872343,0.47767955,0.84120166,0.84248513
307,6,0.5410299,0.4868051,0.58332247,0.57349014,0.5386623,0.7405901,0.53939617,0.54201806,0.80618703,0.53240085,0.59755236,0.6616156,0.52897704,0.5982431,0.66574013,0.5323447,0.54038626,0.52563304,0.5313373,0.5404291,0.46770072,0.5556508,0.6715495,0.82232934,0.52966917,0.66575676,0.82583696,0.49126142,0.71953094,0.6732442,0.47147122,0.7089158,0.8002513,0.4976323,0.8644244,0.78489476,0.4781812,0.84289336,0.87395835
308,6,0.540978,0.4871261,0.7676774,0.5725843,0.5406576,0.71128494,0.5390966,0.54045063,0.70562756,0.5323922,0.59653527,0.56686574,0.52913445,0.5972949,0.5919936,0.5323145,0.54315966,0.5448448,0.5313356,0.542315,0.51684743,0.55635095,0.6698307,0.75122166,0.53174824,0.6632151,0.78157204,0.4902681,0.71840584,0.6558442,0.47228223,0.7085097,0.7526796,0.4980609,0.8639501,0.87138325,0.47773033,0.84279823,0.9276291
309,6,0.5412124,0.4875424,0.6676292,0.57326615,0.53891,0.6905261,0.53990734,0.54188454,0.72239405,0.5319334,0.597735,0.65364516,0.52881646,0.59876835,0.63533705,0.5321235,0.54157996,0.48968676,0.5310819,0.5416187,0.4309394,0.55391884,0.67263126,0.77975905,0.5295861,0.66507524,0.7527624,0.4909177,0.71941066,0.6966587,0.47190267,0.70950913,0.85139793,0.49782467,0.8650025,0.8439124,0.47737867,0.84338856,0.8574172
310,6,0.5408285,0.4866442,0.6622281,0.57281965,0.5410629,0.61184555,0.53995246,0.5412791,0.74708205,0.53269994,0.5965495,0.6202642,0.5290151,0.59703666,0.6116525,0.5316835,0.54376674,0.53450906,0.53073657,0.53847903,0.40553406,0.55611396,0.6706359,0.70835984,0.53128403,0.66384065,0.76024765,0.49064004,0.71828467,0.6188243,0.47189748,0.7095545,0.67774266,0.49799925,0.8632501,0.88109654,0.47776031,0.843128,0.9281559
311,6,0.54155904,0.48715425,0.6365168,0.57222444,0.5400533,0.65854436,0.53928065,0.54129547,0.65118223,0.5323656,0.59640765,0.5937128,0.5282782,0.5959612,0.6271508,0.5324822,0.5412892,0.47144565,0.5316093,0.5396455,0.3874543,0.55432487,0.67237085,0.65573084,0.5288693,0.6658254,0.6321952,0.49136955,0.721547,0.50290054,0.47199756,0.7105236,0.77296597,0.49683627,0.8675173,0.81242275,0.4775319,0.8447137,0.5684204
312,6,0.54110515,0.48735878,0.6365556,0.57339394,0.5408102,0.55225843,0.539048,0.5415693,0.80919445,0.5321598,0.597382,0.6571398,0.52856994,0.59753263,0.6977527,0.5309366,0.5440169,0.57754195,0.5300844,0.5431255,0.49974704,0.5572531,0.66954714,0.80963683,0.53157544,0.66312855,0.800568,0.49027902,0.71784824,0.67596024,0.47245172,0.7073475,0.7888146,0.49783775,0.8623493,0.8928846,0.47745764,0.8420296,0.8664937
313,6,0.54098487,0.4869787,0.51504886,0.57281035,0.53890014,0.71723247,0.54030377,0.5419951,0.7448581,0.5321238,0.5977882,0.6567984,0.5291978,0.59880984,0.6008554,0.53240293,0.54063475,0.47168195,0.53154945,0.54064953,0.44576976,0.55453414,0.6715993,0.76153386,0.5298539,0.66402024,0.72386366,0.49091896,0.7204219,0.6104865,0.47203907,0.70937145,0.8429781,0.49725142,0.8659609,0.8059835,0.47771975,0.84355503,0.89703506
314,6,0.54059637,0.48707026,0.79174024,0.5734909,0.53932047,0.66240746,0.53873575,0.5417956,0.79604524,0.5323932,0.59723556,0.67492527,0.52827424,0.5979474,0.72934246,0.53218704,0.5417182,0.4978758,0.5304149,0.5382486,0.46260428,0.5570638,0.6698471,0.8507443,0.53182024,0.66465646,0.8110426,0.48986194,0.71799827,0.66926455,0.4716529,0.71017796,0.7719085,0.4978562,0.8630993,0.8346653,0.47717604,0.8423756,0.94228554
315,6,0.54126525,0.48743427,0.6913028,0.5720768,0.5388058,0.7926222,0.53984964,0.54103786,0.7304676,0.5321178,0.59703165,0.65892416,0.5281443,0.59672177,0.6924736,0.5322045,0.5413548,0.47946957,0.53140837,0.5412651,0.47336158,0.55502754,0.6710952,0.80335635,0.5308283,0.66423374,0.7519974,0.4919164,0.72009706,0.665778,0.4721252,0.70998234,0.83933896,0.49771136,0.86668146,0.8529062,0.47711107,0.843411,0.90869457
316,6,0.54083484,0.48691258,0.78827524,0.5731397,0.5401944,0.73353547,0.53941756,0.54303294,0.779956,0.53244585,0.5973125,0.5794906,0.52961,0.59919715,0.59864116,0.53204364,0.54354584,0.5928857,0.53082734,0.5389502,0.45543042,0.55614436,0.67073655,0.8115867,0.53183615,0.6642506,0.7932144,0.49011365,0.7183101,0.6149644,0.47203973,0.71120673,0.6849392,0.49793997,0.8640181,0.7899332,0.47736976,0.8434461,0.9369776
317,6,0.5414762,0.48725665,0.7230142,0.5731863,0.5390046,0.7163656,0.53934675,0.54177326,0.741769,0.5319493,0.5974019,0.6453574,0.52906346,0.5978821,0.64702183,0.5319916,0.5417447,0.43973485,0.5312521,0.541742,0.4442908,0.5561103,0.6715662,0.8147506,0.5302271,0.6651575,0.66343784,0.4926692,0.72004205,0.7108937,0.47233766,0.70981383,0.8437874,0.49778086,0.8653604,0.8645952,0.47752777,0.84249854,0.9184434
318,6,0.541181,0.48705593,0.7916616,0.5727455,0.53987384,0.7643412,0.53919244,0.5430999,0.7688861,0.53241307,0.5970075,0.5702851,0.5279429,0.59711236,0.75524443,0.53208876,0.5434624,0.6027363,0.53113675,0.5427955,0.4956497,0.556315,0.6699452,0.8283797,0.53215355,0.6641944,0.8075085,0.4899074,0.7184378,0.65540045,0.4721327,0.70932466,0.75285184,0.49793607,0.86393887,0.87200665,0.47712263,0.8437484,0.9451353
319,6,0.5411761,0.48728564,0.6467248,0.57286465,0.5386404,0.74413574,0.5396977,0.54105675,0.7113994,0.53218275,0.59712976,0.6279724,0.52796656,0.59706813,0.6802993,0.5321447,0.541768,0.46994516,0.5311921,0.5417849,0.45150608,0.5544687,0.67201096,0.71145064,0.52994454,0.66490364,0.68427896,0.491636,0.7197292,0.66341853,0.47229147,0.7094985,0.8298485,0.49739906,0.86487734,0.8653011,0.47730395,0.8422665,0.91591674
320,6,0.5410319,0.4874775,0.7702,0.5730813,0.53999925,0.7054718,0.5390663,0.54218715,0.7750953,0.53233105,0.5973727,0.6341372,0.52823925,0.59844816,0.7224821,0.5317166,0.5444272,0.5976843,0.5304928,0.54009885,0.48931518,0.5569726,0.66986537,0.8163449,0.53233224,0.66317695,0.8036905,0.4905488,0.7184872,0.66296196,0.472169,0.70820284,0.7955058,0.4978698,0.862309,0.9135352,0.47755945,0.84122014,0.85032845
321,6,0.5411924,0.48768955,0.63160414,0.5730504,0.53796387,0.76484793,0.5399872,0.541927,0.7816011,0.5320362,0.59731454,0.67682636,0.52901536,0.5984111,0.61011827,0.5323951,0.54023916,0.5018159,0.53158885,0.54021233,0.4750261,0.55440116,0.6715252,0.81234,0.5298026,0.6633739,0.7784682,0.49129173,0.7189415,0.6920971,0.4716752,0.7098945,0.83724797,0.49737298,0.86467266,0.85551757,0.47732112,0.84321785,0.8543021
322,6,0.5409353,0.4881933,0.81540173,0.57364166,0.5390559,0.7044951,0.53850615,0.54163146,0.8077029,0.53210443,0.5974646,0.65788144,0.5279934,0.59861374,0.79850256,0.5322048,0.54173285,0.5268005,0.530586,0.5395843,0.5014322,0.55749696,0.6675666,0.8436123,0.5323626,0.66180384,0.8247005,0.4900661,0.7181061,0.6849581,0.47214973,0.7089447,0.82230407,0.4978098,0.8617971,0.8881432,0.47716412,0.841878,0.8200166
323,6,0.54127747,0.48742643,0.58538,0.5725511,0.5396955,0.77902365,0.53980327,0.54113305,0.7465071,0.53284264,0.5966335,0.5657544,0.5281447,0.59770703,0.5634286,0.5326339,0.54113424,0.5012409,0.53144217,0.54127634,0.45301896,0.55510986,0.6699637,0.69391286,0.5296487,0.6639979,0.72727597,0.49184266,0.7208454,0.56097054,0.47268054,0.70937115,0.75492895,0.4971936,0.8658094,0.8662701,0.47732985,0.84335655,0.8259179
324,6,0.540877,0.48756862,0.7387121,0.5735623,0.5399798,0.6239231,0.53816515,0.54147506,0.7462661,0.53230387,0.59695816,0.6069004,0.52842915,0.59791124,0.7096666,0.53223586,0.54097396,0.43826142,0.53069264,0.5420565,0.5148845,0.5555813,0.66956776,0.8070282,0.53082556,0.6632028,0.7978403,0.48980284,0.7174589,0.60585374,0.47197467,0.71163225,0.6417591,0.49768862,0.8637105,0.86265904,0.477246,0.84245175,0.9047453
325,6,0.54087436,0.48749405,0.70845866,0.5733093,0.53989494,0.65985966,0.5386342,0.5414977,0.72492886,0.5330538,0.5965419,0.57651496,0.52980876,0.59877306,0.5445046,0.532268,0.5407913,0.40430003,0.5308451,0.540878,0.44819352,0.5553232,0.670523,0.8310647,0.5295233,0.66461724,0.78508896,0.49211416,0.7199906,0.7338921,0.47195968,0.7096249,0.860143,0.49824604,0.8646846,0.7727456,0.47782236,0.84275395,0.92708725
326,6,0.5411341,0.4874276,0.66090065,0.5735109,0.5403387,0.5896513,0.5383494,0.5417504,0.7062429,0.5323407,0.5968595,0.56885844,0.5285281,0.59781,0.6378295,0.5314736,0.54294854,0.53825736,0.53082687,0.5419511,0.5159753,0.55611074,0.6687077,0.75452125,0.5306243,0.6627027,0.79031193,0.4905401,0.71806586,0.6629305,0.47194347,0.71033907,0.66685617,0.4978548,0.86358035,0.6679268,0.4776212,0.84235543,0.9155215
327,6,0.5407508,0.4878187,0.7115158,0.5739362,0.5401416,0.64061487,0.53850776,0.5419654,0.774991,0.5328111,0.59673995,0.5848752,0.5288177,0.59805244,0.7034431,0.53240705,0.5410533,0.49397802,0.5306171,0.54112226,0.40021878,0.55487436,0.66991985,0.7621495,0.53001577,0.66410184,0.7647457,0.4912427,0.7198108,0.70496833,0.47213158,0.71011925,0.8528815,0.4981455,0.8625246,0.80327475,0.47684655,0.84383374,0.8179662
328,6,0.54090947,0.48784208,0.70762503,0.5736224,0.5410636,0.5802541,0.53781927,0.5414377,0.72293454,0.5322996,0.5968559,0.5859257,0.52857774,0.5982452,0.67310137,0.53133374,0.541993,0.57464564,0.5306255,0.54107654,0.483921,0.5560618,0.67056614,0.7730788,0.5307038,0.66378635,0.73664844,0.49059364,0.7179669,0.6085788,0.47239453,0.7105202,0.6592791,0.49781206,0.86298543,0.872672,0.47730732,0.84267724,0.92496496
329,6,0.54074466,0.48719245,0.5654202,0.57261044,0.53981405,0.6651357,0.53905433,0.54191226,0.71667653,0.5331523,0.594468,0.5347387,0.5285671,0.59555846,0.7429742,0.5323643,0.53919476,0.38935092,0.5306088,0.53898877,0.41327602,0.55547917,0.67136776,0.73874545,0.53033304,0.6658499,0.7477796,0.4919611,0.72076386,0.740818,0.47230342,0.70980036,0.88065946,0.4979613,0.86440724,0.8225049,0.47730288,0.8420591,0.93888193
330,6,0.5407277,0.4870294,0.7413097,0.5723325,0.5398391,0.6984679,0.5390758,0.5413541,0.7292824,0.53251916,0.59663606,0.5696188,0.5293401,0.5972949,0.6288147,0.5321788,0.542341,0.40730882,0.53108823,0.5430454,0.4956823,0.5568004,0.6693921,0.7590382,0.5317965,0.66329616,0.79617244,0.49089676,0.71916294,0.63628197,0.47221902,0.7087481,0.7453281,0.49820584,0.86432076,0.7993501,0.4776821,0.84272355,0.9354333
331,6,0.5411756,0.48756924,0.6062411,0.5726076,0.53931284,0.71754175,0.5397168,0.54074585,0.69583315,0.532629,0.5969321,0.57835543,0.52939844,0.5983454,0.52323794,0.53281504,0.5410928,0.41055328,0.5315646,0.54113215,0.43309656,0.55354095,0.67201513,0.67079306,0.52895945,0.6651069,0.6639521,0.49147505,0.7207447,0.5248664,0.47215974,0.7094815,0.7833061,0.49739438,0.86471,0.82390076,0.47790673,0.8434185,0.81749564
332,6,0.5408527,0.487035,0.5988086,0.57264364,0.5417539,0.59242946,0.5398573,0.5413749,0.76654726,0.5323418,0.5975308,0.6357065,0.52822405,0.59753424,0.6473757,0.53155243,0.5439294,0.5647328,0.5305997,0.5386596,0.41143528,0.55512214,0.6709284,0.7446308,0.530579,0.6644282,0.77687675,0.49140507,0.7188118,0.66323084,0.47227243,0.7098805,0.72685957,0.49810636,0.86380446,0.8357675,0.47767285,0.84366447,0.8864834
333,6,0.540601,0.4874912,0.6237862,0.5727873,0.5390071,0.63129514,0.539768,0.5430584,0.7818469,0.53274566,0.5971437,0.5192417,0.52871966,0.5979585,0.73305357,0.5320412,0.5423999,0.47183633,0.5304964,0.5428381,0.4625901,0.55642766,0.66975176,0.8112971,0.5316892,0.6642882,0.81952685,0.4906157,0.7207001,0.55708486,0.47175607,0.71026546,0.6571803,0.49831715,0.864794,0.8632262,0.47758386,0.8425371,0.92288417
334,6,0.54099464,0.48724326,0.707404,0.5723,0.53943795,0.78541815,0.5393155,0.54071283,0.7083894,0.5325898,0.5972456,0.63604283,0.5292894,0.597916,0.63331264,0.5322434,0.5414071,0.40696356,0.5318493,0.53752375,0.38996685,0.5560505,0.6714579,0.7169116,0.53061056,0.6662049,0.7166527,0.49311203,0.7212948,0.6927944,0.47275263,0.70934635,0.8570148,0.49813214,0.86562186,0.85601616,0.47755092,0.84260696,0.9173425
335,6,0.54101354,0.48746952,0.78273934,0.5725118,0.5394399,0.7689867,0.5385469,0.5418969,0.71847934,0.5326372,0.59658134,0.56997806,0.52794933,0.59689844,0.76153594,0.53201425,0.54295707,0.58747965,0.530893,0.54239154,0.4771677,0.55657214,0.66925496,0.79030794,0.5321343,0.6635166,0.8101235,0.49055198,0.71967256,0.6091404,0.47228146,0.707871,0.7690769,0.49794787,0.8635846,0.86632615,0.47732326,0.84116405,0.9410952
336,6,0.54074407,0.48808578,0.62594885,0.57256866,0.53837514,0.7624217,0.53990895,0.5405656,0.71777886,0.5322808,0.5974405,0.6250012,0.5292361,0.5983515,0.59190786,0.5322973,0.54153305,0.4680485,0.53138626,0.54156667,0.44986883,0.5544014,0.67113423,0.7024413,0.52968514,0.6637837,0.6612851,0.49170077,0.7193904,0.6606162,0.47226042,0.709166,0.80656546,0.49723944,0.8652868,0.82017624,0.47765073,0.84394497,0.8472086
337,6,0.540769,0.48891217,0.7982408,0.5736628,0.53914195,0.68211937,0.5386396,0.5422806,0.8268777,0.5323194,0.59802777,0.6704922,0.5281866,0.59851676,0.75913554,0.53179526,0.54307264,0.6410551,0.5306308,0.5387471,0.4849088,0.55741715,0.66856986,0.8513466,0.53222346,0.6627423,0.81936014,0.490527,0.7179239,0.69610554,0.47203052,0.7085449,0.80111545,0.4978806,0.8637996,0.80889714,0.47725278,0.842736,0.77580553
338,6,0.5405821,0.48917362,0.59917694,0.57249624,0.5384347,0.8188507,0.54012746,0.5411307,0.78673387,0.5323363,0.59686774,0.6658653,0.5274794,0.59693694,0.69365823,0.53226185,0.54123867,0.5839595,0.53082854,0.5413485,0.4753872,0.55506134,0.6705527,0.7573056,0.5301918,0.6636423,0.75595343,0.4913514,0.7187352,0.68268716,0.47218856,0.70911735,0.8400212,0.4972451,0.8657918,0.83852744,0.47753075,0.8421699,0.87959427
339,6,0.5404378,0.49008423,0.75972176,0.57289374,0.54004484,0.7519547,0.53910536,0.5436939,0.76791257,0.53221375,0.5974249,0.57054704,0.52950877,0.59928757,0.6487588,0.5317043,0.5423874,0.61482906,0.5311824,0.5417701,0.4895258,0.55666983,0.6690405,0.7827665,0.5320917,0.6623428,0.8030413,0.49074656,0.7172259,0.6679193,0.47207138,0.709115,0.7449422,0.49821568,0.86377335,0.7411509,0.47759134,0.8426852,0.93296385
340,6,0.53938085,0.49222288,0.76792467,0.5729721,0.5368941,0.7510164,0.53973556,0.5413473,0.8021415,0.53181434,0.597372,0.6658874,0.5283278,0.5989701,0.62781996,0.5320829,0.54128015,0.6123472,0.53101134,0.54127276,0.45199782,0.55553174,0.6695109,0.79482985,0.530064,0.6637578,0.7471141,0.49149448,0.7196451,0.6826263,0.47198087,0.7091734,0.8662116,0.49734542,0.8643964,0.85350424,0.47736618,0.84161603,0.8719955
341,6,0.53820014,0.49258068,0.7087756,0.57246673,0.5389348,0.79470426,0.5374306,0.53972965,0.7525898,0.53163797,0.5968586,0.56364626,0.5286435,0.5990486,0.6401345,0.53274333,0.53867334,0.4745959,0.5307267,0.53883785,0.41018507,0.55707306,0.6680484,0.79449284,0.53270185,0.66233534,0.8162014,0.49070734,0.717488,0.6611584,0.47212714,0.70917016,0.76408195,0.4983169,0.862991,0.86388797,0.4781556,0.8415597,0.8302698
342,6,0.5372484,0.49203888,0.57475185,0.5713246,0.5380285,0.8365066,0.5403126,0.5415029,0.823657,0.53057367,0.5986514,0.5816262,0.5278222,0.6006593,0.6334376,0.5307779,0.5425665,0.6446776,0.5304151,0.53823096,0.32591742,0.55644226,0.66969365,0.8699425,0.53121847,0.6627409,0.82073176,0.49192217,0.71787536,0.65164095,0.4723224,0.70868576,0.85861886,0.49754903,0.8650889,0.8532337,0.47731373,0.84295845,0.8309255
343,6,0.53671324,0.4934113,0.7336499,0.570319,0.539239,0.8410794,0.53799033,0.5436529,0.7749368,0.53002095,0.6017187,0.62896645,0.5275916,0.6020818,0.7479889,0.53100157,0.5428372,0.58913213,0.53060305,0.54258496,0.42889354,0.5568279,0.66880924,0.85558337,0.5321951,0.66376275,0.8207097,0.49236235,0.71961975,0.7644814,0.4721519,0.7083158,0.7103954,0.4981594,0.8628705,0.74387175,0.47723243,0.84215117,0.7951167
344,6,0.5356959,0.49621904,0.7120444,0.5715185,0.54002947,0.63992196,0.5387194,0.54286546,0.80116564,0.53009224,0.6030817,0.57864106,0.52755845,0.60296357,0.66770583,0.5299713,0.5433787,0.5856842,0.5290185,0.5412278,0.31566137,0.5559419,0.67098886,0.8577777,0.5317418,0.6644278,0.7868445,0.49230257,0.7185969,0.71900797,0.47242007,0.70828396,0.84868574,0.49743596,0.86461705,0.88620925,0.47762245,0.84323907,0.8915196
345,6,0.5343121,0.4974016,0.8174501,0.5707187,0.5392891,0.64964443,0.5374421,0.5434901,0.8293526,0.5292537,0.60484314,0.62347406,0.52703863,0.6045601,0.6343785,0.52926284,0.5432037,0.54558456,0.52813333,0.54283565,0.35200226,0.558318,0.667613,0.8301636,0.5333299,0.6627111,0.86032724,0.49231017,0.7181861,0.82614595,0.47164977,0.707277,0.78490376,0.4984369,0.8626529,0.7908137,0.47717443,0.8413056,0.8814524
346,6,0.5317088,0.49778092,0.7960599,0.5690206,0.5407671,0.83977747,0.5381954,0.5434195,0.7691644,0.52813697,0.606848,0.53108597,0.52626383,0.60458595,0.63472825,0.52566314,0.54461527,0.6269242,0.5254439,0.5447311,0.42430958,0.55603755,0.670949,0.8295812,0.53165334,0.6639705,0.8192625,0.49075174,0.71573997,0.6435749,0.47288787,0.70741,0.7864612,0.49771622,0.8627424,0.8774246,0.47810283,0.84043777,0.86889607
347,6,0.52955216,0.49845213,0.8041289,0.56882304,0.5389783,0.73889166,0.5367052,0.54481375,0.7903554,0.528557,0.60677874,0.5992615,0.5265423,0.605841,0.6745984,0.52446383,0.54550713,0.6321656,0.52425575,0.54603916,0.4250043,0.5571064,0.6696864,0.8614724,0.53271514,0.66545886,0.82680225,0.49143618,0.71786124,0.7863121,0.4726733,0.7067278,0.8815301,0.4981622,0.8623653,0.7394201,0.47723854,0.8416584,0.8252114
348,6,0.5282199,0.4985538,0.5749843,0.567713,0.5400735,0.78228164,0.5344785,0.5449914,0.84067047,0.52685964,0.61106664,0.65269417,0.5241962,0.60730433,0.7317424,0.524802,0.54766023,0.6418314,0.5244879,0.5454997,0.39977098,0.55723095,0.6696523,0.91124386,0.5336426,0.66448796,0.8517938,0.49227074,0.7159222,0.8606971,0.4719687,0.70424443,0.81398296,0.4974292,0.861739,0.8316168,0.47702903,0.8409946,0.906735
349,6,0.52619755,0.49980232,0.86015576,0.5649287,0.53632426,0.81459624,0.5332862,0.54224813,0.84048516,0.52649844,0.6123787,0.6096593,0.523721,0.6080821,0.6484365,0.5226173,0.5501029,0.70789933,0.5217199,0.54985183,0.5050076,0.55720264,0.6693546,0.93196386,0.5328403,0.66325635,0.8741387,0.4906014,0.71519196,0.86609983,0.47340238,0.7039603,0.6213798,0.4969376,0.86133593,0.8793061,0.4774622,0.8399324,0.8345732
350,7,0.5235754,0.49929008,0.6565502,0.56259906,0.5386042,0.63476855,0.53343195,0.545486,0.71427095,0.5248921,0.61404616,0.66976035,0.5218938,0.6103802,0.7140233,0.5214075,0.548079,0.6015558,0.52053076,0.5482339,0.4243503,0.55613124,0.67098093,0.91185665,0.53402936,0.665539,0.8381551,0.49225968,0.71683025,0.79542726,0.47182924,0.7041138,0.7861131,0.4973828,0.8623969,0.83417004,0.47711077,0.84100074,0.695099
351,7,0.5214307,0.50035644,0.7435114,0.5605391,0.5392282,0.7977237,0.5305887,0.54723674,0.61952055,0.5235499,0.6159596,0.61622673,0.5217625,0.612217,0.58872306,0.5208102,0.54875976,0.4994874,0.52033097,0.5493803,0.40803364,0.5556115,0.671064,0.8955001,0.53369766,0.6650378,0.7769376,0.4921204,0.7146281,0.8110782,0.47278547,0.7039212,0.7164699,0.49733505,0.8613025,0.8668296,0.4771839,0.83970565,0.7841709
352,7,0.51948005,0.50109774,0.76125157,0.55894494,0.53580976,0.8051267,0.528001,0.54534006,0.74698806,0.521759,0.61863106,0.69840014,0.52026594,0.61371124,0.5678002,0.51770097,0.55177116,0.7130683,0.5176898,0.552457,0.43862352,0.5556238,0.6699945,0.9146574,0.5327461,0.66476077,0.8364269,0.49206865,0.71459323,0.85473514,0.47262946,0.7033898,0.77081937,0.4974393,0.8614381,0.84883183,0.477197,0.8394835,0.7825528
353,7,0.51615494,0.5014124,0.8403753,0.55705297,0.5383893,0.8731039,0.5292402,0.54566264,0.71907884,0.520348,0.62116563,0.7152605,0.52170163,0.6132827,0.4053392,0.51536185,0.5535059,0.6777868,0.52210605,0.6189256,0.08536721,0.5576752,0.6722352,0.90807366,0.5341862,0.66667956,0.82061297,0.49020207,0.71487415,0.7406062,0.4722608,0.70367503,0.77866215,0.49768856,0.8607774,0.9334548,0.47776917,0.83867496,0.806678
354,7,0.5134443,0.5023431,0.8457256,0.55563545,0.5392548,0.84092146,0.5247383,0.5457492,0.71279687,0.5185317,0.62144876,0.786937,0.51665294,0.61350197,0.48375842,0.51399875,0.5548156,0.46195754,0.5135964,0.55671906,0.41086295,0.55642515,0.6709973,0.9200233,0.533682,0.6647111,0.82311016,0.49318925,0.7152664,0.85394454,0.4726934,0.7031528,0.79203075,0.49793562,0.8616253,0.912947,0.4772598,0.8394,0.8830079
355,7,0.5100468,0.50407916,0.6963629,0.5526243,0.5384673,0.8676804,0.5212999,0.54643726,0.6988025,0.5171364,0.62392104,0.7734544,0.5148604,0.6191779,0.5807735,0.51120067,0.5556105,0.48089066,0.51043415,0.55706596,0.44883332,0.55469155,0.67236626,0.888269,0.53173774,0.66667885,0.8124021,0.49297136,0.716404,0.7778742,0.47285497,0.70278263,0.7415841,0.49800923,0.86176974,0.835058,0.47741303,0.8396776,0.9262655
356,7,0.5061781,0.5049282,0.8079771,0.5493025,0.53845525,0.87177217,0.5197246,0.5463055,0.7072879,0.5155774,0.62540066,0.7978545,0.51341164,0.6212309,0.655681,0.50833875,0.557526,0.50730646,0.5081667,0.55765647,0.44922534,0.55549663,0.67485034,0.8954254,0.5314934,0.6680086,0.7869225,0.49298623,0.71460783,0.7929648,0.4730091,0.70215213,0.82103413,0.4974479,0.861169,0.8511641,0.4775721,0.8393073,0.84135216
357,7,0.502781,0.505248,0.515126,0.5460084,0.53930867,0.8367488,0.51766413,0.54622084,0.6927985,0.51404727,0.62746865,0.7303145,0.51183975,0.62155265,0.56761605,0.5052555,0.5593884,0.4566591,0.5042111,0.5593215,0.43881184,0.55422395,0.67617875,0.8153219,0.5309883,0.67050666,0.8044748,0.4946661,0.7151953,0.83419734,0.47316647,0.70206106,0.86348057,0.49825394,0.86236095,0.7603977,0.47771108,0.8403267,0.9076645
358,7,0.4994258,0.5068812,0.8040793,0.5427817,0.541195,0.79007137,0.51673675,0.5491577,0.67931783,0.5108108,0.628604,0.8371101,0.5093087,0.623732,0.6261136,0.50310296,0.55926055,0.59313816,0.5033549,0.5603816,0.41524056,0.554788,0.6768038,0.6514844,0.53106266,0.6703628,0.6840422,0.49468434,0.71707535,0.82768583,0.47286564,0.7039734,0.8240164,0.49843836,0.8633582,0.87600875,0.4775805,0.8399119,0.7976597
359,7,0.4959926,0.50853574,0.77788943,0.53998554,0.5417741,0.7359922,0.512385,0.5513962,0.6821349,0.5089305,0.6303255,0.67289126,0.5069755,0.6258516,0.52148527,0.4988975,0.5631014,0.61861163,0.4990512,0.5643343,0.3136521,0.55492985,0.6766094,0.74546283,0.5298494,0.67119,0.7350384,0.49526352,0.7169713,0.8086186,0.47274166,0.70436406,0.8668195,0.49915308,0.8620805,0.8226903,0.47760046,0.84105223,0.90529805
360,7,0.49197406,0.5123062,0.82870394,0.53643674,0.5433279,0.849268,0.5066828,0.5516427,0.62510026,0.5054356,0.63259906,0.83333933,0.5032189,0.6281649,0.61580527,0.4954382,0.56439096,0.4830026,0.49471924,0.5660209,0.33511075,0.55546147,0.67779917,0.6624046,0.5308206,0.6733081,0.69561535,0.49474138,0.71556026,0.77976346,0.47286278,0.70380074,0.7726976,0.49947947,0.8620286,0.86894363,0.4778001,0.8409198,0.91614735
361,7,0.4888768,0.5140772,0.82486975,0.5324686,0.54359055,0.8599717,0.49854308,0.55383986,0.65699226,0.5012882,0.63498604,0.8355223,0.49930266,0.63028497,0.39746174,0.49194574,0.56720185,0.43957394,0.49189058,0.5685393,0.3924561,0.5568556,0.67433167,0.65247357,0.52855575,0.67236817,0.59480846,0.4950429,0.7173437,0.78074247,0.47239238,0.70431465,0.8829879,0.4992326,0.8637336,0.8227026,0.47836164,0.84249556,0.9008856
362,7,0.48467404,0.5161466,0.84382683,0.5290665,0.5468128,0.8695507,0.4943854,0.5573547,0.6690179,0.49708283,0.6366255,0.8195288,0.49380386,0.63224727,0.5123122,0.48819077,0.5678751,0.4831151,0.4878801,0.56900615,0.44853413,0.55806607,0.67717904,0.8254331,0.52769977,0.6757411,0.68074256,0.4957243,0.71527857,0.82160735,0.4708155,0.7062328,0.90922755,0.49930695,0.8616965,0.8931278,0.47861907,0.8419858,0.79352593
363,7,0.48116785,0.5184591,0.8235453,0.52543044,0.5499713,0.8225143,0.49248657,0.5612856,0.8141605,0.4933122,0.64060754,0.83262265,0.49102637,0.63604575,0.40008923,0.48376387,0.57250786,0.66784596,0.48391527,0.5734222,0.29844257,0.55753815,0.67239255,0.8532865,0.52805346,0.6714769,0.6583606,0.49501416,0.7178179,0.78247964,0.4716935,0.70765465,0.91427034,0.49883518,0.8607301,0.7980048,0.4786523,0.84146225,0.88387096
364,7,0.47787297,0.5190765,0.6082236,0.5210639,0.5523906,0.87136084,0.49291846,0.5637704,0.577868,0.48920503,0.6447965,0.8779672,0.48967475,0.6356752,0.40356824,0.47921738,0.5762454,0.64252406,0.479249,0.57494074,0.19586982,0.55598164,0.66843647,0.8934823,0.5252194,0.66625386,0.6103658,0.4927878,0.71911126,0.7978405,0.47224647,0.70969486,0.61675847,0.49878204,0.8642678,0.9249911,0.4782453,0.84078246,0.9102504
365,7,0.47393855,0.52322376,0.77014464,0.5168656,0.55798453,0.70455116,0.4908685,0.55999523,0.6500921,0.4857177,0.6486171,0.8565018,0.48686025,0.63523006,0.32208562,0.47568464,0.57963943,0.7468297,0.47596925,0.58018565,0.29026365,0.5550549,0.66698253,0.8170935,0.5242797,0.66416657,0.76398,0.49293843,0.7198188,0.86541903,0.47239983,0.7084937,0.8159028,0.49904612,0.8615923,0.86142653,0.47800064,0.84039056,0.8798108
366,7,0.47039518,0.5224637,0.84574604,0.5128504,0.55817974,0.85908616,0.4861725,0.5660074,0.7649788,0.4838212,0.6488776,0.80940396,0.48159847,0.6431977,0.6112023,0.47201693,0.5825495,0.64279133,0.47183752,0.58345354,0.30025327,0.554236,0.6631242,0.7945065,0.5235148,0.66441464,0.76151794,0.49105746,0.7190194,0.7574149,0.47201005,0.7073021,0.9429163,0.49871814,0.86185235,0.8810144,0.47795993,0.84077907,0.8108189
367,7,0.4661428,0.52263033,0.7509401,0.50986,0.5597105,0.6947814,0.48577178,0.56255555,0.7584621,0.48179266,0.6510876,0.72614086,0.47963196,0.64376414,0.4664035,0.46920946,0.57958263,0.7243403,0.46915832,0.57991195,0.26442596,0.55245554,0.66125715,0.87163067,0.52277035,0.6626109,0.772361,0.4905927,0.7207416,0.8030931,0.47119915,0.7087643,0.9153462,0.49837828,0.8619786,0.7520515,0.47809276,0.8423266,0.8068516
368,7,0.46357855,0.5229209,0.8664931,0.5062319,0.55831236,0.8163654,0.48389107,0.5630015,0.8123569,0.48044282,0.65035003,0.7954929,0.47942907,0.6420092,0.3368384,0.46752676,0.5811625,0.7231038,0.46753228,0.58170766,0.3240218,0.5492464,0.65780205,0.77757025,0.52098596,0.6585073,0.75007236,0.48954222,0.72341764,0.8491973,0.4702645,0.71035856,0.91788554,0.49803588,0.8620714,0.7791388,0.47827682,0.8408473,0.8716673
369,7,0.46085748,0.52224874,0.7857074,0.5064517,0.55522895,0.57577413,0.47647604,0.56004554,0.8176342,0.4782213,0.6484954,0.89267683,0.47587422,0.6428938,0.62235534,0.4663002,0.581237,0.5918256,0.46598145,0.5810799,0.337821,0.5478407,0.6543782,0.7496791,0.5182633,0.65565115,0.75368375,0.48938242,0.72227895,0.8663557,0.47034636,0.7111084,0.87928,0.49782372,0.86131626,0.91869384,0.47777253,0.8426917,0.75749683
370,7,0.4580673,0.520238,0.8427528,0.50335467,0.5526426,0.7504893,0.4744807,0.5568799,0.83193046,0.477757,0.6466115,0.6181848,0.47539872,0.64028555,0.5037345,0.46498713,0.57924604,0.66141593,0.4648749,0.5807698,0.34358764,0.5459661,0.65144426,0.6737036,0.51599145,0.65387166,0.75116825,0.48807117,0.7215558,0.8004454,0.46987483,0.71237046,0.9303507,0.49757022,0.86151755,0.85501057,0.47748083,0.8433771,0.8739316
371,7,0.45647815,0.5156961,0.81468004,0.5033134,0.54702234,0.70874965,0.47246048,0.55425423,0.82811576,0.4759089,0.6445537,0.74192744,0.47293204,0.6391392,0.5354102,0.4638578,0.5788863,0.7163782,0.4634655,0.57542115,0.3056551,0.54578537,0.64858633,0.7854496,0.51477325,0.65216106,0.66509837,0.48843804,0.721419,0.84164214,0.46934462,0.71640646,0.8901675,0.4975813,0.86271065,0.76486063,0.47770914,0.8447225,0.80759466
372,7,0.4546083,0.5112512,0.8293224,0.50017387,0.54442215,0.77592963,0.47353646,0.5482646,0.7864694,0.47483397,0.63977414,0.7140256,0.47351122,0.63431066,0.69343543,0.46236783,0.57545763,0.7693471,0.46212694,0.57490087,0.26696151,0.54522216,0.6462899,0.87288487,0.5135161,0.64738965,0.6706251,0.4882224,0.7227931,0.8756031,0.46997195,0.71498215,0.8610146,0.49807072,0.8636053,0.8395909,0.4770689,0.8439465,0.8718932
373,7,0.45315042,0.50453365,0.8346443,0.4995105,0.5379481,0.59783596,0.47212762,0.5446155,0.8335444,0.47427452,0.6343316,0.81911814,0.47318044,0.6286828,0.6738204,0.460758,0.56865853,0.66566896,0.4605232,0.5684828,0.29315248,0.5452736,0.6415602,0.8504219,0.5149624,0.6434848,0.7301466,0.48703834,0.7219139,0.86745995,0.47023994,0.7113392,0.8184692,0.49845934,0.86311716,0.8708146,0.4771176,0.84420514,0.87931377
374,7,0.45153338,0.4980185,0.8148141,0.49781767,0.53031707,0.64888126,0.47139686,0.5384278,0.80959606,0.47451183,0.630163,0.8435334,0.47296944,0.6235771,0.673994,0.45974624,0.5650781,0.66629034,0.4596497,0.5650526,0.30952314,0.5449614,0.6365816,0.69807416,0.514351,0.63979506,0.766188,0.48734123,0.7205296,0.6704403,0.47018012,0.71274173,0.7398478,0.4989144,0.86329436,0.87099683,0.4781769,0.84538937,0.8596482
375,7,0.45075282,0.48930874,0.8376108,0.4963185,0.5243274,0.6186654,0.47045073,0.5303532,0.80515003,0.4730113,0.62356675,0.75323635,0.47255218,0.61839104,0.73244846,0.45895463,0.55559313,0.6738443,0.4583351,0.5553242,0.30910972,0.5433353,0.63341546,0.7767948,0.51338744,0.6349471,0.76430535,0.48822454,0.7190147,0.7250453,0.47043034,0.7125045,0.89894074,0.4980244,0.8612904,0.8859308,0.4793411,0.84380496,0.8490838
376,7,0.44913778,0.47972932,0.6819415,0.49577013,0.5138323,0.8196154,0.46723583,0.52139086,0.8278111,0.47274128,0.615282,0.7016399,0.47131345,0.6078924,0.62599564,0.4565519,0.5474626,0.65545535,0.45707282,0.54739064,0.29898688,0.5415434,0.62875587,0.8135913,0.50948566,0.63085556,0.74440694,0.48866227,0.7193819,0.8097337,0.46923336,0.7126452,0.9106562,0.4969611,0.8616549,0.7170635,0.47915718,0.84715235,0.7696086
377,7,0.44848642,0.47191513,0.6726477,0.49538976,0.5050205,0.7144508,0.46562308,0.5112153,0.72061676,0.47185135,0.60805655,0.7910234,0.47128013,0.5998017,0.6760371,0.45646554,0.54045266,0.66804177,0.4711766,0.6007002,0.076306365,0.53914946,0.62252986,0.7975333,0.50718766,0.6229276,0.775096,0.48613235,0.7201693,0.84074265,0.4681411,0.7120639,0.7664897,0.49834707,0.8611401,0.8925898,0.47858816,0.8440928,0.78026456
378,7,0.44811156,0.46229112,0.67895126,0.49449602,0.4959923,0.7523489,0.46512893,0.50382346,0.7428027,0.4707443,0.59896445,0.7276301,0.4690441,0.5942706,0.69288236,0.45492318,0.52668726,0.66795945,0.45536226,0.5289213,0.23576537,0.53602195,0.6181949,0.7932841,0.50356966,0.6205307,0.78732884,0.48593742,0.7211339,0.8088987,0.46784583,0.71535224,0.83820516,0.49754098,0.8619849,0.8564037,0.4783359,0.8445127,0.78394324
379,7,0.4484268,0.45404986,0.72961336,0.494672,0.48691913,0.6051284,0.46336967,0.49972975,0.7701181,0.47057572,0.59039795,0.5480599,0.46754268,0.5856355,0.6590879,0.4544939,0.5194829,0.7182229,0.453706,0.5203698,0.38171658,0.53475356,0.6137726,0.7811734,0.50264156,0.61603653,0.7424228,0.4864624,0.71954626,0.9025787,0.46629477,0.7145488,0.8239559,0.49741173,0.8610649,0.8261903,0.47743982,0.8416782,0.81560165
380,7,0.44774482,0.4437726,0.8268519,0.4933913,0.47965297,0.8307761,0.4591752,0.4912339,0.7627087,0.46873334,0.58139277,0.6895208,0.4661417,0.57715905,0.5798684,0.4526023,0.5086729,0.66171324,0.45232666,0.5085965,0.5015923,0.53284675,0.6089644,0.8159195,0.50121385,0.61178714,0.75311315,0.48661774,0.71994764,0.7175445,0.46647775,0.71297044,0.72710437,0.49715677,0.8620926,0.8545335,0.47703257,0.84489995,0.8335417
381,7,0.44768295,0.4345575,0.67902887,0.4942346,0.47129795,0.82344854,0.45732412,0.4784802,0.792161,0.46693382,0.5735054,0.7238944,0.46407762,0.5671843,0.59989595,0.45235118,0.49943846,0.43603817,0.452227,0.5015189,0.5896598,0.53202045,0.60480267,0.6814207,0.5003639,0.6060332,0.7855472,0.485485,0.71766716,0.7428786,0.4663705,0.7146326,0.7315582,0.49660072,0.8616345,0.74851006,0.47711772,0.8424869,0.75645995
382,7,0.44774088,0.42368892,0.7544304,0.49557763,0.46151486,0.7387211,0.4565221,0.47214276,0.83578277,0.4655566,0.5638196,0.73407,0.4625656,0.5587513,0.61546904,0.45266148,0.49211133,0.5484984,0.4509407,0.49211752,0.5880461,0.5300138,0.5971805,0.8311535,0.49839032,0.5980564,0.80661684,0.48665458,0.7171701,0.808139,0.46659812,0.71250457,0.8763187,0.4966407,0.86250633,0.8194967,0.47660363,0.8428545,0.9065499
383,7,0.44872755,0.4155503,0.7788476,0.4944043,0.4578271,0.5980984,0.4561222,0.46170062,0.7091382,0.4641783,0.55774194,0.6900797,0.46319363,0.5511046,0.60707337,0.45376918,0.48114088,0.5177001,0.45202172,0.48384926,0.54432553,0.5282374,0.593804,0.7771259,0.4965497,0.59545624,0.7947696,0.4869699,0.71581346,0.8130534,0.4662148,0.71063834,0.8108454,0.4978457,0.85761416,0.8962263,0.4779956,0.8402341,0.8149369
384,7,0.44797745,0.40589353,0.63878614,0.49632597,0.44764766,0.73717254,0.46102074,0.4557476,0.6245906,0.46290812,0.5487507,0.7220898,0.46233895,0.5425093,0.5630553,0.45283744,0.4751973,0.6039702,0.45254174,0.47540566,0.5458249,0.5264085,0.5896827,0.7850009,0.4953703,0.59094363,0.82478815,0.488181,0.7185209,0.68247426,0.46656844,0.7126165,0.68777776,0.49714598,0.8586219,0.9074544,0.4786019,0.84306717,0.846856
385,7,0.44792372,0.39848945,0.6878474,0.49592638,0.44080782,0.689675,0.45895392,0.4515218,0.71127015,0.46205884,0.5411719,0.65863454,0.46314624,0.5365315,0.5369841,0.45294306,0.46248034,0.5441143,0.4531924,0.465452,0.48395482,0.52439445,0.5877321,0.81065226,0.493215,0.5885803,0.8338531,0.4898445,0.7174598,0.84612226,0.46801677,0.71065414,0.75703,0.49741787,0.8599169,0.75662047,0.4790451,0.8453672,0.7688048
386,7,0.44870123,0.3915648,0.7957517,0.4946241,0.43588394,0.6113405,0.462406,0.44570693,0.6823469,0.46220294,0.5307959,0.6188478,0.4599671,0.5299153,0.71611863,0.452989,0.4532382,0.51868117,0.45242736,0.45365542,0.43289745,0.5228686,0.58493507,0.7705234,0.49236324,0.586677,0.8170254,0.4892222,0.71593857,0.5942635,0.46869949,0.7118824,0.7846304,0.49807003,0.8602878,0.78562856,0.47917217,0.84345084,0.87059855
387,7,0.4483489,0.38456044,0.82074475,0.4957407,0.4305605,0.75650823,0.46079648,0.44393978,0.7496853,0.46193066,0.5224395,0.61283296,0.4591318,0.5243032,0.69870955,0.45137787,0.44460943,0.5827836,0.45032653,0.4450935,0.46435365,0.521495,0.5830388,0.7911837,0.4916476,0.58646035,0.8209065,0.4885437,0.7147358,0.8277565,0.4695797,0.7100033,0.8445755,0.49834588,0.8604127,0.8645097,0.4786888,0.8435646,0.8681025
388,7,0.44961366,0.3768008,0.59740895,0.4954323,0.42369395,0.77982116,0.45995775,0.43893415,0.6584293,0.46067104,0.51818913,0.5921853,0.45932084,0.5178894,0.70943695,0.45311382,0.4459192,0.61209667,0.45271918,0.44693175,0.46121123,0.51939166,0.57981884,0.7893194,0.49002078,0.58198696,0.8176904,0.48895687,0.716255,0.90484065,0.47043645,0.7118596,0.83341616,0.4986679,0.8582881,0.6270646,0.4785908,0.8412966,0.80806744
389,7,0.4504238,0.3724243,0.66293514,0.49538448,0.4205819,0.7482575,0.46133277,0.43156764,0.5224518,0.45901445,0.51269305,0.64453506,0.45883036,0.51304156,0.7174952,0.45464134,0.4378643,0.5064551,0.45264536,0.44525108,0.3870849,0.51844436,0.57606244,0.7646297,0.4896077,0.5781665,0.8319267,0.48980695,0.7118216,0.8122529,0.47123107,0.7066517,0.7215327,0.4986653,0.8577855,0.8027364,0.47871315,0.841316,0.8504517
390,7,0.45076853,0.36737478,0.55569,0.4952746,0.4167723,0.86686844,0.46181455,0.42765474,0.5845486,0.45819154,0.5078707,0.60155785,0.4575711,0.508571,0.6815532,0.45228845,0.43679413,0.59978354,0.4524062,0.43749738,0.56256175,0.5174237,0.5756264,0.80869925,0.48882493,0.57719254,0.83580637,0.489902,0.7129936,0.83721626,0.4704877,0.7120299,0.8531828,0.49907807,0.8572824,0.82770586,0.47794074,0.84177214,0.85032743
391,7,0.4517583,0.36440095,0.7467937,0.49656886,0.41353843,0.8077871,0.4615539,0.42529264,0.73952496,0.45675972,0.504706,0.535041,0.4564935,0.50455344,0.68211967,0.4517953,0.42989326,0.5786345,0.45226404,0.4306479,0.5847191,0.51664704,0.5744918,0.7775873,0.4882433,0.5758675,0.81190807,0.49366128,0.7112401,0.81742275,0.4713937,0.70525783,0.8635987,0.49816868,0.8557771,0.8330446,0.47722518,0.8415761,0.8542951
392,7,0.45240504,0.36180303,0.7649971,0.49579594,0.4087499,0.6782923,0.4607972,0.4215552,0.6936162,0.45633176,0.5006072,0.5283223,0.45519358,0.5018728,0.64150953,0.45373625,0.43267897,0.49253446,0.452419,0.4281293,0.60361755,0.51543146,0.5727523,0.76509184,0.48678753,0.5740182,0.7763541,0.49394062,0.7122536,0.6228204,0.471567,0.71015966,0.84875715,0.49811134,0.85652816,0.8580659,0.47703013,0.8437019,0.9061186
393,7,0.4520518,0.35968956,0.6936633,0.49732554,0.40516216,0.6359545,0.45967472,0.41779345,0.7932932,0.45533893,0.49965864,0.50946593,0.45530266,0.50191027,0.6046284,0.45330316,0.42756534,0.4572944,0.45261556,0.42396742,0.59530014,0.5141904,0.5701955,0.8002162,0.48546183,0.5724577,0.8091327,0.49213505,0.7080841,0.7609867,0.47156042,0.7073614,0.7955297,0.49718556,0.8542315,0.68054354,0.47672507,0.8420743,0.61545026
394,7,0.45491382,0.3560227,0.68452567,0.49564746,0.40813118,0.7062182,0.46139574,0.41695935,0.7242734,0.45789042,0.49332863,0.33819607,0.45452753,0.49847683,0.5974299,0.45597023,0.42012158,0.46259898,0.4519287,0.41906235,0.4885861,0.5125592,0.57170886,0.7298918,0.48487535,0.5741923,0.70990306,0.49220923,0.70871633,0.7529165,0.47197285,0.7074994,0.8126046,0.49778473,0.85498834,0.80419976,0.47724608,0.8429377,0.74049234
395,7,0.45478156,0.35571244,0.72202307,0.49608243,0.40944186,0.6798964,0.46146843,0.41499442,0.6065169,0.45637602,0.4897816,0.36389774,0.45403507,0.49316543,0.5959553,0.45640093,0.4202575,0.43553984,0.45494038,0.41666967,0.4783606,0.5121825,0.5721329,0.68117166,0.4835959,0.57402515,0.65892345,0.49171767,0.7079218,0.77528906,0.4720735,0.70496684,0.753547,0.4992809,0.8545572,0.81557417,0.4780106,0.84272826,0.75042653
396,7,0.45479563,0.35375652,0.61837304,0.49618196,0.40410113,0.565787,0.46104735,0.41637576,0.49832392,0.4573227,0.48662737,0.42032608,0.45464256,0.49130943,0.64187413,0.45598614,0.41837367,0.51533055,0.45448914,0.41471434,0.44321752,0.51253915,0.57086694,0.7261004,0.48286545,0.5728495,0.7017705,0.49112415,0.7063034,0.7599244,0.4720157,0.7058601,0.8404761,0.49750027,0.85654825,0.80589616,0.47801653,0.84155893,0.8561095
397,7,0.45489615,0.35429323,0.68737876,0.49702016,0.40182287,0.6195391,0.46085733,0.41482192,0.631272,0.45540455,0.4897106,0.4070866,0.4538102,0.4911777,0.53009164,0.45463067,0.42007038,0.49524248,0.45448813,0.41709444,0.603229,0.51225066,0.56976026,0.7935879,0.48300806,0.5719515,0.7733029,0.4905351,0.706071,0.8474169,0.47207916,0.7033996,0.8660095,0.49835014,0.8588561,0.82476574,0.4775035,0.84055716,0.75285494
398,7,0.45516616,0.35152063,0.5249209,0.49620262,0.4060227,0.67171776,0.4608591,0.4123081,0.61916983,0.4560738,0.48978883,0.46887356,0.45381042,0.4908091,0.41591844,0.45458698,0.41982394,0.41332904,0.45415518,0.41996598,0.5750812,0.5116047,0.5712177,0.74167895,0.48275802,0.57261896,0.7014741,0.49042758,0.7057808,0.7216692,0.47172004,0.70445174,0.82998157,0.4977382,0.85651034,0.74352336,0.47722328,0.84251386,0.8098308
399,7,0.4553814,0.35186002,0.5696741,0.4970188,0.39979497,0.6128569,0.4597105,0.41325617,0.6099798,0.45566812,0.49190673,0.5031024,0.45373547,0.49291512,0.6906439,0.45476183,0.41996866,0.3348794,0.45409852,0.41669056,0.57718056,0.5125483,0.5688115,0.7957293,0.48296896,0.5707463,0.77941895,0.4901188,0.70490867,0.84499645,0.47193873,0.70277506,0.87621826,0.49844822,0.85864574,0.8568156,0.47737363,0.84080267,0.61647344
400,8,0.45445707,0.3531858,0.53390557,0.49709135,0.40774235,0.65780145,0.4592896,0.41786432,0.6696851,0.4554136,0.49373072,0.48783997,0.45410258,0.4951211,0.6386536,0.45340648,0.4202079,0.40706316,0.45322028,0.42059734,0.645269,0.5124568,0.5723424,0.8419794,0.48403618,0.5745261,0.5930523,0.4894125,0.7061396,0.8673484,0.47057697,0.7032521,0.85057175,0.49758127,0.8567402,0.7711592,0.47649872,0.8419729,0.6776839
401,8,0.45425734,0.35729945,0.8108124,0.49664733,0.40451288,0.7745882,0.46009383,0.4166201,0.65224534,0.4564081,0.49492294,0.49310035,0.4543765,0.49661395,0.64423794,0.45409265,0.42241913,0.5460111,0.45338473,0.418219,0.51890105,0.5128167,0.5713641,0.72265315,0.48469415,0.57307917,0.7739207,0.4897277,0.7084079,0.8867391,0.47061506,0.70529133,0.66766655,0.49710065,0.8553329,0.81173986,0.47756746,0.8419215,0.83683026
402,8,0.45425218,0.35744804,0.7663761,0.49680266,0.4069555,0.8414359,0.4588185,0.42003116,0.8672555,0.45569354,0.5005304,0.38008913,0.45355797,0.5017608,0.72607404,0.452694,0.42475265,0.38601613,0.4521827,0.42592475,0.6319478,0.51479447,0.57174414,0.85435146,0.48622665,0.5750716,0.66810983,0.4883355,0.7090356,0.83717567,0.46979696,0.70911545,0.76279634,0.49741805,0.85334694,0.73619294,0.4777795,0.8440922,0.8990298
403,8,0.45310512,0.36250904,0.5988804,0.4960123,0.41197976,0.7870907,0.4595399,0.42373008,0.8334382,0.4545831,0.5041868,0.6007256,0.45391116,0.5036075,0.69450283,0.45323008,0.43093807,0.50438607,0.45220548,0.42878634,0.6465618,0.5158395,0.57315975,0.87707734,0.48762384,0.5754073,0.6962592,0.48930103,0.7131945,0.8125313,0.46882412,0.7117965,0.8750125,0.49835247,0.85794085,0.75849134,0.47657794,0.842393,0.7702202
404,8,0.45147958,0.3666695,0.840278,0.49509177,0.41603896,0.79267764,0.45928726,0.42808595,0.80865264,0.4541805,0.50816584,0.568768,0.45372754,0.5103921,0.6053938,0.45174518,0.43433708,0.53102064,0.45051193,0.42862946,0.5702143,0.5173314,0.57673913,0.90103185,0.48893923,0.5791337,0.80109817,0.48656872,0.71069413,0.8539678,0.4682286,0.7067237,0.6153465,0.4988101,0.8578532,0.82225555,0.47678015,0.84347874,0.60370934
405,8,0.45183364,0.36880285,0.7593888,0.4944432,0.41895238,0.79965454,0.45929605,0.43331173,0.84841317,0.45555818,0.5125644,0.5425186,0.45453647,0.5152981,0.60608476,0.44989306,0.43438545,0.5545677,0.4505586,0.43498987,0.53943956,0.51812935,0.5788406,0.7792626,0.48893192,0.5820262,0.8108435,0.48552436,0.7170698,0.8580103,0.4673168,0.7132519,0.73530436,0.49918506,0.85918105,0.87202144,0.47825053,0.84428906,0.85278946
406,8,0.44967052,0.3758452,0.8236913,0.49467686,0.42613858,0.65319616,0.45834383,0.4348891,0.61817807,0.45542705,0.5173139,0.54366386,0.45560488,0.5186717,0.5928198,0.4525154,0.43987805,0.54928964,0.4505774,0.44034475,0.43312323,0.51947975,0.5833732,0.7565916,0.48939463,0.58566207,0.8028797,0.48540574,0.7180328,0.87650955,0.46671847,0.7134498,0.7761971,0.4992165,0.858648,0.84036666,0.47899863,0.84351206,0.8840494
407,8,0.4490131,0.38084343,0.8121427,0.49386132,0.4285528,0.68061525,0.45733917,0.44430327,0.8159924,0.45596611,0.5240323,0.72812396,0.45610765,0.52405703,0.57658035,0.45165506,0.44239393,0.58195156,0.45163763,0.44296965,0.4133027,0.5205149,0.58534193,0.72144264,0.49001884,0.5892508,0.8355115,0.48557058,0.71951205,0.8911111,0.46639183,0.71293783,0.8519302,0.4982041,0.85984963,0.80844516,0.47861823,0.8413769,0.7083242
408,8,0.448561,0.38801253,0.7735543,0.49281365,0.43590596,0.80785644,0.45811406,0.45176962,0.78614956,0.4556575,0.53076094,0.74056244,0.4558268,0.53011227,0.5824673,0.45021456,0.45139992,0.587711,0.45006943,0.45222175,0.40233183,0.5214681,0.587453,0.6966733,0.49067128,0.5903092,0.7462644,0.48678687,0.7192618,0.77346516,0.4666703,0.7126937,0.7094267,0.49786136,0.861281,0.7902038,0.47888508,0.8420893,0.8514666
409,8,0.44873896,0.39252162,0.4955179,0.49194947,0.4423196,0.87136084,0.4583606,0.45412976,0.74665827,0.45668882,0.54078835,0.7126041,0.45729318,0.53935254,0.55636376,0.45025545,0.4620275,0.57627016,0.45063296,0.46555713,0.33076462,0.52357036,0.59244376,0.8791929,0.4923188,0.59436566,0.79702735,0.4870785,0.7209693,0.77183837,0.46613872,0.7144034,0.7357445,0.49836552,0.8604714,0.73089606,0.47854343,0.8427894,0.8981625
410,8,0.44791496,0.40027374,0.78470653,0.4916765,0.4467522,0.8243186,0.4553981,0.4594487,0.7655891,0.4566355,0.54700327,0.74724555,0.4561008,0.5451079,0.60129046,0.4510567,0.47156936,0.53059196,0.4513055,0.474765,0.5590405,0.52624804,0.59405065,0.8484306,0.49413952,0.5981797,0.8017096,0.48566067,0.71988845,0.7659421,0.4647264,0.7145202,0.8043811,0.4991366,0.8597929,0.8814466,0.48007047,0.8416253,0.7403836
411,8,0.44676453,0.4093063,0.7826789,0.4910022,0.45437425,0.70267814,0.45495102,0.4673083,0.8398158,0.45708945,0.55613583,0.71740705,0.45580497,0.55183417,0.66737694,0.4516926,0.47884023,0.44343928,0.4497558,0.4816395,0.5388884,0.52655435,0.599924,0.71865857,0.495304,0.6025585,0.81961375,0.48412353,0.7198236,0.8599625,0.46261406,0.7145732,0.7144945,0.49638245,0.86082333,0.75243163,0.47852123,0.84217656,0.7001587
412,8,0.44648725,0.4161053,0.67101926,0.49172407,0.46264598,0.86994404,0.45438898,0.47396895,0.76799065,0.4578907,0.56275773,0.73553497,0.45530003,0.5587805,0.6056832,0.4500426,0.48936814,0.57254475,0.44901225,0.48989365,0.5856185,0.52788705,0.60200274,0.67581403,0.49588674,0.606688,0.798733,0.48467496,0.7213736,0.885395,0.46333015,0.71674705,0.72927314,0.49609756,0.86285865,0.6704193,0.47818336,0.84373623,0.6851534
413,8,0.4457448,0.42561382,0.82599247,0.49197084,0.4691031,0.82790864,0.45453262,0.48183763,0.7802294,0.45910025,0.5715045,0.78832114,0.4566029,0.56879497,0.6714131,0.45014122,0.4960346,0.651849,0.44885305,0.49637395,0.5471915,0.52876586,0.6059101,0.6839151,0.49725094,0.61064285,0.80284697,0.48315486,0.7200357,0.8715621,0.46308422,0.7145136,0.7811779,0.4986151,0.8611262,0.906183,0.4780351,0.83144933,0.5809326
414,8,0.44600934,0.43535182,0.824822,0.49302724,0.47699106,0.7421807,0.4562043,0.48800805,0.85583574,0.45883328,0.5794645,0.69707435,0.45573333,0.57678485,0.72769016,0.45086008,0.50477064,0.6495747,0.44959483,0.50527877,0.400187,0.5300123,0.6118709,0.67451936,0.49760923,0.61634225,0.79802173,0.48208544,0.7211198,0.8898616,0.46320578,0.7180886,0.7955465,0.49828422,0.86431473,0.8702871,0.4775629,0.8421932,0.7416816
415,8,0.44594657,0.4428528,0.56628007,0.49388975,0.48477134,0.76841503,0.4573509,0.4955392,0.853695,0.45975474,0.5886609,0.6549893,0.45623177,0.58482444,0.6903128,0.45059162,0.5146976,0.59463054,0.44941086,0.5153382,0.48367456,0.5303556,0.617088,0.6902073,0.49879214,0.6217649,0.7918593,0.4813818,0.7247265,0.83150774,0.46229687,0.71778196,0.8677901,0.4975103,0.8622071,0.828671,0.47726956,0.84046733,0.71683544
416,8,0.44632512,0.45250714,0.8554438,0.49170467,0.49248895,0.8503703,0.45913717,0.50436807,0.8715762,0.460622,0.5976546,0.6125265,0.45754635,0.5943097,0.608617,0.45093492,0.5221113,0.6677735,0.44977707,0.5194909,0.36866748,0.5315503,0.6209111,0.616354,0.5003673,0.6258459,0.77517986,0.47951508,0.7231832,0.63025093,0.46239516,0.7193042,0.6968707,0.49776486,0.8658819,0.7856566,0.47715074,0.84428346,0.78991956
417,8,0.4462963,0.4592497,0.69435775,0.49213737,0.49986285,0.58618593,0.45996895,0.51085764,0.7398696,0.46125457,0.60386914,0.60112077,0.45799905,0.60026455,0.7317862,0.45077935,0.53069526,0.7181324,0.45051008,0.53096294,0.41044995,0.5314683,0.6263027,0.72209316,0.49978536,0.6315938,0.7798364,0.4800795,0.72360426,0.8729381,0.46227676,0.7210272,0.81874627,0.49909705,0.8651775,0.90726393,0.47674292,0.8437876,0.6755373
418,8,0.44643885,0.46800724,0.73238504,0.49240723,0.50724643,0.89667135,0.4605651,0.5206017,0.739308,0.46256268,0.6100852,0.6412383,0.45872065,0.606681,0.7429269,0.45162946,0.5340645,0.6140627,0.45123556,0.534525,0.32214972,0.5334865,0.62925833,0.81632745,0.503231,0.63620794,0.756864,0.48171705,0.72233516,0.7577464,0.46325034,0.7166685,0.9141545,0.49924946,0.8656469,0.91630936,0.4767997,0.84301084,0.8656431
419,8,0.44592065,0.4749691,0.72143435,0.4925682,0.51326853,0.8730603,0.46189812,0.5266713,0.797381,0.46244013,0.6166648,0.7080891,0.45991278,0.6138674,0.80177414,0.45149288,0.54544365,0.7115123,0.45084083,0.5461913,0.34440905,0.53578514,0.63294595,0.82079506,0.5041348,0.640373,0.7434188,0.48001143,0.7224832,0.79186904,0.4633531,0.7171018,0.8310816,0.49727345,0.86215717,0.6936186,0.47816357,0.84180063,0.7377328
420,8,0.4465207,0.48100287,0.85503876,0.49284765,0.5212967,0.7662179,0.46396688,0.5299536,0.83773726,0.46321708,0.6230422,0.55764943,0.46252027,0.6178257,0.7068247,0.45339197,0.55348223,0.6720786,0.4534995,0.554107,0.27731657,0.53693515,0.6378373,0.8099347,0.5057105,0.6414874,0.73391634,0.48037645,0.7202815,0.6519285,0.46407896,0.716037,0.79521585,0.49701405,0.8627169,0.6864031,0.47744977,0.84401125,0.782566
421,8,0.44797477,0.48787922,0.81775075,0.49392587,0.5274647,0.675541,0.4644309,0.5357873,0.78922135,0.4642563,0.62856805,0.71581143,0.46401137,0.62442625,0.7164731,0.4538326,0.5582608,0.79220885,0.4591278,0.7137041,0.31122872,0.53821176,0.64038765,0.80208343,0.50660163,0.64466286,0.7195508,0.48060074,0.72123647,0.5951115,0.46532598,0.7167367,0.82229257,0.4979702,0.861963,0.8821256,0.47921944,0.8443453,0.84229314
422,8,0.44856584,0.49300113,0.7262774,0.493801,0.53253573,0.7579735,0.4651857,0.5394797,0.857924,0.46546784,0.6325415,0.6981859,0.46493715,0.6276977,0.62275416,0.45484683,0.56273854,0.7681711,0.45890787,0.7111674,0.30220556,0.5396237,0.64512485,0.77937317,0.50831527,0.6489745,0.6987938,0.48026147,0.7210283,0.58016104,0.46611035,0.71781445,0.84380746,0.49723035,0.8628262,0.81201965,0.47910526,0.8460262,0.83388877
423,8,0.44919834,0.49648088,0.87374574,0.49429646,0.53711474,0.77013636,0.46976674,0.5453602,0.77783924,0.46670058,0.6359373,0.66772735,0.4676627,0.6307203,0.67110366,0.4566034,0.56756383,0.7021757,0.47239003,0.65034306,0.07163036,0.5403431,0.6465507,0.80837655,0.50882256,0.6484942,0.7397024,0.48016626,0.7218429,0.7653993,0.46703348,0.71713394,0.8520962,0.49879548,0.86310786,0.8948535,0.47921988,0.8443586,0.8279923
424,8,0.45038548,0.4997106,0.86743665,0.49597123,0.54059523,0.625303,0.4701429,0.547571,0.7995085,0.46761808,0.6375173,0.7208458,0.46744996,0.63139796,0.61236566,0.4579152,0.5673518,0.5893584,0.4571964,0.56990755,0.2666499,0.54121655,0.6481559,0.8074338,0.51005596,0.6497288,0.7158832,0.4800567,0.7209512,0.75878143,0.46763435,0.7174416,0.68104935,0.4988032,0.8616206,0.8854947,0.47991318,0.84408545,0.8219854
425,8,0.4522423,0.50249994,0.8650511,0.49791667,0.54371786,0.59407085,0.47298977,0.5492396,0.8118519,0.46925464,0.6394417,0.5531973,0.46941042,0.6323164,0.52363616,0.45934287,0.5716748,0.68263626,0.45895454,0.5716224,0.27734998,0.5415096,0.6510399,0.84230417,0.5114988,0.65210736,0.698239,0.4786199,0.7211586,0.71194196,0.4675455,0.71727,0.7421871,0.4976902,0.86276966,0.72585505,0.47905576,0.84563524,0.82569456
426,8,0.45387068,0.5042697,0.8487948,0.4983703,0.54327595,0.86121595,0.4754952,0.55054843,0.78153855,0.47073138,0.6400337,0.7189644,0.47079176,0.633529,0.604598,0.46045086,0.57205653,0.731334,0.4610847,0.7121891,0.35348848,0.54228073,0.65254843,0.84927374,0.51249677,0.65421575,0.7150562,0.47935346,0.7218579,0.7327957,0.46727479,0.71768254,0.78176695,0.49838057,0.86315316,0.77571917,0.4793307,0.846619,0.85677475
427,8,0.4557769,0.5049441,0.7303287,0.5013735,0.5437254,0.75515527,0.47451428,0.5529307,0.7792054,0.472173,0.6408734,0.75509995,0.47182637,0.63552105,0.60994107,0.46255377,0.57266176,0.6921377,0.46143255,0.5734885,0.26595077,0.5432653,0.6538211,0.81247026,0.5140331,0.656849,0.7075038,0.48021218,0.7222386,0.74220425,0.46646115,0.71732765,0.77623904,0.49865547,0.8641162,0.8913348,0.47831574,0.84493756,0.8949877
428,8,0.4574569,0.50487137,0.8314487,0.50344855,0.5452039,0.6963873,0.47398564,0.55360556,0.68031514,0.47334307,0.64218277,0.7023304,0.47409585,0.6335047,0.5848206,0.4634585,0.5718065,0.66006804,0.47528216,0.6473854,0.054253224,0.54443115,0.65586054,0.82756037,0.51536924,0.6586618,0.7305764,0.47951898,0.7216379,0.75208366,0.4667325,0.7158349,0.848176,0.49903163,0.86498433,0.8768773,0.47730038,0.84410095,0.9159086
429,8,0.46013454,0.5030745,0.695786,0.5052261,0.54273975,0.91027445,0.47597986,0.5533737,0.71749324,0.47522777,0.63889825,0.73127997,0.47527647,0.63177544,0.6727845,0.46572596,0.569955,0.66720146,0.47576225,0.6370149,0.05801224,0.5452774,0.65749604,0.8508555,0.51691145,0.6596767,0.75348467,0.4805876,0.7219173,0.8029165,0.4663764,0.71472937,0.67095166,0.49857202,0.86396855,0.8595329,0.4779309,0.8436103,0.8289691
430,8,0.46314007,0.5043793,0.7909319,0.5065742,0.5446311,0.89518243,0.47519287,0.549532,0.795771,0.47686228,0.6387963,0.7276966,0.47872865,0.6296575,0.407288,0.46711636,0.5700255,0.66364676,0.47882634,0.6336277,0.06364122,0.5444435,0.65807676,0.73439485,0.5153757,0.6600137,0.7339432,0.48124826,0.72333133,0.84071714,0.46532786,0.7148774,0.79417807,0.49798867,0.86355096,0.76829207,0.47741452,0.8421762,0.83197176
431,8,0.46599725,0.5032573,0.78785694,0.5103428,0.54599464,0.7491782,0.48177317,0.55757785,0.67217803,0.47912133,0.63674194,0.79298425,0.47880358,0.63160795,0.5266932,0.4685311,0.5646493,0.71101284,0.47956565,0.6389983,0.042935092,0.5465042,0.6631671,0.7962352,0.5179575,0.66378015,0.74566746,0.48161826,0.7212895,0.79250646,0.46635717,0.71341836,0.8579295,0.4978988,0.86380637,0.8265193,0.47726548,0.84218925,0.7954378
432,8,0.46948567,0.50068367,0.75705266,0.51285625,0.5445297,0.68890435,0.48227015,0.55401677,0.7021716,0.47967252,0.6368149,0.737625,0.48043522,0.6278457,0.3951879,0.4693242,0.5646666,0.73577416,0.48084205,0.631746,0.06779055,0.54701394,0.66344494,0.7925929,0.5174739,0.6625581,0.6795844,0.4828317,0.72216284,0.74649465,0.4656872,0.7146584,0.88198876,0.4986131,0.8623589,0.87484103,0.47791132,0.8414859,0.791254
433,8,0.47229412,0.50137705,0.7972777,0.5160126,0.54468465,0.7530334,0.48392946,0.5535322,0.5587875,0.48154896,0.6349645,0.8102902,0.48132178,0.62653273,0.4073769,0.47258165,0.5643976,0.61041284,0.47288403,0.56607765,0.23873748,0.54585993,0.66338533,0.6727913,0.51772034,0.66303295,0.7037224,0.48371956,0.7235734,0.8391832,0.46551543,0.71425027,0.91024834,0.4983366,0.8628285,0.8633117,0.47825864,0.84277064,0.72017
434,8,0.47510383,0.49862695,0.7577602,0.51979923,0.54301226,0.72885305,0.48373318,0.5491546,0.6943057,0.48283178,0.6307402,0.6914329,0.4804688,0.6239875,0.62489164,0.47564113,0.56182796,0.6617944,0.4752947,0.56243205,0.48004386,0.5449055,0.6660691,0.72448474,0.5174163,0.6655074,0.685393,0.48336098,0.724148,0.8457523,0.46571386,0.71231836,0.6594997,0.4987553,0.8630912,0.9061429,0.47750473,0.84403884,0.7655415
435,8,0.47831002,0.49676052,0.8089623,0.52264696,0.5420885,0.877433,0.4855595,0.5485518,0.7356292,0.48481387,0.62619495,0.82924163,0.48177198,0.62058115,0.63833225,0.47739348,0.55793613,0.61962134,0.477339,0.5581753,0.39655724,0.5448662,0.66622543,0.66644794,0.51697177,0.6660615,0.691418,0.48402947,0.7234352,0.7505421,0.4662675,0.71290904,0.8406184,0.49858683,0.86101854,0.83345777,0.47786638,0.8412353,0.8052771
436,8,0.48053437,0.49432153,0.8256504,0.52542263,0.5380104,0.81116235,0.48874426,0.54885477,0.8214376,0.4871485,0.6250511,0.69208634,0.4840223,0.6192384,0.55438346,0.48120162,0.55863726,0.6414909,0.4810821,0.557064,0.35623324,0.5450433,0.6688265,0.65001464,0.516931,0.6668892,0.6795144,0.4858555,0.72261524,0.78643304,0.46700928,0.7116404,0.8720794,0.49860293,0.86067307,0.83818907,0.47807497,0.8410302,0.7970846
437,8,0.4847928,0.49274924,0.87155807,0.5287111,0.53821003,0.71705395,0.4921295,0.54852635,0.79835814,0.48932984,0.6202549,0.67456186,0.4868046,0.6178988,0.5983582,0.48483372,0.5541827,0.63907003,0.48390758,0.55501384,0.38996628,0.5469647,0.6703058,0.792551,0.52024454,0.6683753,0.6823806,0.4865843,0.7211012,0.7549605,0.46769527,0.71120614,0.92628723,0.49856743,0.8617995,0.90640223,0.4772018,0.84282726,0.62269014
438,8,0.48749664,0.48970675,0.7482171,0.5312624,0.535193,0.7959829,0.49241367,0.5464446,0.7531715,0.49150747,0.61739707,0.61546195,0.48927072,0.6161819,0.5960623,0.48796254,0.54862344,0.6107518,0.48621878,0.55040586,0.3734292,0.5462666,0.66666514,0.7272148,0.52100563,0.666268,0.7670328,0.48752278,0.71971965,0.73450375,0.4685778,0.70747465,0.92146486,0.4976004,0.86263245,0.8872939,0.47657713,0.8430867,0.7858304
439,8,0.49037406,0.487709,0.7256273,0.5328502,0.5332749,0.80350477,0.49959275,0.5435791,0.76920485,0.49394053,0.6149504,0.7585373,0.49078852,0.6113878,0.66430354,0.49039015,0.54953724,0.71016645,0.48997563,0.5498424,0.5166686,0.5466251,0.66628623,0.74038243,0.5220751,0.66477966,0.74569523,0.48894113,0.7173202,0.73569196,0.46912333,0.7077222,0.8877841,0.4975772,0.8599379,0.7177783,0.47648096,0.84051514,0.932785
440,8,0.4929117,0.4881409,0.8669733,0.53580576,0.53316844,0.7647489,0.50313866,0.5401022,0.7587161,0.4953373,0.6142317,0.7791581,0.4935012,0.60933286,0.5824642,0.49108803,0.5459195,0.7322118,0.4906315,0.54592294,0.46690896,0.5466503,0.6657039,0.775575,0.5232233,0.6626266,0.672007,0.4893467,0.7164086,0.7215922,0.46960297,0.7074107,0.88660514,0.4982034,0.8615257,0.65338564,0.47702762,0.84160995,0.75317806
441,8,0.49600962,0.48537225,0.69637644,0.5386425,0.5307628,0.5608689,0.5051909,0.5371897,0.8501921,0.4985902,0.6103397,0.6406788,0.49536675,0.6069704,0.6611499,0.4936056,0.5446653,0.7439931,0.49304187,0.54474473,0.46918258,0.5463938,0.6650031,0.79044014,0.52308756,0.66082275,0.7522282,0.48899704,0.7185007,0.7991397,0.46971875,0.70764095,0.8686464,0.49783453,0.86174554,0.7731289,0.47798207,0.83972245,0.8699169
442,8,0.49930537,0.48304263,0.59797674,0.5417331,0.529443,0.6585781,0.5052357,0.53432834,0.8412781,0.4989544,0.60884225,0.6700737,0.49638477,0.60501134,0.6583927,0.4976424,0.53928745,0.5397594,0.49572432,0.53912675,0.4091407,0.54573244,0.6657488,0.805706,0.5227878,0.66130555,0.7633162,0.4880025,0.7173238,0.71872824,0.4696934,0.7077214,0.8237022,0.49818844,0.860831,0.79923946,0.47685966,0.83966243,0.89109784
443,8,0.5017032,0.4854546,0.8605292,0.5428951,0.52746445,0.83512896,0.507927,0.533372,0.8359609,0.50128245,0.607031,0.7087811,0.4984847,0.6046113,0.5750586,0.50042665,0.53978544,0.6016639,0.4997913,0.5413445,0.41105235,0.5467433,0.6651993,0.7785009,0.52407056,0.66072094,0.8050804,0.48942325,0.7165108,0.7850986,0.46966007,0.70611537,0.8593298,0.49844927,0.8608033,0.89670724,0.47664192,0.8405112,0.7646386
444,8,0.50528216,0.48264715,0.83760744,0.5454609,0.52872545,0.83828104,0.5106982,0.53482676,0.7382482,0.5030316,0.6068602,0.7581943,0.50151235,0.6037305,0.45550802,0.5024451,0.5400233,0.7230635,0.5019474,0.53933096,0.39600292,0.5468914,0.66821855,0.8211519,0.5250674,0.662685,0.8214974,0.48952332,0.717164,0.7705414,0.47000363,0.70648193,0.86092824,0.49857643,0.8616248,0.8680164,0.4766851,0.8405347,0.81246734
445,8,0.50812703,0.48270574,0.611002,0.5465591,0.5328977,0.6158993,0.5152447,0.5358194,0.511732,0.50568104,0.60519224,0.5996436,0.5031497,0.600173,0.46495885,0.5066518,0.5374299,0.40818354,0.5051066,0.53730226,0.3312847,0.5477448,0.6653487,0.80899715,0.5261454,0.6600874,0.5412834,0.4909926,0.7178259,0.66989374,0.47179547,0.7058968,0.7291882,0.49902746,0.8609986,0.84655714,0.47696236,0.8392948,0.8967115
446,8,0.5100987,0.4808888,0.77217245,0.54906064,0.52959496,0.76750034,0.5168532,0.5384561,0.8195968,0.5068467,0.6057327,0.6505332,0.5057229,0.60065943,0.5146275,0.5075146,0.5413802,0.7715317,0.50712305,0.54174906,0.302776,0.5491588,0.6663218,0.70175207,0.52701014,0.66067165,0.7929006,0.4905679,0.71856666,0.7599301,0.4707132,0.7080691,0.7499209,0.49899366,0.8637772,0.9193967,0.47782582,0.84092915,0.8205105
447,8,0.5132474,0.48243865,0.8218792,0.55189604,0.53101736,0.7940724,0.52002835,0.5373751,0.7171194,0.5089192,0.6051204,0.6693098,0.5069581,0.60299534,0.58372873,0.5094486,0.53742504,0.7150873,0.50937283,0.5411023,0.36456776,0.55007195,0.6645944,0.88730574,0.52743757,0.65975523,0.81681037,0.49093726,0.71789175,0.8336676,0.4711208,0.70672613,0.83399284,0.49961144,0.8625018,0.91477376,0.4776341,0.84117746,0.78660667
448,8,0.51603687,0.48203972,0.669367,0.5540845,0.5330351,0.5807845,0.52141434,0.5377666,0.64762396,0.51064324,0.6060602,0.6296476,0.5084194,0.6041791,0.5914122,0.511627,0.5414874,0.75967544,0.5110901,0.54150105,0.3703854,0.55254,0.66779625,0.80583495,0.5287143,0.6625824,0.78481424,0.49094513,0.7178444,0.74164826,0.47102353,0.7082145,0.6835728,0.49941686,0.8629597,0.8049476,0.4780948,0.8399981,0.68056655
449,8,0.5181652,0.4831623,0.5678156,0.5557827,0.53357995,0.65788263,0.5256993,0.54032886,0.719884,0.51293707,0.6029679,0.57949495,0.5111851,0.6006421,0.47423756,0.51370436,0.54255235,0.7533378,0.5133937,0.54234904,0.38993466,0.5536425,0.6674836,0.8746974,0.53092134,0.6617099,0.78418714,0.49030927,0.7159498,0.73493105,0.4716152,0.7045098,0.86157054,0.4988543,0.86186105,0.8140999,0.47774255,0.8383349,0.8135765
450,9,0.52040476,0.48215225,0.621284,0.55708516,0.5323957,0.7609595,0.52777874,0.5391107,0.74375105,0.51501274,0.6021914,0.54032594,0.5119579,0.6001112,0.6428026,0.51586616,0.5387059,0.71295875,0.5156114,0.5384916,0.35407743,0.55498034,0.66638136,0.86884135,0.5314276,0.66124594,0.8075373,0.48980242,0.71485615,0.6391497,0.47135976,0.70315653,0.83007777,0.49996045,0.8607519,0.87878203,0.47828674,0.83800864,0.79861796
451,9,0.522995,0.48393652,0.75626534,0.55913246,0.53315663,0.82048804,0.52914697,0.53877336,0.7351471,0.5168581,0.60218775,0.57879394,0.5147468,0.60057056,0.5409275,0.5178392,0.5407609,0.6809687,0.5175134,0.5408261,0.3472405,0.55306405,0.66383046,0.81990224,0.5306787,0.65933645,0.81688225,0.49055907,0.71265846,0.61898303,0.47177818,0.7008927,0.85931903,0.49921647,0.8593846,0.84094244,0.4783578,0.83626574,0.787827
452,9,0.52399194,0.4839383,0.8441932,0.5608366,0.5298397,0.72312444,0.529544,0.53695756,0.9021157,0.5184252,0.60144633,0.55587786,0.5136454,0.60315186,0.76694804,0.5181075,0.5388378,0.7043519,0.51750654,0.53779984,0.38833442,0.5556967,0.66495353,0.8823285,0.5310425,0.6596673,0.8537575,0.49070454,0.7106508,0.7878109,0.47164348,0.7014299,0.8761564,0.50018436,0.85921913,0.8871845,0.47813806,0.836555,0.85195994
453,9,0.5266071,0.4823882,0.7386098,0.5626222,0.5314566,0.8162776,0.5301693,0.53624,0.82634,0.5201274,0.60026443,0.5833459,0.516334,0.5991014,0.69333524,0.5200732,0.54056937,0.68599564,0.51920575,0.5397813,0.47317192,0.55577856,0.66640013,0.9139218,0.5317209,0.6611367,0.84297293,0.49275103,0.70763904,0.80750823,0.47232488,0.69959515,0.7703698,0.4992909,0.85942155,0.88822097,0.47829276,0.8352988,0.85961014
454,9,0.52735543,0.48379934,0.7972282,0.564482,0.5318972,0.7085184,0.5316307,0.5347746,0.9034396,0.5215937,0.59983397,0.7099232,0.5202498,0.59801894,0.6578631,0.522176,0.5372293,0.7464566,0.5219814,0.53645945,0.3727708,0.55626476,0.6626468,0.90695196,0.53278166,0.65802735,0.87303644,0.49287796,0.707677,0.7990058,0.4732585,0.69820404,0.83410263,0.49885303,0.85737073,0.7622651,0.4785355,0.8348023,0.89052665
455,9,0.52950644,0.4846564,0.7003166,0.565165,0.5331109,0.8867643,0.53296363,0.53429955,0.7842503,0.5222525,0.5992907,0.6174892,0.5184739,0.5981951,0.68502337,0.52346045,0.53909314,0.68614614,0.5224599,0.538219,0.40217954,0.5562447,0.66540647,0.9132973,0.5322802,0.6604183,0.8758181,0.49067703,0.7099054,0.67849255,0.47310734,0.698874,0.8618837,0.499454,0.85815346,0.92124903,0.47709006,0.83491063,0.8887361
456,9,0.532198,0.4833915,0.6902596,0.5664726,0.53702116,0.7199839,0.5367323,0.53654885,0.70423776,0.52226555,0.599455,0.5236295,0.51957744,0.5976352,0.5925059,0.52436984,0.5382562,0.5319219,0.5233003,0.53630483,0.3669247,0.55759376,0.66326517,0.77404666,0.53332865,0.66038465,0.7803132,0.49281636,0.7090002,0.5190559,0.47379878,0.69846785,0.76179194,0.49911925,0.8578832,0.86292267,0.47714284,0.83591354,0.8926275
457,9,0.532997,0.4831907,0.5370729,0.56756824,0.53448653,0.6558625,0.5366344,0.5377733,0.7902833,0.5233639,0.5992459,0.6098213,0.51907665,0.5950395,0.5452522,0.5262896,0.53333443,0.63703007,0.52543646,0.5315295,0.33045098,0.55627716,0.66354656,0.71804506,0.53224784,0.6599254,0.7901917,0.49294072,0.71146214,0.7002437,0.47390956,0.70105475,0.80375373,0.49896324,0.85821193,0.87073654,0.47813416,0.834227,0.88088536
458,9,0.5344419,0.482372,0.70441806,0.5680256,0.53466946,0.842784,0.5372609,0.5364835,0.7051031,0.5237877,0.5988179,0.6043974,0.51985455,0.59703314,0.68135226,0.52623457,0.53812677,0.57445645,0.5250733,0.5377459,0.41849226,0.55783004,0.66498214,0.82913226,0.5330416,0.6603794,0.828896,0.49377492,0.71103925,0.70966077,0.47290844,0.6999446,0.7016172,0.49937788,0.8579333,0.9078672,0.4773637,0.8353458,0.8239222
459,9,0.5355659,0.48242006,0.7059292,0.5687879,0.5351711,0.569667,0.53899544,0.5357767,0.6638161,0.52430725,0.5953583,0.4794599,0.52140915,0.5957353,0.51413566,0.52695453,0.53660595,0.53624445,0.5263234,0.53601515,0.427119,0.55733526,0.66291505,0.77317166,0.5330997,0.6595522,0.76016736,0.49430624,0.71160907,0.63608277,0.47487292,0.7000204,0.7395332,0.4987682,0.85876435,0.64089286,0.47740537,0.83511984,0.9160017
460,9,0.5357511,0.482898,0.7470102,0.56900746,0.5332913,0.8507622,0.5379248,0.53706765,0.81993914,0.52448094,0.59540087,0.6225515,0.5200992,0.59509397,0.6654762,0.52671885,0.5368,0.6547045,0.5254513,0.5361796,0.4389089,0.5561696,0.6645973,0.90335834,0.53154683,0.6598658,0.810008,0.4927639,0.7115566,0.7380161,0.47378027,0.7009077,0.8384852,0.49817705,0.8577839,0.8937797,0.47740966,0.83528113,0.6625874
461,9,0.53681725,0.4818665,0.6750503,0.5681403,0.53590685,0.81522304,0.538036,0.5348216,0.74286515,0.52495164,0.5961612,0.54188573,0.5214043,0.5942131,0.56317574,0.52907866,0.5335129,0.42087537,0.5272387,0.53269064,0.39183912,0.55683106,0.6627332,0.75040746,0.5326889,0.6584912,0.75671977,0.49075207,0.7108499,0.47109944,0.4735602,0.6997185,0.69134444,0.4984087,0.8584574,0.78239584,0.47695383,0.8356307,0.9274194
462,9,0.53673136,0.4812419,0.47920778,0.5691461,0.53455,0.80943835,0.5376863,0.53552663,0.7455858,0.52454484,0.5942012,0.5809617,0.52011806,0.5942122,0.63075197,0.5271445,0.5351526,0.5641214,0.52631676,0.5345355,0.44716632,0.5563853,0.66294026,0.7117764,0.530616,0.6593861,0.78617257,0.49189404,0.71085966,0.7256836,0.4741525,0.7012473,0.7699369,0.4977794,0.85782075,0.86626285,0.4775541,0.8352703,0.8823632
463,9,0.53669536,0.48134708,0.5550042,0.56803757,0.5364041,0.7379503,0.5375847,0.53525054,0.6986782,0.5240843,0.593041,0.4786955,0.52147025,0.59374076,0.5229496,0.5282811,0.5314668,0.41364583,0.52775776,0.52937603,0.32030812,0.5560472,0.66491055,0.74395794,0.5301439,0.6593546,0.60175943,0.4937678,0.7119031,0.625873,0.47497857,0.7004188,0.62697893,0.49887377,0.85644114,0.80611,0.47744486,0.83659196,0.88723856
464,9,0.53696656,0.4812886,0.60364306,0.5680883,0.53577125,0.684986,0.5379664,0.5347859,0.65831333,0.52416545,0.59310067,0.476986,0.5208295,0.59292626,0.49701694,0.52829057,0.53231174,0.47628534,0.52717555,0.53211635,0.38593712,0.5559903,0.6649022,0.75289994,0.5312687,0.65984905,0.7340005,0.4912171,0.7112686,0.49128175,0.47303942,0.7014906,0.5867474,0.49846128,0.857219,0.8617929,0.4773693,0.83591896,0.88675493
465,9,0.536192,0.4803082,0.5690552,0.5690248,0.5337136,0.7483146,0.53653014,0.5348516,0.7652427,0.5239758,0.59433436,0.59313124,0.52018136,0.591772,0.6550361,0.52615064,0.5323768,0.45532712,0.5261792,0.52951556,0.42971724,0.556642,0.66320723,0.8208991,0.5321443,0.6592712,0.8171674,0.49092764,0.71060354,0.5681607,0.47326687,0.70042664,0.72588676,0.4985861,0.85827225,0.90430516,0.4779216,0.8350509,0.8192725
466,9,0.5358914,0.48026899,0.47352153,0.5672877,0.5331251,0.8321382,0.5377964,0.5347389,0.7305724,0.5234934,0.59437233,0.5476215,0.52015656,0.5919709,0.607165,0.5260334,0.53513676,0.5470543,0.5253281,0.5345672,0.48443645,0.5556842,0.6638689,0.8706948,0.5310546,0.6595972,0.75915605,0.49391863,0.7123247,0.74271834,0.47262904,0.7013317,0.62641776,0.49867293,0.85874206,0.84853995,0.4774135,0.8374176,0.752713
467,9,0.5350436,0.48089182,0.6172649,0.56743044,0.5320128,0.84574264,0.5368945,0.53455883,0.8202153,0.52288944,0.5935493,0.60982144,0.5200678,0.5927264,0.6097695,0.525536,0.5354904,0.6377843,0.52485615,0.53497136,0.4222457,0.5566728,0.6628534,0.83393717,0.5321311,0.6594504,0.82153213,0.49174643,0.7094768,0.6032177,0.47370008,0.6997239,0.79691094,0.4984125,0.8592295,0.8892595,0.47775376,0.83699286,0.645008
468,9,0.5345158,0.48033375,0.7961129,0.56704164,0.53273183,0.7285133,0.536961,0.5352957,0.7555602,0.5236656,0.5930909,0.55253667,0.5198139,0.59213614,0.6230455,0.52565485,0.53651386,0.6212047,0.5242764,0.53619194,0.48529342,0.5563297,0.6629183,0.8598516,0.5324464,0.6589845,0.7910729,0.49221832,0.711506,0.56952184,0.47374523,0.7017897,0.7378073,0.49873906,0.8581188,0.79549986,0.47683987,0.83695215,0.85099626
469,9,0.53291345,0.47953236,0.6953425,0.5668921,0.532492,0.74274105,0.5361798,0.5349756,0.7922136,0.5234662,0.59278077,0.53618544,0.51831174,0.5926366,0.5413218,0.52539766,0.5356069,0.6742487,0.52370864,0.5350487,0.41164646,0.5559579,0.66367555,0.8978023,0.5319316,0.6588204,0.8346926,0.49163643,0.7113905,0.578272,0.47341102,0.7021986,0.7327476,0.49884787,0.85797715,0.8965444,0.47718373,0.83642113,0.8285261
470,9,0.5320471,0.47934312,0.63869184,0.56537384,0.5320161,0.7629341,0.535827,0.5362548,0.74458647,0.52285933,0.5934011,0.47593936,0.51931274,0.5951476,0.59021074,0.5243116,0.53643125,0.5858871,0.52420115,0.53314257,0.39836225,0.5557983,0.66426253,0.86948705,0.53252196,0.6606842,0.80727196,0.4939244,0.7120018,0.7088182,0.47374952,0.7022472,0.71301264,0.49854332,0.8600446,0.88136846,0.4777722,0.8361906,0.83247286
471,9,0.5297045,0.47968867,0.7712988,0.56461996,0.53490734,0.620734,0.53472424,0.5359694,0.76565444,0.5221168,0.59757346,0.5003642,0.51779187,0.5945956,0.58365065,0.5243624,0.5343178,0.4959717,0.523115,0.53354275,0.41221997,0.5561718,0.6638135,0.8565763,0.5335864,0.6597285,0.76817614,0.49184757,0.7107844,0.55333257,0.47367096,0.700273,0.7709353,0.49858227,0.8573945,0.8799625,0.4781557,0.8338159,0.85747355
472,9,0.52788407,0.48003528,0.55719054,0.56341326,0.53475845,0.6109004,0.5341788,0.53833294,0.73179924,0.5205793,0.6003136,0.59847355,0.51864964,0.5984204,0.45753855,0.52161604,0.53864247,0.6192706,0.52106017,0.53834164,0.34046158,0.55559444,0.66623515,0.711137,0.531071,0.6620778,0.787286,0.49321157,0.7113717,0.6134039,0.4742804,0.70183533,0.7429964,0.4982505,0.8593592,0.79232687,0.4776111,0.8361423,0.89129084
473,9,0.5270149,0.47961754,0.62297845,0.5623899,0.53441143,0.6537134,0.53202564,0.5363255,0.75742215,0.5198191,0.6016205,0.64958286,0.5176825,0.5992023,0.59070796,0.52010804,0.53886676,0.6368086,0.51965165,0.5388135,0.34892884,0.55682343,0.66211456,0.75603104,0.5331628,0.65906066,0.8132006,0.49222648,0.709375,0.61874485,0.47390714,0.69992346,0.6656021,0.4983197,0.85700274,0.89858896,0.47742966,0.83488625,0.7403747
474,9,0.5245941,0.4809632,0.74989766,0.5606898,0.5328211,0.6084742,0.52935857,0.5373555,0.78105783,0.5181919,0.6054605,0.59042984,0.51536554,0.6042354,0.63248926,0.51887095,0.5394452,0.78642035,0.51850176,0.53905606,0.40065703,0.55416447,0.66635674,0.8763224,0.5315015,0.6608821,0.8446427,0.49262542,0.7111224,0.79114264,0.47405964,0.69984955,0.9000253,0.49800926,0.8594764,0.7640729,0.4774758,0.8349063,0.69445884
475,9,0.5234329,0.48180842,0.85642457,0.55977416,0.53214973,0.85031414,0.5283231,0.5384554,0.86095715,0.51715153,0.6063332,0.6752958,0.51558024,0.6020535,0.62135774,0.51832986,0.54092187,0.5920314,0.5171996,0.5414222,0.39990348,0.55623287,0.66550815,0.8754104,0.5327932,0.6603674,0.8380393,0.49213418,0.70694816,0.7538913,0.47400346,0.69828135,0.8243612,0.49765223,0.85729814,0.83422816,0.47803435,0.83528286,0.8041482
476,9,0.5214285,0.482927,0.8306361,0.5594638,0.5339349,0.7629563,0.5261549,0.5375294,0.8481244,0.51611966,0.6071217,0.6559265,0.5149092,0.6048964,0.46041015,0.51652944,0.54258204,0.82874244,0.516416,0.54244214,0.35439548,0.5548009,0.6644134,0.8541617,0.5316514,0.6598885,0.84429455,0.49001026,0.7104839,0.6641346,0.4729847,0.700561,0.7695083,0.4986289,0.85663587,0.9190468,0.47754088,0.83573407,0.80440885
477,9,0.5188622,0.48203075,0.7998828,0.55819017,0.53424346,0.6859576,0.5252465,0.5403984,0.773607,0.5159328,0.60800606,0.6590523,0.5143921,0.6060806,0.4737594,0.51493394,0.5429611,0.82161987,0.51479745,0.54302573,0.281386,0.55460954,0.665247,0.76887393,0.5310325,0.6604647,0.8166567,0.49275434,0.7118388,0.7838943,0.47340205,0.70063543,0.5984424,0.49870434,0.85793597,0.7872684,0.47701627,0.8351855,0.8965756
478,9,0.5175664,0.48165646,0.64625776,0.5559809,0.53514403,0.7761482,0.52375954,0.5426263,0.6983138,0.5150707,0.60937077,0.5973089,0.51290977,0.6071839,0.58241004,0.5139733,0.54431546,0.72007316,0.5137101,0.5445116,0.2684477,0.55421436,0.6658295,0.7218756,0.5315117,0.66098106,0.80384344,0.4908716,0.7103974,0.59238726,0.4740356,0.6990867,0.85728127,0.49878937,0.85682017,0.8481222,0.47726622,0.83506936,0.8851904
479,9,0.5146765,0.4835308,0.8755295,0.554653,0.53395873,0.63743544,0.52196616,0.5426585,0.7850929,0.5142839,0.6101586,0.59732234,0.5124507,0.608446,0.5997144,0.51235956,0.54534537,0.7858426,0.51225525,0.54593575,0.3743335,0.55317646,0.66678137,0.84947366,0.5304026,0.6613176,0.8211215,0.49025708,0.7103089,0.67454153,0.47319856,0.700218,0.7412396,0.4988603,0.857797,0.835818,0.47745767,0.8345798,0.674751
480,9,0.5119602,0.48606312,0.69918305,0.55230796,0.53492653,0.75889397,0.5204202,0.54155964,0.7382648,0.5135841,0.6123978,0.63961995,0.51245373,0.6090307,0.49009946,0.51138383,0.54768044,0.7706674,0.51127964,0.5481399,0.34180146,0.55374944,0.6693312,0.7936517,0.53180146,0.66384214,0.8341208,0.49191818,0.71066093,0.7850866,0.4728564,0.7007514,0.7555394,0.49863395,0.8575569,0.8757037,0.4782466,0.83587366,0.82358277
481,9,0.5090673,0.4877577,0.8223572,0.5502665,0.53272945,0.82519704,0.51652664,0.5406347,0.79056567,0.5121945,0.6152694,0.7484812,0.5106691,0.6110405,0.5498635,0.5089964,0.5478686,0.6297174,0.50866383,0.54834455,0.36835846,0.55256945,0.66695005,0.86360836,0.5294731,0.6630795,0.81977063,0.4912545,0.7101406,0.74901456,0.47283146,0.6984981,0.5313887,0.49827403,0.8582224,0.77433074,0.47821864,0.8364573,0.89629346
482,9,0.50692445,0.48794731,0.8208273,0.5483798,0.53574646,0.9031544,0.51826537,0.5438743,0.68019736,0.51091695,0.61665076,0.7667283,0.5099913,0.6107262,0.56582725,0.5065035,0.55057174,0.62685215,0.5071676,0.5511705,0.36369017,0.55316263,0.67130363,0.76174986,0.53086245,0.6654492,0.82829213,0.49220604,0.71280766,0.798582,0.47229564,0.7004162,0.7414498,0.49883094,0.85999024,0.945213,0.47768208,0.8366645,0.8526637
483,9,0.50410277,0.48981008,0.85471725,0.54606515,0.53635603,0.8490455,0.51497674,0.54387593,0.6796299,0.50908536,0.6193672,0.7857148,0.507516,0.61358017,0.5111522,0.50396377,0.55102247,0.55359674,0.50368166,0.5521423,0.45704868,0.5522407,0.67225057,0.84414136,0.5300798,0.66647047,0.8014369,0.4933639,0.7117278,0.7739297,0.47369996,0.6988645,0.84976625,0.49942583,0.859509,0.89384246,0.4774156,0.8377274,0.91683084
484,9,0.50110745,0.49173498,0.7554798,0.5437641,0.53808695,0.6776454,0.5137688,0.5453847,0.68105483,0.50781757,0.6197939,0.7512372,0.50604653,0.61435056,0.5096654,0.5014211,0.5541707,0.6478728,0.5013846,0.55490226,0.4624666,0.5517439,0.6746827,0.8272424,0.5300209,0.66914696,0.8196856,0.49304616,0.7138262,0.81188196,0.472157,0.70003605,0.8293565,0.49906287,0.85917056,0.7161973,0.47743016,0.8371114,0.8816849
485,9,0.49800435,0.4918025,0.82982886,0.5411805,0.5380846,0.8026048,0.5104141,0.54862183,0.72686046,0.5066773,0.6235659,0.69906783,0.5042216,0.6210135,0.71048754,0.49835074,0.5562309,0.73542064,0.4983996,0.5571532,0.36098018,0.5525215,0.67208564,0.7496502,0.5281979,0.6676851,0.77207303,0.4940221,0.7161193,0.7747498,0.47198078,0.7013498,0.8830335,0.4991865,0.8625686,0.90627706,0.47816667,0.8377897,0.73101526
486,9,0.49501935,0.49540666,0.83242106,0.53798515,0.5391373,0.7092685,0.50610876,0.5510818,0.7961007,0.50349164,0.6261232,0.7261454,0.50178015,0.6223886,0.60173464,0.49724686,0.5571946,0.6394255,0.49746072,0.55885786,0.31098232,0.55193764,0.67255557,0.7771782,0.527668,0.6689198,0.78129226,0.49365833,0.7161218,0.7953399,0.47246796,0.7010098,0.85936934,0.4996809,0.8623273,0.8280937,0.47779712,0.8388063,0.86099696
487,9,0.491957,0.49728426,0.73592496,0.5348667,0.5413917,0.8416991,0.5033147,0.5507843,0.67806655,0.500498,0.62931854,0.75393367,0.500039,0.6232838,0.48974374,0.4929021,0.5600033,0.5947917,0.4938024,0.56176025,0.2849954,0.5512583,0.66993964,0.75432646,0.5261899,0.666463,0.74756396,0.49321365,0.7169309,0.78506505,0.4723849,0.70156294,0.8409845,0.49967003,0.86258644,0.8894658,0.4780339,0.8406218,0.8628764
488,9,0.48862627,0.49773702,0.79543227,0.5313031,0.5421227,0.78401387,0.49815533,0.5536432,0.6520799,0.49731427,0.6292377,0.7688303,0.49633163,0.62377274,0.42248604,0.49030572,0.5628913,0.5204598,0.4904081,0.56373686,0.47885236,0.5526087,0.6726268,0.6811791,0.5254514,0.66957706,0.6126599,0.49194905,0.71931595,0.739531,0.46951514,0.70430124,0.90491086,0.4996668,0.8637723,0.8562419,0.47829023,0.8391542,0.8645847
489,9,0.48542768,0.49957478,0.847866,0.5284702,0.5447924,0.8911494,0.49135697,0.5544427,0.81690216,0.49463132,0.63141906,0.82979923,0.49130172,0.6274475,0.6011893,0.48659605,0.5628027,0.47116712,0.4862882,0.5631549,0.5355049,0.551923,0.6700671,0.7469777,0.5232462,0.66805,0.73795485,0.49119487,0.7172529,0.75674075,0.4693808,0.7064617,0.92410594,0.49934343,0.86238563,0.8770006,0.47832814,0.8403739,0.77392095
490,9,0.48173887,0.5020097,0.8692669,0.52677494,0.54641235,0.78371954,0.4903235,0.5582409,0.6911724,0.49107262,0.63399994,0.8476013,0.48902223,0.6294853,0.5209769,0.48284566,0.5665796,0.5877598,0.48284206,0.56745595,0.3424931,0.55324304,0.66947013,0.81664133,0.5235394,0.66799635,0.6930827,0.49045068,0.72056097,0.7936316,0.4692751,0.7069276,0.89906365,0.49945062,0.86418504,0.88931155,0.47864258,0.8405388,0.7436062
491,9,0.47854838,0.50258225,0.8640843,0.5221972,0.5478522,0.8577869,0.49043304,0.56085086,0.7937965,0.48778448,0.63753647,0.85927176,0.4852357,0.63272244,0.63179314,0.47861508,0.5670451,0.6554036,0.47849503,0.5679281,0.28163838,0.55119526,0.66602886,0.7411451,0.5214059,0.664675,0.54874235,0.48947814,0.7214731,0.8302249,0.46967766,0.7079773,0.881104,0.49842134,0.86231846,0.7941169,0.47827536,0.8387926,0.9269531
492,9,0.4752454,0.5020672,0.6793847,0.51854867,0.54581046,0.7512416,0.48762718,0.55949074,0.7887624,0.48555502,0.641125,0.7999261,0.48390374,0.63512564,0.63033247,0.47487786,0.5687554,0.69179255,0.48617205,0.63649803,0.069739,0.5521444,0.6650124,0.7669287,0.52182883,0.6656151,0.69638574,0.48821872,0.72095764,0.77143955,0.4686096,0.71032274,0.9057559,0.49907842,0.862383,0.9012363,0.47852358,0.8412513,0.84416056
493,9,0.47262275,0.50188506,0.6770262,0.5146375,0.5468683,0.7734244,0.48277298,0.5538793,0.78669465,0.48341283,0.63968045,0.88866425,0.48145524,0.6298755,0.4918481,0.47171548,0.56953514,0.6343501,0.4716315,0.5703912,0.28120494,0.5488052,0.66032,0.7952679,0.5187322,0.6591951,0.6740557,0.48738563,0.72131836,0.7862104,0.46846667,0.7097483,0.91656476,0.4986707,0.86179954,0.90943164,0.47855264,0.8406103,0.83256286
494,9,0.46946812,0.50066453,0.7187334,0.51010376,0.546993,0.84374315,0.4872642,0.5547934,0.63973594,0.48228443,0.63917285,0.8209099,0.48352423,0.6304451,0.54028106,0.47003707,0.5691044,0.73639333,0.4959717,0.6363384,0.058790527,0.5471898,0.66175264,0.7324175,0.517996,0.66088474,0.7920439,0.48426712,0.72356534,0.68955684,0.46775636,0.7117837,0.89071774,0.49851444,0.85985446,0.8586331,0.47820708,0.8407796,0.8190796
495,9,0.46593776,0.49727523,0.6280631,0.5091527,0.5406388,0.8846128,0.48131874,0.5499515,0.6208087,0.4804733,0.63716054,0.73418146,0.48000297,0.6261225,0.5011786,0.46845958,0.56778353,0.6152373,0.48332947,0.61978614,0.05741033,0.54698557,0.6562588,0.8593185,0.5165449,0.6558006,0.7666065,0.48373666,0.7216711,0.7986636,0.46665758,0.7130641,0.8584434,0.49901155,0.8614682,0.8522994,0.47858635,0.8411651,0.8810868
496,9,0.46305093,0.4925981,0.58546877,0.5074553,0.538133,0.5940119,0.48082826,0.54578954,0.6936348,0.48001644,0.6329277,0.7465019,0.48018417,0.623709,0.58460444,0.46687168,0.5641572,0.72822046,0.48148805,0.6301209,0.07377093,0.5442852,0.65319806,0.73106223,0.5152273,0.65353537,0.7505824,0.48189,0.7207731,0.78849244,0.4669447,0.71571016,0.8885718,0.49903128,0.86112636,0.90333724,0.47800493,0.8420157,0.9064447
497,9,0.4606776,0.48807713,0.6096313,0.5040019,0.53552806,0.62395555,0.48202714,0.5410714,0.67774016,0.47912166,0.62905085,0.78896856,0.48192835,0.61784184,0.4468208,0.46515056,0.5604715,0.81388295,0.4957145,0.62580484,0.059621133,0.5444475,0.6507163,0.8511251,0.51582545,0.6498665,0.7657498,0.4832854,0.7222833,0.7439037,0.46751195,0.7146228,0.8762529,0.49907678,0.8615833,0.8476249,0.47765282,0.8423683,0.7758824
498,9,0.45932788,0.4825725,0.6166456,0.5035125,0.52733994,0.77962476,0.47962436,0.53508127,0.46645367,0.47794825,0.6238645,0.7294286,0.48022392,0.6123349,0.40515375,0.46349412,0.55193,0.760797,0.4826543,0.6216188,0.057634026,0.5434281,0.64668435,0.771868,0.51490676,0.64515615,0.7726808,0.4839502,0.72190666,0.8232542,0.46690434,0.7136347,0.85143137,0.4991961,0.8611007,0.86288863,0.47788423,0.8437686,0.73763
499,9,0.45757836,0.47602433,0.7158324,0.5031324,0.5175314,0.7070751,0.47387427,0.52920115,0.67567974,0.47736058,0.61672676,0.66026664,0.47666255,0.60995686,0.5996629,0.4618389,0.54338783,0.71003914,0.4776924,0.6170382,0.06742548,0.54355025,0.6393723,0.69264275,0.51480556,0.642033,0.7580622,0.48272082,0.7223389,0.73042905,0.4666658,0.71641904,0.88147044,0.50025374,0.8629461,0.84543383,0.47901767,0.84477675,0.87143785
500,10,0.45689327,0.4678989,0.8287804,0.50256515,0.5091754,0.70363796,0.47179908,0.5217444,0.67787,0.47663516,0.609007,0.698337,0.4759402,0.60205686,0.58367836,0.4609315,0.5357986,0.6804951,0.47655657,0.60852414,0.05451473,0.5427652,0.6341765,0.7602021,0.5139264,0.6368708,0.7794366,0.48434702,0.7200902,0.74020034,0.46725187,0.7148781,0.9151945,0.5006824,0.8645265,0.85228103,0.4796216,0.8451339,0.8317052
501,10,0.45643586,0.45772994,0.7490522,0.50107944,0.49909192,0.82133085,0.46821788,0.511688,0.60960734,0.47504294,0.5995707,0.677971,0.47450602,0.5908384,0.45529273,0.46052524,0.5304435,0.57354146,0.46154824,0.5314629,0.2223924,0.539379,0.63042307,0.6716565,0.50955623,0.6314982,0.7904277,0.48336628,0.71984005,0.73312354,0.4667544,0.7146573,0.7939458,0.4987435,0.86163706,0.8187499,0.47939974,0.8426341,0.76701766
502,10,0.45521477,0.44775963,0.78923583,0.5016073,0.49031585,0.5884985,0.46578318,0.5019451,0.7870414,0.4738329,0.5893515,0.7457953,0.47053802,0.5822111,0.64489317,0.45856678,0.5185705,0.63719684,0.45889747,0.5198623,0.340626,0.5373452,0.62359214,0.82207316,0.5066928,0.6235644,0.7684087,0.48495162,0.72075313,0.6447315,0.46579602,0.71490294,0.9037924,0.49828592,0.8599534,0.80715954,0.4790288,0.8417998,0.71332127
503,10,0.4543843,0.43859184,0.82434106,0.500597,0.47981352,0.71837854,0.4633068,0.4921633,0.79342073,0.4729718,0.57936394,0.7716931,0.4685999,0.57231253,0.6272393,0.45884392,0.5066477,0.6472683,0.45813778,0.507412,0.47219986,0.5354877,0.6159002,0.8312159,0.5039353,0.6176695,0.8018977,0.4825248,0.72145355,0.76533186,0.46534213,0.7168692,0.8670607,0.49964193,0.86066294,0.9050384,0.47806343,0.8424589,0.86895245
504,10,0.45438525,0.42830873,0.813342,0.5015158,0.4708369,0.6834307,0.46117702,0.48095563,0.71515214,0.47145623,0.5668117,0.76048595,0.46786168,0.5632539,0.5854837,0.4599895,0.49785393,0.5580881,0.45837748,0.49920574,0.5075153,0.5338641,0.60881084,0.8163344,0.5030118,0.6101686,0.82617176,0.48299852,0.7192241,0.90131825,0.46489245,0.7175701,0.71628994,0.49804312,0.85951835,0.84078145,0.47824207,0.8416929,0.8100002
505,10,0.4531766,0.4180059,0.83714145,0.500853,0.46058536,0.8454834,0.46276677,0.47415805,0.6333733,0.4691632,0.5584495,0.7397545,0.46634775,0.5552844,0.6033436,0.45718664,0.48232743,0.62036204,0.45603254,0.48272774,0.45604214,0.5326236,0.6040274,0.81013256,0.50166357,0.60369647,0.8234165,0.4839992,0.7175603,0.78577214,0.46553046,0.71460366,0.801037,0.4986283,0.86030996,0.8771073,0.47803107,0.842908,0.8431576
506,10,0.45361885,0.4085242,0.7791664,0.5000632,0.4522021,0.8306012,0.46191108,0.46302053,0.74260813,0.46799934,0.54978275,0.7066304,0.46726406,0.5444379,0.57598007,0.45742956,0.47437468,0.6150849,0.4574598,0.47485408,0.3646139,0.53032416,0.59735733,0.8439196,0.5000074,0.5964124,0.82770705,0.4849511,0.71554923,0.80500305,0.46690732,0.71216184,0.85235906,0.49711266,0.86351305,0.7256403,0.4775714,0.8424722,0.7701475
507,10,0.45278507,0.40074095,0.7088707,0.49838257,0.4430861,0.6347253,0.4619692,0.4548185,0.73709124,0.46623585,0.5408244,0.64363813,0.46757793,0.53573394,0.5813106,0.4578025,0.46550882,0.51014733,0.4583975,0.46675804,0.41267532,0.5280379,0.59238553,0.8604904,0.49916777,0.5902364,0.8273002,0.4868563,0.7140242,0.79220206,0.46758834,0.7074357,0.70101506,0.49805227,0.85894257,0.87916267,0.47828814,0.8374576,0.6733653
508,10,0.45384407,0.38945314,0.6576788,0.5001999,0.43354374,0.8499305,0.46411127,0.44995856,0.75429595,0.46658036,0.52880406,0.5325301,0.46624142,0.527157,0.5831489,0.45816195,0.45225465,0.48657936,0.4577345,0.45675758,0.4255994,0.52585524,0.5872716,0.8864255,0.49629983,0.58678454,0.8109281,0.49015954,0.7150257,0.7533694,0.4685255,0.7097775,0.6625161,0.49843082,0.85756814,0.9105071,0.47906044,0.8411661,0.893597
509,10,0.45402858,0.38163576,0.4763053,0.49963227,0.42913672,0.8010646,0.4659025,0.4430928,0.73684764,0.46556562,0.52078605,0.5973655,0.46420574,0.5199725,0.64711726,0.4568044,0.44697094,0.6597912,0.45593828,0.4482362,0.45257995,0.52340335,0.5839634,0.81688476,0.49479485,0.5853145,0.8017815,0.49193034,0.7145576,0.77384734,0.47118747,0.7107004,0.8003218,0.49796763,0.8582247,0.69599986,0.47935772,0.8405787,0.8398248
510,10,0.45426577,0.37477934,0.8064842,0.49938938,0.42149857,0.6430237,0.4631645,0.4352261,0.81116426,0.46439317,0.51515967,0.59646845,0.46355584,0.51517504,0.71732813,0.45824918,0.44363767,0.52368975,0.45677593,0.44372508,0.47166345,0.5218032,0.5787355,0.8501908,0.4941019,0.5802791,0.76918954,0.49117488,0.71119237,0.8800452,0.4728255,0.7079434,0.86557245,0.49921715,0.85839003,0.8612903,0.48032454,0.84140766,0.88299674
511,10,0.4546215,0.36777005,0.43794876,0.49916497,0.41453427,0.62706774,0.46328628,0.43017846,0.81404185,0.46261647,0.50784755,0.5528199,0.46232396,0.50873196,0.7310759,0.4557595,0.43606523,0.5972323,0.45615166,0.43677652,0.53273684,0.52075803,0.5755929,0.80365026,0.4928811,0.5767454,0.8201706,0.49233308,0.7096197,0.8084654,0.47461733,0.7059283,0.6853197,0.4986084,0.85779214,0.7160574,0.47914454,0.83842933,0.7799341
512,10,0.45418295,0.3629363,0.57652944,0.49866867,0.40895662,0.8131524,0.46267086,0.42286614,0.8551684,0.46104437,0.50288403,0.5534584,0.46016783,0.5034229,0.7214603,0.45520812,0.4299643,0.5348544,0.4557805,0.43053696,0.6593034,0.5192192,0.5726509,0.8701218,0.49151134,0.57268554,0.80201393,0.4949583,0.70831895,0.8839621,0.47502455,0.7055187,0.8571593,0.4992857,0.857866,0.80576897,0.47989592,0.83958143,0.84545594
513,10,0.45558697,0.35759625,0.65812135,0.49967957,0.40564513,0.7636158,0.4628333,0.41884503,0.8063997,0.45963714,0.49774978,0.51842445,0.458774,0.4991723,0.7021177,0.4574254,0.42365205,0.431744,0.45695934,0.41884488,0.61902416,0.51829046,0.5690758,0.80098385,0.49025834,0.56968945,0.80290586,0.4961282,0.70811874,0.80302083,0.4756927,0.7070695,0.7558576,0.49915975,0.8574149,0.84433466,0.4789807,0.8415023,0.8608594
514,10,0.4562673,0.353742,0.56494516,0.49990812,0.3997328,0.70667917,0.46255353,0.41446602,0.85041827,0.46073386,0.49364415,0.3924185,0.45780802,0.49593744,0.7302991,0.45877144,0.42105013,0.30903915,0.45748708,0.4184919,0.61794734,0.5165471,0.5661951,0.82529205,0.48848313,0.5680875,0.8175821,0.49535924,0.7059082,0.69150966,0.4755155,0.7042747,0.87350625,0.4996564,0.85866076,0.85677224,0.47822773,0.84164065,0.8616875
515,10,0.45629418,0.353734,0.80434215,0.4997792,0.39821658,0.65424263,0.46331972,0.4098311,0.60956025,0.4585224,0.49095607,0.4321083,0.45626113,0.49254248,0.672723,0.4584894,0.414177,0.43496212,0.45859045,0.4125516,0.6350639,0.5144003,0.567723,0.8444558,0.48696265,0.5693579,0.7963856,0.49376315,0.70199937,0.8773924,0.47588998,0.6980774,0.87625784,0.49978632,0.8520639,0.8301409,0.4779927,0.84026027,0.65099555
516,10,0.4568955,0.35235447,0.8178925,0.49879685,0.39451113,0.63973993,0.46387976,0.40822476,0.6250847,0.4556752,0.48761624,0.505725,0.4559922,0.48897395,0.71406215,0.45843592,0.41458604,0.49150553,0.45880884,0.41080847,0.5273621,0.5145601,0.56823623,0.7778441,0.4861979,0.56949806,0.8169399,0.49371493,0.7045134,0.7950285,0.47595242,0.7022548,0.7649774,0.49822634,0.8561345,0.7387547,0.4782155,0.83814883,0.7386286
517,10,0.45752987,0.34981635,0.737241,0.4985502,0.39473805,0.70159364,0.46354538,0.40850577,0.68345046,0.45747,0.4847291,0.42143813,0.455659,0.48731792,0.73433125,0.45883414,0.4110168,0.4700525,0.45924124,0.40835503,0.47888374,0.5127131,0.56664985,0.7878234,0.4844558,0.56835496,0.79040736,0.49471965,0.70451814,0.76556957,0.4766205,0.7029925,0.70395815,0.49916983,0.8561792,0.80228555,0.47924346,0.8396233,0.8357314
518,10,0.45693925,0.3501908,0.65775937,0.49935183,0.39347014,0.66252404,0.4627253,0.4059401,0.7605102,0.4553023,0.48388547,0.5168255,0.45421,0.4866047,0.6901715,0.45918497,0.41551524,0.36831748,0.45720023,0.41044685,0.53949255,0.51320976,0.5650443,0.81709605,0.485294,0.56704766,0.79069936,0.49485454,0.7054885,0.8360356,0.47604612,0.70469916,0.8225757,0.49902216,0.85850406,0.6794553,0.4790706,0.8388825,0.682601
519,10,0.457614,0.34885234,0.6934417,0.4997734,0.39698362,0.78182304,0.46273467,0.41020554,0.826086,0.45725545,0.48476687,0.52510303,0.45459512,0.48800167,0.6346834,0.46016422,0.41069317,0.45277262,0.45726445,0.4070548,0.5854954,0.5118324,0.5662419,0.8236072,0.48449242,0.5677348,0.81205386,0.49497974,0.7035853,0.85179657,0.4759208,0.70074815,0.83416533,0.50037,0.85974705,0.8467064,0.47956154,0.8415108,0.8463849
520,10,0.45794928,0.34731767,0.6539539,0.4991504,0.39680505,0.7359963,0.4628043,0.4122274,0.81430167,0.4568928,0.484355,0.5415908,0.4553646,0.48706722,0.5721393,0.45913228,0.41256985,0.46423507,0.4574858,0.40878138,0.5953192,0.5115205,0.5695045,0.78806895,0.48412707,0.57128567,0.7903514,0.49473402,0.7057857,0.83333987,0.47591573,0.70652086,0.866604,0.5002704,0.85807,0.8665475,0.47763556,0.8419974,0.6615517
521,10,0.45784733,0.3496881,0.7281561,0.49801317,0.39852324,0.61034703,0.46277428,0.41145867,0.6665563,0.45595053,0.48316577,0.50758183,0.45515698,0.48743597,0.61420965,0.46017906,0.4103343,0.5246838,0.45744994,0.40807253,0.46944413,0.51197904,0.56747925,0.74214995,0.4840659,0.5698143,0.7403389,0.49349195,0.7055672,0.81697595,0.47502694,0.7051595,0.8382157,0.49863708,0.8597339,0.86440426,0.47781244,0.8411675,0.6692985
522,10,0.45655677,0.35054815,0.65718114,0.49885476,0.39795205,0.75747985,0.46240222,0.4120476,0.81478894,0.45658138,0.48840648,0.56819946,0.45499846,0.49224886,0.64033514,0.458566,0.41690347,0.48806205,0.4557728,0.41323385,0.6412115,0.5119898,0.5670363,0.8027181,0.48552486,0.56872725,0.7989127,0.4919246,0.7041843,0.8469563,0.4742392,0.703279,0.83603275,0.49995378,0.85867023,0.8699979,0.4775299,0.84029055,0.6270617
523,10,0.45579478,0.35284773,0.5795025,0.49828804,0.40137336,0.68322146,0.46325913,0.41057763,0.67843676,0.455871,0.49264368,0.5044602,0.4547172,0.49401653,0.6574582,0.45643458,0.41708323,0.38765633,0.45514145,0.41632554,0.5822333,0.51350003,0.56918275,0.8438089,0.48674095,0.57147706,0.8054976,0.49124897,0.70702434,0.83880043,0.4728157,0.70408875,0.85792446,0.4987257,0.85593355,0.7833305,0.4780243,0.8410694,0.69372624
524,10,0.45597187,0.35364556,0.77055657,0.49755937,0.4046882,0.83733034,0.4623066,0.41824976,0.7276219,0.45775518,0.49532494,0.43311495,0.45462373,0.4975066,0.7156088,0.45663956,0.4230382,0.46639574,0.45501474,0.4217122,0.65914637,0.5140927,0.56818753,0.8119268,0.48741958,0.5711018,0.7807941,0.49103937,0.7059621,0.8986747,0.47200152,0.7040326,0.87873113,0.4987831,0.8543913,0.7262726,0.4780826,0.8405922,0.8559287
525,10,0.45443553,0.3570155,0.67625123,0.49650413,0.40476695,0.67959076,0.46158978,0.41796678,0.6357555,0.45494545,0.4989136,0.546943,0.45481452,0.50056124,0.69299155,0.45502803,0.4207237,0.37623507,0.45437726,0.42154613,0.6583014,0.51426524,0.5717458,0.80939794,0.4880914,0.5741388,0.6955142,0.49012873,0.7088337,0.85490054,0.4727584,0.7091709,0.6980535,0.49792278,0.850993,0.63395786,0.47801927,0.8410433,0.818815
526,10,0.45356014,0.3613127,0.58226436,0.49668044,0.41127867,0.75200766,0.4613833,0.42182097,0.8079836,0.45533276,0.50357294,0.6079867,0.45448208,0.5029334,0.62474316,0.45491722,0.4297701,0.44484168,0.45371374,0.4250424,0.5881599,0.51751477,0.5720995,0.8707504,0.4902425,0.5751416,0.829967,0.4913315,0.7122045,0.7920851,0.47064936,0.7112985,0.85256636,0.4985362,0.8558815,0.573133,0.47745076,0.8406528,0.78162044
527,10,0.4526486,0.3652606,0.83195776,0.49526423,0.41485614,0.8203896,0.46161053,0.424891,0.71805334,0.45655638,0.5063844,0.57989657,0.45577335,0.5070588,0.60027933,0.45404476,0.43202,0.55327207,0.452815,0.42568818,0.59726435,0.5187452,0.5752377,0.78329545,0.49028328,0.57693994,0.75106853,0.49027342,0.7106104,0.6306828,0.47066948,0.7066862,0.564988,0.4991293,0.85536194,0.84891236,0.47761452,0.84120494,0.86970365
528,10,0.4516676,0.3708779,0.7085237,0.4956852,0.41881981,0.59966344,0.4601101,0.43021923,0.65573347,0.45650885,0.5128043,0.5299257,0.4560185,0.5146618,0.6001291,0.45385513,0.43792835,0.5720493,0.45262516,0.43203768,0.54683036,0.520385,0.5780396,0.8999994,0.4911237,0.58120763,0.81653535,0.4887581,0.7139904,0.7738578,0.46932214,0.70756984,0.74762225,0.49996388,0.8575119,0.8586488,0.4790323,0.84082925,0.8630513
529,10,0.45124993,0.37824234,0.8512446,0.49485666,0.42334935,0.74776655,0.46043855,0.43731508,0.8428037,0.4575602,0.51636994,0.51453924,0.4567027,0.5182865,0.60463935,0.4541151,0.44159397,0.51191723,0.45223674,0.44228506,0.46493727,0.52039313,0.58056223,0.78876626,0.49140772,0.5834328,0.75093436,0.48917884,0.71401477,0.87164813,0.4686369,0.7083348,0.8402002,0.50019425,0.8590798,0.83462006,0.4790866,0.84086007,0.6680783
530,10,0.4504095,0.38448608,0.7468758,0.49546596,0.43039694,0.772048,0.45980483,0.4429106,0.8346624,0.4572816,0.5251035,0.7351328,0.4577486,0.52443504,0.617919,0.45437783,0.44449434,0.5376034,0.45318744,0.44570133,0.45457634,0.52212435,0.5867022,0.72967184,0.4929612,0.58841693,0.8191051,0.48754826,0.71704483,0.85149264,0.46770576,0.71203125,0.8378691,0.50047785,0.85877347,0.7866499,0.47879106,0.8432017,0.652567
531,10,0.4486675,0.39035758,0.8313715,0.49374956,0.4362156,0.83029336,0.46086377,0.45100048,0.74649686,0.4574939,0.532164,0.71709925,0.45801654,0.53135175,0.5321145,0.45293102,0.45528197,0.48203763,0.45236716,0.45834103,0.47041908,0.5235164,0.5875635,0.70477563,0.4936318,0.5896612,0.79183084,0.48913822,0.71716815,0.8016798,0.46701622,0.71125036,0.82032967,0.49858168,0.8582826,0.72523844,0.47955844,0.8414305,0.8809932
532,10,0.44889575,0.39569017,0.67383295,0.49150544,0.44201872,0.660967,0.45751667,0.45366633,0.84376806,0.45820385,0.54093933,0.74704266,0.45803544,0.53953063,0.59676075,0.45253804,0.4627703,0.5270943,0.4526838,0.46299547,0.361492,0.52650833,0.5929237,0.87875026,0.4945934,0.59483725,0.7933504,0.4863192,0.71738,0.75068915,0.46514735,0.7117514,0.8172368,0.5001806,0.8597343,0.84627116,0.48016417,0.84275705,0.87822825
533,10,0.44810665,0.4043255,0.66529405,0.49169064,0.4504926,0.7181984,0.45598614,0.46189052,0.8715651,0.45906502,0.5493007,0.70973057,0.45816898,0.54700726,0.58854645,0.4519193,0.47498536,0.5873427,0.4514876,0.47540706,0.526541,0.5269434,0.5970835,0.7009368,0.49584466,0.59958553,0.83080435,0.48599437,0.7184539,0.8196695,0.46391666,0.71097064,0.70290494,0.49842396,0.85973775,0.7497786,0.47975603,0.8426853,0.8389159
534,10,0.44744787,0.4131707,0.79623216,0.49211258,0.4586175,0.55510503,0.45617458,0.4702462,0.8256428,0.45994598,0.55597526,0.6381445,0.45835006,0.5548734,0.6522545,0.45333043,0.48239514,0.4894864,0.4506768,0.48255566,0.41192937,0.5282643,0.60001445,0.6726414,0.49717626,0.6034689,0.8123247,0.48501378,0.7206083,0.68273324,0.46373418,0.71552825,0.7241577,0.49655184,0.862127,0.6872964,0.4790591,0.84389853,0.82688373
535,10,0.44803676,0.42025605,0.76301616,0.49263614,0.4646188,0.6586228,0.45535034,0.47846475,0.7891151,0.4606242,0.567461,0.62280464,0.45813578,0.5651181,0.7071757,0.45233536,0.4928973,0.6185492,0.4514533,0.4933669,0.477055,0.5291843,0.6045823,0.72558606,0.49771023,0.60974324,0.80676067,0.48349583,0.71936256,0.86951214,0.46344808,0.7146387,0.7472605,0.49940404,0.8590509,0.8962852,0.47853178,0.8380306,0.6670655
536,10,0.44694322,0.43152016,0.85090667,0.493233,0.47328153,0.73300636,0.45721442,0.4832594,0.85444134,0.46146297,0.57639873,0.78794736,0.45818055,0.5736147,0.7615485,0.45167625,0.5013047,0.64998275,0.44991615,0.5017906,0.4454974,0.53049177,0.60927945,0.6693416,0.49899396,0.6141331,0.7984781,0.48089093,0.71948963,0.8564848,0.46239784,0.71675926,0.80466145,0.4988013,0.862518,0.8706795,0.47750428,0.84085786,0.71894085
537,10,0.44695392,0.4397354,0.75082743,0.49303013,0.47950733,0.8120116,0.4589289,0.49188402,0.8447791,0.46174866,0.583011,0.7426204,0.45804128,0.58123213,0.716474,0.45212036,0.5085386,0.5410654,0.45112768,0.5078272,0.32367697,0.5318028,0.61531657,0.68429965,0.5002687,0.6195134,0.7965762,0.48030993,0.72105545,0.81438994,0.46195173,0.7157496,0.8156176,0.4998036,0.86168456,0.86246425,0.47730148,0.8426175,0.8149894
538,10,0.4470585,0.4480654,0.8772614,0.4927021,0.4888104,0.8566354,0.45996386,0.49935886,0.85338223,0.46222714,0.59336346,0.63778234,0.45851287,0.58980703,0.6815699,0.45237896,0.5200757,0.7252542,0.4514291,0.5177412,0.37520158,0.5329465,0.62199664,0.6757985,0.5019161,0.62650114,0.79201895,0.48049724,0.72252524,0.74064636,0.46249595,0.7191423,0.6743976,0.49875566,0.8645181,0.7724647,0.47776806,0.8443142,0.7568741
539,10,0.44655743,0.45651332,0.72514683,0.49314788,0.497314,0.71741694,0.46142966,0.50931484,0.7915105,0.46269736,0.6006214,0.81022066,0.46099702,0.59786767,0.64839095,0.45178407,0.5245205,0.6611687,0.4522216,0.52644,0.2576366,0.5328401,0.6281399,0.582354,0.5029582,0.6324985,0.7801405,0.48114723,0.72340983,0.8088165,0.46322697,0.7153242,0.8106326,0.49933386,0.8629582,0.9009087,0.4765772,0.8426639,0.83826625
540,10,0.44558525,0.46449268,0.71041334,0.4915524,0.50299835,0.89620334,0.46195838,0.51636875,0.71441936,0.46323687,0.6067905,0.751453,0.46167508,0.60329354,0.65123993,0.45264396,0.5337709,0.73158354,0.45274583,0.5350387,0.31772712,0.53398615,0.6308011,0.6187357,0.50527483,0.63625777,0.76773745,0.48035905,0.72225684,0.6795526,0.46325877,0.7156174,0.89258033,0.49895534,0.8631711,0.8808995,0.4777481,0.8405525,0.738566
541,10,0.44614094,0.47129706,0.7234351,0.4911408,0.5091718,0.6908535,0.46155104,0.519642,0.80665505,0.46394974,0.6137096,0.7593542,0.4618933,0.6101686,0.69058543,0.45383826,0.54406613,0.60467213,0.45391646,0.54421115,0.3333463,0.53596026,0.633293,0.57058346,0.5055552,0.6394868,0.72257644,0.47844124,0.7183486,0.7059002,0.4631425,0.7158566,0.748197,0.4981849,0.86213434,0.8152456,0.47832456,0.84193,0.84643346
542,10,0.4467412,0.47693735,0.8491748,0.4919772,0.51725215,0.77221936,0.46391124,0.52750254,0.79742175,0.46486893,0.61807215,0.66473943,0.46407527,0.6158267,0.5772055,0.45562088,0.54899067,0.6564943,0.47637063,0.676727,0.16496594,0.5385506,0.63763297,0.7714565,0.50814843,0.6434902,0.74679685,0.47920132,0.71940273,0.6348317,0.46390736,0.71536416,0.8086949,0.49848813,0.8616471,0.72018874,0.47851697,0.8408452,0.8160631
543,10,0.44779548,0.48388875,0.7086838,0.49317122,0.52351314,0.83093643,0.46693766,0.53632677,0.7578471,0.4654627,0.6267066,0.68335325,0.46499762,0.6217041,0.59416085,0.45469245,0.5561891,0.78653413,0.46599022,0.63301677,0.04963249,0.539846,0.6401884,0.79986453,0.51080906,0.645982,0.7233848,0.47952303,0.72029495,0.5726588,0.4651726,0.71600467,0.75178635,0.49822617,0.8628408,0.76189685,0.4786092,0.84277236,0.6091722
544,10,0.44897404,0.4895082,0.87856644,0.49396273,0.53015274,0.77621967,0.46942422,0.53787017,0.7319168,0.46600702,0.630019,0.60406536,0.46598643,0.62438583,0.53097135,0.45704886,0.56023073,0.70094156,0.4677461,0.63697094,0.059731577,0.5415825,0.6445059,0.8305045,0.51089835,0.6489347,0.70094967,0.4796439,0.72230655,0.64512205,0.46477205,0.716508,0.8602171,0.49923834,0.8624133,0.8853492,0.4797574,0.842328,0.80851054
545,10,0.45025218,0.494182,0.81562495,0.4931102,0.5361604,0.83813155,0.47096163,0.54358625,0.77883786,0.46786875,0.63371855,0.6068762,0.4659824,0.62853664,0.6568067,0.45703945,0.56438875,0.75201875,0.45725605,0.56484973,0.36529624,0.5423033,0.6473002,0.8210275,0.5129669,0.6506343,0.679396,0.4774164,0.72062683,0.7510507,0.4657459,0.718249,0.74339074,0.498576,0.86206394,0.8101469,0.47866946,0.8431583,0.7422471
546,10,0.45132095,0.4982487,0.69823045,0.49489337,0.5380571,0.83413446,0.4712078,0.54619884,0.7728016,0.46985668,0.6370696,0.64990854,0.46728128,0.63126165,0.6283068,0.45769814,0.570531,0.7396506,0.45771277,0.5708798,0.40682834,0.54341877,0.6505316,0.8313737,0.5142794,0.65481615,0.685674,0.47815913,0.721816,0.78144854,0.4651986,0.7185664,0.877299,0.4987866,0.8630883,0.6699518,0.47846577,0.8439338,0.8738584
547,10,0.45189747,0.5009481,0.8750423,0.49434745,0.54129815,0.78187764,0.47147396,0.547899,0.6877238,0.4705952,0.6391831,0.83167666,0.46889943,0.630982,0.4832873,0.45850623,0.5695714,0.65131795,0.45888904,0.57023597,0.3639696,0.5427255,0.65142465,0.6877318,0.5147154,0.65381193,0.7090025,0.47946125,0.72327465,0.807144,0.4651965,0.7181326,0.86068004,0.49962848,0.8651647,0.88858604,0.47791922,0.8454322,0.7747775
548,10,0.45402202,0.50304526,0.8416056,0.49809456,0.5417762,0.8786574,0.47339046,0.54947925,0.78312707,0.47179994,0.6391713,0.70402855,0.47022396,0.6346252,0.7153515,0.4622684,0.5703656,0.6865162,0.46250802,0.57085186,0.3059863,0.5445872,0.653509,0.8463634,0.5150195,0.65723574,0.7157139,0.4795867,0.7222994,0.7254482,0.465098,0.7160137,0.87616533,0.49881616,0.8637926,0.8897706,0.47782192,0.84502834,0.8139957
549,10,0.4554816,0.5039994,0.8199469,0.4994012,0.5443794,0.73026764,0.47479966,0.5512999,0.85254467,0.47317013,0.6416701,0.8327142,0.47276205,0.63308054,0.62867475,0.46282226,0.5735434,0.75702924,0.46317112,0.57457846,0.3683571,0.54532444,0.65599006,0.8446965,0.516266,0.6587384,0.7109742,0.47958234,0.7248379,0.77733153,0.46477985,0.7172051,0.8812786,0.49969405,0.86570907,0.81949615,0.4771466,0.844587,0.77998304
550,11,0.45761338,0.50374585,0.85813797,0.50206244,0.54403824,0.9259172,0.4772566,0.5526433,0.7250622,0.4744636,0.64210314,0.7735392,0.47480005,0.63331544,0.5487231,0.46467745,0.5715317,0.7560185,0.46456155,0.57268685,0.26631007,0.5461306,0.6585495,0.8286931,0.51715046,0.6615917,0.7142248,0.47981966,0.7235745,0.6492899,0.46456942,0.7181706,0.8949545,0.499346,0.86453813,0.8351703,0.47798973,0.8434495,0.84559107
551,11,0.46074283,0.5044827,0.83472216,0.5036855,0.54432786,0.8636413,0.4762071,0.55508703,0.7709052,0.4763099,0.6414626,0.82064277,0.47603646,0.6328945,0.47127858,0.46581256,0.5698898,0.7164082,0.46618077,0.5712579,0.25481206,0.54611754,0.65886897,0.8525472,0.51668316,0.6620835,0.64733696,0.4802317,0.7241324,0.6783771,0.46361697,0.71568453,0.8623816,0.4984417,0.86548674,0.71563476,0.4779635,0.8432942,0.7939482
552,11,0.46246254,0.50412285,0.7653221,0.506448,0.54441994,0.74490494,0.48157847,0.55460757,0.5062378,0.47852415,0.63975686,0.7452037,0.47943202,0.63076174,0.4917589,0.4671211,0.568527,0.72284406,0.48016655,0.63978744,0.06727789,0.54696316,0.6620229,0.8459665,0.5185166,0.66345304,0.75723374,0.48031434,0.72482514,0.6785218,0.46446708,0.7151115,0.86590225,0.498978,0.8645389,0.81133366,0.47789314,0.84338915,0.8566101
553,11,0.46504685,0.5019679,0.5821372,0.5088827,0.5452385,0.89559716,0.48269528,0.5520797,0.70794404,0.47928077,0.64023054,0.83471704,0.48415464,0.6262482,0.29088315,0.4688865,0.56647295,0.56864756,0.48409703,0.6309126,0.063048415,0.5474752,0.66487145,0.8335103,0.5175548,0.66441053,0.73772645,0.4817118,0.72455865,0.75661224,0.4650718,0.7154508,0.8810834,0.49900573,0.86274946,0.8918577,0.4784283,0.840938,0.85102266
554,11,0.46903107,0.50167066,0.65526855,0.51208514,0.5424735,0.8333178,0.48387712,0.55193174,0.78179324,0.481155,0.6378224,0.7705673,0.48130175,0.6275975,0.4007653,0.47159088,0.56485254,0.7232041,0.4816407,0.6327301,0.06382838,0.547408,0.6672778,0.8100119,0.5182827,0.6657992,0.70010364,0.4830035,0.72625893,0.79203194,0.46508026,0.7162773,0.9128755,0.49978954,0.86309373,0.8654949,0.47866684,0.842147,0.78007793
555,11,0.47243467,0.49908736,0.85144687,0.5145037,0.54322684,0.9088187,0.48733723,0.5532388,0.7086244,0.48275778,0.63514674,0.8507381,0.4816179,0.62824357,0.53725183,0.47395498,0.5664068,0.7491743,0.4741948,0.56468034,0.20021102,0.54574215,0.6660017,0.70609874,0.51793486,0.66466796,0.7141694,0.4840221,0.7262563,0.81267136,0.46521026,0.7126367,0.8376971,0.49905294,0.86385894,0.84770584,0.47823054,0.84222966,0.8603397
556,11,0.4753865,0.4976591,0.8645105,0.51693827,0.53968686,0.87620974,0.48554367,0.54828477,0.7592221,0.4848847,0.6306195,0.8216158,0.48332155,0.62479514,0.5336459,0.47655588,0.5613534,0.69148135,0.4766318,0.56261027,0.28429863,0.5472065,0.66875315,0.7884326,0.5199685,0.66600513,0.73251694,0.48477393,0.72627324,0.78149015,0.46583658,0.7120801,0.7874675,0.4997012,0.863594,0.9092567,0.47886884,0.8412482,0.86777693
557,11,0.47828966,0.49667862,0.7719646,0.52205473,0.54042995,0.82031804,0.4878364,0.5491416,0.7721497,0.48634976,0.62740165,0.85203534,0.48475108,0.6212501,0.5475379,0.47937065,0.55968225,0.6371297,0.4795812,0.5606688,0.40481237,0.547786,0.6682224,0.6601257,0.5196974,0.6667101,0.657373,0.4855313,0.72420233,0.8280098,0.46629182,0.71252376,0.90251225,0.4983823,0.8642924,0.8464083,0.478413,0.84322417,0.75702816
558,11,0.480223,0.49478552,0.82441694,0.52452207,0.5377525,0.83768255,0.4903471,0.54838526,0.7461477,0.4886321,0.6252903,0.6878682,0.48622137,0.61896735,0.614041,0.48223916,0.55808455,0.61388266,0.48251647,0.5561729,0.4084745,0.5480688,0.6682849,0.6588256,0.5213884,0.66689825,0.8111874,0.4853902,0.7238298,0.60677093,0.46640098,0.7118821,0.9290759,0.49872798,0.86377925,0.8192368,0.47878972,0.8415158,0.79117495
559,11,0.48387232,0.4929734,0.81475407,0.52737796,0.5378266,0.80143225,0.49085298,0.5461614,0.7647812,0.4900568,0.6236217,0.7049339,0.48876184,0.61894715,0.5211498,0.48549873,0.55676514,0.6720829,0.48575166,0.55509645,0.4527783,0.5477819,0.6678734,0.736782,0.519914,0.66636014,0.6671782,0.48573506,0.72398615,0.53747976,0.466481,0.71139526,0.924373,0.49849802,0.8623456,0.77713656,0.47767344,0.84174496,0.87703544
560,11,0.48691463,0.4913009,0.7125547,0.5299738,0.5367127,0.83385414,0.49775347,0.5479481,0.64489895,0.49177316,0.61955386,0.680547,0.49269477,0.6162624,0.30003372,0.48852545,0.5521638,0.6560119,0.4882598,0.55479366,0.3245854,0.5481692,0.6701207,0.65747106,0.52263105,0.66703063,0.7795078,0.48656064,0.7237524,0.603806,0.4671559,0.71004957,0.76875585,0.4991039,0.8647219,0.88909405,0.47841397,0.8422689,0.8678041
561,11,0.48901567,0.49056804,0.84123176,0.53244984,0.535248,0.67823404,0.500314,0.5459629,0.6475828,0.49484614,0.61752516,0.682825,0.49445596,0.6134438,0.5484429,0.4915447,0.55292684,0.77078974,0.49161065,0.55392075,0.34704238,0.5477839,0.6706602,0.7051481,0.5240696,0.6675374,0.7087388,0.48726347,0.72086763,0.59679663,0.46822187,0.7098612,0.7804079,0.4990425,0.8635998,0.9215636,0.47783902,0.84235966,0.9043234
562,11,0.49222475,0.4887536,0.75932294,0.5340628,0.53523856,0.8134747,0.50346595,0.54380536,0.70935136,0.49634328,0.6145271,0.6809496,0.49491486,0.6121055,0.6284515,0.49342838,0.5493661,0.59864324,0.49258587,0.55165577,0.37152833,0.5480731,0.66963,0.7016835,0.52464026,0.6670894,0.6335863,0.48748124,0.7196863,0.52314293,0.46795744,0.70967084,0.7964708,0.49957374,0.8608444,0.88054895,0.47748932,0.8412612,0.8196297
563,11,0.4943595,0.48977035,0.8722247,0.53742313,0.53322524,0.73330945,0.5059242,0.5423285,0.75971127,0.49838194,0.6132578,0.60930204,0.496752,0.6104603,0.67995405,0.4952748,0.5488756,0.78108126,0.495228,0.5495033,0.36261123,0.55018616,0.66920793,0.67896056,0.5267008,0.66614187,0.8130705,0.48828724,0.7206943,0.7214994,0.46805283,0.7080859,0.85901415,0.49950457,0.86395,0.92974937,0.47798142,0.8419414,0.8174136
564,11,0.4964323,0.48922542,0.8583005,0.53968376,0.5327157,0.73331976,0.5085276,0.53981483,0.7827282,0.5001985,0.6111786,0.65908915,0.49970362,0.6083259,0.4436638,0.4981882,0.54607564,0.77801216,0.49826545,0.54676664,0.33242562,0.5502359,0.67030233,0.7946194,0.52677864,0.6662036,0.7863334,0.48963928,0.7215618,0.64584637,0.46946552,0.70669633,0.90313846,0.49952152,0.8614652,0.8694001,0.47738686,0.8407794,0.90337473
565,11,0.49927893,0.488326,0.7625511,0.5407718,0.5345557,0.8161853,0.51204944,0.54008687,0.6712174,0.5016334,0.6117374,0.7051973,0.5011472,0.6054583,0.4597533,0.49877128,0.54203415,0.75156134,0.50018257,0.54506224,0.2827887,0.5512569,0.66958016,0.7326921,0.52840406,0.6659164,0.79911715,0.4896867,0.71939176,0.6227609,0.4700235,0.7070611,0.66256756,0.49973363,0.86116135,0.91910475,0.47774985,0.84017515,0.91177785
566,11,0.50166947,0.4865986,0.76922095,0.54288703,0.53163105,0.6960607,0.51329476,0.53867185,0.7498026,0.5033386,0.6121155,0.7200549,0.50258523,0.6090885,0.42118877,0.5002966,0.54289424,0.7466707,0.5018682,0.54637885,0.29571867,0.5528158,0.6698413,0.7158323,0.52869284,0.66597855,0.8142011,0.4906813,0.7189707,0.6159652,0.47064278,0.7056493,0.8685255,0.4995524,0.8641562,0.8947639,0.47781354,0.8420429,0.8030348
567,11,0.50374246,0.48667112,0.6602973,0.54517925,0.53036994,0.8150791,0.5140052,0.53820384,0.7906385,0.5048045,0.6110226,0.77774864,0.50407684,0.6045027,0.52546054,0.503144,0.54210395,0.73502743,0.50320697,0.54230255,0.34632733,0.5528063,0.6713758,0.81178623,0.5291086,0.6675008,0.82404155,0.49053165,0.7188133,0.65822667,0.47032973,0.70405865,0.76324636,0.49904427,0.86314553,0.8484608,0.478537,0.8414055,0.66987807
568,11,0.5065124,0.48681325,0.81563526,0.54865175,0.53289044,0.69680136,0.5126112,0.5357315,0.7809934,0.5063016,0.6105563,0.6819814,0.50506717,0.60799867,0.4398404,0.5062295,0.5404125,0.5639301,0.50604063,0.5433922,0.3729948,0.5530675,0.67015123,0.7400295,0.5301896,0.6651129,0.83280826,0.490905,0.716386,0.78619736,0.46990737,0.703766,0.80272317,0.49998704,0.8624834,0.7953936,0.47860935,0.83848494,0.68795806
569,11,0.5079868,0.48681504,0.87781876,0.5492602,0.53003854,0.82151914,0.51571584,0.5364935,0.8598984,0.507589,0.61015874,0.69734836,0.50608075,0.6084123,0.55292404,0.50785875,0.5421834,0.6476785,0.50752366,0.5448063,0.36893377,0.5551138,0.6715889,0.7524533,0.53080934,0.66694677,0.83896315,0.49151337,0.7177317,0.7588178,0.47099036,0.7031637,0.8180827,0.50001466,0.86214453,0.9007151,0.47803438,0.83945435,0.8966743
570,11,0.5100234,0.4855193,0.6875994,0.5511672,0.5312946,0.88995796,0.5178516,0.5370881,0.7097541,0.5088748,0.6097783,0.7479069,0.5096067,0.604183,0.51105267,0.51044023,0.539829,0.74011135,0.509361,0.54261565,0.33774212,0.5558469,0.66981655,0.774795,0.5317879,0.665546,0.85201466,0.49260134,0.717491,0.82491845,0.47163168,0.70123243,0.8553121,0.49969652,0.86193043,0.8357983,0.4784123,0.83744305,0.8470107
571,11,0.5118255,0.4858134,0.7402497,0.5521149,0.53014314,0.8569451,0.52029556,0.53748983,0.8028832,0.510389,0.6094606,0.7396776,0.5097742,0.6024899,0.47960272,0.5103868,0.54259187,0.73845774,0.5101908,0.5421146,0.40195456,0.5563461,0.669422,0.7884102,0.53256285,0.6653707,0.8451418,0.49297306,0.7166031,0.7835109,0.4713761,0.70023406,0.6176261,0.499967,0.86136395,0.91889477,0.47796378,0.83834565,0.78893226
572,11,0.5145232,0.4859331,0.86393625,0.55410665,0.53126615,0.8653467,0.52056366,0.53684115,0.80862373,0.51168805,0.6088476,0.71813947,0.5107598,0.6016427,0.5070433,0.5130292,0.54212874,0.6589343,0.51261437,0.5417501,0.44287494,0.5564038,0.66857404,0.81577176,0.53262556,0.66569585,0.85889345,0.4935705,0.7135418,0.7806697,0.47154033,0.6998242,0.63511384,0.4999911,0.86078197,0.9161879,0.47822064,0.83725274,0.8260615
573,11,0.51506037,0.4853319,0.8863856,0.5546912,0.5323198,0.80978376,0.5216733,0.5379989,0.8266966,0.5130981,0.6078617,0.7138215,0.512573,0.60225016,0.52035046,0.5139309,0.53924936,0.6824222,0.5136198,0.54173493,0.39932263,0.5562904,0.6676869,0.8113366,0.5327555,0.6647662,0.8670848,0.49249545,0.7124818,0.7556531,0.47231948,0.6999268,0.86733496,0.50014865,0.85975003,0.88443625,0.47840863,0.83833605,0.7175586
574,11,0.5161636,0.48548555,0.8317785,0.5554405,0.53115064,0.73069584,0.522143,0.5384422,0.8366523,0.51319724,0.6082975,0.7269538,0.5121057,0.6028101,0.5305797,0.5147084,0.539983,0.6144537,0.5135572,0.5425269,0.4717597,0.55687577,0.66688293,0.7930846,0.5330826,0.66347384,0.8663803,0.4909354,0.71315354,0.6915637,0.4718239,0.7003357,0.85087866,0.5000074,0.8596439,0.8046097,0.47831216,0.8369499,0.8924068
575,11,0.5173857,0.48660746,0.85241944,0.5567005,0.53216285,0.7346957,0.5235236,0.5394499,0.81069136,0.51449656,0.6084077,0.7151209,0.5126213,0.6058739,0.5487039,0.51604587,0.5395973,0.5904416,0.515066,0.5418918,0.4687109,0.55605036,0.6687091,0.8665396,0.5322893,0.66492254,0.8653483,0.49004218,0.71426666,0.6847026,0.47222716,0.7018627,0.7975314,0.49950424,0.8620686,0.8551586,0.4783432,0.83759415,0.85902315
576,11,0.5184567,0.4842006,0.7753059,0.5569123,0.5318958,0.8648949,0.5232207,0.5398013,0.8080253,0.514986,0.60769624,0.65501195,0.5124494,0.60559773,0.63923395,0.5156098,0.54297036,0.77716446,0.5151094,0.54234517,0.49706477,0.55741924,0.6684791,0.90640986,0.5328627,0.6644555,0.8625964,0.49246296,0.71233374,0.7593026,0.47281846,0.69939566,0.8655305,0.49997637,0.85983074,0.84887624,0.47786012,0.8376712,0.91496557
577,11,0.5193964,0.48379207,0.76415485,0.5576337,0.53222907,0.88989115,0.523939,0.53992605,0.80719495,0.5152171,0.60693383,0.6490136,0.51304644,0.60493106,0.582085,0.5164084,0.5423754,0.767486,0.5159289,0.5416637,0.47416943,0.55850214,0.66857344,0.9167518,0.5338907,0.6650471,0.8683155,0.4920756,0.7116607,0.7199596,0.47267622,0.70004237,0.8459881,0.5003583,0.86059433,0.79200554,0.47825566,0.8365451,0.9124654
578,11,0.5204701,0.4831521,0.6247786,0.5565894,0.53736115,0.78888017,0.52708596,0.5391395,0.59220415,0.5158469,0.6032958,0.5489711,0.514077,0.60129654,0.45051464,0.51711744,0.53973377,0.6717493,0.5168066,0.5392516,0.4167104,0.55716896,0.6684641,0.7058623,0.53374887,0.6637209,0.74313295,0.49457058,0.71655095,0.5956876,0.47383946,0.70296735,0.55035514,0.5000418,0.8621147,0.8843608,0.47751534,0.83837414,0.8719533
579,11,0.5202733,0.48261294,0.698291,0.5598776,0.5326587,0.8459331,0.5265449,0.53806734,0.78870106,0.5155003,0.6047039,0.7200415,0.5136716,0.6018356,0.5605339,0.5171454,0.54028946,0.7752356,0.51644427,0.5392884,0.49270454,0.55681735,0.6676813,0.8276488,0.53284127,0.6631325,0.8753568,0.49303615,0.7155366,0.81639814,0.4722156,0.7011772,0.6748218,0.50006455,0.8613454,0.7991071,0.47796646,0.8378422,0.7115009
580,11,0.5203713,0.48370942,0.678866,0.55992764,0.53422445,0.7607669,0.5266341,0.5383467,0.78566015,0.51561797,0.6068258,0.7348419,0.5138321,0.6020368,0.6312977,0.5176693,0.5394469,0.7866836,0.5172936,0.5389472,0.39859602,0.5563017,0.6679523,0.82794225,0.53302914,0.6641788,0.8628247,0.48985103,0.7158125,0.6873765,0.47282216,0.70243245,0.7789151,0.4997764,0.86039114,0.6368844,0.47843406,0.8378104,0.8241785
581,11,0.5217416,0.48558453,0.81948304,0.5602842,0.5327776,0.682182,0.5273901,0.5376018,0.83464515,0.5154272,0.60706794,0.7383029,0.51350415,0.6019587,0.686896,0.5175068,0.5397623,0.7649842,0.51720744,0.53925383,0.49020457,0.557504,0.6673756,0.9224195,0.5333151,0.6626915,0.8702189,0.48960927,0.7160464,0.6797921,0.4722616,0.7021005,0.82468545,0.4999759,0.85943884,0.8606248,0.47832766,0.8388214,0.7445112
582,11,0.521481,0.48389176,0.6843738,0.56031424,0.5331764,0.7470933,0.52709746,0.5362115,0.82851857,0.5155516,0.6064096,0.74662536,0.5144009,0.60215557,0.640801,0.51774186,0.5376305,0.8018939,0.51771283,0.53731126,0.3598577,0.5568393,0.6681809,0.83173805,0.5327511,0.66474974,0.87039983,0.4896813,0.71637166,0.63384885,0.4728591,0.70186394,0.78957224,0.4991358,0.8602499,0.77879804,0.47763246,0.8384836,0.83398235
583,11,0.52233243,0.48353204,0.4896628,0.5608379,0.5342184,0.65767735,0.5289614,0.5403649,0.82083774,0.5162243,0.60317,0.6047558,0.5140614,0.60110193,0.66621417,0.518537,0.53910863,0.7303892,0.51834124,0.5387146,0.3823712,0.5581776,0.66911215,0.90375495,0.53377223,0.6646369,0.8616586,0.4911801,0.71386784,0.65421003,0.47283527,0.701878,0.781937,0.4994922,0.8614115,0.688983,0.47829548,0.8388145,0.81469685
584,11,0.5223194,0.4832963,0.8369743,0.56051993,0.53420305,0.7524509,0.5282886,0.53792286,0.7909801,0.5162656,0.6039865,0.68888867,0.51434976,0.601216,0.5956608,0.5182408,0.53642046,0.7470149,0.5179159,0.53577614,0.43534735,0.55789286,0.6685692,0.9201085,0.53443074,0.66453844,0.8676116,0.490917,0.7153946,0.6585334,0.47252813,0.7009697,0.8146739,0.4991098,0.85868555,0.63064444,0.4774747,0.83685803,0.89701915
585,11,0.52234703,0.48288134,0.83050364,0.56047666,0.53476256,0.75096864,0.5283884,0.5378717,0.7935497,0.5162753,0.60356414,0.71789354,0.5147014,0.60088605,0.5771257,0.5179847,0.5361359,0.7679929,0.51786685,0.53564084,0.40285116,0.5584999,0.66848904,0.9181957,0.53468186,0.66492146,0.8691867,0.49300516,0.7140368,0.79445666,0.4738625,0.70060897,0.8272157,0.49975815,0.8598367,0.94495296,0.47780362,0.8372678,0.883568
586,11,0.52196807,0.48178372,0.79801375,0.56008244,0.53507847,0.7909573,0.5293718,0.5406228,0.75620085,0.51598036,0.6032948,0.7099413,0.51500416,0.60068715,0.5142149,0.5174299,0.53601867,0.7883977,0.51760364,0.5359262,0.3509655,0.55759966,0.6690293,0.82394075,0.53488314,0.6655009,0.85958385,0.49334434,0.71401036,0.79929143,0.47384605,0.7015256,0.7900981,0.5000846,0.8611304,0.92697996,0.47778606,0.8383626,0.8540908
587,11,0.52163476,0.4815662,0.82061744,0.55927354,0.533699,0.7921172,0.5283105,0.538403,0.78593373,0.516254,0.6039962,0.71046674,0.51455784,0.60133946,0.582544,0.5171911,0.5388069,0.7638224,0.51711816,0.5386703,0.42927894,0.5583448,0.6689816,0.9159208,0.53478134,0.66507643,0.86306643,0.4910224,0.7148251,0.59855235,0.47424087,0.6998019,0.8430884,0.49993923,0.85915256,0.8261928,0.47785097,0.8368552,0.884738
588,11,0.5217782,0.48263058,0.7722868,0.55801874,0.5350425,0.84351766,0.5276545,0.53875506,0.75927943,0.5165508,0.60364574,0.6539786,0.5145385,0.60072285,0.51211965,0.51688015,0.54036874,0.74729866,0.51642853,0.5401398,0.45607844,0.5571721,0.6678839,0.8020637,0.5350191,0.66472507,0.8315982,0.49221435,0.71405345,0.5387236,0.47334927,0.70005924,0.7407634,0.49991477,0.85939443,0.8457096,0.47729936,0.8381505,0.8571125
589,11,0.52074635,0.48144776,0.66346914,0.55786705,0.5341615,0.7901844,0.5274717,0.54027647,0.7241834,0.51613873,0.6035841,0.6315497,0.51276934,0.6000099,0.59370726,0.51659673,0.54106086,0.73900723,0.5172304,0.54053545,0.4505641,0.55583817,0.6689354,0.82875156,0.53395724,0.66416526,0.81313497,0.49331486,0.7149952,0.6752755,0.47317752,0.70209026,0.5979271,0.50014985,0.8611459,0.902641,0.4778511,0.8384161,0.7789722
590,11,0.5202944,0.48239046,0.81032014,0.5572679,0.53273433,0.8354992,0.52524847,0.5399423,0.84019715,0.51574963,0.60704136,0.6864859,0.51352847,0.6018016,0.60449255,0.51533616,0.53995013,0.75929606,0.51486254,0.5396724,0.4363514,0.5570489,0.6667492,0.9031627,0.5342859,0.66290534,0.8556981,0.49109304,0.7135949,0.63993865,0.4732516,0.70089036,0.80395794,0.49869233,0.85936475,0.6078133,0.47787791,0.8361842,0.8707695
591,11,0.51919866,0.48294938,0.5290847,0.557561,0.53142613,0.66051036,0.5234193,0.53937775,0.83299285,0.5147339,0.6078423,0.7273221,0.5138267,0.6025071,0.5490469,0.5157108,0.5417511,0.760201,0.51526576,0.5415058,0.46426177,0.5557774,0.6679841,0.8816665,0.5328781,0.66430473,0.857925,0.49188417,0.7132951,0.80042976,0.47234544,0.700804,0.7816139,0.49962416,0.859841,0.9235326,0.47736505,0.83818394,0.8476048
592,11,0.51787615,0.48356143,0.6549589,0.55653477,0.53516,0.6899536,0.52220416,0.54011536,0.75629216,0.51480615,0.6073956,0.6781028,0.512844,0.60496956,0.55691457,0.5153257,0.5391576,0.54280037,0.51467824,0.54211456,0.4262595,0.5565813,0.6682157,0.77620226,0.5332759,0.6649268,0.85080785,0.49118423,0.7109797,0.7155043,0.47221738,0.7005614,0.836288,0.49957064,0.85849476,0.82068604,0.4785956,0.8364224,0.7294311
593,11,0.5159242,0.4849758,0.84705585,0.5555903,0.53249776,0.70761186,0.52276844,0.53867894,0.84697396,0.5133134,0.6084862,0.72339493,0.51302916,0.6026948,0.4935161,0.5134439,0.54530853,0.8039735,0.513249,0.545295,0.4670584,0.5562084,0.667008,0.81209946,0.5338603,0.6644374,0.86366516,0.4921003,0.7138432,0.81241125,0.47222486,0.70085037,0.8377786,0.4995119,0.85794747,0.813103,0.477384,0.8370992,0.8616755
594,11,0.5146105,0.4859092,0.78206134,0.55423164,0.5329064,0.8495003,0.52184486,0.53769815,0.7943703,0.513087,0.60918224,0.7322756,0.5119826,0.60234433,0.44288197,0.5128382,0.5422398,0.6975402,0.512195,0.5444566,0.48334888,0.5551069,0.66897666,0.8721829,0.53288114,0.6646795,0.8190887,0.4896954,0.714008,0.62834,0.47231382,0.69973046,0.81659085,0.49945956,0.8586976,0.83209467,0.4778655,0.83594126,0.84978694
595,11,0.51239914,0.48735783,0.7136483,0.55239046,0.5319555,0.84709585,0.52088034,0.537999,0.80648607,0.5129007,0.6099809,0.7679967,0.5123034,0.6040298,0.46310982,0.5119191,0.5447586,0.74832624,0.5118263,0.54424447,0.4083516,0.55585855,0.66953903,0.8101151,0.5327896,0.66469365,0.8547027,0.4907991,0.71055746,0.68102306,0.47255316,0.6983045,0.8731654,0.4995875,0.8588937,0.804587,0.47800827,0.83642626,0.9195684
596,11,0.51038915,0.48815516,0.8441052,0.5518013,0.5325515,0.8749668,0.5190743,0.53869605,0.7643258,0.51147455,0.6107179,0.7133594,0.510013,0.6078949,0.4674527,0.5099848,0.5454944,0.61024415,0.50911194,0.5458151,0.3796779,0.5548709,0.6695094,0.8552823,0.5312847,0.6664516,0.8294994,0.49048945,0.7113574,0.67087096,0.47223073,0.69853866,0.8683317,0.49930954,0.85880405,0.6350194,0.47847474,0.8367443,0.7514687
597,11,0.50815904,0.48909956,0.8171512,0.55018944,0.5332415,0.8854063,0.51729065,0.5405204,0.7842586,0.5105949,0.6143978,0.6957433,0.5095003,0.61030185,0.5452327,0.50860494,0.54719067,0.65515625,0.50793874,0.54813004,0.34502473,0.55567604,0.6730886,0.7885877,0.5320254,0.66819733,0.83833486,0.4928489,0.7109771,0.7143687,0.47164977,0.69943845,0.65401495,0.4992584,0.85891044,0.7296169,0.47797588,0.83727825,0.77926075
598,11,0.5060254,0.49014485,0.7576221,0.5478356,0.5343644,0.8385587,0.5164874,0.5410416,0.666225,0.5094633,0.6152175,0.6577101,0.5083868,0.6118432,0.5147513,0.50663894,0.55052996,0.70137894,0.5066163,0.55101055,0.45149577,0.55495083,0.67148733,0.8060466,0.5324485,0.6686916,0.8146479,0.4933085,0.7127093,0.6432898,0.47189075,0.70087653,0.71471536,0.4992037,0.85911834,0.8351321,0.47756398,0.83698434,0.8653256
599,11,0.50413495,0.49051508,0.70202035,0.5450747,0.5406274,0.50117695,0.5191732,0.5431868,0.5459054,0.5093015,0.6173598,0.6997698,0.50842625,0.61298215,0.4184093,0.50470895,0.5516915,0.6522375,0.50506043,0.55254793,0.2621553,0.5528611,0.67126465,0.75454617,0.5306942,0.66803926,0.6937328,0.4933487,0.714185,0.39676988,0.4741434,0.70090127,0.7293508,0.49782413,0.86075145,0.8370859,0.4772221,0.83659375,0.86608875
600,12,0.50090945,0.49268025,0.78430593,0.54419357,0.5380708,0.86033905,0.51339126,0.5437246,0.79665726,0.50788003,0.62106055,0.7649763,0.50696176,0.6151713,0.41389957,0.5022548,0.55258125,0.7542248,0.5024694,0.55328584,0.3294526,0.5556427,0.67298913,0.83175504,0.5303597,0.6673542,0.70755696,0.49213248,0.7129785,0.6551155,0.47276857,0.70131147,0.7897084,0.4989533,0.85924375,0.6378932,0.47813502,0.8378784,0.8067593
601,12,0.498703,0.4930707,0.724828,0.5409262,0.53522307,0.80178416,0.51160467,0.5496683,0.7159144,0.50648975,0.6228362,0.77495146,0.50545514,0.6175704,0.5803534,0.5005301,0.555327,0.5948432,0.50028414,0.55713797,0.37001914,0.5524219,0.6701424,0.635247,0.52941734,0.6676313,0.79968,0.49050382,0.71488655,0.62904036,0.47128192,0.70199263,0.8700265,0.49911344,0.859421,0.84051466,0.47776404,0.8375088,0.92358315
602,12,0.49602884,0.49526024,0.61492646,0.5381767,0.5379963,0.88266313,0.5086406,0.5494169,0.64200467,0.5044936,0.62412655,0.779107,0.503335,0.6198932,0.4633116,0.4982614,0.5563657,0.5003911,0.49830592,0.55766904,0.3294208,0.55344737,0.6745796,0.7545021,0.52971154,0.6692655,0.7610741,0.4918827,0.7159447,0.76063937,0.47142476,0.7019556,0.8006657,0.49923292,0.86143786,0.90229243,0.4772668,0.83815295,0.8778574
603,12,0.4930802,0.49619395,0.6713808,0.5362545,0.5389541,0.836525,0.5053542,0.5480243,0.68253744,0.5025733,0.6254742,0.6416389,0.5014994,0.62277764,0.64486915,0.49623382,0.55795705,0.6011479,0.49696648,0.55944,0.3206499,0.55431837,0.6721154,0.68076533,0.5286513,0.6678058,0.7614718,0.49295133,0.7157994,0.7092145,0.4725886,0.7025355,0.8647509,0.49927223,0.8620846,0.8922198,0.4779587,0.83852994,0.82775027
604,12,0.49078402,0.4970415,0.8152846,0.5330494,0.5413659,0.8454265,0.49979603,0.54828024,0.64622855,0.4993791,0.6290184,0.7883554,0.49837816,0.6235433,0.50913596,0.49329537,0.55872375,0.50643516,0.49336436,0.55954343,0.45673805,0.55226475,0.67026573,0.5678906,0.5268219,0.66747886,0.68359935,0.49105418,0.71851426,0.793509,0.47025135,0.7040822,0.7927945,0.49897054,0.86238086,0.80382967,0.47845057,0.83955914,0.9000773
605,12,0.48654225,0.4987836,0.8664518,0.53034174,0.54242927,0.88980925,0.4959313,0.55246556,0.7724984,0.49680698,0.6300457,0.8465672,0.4939888,0.6248884,0.50509655,0.49130058,0.5626391,0.5030441,0.48892573,0.5625327,0.5382704,0.55087584,0.6699027,0.5341577,0.52546775,0.66794354,0.7011869,0.4905156,0.72051424,0.786414,0.46946204,0.70607686,0.8849851,0.49876893,0.86408293,0.8354773,0.47939444,0.83912444,0.74702084
606,12,0.48448917,0.49900207,0.84689105,0.52781504,0.5421428,0.87971246,0.49369302,0.5543684,0.6771419,0.49417347,0.632573,0.79241776,0.4913186,0.62748426,0.6479912,0.48577055,0.5644853,0.6129994,0.48570588,0.56534183,0.3898574,0.55226964,0.670394,0.68986607,0.52492934,0.66801834,0.650253,0.48891932,0.7222324,0.7732605,0.4697628,0.7074826,0.8589456,0.49932024,0.86501986,0.85506225,0.47831962,0.84030855,0.867098
607,12,0.4811186,0.4990899,0.8586018,0.5250828,0.54313076,0.89459026,0.4908262,0.5556006,0.6994012,0.4912457,0.63298386,0.8387424,0.48936862,0.62794566,0.49144173,0.48346913,0.5655925,0.5935877,0.48340076,0.5665731,0.39604867,0.5518219,0.66902715,0.7456153,0.52381843,0.6678495,0.7726949,0.48828554,0.72223514,0.78780437,0.4692522,0.7083437,0.8934283,0.4984644,0.8644613,0.8661231,0.47832763,0.840876,0.8842082
608,12,0.4783378,0.4988252,0.7236761,0.5230957,0.5436243,0.75271046,0.49107042,0.5574717,0.6939157,0.48870495,0.6332711,0.7219817,0.48668447,0.62787724,0.6597843,0.47924027,0.5656591,0.6499809,0.4795454,0.5667073,0.27803183,0.5501758,0.66611844,0.80109,0.5207045,0.6641328,0.58317065,0.4872713,0.72526765,0.7483124,0.46867183,0.7100009,0.79388255,0.49878702,0.86439914,0.90091276,0.47886595,0.8413072,0.91605765
609,12,0.4754174,0.49736768,0.84090304,0.51898897,0.54374504,0.68645924,0.48641527,0.5532766,0.7911295,0.48706007,0.63537747,0.65326816,0.48550335,0.62767065,0.5874506,0.4769353,0.5647424,0.5395464,0.48689362,0.6338299,0.06622857,0.5482001,0.6644137,0.718631,0.5197968,0.66306645,0.757834,0.48680004,0.72500163,0.80559754,0.46793607,0.7112711,0.86952984,0.49810925,0.86267716,0.93242645,0.47865754,0.8416382,0.87691283
610,12,0.47300848,0.4952244,0.875213,0.51625085,0.54070926,0.8929279,0.48721716,0.5525891,0.61096036,0.48525771,0.632148,0.7450504,0.4829136,0.6264134,0.66615826,0.47436297,0.5657283,0.6095873,0.47450092,0.56735593,0.2878203,0.5489318,0.6614835,0.8088893,0.51979303,0.6623047,0.68751675,0.48594445,0.7247321,0.835563,0.4671398,0.71247697,0.7397865,0.49851272,0.8617018,0.8221071,0.47896466,0.84292763,0.79699516
611,12,0.47061434,0.49215522,0.74522626,0.5135979,0.53659207,0.80480033,0.4852414,0.54906684,0.7376295,0.48383418,0.63133466,0.73064905,0.48305002,0.62273395,0.4960125,0.4721079,0.5595681,0.76453584,0.48372975,0.6234053,0.07559534,0.546689,0.6577275,0.74516904,0.5166713,0.65837234,0.5808766,0.4845381,0.72600114,0.7519072,0.46702343,0.7149298,0.90537924,0.49849316,0.8620213,0.7840445,0.47853127,0.8435703,0.7614479
612,12,0.4692154,0.48726574,0.8214683,0.51144624,0.5306899,0.7740087,0.48124942,0.5412583,0.7822773,0.48205408,0.62418455,0.7442672,0.4810061,0.6175131,0.5694845,0.47019234,0.55844706,0.6553929,0.47062144,0.5601184,0.22494847,0.5453561,0.6550632,0.7248074,0.51580435,0.6556131,0.7138528,0.4824521,0.72640413,0.7690638,0.46615404,0.71542835,0.80033123,0.49911422,0.8627436,0.90284145,0.47786862,0.84334826,0.752839
613,12,0.46730766,0.48270568,0.8303883,0.5090485,0.52472717,0.8464241,0.47861633,0.5348411,0.770506,0.48157117,0.6205046,0.773148,0.47992426,0.6140002,0.5490123,0.46936226,0.55094004,0.5940185,0.46965885,0.5520571,0.24311984,0.5435167,0.65120316,0.702414,0.5145796,0.65258735,0.7196459,0.4833129,0.724572,0.8205774,0.46676356,0.71658415,0.8754944,0.49915645,0.8638811,0.79272735,0.4779178,0.84401697,0.68191165
614,12,0.46570957,0.47646043,0.762636,0.5087479,0.51910365,0.8829868,0.4756038,0.5286173,0.7446483,0.48039845,0.6140282,0.82403547,0.4787558,0.6080003,0.6075401,0.46814165,0.5430107,0.68548864,0.4680706,0.54436004,0.3823961,0.54245096,0.6460311,0.75431216,0.5130068,0.64634407,0.69924587,0.4806348,0.7233227,0.7564394,0.4667244,0.71727276,0.8263043,0.4997571,0.8641066,0.8810159,0.4784621,0.8444622,0.78847206
615,12,0.4647048,0.46788767,0.7641171,0.50851214,0.5113751,0.8540735,0.47481683,0.5221967,0.5975106,0.47916466,0.6066268,0.6684334,0.47676274,0.60049516,0.6507876,0.46757945,0.5339557,0.54550225,0.4671019,0.53587055,0.3544695,0.5422271,0.64055336,0.73053765,0.51261157,0.6432061,0.7612382,0.48274067,0.72403854,0.7281553,0.4674979,0.7178641,0.8952631,0.4986519,0.8639964,0.75245893,0.47988656,0.84445155,0.8968298
616,12,0.46330422,0.45992848,0.79107064,0.5081415,0.5031297,0.8437197,0.47335196,0.5125432,0.603617,0.4790394,0.5982172,0.74116635,0.4755179,0.59265804,0.60786134,0.46617585,0.526694,0.5776241,0.46618816,0.5273977,0.43171915,0.5415214,0.6374488,0.660943,0.51241916,0.6396715,0.7580378,0.48261413,0.72397864,0.68053687,0.46717864,0.7158396,0.8752538,0.49843323,0.8635945,0.75385326,0.47892335,0.8429235,0.8723126
617,12,0.46301755,0.45153126,0.82946223,0.5081328,0.49186903,0.7409659,0.4701112,0.50049,0.8432418,0.47894427,0.59080946,0.71861917,0.47478566,0.5836974,0.74651843,0.46685573,0.521123,0.6183598,0.46601087,0.5219781,0.5363344,0.5399732,0.6291445,0.78397685,0.5097311,0.6315538,0.7870845,0.4815512,0.72160894,0.6846237,0.46655542,0.7176458,0.7683809,0.49931917,0.86137474,0.8717422,0.47932738,0.84132665,0.8223509
618,12,0.46247807,0.44125372,0.73392195,0.50694185,0.48577294,0.5221335,0.4686247,0.49115318,0.751717,0.47696352,0.5827187,0.8370755,0.4748616,0.57521075,0.51851046,0.4661574,0.5096133,0.51001793,0.4654481,0.5121585,0.4114512,0.5383263,0.62624675,0.82515985,0.5081122,0.6253827,0.8028899,0.48344976,0.7257696,0.742261,0.4662126,0.717668,0.8594184,0.49853465,0.86076003,0.7843086,0.4791701,0.84089476,0.69360495
619,12,0.46202487,0.4311268,0.67349404,0.5071153,0.47697195,0.86828315,0.46893394,0.48344207,0.7325323,0.47639892,0.5720155,0.69476765,0.47319275,0.5670175,0.6316254,0.4667905,0.50463164,0.618513,0.46498138,0.5048056,0.54147506,0.537176,0.61812425,0.81171453,0.50708854,0.6183406,0.8283806,0.48419368,0.72245187,0.7445382,0.4665045,0.7172308,0.86922103,0.4993007,0.8623188,0.8757045,0.47861543,0.8423048,0.82763624
620,12,0.46172667,0.42203468,0.7616416,0.50703037,0.4700152,0.82013357,0.4688526,0.47627553,0.7046007,0.4753884,0.56189495,0.7294289,0.4743498,0.5572453,0.57454485,0.46598294,0.48954818,0.57082796,0.46562406,0.49418935,0.3583796,0.53609806,0.61253196,0.8331381,0.5063827,0.61116,0.84105074,0.48328337,0.7200065,0.8277525,0.46718568,0.7165969,0.7997911,0.49890837,0.86036265,0.7493285,0.47843063,0.8405289,0.84238774
621,12,0.4616261,0.41324612,0.8121153,0.5070634,0.46001768,0.64449126,0.4719032,0.46775234,0.6258189,0.47411987,0.5531164,0.7330729,0.47347248,0.54852164,0.6155158,0.46532688,0.47945052,0.57133687,0.46543205,0.48396793,0.344002,0.53398985,0.60576195,0.8642673,0.50514436,0.6046188,0.8413456,0.48407984,0.71638876,0.8713953,0.46773323,0.7138481,0.6966265,0.4978067,0.8616706,0.77853453,0.47772458,0.8406192,0.8079715
622,12,0.46170995,0.40475368,0.7850735,0.5079127,0.44863507,0.8203632,0.47525242,0.46058372,0.60470414,0.4727308,0.5440917,0.71287805,0.4742568,0.53786767,0.5903487,0.4655837,0.46811664,0.5213347,0.4662282,0.4723643,0.3564196,0.53277487,0.60095644,0.8468652,0.50459176,0.59847105,0.84111065,0.48645714,0.7140281,0.8479232,0.46878916,0.71209985,0.85540706,0.49876824,0.8602894,0.88674414,0.47729644,0.83962435,0.7531915
623,12,0.46141246,0.39640456,0.7751076,0.5085248,0.4377504,0.7780252,0.47538212,0.45292148,0.6613227,0.47150406,0.5349832,0.66167367,0.47302204,0.5299176,0.665597,0.46577045,0.4592508,0.57601076,0.46442872,0.4616471,0.32763422,0.53088886,0.59525204,0.8633961,0.5029846,0.59249943,0.83077437,0.48796692,0.7121183,0.77359897,0.47005546,0.7080635,0.7194286,0.4972373,0.85871243,0.6788623,0.47749802,0.841028,0.7712481
624,12,0.46172902,0.38884506,0.75528085,0.50959617,0.43233338,0.8559814,0.47447664,0.44601548,0.7198604,0.47162053,0.52347404,0.48612237,0.47094977,0.52154577,0.6780109,0.46435696,0.45290223,0.59943783,0.4645969,0.45377645,0.46966597,0.52916974,0.58982885,0.8785932,0.5016443,0.5880268,0.77652097,0.48927128,0.7122167,0.68506306,0.47026888,0.7105678,0.7966215,0.4986935,0.86002505,0.9385483,0.47820798,0.839044,0.7260092
625,12,0.46205363,0.38151452,0.83961904,0.50831264,0.42574292,0.7668782,0.47333756,0.43793482,0.62464803,0.47054985,0.5158197,0.5469542,0.46962994,0.51573366,0.6010163,0.4663251,0.44593742,0.4763524,0.46427026,0.44554687,0.5452319,0.5267578,0.58578855,0.85046214,0.500141,0.58620614,0.8047011,0.49279135,0.71378636,0.6715612,0.47329745,0.7106559,0.7116568,0.497705,0.8576064,0.8627006,0.47863904,0.8420489,0.87949723
626,12,0.4629689,0.37350684,0.6936821,0.50848156,0.4218332,0.6580332,0.472441,0.4329883,0.5982288,0.46923262,0.5111658,0.63065875,0.46873456,0.51001835,0.6695314,0.46293026,0.43698108,0.5574155,0.46365258,0.4370394,0.5284661,0.5250171,0.58162975,0.874349,0.49822673,0.58130676,0.7582597,0.49476546,0.7120366,0.69382066,0.4739688,0.7100162,0.717433,0.49802762,0.85498226,0.7857349,0.47922936,0.84042937,0.724163
627,12,0.46333477,0.36879623,0.79820746,0.50902885,0.41432664,0.73083234,0.4708657,0.4255378,0.6571481,0.46824938,0.50544816,0.57953763,0.46703842,0.50415444,0.75766134,0.4640163,0.43252304,0.45698553,0.46431538,0.4324673,0.6825817,0.52607775,0.57732725,0.8429197,0.49775165,0.5793299,0.79754025,0.49611238,0.7094895,0.83463275,0.47516218,0.70723844,0.83995396,0.49825424,0.856886,0.75260884,0.47937566,0.8402463,0.82064706
628,12,0.4644247,0.36292273,0.76756704,0.5073365,0.41003966,0.7180429,0.4713147,0.4220033,0.7313385,0.46727058,0.5006839,0.5683813,0.46673194,0.5003277,0.73644793,0.4646312,0.4352229,0.42783895,0.4644528,0.42877468,0.5995959,0.52401453,0.5736765,0.8039996,0.49676138,0.57527024,0.79259473,0.49634367,0.70869166,0.8091669,0.47645152,0.70461655,0.7510045,0.499465,0.85734624,0.76050305,0.48096803,0.83946973,0.89799243
629,12,0.4648795,0.36005592,0.7534892,0.5070582,0.40319803,0.76320267,0.4714061,0.4176508,0.7961664,0.469196,0.49560174,0.47907495,0.4658755,0.49488175,0.76443124,0.46712035,0.42676568,0.48456192,0.46609583,0.42205453,0.6267343,0.52286774,0.5682775,0.77785504,0.49478066,0.5700839,0.7769322,0.4963678,0.706462,0.729956,0.4774523,0.70606285,0.83250064,0.49957246,0.85791546,0.6584859,0.4806587,0.83809733,0.74676603
630,12,0.46461162,0.35800746,0.8483135,0.506352,0.4018011,0.69405735,0.47077733,0.4118598,0.6389238,0.46725526,0.49042404,0.5891856,0.46577838,0.49239898,0.61270595,0.46725437,0.41979474,0.4372182,0.46616146,0.42048857,0.55125254,0.52200884,0.5677476,0.80910593,0.49373975,0.5686458,0.831617,0.5006446,0.7049504,0.763905,0.4790818,0.70327127,0.6664823,0.50005025,0.8549781,0.7507778,0.48057625,0.8389348,0.79607344
631,12,0.46573868,0.35536593,0.6174189,0.5083341,0.3999934,0.8008296,0.47202137,0.41066623,0.6197883,0.46695635,0.48922786,0.5829434,0.46507898,0.49034446,0.667336,0.4674469,0.41571668,0.4062134,0.46543986,0.4175637,0.52425355,0.52062756,0.5667469,0.824999,0.49259394,0.5681627,0.830205,0.49880046,0.70324355,0.9146647,0.47922042,0.7034877,0.8351341,0.49949616,0.8537348,0.79652,0.47988433,0.83848345,0.8108841
632,12,0.46599114,0.35294783,0.6855293,0.50730306,0.39589193,0.69118524,0.47218424,0.41355038,0.8117916,0.46633428,0.4867516,0.5381385,0.46460292,0.48750514,0.58803165,0.4676779,0.4200232,0.56711674,0.46685365,0.41694212,0.54182446,0.51921636,0.5666704,0.8211577,0.49098206,0.5674128,0.8259135,0.49810463,0.7026658,0.84986186,0.4788659,0.70219696,0.8840265,0.49873927,0.85470486,0.84196967,0.4780915,0.83986455,0.78909695
633,12,0.46644053,0.35121432,0.67642295,0.50717044,0.39619836,0.78784215,0.4720477,0.41224897,0.8143426,0.46598318,0.4859215,0.54481673,0.46447507,0.48696753,0.8012666,0.4672745,0.41630012,0.55970347,0.46716926,0.41656062,0.57392144,0.51855826,0.56682855,0.80644774,0.49063328,0.56759024,0.8321241,0.49764532,0.704905,0.8377701,0.47837117,0.7021825,0.87426627,0.49952877,0.8558902,0.82417506,0.47874084,0.83791095,0.8512569
634,12,0.46655357,0.35095802,0.67478365,0.5081032,0.3954288,0.7946953,0.47001043,0.4128278,0.8638171,0.46502694,0.4860495,0.57730705,0.46466765,0.48702043,0.7889729,0.4675416,0.4137598,0.53608793,0.46788502,0.41404772,0.47976524,0.51903427,0.5661306,0.7657624,0.49055094,0.56695974,0.8416918,0.49760756,0.7031061,0.8337341,0.4785213,0.70081514,0.8578754,0.49881572,0.8545011,0.8577839,0.47918656,0.8391262,0.86191577
635,12,0.46670225,0.35111398,0.70169574,0.508255,0.3959105,0.8048469,0.4705213,0.41259083,0.86202335,0.46515644,0.48550415,0.59229153,0.46494806,0.48695967,0.78456664,0.46729425,0.41454712,0.5636242,0.46750158,0.4146521,0.46334687,0.51814854,0.56806153,0.81924605,0.49013874,0.5684266,0.843859,0.4969639,0.70584404,0.75384235,0.47786456,0.7026571,0.86906093,0.49923077,0.85428953,0.8496086,0.4793607,0.8383186,0.8556863
636,12,0.46647662,0.35235006,0.69421256,0.5074678,0.39546385,0.7829401,0.4707728,0.41102904,0.8401138,0.46472445,0.48440325,0.515502,0.465582,0.48715955,0.63010633,0.46690235,0.41828382,0.58029985,0.46803156,0.41492096,0.43804556,0.51837385,0.5666103,0.7664756,0.49008542,0.5670348,0.8239687,0.49714506,0.70455897,0.8483391,0.47724742,0.70091194,0.87999064,0.4987941,0.8560275,0.86733645,0.47876713,0.83941346,0.7970293
637,12,0.46593347,0.3534667,0.8023511,0.5071219,0.39777082,0.6533254,0.4701225,0.41343424,0.86901516,0.46484405,0.48767865,0.6057946,0.46625367,0.48902047,0.67689514,0.4664231,0.4173454,0.56099445,0.46682313,0.41757563,0.45245007,0.5188439,0.56921476,0.76944315,0.49039832,0.56948173,0.83588237,0.4971385,0.7048332,0.8593239,0.47693056,0.70258075,0.86955905,0.49947372,0.8554294,0.86748534,0.47869682,0.8393204,0.8427974
638,12,0.46684948,0.3533594,0.5991604,0.5066487,0.3992673,0.7890836,0.47100848,0.41593325,0.8492067,0.46529165,0.48852515,0.6124242,0.46548635,0.49158332,0.7959902,0.46588713,0.42004958,0.6228352,0.4661011,0.42031795,0.46686476,0.51886946,0.5686565,0.77593017,0.49078447,0.56956756,0.84201306,0.49597347,0.70589846,0.9001214,0.47598717,0.7047552,0.84045935,0.49867895,0.8555409,0.8354125,0.47918668,0.8397903,0.8682941
639,12,0.4664536,0.35561928,0.78951675,0.50714266,0.40198827,0.69525576,0.47143656,0.41636035,0.7435637,0.46488953,0.49030897,0.6061175,0.46546286,0.49562848,0.77805555,0.46586165,0.41962025,0.6057146,0.4657806,0.41978285,0.49938124,0.52048236,0.5718635,0.8790656,0.49211413,0.57323366,0.73553306,0.49589342,0.7034748,0.593773,0.4757273,0.70610416,0.69656736,0.4991731,0.8533782,0.83246285,0.47867596,0.8401526,0.8607282
640,12,0.46610793,0.3603984,0.67725676,0.50797015,0.40853137,0.7427037,0.47161353,0.42041665,0.7928064,0.4663853,0.49560738,0.6398091,0.4655144,0.4977676,0.6447171,0.46637923,0.42265216,0.47919434,0.4642996,0.42245886,0.52601206,0.5222454,0.5728722,0.86720985,0.4936671,0.57493883,0.65642095,0.49456367,0.70823497,0.7374489,0.4746022,0.70828676,0.8602463,0.49908727,0.85349065,0.8056286,0.47891185,0.8405011,0.8554031
641,12,0.4650774,0.3632125,0.73539,0.50884855,0.41237846,0.8176985,0.47146478,0.42609456,0.7533649,0.4668248,0.49906796,0.52108616,0.46522167,0.5015859,0.71926665,0.46532878,0.43149555,0.538614,0.4651372,0.4315376,0.65423083,0.52308536,0.5745681,0.8824037,0.49440587,0.5771566,0.7283559,0.4922328,0.7093882,0.67403466,0.4738452,0.7081646,0.64750075,0.49977067,0.85722876,0.89550024,0.47956327,0.8398097,0.7742894
642,12,0.4640352,0.36718398,0.8191922,0.50846577,0.41617844,0.74163604,0.47056216,0.42773512,0.6587881,0.4672648,0.50553215,0.5696405,0.4662159,0.5044755,0.6883376,0.46502215,0.43350166,0.51963246,0.46456444,0.43292055,0.6316083,0.52337736,0.57711136,0.87966275,0.4952086,0.579794,0.7713669,0.49287885,0.70771396,0.66808176,0.47285587,0.7055808,0.75508493,0.5004683,0.85708624,0.86924076,0.479773,0.83705693,0.7904083
643,12,0.4636656,0.37254637,0.75214714,0.5079376,0.41831678,0.6843747,0.47109732,0.43098587,0.6595494,0.4675146,0.51035005,0.5277311,0.46621025,0.509934,0.705676,0.4630809,0.43802062,0.44936028,0.46337402,0.43864265,0.58480597,0.5246576,0.58006173,0.8843188,0.49569643,0.5826491,0.72094524,0.49272093,0.7099718,0.6903313,0.47252876,0.70594406,0.8354925,0.49886692,0.8551418,0.82448566,0.4795255,0.83761996,0.70633125
644,12,0.4632078,0.3760111,0.685315,0.5075563,0.42447272,0.8260502,0.46867493,0.43843555,0.80532444,0.46651205,0.5151512,0.65402496,0.4667689,0.5145604,0.73121524,0.46238714,0.4434498,0.5270235,0.46200535,0.43727177,0.56584287,0.52544504,0.58622,0.76937413,0.4968297,0.58755887,0.81606776,0.49105772,0.7119708,0.8402372,0.4724649,0.7081135,0.8318407,0.49844602,0.85721934,0.84772897,0.47986263,0.84105766,0.85517967
645,12,0.4626664,0.38343507,0.7495948,0.5073742,0.43154782,0.56865025,0.47122255,0.44280165,0.7602437,0.4667847,0.5223527,0.63307333,0.46706212,0.5204522,0.71096385,0.4631939,0.44869995,0.5720949,0.46368828,0.44955105,0.68453974,0.52716196,0.5881895,0.6938642,0.4983928,0.58925605,0.80631286,0.49246815,0.71303767,0.7656683,0.4710576,0.70702493,0.6167048,0.497522,0.858287,0.78592026,0.48000094,0.8389193,0.8786724
646,12,0.4613689,0.39250863,0.69283074,0.5060958,0.43411496,0.734109,0.47296327,0.44811225,0.74926525,0.46774027,0.5302114,0.6598975,0.46836275,0.5274717,0.6731523,0.46335384,0.4549109,0.42482445,0.46226326,0.45543185,0.59823173,0.52861893,0.5925416,0.7300645,0.49992454,0.59291077,0.77423805,0.49226028,0.7163997,0.8684089,0.47052,0.7109939,0.83017427,0.49774978,0.8570212,0.823593,0.47923613,0.84142977,0.7544919
647,12,0.46093833,0.3980752,0.83111346,0.50454795,0.44242287,0.6533515,0.47320735,0.45626736,0.62078255,0.46938357,0.53785163,0.6300676,0.46772406,0.5349258,0.5678729,0.4614751,0.46484336,0.5908042,0.46126932,0.46621624,0.5921546,0.531268,0.59497136,0.8853856,0.50107676,0.5968026,0.79671496,0.49133015,0.7163719,0.7940659,0.46831998,0.70993996,0.65634686,0.4980881,0.85849,0.88310075,0.47985795,0.84221303,0.85558444
648,12,0.46000272,0.4062743,0.793995,0.50507027,0.45115983,0.84113985,0.47179234,0.46053517,0.72705823,0.4692877,0.5477391,0.71289307,0.46955675,0.5412607,0.5896382,0.4631745,0.4687882,0.40005577,0.46235546,0.47148934,0.43516126,0.5319435,0.60059375,0.6062137,0.5027347,0.60115445,0.8334781,0.4883735,0.7150498,0.8380563,0.46818653,0.7103447,0.84761584,0.49842474,0.8577703,0.8713361,0.47876924,0.83869696,0.71833766
649,12,0.45967963,0.41252893,0.80789393,0.50429386,0.4586518,0.86597294,0.47059822,0.46686888,0.5402446,0.46963152,0.554854,0.7269835,0.47017774,0.5485575,0.47574958,0.46273497,0.47626066,0.56804407,0.4627037,0.47830907,0.45145997,0.5334835,0.60539854,0.55980724,0.5035542,0.60567856,0.82471144,0.4879117,0.7147919,0.7320778,0.46835154,0.7099066,0.7909314,0.4984006,0.85892886,0.7380704,0.47786573,0.84047955,0.72155404
650,13,0.45993054,0.42167613,0.7184469,0.50453275,0.46623752,0.7461543,0.4670558,0.47595385,0.64865506,0.47074255,0.561549,0.75602174,0.47039154,0.5585753,0.55747724,0.46137753,0.48850086,0.61107,0.46148932,0.4900608,0.47706503,0.5345452,0.61095876,0.5886513,0.5044585,0.611802,0.8249315,0.48769227,0.71835816,0.81711113,0.4678786,0.71096325,0.852671,0.49917445,0.85985094,0.89184695,0.47782424,0.8352078,0.63809246
651,13,0.45906156,0.42843938,0.8400435,0.50493985,0.47502282,0.7933541,0.4661172,0.48215005,0.7475708,0.47119644,0.5705988,0.73968464,0.47130147,0.56724834,0.50320786,0.46388355,0.49493584,0.6102715,0.46246243,0.49685422,0.38482907,0.5353593,0.6162451,0.57266366,0.5055703,0.6168687,0.8224047,0.48691627,0.72043735,0.6660458,0.4670431,0.71209824,0.8349465,0.4989277,0.8614508,0.83954376,0.47688428,0.84057534,0.7664158
652,13,0.4581419,0.43847367,0.7697318,0.5053251,0.4817445,0.83960575,0.46604234,0.49093282,0.7265918,0.47211334,0.57993585,0.70316863,0.47174817,0.5757434,0.5073067,0.46283048,0.5059299,0.67945486,0.46240568,0.50870156,0.413785,0.53714156,0.62333906,0.5692596,0.5065428,0.6248107,0.8166439,0.4852458,0.71984357,0.57520556,0.4669382,0.7154319,0.72641855,0.49831766,0.8597765,0.80776626,0.47784206,0.84120995,0.8323777
653,13,0.4590996,0.44598004,0.78059685,0.50465906,0.48918676,0.59031093,0.4694694,0.50029683,0.66741824,0.47296903,0.5851116,0.6276376,0.47149238,0.58146614,0.59348994,0.46268776,0.513624,0.6934106,0.46217066,0.51388705,0.33241153,0.5383751,0.6266559,0.8686575,0.5069716,0.63253367,0.78373134,0.4840921,0.71866024,0.76458335,0.46709263,0.71474814,0.8292855,0.49938497,0.85984755,0.90190715,0.47781476,0.84206945,0.8534336
654,13,0.4599991,0.45313025,0.76339275,0.50512916,0.4960773,0.5732548,0.46801645,0.50678,0.7885247,0.47445387,0.59409934,0.733176,0.4733676,0.5889335,0.57676,0.46447352,0.52243936,0.6876122,0.4646436,0.5229671,0.31019077,0.5394326,0.6314332,0.8369743,0.5078123,0.63705534,0.7456839,0.4846423,0.7207864,0.6111483,0.46706074,0.71501523,0.90157133,0.49884334,0.8599181,0.8591051,0.4786749,0.84106535,0.8851184
655,13,0.45998707,0.46141243,0.85246134,0.5050605,0.50285745,0.82564074,0.46999928,0.5180693,0.7438191,0.47564158,0.60178334,0.79990345,0.47469088,0.5964293,0.5786522,0.46288446,0.52609944,0.7035996,0.46328735,0.52721465,0.31457713,0.5405743,0.63489884,0.8226752,0.5097293,0.64037174,0.7294484,0.48410714,0.7211324,0.7411419,0.46779844,0.71294457,0.7526288,0.49867004,0.8606721,0.8200539,0.47952303,0.8438026,0.8338965
656,13,0.46074787,0.46875376,0.78276247,0.50658447,0.50812805,0.678849,0.47312686,0.5224392,0.7543545,0.47690693,0.6075099,0.7772443,0.475914,0.60234004,0.55836123,0.46438137,0.5368303,0.7058218,0.46515864,0.5400097,0.33294612,0.54192203,0.64047426,0.8417481,0.51152074,0.6441885,0.72057056,0.48453996,0.7228821,0.68310446,0.46723408,0.71293443,0.7388996,0.49871704,0.8612266,0.88309014,0.47922516,0.8436532,0.82330185
657,13,0.4615728,0.47436607,0.78376144,0.5070051,0.5138381,0.8806981,0.4758955,0.5294462,0.68454444,0.47737744,0.6126978,0.6813275,0.47642955,0.608522,0.6574072,0.4670187,0.54317826,0.6719171,0.48696062,0.67240494,0.17603919,0.54319954,0.64386076,0.8433478,0.5132892,0.64768165,0.7462058,0.48222688,0.72223264,0.70407087,0.4684416,0.71490467,0.8235954,0.49870154,0.862114,0.8170824,0.47990325,0.84537303,0.806686
658,13,0.46262303,0.47988632,0.8375932,0.50761086,0.5189554,0.8868104,0.4782183,0.5375289,0.73132235,0.4788029,0.6179351,0.8226974,0.47750625,0.6153726,0.6901943,0.46714336,0.5424973,0.6935442,0.48271403,0.67944753,0.15279177,0.54477805,0.6496219,0.80295396,0.51537347,0.65375817,0.7469649,0.4824465,0.7215808,0.61527354,0.46767598,0.7121878,0.6695998,0.49910647,0.86279136,0.71279365,0.48000133,0.84476215,0.8668732
659,13,0.46399003,0.4841781,0.58585703,0.5093482,0.5240238,0.8207976,0.47796682,0.54107916,0.81190425,0.47945887,0.62305605,0.76693755,0.47826016,0.6176969,0.5606668,0.4679772,0.5502784,0.6375908,0.46867564,0.5520352,0.26401758,0.5442995,0.65062416,0.68683255,0.5161534,0.6536092,0.7365811,0.48282683,0.7217336,0.81952375,0.4665923,0.7146033,0.81460744,0.49998662,0.86425745,0.83977777,0.47809288,0.84537274,0.717102
660,13,0.46645254,0.4891537,0.8275326,0.51014805,0.52931494,0.7306368,0.48269543,0.54471064,0.756592,0.48132277,0.62385976,0.81613535,0.4804637,0.6195923,0.64146113,0.47059888,0.5526252,0.7557843,0.4711443,0.5548345,0.22211999,0.5462621,0.6566867,0.7725796,0.5173862,0.65886784,0.72509307,0.48281324,0.7219283,0.7666724,0.46648857,0.7140019,0.82814467,0.49932274,0.8644262,0.84092283,0.4782398,0.8436972,0.81333506
661,13,0.4692979,0.49247974,0.8429153,0.5130668,0.5330338,0.8121183,0.48294312,0.5468356,0.5901449,0.48177928,0.62811,0.678033,0.48165023,0.62373483,0.62973076,0.47112042,0.558981,0.5995158,0.48521996,0.6371282,0.053842146,0.5479023,0.66083705,0.81950045,0.51724166,0.6609541,0.6208408,0.48231468,0.72386384,0.7247416,0.46590903,0.7135575,0.8241252,0.49923715,0.8635033,0.7437942,0.47835574,0.842756,0.81850225
662,13,0.47137958,0.49562925,0.77503055,0.5149941,0.53851897,0.7874691,0.48555213,0.54805243,0.61616844,0.4831778,0.63117325,0.6545408,0.48384058,0.6226549,0.43588305,0.4726284,0.56028533,0.5823353,0.48433337,0.62990624,0.06770914,0.5472785,0.6659454,0.83126265,0.5176549,0.66331,0.6758919,0.48345935,0.7241569,0.8220513,0.4657471,0.7145267,0.83597493,0.49934354,0.8629496,0.8840835,0.47850737,0.8428668,0.7775112
663,13,0.47442535,0.49661046,0.8178291,0.51720303,0.53933823,0.5236723,0.48605004,0.54962075,0.74170804,0.4854727,0.6310198,0.8222605,0.48372892,0.62571007,0.5841853,0.47580853,0.5625203,0.69831824,0.47589347,0.563811,0.2632032,0.54824764,0.6691908,0.7803248,0.5208904,0.6658556,0.7278327,0.48478797,0.7255959,0.7987252,0.46655732,0.71490514,0.9151544,0.49908608,0.861916,0.8795858,0.4793173,0.8421413,0.8444532
664,13,0.47682348,0.4972589,0.83537,0.5193544,0.54054445,0.8918404,0.48641378,0.55041075,0.70851475,0.48723432,0.6313222,0.84477884,0.48498514,0.62604684,0.4800133,0.47909832,0.5627665,0.5649152,0.4788992,0.5637927,0.37142622,0.54890734,0.6677922,0.67152566,0.5200224,0.6669689,0.71447206,0.48509222,0.7225287,0.8230989,0.4663865,0.71274877,0.9158013,0.4982104,0.8633459,0.80724066,0.47900727,0.8433352,0.7847524
665,13,0.4796041,0.49723077,0.7620573,0.52269727,0.5418455,0.8186112,0.4865497,0.549511,0.73821455,0.4894558,0.63131785,0.7283629,0.4871376,0.62517023,0.5932103,0.48076516,0.5633573,0.6054867,0.48102826,0.56436384,0.3464836,0.54855525,0.66826624,0.6963035,0.5198138,0.6653943,0.6981053,0.48656267,0.7213738,0.77361035,0.4681652,0.71079147,0.9266151,0.49815872,0.8630194,0.7753891,0.47838876,0.8428522,0.81659216
666,13,0.48079577,0.49686798,0.7951816,0.5260638,0.53943133,0.85633147,0.4893546,0.5512147,0.8235531,0.49150068,0.62875426,0.8315417,0.48889837,0.62432075,0.5813353,0.48367533,0.5621634,0.5873047,0.4835149,0.5629488,0.4309947,0.5488718,0.66815346,0.63529485,0.5214237,0.6661988,0.59108394,0.48674113,0.72112685,0.74824566,0.46955186,0.7091491,0.94072163,0.4991008,0.86171836,0.905862,0.47846413,0.8412977,0.7110436
667,13,0.48375732,0.49423733,0.640938,0.52860755,0.53869915,0.7810843,0.4912166,0.550171,0.7505485,0.494058,0.6275303,0.7682413,0.49154028,0.6236412,0.617254,0.48655564,0.56012356,0.5803435,0.48633304,0.56095946,0.48063073,0.54976374,0.6674672,0.64502054,0.52416474,0.66555524,0.7468183,0.4887945,0.71884537,0.7462428,0.46961975,0.70752776,0.9304365,0.49862596,0.86198807,0.8479402,0.47807267,0.8403106,0.8736166
668,13,0.48634714,0.49273366,0.7103683,0.52982366,0.53675514,0.7690896,0.49500605,0.55018866,0.8235344,0.49637407,0.6248498,0.7749917,0.49502805,0.61880785,0.53081626,0.48974672,0.55719674,0.55961496,0.4897309,0.5582144,0.45873284,0.54964584,0.6681192,0.7774278,0.52347445,0.6648216,0.5485455,0.4890871,0.7193486,0.74424297,0.46962932,0.7063203,0.8737232,0.49926078,0.864177,0.9316372,0.4780305,0.84013504,0.8741114
669,13,0.4890698,0.4912801,0.7362924,0.53205097,0.53223646,0.764789,0.49964154,0.547747,0.55805266,0.49903202,0.6228157,0.59771603,0.49838442,0.61750907,0.49979657,0.4909458,0.5563277,0.5990007,0.49171752,0.55793816,0.29581046,0.5500511,0.66575855,0.6678922,0.52543515,0.66298395,0.6627505,0.49033296,0.7171353,0.7135038,0.47071382,0.7067983,0.8539756,0.4992517,0.8648887,0.837716,0.47759238,0.8411708,0.8929165
670,13,0.49152073,0.4901393,0.8090266,0.5330327,0.53269,0.8140814,0.5031264,0.54277956,0.739196,0.50039595,0.6200581,0.6694557,0.49950948,0.6148814,0.49946767,0.4948182,0.5521944,0.57464296,0.49515113,0.5537731,0.32232845,0.550601,0.66675216,0.7303011,0.5265263,0.6623318,0.6841318,0.49106124,0.7181206,0.760364,0.47120488,0.7076629,0.8370269,0.49878865,0.86368185,0.7224371,0.47706574,0.84054035,0.9229659
671,13,0.4932601,0.4903222,0.82206184,0.53636146,0.531943,0.68138856,0.5075257,0.54439163,0.7387546,0.5015919,0.6160376,0.75151306,0.5006921,0.61268514,0.526824,0.49666247,0.5495308,0.49901307,0.49564746,0.5501666,0.31698474,0.5509481,0.667718,0.7683359,0.5269412,0.6634572,0.7729866,0.4913169,0.72187763,0.64147735,0.47076672,0.7077911,0.82829374,0.49914283,0.8621809,0.8718989,0.47790173,0.8402552,0.76351154
672,13,0.49631864,0.48812538,0.8205992,0.53890204,0.53102505,0.8055503,0.50701725,0.54183906,0.68632513,0.5030636,0.6145391,0.767412,0.50098443,0.6100902,0.5924823,0.4975627,0.5506016,0.7486142,0.49752566,0.5514559,0.38650718,0.5516004,0.66847295,0.74195904,0.527279,0.6637277,0.7370175,0.49151105,0.717389,0.6956799,0.47214678,0.7055639,0.8711962,0.49944875,0.8624572,0.6778033,0.4777604,0.84061277,0.8502594
673,13,0.49867782,0.48716974,0.63238215,0.5417991,0.53324896,0.6114322,0.5130203,0.54136974,0.62252283,0.50363296,0.6109188,0.66362137,0.50257,0.6079447,0.518079,0.5006089,0.54703677,0.6176567,0.5002022,0.5482556,0.2772303,0.5497788,0.6686487,0.7709425,0.527048,0.6639756,0.7366188,0.4921592,0.7175321,0.672165,0.4724037,0.70632017,0.79256755,0.49895573,0.8632007,0.9009756,0.4777652,0.841268,0.80585265
674,13,0.50085515,0.48786813,0.85263073,0.54501027,0.5297233,0.8293776,0.51164776,0.5383553,0.7960065,0.5049396,0.61072636,0.67283064,0.50254095,0.60763115,0.569557,0.5024479,0.54533863,0.65035826,0.5020992,0.5453263,0.4704458,0.55117553,0.66842157,0.7425479,0.5281199,0.6640775,0.79576296,0.49179256,0.7160807,0.8091267,0.47233403,0.704283,0.68944454,0.49921706,0.862228,0.687694,0.47754383,0.8398944,0.8610647
675,13,0.5042938,0.4850952,0.7118841,0.5468535,0.5320398,0.6364536,0.5136423,0.537939,0.68022794,0.50710595,0.60894346,0.6489143,0.5037505,0.6057151,0.5895345,0.5048976,0.5445621,0.46231025,0.5043561,0.54472685,0.4297973,0.5511729,0.6675512,0.727061,0.5288371,0.6641057,0.75782007,0.49192372,0.7160998,0.6818194,0.47298625,0.7050817,0.84360325,0.49970204,0.86089,0.87230366,0.47840685,0.83973366,0.8780649
676,13,0.5061756,0.4857467,0.8437422,0.5490938,0.52939445,0.90097356,0.513864,0.53546536,0.8283199,0.5080622,0.60964257,0.7355993,0.50640243,0.6069781,0.47421455,0.5072501,0.5439404,0.7304858,0.5065154,0.54344666,0.45372102,0.5517151,0.66805977,0.79593253,0.52803147,0.6639035,0.7769847,0.49079433,0.71778613,0.698679,0.47105625,0.7066982,0.6262646,0.49938005,0.86195076,0.67066646,0.4779971,0.84032834,0.8293633
677,13,0.5096982,0.48343122,0.7369574,0.54902583,0.5301905,0.7309702,0.5169558,0.538549,0.5639902,0.5102025,0.6070202,0.642355,0.50738275,0.60122263,0.5191416,0.5103083,0.5395451,0.48107505,0.5095881,0.53955615,0.39692235,0.55174357,0.66795856,0.6953814,0.5294954,0.663177,0.7205503,0.49215943,0.7147388,0.6679881,0.47284895,0.70526206,0.8039801,0.5000117,0.8611085,0.8917399,0.47781876,0.8407357,0.8427231
678,13,0.5114664,0.48344067,0.83278185,0.55158645,0.5287302,0.65855753,0.51860553,0.5381068,0.7457882,0.5108247,0.60748756,0.69817406,0.5086781,0.6048356,0.56678087,0.51147395,0.53886575,0.48984525,0.51057404,0.5415478,0.45548996,0.5535819,0.66822374,0.9061714,0.5296564,0.6625118,0.8183278,0.49169433,0.715797,0.8060836,0.4711652,0.7060069,0.63375825,0.4995139,0.86193067,0.7715542,0.4781117,0.841003,0.8360095
679,13,0.51333,0.48392853,0.78588164,0.5532792,0.5289156,0.6456624,0.520424,0.53602046,0.7508265,0.5119154,0.606157,0.6885826,0.50947946,0.60104084,0.59015894,0.5127565,0.5400614,0.679244,0.5119095,0.5392739,0.52730966,0.55355453,0.6672544,0.80208635,0.5308381,0.66315323,0.83944815,0.4925341,0.71535534,0.81420815,0.47131652,0.7058283,0.6777643,0.499103,0.8602844,0.8164862,0.47803205,0.83924264,0.8994036
680,13,0.51579577,0.48168403,0.7516763,0.5542781,0.5278041,0.842776,0.52213055,0.5364087,0.7774581,0.5124667,0.6054603,0.69952965,0.51032966,0.6004701,0.64232963,0.5133352,0.53682667,0.6530675,0.513117,0.5402316,0.51171255,0.55461884,0.6685472,0.9146756,0.5314758,0.6632612,0.85080683,0.4898892,0.713774,0.6452416,0.47145167,0.7019714,0.778361,0.4995658,0.86068636,0.7610987,0.47789657,0.8384094,0.9066174
681,13,0.51758224,0.48213726,0.8587293,0.55535686,0.52642506,0.87550944,0.523074,0.5352743,0.79706424,0.51251227,0.6058999,0.71324235,0.51061857,0.60373104,0.6729669,0.5154933,0.538872,0.7342086,0.51502305,0.53837436,0.55254346,0.5570995,0.6671093,0.9046051,0.53286904,0.66294914,0.8572024,0.49038342,0.7124712,0.65454084,0.47126418,0.7023988,0.7753412,0.49925083,0.8611119,0.7810694,0.47838265,0.8367748,0.7767304
682,13,0.51973665,0.48141542,0.84814954,0.55738944,0.52914935,0.7124193,0.5258018,0.5346185,0.7648392,0.51370496,0.60319775,0.6925227,0.51204646,0.59852135,0.63655347,0.5164326,0.53383607,0.68305457,0.5160251,0.5368231,0.4860451,0.5561655,0.66654575,0.8340118,0.53307396,0.6627639,0.850744,0.49153155,0.7103185,0.5281118,0.4726451,0.69963485,0.82258224,0.49969366,0.85866463,0.8012497,0.47822326,0.8366141,0.800729
683,13,0.5198656,0.4830007,0.8859244,0.55811054,0.52860445,0.8313149,0.5252475,0.5351714,0.85099816,0.5139065,0.6007554,0.6826588,0.5123168,0.5993878,0.7123628,0.5179128,0.53538895,0.7394034,0.51767665,0.5345376,0.39756924,0.55701125,0.66619605,0.9154685,0.5328419,0.66167575,0.86470515,0.49337292,0.70816433,0.7738697,0.47346884,0.6980912,0.5691358,0.49926183,0.8573003,0.6829423,0.47888514,0.8374905,0.6580324
684,13,0.5219446,0.48212716,0.6742149,0.56001055,0.5290304,0.7548263,0.5290794,0.5354906,0.86347556,0.51460356,0.599593,0.58078724,0.51375645,0.5976172,0.52493906,0.51879716,0.53525144,0.7854523,0.51783437,0.53507817,0.3406427,0.5569592,0.66480744,0.9182032,0.5334861,0.65987253,0.8644476,0.49392992,0.7077198,0.7802152,0.47401246,0.69712365,0.857825,0.49878088,0.8561537,0.8309283,0.47825924,0.8359646,0.9155125
685,13,0.52311355,0.48166114,0.7337112,0.5606354,0.528655,0.7495307,0.52952963,0.5361968,0.8623401,0.51580226,0.5991205,0.59770286,0.5141502,0.59826934,0.7268499,0.52001524,0.5339897,0.7479656,0.5185736,0.5344256,0.35096973,0.5569758,0.66642267,0.83516777,0.5330986,0.6607665,0.8737653,0.49261153,0.7072219,0.73986137,0.473152,0.6973065,0.8398278,0.49934396,0.85539764,0.871256,0.47758785,0.83518165,0.8647463
686,13,0.5243756,0.48200843,0.88789743,0.56164944,0.5299382,0.6976376,0.53014416,0.535127,0.87832814,0.51636964,0.5992564,0.6129995,0.51519305,0.5979873,0.60503805,0.5205212,0.5354045,0.6422529,0.51958776,0.5362481,0.422505,0.55707735,0.66498256,0.9157528,0.53355724,0.65958893,0.8705461,0.49465433,0.7061039,0.8844145,0.4738819,0.69510496,0.6550743,0.49853057,0.8555454,0.55872005,0.47820386,0.8343402,0.91098386
687,13,0.5243252,0.48124605,0.7167356,0.5616761,0.53198,0.8919078,0.5315059,0.5362201,0.82135266,0.51713806,0.5992808,0.57056886,0.51460004,0.5983266,0.7348662,0.52095723,0.53567964,0.5688375,0.51928,0.5363594,0.37582514,0.5572199,0.6670599,0.9179197,0.5335761,0.6611656,0.8718399,0.49296132,0.70500576,0.78514415,0.47413692,0.69541115,0.8351909,0.49911556,0.8548024,0.81690437,0.47698706,0.8353164,0.8346229
688,13,0.52557766,0.48161525,0.8450152,0.5623302,0.5300696,0.8348738,0.53246266,0.5350271,0.8517978,0.51774454,0.59921974,0.56269646,0.51481575,0.59867775,0.72875005,0.52035815,0.5363594,0.6975839,0.51981467,0.5353686,0.38964593,0.55731297,0.66484094,0.9065476,0.53504497,0.6595855,0.83807576,0.49307472,0.7069241,0.83210087,0.4743355,0.69324124,0.57873285,0.49894264,0.85418355,0.8817358,0.47712132,0.835042,0.8886428
689,13,0.52566737,0.48154595,0.74639,0.56281984,0.53281325,0.89386946,0.53236073,0.53618085,0.80800813,0.51832175,0.5988481,0.56427616,0.5154056,0.597429,0.72206444,0.52183384,0.5353063,0.56854916,0.52018887,0.5357942,0.40605298,0.5582048,0.6700229,0.9037159,0.5343703,0.6636965,0.87971324,0.4917003,0.70712984,0.68005425,0.47366256,0.6951382,0.8248298,0.49872324,0.8543262,0.82191545,0.47714642,0.8358223,0.8333648
690,13,0.5265605,0.48064265,0.83087933,0.56288517,0.53163695,0.83115596,0.5335218,0.5348069,0.80800873,0.51781076,0.5965877,0.5155973,0.5160639,0.5979622,0.69917,0.52151746,0.5370849,0.71468043,0.5211078,0.53611726,0.33667675,0.5581142,0.66517067,0.77171236,0.5353013,0.6615846,0.8711407,0.49369106,0.70777303,0.8291064,0.47428986,0.69524366,0.5806795,0.4992016,0.85790795,0.9092264,0.4769936,0.8339262,0.8067671
691,13,0.5269266,0.48032933,0.7707393,0.56260496,0.53456634,0.8420008,0.5347445,0.53707445,0.73333555,0.5184333,0.59876937,0.6165194,0.51672035,0.59704155,0.589664,0.52227205,0.53684294,0.6912406,0.5211141,0.534517,0.30484056,0.5573893,0.6673777,0.7854896,0.5346177,0.6610939,0.80913943,0.495249,0.70753264,0.79143494,0.47498617,0.6961722,0.6695156,0.49836102,0.8561555,0.6921005,0.4769809,0.834978,0.81622386
692,13,0.5266059,0.47982913,0.5896458,0.56206256,0.5335517,0.67520404,0.5340031,0.5348996,0.6143628,0.5184494,0.5991746,0.53805286,0.5162496,0.59814566,0.49384388,0.5222942,0.5385736,0.5374233,0.5212071,0.5378353,0.35712132,0.55737597,0.66809195,0.7909059,0.5344366,0.66210866,0.7039508,0.49587426,0.70968246,0.67842907,0.47575134,0.69717896,0.5391035,0.49877504,0.8571058,0.7864608,0.47752753,0.83415943,0.78765947
693,13,0.526695,0.47938097,0.69238347,0.5629333,0.53412503,0.75364035,0.5338296,0.53701293,0.65779257,0.5186773,0.5982691,0.49447167,0.5166161,0.5972617,0.53620374,0.5222416,0.5378396,0.5849254,0.52140033,0.53760314,0.3401881,0.55716103,0.6634659,0.73576874,0.53401697,0.6597011,0.79060155,0.49421126,0.70874727,0.6209737,0.47549093,0.69469166,0.68733025,0.49885187,0.85462517,0.8219659,0.47744608,0.83461875,0.8038995
694,13,0.52620715,0.4803694,0.68160367,0.5628237,0.5333659,0.7557596,0.5332778,0.53628325,0.74693435,0.51815593,0.6004249,0.57953304,0.5157197,0.5986392,0.60511136,0.5218061,0.5378071,0.66533047,0.52081513,0.5373616,0.3353688,0.55815333,0.66856474,0.8137671,0.5336378,0.6620955,0.79786325,0.49488524,0.7095902,0.68515396,0.47601092,0.69634616,0.85825634,0.49808946,0.857722,0.83823544,0.47769934,0.83275145,0.83221513
695,13,0.52600497,0.4803873,0.8634387,0.562419,0.53112364,0.81965834,0.5311071,0.5360802,0.8662817,0.5181119,0.59995216,0.58732235,0.516259,0.5984787,0.5651894,0.5212418,0.5370112,0.66529983,0.5207934,0.535991,0.40625203,0.55880225,0.66599846,0.9051703,0.53459823,0.6625737,0.88119817,0.4936822,0.70707804,0.75250673,0.47462508,0.6931354,0.5902748,0.49880448,0.8547758,0.8887117,0.47740328,0.8342928,0.89827377
696,13,0.525594,0.4820836,0.74986446,0.5627685,0.53174394,0.64851993,0.5315287,0.53709584,0.84732753,0.51828766,0.60044557,0.51384836,0.5155327,0.5989308,0.71932924,0.5213192,0.5364478,0.65711445,0.5212205,0.536268,0.39016864,0.5581101,0.66871506,0.9131947,0.53512645,0.6630689,0.86439234,0.49260637,0.7070324,0.7657472,0.47412208,0.6949079,0.83648545,0.49905434,0.8546571,0.8752045,0.47724167,0.8348321,0.87084085
697,13,0.5246478,0.48201808,0.7106131,0.5616463,0.53172356,0.7368465,0.5303233,0.53784055,0.8498378,0.51775485,0.6007925,0.586016,0.5159393,0.5998303,0.7140188,0.52015674,0.53825796,0.73088586,0.5200926,0.537963,0.38279164,0.5582537,0.66776836,0.9143803,0.5352177,0.6635186,0.8704526,0.493525,0.7078055,0.8378456,0.4741499,0.69381374,0.79633003,0.49899724,0.85597724,0.924635,0.47721857,0.8354007,0.7430917
698,13,0.5232359,0.4816916,0.7850676,0.56006026,0.5316226,0.7988526,0.52978975,0.5371956,0.8257829,0.51674443,0.6054335,0.6769246,0.5157602,0.60026276,0.47063053,0.5191433,0.53905815,0.7933382,0.51927793,0.53900295,0.36963853,0.55755496,0.66799676,0.8464616,0.5349455,0.66382176,0.8621079,0.49469364,0.70723355,0.6974131,0.47401592,0.69477683,0.7597299,0.49924833,0.8547967,0.9310334,0.477251,0.8345192,0.7454487
699,13,0.5213234,0.48250347,0.745029,0.5604365,0.53172696,0.78963166,0.5266029,0.5381496,0.83279157,0.5166722,0.6026473,0.5558373,0.51468354,0.6011413,0.6317219,0.51802576,0.54076743,0.76693314,0.51766247,0.540266,0.4586023,0.55815864,0.6676831,0.9108613,0.53454196,0.6643411,0.86616415,0.49404782,0.7075976,0.83992904,0.47318575,0.6957777,0.7322666,0.4996392,0.85596865,0.9306759,0.47735614,0.8350767,0.73702294
700,14,0.520876,0.4804678,0.7520897,0.557058,0.53383917,0.83791995,0.5266346,0.5387243,0.7053536,0.51635486,0.60618216,0.58288294,0.5142588,0.60131454,0.56864834,0.51736516,0.5409526,0.7314093,0.51664966,0.5410653,0.4208881,0.5575147,0.66717124,0.77448803,0.5344697,0.6641147,0.8307337,0.4945652,0.7083757,0.7391347,0.47435987,0.69569045,0.7987521,0.49989995,0.8563089,0.9202656,0.47791877,0.83498394,0.6607495
701,14,0.5183571,0.4831224,0.88830245,0.5570273,0.5305061,0.6774102,0.5230827,0.5372568,0.80917007,0.51486075,0.60708207,0.68644017,0.51320344,0.60227865,0.5482321,0.5162525,0.5398496,0.6086763,0.5154485,0.54258126,0.46964636,0.5571407,0.66777945,0.8438354,0.5339911,0.6624342,0.84750235,0.49318027,0.7101323,0.7131623,0.4733596,0.6971511,0.65570116,0.49899954,0.85597074,0.85306406,0.47759494,0.8357,0.90161353
702,14,0.51667243,0.48441175,0.8748216,0.55585545,0.53069687,0.798197,0.5232786,0.5394718,0.7944097,0.514932,0.6083647,0.7550687,0.51401335,0.6059336,0.51501423,0.51560044,0.53949624,0.71818906,0.51548296,0.54249287,0.32157865,0.5575136,0.6677453,0.81411666,0.5341719,0.66398346,0.84907055,0.49419346,0.7077489,0.7221092,0.474178,0.69615185,0.6268628,0.49960676,0.85701793,0.92218626,0.47815955,0.83556926,0.89535767
703,14,0.5151336,0.4832423,0.78466004,0.5542392,0.5300299,0.8684298,0.52124304,0.5364751,0.8098051,0.51376575,0.6086014,0.7393705,0.5120442,0.60580474,0.47257435,0.5134658,0.54054505,0.6976563,0.51259923,0.5430892,0.441081,0.5554637,0.66846734,0.8886028,0.53270954,0.66502696,0.8376151,0.4946389,0.7086191,0.6942194,0.47374865,0.6963346,0.6477924,0.49945873,0.85763484,0.9202584,0.4780655,0.8349586,0.9194892
704,14,0.51258826,0.48462102,0.80285335,0.5529345,0.5311927,0.87332934,0.5214869,0.538366,0.6893247,0.5129705,0.6091102,0.6169048,0.5116028,0.6076864,0.5525183,0.51185584,0.544477,0.7278566,0.5116237,0.5444178,0.41324228,0.5565526,0.6707017,0.7867345,0.53347415,0.66561496,0.8450214,0.49266064,0.7116074,0.6251891,0.47284076,0.6983939,0.66457945,0.4990893,0.85834557,0.76194406,0.47780234,0.8358185,0.8133599
705,14,0.5096706,0.48513517,0.83150613,0.55157053,0.53269744,0.74924964,0.51723653,0.5389756,0.71647274,0.51100594,0.61119586,0.6816645,0.50926876,0.60846317,0.45992798,0.5092863,0.54438835,0.62299025,0.5092081,0.54463,0.4573634,0.5564295,0.67046475,0.8081165,0.5337339,0.6670808,0.8365182,0.49505588,0.71217924,0.7342575,0.4733009,0.69913644,0.67381763,0.49874726,0.8577734,0.75151914,0.47813323,0.8371346,0.8226489
706,14,0.5072296,0.4875001,0.866256,0.5483256,0.53297347,0.828247,0.5171864,0.5387055,0.7483391,0.50979286,0.61226875,0.6307267,0.50998,0.60597104,0.42343497,0.5071403,0.5463661,0.7451109,0.5075114,0.54662204,0.42376032,0.556154,0.669148,0.8025558,0.5322677,0.6655883,0.81414336,0.49520394,0.71117634,0.6613726,0.4739258,0.69905597,0.88128436,0.49871838,0.8589914,0.842634,0.47862104,0.836711,0.82099897
707,14,0.5051746,0.4869089,0.8434859,0.5466762,0.53318423,0.6584038,0.51640415,0.5404548,0.6995718,0.50909185,0.6161744,0.7638826,0.508163,0.6095947,0.44393536,0.50577015,0.54727817,0.60270286,0.5054827,0.5488658,0.3886153,0.5558584,0.67158014,0.80716956,0.5311973,0.6662629,0.8232549,0.4939221,0.7141619,0.7539884,0.47258565,0.70071775,0.84541404,0.49910244,0.85846275,0.8324478,0.47823513,0.837606,0.92227715
708,14,0.501583,0.48802048,0.85508263,0.5438713,0.5338218,0.7869461,0.5150085,0.5431216,0.6305189,0.5066621,0.6179495,0.78704494,0.5060331,0.6116463,0.42609575,0.50295585,0.55038804,0.7004337,0.5030543,0.5512692,0.4395177,0.5552313,0.6698484,0.47859785,0.5315201,0.6664633,0.76804113,0.49505487,0.71406305,0.7587164,0.4729147,0.7005535,0.84483004,0.49901664,0.85960084,0.7906482,0.47850466,0.8386681,0.7469091
709,14,0.4997708,0.4877006,0.8199489,0.5416641,0.5356361,0.6722173,0.5114822,0.5465651,0.73282593,0.5052221,0.61903346,0.7411749,0.50456595,0.6128197,0.5221842,0.50094724,0.5531884,0.693619,0.50098133,0.55371314,0.38354433,0.5545747,0.6688989,0.52419156,0.5306567,0.6659779,0.8120282,0.49361554,0.7157586,0.7492794,0.47370294,0.7023493,0.82607985,0.4994007,0.85943174,0.881055,0.47796282,0.8396697,0.88918847
710,14,0.49672642,0.4901522,0.85425735,0.53926873,0.53527415,0.7938626,0.5072493,0.5483036,0.76755226,0.5037997,0.6207689,0.6220457,0.50208014,0.61815464,0.6678236,0.49883476,0.55199885,0.55920815,0.49904117,0.5534408,0.39973953,0.5526249,0.6685652,0.642058,0.5295296,0.66595155,0.8316505,0.49414864,0.71676683,0.6303993,0.4719546,0.70450336,0.7665942,0.49888393,0.86088526,0.92988193,0.4780495,0.83909935,0.87599146
711,14,0.49450207,0.49150318,0.8212751,0.5356665,0.5351419,0.8702737,0.50426465,0.5481372,0.69015753,0.5012233,0.62333953,0.715902,0.5010335,0.6176406,0.519985,0.49544495,0.55298656,0.63039964,0.4956876,0.5562753,0.34923798,0.55265534,0.6713701,0.8048268,0.52697,0.6679791,0.65869254,0.49339852,0.716855,0.6745161,0.47220528,0.70387435,0.72265077,0.49895543,0.8601835,0.83947283,0.4778567,0.83946836,0.8364772
712,14,0.49040145,0.49218175,0.53502095,0.532677,0.53631085,0.8589578,0.4978152,0.54535156,0.7195504,0.4998917,0.62196696,0.5818418,0.4975614,0.6200548,0.6408964,0.4928096,0.5522674,0.44500786,0.49275777,0.55625254,0.44248465,0.55268455,0.671791,0.7040367,0.5256652,0.66904294,0.53261614,0.49266663,0.71381974,0.7443802,0.47249073,0.7049254,0.9178376,0.49865103,0.8603473,0.87582684,0.47827533,0.8390237,0.90539515
713,14,0.48718032,0.49395594,0.8051635,0.53056103,0.5386838,0.86192566,0.4929693,0.54838663,0.76634353,0.49416077,0.6263857,0.7728829,0.4922677,0.6213936,0.6238567,0.48921162,0.556482,0.5772777,0.4896888,0.555483,0.5573726,0.55234265,0.6691782,0.7005721,0.52469295,0.6681927,0.547927,0.49219653,0.71619266,0.79914796,0.47181088,0.70557725,0.9192338,0.4989983,0.8604496,0.8890901,0.47866386,0.8408178,0.6736541
714,14,0.48424757,0.49465236,0.8691729,0.5273338,0.5402694,0.7805912,0.49069723,0.5493838,0.7853836,0.4920777,0.6280276,0.6964524,0.4888519,0.6232242,0.57183707,0.48587435,0.5578134,0.51205057,0.48582017,0.55846024,0.5565059,0.5506703,0.6679996,0.8074844,0.5227487,0.6662616,0.75871307,0.49050713,0.72056544,0.7404991,0.46958497,0.7075576,0.9112392,0.49813488,0.86241895,0.88615525,0.4792061,0.84208703,0.8506747
715,14,0.48152503,0.4955407,0.6937932,0.52533346,0.54240507,0.83460784,0.48944137,0.5525113,0.80138737,0.48848495,0.629363,0.78976554,0.48636383,0.62234575,0.63201505,0.4823945,0.5602047,0.57465357,0.48258588,0.5611383,0.35885295,0.552244,0.66837996,0.8419737,0.5223398,0.66603625,0.69013447,0.48913828,0.72169995,0.78420764,0.46953717,0.70852804,0.7532996,0.4982176,0.8625337,0.9092937,0.47888324,0.8415976,0.80901337
716,14,0.47811735,0.49581322,0.8208701,0.5219832,0.5416197,0.75536555,0.48810056,0.55161154,0.7952743,0.48619238,0.6317758,0.7849095,0.48472363,0.6233701,0.52192885,0.47869432,0.56039524,0.57057405,0.48646316,0.62107635,0.060878135,0.55024624,0.665128,0.73992795,0.5200524,0.6627301,0.5733896,0.48842302,0.7230338,0.7601798,0.46919495,0.7091074,0.7528362,0.49823716,0.8618285,0.81287026,0.47919482,0.8406628,0.8449846
717,14,0.4754384,0.49373066,0.74864954,0.51712567,0.53992516,0.9046804,0.48699424,0.55340713,0.8027858,0.48452717,0.6318842,0.83449835,0.48081607,0.62666255,0.69729644,0.47647274,0.5608263,0.64371794,0.47545296,0.5620555,0.2878754,0.5476148,0.6628711,0.73704183,0.5194455,0.6638416,0.78586745,0.48733157,0.7239152,0.8314328,0.46824053,0.7101072,0.8582737,0.49835995,0.86067814,0.9224219,0.4788466,0.8425452,0.79321057
718,14,0.4737644,0.4912271,0.84520334,0.51369214,0.5381991,0.740239,0.48732144,0.5520539,0.6438157,0.4820978,0.6308441,0.77481014,0.48184246,0.6229258,0.4147481,0.47363117,0.55867434,0.726032,0.48281413,0.6244845,0.08117602,0.5494821,0.66244054,0.7742933,0.5213969,0.66113156,0.7533783,0.48546854,0.7252673,0.8276951,0.46779123,0.7111041,0.7336188,0.49838918,0.8594442,0.80130917,0.4792532,0.8407602,0.9046853
719,14,0.47008768,0.4888378,0.80795175,0.51112306,0.53735936,0.78024155,0.48288664,0.5457843,0.7147276,0.48052594,0.62787044,0.874027,0.47843674,0.6181698,0.4180264,0.4712196,0.5588369,0.7399861,0.4704884,0.5600084,0.21116494,0.54678637,0.65579605,0.80264944,0.5174196,0.65744454,0.61878985,0.48266208,0.72489125,0.8335421,0.4676321,0.71445423,0.9332445,0.49880093,0.85944784,0.90099335,0.47870162,0.8418756,0.88792366
720,14,0.46860135,0.48697063,0.77968705,0.5098766,0.53223884,0.8859394,0.48247346,0.5442293,0.77719766,0.47948197,0.6274829,0.76375973,0.4786898,0.61913556,0.4923591,0.46974924,0.5506173,0.70312345,0.47018874,0.55237013,0.2272401,0.54472405,0.65619445,0.7204869,0.51679933,0.65839833,0.7221372,0.4835007,0.7228815,0.75691265,0.4674479,0.7123354,0.80035096,0.499166,0.8604741,0.84748393,0.47823456,0.8427972,0.8392617
721,14,0.46690348,0.48132783,0.6325942,0.50785637,0.5252244,0.8974724,0.48324186,0.53958696,0.53390974,0.4783331,0.62219733,0.7761799,0.47943676,0.61185044,0.4648802,0.46925217,0.54865485,0.7325878,0.48116022,0.6134592,0.0726733,0.5450786,0.6514394,0.8540227,0.5175559,0.65167755,0.7416858,0.48153389,0.72318894,0.7252218,0.46702003,0.71339524,0.81385297,0.49921694,0.861186,0.90073913,0.47829923,0.8426338,0.6877059
722,14,0.46430576,0.4780903,0.7397782,0.5067178,0.520086,0.89793897,0.4783605,0.5314139,0.6671862,0.47799686,0.6167374,0.81011665,0.47863904,0.60702896,0.4489446,0.46818355,0.543786,0.71413445,0.48295277,0.6148314,0.05332865,0.54326004,0.6469063,0.8248658,0.5142551,0.648497,0.76340616,0.4810494,0.7210195,0.74853677,0.46684387,0.714602,0.83528423,0.49880296,0.86278325,0.77139163,0.477698,0.8438335,0.8830852
723,14,0.4634499,0.47051176,0.7328828,0.5069458,0.5136582,0.587078,0.4735707,0.5247099,0.7546489,0.47724572,0.6088711,0.73919207,0.4761535,0.60312927,0.52415967,0.46585816,0.5361711,0.59689856,0.46628076,0.53740317,0.34380832,0.54265666,0.64322317,0.7730153,0.5144681,0.64367384,0.78070676,0.4800019,0.7223043,0.8090816,0.4669051,0.7174828,0.8672417,0.4995734,0.86421585,0.8837094,0.47921726,0.8454062,0.8821659
724,14,0.4631626,0.46294686,0.6383109,0.50662726,0.5064075,0.5923573,0.47139472,0.52124804,0.7089495,0.47656256,0.60317993,0.7579128,0.4750221,0.5975368,0.5445987,0.46506152,0.5303878,0.6528589,0.46513632,0.5320636,0.29589558,0.5422535,0.6402606,0.8165311,0.51142573,0.6424595,0.74543846,0.48082873,0.7229512,0.6965808,0.4668834,0.7168404,0.9036834,0.49911147,0.8637656,0.89020044,0.47878754,0.8456396,0.87690824
725,14,0.4633898,0.45653287,0.8117729,0.50650984,0.49720997,0.8117904,0.46912256,0.5076334,0.6689487,0.47636193,0.5942226,0.8124726,0.47379017,0.5888823,0.6437768,0.46603027,0.52523226,0.62172437,0.46564946,0.5261952,0.44265363,0.5401526,0.63427985,0.794159,0.50972396,0.6375426,0.72279555,0.4794651,0.7217184,0.56677824,0.46603236,0.7154226,0.88582814,0.4979149,0.8611406,0.8210426,0.47860223,0.8417697,0.8778083
726,14,0.46209458,0.44816533,0.83491075,0.5060494,0.48987913,0.76649487,0.47004873,0.49844038,0.6866119,0.47592652,0.5874276,0.6739727,0.470817,0.58139896,0.75805485,0.4650425,0.5167312,0.66433537,0.4640628,0.517534,0.5733123,0.5388545,0.62962216,0.77061296,0.50917584,0.63045466,0.6968252,0.4801467,0.71976507,0.76149917,0.46506706,0.7163739,0.7551226,0.49806514,0.861941,0.8793449,0.47839314,0.84308946,0.8131358
727,14,0.46173427,0.43847734,0.70689565,0.5060795,0.4831347,0.78033715,0.4688048,0.4918701,0.6994336,0.47353595,0.57951915,0.69287455,0.4701613,0.5726869,0.681108,0.46506253,0.5058146,0.6550315,0.464692,0.5064403,0.52173257,0.5358804,0.6252297,0.63997096,0.506946,0.6253588,0.80161273,0.48133606,0.7241333,0.65956736,0.46531186,0.7157047,0.8689337,0.4975811,0.861547,0.799003,0.47932783,0.8419467,0.6752967
728,14,0.4621764,0.4287011,0.69673526,0.5054551,0.47388428,0.83481395,0.46865687,0.48394844,0.6759645,0.47314718,0.56903666,0.77438194,0.46839178,0.5640455,0.75378525,0.46449324,0.49955434,0.61786574,0.46301177,0.5000407,0.640982,0.5348421,0.6187936,0.82339776,0.50494665,0.61942697,0.8263046,0.4826958,0.72091657,0.89970523,0.4658334,0.71749717,0.8446584,0.49852988,0.86190355,0.9145069,0.47809225,0.8429689,0.7440457
729,14,0.4618783,0.418528,0.6703087,0.5048531,0.46706918,0.8242392,0.46986806,0.47317058,0.5527297,0.47197834,0.5594593,0.64908445,0.47115982,0.5534764,0.5042076,0.46553132,0.48894235,0.671679,0.46370342,0.4901131,0.34800473,0.53214514,0.6137284,0.62619454,0.5039211,0.6128999,0.8506806,0.48119596,0.7205211,0.8288467,0.46560487,0.71727556,0.75961775,0.4974376,0.86002797,0.79536194,0.47836167,0.8413934,0.81811637
730,14,0.46197495,0.41000858,0.6958332,0.5049638,0.45697016,0.6348285,0.46803916,0.46446082,0.71235806,0.47120413,0.548543,0.6447857,0.47126934,0.5463077,0.63926333,0.46531552,0.47839218,0.70067215,0.46479818,0.48375413,0.30255395,0.5312682,0.60711306,0.8186408,0.5027826,0.60597456,0.8520133,0.48469603,0.71981686,0.84428453,0.46582365,0.71538514,0.83214855,0.4993829,0.861673,0.9002646,0.47781876,0.8432296,0.85484296
731,14,0.46165907,0.40142214,0.8285995,0.5066833,0.44610572,0.78095907,0.47133282,0.45919055,0.6725171,0.46987087,0.53727114,0.6398331,0.4700847,0.5367259,0.73985213,0.46543768,0.46536723,0.5517238,0.46450198,0.47099757,0.29549977,0.53013104,0.60045856,0.8365306,0.5014401,0.6001288,0.7817204,0.48548877,0.716461,0.8417243,0.46679002,0.71340805,0.873223,0.49722633,0.85837066,0.7622549,0.47766936,0.83988607,0.8321495
732,14,0.46206468,0.3936661,0.7333104,0.50867337,0.43168542,0.75003594,0.47254345,0.45176098,0.7504959,0.46904227,0.5289642,0.5993999,0.46977642,0.52754164,0.60865337,0.4647248,0.45947027,0.6730677,0.4643315,0.46027082,0.40433776,0.5285412,0.5922627,0.84041035,0.5002734,0.59173334,0.8399153,0.48654577,0.71449053,0.7908092,0.4682023,0.70908743,0.69301844,0.49657372,0.8611761,0.81236786,0.47663298,0.84224695,0.88963175
733,14,0.4620943,0.3866961,0.78514045,0.5081088,0.42922035,0.70248544,0.4725619,0.4435695,0.59191,0.469641,0.5197807,0.47473544,0.4687527,0.5201065,0.54411924,0.4662887,0.45265028,0.44906622,0.46391526,0.44830644,0.52843916,0.52587336,0.59011173,0.81987673,0.498669,0.59140205,0.7611087,0.48938197,0.7152319,0.64602935,0.46968022,0.7122257,0.7218132,0.4976059,0.85709196,0.7970381,0.47742355,0.84081435,0.83118576
734,14,0.46331102,0.37596455,0.7725798,0.5082093,0.42173937,0.6632526,0.47076714,0.43652344,0.6536856,0.46909973,0.5148685,0.5768751,0.46789494,0.51238525,0.64992124,0.46409076,0.44400957,0.59154284,0.46420053,0.44478196,0.57051367,0.5259034,0.58219206,0.8113691,0.49728853,0.58286446,0.8343991,0.49176294,0.7142866,0.844983,0.4715566,0.709712,0.7261798,0.49779865,0.85739523,0.84535235,0.47979423,0.8425292,0.7833087
735,14,0.46405888,0.36901042,0.776456,0.50854623,0.41321254,0.68557805,0.47052842,0.42722496,0.6586317,0.46709812,0.5066184,0.53304356,0.46711293,0.5059456,0.7389061,0.46621782,0.4352998,0.46461892,0.4647976,0.43098336,0.61759156,0.5245313,0.57903194,0.79640317,0.49631923,0.57961005,0.79796684,0.4926092,0.71033406,0.7215901,0.47347033,0.7093716,0.79639244,0.49656835,0.8592599,0.7354612,0.47961253,0.84011596,0.85264766
736,14,0.46506977,0.36526868,0.7744125,0.5079688,0.40914276,0.73956025,0.4721638,0.42152923,0.7068569,0.46887925,0.500927,0.46469185,0.46630248,0.50011945,0.75017583,0.4670195,0.4285996,0.37462586,0.46578205,0.42395183,0.60354686,0.5231089,0.574317,0.7840734,0.49503884,0.57518023,0.7714682,0.4926212,0.7075748,0.8417672,0.4741055,0.705295,0.8124891,0.49931782,0.8586515,0.81262326,0.48059252,0.84101397,0.87255234
737,14,0.46587995,0.36083812,0.69962543,0.50827855,0.4031893,0.7203928,0.47130975,0.4193964,0.8152608,0.46715933,0.49070954,0.41376117,0.46592712,0.494562,0.6260204,0.46774527,0.4259653,0.46751672,0.46799514,0.4223494,0.620709,0.521974,0.5702518,0.7808535,0.4932605,0.5715127,0.78965557,0.49500534,0.7061766,0.70279896,0.47526848,0.7050229,0.84132105,0.4998264,0.85701394,0.88630897,0.47930133,0.84111667,0.85584587
738,14,0.46660316,0.35624078,0.6494507,0.5084772,0.39912906,0.69382715,0.47247103,0.41501543,0.78786457,0.4660791,0.48413584,0.47005764,0.46610305,0.4892319,0.7112827,0.46913582,0.42129403,0.5407941,0.4674231,0.41669688,0.57673436,0.52055544,0.5684305,0.8089641,0.4919028,0.56953394,0.8198606,0.49742118,0.70583045,0.8192287,0.47640407,0.70280635,0.7858677,0.4993433,0.8533239,0.76196116,0.47928482,0.83826643,0.7938045
739,14,0.4682722,0.35349837,0.7677549,0.50863135,0.39589202,0.7699394,0.4723987,0.41311476,0.80754673,0.4654067,0.4822053,0.5408868,0.4653406,0.4872722,0.78126293,0.46832162,0.41700214,0.60112816,0.4683164,0.41145456,0.44917178,0.51898223,0.56698257,0.8150808,0.49016303,0.56702024,0.81479126,0.49708766,0.7038626,0.76022124,0.47708324,0.70327365,0.63073146,0.49849975,0.85434693,0.8198081,0.4784561,0.8398857,0.7769633
740,14,0.4691386,0.34946516,0.52031064,0.5095135,0.39441854,0.8184086,0.47118405,0.41336262,0.87087595,0.46778813,0.47943532,0.4058781,0.46518067,0.48607743,0.77946025,0.46746668,0.41710845,0.52726734,0.46817604,0.4148277,0.38493174,0.51752096,0.56558985,0.813806,0.48860922,0.5659035,0.8298861,0.49685603,0.70342326,0.8510815,0.47649714,0.7002947,0.8870019,0.49941322,0.8547931,0.8712082,0.47912636,0.8387572,0.8249062
741,14,0.46921927,0.35075298,0.7934451,0.5097176,0.39228076,0.75832105,0.47312814,0.4086945,0.6155171,0.46677062,0.48113003,0.35017917,0.46397412,0.485971,0.7305927,0.46738753,0.41909328,0.39270058,0.46714917,0.4214667,0.40750057,0.5169842,0.5639014,0.8164591,0.48864174,0.5653117,0.8051066,0.4953902,0.70044523,0.83710283,0.47615114,0.69571793,0.896387,0.4996592,0.85344297,0.84722227,0.4770918,0.83899504,0.582725
742,14,0.47009194,0.35004425,0.7932538,0.5097632,0.39294422,0.7478866,0.474178,0.40698394,0.6410586,0.4661118,0.48172173,0.389089,0.46378925,0.48686907,0.7229978,0.4669606,0.42167923,0.38587895,0.46733806,0.42341134,0.4185019,0.5163295,0.56476104,0.80232096,0.4879199,0.5661297,0.82117873,0.49512666,0.69921017,0.8300214,0.4753619,0.6954893,0.8826356,0.49913108,0.85334414,0.85934705,0.47764394,0.8411299,0.8419396
743,14,0.47032064,0.34901688,0.5739695,0.5083664,0.3940724,0.69936687,0.47439736,0.40857357,0.8377741,0.46583366,0.4811535,0.4091563,0.46369687,0.48419833,0.65606683,0.4695865,0.41735867,0.52025867,0.46862495,0.41944733,0.4723472,0.51563376,0.5652322,0.8210123,0.48746508,0.56723917,0.80600154,0.49493593,0.6993751,0.8113109,0.47557747,0.69464344,0.87849265,0.49911448,0.85030895,0.84367853,0.4776856,0.8378054,0.5855829
744,14,0.47133473,0.34996733,0.60284764,0.5099326,0.39323357,0.7425055,0.47337395,0.41013035,0.8212029,0.46568805,0.48250553,0.41526318,0.46365705,0.48707682,0.7721717,0.46859163,0.4182806,0.55727345,0.46774158,0.41927737,0.39768627,0.51560235,0.56686103,0.84254146,0.4870591,0.5676436,0.82288796,0.49461326,0.704308,0.7022131,0.47458452,0.69985294,0.88306135,0.49915105,0.8519861,0.87722534,0.47751987,0.836793,0.6570621
745,14,0.4728994,0.34903693,0.72878224,0.50993353,0.39528653,0.78131646,0.4733041,0.41188827,0.83504266,0.46522292,0.48270592,0.42446756,0.46423274,0.48605922,0.4988503,0.46829855,0.4209527,0.5598081,0.46848387,0.42308512,0.44298145,0.5156309,0.56788445,0.8331734,0.48793888,0.569007,0.7870334,0.49325863,0.7034503,0.7351689,0.47447014,0.7003121,0.87005264,0.4989002,0.8510828,0.8627702,0.47698414,0.83907425,0.59658456
746,14,0.47120553,0.35081437,0.7040651,0.509316,0.39941445,0.70829016,0.47449282,0.41305333,0.75939536,0.46658185,0.48409113,0.4470916,0.46398544,0.48800015,0.6986465,0.46724686,0.4206746,0.3780289,0.46653795,0.42220685,0.44250923,0.51565444,0.5674667,0.7815211,0.48823127,0.5689904,0.7616739,0.4937102,0.7070669,0.7762154,0.47404608,0.7045441,0.8687647,0.4992757,0.8535907,0.86977184,0.47727424,0.83812726,0.72333366
747,14,0.47122642,0.35149065,0.5837074,0.50997376,0.39452702,0.732782,0.4727927,0.41380337,0.82247645,0.46587405,0.48738286,0.41841307,0.46459275,0.49074966,0.7169658,0.46740705,0.42337257,0.43189394,0.46806517,0.4254914,0.48680118,0.5170272,0.56638443,0.8282577,0.48864505,0.5683112,0.82660663,0.4936303,0.7064973,0.8688623,0.4744991,0.70427954,0.6673682,0.49876943,0.85338616,0.87074786,0.47677726,0.8394603,0.60423017
748,14,0.47097126,0.3538955,0.7282429,0.5090009,0.3994746,0.809144,0.47440135,0.41365397,0.6821614,0.46821693,0.48968586,0.47894216,0.46515745,0.49322918,0.77023757,0.466648,0.42691642,0.47121206,0.46704832,0.428497,0.40594667,0.51857173,0.57016623,0.87537086,0.48998824,0.5722848,0.69118243,0.4933943,0.7092384,0.7645948,0.47328934,0.7082769,0.7243274,0.49775302,0.85406333,0.85024196,0.47773114,0.83972657,0.6717977
749,14,0.46970585,0.3576463,0.6726046,0.5081678,0.40093234,0.81111985,0.47199848,0.41941077,0.8451126,0.46714404,0.4904658,0.4472933,0.46721712,0.49490437,0.56676435,0.46686313,0.42643732,0.6085093,0.46711585,0.42695788,0.43029276,0.5195032,0.56933534,0.84295,0.49075475,0.5709891,0.8375702,0.49215496,0.71052915,0.8152125,0.47299132,0.7077885,0.8578755,0.49867553,0.8558497,0.85540164,0.47784412,0.84019685,0.8317631
750,15,0.4684763,0.36038208,0.759158,0.50828177,0.40535673,0.70469475,0.4729121,0.41893142,0.7729052,0.46557134,0.4946257,0.5385806,0.46782893,0.498439,0.6320079,0.4672528,0.42352512,0.58202446,0.46752107,0.4242684,0.4405338,0.520845,0.57236534,0.87165004,0.49174455,0.5734573,0.7013287,0.4894186,0.70856243,0.60797244,0.47276375,0.7087453,0.83928615,0.49946874,0.8539286,0.80174494,0.47871807,0.84036535,0.85341525
751,15,0.46820402,0.362562,0.7500487,0.50872487,0.40753672,0.65121776,0.47239983,0.4241211,0.7496466,0.46596283,0.5004763,0.5514879,0.46665075,0.50317585,0.7797548,0.46826223,0.42964485,0.53030086,0.4679568,0.4302648,0.5986247,0.5226089,0.57483464,0.88520813,0.49372905,0.57563275,0.7391751,0.48961395,0.71032643,0.760592,0.47214997,0.70888287,0.73219144,0.4988255,0.8534907,0.7682293,0.4790975,0.8406038,0.79600734
752,15,0.46734586,0.36899176,0.66492814,0.5089238,0.4145105,0.67305267,0.4716217,0.43080133,0.7527455,0.46673533,0.5049379,0.4986136,0.46679363,0.50734866,0.72313666,0.46742597,0.4332085,0.46696967,0.4667888,0.43315497,0.53169,0.5243689,0.5787591,0.90345705,0.49495178,0.57976246,0.7784623,0.48826185,0.7093912,0.8344658,0.4709634,0.7061406,0.81982887,0.49798524,0.85653883,0.8949127,0.47824094,0.83842313,0.6860791
753,15,0.46614334,0.3742679,0.84431726,0.5088448,0.4187754,0.6929472,0.47212607,0.43372515,0.66962606,0.46876016,0.5121331,0.5717571,0.46798056,0.5112628,0.68189263,0.4663955,0.43984935,0.525652,0.4659427,0.43970975,0.6365478,0.5258162,0.58324033,0.890828,0.49644503,0.58419836,0.75514096,0.49019343,0.71112555,0.9071148,0.47150093,0.7085139,0.829202,0.4983298,0.854107,0.7938864,0.47989413,0.8383192,0.8997442
754,15,0.46565595,0.3783262,0.44855234,0.5101973,0.42336482,0.8035843,0.47259095,0.4373248,0.84211934,0.46774915,0.5187437,0.63229775,0.4679278,0.51732016,0.72292066,0.4656994,0.44446853,0.47690636,0.4657458,0.44403538,0.65983677,0.52814186,0.5857576,0.8800581,0.49899393,0.58747274,0.8325851,0.49226978,0.7115484,0.78392535,0.471263,0.7079644,0.78174746,0.4979377,0.85680383,0.7859765,0.47958183,0.84053135,0.8062646
755,15,0.46485254,0.38633433,0.85249496,0.50825185,0.43048003,0.66333044,0.4740495,0.44365674,0.6902915,0.46917197,0.52325565,0.62525254,0.4690461,0.5224476,0.67237055,0.46543553,0.45064843,0.6203104,0.4652443,0.4507558,0.61847645,0.52875453,0.5920062,0.68192345,0.5003147,0.5932356,0.7992533,0.49100596,0.71272177,0.67771965,0.46989924,0.7070681,0.7366538,0.49698645,0.8564038,0.8655829,0.47918966,0.8401489,0.8740559
756,15,0.46454602,0.39403644,0.5265544,0.508185,0.43482274,0.7839548,0.4739893,0.45201722,0.67221165,0.46991798,0.5319263,0.60518235,0.47016087,0.5285953,0.48420423,0.46675494,0.45395693,0.43991467,0.46603277,0.4600113,0.5727366,0.5304047,0.5960294,0.70460045,0.50299585,0.5959436,0.82806563,0.4885938,0.7143669,0.8432153,0.46789676,0.7109227,0.705536,0.4979283,0.85876024,0.86465704,0.4792079,0.83949894,0.8700078
757,15,0.46313056,0.40450853,0.82471937,0.5064329,0.44800007,0.70722735,0.4765759,0.45821804,0.64686364,0.4699473,0.5393777,0.7466774,0.47037554,0.5346445,0.571632,0.46495846,0.45985186,0.62541825,0.4651385,0.46050018,0.4525111,0.53300446,0.60136575,0.5766316,0.504838,0.6012339,0.80769426,0.4878687,0.7117426,0.8143595,0.46855706,0.70973724,0.846238,0.49750343,0.85771257,0.8347428,0.4770539,0.83926386,0.7453577
758,15,0.46265233,0.4109548,0.81912947,0.5058763,0.4543237,0.7814212,0.47316292,0.4667968,0.6467906,0.4711356,0.5487525,0.7421016,0.47222513,0.5425537,0.47907764,0.4658345,0.466845,0.54063725,0.46489328,0.4702757,0.3679776,0.53449243,0.60666615,0.7270024,0.50610924,0.60641515,0.8135673,0.48944703,0.7144468,0.76013076,0.46912888,0.7085665,0.84577256,0.4981392,0.8586071,0.88877136,0.47718632,0.8410988,0.66492003
759,15,0.46248758,0.42093605,0.74670446,0.5062749,0.4647757,0.6902695,0.47142968,0.4737511,0.7460072,0.47177964,0.55738664,0.68836284,0.47171,0.55397475,0.5566391,0.46621287,0.4801678,0.5624878,0.46683642,0.48019245,0.37537983,0.5364568,0.612233,0.58523047,0.5072887,0.611451,0.82010096,0.4864914,0.71451277,0.77763045,0.4679366,0.71147865,0.85649675,0.49763075,0.85826045,0.8385417,0.47691542,0.8412327,0.8681454
760,15,0.46206838,0.4300732,0.84438366,0.5063117,0.4721215,0.79161924,0.4725017,0.483864,0.61543673,0.47181052,0.5679326,0.63394225,0.4718385,0.5636836,0.44590783,0.46522263,0.49150136,0.67032516,0.46583396,0.49468812,0.3426455,0.5383176,0.6182589,0.5823035,0.50825393,0.6193952,0.83680385,0.48800582,0.7167189,0.8291332,0.4679208,0.7106019,0.88574386,0.49828535,0.858879,0.6979395,0.47749707,0.8401302,0.7898952
761,15,0.46280536,0.43744117,0.5045252,0.5069435,0.48140785,0.78889287,0.4701416,0.4939135,0.6656946,0.47381696,0.57750255,0.7577742,0.47003612,0.5727977,0.6652337,0.46685237,0.50051653,0.53856796,0.4659883,0.5015588,0.5009184,0.53927636,0.6234113,0.55659413,0.50863653,0.6260371,0.7883873,0.48649585,0.71752053,0.8610285,0.46798065,0.71359575,0.7324378,0.49964088,0.85854346,0.89704496,0.47775567,0.84054846,0.8579324
762,15,0.4629878,0.44674134,0.82364225,0.5083087,0.48885533,0.8804629,0.47264716,0.503405,0.6885958,0.4749054,0.58597016,0.7694014,0.47385988,0.58242923,0.49508974,0.46568567,0.5102368,0.6871279,0.4651581,0.51115614,0.38706046,0.54131955,0.6287323,0.85758865,0.509781,0.6323825,0.78873837,0.4876631,0.7182391,0.58369863,0.46881437,0.71244675,0.89265734,0.49749807,0.85882205,0.78755087,0.47956315,0.8416757,0.81749696
763,15,0.4633685,0.45684493,0.7157519,0.50771326,0.49759793,0.554131,0.47392955,0.51328635,0.63791144,0.47625783,0.5942148,0.72878027,0.4752676,0.5913582,0.49258664,0.46648583,0.5191456,0.6196008,0.46629748,0.5222108,0.4190122,0.5431003,0.63466823,0.8334458,0.51195973,0.6403138,0.7201554,0.48717564,0.71900904,0.7431891,0.4695979,0.7127374,0.8682059,0.49749598,0.85836864,0.63993055,0.4789024,0.8414639,0.6060089
764,15,0.46388894,0.4650786,0.8486413,0.50973034,0.5037538,0.76047355,0.47427434,0.5200942,0.707964,0.4772276,0.6026697,0.8067263,0.47557965,0.5985183,0.6524656,0.46695653,0.529389,0.6291762,0.46752146,0.530478,0.40023303,0.5449372,0.6365969,0.7787362,0.51416355,0.6421267,0.72973084,0.48658803,0.7206012,0.7680606,0.46956682,0.71161354,0.80269694,0.4975827,0.86079764,0.72503877,0.4794144,0.84495354,0.7678972
765,15,0.4649987,0.47270268,0.66546196,0.5087427,0.51003575,0.72528523,0.47859156,0.52755064,0.8099874,0.47946167,0.6102597,0.82233053,0.47757408,0.6072254,0.57602483,0.46923932,0.5355466,0.67031837,0.4695086,0.5375651,0.39533314,0.54720867,0.6440291,0.7424192,0.51670533,0.64970815,0.6943482,0.48714548,0.7198188,0.7478573,0.4707597,0.71242267,0.8627619,0.4995362,0.86068714,0.87928575,0.47952166,0.84391564,0.80287373
766,15,0.4659028,0.47908974,0.8356085,0.51079214,0.5173138,0.73794806,0.47888833,0.5345737,0.8019891,0.48035306,0.61773974,0.7584046,0.47946298,0.6146268,0.46358827,0.4697346,0.5444064,0.7475087,0.47081992,0.5421632,0.22577854,0.54834765,0.6486708,0.8224594,0.51784873,0.6533843,0.70813537,0.4869231,0.717872,0.7654706,0.46942174,0.7103848,0.79199654,0.49895477,0.86304796,0.8232169,0.47766837,0.84368217,0.88160866
767,15,0.4676298,0.4833657,0.6984115,0.5124795,0.5231605,0.6931289,0.4809322,0.5399743,0.8065182,0.48228252,0.62035424,0.6888448,0.48122025,0.615732,0.5772271,0.47155204,0.5487463,0.7476934,0.4721059,0.55105835,0.20638624,0.54946315,0.6529557,0.8269338,0.51730657,0.6575416,0.7043788,0.48657462,0.71975696,0.70255923,0.46946552,0.71326995,0.81035244,0.49902916,0.8608678,0.91324645,0.47860447,0.84245145,0.75733954
768,15,0.47070387,0.48974755,0.75948274,0.5138842,0.5259134,0.7556124,0.48375952,0.5427774,0.67910886,0.48393106,0.62362015,0.68919516,0.48325887,0.6186183,0.58311474,0.47352427,0.5526336,0.7217921,0.4955788,0.6788893,0.1471642,0.55064875,0.65967774,0.76685816,0.52090794,0.6609211,0.7545862,0.48573297,0.72017676,0.63838494,0.46900788,0.71219176,0.7402262,0.49856073,0.86141086,0.8822368,0.4790575,0.8430177,0.7975668
769,15,0.47300726,0.49272946,0.6079293,0.51536536,0.5315469,0.8136562,0.48379043,0.5473499,0.6373604,0.48535973,0.62520766,0.80658895,0.48450956,0.619806,0.59643036,0.47767314,0.5561814,0.67731786,0.47755778,0.55747396,0.22198597,0.5501194,0.6624801,0.71918064,0.5210289,0.6635498,0.65915227,0.48742306,0.7210492,0.66626906,0.469955,0.71347487,0.921453,0.4976303,0.86208415,0.797841,0.4787579,0.84300894,0.8385827
770,15,0.47599506,0.49643362,0.81634897,0.51841325,0.53329843,0.6000468,0.48677728,0.5484786,0.7098828,0.48788172,0.6268282,0.7880463,0.48589626,0.6217026,0.6199472,0.47852173,0.5558532,0.67071694,0.47910196,0.55755943,0.29286364,0.54986423,0.6646847,0.715684,0.52097684,0.66511387,0.66206425,0.4886161,0.7220585,0.62439907,0.47082412,0.7102376,0.8897166,0.49775028,0.86198634,0.7830327,0.47906706,0.8424549,0.7683675
771,15,0.47813293,0.4979677,0.7251123,0.52292025,0.5362661,0.88544506,0.4878715,0.5514808,0.79853475,0.48980263,0.62805766,0.7607171,0.48718566,0.6234112,0.63654965,0.48236084,0.5600456,0.6690729,0.4820113,0.5612145,0.3147795,0.55018455,0.66832876,0.68293285,0.522862,0.66776586,0.77119577,0.4892745,0.7187679,0.64314485,0.47128227,0.7101272,0.91714585,0.4979441,0.8617284,0.7046821,0.4788622,0.8426936,0.82042724
772,15,0.48144162,0.49740928,0.8357804,0.52561915,0.5363873,0.9028913,0.49009082,0.55209017,0.66932833,0.49270678,0.62649816,0.59304816,0.49010658,0.62448615,0.5953948,0.48591986,0.560323,0.69088763,0.48601902,0.5620909,0.37109855,0.55234915,0.66948897,0.58933717,0.525857,0.6683197,0.745138,0.48970622,0.7181232,0.62511367,0.47246906,0.7080787,0.92063636,0.4979745,0.8616844,0.7152214,0.47841787,0.84177935,0.6882165
773,15,0.48394477,0.49698645,0.81861764,0.5284342,0.5362413,0.68577236,0.49230918,0.55235755,0.65949714,0.49554783,0.62634856,0.6264806,0.49300784,0.6224581,0.618961,0.48959687,0.5556115,0.60430396,0.4895254,0.5570537,0.5356906,0.5536766,0.66989744,0.665628,0.5267388,0.66790533,0.8066897,0.48977247,0.7170886,0.716391,0.47194064,0.7063175,0.92976975,0.49799722,0.864089,0.8865758,0.47853467,0.8419665,0.8502484
774,15,0.48643318,0.49379227,0.76204884,0.53021425,0.53262794,0.8312396,0.49459025,0.5502212,0.7592824,0.49825746,0.6254569,0.69208825,0.49738845,0.6200326,0.63598937,0.49256662,0.55689937,0.6490464,0.49296266,0.5586096,0.37857142,0.5532537,0.6699757,0.7264573,0.5284098,0.6672881,0.7817585,0.4921476,0.7165153,0.7826245,0.47290802,0.7066221,0.9062668,0.49840927,0.86285955,0.6341006,0.47894418,0.8398362,0.873216
775,15,0.4882827,0.49299622,0.83127564,0.5322189,0.5314472,0.8160669,0.5029956,0.5444118,0.6302616,0.50162727,0.62269866,0.5834602,0.5015171,0.6176115,0.55951536,0.49367562,0.5567037,0.7288487,0.49458426,0.55866325,0.2739133,0.55329525,0.6711289,0.7763281,0.5284296,0.6676091,0.7705499,0.49317393,0.71416163,0.7398623,0.47483444,0.704408,0.7796688,0.49849263,0.86310524,0.8042242,0.47841987,0.84040195,0.9166927
776,15,0.49188843,0.4909516,0.85282946,0.53379536,0.5307696,0.6399395,0.507343,0.54185075,0.5436555,0.50488186,0.6189884,0.787225,0.5045718,0.6142432,0.4919095,0.4974941,0.55251896,0.6470004,0.49739924,0.5542541,0.21453214,0.55231893,0.66843927,0.7531551,0.52825534,0.6634126,0.74586296,0.4951788,0.7120897,0.6773514,0.47557518,0.7027385,0.8104325,0.49875113,0.8615454,0.73178464,0.47856018,0.83927226,0.7770417
777,15,0.49498597,0.48779342,0.53650486,0.5375215,0.52768236,0.6491819,0.5083047,0.54196334,0.7603858,0.50550723,0.6170329,0.66114485,0.50443155,0.6143538,0.5235371,0.49830246,0.5528026,0.7565363,0.49934912,0.552958,0.27210417,0.554992,0.66863495,0.6153781,0.5313978,0.66470075,0.78292286,0.49567223,0.71207035,0.7770491,0.47581372,0.70378983,0.78056204,0.49954998,0.861045,0.8926748,0.47845694,0.8404449,0.87176996
778,15,0.4975511,0.4868915,0.76055944,0.54005635,0.5261774,0.6865337,0.51022786,0.5395243,0.7283919,0.50687885,0.6138185,0.77431417,0.50594527,0.60913163,0.49267673,0.5011849,0.5496436,0.74359703,0.5029062,0.5489928,0.26387614,0.556775,0.6679501,0.7174462,0.53250355,0.66445136,0.80885196,0.49637192,0.71031505,0.73193777,0.47609806,0.70269966,0.7982185,0.49950162,0.8613694,0.852691,0.4794113,0.8378098,0.821767
779,15,0.49988407,0.48703942,0.82139826,0.5423214,0.5238071,0.7839016,0.514762,0.53749734,0.5948746,0.50806504,0.61351544,0.753719,0.50718147,0.61108696,0.6038148,0.5045557,0.5477257,0.5963908,0.50385344,0.5474736,0.24830322,0.5564023,0.6690802,0.5121934,0.53332,0.66589016,0.806814,0.49608466,0.71110636,0.74364954,0.47572526,0.70239085,0.76156163,0.4991518,0.85867596,0.8625623,0.47899324,0.8387523,0.77800775
780,15,0.5029872,0.48706308,0.7920949,0.5460517,0.5235843,0.73150486,0.5155271,0.53568506,0.7261277,0.50935495,0.6084752,0.6972511,0.5087957,0.60589904,0.5779561,0.5067042,0.54432094,0.6802138,0.50696754,0.54527193,0.27288124,0.5581582,0.6700666,0.7656348,0.5330687,0.6657343,0.81919384,0.49613988,0.7132425,0.67045635,0.47702008,0.70180833,0.83486426,0.49891773,0.8599676,0.80430496,0.47836265,0.8385467,0.7652918
781,15,0.5065177,0.48535728,0.5725842,0.54770434,0.526828,0.8074576,0.5168039,0.53487265,0.687823,0.51095265,0.60632133,0.6669335,0.5097251,0.603815,0.3351434,0.5103245,0.543591,0.5965096,0.51029336,0.54412425,0.33971348,0.5571356,0.6692373,0.7319958,0.5334876,0.6637599,0.8101596,0.4962441,0.7126708,0.7350311,0.4777809,0.7002765,0.7732419,0.49898082,0.85942554,0.821962,0.47863033,0.83820844,0.72615606
782,15,0.5091309,0.48522967,0.78323144,0.55186677,0.52393806,0.7299152,0.5186983,0.5329254,0.7546074,0.5123886,0.60659266,0.76866436,0.510942,0.6045121,0.5431758,0.5122988,0.53985006,0.6850474,0.51138276,0.5410658,0.42296264,0.55819035,0.6672203,0.77587664,0.5343735,0.66341984,0.85145354,0.49582785,0.7114558,0.73196965,0.47537154,0.6982788,0.6728619,0.49837378,0.85975385,0.7934739,0.47832614,0.8372761,0.84869844
783,15,0.51120836,0.48495218,0.87855583,0.55374813,0.52468437,0.7113826,0.5221492,0.53311336,0.7078052,0.5138741,0.60464525,0.7717359,0.51253146,0.6028078,0.617697,0.51496536,0.5384335,0.6675941,0.51482636,0.5384438,0.3986007,0.55875206,0.66986483,0.8152454,0.53533417,0.6639621,0.85613614,0.4949047,0.71074516,0.6947993,0.4745209,0.69901544,0.6198725,0.49877176,0.85773295,0.92037505,0.47873446,0.8358206,0.7296489
784,15,0.51476336,0.48255402,0.76995206,0.5544928,0.52172315,0.8323137,0.52341104,0.5325982,0.7331348,0.51486814,0.6040862,0.74816924,0.51386094,0.5988164,0.42809504,0.5163666,0.53361404,0.6298022,0.51630133,0.5365508,0.4034891,0.5597003,0.6689056,0.80276763,0.535797,0.66553503,0.8547678,0.49490923,0.71251976,0.67010367,0.47426027,0.6987707,0.70407,0.49797943,0.8603183,0.79696345,0.47817776,0.83442146,0.8286399
785,15,0.51724946,0.4837014,0.8670435,0.5563238,0.5245146,0.89538825,0.52488655,0.5306043,0.79082316,0.5157262,0.604085,0.73066944,0.51427704,0.60308635,0.66285104,0.5182306,0.5348498,0.69400823,0.5174213,0.535021,0.43086335,0.5591105,0.6688605,0.8371034,0.5363256,0.6648886,0.8465425,0.4952036,0.71183383,0.6345723,0.47524172,0.6972587,0.7774607,0.49828783,0.85863835,0.73275536,0.47775123,0.8359992,0.8606229
786,15,0.5199316,0.48039612,0.6658289,0.5589626,0.5214457,0.71352303,0.5290527,0.5339189,0.7466121,0.51638424,0.5996125,0.6257085,0.5155798,0.59803015,0.48656207,0.5200949,0.53273094,0.6687241,0.51951766,0.5346665,0.50831485,0.5606079,0.6675612,0.7824461,0.5370343,0.6647798,0.8603014,0.4947623,0.7113748,0.59950197,0.47387224,0.697766,0.7463797,0.49847442,0.86090064,0.75680923,0.47797152,0.83603156,0.782198
787,15,0.5218549,0.48125148,0.8578822,0.5604976,0.52286243,0.7979265,0.5294558,0.5300469,0.79426867,0.5175137,0.59726524,0.59761107,0.5152083,0.5963726,0.68891644,0.5216967,0.5324242,0.60421795,0.5215606,0.5316405,0.4384141,0.56080735,0.6696252,0.9334339,0.53794885,0.66400325,0.8717435,0.49465096,0.7112027,0.59035915,0.47370583,0.6977651,0.729308,0.49875304,0.86089987,0.7360034,0.47769064,0.8351529,0.85026824
788,15,0.5233403,0.4824734,0.89123935,0.56200206,0.5241078,0.7299246,0.53263533,0.53026646,0.7614809,0.51744354,0.59696597,0.57756263,0.5158475,0.59647477,0.7042287,0.5223008,0.53312707,0.64488226,0.521463,0.53321624,0.44532472,0.55976146,0.66858214,0.8899064,0.5372438,0.66512126,0.8670598,0.49625438,0.71124023,0.88103074,0.47309673,0.697183,0.67578715,0.49954492,0.8611744,0.9110432,0.4781345,0.8345439,0.8314675
789,15,0.5255571,0.4810847,0.7427958,0.56355774,0.5256582,0.85047185,0.5311445,0.5317996,0.8447847,0.51805073,0.5973368,0.6010782,0.51640797,0.5960454,0.56284434,0.5230831,0.53218657,0.6796441,0.5228936,0.53103787,0.4576577,0.5612249,0.66600037,0.9019572,0.5377248,0.66082513,0.83250064,0.49425718,0.71123445,0.5755257,0.47367045,0.6980098,0.6952309,0.4992903,0.8598348,0.92716414,0.47812426,0.834475,0.8148265
790,15,0.5281803,0.48024124,0.8642786,0.5647431,0.52424765,0.77693766,0.5334921,0.5329294,0.86950755,0.5186945,0.59600693,0.7027764,0.5177938,0.5954659,0.73185563,0.524011,0.5319962,0.6451904,0.5231608,0.5332745,0.3973713,0.5606673,0.6667433,0.8643017,0.5374155,0.6610435,0.8775914,0.4942336,0.70809495,0.76759803,0.47396812,0.69658136,0.63232756,0.49911398,0.85835254,0.68758905,0.47767454,0.83547634,0.79688656
791,15,0.5295156,0.4781905,0.7134443,0.56320614,0.5319216,0.72129107,0.5359718,0.53325146,0.54315007,0.51933527,0.5937718,0.633126,0.5191461,0.59411716,0.4538197,0.5246278,0.5345368,0.6168638,0.524807,0.5343572,0.29229796,0.559929,0.6635601,0.6933661,0.53696316,0.6608278,0.77410126,0.49565396,0.71157926,0.6664746,0.4757593,0.69757473,0.62534964,0.49872243,0.8599905,0.91407156,0.47723523,0.83634055,0.8824559
792,15,0.5303967,0.47949106,0.76670235,0.5668176,0.52825284,0.8164882,0.5362825,0.5348314,0.78939795,0.52070457,0.5927402,0.5477006,0.5182386,0.5952439,0.61821216,0.5263046,0.530078,0.6523505,0.52580935,0.52928835,0.38147458,0.55882204,0.66975975,0.8193759,0.53403085,0.6640814,0.8641342,0.49496618,0.71365035,0.7363983,0.47487602,0.69871074,0.71260464,0.4985978,0.8595585,0.86584085,0.4780881,0.8347206,0.9011323
793,15,0.5308925,0.48119664,0.87857497,0.5673392,0.5256207,0.63796043,0.5367771,0.5299959,0.84931177,0.52192694,0.59261745,0.6323322,0.5196923,0.5953347,0.60195696,0.52679276,0.53115416,0.62851846,0.52605075,0.5296996,0.50323415,0.5599837,0.66528946,0.86608976,0.5366522,0.66146106,0.86188513,0.4939059,0.7095503,0.77503276,0.47433865,0.6971066,0.711256,0.49850947,0.85797495,0.7245644,0.47769,0.83566004,0.8439477
794,15,0.5333028,0.4801301,0.85674304,0.5683094,0.5277566,0.78542125,0.5362556,0.5324789,0.84084946,0.52368975,0.58995026,0.5491447,0.52108693,0.5934476,0.6153025,0.5279978,0.5303274,0.6368217,0.52597713,0.5286404,0.40895548,0.55992025,0.66556644,0.9034636,0.5368264,0.6602181,0.86915153,0.4947604,0.70994306,0.8289488,0.47467905,0.6957806,0.8359818,0.4989207,0.8573344,0.7611133,0.4774175,0.83480555,0.7712519
795,15,0.53390384,0.48157287,0.79510164,0.5690207,0.5278642,0.6376155,0.5380536,0.53327215,0.7998583,0.5247665,0.5901349,0.5168627,0.5197675,0.5913755,0.6917223,0.52895564,0.5317836,0.6163417,0.5270966,0.53146255,0.4974116,0.5584317,0.66515446,0.86766386,0.535101,0.66048044,0.8423199,0.493789,0.71050274,0.60003763,0.47494337,0.69753695,0.72043234,0.49852785,0.8560134,0.8925416,0.47754785,0.8352851,0.85687983
796,15,0.53521657,0.48066837,0.82999337,0.5696439,0.526321,0.77646095,0.53821206,0.5309187,0.79903895,0.523146,0.5919854,0.58559644,0.5204313,0.5912322,0.6025803,0.52830714,0.53120494,0.63851804,0.52747196,0.5278231,0.41346547,0.559387,0.6658668,0.8998508,0.5349895,0.66118467,0.85422105,0.49420288,0.7094795,0.77848226,0.47455913,0.696659,0.80495906,0.4987007,0.85615087,0.6501699,0.47746423,0.8351916,0.8579381
797,15,0.53585404,0.47913778,0.8048247,0.56969345,0.53077537,0.8213027,0.5379231,0.53072196,0.75167954,0.52343005,0.5914926,0.5620673,0.52134097,0.59300816,0.5950092,0.52862173,0.5316761,0.61250615,0.5283384,0.5307226,0.40530735,0.5584206,0.66391116,0.8365296,0.5354669,0.6589637,0.77071536,0.4952954,0.710744,0.8074211,0.4758933,0.69721353,0.75090665,0.49892375,0.859271,0.67998296,0.4772423,0.8361515,0.87957793
798,15,0.53613764,0.48069575,0.7995092,0.57086426,0.52859265,0.62213045,0.53902406,0.531559,0.77878934,0.52411216,0.5913318,0.60229355,0.52030486,0.5901069,0.57009596,0.5298873,0.5291892,0.63577557,0.5290864,0.52823555,0.45862356,0.5597764,0.66604704,0.8035584,0.5335909,0.6618998,0.84575784,0.493444,0.7129833,0.58586806,0.47488645,0.6972952,0.8179101,0.49841812,0.8588509,0.8495239,0.47781605,0.8354602,0.8611898
799,15,0.5363906,0.48059222,0.6917867,0.57017016,0.5317796,0.7204189,0.53893125,0.53247476,0.82988924,0.52399296,0.59168965,0.5990231,0.52110475,0.5904469,0.5878144,0.529913,0.5291089,0.41508085,0.52810556,0.52831095,0.42414516,0.5597266,0.6655548,0.84684795,0.53464144,0.66051584,0.7623764,0.4954549,0.7100419,0.77324885,0.47498864,0.6969308,0.71813285,0.49901092,0.85627735,0.7130281,0.47765386,0.835098,0.74580985
800,16,0.53653693,0.48062316,0.815476,0.57132536,0.52876776,0.590897,0.53844297,0.5316839,0.8333248,0.5245879,0.5917718,0.59946406,0.5204829,0.5902029,0.6594342,0.5304109,0.52806747,0.6147288,0.52946156,0.5268277,0.47946832,0.5609948,0.66334915,0.85665655,0.53476346,0.6591018,0.82426095,0.49317458,0.7120214,0.6609823,0.47424766,0.69675505,0.78110373,0.49927336,0.85970366,0.7970586,0.47783652,0.83535326,0.9018438
801,16,0.535891,0.4808631,0.6636271,0.571113,0.5304742,0.77767485,0.5390566,0.53162456,0.8095799,0.5253478,0.59157425,0.5896212,0.52115613,0.59058535,0.5622574,0.52840734,0.52975464,0.57001156,0.5279988,0.53226626,0.50374633,0.56058854,0.6670719,0.8420373,0.53390807,0.6632601,0.8348088,0.4933205,0.71244574,0.59360147,0.47463784,0.6979827,0.67067945,0.49906355,0.8596025,0.7672228,0.47787127,0.8355128,0.89422506
802,16,0.5368035,0.48067284,0.76296073,0.57038516,0.5294672,0.76309204,0.53820354,0.5307139,0.8146617,0.52468693,0.5928716,0.62315834,0.52094966,0.59090155,0.6533881,0.5289568,0.5326511,0.5749209,0.52784234,0.5317789,0.4814648,0.5597692,0.6636075,0.86129344,0.53550684,0.65967077,0.78941506,0.49360162,0.7093437,0.8306267,0.47454682,0.6955738,0.8558981,0.49893808,0.8559864,0.7400114,0.4775929,0.83536804,0.6983462
803,16,0.5365207,0.48017472,0.7405367,0.5700043,0.5308603,0.7812843,0.5383866,0.5329286,0.7906171,0.5255837,0.59578305,0.54786384,0.52053297,0.5930786,0.6511985,0.5287243,0.5335054,0.52244437,0.52714777,0.5330312,0.49895793,0.5603485,0.6654643,0.7478382,0.53450686,0.6620626,0.8316221,0.49571544,0.7135254,0.71815383,0.47480103,0.6976439,0.7617457,0.49947357,0.85896504,0.75099266,0.47774968,0.83584154,0.8819567
804,16,0.5362889,0.47970662,0.77147883,0.56915563,0.5295674,0.7774513,0.53745025,0.5341488,0.831381,0.5254395,0.5937703,0.5216889,0.52032936,0.5930714,0.56272453,0.52761805,0.53213316,0.53195536,0.5259635,0.5315026,0.51022434,0.5596836,0.6627641,0.8223239,0.53536063,0.6596784,0.785324,0.49391973,0.71261936,0.63376796,0.4755059,0.69883996,0.6727562,0.4985998,0.8585108,0.6983938,0.47755384,0.8361599,0.80723804
805,16,0.534488,0.4807704,0.42805508,0.5691101,0.5303987,0.8350369,0.53547704,0.53390753,0.6536057,0.5257289,0.596565,0.57056487,0.5195929,0.5948698,0.69097805,0.526778,0.5339127,0.5617401,0.5265263,0.5327134,0.4026607,0.560559,0.66573894,0.78522843,0.53460586,0.66274464,0.8428874,0.49618384,0.7135307,0.7024474,0.47476417,0.69757354,0.7937418,0.49875405,0.8593958,0.8346282,0.47808617,0.8348833,0.63858294
806,16,0.5333656,0.4815952,0.5516389,0.56707937,0.53443986,0.58853465,0.53780884,0.53486425,0.6318564,0.52450526,0.5976353,0.46469638,0.52138084,0.59669566,0.4459395,0.5270571,0.53574014,0.45243594,0.5260846,0.53394544,0.36091155,0.5586619,0.6664405,0.7807711,0.535307,0.66222274,0.7177871,0.49502832,0.7121779,0.55149066,0.47555226,0.6990847,0.52044106,0.49890497,0.85586256,0.7649911,0.47769743,0.83432335,0.8408691
807,16,0.5313996,0.48003855,0.61129194,0.56622607,0.5336838,0.515296,0.53591985,0.534406,0.6712988,0.52414405,0.5999847,0.4716618,0.5186693,0.5965721,0.5346705,0.5258402,0.53454405,0.46969727,0.52418673,0.5354955,0.40429947,0.5590295,0.6675709,0.849596,0.535634,0.66270787,0.76481265,0.49613887,0.713119,0.66329557,0.47645923,0.69925517,0.79526705,0.49860042,0.8600545,0.7226624,0.47817308,0.83566475,0.87345684
808,16,0.52981013,0.47951457,0.47380942,0.565276,0.5339898,0.72255266,0.53457046,0.53669584,0.7546574,0.5236285,0.60148597,0.541722,0.5182841,0.5975386,0.59227145,0.52440894,0.5390074,0.55327946,0.5230386,0.53583294,0.37471777,0.55897826,0.6667544,0.862232,0.5358376,0.66223305,0.78927004,0.4938174,0.7109268,0.5882473,0.4750416,0.6976761,0.7090325,0.49880123,0.85797966,0.7700111,0.47790924,0.8353954,0.83682436
809,16,0.52788746,0.48053622,0.7588826,0.5638951,0.53359544,0.7826505,0.5343001,0.53784883,0.7509575,0.5218145,0.6022653,0.5733467,0.5175898,0.59912884,0.62155765,0.5228029,0.5377783,0.58475,0.5229818,0.5364994,0.35203004,0.5586988,0.66758126,0.8676146,0.53588396,0.6624158,0.8018122,0.4952903,0.71003485,0.72542197,0.4748594,0.69862956,0.6371706,0.49839398,0.8598827,0.8941107,0.47830024,0.83530205,0.69827044
810,16,0.5253829,0.48319063,0.7690124,0.5633916,0.5307171,0.83560604,0.52998155,0.53779507,0.7810498,0.5203842,0.6060451,0.6159121,0.5173072,0.6042411,0.6490828,0.52258295,0.54080325,0.58346295,0.52181655,0.54029685,0.48082513,0.5597038,0.6682252,0.92242473,0.53631043,0.6633183,0.8747368,0.4932385,0.7104071,0.71738124,0.47410622,0.69723046,0.8272791,0.49859542,0.8574204,0.69274706,0.4778902,0.8350246,0.8830999
811,16,0.5234509,0.4839165,0.80883205,0.5623363,0.5341453,0.77842623,0.5297549,0.53780967,0.6852576,0.52024484,0.60755646,0.60178953,0.5166331,0.6055268,0.5553346,0.52144915,0.54033303,0.5926172,0.52034366,0.54070103,0.50699914,0.5599849,0.66888225,0.8891339,0.5371432,0.6634819,0.81488395,0.49464253,0.71015084,0.66368663,0.47496536,0.6969879,0.80661654,0.49923402,0.85733044,0.866109,0.47788367,0.8354162,0.6832643
812,16,0.52193487,0.48231652,0.65841943,0.5603162,0.53204775,0.59919965,0.52793247,0.5395697,0.83061135,0.5187208,0.60930264,0.65935856,0.51633835,0.6063099,0.44785166,0.52041715,0.54095143,0.476042,0.519029,0.54289937,0.5186937,0.56008404,0.669162,0.80739164,0.5368303,0.6643826,0.8148751,0.49285462,0.7109742,0.6099858,0.47421277,0.6969478,0.7871746,0.49824306,0.85918003,0.8805385,0.47827715,0.83534366,0.8231511
813,16,0.5188167,0.4848571,0.88545597,0.5593621,0.53067803,0.7231678,0.5252859,0.5388261,0.7760713,0.51788205,0.60922,0.6106606,0.5163619,0.6078703,0.53195685,0.51759404,0.5428778,0.7006318,0.5177091,0.5435563,0.40481502,0.56028235,0.66839916,0.7876759,0.53683573,0.6654392,0.8446101,0.49481156,0.70996314,0.69756234,0.47422764,0.6971863,0.8559745,0.49939027,0.85722274,0.6960461,0.47805893,0.83526874,0.7733714
814,16,0.51550025,0.48547715,0.86700356,0.5576036,0.5300834,0.86204123,0.5231472,0.5374998,0.7591814,0.51590586,0.6124514,0.7255841,0.51419216,0.6085175,0.52378386,0.51493675,0.5472437,0.687922,0.5144189,0.5469294,0.522758,0.5601638,0.67022556,0.8221633,0.5373877,0.6664381,0.83709836,0.4949245,0.71141994,0.7069934,0.47394547,0.6972699,0.8862168,0.49871954,0.8583484,0.75299025,0.4777732,0.83501035,0.8804304
815,16,0.51334983,0.4861154,0.8229741,0.55547214,0.5327191,0.7944536,0.521142,0.538735,0.69949687,0.51454926,0.6133567,0.7119987,0.512693,0.6090843,0.486381,0.5122371,0.5462877,0.5923715,0.5120339,0.5466371,0.5207246,0.5596016,0.6688376,0.82332176,0.53648686,0.66481155,0.7814478,0.49604028,0.71146953,0.679735,0.47443295,0.6980947,0.7559959,0.49957758,0.8584945,0.8627861,0.4772283,0.8360902,0.89746535
816,16,0.51025164,0.48715177,0.86573243,0.5517845,0.5310141,0.7928724,0.5203773,0.5387122,0.7599058,0.5130833,0.61549544,0.62859297,0.5125538,0.60941386,0.45541367,0.50943357,0.5476622,0.7034335,0.51003367,0.5486969,0.4252455,0.55683136,0.6673873,0.65765595,0.5347411,0.6649492,0.79895353,0.49480632,0.71054244,0.7764893,0.47413108,0.6980054,0.8141809,0.4992868,0.85735,0.8720966,0.47814575,0.83561885,0.7603371
817,16,0.50709176,0.4871912,0.8330229,0.5488922,0.5332075,0.8668999,0.518019,0.54045445,0.626524,0.5114865,0.6168666,0.7197321,0.5106506,0.6101458,0.47577494,0.5080798,0.5490856,0.6577399,0.5081819,0.54966056,0.48125058,0.55663246,0.67217237,0.84273005,0.53327835,0.66653425,0.82507235,0.49481875,0.7120873,0.77441764,0.47542062,0.7002775,0.8476795,0.49838266,0.85697013,0.7730092,0.47824785,0.8357568,0.91928905
818,16,0.5036339,0.48770878,0.7098082,0.5459468,0.5330302,0.7341399,0.51698583,0.5420493,0.6658247,0.51029044,0.6180066,0.7205657,0.50926334,0.6131665,0.50571924,0.5052434,0.55039835,0.64823747,0.5048493,0.5506617,0.3828494,0.55685043,0.6711443,0.76110107,0.53355014,0.66724426,0.8110175,0.49624375,0.71296686,0.7129451,0.47477478,0.7012063,0.65852636,0.4987964,0.8582769,0.73768204,0.47888014,0.8368943,0.84338486
819,16,0.50104713,0.48860326,0.7925077,0.5430179,0.5340036,0.6629832,0.5126806,0.544748,0.7158643,0.5090139,0.61908334,0.60731393,0.5062228,0.6175706,0.61017746,0.50226945,0.5533371,0.64233875,0.5018315,0.55221355,0.44739535,0.5578655,0.66999376,0.7460313,0.53293097,0.66676027,0.78438455,0.49685606,0.71251625,0.70408183,0.4756663,0.70051503,0.9087309,0.49898723,0.8585124,0.7398213,0.47897407,0.83939636,0.76588
820,16,0.49836466,0.49087209,0.8219652,0.53907686,0.5344375,0.8757527,0.5092116,0.546413,0.7372478,0.5062363,0.62141234,0.6283108,0.5043852,0.6187681,0.68999577,0.498522,0.55192924,0.65233743,0.49910572,0.5537162,0.3897691,0.55585873,0.66928065,0.6054579,0.53217965,0.6670065,0.8259854,0.4955277,0.71429694,0.74414194,0.47516248,0.702066,0.8659045,0.49932665,0.8584083,0.82268745,0.4790405,0.8383393,0.90996957
821,16,0.4938625,0.492007,0.7916971,0.53682137,0.53609866,0.8106884,0.5018588,0.5475332,0.71916765,0.502009,0.62383616,0.7364076,0.50074095,0.6191309,0.55927545,0.49535656,0.5532256,0.64395654,0.49495783,0.5540859,0.41925722,0.5575744,0.67036223,0.70000815,0.53001136,0.66759914,0.62711513,0.49506712,0.71459603,0.741993,0.47485363,0.70267886,0.82207483,0.4997581,0.8586798,0.8488056,0.47893432,0.8396001,0.89071363
822,16,0.4898794,0.49184185,0.808619,0.5331323,0.53794676,0.7527702,0.4974386,0.54859316,0.7146607,0.49806055,0.62579614,0.79500645,0.49400455,0.62109655,0.64876354,0.49331412,0.55503553,0.5537751,0.49143973,0.553663,0.48561832,0.5562925,0.66973275,0.74913806,0.529238,0.6668269,0.65036327,0.49336973,0.7157666,0.751617,0.4732315,0.7045162,0.9344519,0.49969146,0.8588694,0.8613077,0.478897,0.8402425,0.8695329
823,16,0.4875469,0.49377537,0.8413412,0.52978826,0.53846407,0.86642504,0.49470484,0.55045605,0.8352424,0.49545258,0.6277286,0.6944397,0.49083188,0.6247624,0.6807637,0.48664448,0.55534756,0.5935586,0.48695415,0.5565071,0.33834535,0.55619687,0.6684491,0.7173374,0.5256668,0.6679326,0.53480816,0.49424797,0.7172988,0.6265077,0.47331923,0.70492226,0.9317512,0.49819425,0.85977304,0.8914807,0.47893122,0.83988833,0.8537351
824,16,0.48362705,0.49386024,0.80873096,0.52629596,0.54130137,0.9030539,0.49280792,0.55228376,0.81729686,0.490735,0.629797,0.7010002,0.48899755,0.6229957,0.6285919,0.48579064,0.55806464,0.56861615,0.48468322,0.55898017,0.27213165,0.55257183,0.66554606,0.8028083,0.52460533,0.6656159,0.7841609,0.49076885,0.71949565,0.69765276,0.47218493,0.7064854,0.8820014,0.49903992,0.8611327,0.9170483,0.47884446,0.83952457,0.80930436
825,16,0.48108017,0.49105898,0.784712,0.52447605,0.5372309,0.8313637,0.49158987,0.5513923,0.80051273,0.48928753,0.6296925,0.79413056,0.48694605,0.62379825,0.5211725,0.48169228,0.5583154,0.6991785,0.4812272,0.5568651,0.28317147,0.552041,0.6609626,0.6859265,0.52357423,0.66160476,0.74544454,0.49043152,0.7213155,0.76297385,0.4718709,0.7086755,0.93628657,0.49809828,0.8620713,0.7691409,0.4788584,0.8398454,0.87553537
826,16,0.4787933,0.48860955,0.67849606,0.5204822,0.5371578,0.8961294,0.48847803,0.5507626,0.76983225,0.48805395,0.6271035,0.8456912,0.48378974,0.6215939,0.7140713,0.47949353,0.5573318,0.6543699,0.47812095,0.5567931,0.2843719,0.55064464,0.6592005,0.7491743,0.52254695,0.6610125,0.75974137,0.4875731,0.72255,0.76241887,0.46940008,0.7106415,0.9398783,0.49833316,0.8619465,0.87413245,0.4791976,0.84116524,0.82775545
827,16,0.47644567,0.4857523,0.7772663,0.5167232,0.53265285,0.8690008,0.48618457,0.54717964,0.810326,0.48762313,0.6241005,0.64038277,0.48272178,0.61893994,0.7230172,0.4766702,0.55754054,0.5938444,0.47587684,0.5556677,0.29635483,0.54905003,0.65538144,0.74137497,0.52114564,0.65843576,0.7486173,0.48570302,0.7224742,0.7438633,0.46920344,0.7118596,0.9216185,0.49799648,0.8613105,0.88631785,0.47919744,0.8417037,0.7997788
828,16,0.4740163,0.48019448,0.6514637,0.5146101,0.52891177,0.50435305,0.48510608,0.5399458,0.8169651,0.48539823,0.62014526,0.7200878,0.48222604,0.6147248,0.6333676,0.47478396,0.55346656,0.57395047,0.47472408,0.5512226,0.24685517,0.54790795,0.6522038,0.74471945,0.5194908,0.6549911,0.73281753,0.4864065,0.7239118,0.79350024,0.46882117,0.7124717,0.89754015,0.4980082,0.8599314,0.7578213,0.47890678,0.84165,0.75565076
829,16,0.47236115,0.47530818,0.623579,0.51329017,0.52265817,0.8604525,0.48332533,0.53379035,0.7748511,0.48442924,0.6157222,0.7800048,0.48176765,0.6078228,0.62581486,0.47287408,0.5475241,0.6643794,0.4732074,0.54565126,0.23859131,0.54544413,0.64958996,0.7815911,0.5148893,0.6520416,0.62060344,0.4852919,0.7239279,0.84474933,0.46843395,0.71437865,0.9345162,0.49881974,0.86016464,0.85108757,0.47832292,0.8430675,0.79004
830,16,0.47044176,0.46958092,0.7517135,0.51331323,0.51617706,0.72117984,0.48209584,0.5249792,0.7867728,0.48443076,0.60900277,0.7383464,0.48119825,0.60137475,0.61329836,0.473368,0.5432577,0.6774679,0.4726403,0.54207706,0.32061684,0.5451679,0.6464072,0.84625113,0.51680917,0.6469054,0.729436,0.48586786,0.72112316,0.82477427,0.46807906,0.7129599,0.8945,0.49830058,0.86139154,0.7939397,0.47823915,0.8420622,0.9143698
831,16,0.46991938,0.46312737,0.8452867,0.5131238,0.50744385,0.74997276,0.48052987,0.51973933,0.6587959,0.48431414,0.6025671,0.7578535,0.48048264,0.5962159,0.6672352,0.4720115,0.5346192,0.6846936,0.4719756,0.5361794,0.33288068,0.54573095,0.6403067,0.69157743,0.5169528,0.64186686,0.738562,0.48568058,0.71990913,0.8494058,0.46883088,0.71127886,0.817567,0.4987339,0.8627138,0.82411104,0.47821823,0.84345555,0.90396327
832,16,0.46897683,0.45394045,0.86088437,0.5120151,0.49909848,0.81302917,0.4783947,0.5075556,0.61772364,0.48287904,0.59482586,0.70372117,0.47907177,0.5882263,0.653709,0.47096607,0.5261202,0.73544866,0.470984,0.527365,0.41925004,0.544681,0.6352997,0.79336965,0.5145761,0.63701177,0.69787335,0.48535827,0.7209118,0.68117243,0.46870834,0.71294916,0.75592566,0.49915132,0.8637834,0.84246105,0.47834906,0.8422766,0.74879164
833,16,0.46899697,0.44606814,0.79986423,0.51102126,0.49032933,0.7881426,0.47701854,0.49784127,0.6509015,0.48185208,0.58626235,0.77216053,0.4758035,0.57993126,0.72202855,0.4718283,0.5156498,0.6046986,0.46991676,0.5161382,0.61506844,0.5430724,0.62791806,0.77476597,0.51339114,0.62995535,0.7830002,0.48584834,0.7197136,0.7629182,0.46883744,0.71554816,0.8692663,0.4989163,0.86183447,0.89175606,0.4796721,0.8420038,0.73595196
834,16,0.46817818,0.43565673,0.75013685,0.5091408,0.48290265,0.86440766,0.47687617,0.48976487,0.67850834,0.4812612,0.5777867,0.8008977,0.47666773,0.5705128,0.7031968,0.47231132,0.5084154,0.6388157,0.46976528,0.50616646,0.4322499,0.5399216,0.6238627,0.89785445,0.5098717,0.6228767,0.7455258,0.4836644,0.7206889,0.7267771,0.46799698,0.7155139,0.9057032,0.4977504,0.86225516,0.8218099,0.47953865,0.84232134,0.88669837
835,16,0.46736848,0.4255254,0.6654217,0.5117102,0.4760731,0.7697911,0.47640678,0.48016673,0.5737382,0.4797397,0.5665117,0.74380136,0.47863534,0.5614525,0.59210056,0.47142524,0.4977531,0.6060624,0.47039035,0.49960774,0.323961,0.5387489,0.6191483,0.82207865,0.5090993,0.6169357,0.83998585,0.48739234,0.71838725,0.78716767,0.46858054,0.71460664,0.8738397,0.49808446,0.8611249,0.81904155,0.4796008,0.84215033,0.86474836
836,16,0.46845657,0.4162852,0.63441056,0.51090187,0.46412015,0.84762037,0.4758559,0.47183523,0.72627133,0.4785161,0.5586713,0.6937948,0.47951636,0.5524053,0.4905622,0.4696479,0.48872975,0.75381696,0.46988544,0.48981407,0.31356618,0.53736526,0.6125583,0.8273187,0.5078986,0.60945505,0.8513402,0.48765838,0.7194504,0.86752987,0.4692995,0.7136485,0.86476755,0.4982918,0.85885614,0.8880045,0.4790537,0.8397736,0.8122055
837,16,0.46767852,0.40700343,0.74456584,0.5124496,0.45618367,0.82009953,0.4774819,0.46230084,0.6173241,0.4774373,0.55052143,0.7244362,0.47828966,0.54482365,0.5491763,0.47159716,0.47601116,0.6604385,0.4706122,0.47954842,0.29721573,0.5359961,0.6056331,0.8381357,0.50707537,0.6029369,0.8514418,0.4892472,0.7175756,0.82703334,0.46990168,0.7122143,0.734622,0.49899337,0.8573229,0.92324567,0.47807196,0.8386097,0.79791844
838,16,0.46852213,0.3986571,0.6808909,0.51224923,0.44364202,0.698877,0.48315433,0.45662388,0.5935445,0.47588435,0.541192,0.6637627,0.4773586,0.5347574,0.6141235,0.471159,0.46404192,0.48025692,0.4703788,0.46551836,0.33228236,0.5326703,0.5997847,0.69366676,0.5055285,0.5977247,0.83802766,0.48884162,0.71500796,0.86618245,0.4711878,0.71125,0.8605145,0.49751708,0.8570112,0.7632714,0.47797686,0.83966255,0.87481177
839,16,0.46825296,0.39092034,0.82655174,0.5133906,0.43407735,0.77630645,0.48047906,0.4479633,0.65986216,0.47697258,0.52820885,0.6109625,0.4754528,0.52539027,0.73038155,0.4701152,0.45447078,0.58700705,0.47058645,0.45576155,0.5192633,0.5322346,0.5927211,0.8398307,0.50531006,0.59105915,0.82689226,0.48797718,0.7094947,0.74971026,0.4713433,0.70468974,0.7689277,0.4969658,0.8584484,0.87595665,0.47760049,0.8391389,0.8636085
840,16,0.46956795,0.38388634,0.7375829,0.5116006,0.42889473,0.63661975,0.47962502,0.43974593,0.56295645,0.4749344,0.5188287,0.5829844,0.4743161,0.5201999,0.58708996,0.46824893,0.4489859,0.63328373,0.46926168,0.45030567,0.47960156,0.53064483,0.58882135,0.83162117,0.50340104,0.58830273,0.77998614,0.49117965,0.71182966,0.77063155,0.4727165,0.70689553,0.78691,0.49780697,0.8591876,0.8865886,0.47741503,0.8404979,0.889421
841,16,0.47017673,0.3766323,0.7057146,0.5133831,0.42231885,0.53064317,0.47753435,0.43226305,0.6166758,0.47404867,0.5141269,0.6140393,0.47275776,0.51349896,0.6528607,0.46924743,0.44293982,0.45473588,0.46951026,0.44342628,0.6666405,0.52950084,0.58315825,0.79707485,0.50135493,0.5839803,0.75594306,0.4937688,0.7097613,0.85089463,0.47465593,0.7067176,0.7988781,0.4967809,0.85395443,0.6707689,0.47779056,0.83706486,0.7375115
842,16,0.47129524,0.36904174,0.73304445,0.51214546,0.41582462,0.8192954,0.47765723,0.42654616,0.76723504,0.47549197,0.5086291,0.5030706,0.47157374,0.50662047,0.76500964,0.47022164,0.43523434,0.3767236,0.47039875,0.436062,0.56752074,0.52751344,0.57795995,0.8011908,0.49988028,0.5787271,0.7617029,0.49432477,0.7068044,0.88112074,0.47537306,0.70509076,0.77427566,0.4974325,0.8580479,0.8456814,0.47896042,0.84123355,0.8747401
843,16,0.4715355,0.36537308,0.71995306,0.51349866,0.41149879,0.68767345,0.47773355,0.4225496,0.65542984,0.47434247,0.50122106,0.5606196,0.47256857,0.5035242,0.603789,0.47051653,0.4305662,0.49341518,0.470401,0.43156654,0.5838968,0.52643204,0.57689756,0.79394,0.49857408,0.57726955,0.7612597,0.49744353,0.70491844,0.7321304,0.47736162,0.7020332,0.82291675,0.49881357,0.853209,0.8769305,0.47805378,0.8395787,0.68619764
844,16,0.47242358,0.3610228,0.66783893,0.51382095,0.40330377,0.7570106,0.4775716,0.4161374,0.55637497,0.472045,0.49372184,0.49954432,0.47154915,0.49647188,0.74923325,0.4734741,0.42885345,0.540663,0.47379762,0.4245946,0.45116493,0.5256707,0.5709084,0.72177494,0.49652022,0.5710849,0.73236865,0.4972178,0.7062873,0.8079163,0.47731504,0.7042652,0.72239894,0.49735,0.85509425,0.72472334,0.48026514,0.83937883,0.8160164
845,16,0.4736257,0.35611042,0.72391075,0.5138492,0.40010995,0.80044836,0.47709674,0.41736254,0.8565757,0.47191754,0.4915317,0.59926456,0.47117335,0.49284825,0.81438947,0.47204578,0.42303637,0.5971121,0.47200456,0.4236732,0.52568585,0.52360696,0.568672,0.8159052,0.49489322,0.5686267,0.8204381,0.49735603,0.7046025,0.881697,0.47828606,0.70306075,0.8354725,0.49979565,0.855188,0.86138195,0.48081955,0.83786666,0.8701074
846,16,0.47308147,0.3559212,0.6130607,0.5147668,0.39842993,0.8006981,0.4770776,0.4130693,0.8214451,0.4700145,0.48780754,0.5187873,0.4705068,0.48990715,0.7972729,0.47233048,0.4211701,0.55078024,0.47262955,0.42194083,0.46810207,0.52356875,0.56902784,0.7539613,0.49435633,0.568455,0.8252399,0.5000258,0.7019443,0.7730959,0.4793042,0.70051867,0.65301526,0.49939957,0.8528594,0.71223253,0.4801679,0.8347194,0.8107103
847,16,0.474117,0.35446334,0.64608204,0.5152868,0.3980882,0.74392676,0.47695434,0.4099013,0.8200519,0.47019166,0.48795962,0.53981364,0.46999633,0.48858076,0.76475716,0.47291145,0.41774523,0.558888,0.47348017,0.41831157,0.3967225,0.52215415,0.5651859,0.75870264,0.49327895,0.56458884,0.76999557,0.50009507,0.7023674,0.79051214,0.47909418,0.70025134,0.68864894,0.4983488,0.8546965,0.68412304,0.47913772,0.8347723,0.7607951
848,16,0.47525206,0.3555222,0.80944955,0.5144121,0.39757952,0.6152659,0.47951788,0.4091928,0.6830321,0.47145727,0.4868134,0.4967813,0.47033113,0.48828813,0.7405321,0.4722869,0.42069107,0.5361829,0.4727353,0.4239347,0.4471105,0.5207446,0.5668086,0.8106995,0.49173212,0.5654149,0.8194181,0.4992309,0.70227605,0.9224791,0.47877422,0.7009804,0.83341324,0.4994215,0.8528872,0.7830883,0.47966334,0.83839834,0.8164821
849,16,0.47459987,0.3532298,0.7269492,0.5148227,0.39838642,0.8149909,0.47920546,0.4111547,0.81016517,0.47231397,0.4868848,0.4603042,0.4695555,0.48842525,0.6643613,0.47222397,0.42471555,0.59639096,0.4711375,0.42697608,0.4865677,0.52069175,0.56653297,0.82752377,0.49145648,0.56550765,0.77222484,0.49862257,0.70144486,0.8560576,0.47864234,0.6991671,0.84929913,0.49863625,0.85143006,0.81527996,0.4774768,0.83709455,0.79624337
850,17,0.4764789,0.35468858,0.64584625,0.5150716,0.39889988,0.6309775,0.4790146,0.41174006,0.8397777,0.47081882,0.4855189,0.39519072,0.46941057,0.48990864,0.7635133,0.47230422,0.42477328,0.5624095,0.47107765,0.4270205,0.49851722,0.5210795,0.5675823,0.8654572,0.49129313,0.5673092,0.8065492,0.4972531,0.7038786,0.82423085,0.4777275,0.702739,0.8491651,0.49764842,0.85340863,0.80507225,0.47859904,0.8376745,0.8602599
851,17,0.47643214,0.35563242,0.5967684,0.5155937,0.4012581,0.8340003,0.47926325,0.412688,0.82377416,0.4740509,0.48461235,0.3121713,0.4695511,0.48920006,0.7263272,0.47297066,0.42447877,0.5586472,0.4711141,0.42693418,0.48237324,0.5203449,0.5679558,0.836252,0.49137828,0.56869066,0.7882586,0.49710873,0.70355904,0.7632528,0.47800764,0.7035975,0.6353732,0.4983414,0.85440755,0.78953385,0.47875962,0.838995,0.85196877
852,17,0.4762998,0.35677618,0.68197715,0.5155622,0.40128982,0.65031147,0.47922862,0.41398796,0.83426744,0.4728379,0.48938283,0.49730444,0.46991232,0.49050802,0.74435306,0.47343907,0.42450026,0.6066753,0.4717558,0.42588922,0.49533552,0.52083576,0.570953,0.8674122,0.4914985,0.5710623,0.79532033,0.49588993,0.70625,0.83023345,0.47633922,0.7055689,0.7451179,0.49834388,0.8530053,0.78624666,0.47841647,0.8392577,0.8662914
853,17,0.4768043,0.3566244,0.66976076,0.516674,0.4031475,0.8396699,0.47859156,0.415515,0.834202,0.47307092,0.49346754,0.46861655,0.47014993,0.49424934,0.7495225,0.47312772,0.4260237,0.6285706,0.47153088,0.42461863,0.46021408,0.5219767,0.56944436,0.8416146,0.49174798,0.56961423,0.7955838,0.49446452,0.7066178,0.7209768,0.47477296,0.7019159,0.8437802,0.49802825,0.85597056,0.7853365,0.47794852,0.8373726,0.7802657
854,17,0.47558823,0.3598848,0.80854696,0.51559657,0.40411755,0.76183707,0.47904453,0.41772652,0.7471963,0.472447,0.49091244,0.50702965,0.4710953,0.49454424,0.7850908,0.4720302,0.42400908,0.53125304,0.47154787,0.42641196,0.40587926,0.52235836,0.573672,0.89328086,0.49238333,0.5737984,0.73347694,0.4917322,0.7047101,0.76132286,0.47471073,0.7050006,0.7798201,0.49902412,0.8535923,0.7765461,0.47944003,0.8384676,0.8402251
855,17,0.47655395,0.36108425,0.77304405,0.51593226,0.4068389,0.83098996,0.4788531,0.42129776,0.825125,0.473337,0.49823508,0.5044651,0.47106332,0.49984595,0.8232336,0.47204712,0.4298145,0.55258626,0.4719448,0.43104208,0.4308171,0.52320254,0.57389104,0.87211895,0.4936749,0.57446396,0.8174539,0.49111354,0.70520043,0.7831034,0.47369388,0.7063422,0.78893113,0.4992286,0.85541123,0.74511683,0.47921765,0.83914024,0.80688643
856,17,0.47531694,0.3651976,0.80343056,0.5154645,0.4109418,0.597757,0.4786676,0.42444372,0.8166828,0.47354966,0.5009824,0.4922596,0.47030365,0.5039355,0.80674523,0.4724713,0.433013,0.5717912,0.47315863,0.4278274,0.40809786,0.52416503,0.5765511,0.89479893,0.49512482,0.5762156,0.8360219,0.49068826,0.70787865,0.7745353,0.4726865,0.70383185,0.77829164,0.49782544,0.85717875,0.669995,0.47952297,0.83606863,0.7935042
857,17,0.47523034,0.36872068,0.71889037,0.51517594,0.41461763,0.7121879,0.47701758,0.42668995,0.77028626,0.4735066,0.50532913,0.4673306,0.47177055,0.5076121,0.7967955,0.473179,0.4332072,0.59150857,0.47336718,0.43376738,0.49279392,0.52628845,0.579769,0.895263,0.49559492,0.5793352,0.83816224,0.49016994,0.70860285,0.9026765,0.47230226,0.70491105,0.83965987,0.49839002,0.8556609,0.8406386,0.4797877,0.8378973,0.9033592
858,17,0.4742113,0.3724266,0.6942694,0.5139793,0.4186692,0.71049863,0.4769985,0.4326762,0.8570096,0.4735918,0.5117307,0.650477,0.47449005,0.5079104,0.6632287,0.47321203,0.43703622,0.6615554,0.4731797,0.43775266,0.50193304,0.52752274,0.5827368,0.89500415,0.4967721,0.582698,0.7750871,0.49220657,0.7104167,0.799579,0.47099373,0.70613706,0.6674663,0.49726096,0.8563071,0.7977228,0.47961745,0.83894444,0.69450325
859,17,0.4742976,0.37829703,0.7674693,0.51481557,0.421613,0.8411979,0.47823554,0.43647212,0.8251783,0.4737538,0.5172636,0.6227552,0.47343853,0.5162506,0.8216696,0.4741923,0.44353187,0.5147637,0.4729311,0.44026873,0.5116027,0.52864546,0.5863195,0.90078604,0.498747,0.5860882,0.76294863,0.4915172,0.71147203,0.83141863,0.46986315,0.708404,0.8357474,0.49729756,0.85681474,0.71221864,0.47952595,0.8398195,0.80403847
860,17,0.47362444,0.38467273,0.5885044,0.51459867,0.42909595,0.81676555,0.47897205,0.4428485,0.7922282,0.47480124,0.52326524,0.6248353,0.47386703,0.5220023,0.7388066,0.47290578,0.4488453,0.53251624,0.4733367,0.44402322,0.60319793,0.529977,0.5912815,0.82324475,0.500193,0.5919212,0.7860586,0.48739615,0.71229047,0.8514415,0.4685214,0.7078912,0.7598478,0.49713033,0.85584295,0.8869675,0.47838846,0.8394796,0.8543277
861,17,0.47387478,0.39030176,0.8168722,0.5166237,0.43663317,0.74937654,0.48032779,0.44674188,0.7337459,0.4766316,0.5294714,0.6571796,0.47377118,0.52582604,0.72749203,0.47268385,0.4555253,0.57835203,0.47273424,0.45687556,0.65610814,0.5316705,0.5968472,0.8920261,0.5024901,0.59639114,0.82937,0.48520407,0.71171635,0.81499416,0.4672746,0.7101931,0.73139626,0.49803033,0.85661215,0.85987073,0.47865352,0.83679247,0.77247214
862,17,0.4735068,0.39719164,0.71584797,0.5154607,0.44264865,0.81685406,0.48244807,0.4522265,0.65846676,0.47686777,0.53667086,0.5425278,0.4746098,0.53244394,0.71316177,0.47222704,0.46164092,0.5839612,0.47222883,0.46262607,0.6423926,0.5326478,0.602153,0.7396494,0.5046751,0.6006024,0.7918735,0.48452696,0.7104345,0.8226982,0.4684009,0.7106,0.77030843,0.4970275,0.85823286,0.7868758,0.4770696,0.8399431,0.9066292
863,17,0.47309303,0.4051934,0.8126988,0.5149432,0.45472556,0.5790991,0.48362434,0.46084306,0.5678256,0.47683153,0.5421751,0.6726201,0.47816843,0.5359485,0.53834575,0.47211844,0.46898,0.6643047,0.47248158,0.47019657,0.52736855,0.5345505,0.60515684,0.7035829,0.5069438,0.60312885,0.8145895,0.48615995,0.71345186,0.81070745,0.46751493,0.71027875,0.83881044,0.499111,0.8572495,0.8913419,0.47692394,0.8359997,0.6107254
864,17,0.47377256,0.413095,0.6750172,0.51577246,0.46507815,0.82036144,0.48515043,0.46904907,0.48810795,0.47809875,0.5528525,0.6770348,0.4787145,0.54301757,0.53400004,0.47456443,0.47214228,0.57456833,0.47305197,0.47726193,0.43873212,0.5357191,0.6115362,0.7092696,0.5069998,0.61136407,0.8311204,0.48553085,0.7143141,0.796219,0.46682677,0.7110174,0.81710976,0.49816456,0.85704315,0.7711572,0.47663835,0.84075195,0.86282265
865,17,0.47246343,0.42208302,0.8484006,0.5161378,0.4711838,0.75392336,0.48424464,0.4774166,0.682118,0.4786429,0.5607266,0.64780015,0.47904962,0.5534364,0.5856418,0.47313377,0.48125055,0.67499596,0.47308505,0.48696187,0.40422043,0.5378302,0.61821854,0.5860913,0.50859064,0.61663246,0.83244765,0.48524582,0.7157193,0.8887813,0.46720183,0.7118441,0.8813317,0.49729013,0.858192,0.69648856,0.47721276,0.8392459,0.7735758
866,17,0.47281417,0.42740557,0.62667537,0.5153097,0.47855157,0.89104366,0.48358497,0.48601753,0.77194005,0.4796299,0.5680212,0.6925479,0.47845706,0.56081265,0.684661,0.47348353,0.49437973,0.71628094,0.47306526,0.49533975,0.24437813,0.53928936,0.62194383,0.7032856,0.5092875,0.6213123,0.82642555,0.4861724,0.7167624,0.8771231,0.46715352,0.7143233,0.6873516,0.49796212,0.85664445,0.8908764,0.47750682,0.8391788,0.7070963
867,17,0.47419852,0.43503496,0.55609477,0.51594174,0.4860963,0.89122355,0.48546007,0.494389,0.76441693,0.48135936,0.57510775,0.6885392,0.4810311,0.5689354,0.49278182,0.4753932,0.500487,0.6406508,0.47513837,0.5016665,0.20570959,0.5395766,0.6283852,0.6385681,0.5102126,0.6284381,0.7910379,0.48646492,0.7178035,0.78974485,0.4677072,0.71348476,0.8060149,0.49728078,0.8577055,0.6853146,0.47870597,0.83849686,0.80607945
868,17,0.47448152,0.44354972,0.8527464,0.5174006,0.49012348,0.8506809,0.48226357,0.50007963,0.7493462,0.48280722,0.5826242,0.71563065,0.48104015,0.5766261,0.65062785,0.47490948,0.5087723,0.658804,0.4747751,0.5138107,0.34277064,0.54020077,0.63267326,0.5540789,0.51250994,0.6336637,0.7835058,0.48635516,0.7160733,0.50619537,0.46803153,0.7125036,0.86444044,0.49746668,0.8587759,0.70453495,0.47869492,0.842164,0.79393667
869,17,0.4759261,0.450874,0.81439406,0.5187476,0.4983872,0.6768555,0.48382798,0.50655174,0.74269676,0.48427352,0.5884536,0.69782835,0.48310414,0.5823675,0.6121317,0.4759787,0.5154402,0.6666131,0.47653857,0.52037907,0.32160112,0.54418194,0.63620096,0.77869,0.5155534,0.6385716,0.7423545,0.48776522,0.71859956,0.74607635,0.46824524,0.71274626,0.79317063,0.49745312,0.8604574,0.81267506,0.4777302,0.8396972,0.71873385
870,17,0.47625217,0.45889035,0.8278977,0.520024,0.5032249,0.7977464,0.4829906,0.5121885,0.697378,0.48586667,0.5949211,0.68411326,0.4833428,0.5905019,0.633634,0.47736636,0.5248058,0.6496744,0.47686815,0.52599293,0.32830283,0.544627,0.6397154,0.7102096,0.51525253,0.64101136,0.7610974,0.48600435,0.71740043,0.7294893,0.46889922,0.71215546,0.8490598,0.49905425,0.86053807,0.89401495,0.4789122,0.8424336,0.8116403
871,17,0.4773768,0.4653557,0.79977053,0.52171206,0.5106326,0.8017591,0.48863575,0.5201756,0.7372969,0.48675838,0.60161954,0.70214146,0.486067,0.5952877,0.5240337,0.47997588,0.53119653,0.61839974,0.4796834,0.5325083,0.27937943,0.5476409,0.64975846,0.79200107,0.51799136,0.6497484,0.66456103,0.48617798,0.718697,0.6794899,0.4692295,0.71264386,0.89399666,0.4995462,0.8610375,0.887338,0.47825855,0.8408887,0.81148267
872,17,0.4796525,0.47244734,0.82456034,0.522962,0.5139967,0.73114836,0.48578992,0.5235253,0.7534663,0.48903382,0.60547745,0.6310422,0.4850254,0.600269,0.5838645,0.4816422,0.53836817,0.5974058,0.47927698,0.53567404,0.55997205,0.5459228,0.64924824,0.7607636,0.5163288,0.65144753,0.66665304,0.48327458,0.7161765,0.7400962,0.46783552,0.7135376,0.90965945,0.49807262,0.86292374,0.7468874,0.47637346,0.8426249,0.9047439
873,17,0.48146483,0.4768384,0.7613787,0.52416575,0.5206656,0.8607873,0.49120134,0.5294829,0.71358174,0.4908585,0.61142486,0.7340039,0.4892554,0.60484946,0.53728485,0.48268744,0.5399883,0.6584955,0.4824394,0.5409693,0.34152153,0.54658836,0.6572213,0.5563825,0.5197953,0.6560623,0.70894855,0.48702085,0.7185927,0.6532106,0.4687748,0.71166104,0.6651203,0.49868208,0.8626192,0.8132917,0.47803202,0.8420853,0.8929413
874,17,0.4840999,0.48151827,0.7826526,0.5269381,0.525607,0.8421413,0.49204633,0.53653115,0.707789,0.4928317,0.61387724,0.75704116,0.49040842,0.60754883,0.5313342,0.4855122,0.544067,0.5740645,0.48559162,0.5483316,0.48061085,0.5468769,0.6593355,0.7197564,0.52072823,0.6601145,0.7638621,0.48612347,0.71961546,0.6612874,0.4695842,0.71188515,0.9453753,0.49703634,0.8589316,0.88570356,0.4768182,0.8425734,0.73264784
875,17,0.48683947,0.4867192,0.84048325,0.52893573,0.5285102,0.7046537,0.49280253,0.53806,0.7831241,0.4965177,0.6160025,0.7134493,0.49141797,0.6124035,0.65576875,0.48986733,0.55057395,0.46297592,0.48869637,0.5512018,0.62305945,0.5469417,0.6631863,0.75325,0.52152735,0.6619756,0.78477407,0.48642704,0.7168681,0.7256355,0.46983072,0.7096484,0.8990648,0.49633798,0.85971445,0.82192093,0.47705048,0.84199613,0.8632629
876,17,0.48989868,0.48834053,0.69967103,0.53171307,0.53290665,0.9115085,0.49657446,0.5413929,0.79658943,0.49839798,0.61850196,0.77075505,0.49419585,0.61638147,0.64754623,0.49213302,0.550045,0.5650045,0.49056715,0.55070835,0.52529514,0.5483678,0.6679528,0.88218385,0.5224832,0.6660015,0.7575705,0.48628142,0.71637803,0.6446606,0.47067726,0.7090599,0.9508809,0.49691683,0.86120266,0.8431839,0.4769659,0.8405652,0.7482794
877,17,0.49281666,0.48948455,0.81619155,0.534149,0.5324501,0.8498563,0.499999,0.54263926,0.8189159,0.5015306,0.6175832,0.63416255,0.495937,0.61522514,0.80596066,0.49546275,0.5527243,0.604658,0.4930195,0.5521871,0.60178,0.54835194,0.66896695,0.7073727,0.52462566,0.6669421,0.6807513,0.4881638,0.71568716,0.72882867,0.47157604,0.7059037,0.9204637,0.49816695,0.85867953,0.89942396,0.4780018,0.8390442,0.777077
878,17,0.49451578,0.4892761,0.7971189,0.5369059,0.53155094,0.79170394,0.5038016,0.5418805,0.6884471,0.5039394,0.6184821,0.7792042,0.49984124,0.6157708,0.7526221,0.49653193,0.5529632,0.5105134,0.49722525,0.5519126,0.49065673,0.5507222,0.66912866,0.66368026,0.52736115,0.66660154,0.7889894,0.49241182,0.7124973,0.7845491,0.47214025,0.7022264,0.8537242,0.49766353,0.8592667,0.7416601,0.4770374,0.8372883,0.6850781
879,17,0.4967777,0.48788977,0.7949642,0.53891337,0.52944964,0.7750999,0.50854933,0.5406807,0.74145603,0.50643325,0.6178668,0.80009913,0.50364757,0.6153973,0.5340222,0.49922094,0.5529466,0.59940135,0.49988812,0.55271757,0.42199394,0.5528888,0.6680593,0.64340156,0.52943045,0.6642214,0.77216935,0.4943288,0.7116202,0.7149068,0.47410965,0.70130515,0.8347703,0.49895376,0.85918415,0.9130682,0.47845992,0.8355561,0.81738627
880,17,0.49903485,0.48610404,0.78128517,0.5404218,0.52714866,0.8003651,0.510627,0.5388344,0.7702869,0.50978833,0.61606497,0.6397067,0.506569,0.61400515,0.58775073,0.50205666,0.5501929,0.47539175,0.50058776,0.5495816,0.5263868,0.5521147,0.66949946,0.81999093,0.5288122,0.6647571,0.7563704,0.49411005,0.7104433,0.77023023,0.47419223,0.69905037,0.85221505,0.49852735,0.86045873,0.79194075,0.47805014,0.83601433,0.79980826
881,17,0.5010396,0.48549947,0.76660234,0.5424671,0.52491254,0.82726264,0.51346385,0.5342842,0.68505114,0.51152784,0.61535794,0.77352184,0.50822455,0.60901207,0.4636097,0.50713676,0.54859346,0.3899805,0.5045936,0.5474084,0.54473567,0.5526619,0.66774696,0.7426153,0.5308664,0.66258204,0.7509149,0.49606082,0.71142155,0.8580506,0.47578588,0.69732416,0.87697107,0.4993802,0.8577127,0.8566865,0.47777912,0.8357137,0.63240117
882,17,0.5040277,0.4833785,0.6213577,0.5451032,0.5225585,0.8464319,0.5143108,0.5321239,0.7448402,0.51251584,0.612317,0.75874364,0.5093524,0.60777074,0.67892027,0.50860786,0.5461924,0.4490853,0.50734156,0.5436956,0.49341428,0.55518305,0.66651917,0.71582687,0.532418,0.6619267,0.7795579,0.49525172,0.7089729,0.6679882,0.4757347,0.6954503,0.8709635,0.49904746,0.85934573,0.7660774,0.47794214,0.83458966,0.6696982
883,17,0.5068592,0.48184752,0.77664137,0.5473814,0.52172226,0.8495536,0.51640695,0.53111845,0.74862534,0.51285505,0.6094976,0.6673332,0.51036036,0.6054331,0.66807294,0.50975144,0.54303753,0.5435551,0.50909126,0.5432778,0.5128325,0.5556373,0.6669331,0.8062763,0.53266615,0.6625117,0.7921657,0.4954443,0.7105229,0.6848488,0.4754172,0.6975573,0.819815,0.4993326,0.85782063,0.91811454,0.47821525,0.83511573,0.6613032
884,17,0.5088137,0.48212212,0.8612878,0.55052465,0.5232432,0.7784725,0.51672983,0.5301425,0.74571127,0.5135028,0.6068611,0.6122441,0.5104592,0.6053213,0.7364161,0.5120427,0.53935975,0.5484315,0.51180995,0.53987634,0.5056113,0.5567884,0.6662619,0.7618759,0.53365594,0.66205984,0.7930538,0.4958087,0.7106823,0.6497561,0.475738,0.69816387,0.82416433,0.49873316,0.857597,0.76436526,0.4780787,0.83529156,0.75860816
885,17,0.5129874,0.4810375,0.69147897,0.5522522,0.5225759,0.873583,0.51956004,0.5286152,0.7051761,0.5138313,0.60464,0.60244775,0.51148516,0.6036323,0.6914503,0.5146655,0.53520226,0.576883,0.51428056,0.5353959,0.4151969,0.55913156,0.66934156,0.911652,0.5346211,0.6638624,0.8310259,0.4977298,0.7095157,0.80037355,0.4766342,0.6954123,0.8785283,0.4991594,0.8568807,0.84356934,0.47740954,0.8346468,0.8743663
886,17,0.5155387,0.48104733,0.84857446,0.55373013,0.5231658,0.87002933,0.5238379,0.5294704,0.65482944,0.5151598,0.6052662,0.71886194,0.5126976,0.60354525,0.6923123,0.51577806,0.53814423,0.68667036,0.515453,0.5378271,0.51311713,0.5590618,0.6668347,0.88652414,0.53626573,0.66283774,0.82899076,0.49555472,0.71002185,0.79935724,0.4769594,0.6950082,0.7425819,0.49803337,0.85890085,0.7854758,0.4781452,0.83483887,0.7823729
887,17,0.5180438,0.48121333,0.7105259,0.5559734,0.52433646,0.8887731,0.52607465,0.5300042,0.67472386,0.515702,0.60478276,0.72225714,0.51367855,0.6026886,0.6308313,0.5174315,0.5382425,0.6960802,0.5174939,0.5381835,0.5132894,0.559678,0.6673759,0.8251555,0.53586644,0.6635061,0.8480599,0.4950217,0.70878613,0.5946598,0.47449848,0.69508773,0.71126395,0.49894068,0.8578321,0.92377377,0.47782376,0.83269256,0.75238466
888,17,0.5212898,0.48007178,0.8301903,0.55911976,0.52194816,0.74612623,0.5306909,0.53279126,0.68973666,0.5169239,0.60253453,0.6293613,0.5163218,0.5985011,0.53703296,0.5202813,0.53425235,0.7412787,0.520602,0.5342805,0.3992147,0.55972826,0.6672986,0.84596145,0.5358404,0.6631562,0.86234033,0.49400792,0.71006525,0.6011447,0.47353888,0.6959098,0.73258156,0.49887672,0.8576521,0.91888684,0.47758034,0.8353684,0.6511079
889,17,0.52225864,0.48055917,0.836664,0.55911994,0.52275294,0.55383235,0.5298678,0.5302404,0.7612857,0.5178292,0.60250336,0.6214077,0.5160909,0.6009301,0.54942995,0.52140087,0.5319618,0.5938148,0.52086204,0.53436834,0.42067304,0.55933124,0.6676154,0.8505879,0.53595406,0.66387886,0.85311437,0.49417683,0.7096907,0.59747636,0.47370306,0.6951865,0.7587418,0.4982451,0.85994965,0.9353489,0.4772685,0.83404005,0.78256154
890,17,0.52522314,0.4799894,0.8055555,0.5618942,0.5259975,0.8945968,0.53165764,0.5300655,0.78741854,0.51912737,0.59895825,0.6020244,0.5171347,0.5977669,0.61468744,0.52195305,0.53550106,0.7068444,0.5213527,0.534445,0.5186178,0.558579,0.66760933,0.90616524,0.53577656,0.66383296,0.8632457,0.49574414,0.7093474,0.8904107,0.4729512,0.69563216,0.7600649,0.4981898,0.85975975,0.92847383,0.47715527,0.83433664,0.77620125
891,17,0.52734125,0.47889766,0.87997127,0.5634522,0.52449083,0.6944638,0.5312153,0.53031105,0.88877785,0.52161527,0.5924306,0.4973731,0.51612437,0.59645545,0.7907594,0.5233542,0.53443176,0.63595355,0.5228339,0.53372175,0.52710646,0.5575248,0.66338766,0.8814046,0.5337786,0.66068244,0.88641,0.49253115,0.7071204,0.6916476,0.4727914,0.69476545,0.70702183,0.4987672,0.8564109,0.92290217,0.4760427,0.8338939,0.66739535
892,17,0.53055316,0.47812438,0.8257006,0.56457263,0.52688706,0.8030652,0.53421307,0.5314313,0.8007168,0.5218637,0.59413,0.5310057,0.51854074,0.59375924,0.69311345,0.5235717,0.5329334,0.5884141,0.52323604,0.53241557,0.50187445,0.5561187,0.66115636,0.8202422,0.5339731,0.6577403,0.83711475,0.4952451,0.7043371,0.81598157,0.4749118,0.6908272,0.8398703,0.49790967,0.8553816,0.76564634,0.47694322,0.8319188,0.70733035
893,17,0.53287655,0.4789377,0.5533101,0.5639267,0.5279792,0.76941574,0.53568816,0.53074044,0.6431389,0.5213822,0.59427416,0.49444127,0.51881164,0.59385407,0.5027839,0.5262826,0.53155464,0.447081,0.5248509,0.53112763,0.45646095,0.55623055,0.66203475,0.6175479,0.532214,0.65840995,0.7557665,0.4926241,0.7087711,0.4905637,0.47460505,0.6952684,0.5030283,0.4984356,0.85507786,0.88683486,0.47640532,0.83340836,0.8967163
894,17,0.53463966,0.47678047,0.70205027,0.5659498,0.52655125,0.6444629,0.5379461,0.529252,0.70946336,0.52179056,0.5898531,0.45957726,0.51935834,0.59273386,0.449021,0.52781796,0.5309312,0.34911993,0.5263754,0.53001785,0.4260376,0.5574487,0.66418767,0.76306254,0.5329073,0.657971,0.65430987,0.49379,0.7080883,0.51115555,0.47416952,0.6949367,0.72627604,0.49792907,0.8536905,0.75347596,0.47650215,0.83441967,0.8622897
895,17,0.53647166,0.47745696,0.44283053,0.567231,0.525471,0.7229866,0.53692496,0.5313477,0.8343372,0.5225977,0.58973867,0.59076864,0.52039796,0.5928712,0.6019474,0.52830994,0.5314799,0.4198335,0.5283415,0.53015894,0.46688274,0.5575664,0.65976334,0.81510055,0.5339717,0.6558124,0.82695764,0.49541023,0.70666504,0.81752896,0.4747963,0.69213086,0.821322,0.4980883,0.8515813,0.7942091,0.47670206,0.83119756,0.9078002
896,17,0.5373619,0.47679985,0.5833692,0.5698579,0.52537096,0.69770145,0.53651375,0.5302304,0.85846543,0.5233707,0.58950037,0.5714132,0.5206209,0.5917003,0.7895381,0.52890426,0.5310645,0.4980018,0.528835,0.52975136,0.50642663,0.5581666,0.6614478,0.9224582,0.5334708,0.65623915,0.8735415,0.4923021,0.70901996,0.7703409,0.47411352,0.6963406,0.6976552,0.49821,0.85384816,0.89793617,0.47675392,0.8312416,0.81704026
897,17,0.5381925,0.47658584,0.55281186,0.56938374,0.52879155,0.82118356,0.5382498,0.53052396,0.76096046,0.5234676,0.5882358,0.5141297,0.5209242,0.5915066,0.57230353,0.52951753,0.5314459,0.44753376,0.5292938,0.5300191,0.40423274,0.5577554,0.6646958,0.84367424,0.5327736,0.658443,0.7918632,0.49327958,0.71008855,0.5556958,0.47445387,0.6961738,0.77887905,0.4981963,0.85522914,0.8959676,0.47692645,0.83270794,0.91427964
898,17,0.53952396,0.47799367,0.78634065,0.57140946,0.52652484,0.7408546,0.5393124,0.5284421,0.8105198,0.524832,0.586786,0.5823854,0.5213413,0.5902078,0.6334059,0.5317062,0.5297371,0.5322333,0.53109604,0.52829885,0.47962174,0.5587312,0.6598728,0.7784522,0.5340489,0.6560607,0.84404004,0.49483344,0.7083464,0.7744039,0.47430247,0.69363576,0.80109394,0.49811202,0.85484314,0.83145267,0.4767876,0.8321068,0.86969066
899,17,0.54042786,0.47798586,0.7313554,0.572241,0.5261703,0.8049967,0.5392074,0.5301091,0.8729086,0.5257133,0.5853241,0.4334498,0.52168167,0.5900557,0.6739514,0.5325607,0.53007644,0.5759469,0.5317046,0.52946013,0.48561436,0.5577619,0.6616692,0.81788874,0.5335781,0.6576006,0.8580068,0.4923701,0.7098036,0.76156867,0.47459725,0.6959123,0.84319115,0.49784338,0.8554474,0.8283008,0.4771538,0.8321658,0.9192419
900,18,0.5414411,0.4785747,0.4558299,0.5731791,0.5277526,0.69655025,0.53996,0.52920157,0.7211531,0.52627975,0.58666927,0.50351727,0.5232665,0.58799833,0.5860434,0.5335678,0.5293587,0.44484904,0.5329885,0.5278333,0.34884432,0.5577301,0.66329265,0.8436374,0.53339255,0.6567852,0.75197583,0.49351427,0.7109135,0.65641433,0.47494045,0.69639,0.79575765,0.49817738,0.8547986,0.75677115,0.4766612,0.8328192,0.91213566
901,18,0.5423315,0.4789404,0.6274729,0.5733559,0.52839166,0.5876876,0.54078776,0.529947,0.7927058,0.5263101,0.58313316,0.5961132,0.52334136,0.58772105,0.5634337,0.53429204,0.5289005,0.41528141,0.53291667,0.52726996,0.38524747,0.5581018,0.6615655,0.82055414,0.53329045,0.6555425,0.7333461,0.49321017,0.71058697,0.71530044,0.47460434,0.695632,0.81140476,0.49836507,0.85461795,0.74575853,0.47694054,0.8330184,0.9079973
902,18,0.5436118,0.47836342,0.72151953,0.57215947,0.5286335,0.76874965,0.5410469,0.528858,0.74414206,0.5270464,0.58217895,0.5216295,0.523225,0.5872654,0.5460289,0.53459376,0.5288734,0.4453457,0.53361994,0.52674484,0.3607942,0.5572991,0.66279286,0.79595435,0.53256917,0.6564399,0.6854442,0.4934715,0.711797,0.59412825,0.47518674,0.69734573,0.73135114,0.4984016,0.8581171,0.66618556,0.4768294,0.83102137,0.91358805
903,18,0.5439516,0.47855824,0.71834046,0.57301235,0.52894205,0.8067889,0.54165006,0.5297844,0.783713,0.52721053,0.58236,0.54080975,0.5236882,0.58771724,0.57818425,0.53471696,0.5328578,0.44393942,0.5334567,0.5311721,0.35017383,0.55865663,0.6628071,0.79768705,0.5329952,0.6565406,0.7322411,0.49399763,0.7115013,0.72244966,0.47491723,0.6967463,0.79172933,0.4983219,0.85479206,0.8907239,0.47648832,0.83290595,0.9140499
904,18,0.54471153,0.47896355,0.7260694,0.5738152,0.5283466,0.80313796,0.5410413,0.52753794,0.6785932,0.52835387,0.58149356,0.5309005,0.52327126,0.5868209,0.60072136,0.5349386,0.5296922,0.4334788,0.52947295,0.5604548,0.12124077,0.558275,0.66310084,0.66228163,0.5325006,0.65789455,0.73254526,0.49371597,0.7131601,0.625256,0.47509444,0.6972224,0.7804023,0.49801606,0.8572548,0.78458714,0.4764148,0.83311915,0.7083683
905,18,0.5452893,0.4787278,0.4746205,0.5744506,0.530336,0.81190234,0.5419393,0.53145605,0.7298358,0.52985775,0.580418,0.42717186,0.5242981,0.5868505,0.5861096,0.5358131,0.5304391,0.43138012,0.5341939,0.5293076,0.34585127,0.55824333,0.66258967,0.77895117,0.5333463,0.6564963,0.6884903,0.49343795,0.7113215,0.61277884,0.47456664,0.6979838,0.7391564,0.49855784,0.8568321,0.8924057,0.47668839,0.8344951,0.88959885
906,18,0.5455942,0.47855383,0.6113074,0.57565385,0.53006464,0.68783295,0.5421419,0.52902275,0.72364336,0.52906895,0.5817942,0.5299008,0.5240428,0.5852806,0.5431238,0.5367162,0.529937,0.39134791,0.5310687,0.5610859,0.10801195,0.55863285,0.6664282,0.68846494,0.53237617,0.65976655,0.49180412,0.4957489,0.71272147,0.72437984,0.4745356,0.6992931,0.65010506,0.4980338,0.85820323,0.6932805,0.47711697,0.8333923,0.78170663
907,18,0.54539907,0.47950283,0.49588197,0.5757998,0.5288032,0.79825866,0.5420149,0.53079414,0.8336831,0.52965856,0.5791559,0.53617775,0.52394843,0.5870618,0.7312856,0.5359736,0.5307258,0.5377999,0.53135955,0.55813646,0.15310133,0.56000507,0.66106904,0.77149683,0.53462565,0.6575374,0.847063,0.49501398,0.70957243,0.850494,0.4746488,0.69601524,0.6829499,0.49835864,0.85501117,0.91030574,0.47713688,0.83424973,0.90771526
908,18,0.5459765,0.47904956,0.7854215,0.57664555,0.5273427,0.82360655,0.5417786,0.53048056,0.80640066,0.5295711,0.581944,0.6302917,0.5238655,0.58540535,0.78418964,0.53706664,0.5273875,0.59529084,0.5352437,0.5256277,0.3327245,0.55921036,0.6658797,0.8592917,0.5325801,0.660253,0.6699896,0.493652,0.710513,0.658566,0.47388262,0.69880766,0.72425324,0.4977302,0.8579854,0.86050725,0.47707716,0.83181053,0.9029802
909,18,0.54584223,0.47928593,0.63669187,0.57684445,0.52977824,0.82721555,0.540304,0.52921754,0.83932585,0.5297426,0.5802664,0.5318932,0.5246491,0.587863,0.7518905,0.535611,0.530483,0.5011625,0.53201765,0.5581703,0.14367352,0.55891216,0.6613288,0.8084502,0.5337121,0.65574807,0.7263032,0.49497706,0.7099181,0.8629559,0.47441334,0.6979295,0.6972752,0.49865863,0.8554268,0.9210443,0.47727177,0.8325663,0.8787125
910,18,0.5463789,0.47806278,0.4920994,0.5763933,0.5307735,0.76642466,0.5420015,0.53012514,0.76854,0.53161985,0.58105266,0.57091206,0.52452064,0.58607864,0.68840444,0.5356799,0.52974397,0.52689683,0.53042144,0.55851305,0.13378738,0.55819184,0.6630448,0.7665546,0.5331101,0.6583086,0.805199,0.49380887,0.7112072,0.6600511,0.4755736,0.6997222,0.7698478,0.497876,0.85812604,0.7464436,0.4771834,0.8322258,0.918054
911,18,0.5464908,0.47728667,0.5541999,0.57619154,0.5309728,0.70889056,0.541113,0.5286007,0.707756,0.5306986,0.5826934,0.568534,0.524676,0.5880276,0.6281971,0.53557116,0.5343354,0.3868586,0.5294811,0.56903046,0.1518714,0.55873245,0.66276187,0.80527765,0.5334806,0.65689516,0.74590015,0.49300823,0.7108907,0.7067466,0.47639674,0.6978339,0.786395,0.49849352,0.8563955,0.8264566,0.47759387,0.8322098,0.9203575
912,18,0.5462723,0.47757804,0.47463858,0.57553685,0.5331573,0.7660889,0.54152143,0.53007954,0.6804108,0.53160423,0.5810263,0.36809936,0.5248862,0.5875996,0.5569225,0.5356873,0.5322061,0.3769524,0.53077304,0.5656991,0.13821685,0.55863535,0.6649066,0.6286856,0.532133,0.6596197,0.6572343,0.493331,0.71180475,0.5727701,0.47597885,0.7005687,0.6573306,0.4986699,0.8562474,0.7876891,0.47743627,0.83269984,0.8980401
913,18,0.5462809,0.4768535,0.5607112,0.57443124,0.5305497,0.78490865,0.54192346,0.5303164,0.7513051,0.53012365,0.58316094,0.46270135,0.52445024,0.5883459,0.58512473,0.53494745,0.5342455,0.4193993,0.53328854,0.53230464,0.3524101,0.5588774,0.6620482,0.6838678,0.53356606,0.656965,0.6239274,0.49485242,0.7112173,0.6568503,0.47566795,0.69877875,0.7627227,0.49873826,0.8553149,0.7514808,0.47710794,0.8353436,0.87876326
914,18,0.5454256,0.478279,0.6581151,0.5739719,0.5309256,0.806,0.54174286,0.529093,0.70314145,0.52910066,0.5833437,0.5237365,0.5245487,0.5872008,0.54204327,0.5344772,0.52989376,0.46939063,0.53367263,0.5284081,0.29679966,0.5580515,0.6662784,0.7017667,0.5322563,0.6605795,0.6680277,0.4960225,0.71223813,0.727388,0.47541574,0.699943,0.6444565,0.49784905,0.8594756,0.89283806,0.47730866,0.8339261,0.81066376
915,18,0.54454964,0.47903058,0.65680236,0.5747945,0.52936745,0.8324662,0.5398882,0.53074265,0.7708513,0.52912366,0.5845661,0.629719,0.5244324,0.5882227,0.70351887,0.5344245,0.53174835,0.5499629,0.53313243,0.5300713,0.4143078,0.5599523,0.66047704,0.7102559,0.5342025,0.65568805,0.819486,0.4958395,0.70969176,0.8378618,0.47495812,0.6985081,0.64523894,0.49867326,0.85575426,0.89604133,0.47787777,0.8363461,0.8525277
916,18,0.5437895,0.47857383,0.7782007,0.57491904,0.52751225,0.86475295,0.54047215,0.5306725,0.8709327,0.52777684,0.5869232,0.5661988,0.5239747,0.58850217,0.71898127,0.53469694,0.52870286,0.6098233,0.53369915,0.5276146,0.48801443,0.55965084,0.6612858,0.78833807,0.53334564,0.65713793,0.8309741,0.49363074,0.71038187,0.64949256,0.47485942,0.6997179,0.72136575,0.4977746,0.8574327,0.92541623,0.47712544,0.8332547,0.8788989
917,18,0.54314524,0.479649,0.53881925,0.5723186,0.53178334,0.7492549,0.54047406,0.53056866,0.66827327,0.528001,0.5883967,0.4678085,0.5244944,0.58997965,0.5255819,0.53485966,0.52896434,0.41291526,0.5340766,0.5276211,0.3704144,0.5575106,0.66354614,0.6081231,0.5310046,0.6586499,0.5180382,0.49580583,0.7144806,0.61350155,0.4757621,0.7017786,0.56435657,0.49809188,0.85708565,0.7351891,0.47701406,0.83479697,0.784156
918,18,0.54208094,0.47795603,0.7494195,0.57215434,0.5317419,0.7875172,0.53957087,0.5318592,0.64414585,0.5279493,0.5901772,0.5516073,0.5243694,0.5902463,0.5491359,0.5338267,0.53092575,0.35356012,0.53181624,0.53000915,0.44252792,0.559309,0.6652597,0.73513407,0.53299016,0.65758747,0.63806695,0.49426284,0.71198195,0.625525,0.47555816,0.69930995,0.725261,0.4983945,0.8559245,0.8588246,0.47717616,0.8353148,0.911008
919,18,0.54099125,0.4797491,0.63362783,0.5725248,0.5332574,0.6243448,0.5415274,0.53164965,0.6645088,0.52618384,0.5910768,0.4826878,0.5235167,0.59091336,0.43477434,0.53278834,0.52902627,0.4161198,0.5321009,0.5276899,0.48524398,0.55795515,0.66680944,0.70556647,0.5312249,0.65986794,0.50952244,0.49566504,0.7147387,0.63395894,0.4751283,0.6991555,0.5982399,0.49745306,0.8598518,0.8586328,0.4774852,0.83360195,0.8250461
920,18,0.5396313,0.47977114,0.67459404,0.57181674,0.5312622,0.59923947,0.54002595,0.5328507,0.7037641,0.52688575,0.5926298,0.55970335,0.523948,0.59235644,0.50487447,0.5320623,0.5315407,0.4083965,0.5315057,0.53051263,0.4850509,0.5579537,0.66209507,0.65711415,0.5329053,0.6577753,0.76124346,0.49409065,0.70993847,0.6412846,0.4744667,0.6986467,0.4734035,0.49814418,0.85583586,0.77506727,0.4771441,0.8370877,0.8821237
921,18,0.53843766,0.47795483,0.65030736,0.57096,0.5323686,0.75676906,0.53906924,0.53351736,0.79922706,0.52587265,0.5959977,0.54692876,0.52164656,0.59429884,0.6086579,0.53051084,0.534122,0.4633127,0.5292338,0.53288734,0.44939348,0.5575546,0.6649798,0.70569766,0.5316633,0.6610468,0.7249691,0.49298954,0.7116983,0.5415296,0.47534162,0.6997346,0.7173142,0.4984056,0.859333,0.80277,0.47728625,0.83375186,0.91610813
922,18,0.53675354,0.4788794,0.5736603,0.57012284,0.5325007,0.78002554,0.5389154,0.53477573,0.77498996,0.5262069,0.59341633,0.505648,0.522168,0.5940049,0.5948511,0.529944,0.53325164,0.46296546,0.5287794,0.53216845,0.44001225,0.5579375,0.66363186,0.74703693,0.53274316,0.65941894,0.779619,0.49356657,0.7101675,0.6392975,0.47496292,0.6977688,0.46046034,0.4981919,0.8561025,0.8785765,0.47719952,0.835367,0.8862041
923,18,0.5348478,0.4796565,0.83259124,0.56940097,0.5304574,0.67436266,0.53740555,0.5344625,0.84417516,0.5255948,0.5982683,0.52394295,0.5208318,0.59652257,0.7902411,0.52753246,0.5367823,0.67265517,0.5255806,0.5335925,0.4607967,0.55823815,0.665105,0.88453156,0.5341513,0.65949017,0.8661489,0.4923945,0.711607,0.6732601,0.4742661,0.69737196,0.86662585,0.4982877,0.856908,0.7964565,0.47734368,0.83389914,0.91022974
924,18,0.5333937,0.47930062,0.58656645,0.5659083,0.534685,0.7855019,0.5378167,0.5336483,0.5751804,0.5249551,0.59913915,0.34865266,0.5198807,0.59709376,0.4889634,0.5274213,0.5349755,0.42834264,0.52632314,0.5337616,0.38445142,0.5564066,0.667753,0.6820788,0.5328089,0.66225857,0.6655273,0.49299717,0.71207273,0.48632616,0.47529364,0.6992766,0.6457411,0.49763584,0.8581801,0.8331256,0.47760642,0.83521837,0.82748836
925,18,0.530414,0.48106945,0.73493236,0.565758,0.5305066,0.70698047,0.5363484,0.53521705,0.7707568,0.5241335,0.60214335,0.5957536,0.5198466,0.5988445,0.65143263,0.5240596,0.5375385,0.58095694,0.52329403,0.53720444,0.4941375,0.5584358,0.66504437,0.7750026,0.5356094,0.6607911,0.7893043,0.4958451,0.70878446,0.81044626,0.47499487,0.69506824,0.69110626,0.49830353,0.8537865,0.8629851,0.47758827,0.8339936,0.84463304
926,18,0.5288407,0.48104814,0.63584745,0.5647003,0.53428775,0.8113994,0.5343186,0.5366958,0.63850635,0.52354103,0.60348094,0.49617884,0.5199228,0.6002538,0.57736635,0.52352655,0.54231447,0.68493867,0.52187026,0.5391708,0.45721093,0.55774814,0.6677885,0.7548992,0.53558755,0.6625591,0.80292517,0.4938132,0.71056205,0.62544405,0.47576535,0.6970254,0.6794705,0.49806166,0.8566028,0.79196215,0.47728893,0.83609515,0.78892094
927,18,0.52580065,0.48058844,0.6970314,0.5627998,0.5330849,0.77969867,0.53327066,0.53835124,0.7578624,0.5212813,0.606955,0.596127,0.518809,0.60167325,0.5034825,0.5218081,0.5417147,0.67891693,0.5218996,0.5411493,0.40809026,0.55808634,0.6682977,0.8841899,0.53567564,0.662464,0.8082088,0.49391785,0.7084043,0.64772576,0.4749382,0.6962597,0.7892638,0.497595,0.85627896,0.7020163,0.47763404,0.83493763,0.83414066
928,18,0.5235996,0.48170838,0.7849524,0.5613957,0.53419304,0.6581535,0.5310198,0.54035777,0.6324501,0.52020866,0.60926515,0.59456813,0.51641524,0.60635847,0.55826724,0.52070946,0.5436969,0.6633432,0.52005553,0.54170144,0.44850057,0.55715865,0.66878664,0.84568906,0.53547645,0.66255647,0.77740127,0.49404657,0.70838135,0.57905006,0.475424,0.6956387,0.7657372,0.49849793,0.8555816,0.8014793,0.4774708,0.83504754,0.8398402
929,18,0.52082705,0.48094618,0.75323814,0.55826706,0.53127706,0.8013674,0.53005207,0.5393847,0.800624,0.5185577,0.61167663,0.6754087,0.5167479,0.6083958,0.46615228,0.5170878,0.5425031,0.7266439,0.517363,0.5430129,0.39618325,0.5572645,0.6682581,0.910507,0.53579044,0.6621598,0.84776264,0.49325523,0.7081322,0.739665,0.47474515,0.6951912,0.86976147,0.498629,0.8555357,0.8402553,0.477491,0.83422476,0.8932492
930,18,0.5179295,0.48280296,0.7384535,0.5576277,0.5325053,0.7274056,0.52392656,0.53928226,0.7026837,0.5175296,0.6123602,0.68760574,0.51591927,0.6085994,0.47187015,0.51702464,0.5453342,0.63054407,0.5168312,0.54619193,0.41922048,0.5573222,0.6679716,0.8252011,0.5358685,0.6637504,0.83189946,0.49391538,0.7083773,0.74349564,0.4749637,0.69416106,0.596756,0.4987269,0.855476,0.91772,0.47804424,0.8328081,0.8647985
931,18,0.514939,0.48434165,0.57952994,0.5549929,0.5307182,0.8551296,0.5212184,0.537671,0.78617156,0.51666194,0.6153351,0.7555514,0.5142356,0.61002225,0.58581084,0.5150401,0.5476926,0.6645385,0.51385105,0.5478543,0.5355888,0.55593866,0.6684167,0.87527215,0.5341535,0.6636155,0.8153846,0.49355918,0.70900124,0.73437995,0.4748551,0.6949246,0.54246277,0.49861118,0.8563201,0.8953542,0.47777814,0.8345711,0.72712725
932,18,0.5114964,0.48502305,0.87021893,0.5521768,0.5320619,0.89974743,0.5215064,0.53865695,0.63970333,0.5153894,0.6156424,0.739203,0.5131567,0.6132439,0.5846147,0.51233715,0.5490299,0.63034725,0.511638,0.5486663,0.56019765,0.55726844,0.6709008,0.763279,0.5346623,0.6657769,0.84799564,0.4957352,0.7090653,0.77677315,0.47457117,0.69635844,0.85483783,0.49846378,0.8548092,0.86870366,0.47866598,0.8353985,0.7417831
933,18,0.5083247,0.48581886,0.8545888,0.550236,0.53412384,0.8857695,0.5168255,0.540131,0.68492126,0.5133996,0.61736083,0.8106629,0.5110263,0.61086875,0.4660854,0.509349,0.549345,0.54429644,0.50888383,0.5491904,0.62669045,0.5568141,0.67085767,0.83852,0.53378314,0.66556907,0.7878862,0.4944751,0.71150863,0.573218,0.47477183,0.69723105,0.7536742,0.49845487,0.8576947,0.88813996,0.4788046,0.8363114,0.81866676
934,18,0.505,0.4853047,0.65485287,0.547425,0.53400975,0.6810284,0.51632017,0.54064125,0.6597985,0.51127785,0.6180516,0.7482526,0.5101565,0.6116912,0.4743141,0.506294,0.5504352,0.61572534,0.5055199,0.5508919,0.46196583,0.55632335,0.6689449,0.814445,0.5327239,0.6643487,0.8157033,0.4956452,0.713483,0.7687327,0.47524363,0.69833094,0.90006757,0.49815428,0.8572474,0.7615114,0.47830695,0.83627015,0.919246
935,18,0.50224376,0.48644206,0.83999354,0.54295033,0.53271407,0.82941294,0.5119875,0.54323846,0.63212883,0.50897884,0.6215406,0.7740755,0.50623566,0.6172996,0.5779457,0.50343883,0.55278003,0.6326394,0.50247675,0.5513912,0.52066886,0.55669826,0.6693945,0.7636864,0.53197795,0.6656522,0.8201827,0.4952121,0.7144726,0.7655056,0.47477904,0.70102483,0.8396766,0.4984729,0.85785735,0.68431646,0.47901896,0.8374334,0.8642836
936,18,0.49956277,0.48679125,0.734196,0.54091907,0.5343548,0.8030265,0.50820464,0.54604185,0.7570356,0.50754994,0.6222513,0.73505944,0.5045631,0.61867625,0.5431814,0.50067884,0.5522819,0.485773,0.50132054,0.55193985,0.46344572,0.5571039,0.6696022,0.71377265,0.5323468,0.6659519,0.78622466,0.49573225,0.71353036,0.7900892,0.47426552,0.70139927,0.82428366,0.4987206,0.8571108,0.855082,0.47876492,0.8379896,0.9040478
937,18,0.49620095,0.48853478,0.7585249,0.5374429,0.5344636,0.7678674,0.5031991,0.5457456,0.70353943,0.50433403,0.62343574,0.76931036,0.5022256,0.6189891,0.63939625,0.49783915,0.5526908,0.44040075,0.49764025,0.55481493,0.4855836,0.55522984,0.66690207,0.5654777,0.53026295,0.6655373,0.6170041,0.49497616,0.71245456,0.7531847,0.47389996,0.70114905,0.8519804,0.49802715,0.8565605,0.73186594,0.47925726,0.83683825,0.90090567
938,18,0.4925267,0.48947603,0.85875297,0.5339421,0.53693235,0.8788399,0.5011224,0.54809195,0.67240226,0.5015245,0.6241093,0.7699083,0.49882162,0.6196943,0.49571562,0.49458644,0.553374,0.5411009,0.49431068,0.55435395,0.5452949,0.5551149,0.6679735,0.74270964,0.528546,0.66565675,0.6254284,0.4950031,0.7151996,0.65453243,0.4744278,0.70200646,0.9405298,0.49808776,0.86010176,0.8977421,0.47869527,0.83799505,0.84553313
939,18,0.49004728,0.4888754,0.6138161,0.53130966,0.5380072,0.76039386,0.49612057,0.54651546,0.83170825,0.49793804,0.6267061,0.84392995,0.49355787,0.6227735,0.59225637,0.49173853,0.55722684,0.4248905,0.49110258,0.5579178,0.50894654,0.5541609,0.6658544,0.73085487,0.5269941,0.6660885,0.7102782,0.49258897,0.7149416,0.7801693,0.47320357,0.70319074,0.9402365,0.4975635,0.85864204,0.8827876,0.4782556,0.8386615,0.77421755
940,18,0.48701242,0.48770973,0.83221,0.5277879,0.53796357,0.857668,0.4947242,0.5483905,0.808061,0.495846,0.6273142,0.7982434,0.4918457,0.62240446,0.53895336,0.4868388,0.5567981,0.5980318,0.48682377,0.557767,0.51013803,0.5523912,0.66410565,0.8097225,0.5253146,0.66185707,0.72345054,0.4908165,0.71684426,0.6738857,0.47205332,0.7029671,0.92666507,0.49717614,0.8605818,0.9149937,0.47808373,0.83881646,0.8734953
941,18,0.4843894,0.48623645,0.6655327,0.526909,0.53531814,0.8179686,0.49235332,0.54953724,0.7785131,0.4927707,0.6269573,0.81750345,0.49051604,0.62232786,0.58215326,0.48551935,0.5558388,0.54969496,0.48549208,0.55701077,0.35237363,0.5540484,0.6617836,0.8187402,0.5250551,0.6607376,0.65940154,0.49062735,0.7183833,0.7056561,0.4723727,0.7060202,0.9321845,0.49778384,0.86017513,0.9319499,0.4785662,0.8381631,0.8895416
942,18,0.48200157,0.48601002,0.82157236,0.52479917,0.5346801,0.74304444,0.49280623,0.54761004,0.7203032,0.49211946,0.62565744,0.76056504,0.48868752,0.6196037,0.6570752,0.48240656,0.556305,0.6717259,0.48231432,0.55725855,0.41852584,0.55103236,0.6590307,0.78515995,0.5216791,0.6604248,0.60477716,0.48996827,0.7186968,0.75058687,0.47231594,0.7064885,0.8798648,0.49759778,0.8603417,0.890724,0.47847334,0.8393614,0.8308668
943,18,0.47949654,0.48233128,0.8853197,0.5225461,0.53114706,0.85251904,0.48799744,0.54365665,0.66604894,0.49050492,0.6223077,0.8101457,0.48842084,0.6166181,0.6700526,0.47976768,0.5527059,0.6430615,0.47988236,0.5539979,0.33243227,0.5515719,0.6551001,0.8199566,0.5210731,0.6552,0.6810114,0.48782107,0.7213049,0.77107114,0.47065875,0.7075845,0.72797036,0.49759075,0.859998,0.8838283,0.4784312,0.8416864,0.76527405
944,18,0.47853038,0.47928002,0.80355823,0.51995033,0.5278397,0.802457,0.48863763,0.5376316,0.73294055,0.48938635,0.6173965,0.8295715,0.48704794,0.6114235,0.5435793,0.47921863,0.55021966,0.58056855,0.47907117,0.551011,0.44762048,0.5490635,0.65107775,0.68901014,0.5206531,0.65266156,0.70790946,0.48795718,0.72098064,0.7439235,0.46999824,0.7096797,0.75365794,0.49704877,0.8589333,0.8831639,0.477982,0.8412041,0.7364157
945,18,0.47662002,0.4750411,0.8013169,0.5179282,0.5236404,0.5988203,0.48592037,0.52953976,0.6317926,0.48880678,0.61517465,0.7379587,0.4861483,0.60851145,0.60452604,0.4776633,0.5473475,0.64169395,0.47786185,0.54628855,0.27399805,0.5471412,0.6485569,0.7645617,0.51836234,0.6497108,0.73351425,0.48708865,0.7186834,0.7728976,0.46989086,0.70968145,0.80117387,0.49747407,0.85794306,0.75165606,0.4781951,0.8402052,0.8525639
946,18,0.47550577,0.47086516,0.67906964,0.51633286,0.51694465,0.85356295,0.48461336,0.5241088,0.7996512,0.4882018,0.6110736,0.80397516,0.4861371,0.60212,0.47210687,0.47674578,0.53969276,0.5851759,0.4770628,0.5424387,0.35631362,0.5462448,0.645722,0.69979626,0.51641333,0.64574957,0.7032958,0.4864908,0.71875554,0.794406,0.4697525,0.7103267,0.8564934,0.49721053,0.8577398,0.8629407,0.4775026,0.84051013,0.8771376
947,18,0.4750246,0.4657519,0.8586814,0.5163117,0.5121536,0.8938544,0.48612013,0.5205356,0.6875551,0.48759338,0.60705984,0.813298,0.48564997,0.59859407,0.50289774,0.47540304,0.53575534,0.5985113,0.47574076,0.5384137,0.39316863,0.5455355,0.64218706,0.6466888,0.51755124,0.64165175,0.69303775,0.4878233,0.7164062,0.83124083,0.4701559,0.7079667,0.8762254,0.49766672,0.85842216,0.7551031,0.47763306,0.8405753,0.85666275
948,18,0.47383878,0.46037886,0.81045157,0.51558524,0.5061382,0.89069325,0.4849519,0.5157481,0.6491627,0.4866642,0.6024615,0.8106197,0.4860177,0.59367234,0.42299598,0.47468945,0.5310863,0.67711407,0.47459477,0.53235847,0.30819327,0.5460374,0.63934577,0.6667421,0.5175897,0.6392185,0.7379408,0.4875001,0.71798426,0.73291,0.47082993,0.708424,0.84454423,0.49740702,0.8602105,0.7577384,0.477601,0.8408801,0.8718843
949,18,0.4730662,0.45544323,0.6771312,0.5144247,0.50001085,0.8684688,0.48353508,0.5085029,0.6116861,0.48619714,0.59732527,0.7952173,0.4839131,0.5887836,0.54118735,0.47327882,0.52390665,0.60110503,0.47344,0.5269683,0.39956442,0.5454363,0.6340193,0.7877039,0.51659364,0.63422865,0.77122176,0.48796177,0.7168428,0.6724512,0.47093496,0.708968,0.7587754,0.49783367,0.86117035,0.8342851,0.47792852,0.84118915,0.8954368
950,19,0.4723094,0.45186698,0.8170244,0.5157356,0.4956877,0.7816737,0.47812137,0.5047314,0.74107486,0.4857426,0.5897533,0.7162022,0.4807171,0.58512634,0.6482775,0.47361705,0.5214537,0.50863993,0.4725823,0.522468,0.45401216,0.54523367,0.6302312,0.69182587,0.5132994,0.63418216,0.6722324,0.48776767,0.71532416,0.6970788,0.47087672,0.71017236,0.84445643,0.49877912,0.8605619,0.86479914,0.47935477,0.8409737,0.8510155
951,19,0.4717235,0.44657707,0.6870632,0.51456916,0.49054807,0.63536245,0.47892207,0.5014105,0.5975932,0.4850727,0.5855047,0.79236937,0.4812507,0.58016086,0.6114144,0.4722833,0.515463,0.5969872,0.471142,0.5158192,0.38154137,0.5447656,0.62742513,0.72417223,0.5145204,0.6284104,0.7850559,0.48765472,0.71649736,0.70167786,0.47038326,0.7099893,0.90725094,0.49804536,0.8596456,0.9135866,0.47880822,0.84059876,0.8760517
952,19,0.47094855,0.44329086,0.47621068,0.514455,0.48647818,0.75531787,0.4799759,0.49895087,0.68036896,0.48382083,0.58164054,0.74373454,0.48039982,0.5766495,0.54927903,0.4727764,0.5110044,0.6297566,0.47114277,0.5116744,0.4049059,0.5442284,0.62629867,0.758922,0.5121623,0.62873536,0.68217653,0.48823783,0.71473897,0.73367333,0.47001976,0.70964706,0.8366169,0.49859878,0.8589797,0.89712685,0.4785182,0.8395182,0.8880598
953,19,0.47096777,0.44028357,0.7857993,0.51463294,0.4847479,0.8308406,0.4781981,0.4958227,0.7174211,0.48282865,0.578621,0.73057765,0.48034415,0.57187563,0.65771776,0.47284266,0.50843686,0.65209055,0.47199404,0.50926876,0.44471264,0.5430777,0.6245342,0.7779996,0.51313174,0.624207,0.8082634,0.48770705,0.7157175,0.8025278,0.46970013,0.7097705,0.80002505,0.4974108,0.858444,0.82351106,0.47905028,0.84029657,0.8442253
954,19,0.47046962,0.43845555,0.662976,0.5139221,0.48249748,0.73870564,0.48154634,0.49295914,0.50761956,0.4822054,0.5769533,0.7260972,0.4817113,0.5687976,0.5364878,0.47343352,0.503315,0.6234236,0.4724709,0.5078072,0.34351307,0.5426282,0.62210673,0.749681,0.5122274,0.6233039,0.81513476,0.4886265,0.71578157,0.63457096,0.46992987,0.7105668,0.7996998,0.49691546,0.8578834,0.8569589,0.4789091,0.83856905,0.76549506
955,19,0.47054064,0.43854713,0.78900325,0.5139492,0.4796893,0.68794346,0.4783995,0.49054453,0.7189129,0.48211524,0.5759773,0.73016,0.4812712,0.56852376,0.5520305,0.4732646,0.50184745,0.58691716,0.47304514,0.5028442,0.27493155,0.5426072,0.6217674,0.7183429,0.5116782,0.62308186,0.79277927,0.48972273,0.7147629,0.6904844,0.47025225,0.71015185,0.9157191,0.49699348,0.85644084,0.83983886,0.4785171,0.83938074,0.7521503
956,19,0.47058377,0.4373309,0.70650417,0.51382446,0.47872478,0.6318338,0.47816262,0.487896,0.76832485,0.4817619,0.5750869,0.72261107,0.4808517,0.56785095,0.529402,0.47288677,0.5011838,0.57734305,0.47166073,0.50593185,0.3385968,0.5424699,0.6211613,0.6794781,0.51167023,0.622156,0.8020099,0.48898286,0.714721,0.71590966,0.47005698,0.71167576,0.9090751,0.49690807,0.85613525,0.8242982,0.47820276,0.8387112,0.72441435
957,19,0.46974733,0.43936384,0.8128596,0.5140532,0.47823498,0.64899534,0.47845405,0.48848352,0.7389497,0.48192433,0.57453364,0.73498625,0.47946337,0.5681864,0.5906359,0.47273335,0.50101674,0.6339995,0.47285298,0.5012278,0.3375094,0.54235744,0.620516,0.70018923,0.51125365,0.62173754,0.79463553,0.48917642,0.71545357,0.78824556,0.46945456,0.70996696,0.839758,0.49711066,0.85563236,0.82430005,0.47860223,0.8384017,0.76748437
958,19,0.4695645,0.44138348,0.81064767,0.51318425,0.47836164,0.80666524,0.4783954,0.48759872,0.75389963,0.48131248,0.57430655,0.7190841,0.47892195,0.56896293,0.5678444,0.472662,0.5022497,0.67077947,0.4727888,0.50281316,0.35119593,0.5418499,0.6210365,0.71588486,0.5106511,0.6216544,0.79382396,0.48898044,0.7149802,0.80436003,0.46893722,0.71089035,0.8228205,0.49757764,0.85498726,0.8393705,0.47900078,0.8390088,0.7653727
959,19,0.4700013,0.44411927,0.7992245,0.513436,0.47991413,0.81701154,0.4816168,0.4903448,0.601025,0.4816829,0.5753782,0.7150732,0.4809719,0.5674698,0.5523869,0.47198638,0.50222594,0.710866,0.47181597,0.5032147,0.2380135,0.5420411,0.6235461,0.6804191,0.51058877,0.62359756,0.8030283,0.48853174,0.71541286,0.81961846,0.46875077,0.7115133,0.78518516,0.49776813,0.85548276,0.83586305,0.47857413,0.8391232,0.7358209
960,19,0.46900558,0.44783506,0.76453054,0.5137791,0.4813924,0.7783016,0.47893432,0.4919307,0.7275771,0.48174277,0.57751733,0.73705304,0.48074207,0.57020134,0.5356543,0.47249457,0.5059146,0.6828809,0.47361583,0.5061034,0.29830915,0.5418532,0.62349355,0.6810038,0.51080304,0.6241179,0.7997385,0.4877861,0.7157867,0.71704286,0.4689757,0.7110208,0.8555293,0.4971933,0.8540967,0.8284146,0.47898358,0.8384832,0.79785836
961,19,0.46884027,0.44992432,0.61312336,0.5142139,0.4856244,0.84667134,0.4819039,0.49310184,0.5709154,0.48286656,0.58232063,0.7202147,0.4821759,0.5734627,0.553727,0.4728077,0.5086593,0.71151686,0.4739151,0.50919855,0.2678121,0.54195684,0.6264307,0.6839127,0.51090884,0.6260157,0.80408645,0.48753676,0.71603775,0.74098647,0.46843213,0.7117878,0.8578772,0.49773008,0.8553803,0.86458546,0.4788328,0.83911395,0.87076837
962,19,0.46819046,0.45356342,0.54331625,0.51442415,0.48784328,0.8183648,0.48220265,0.4958138,0.5500502,0.4834219,0.58420897,0.70595,0.4842958,0.5738594,0.49643505,0.47360218,0.5122618,0.64610505,0.4737115,0.5129822,0.20478754,0.54154897,0.6286599,0.7112528,0.5114017,0.62845963,0.8014621,0.48663798,0.71587795,0.6489764,0.46889654,0.71112067,0.88991314,0.49748144,0.8571462,0.8674139,0.47849897,0.8403889,0.7098496
963,19,0.4688516,0.45828134,0.67325455,0.51490694,0.49265814,0.8589131,0.4799701,0.49595964,0.76248103,0.48379314,0.58779776,0.7513324,0.48490247,0.576485,0.47076243,0.47472942,0.5138913,0.6352673,0.48687133,0.56902534,0.06036036,0.54282725,0.6305629,0.8592968,0.5127342,0.6307047,0.7682664,0.48710385,0.716922,0.7923267,0.46861044,0.71236026,0.88047343,0.49751493,0.8593571,0.8393009,0.4785802,0.84014195,0.7557809
964,19,0.46942478,0.46282125,0.7585918,0.5143476,0.4955723,0.8734659,0.47953376,0.5017759,0.67538905,0.48461553,0.59031963,0.801407,0.48505217,0.5807305,0.410094,0.4743462,0.51697266,0.7167272,0.47368178,0.51694685,0.2973843,0.5440445,0.63258296,0.8663344,0.51398265,0.6333831,0.75865215,0.48758122,0.71581733,0.77319914,0.468501,0.70986664,0.8507231,0.49656966,0.8590218,0.7517543,0.47807777,0.839271,0.8748074
965,19,0.46944347,0.46755356,0.8530197,0.5162414,0.50106823,0.5610019,0.48082313,0.50631034,0.66454273,0.48479348,0.59456706,0.79541016,0.4835063,0.5861936,0.43183577,0.4742517,0.523507,0.6795681,0.47266853,0.523183,0.43204808,0.54398125,0.6337202,0.6921599,0.5142732,0.63508606,0.7473831,0.48657194,0.71593946,0.7665634,0.46971133,0.709472,0.79806393,0.49825925,0.85872394,0.8991023,0.4788259,0.84186286,0.7757765
966,19,0.47000134,0.47255212,0.84362113,0.51652896,0.503825,0.735927,0.4809282,0.50946546,0.67443246,0.48670346,0.5981591,0.80182004,0.4849268,0.5913816,0.47505033,0.47402862,0.52645445,0.6016688,0.47367302,0.5284763,0.46351257,0.5437461,0.6380191,0.6041865,0.51453424,0.6394973,0.75737935,0.4858109,0.71671087,0.73499966,0.4691482,0.71043473,0.8211271,0.497819,0.85798055,0.9001628,0.47879058,0.841185,0.8050198
967,19,0.47076327,0.47604528,0.8383091,0.51755327,0.50674736,0.8458605,0.48133144,0.5146845,0.61805475,0.48699492,0.60267085,0.8151851,0.48330942,0.5967078,0.5001457,0.47514534,0.5291851,0.66666883,0.473223,0.5292896,0.3898149,0.5457905,0.6403196,0.8464867,0.5152106,0.6421157,0.76116765,0.48548144,0.71708953,0.69476014,0.46909192,0.7087495,0.73467565,0.49825636,0.8605179,0.8472809,0.47874838,0.8430722,0.7875463
968,19,0.47087374,0.48041958,0.7868735,0.5180314,0.51333976,0.5490833,0.48386067,0.5191363,0.69140434,0.48810825,0.60772103,0.78105515,0.4851982,0.5989935,0.5525714,0.47665125,0.53527665,0.6906267,0.4749865,0.5360761,0.44343907,0.5452604,0.6435448,0.68485856,0.51603055,0.6431649,0.7153168,0.48742363,0.71771246,0.8711632,0.46907336,0.7086415,0.82020265,0.49794927,0.86107504,0.8458869,0.47720656,0.83992165,0.7657168
969,19,0.47203586,0.48467293,0.79590696,0.5178049,0.5160064,0.67283446,0.48472682,0.52078307,0.66670245,0.48969635,0.6116768,0.8205917,0.48618305,0.6029398,0.51477134,0.47724852,0.5379682,0.6589517,0.4757271,0.53826123,0.510973,0.54710335,0.6477967,0.7932142,0.5173455,0.6476095,0.6958564,0.48714134,0.7162095,0.81632525,0.46830055,0.7072336,0.7944381,0.49772498,0.86029106,0.8378292,0.47715184,0.8418878,0.6880814
970,19,0.47366878,0.48768774,0.5404731,0.52003473,0.5162681,0.7460638,0.48377997,0.5237007,0.7599082,0.49051443,0.6114209,0.7098254,0.4849891,0.60526466,0.58743244,0.4800846,0.54174715,0.68455446,0.47856244,0.5426681,0.45829925,0.54583955,0.6495029,0.73225904,0.51583356,0.65063614,0.66052,0.48659503,0.7168137,0.74985486,0.46809912,0.71120495,0.89917773,0.4974756,0.85659736,0.8946127,0.47692356,0.83877623,0.65759146
971,19,0.47538334,0.4913518,0.73044276,0.5215044,0.51885784,0.66198295,0.48694497,0.52745724,0.73215795,0.49184844,0.61369133,0.7966027,0.48932233,0.6069324,0.47304475,0.4810653,0.5414358,0.5695621,0.4800623,0.5415251,0.34136683,0.54451954,0.65362483,0.5776569,0.5175078,0.65211535,0.66926926,0.4863842,0.71740645,0.6817901,0.46836632,0.71195036,0.9014741,0.4980486,0.859893,0.80617714,0.47767976,0.840697,0.7698963
972,19,0.47767344,0.4950787,0.68495303,0.5238922,0.5219205,0.7731323,0.4881262,0.53014064,0.75297433,0.4945962,0.615559,0.77027494,0.49135348,0.6091553,0.6106111,0.48213542,0.54414064,0.6518671,0.48138383,0.5466224,0.3363583,0.54700947,0.6563253,0.7684297,0.5186413,0.6552711,0.693469,0.4866965,0.7167066,0.8005011,0.46831188,0.7093645,0.8434049,0.49704507,0.8595711,0.71247786,0.47714323,0.8404108,0.86356515
973,19,0.47982433,0.49792227,0.6939349,0.5257889,0.522901,0.6945572,0.49006003,0.5320768,0.7403153,0.496364,0.6136346,0.7681479,0.49224895,0.60961205,0.57455045,0.48463005,0.5479724,0.65913284,0.4832435,0.5485517,0.38731402,0.5491932,0.65740633,0.7949001,0.5209665,0.6563321,0.7200577,0.48744684,0.7169959,0.7283051,0.46926656,0.71119314,0.92885315,0.49745497,0.8588674,0.89871883,0.47716624,0.8398999,0.9176782
974,19,0.48165607,0.49927634,0.66345507,0.52862686,0.5266926,0.56611145,0.49468237,0.5358775,0.6433149,0.49774936,0.61501163,0.7612022,0.4949605,0.6105843,0.5626695,0.48640537,0.5471363,0.64302635,0.4862131,0.54933333,0.31971636,0.54942185,0.65909165,0.87314373,0.5226435,0.65751195,0.74772096,0.48855302,0.7150286,0.7923166,0.47071722,0.7092019,0.93223894,0.4968239,0.8608996,0.806496,0.47728866,0.84135455,0.7325159
975,19,0.48387772,0.50220764,0.6449685,0.53095573,0.52603394,0.8690277,0.49377105,0.5370907,0.78329474,0.4995818,0.6177587,0.7713807,0.49601486,0.61425894,0.5913144,0.48918676,0.5506065,0.71566844,0.4879865,0.55102104,0.3524625,0.5488027,0.65974426,0.75071836,0.52091986,0.6587269,0.64693934,0.48694828,0.7173869,0.7840902,0.46895206,0.7103186,0.9036817,0.49688447,0.8599112,0.75414,0.4777098,0.8385402,0.87969613
976,19,0.48755595,0.5063171,0.76515466,0.5330933,0.5287785,0.90088606,0.49786645,0.5387079,0.660268,0.50231004,0.61673516,0.76000226,0.4971011,0.61442393,0.7529377,0.49260157,0.55001664,0.68971527,0.49061808,0.5504627,0.38588816,0.5485953,0.66306674,0.85214525,0.5223908,0.66079223,0.7269914,0.48809797,0.7150301,0.6921956,0.47092977,0.70827144,0.90318507,0.49762625,0.85842234,0.9135804,0.4766425,0.8397285,0.7904649
977,19,0.49045515,0.50643593,0.68442124,0.53569156,0.5294845,0.7891706,0.5025021,0.5386878,0.7587563,0.50405985,0.6169473,0.777372,0.5009269,0.61335,0.48740578,0.4950428,0.54678124,0.6385031,0.4942465,0.54684687,0.43418366,0.54708534,0.66449356,0.655654,0.5231341,0.66108626,0.69567144,0.48899415,0.7155336,0.6495259,0.47200105,0.70766115,0.92421556,0.49717855,0.8571488,0.7668137,0.47631022,0.8389442,0.834348
978,19,0.4933969,0.5080697,0.7797336,0.53836787,0.5315036,0.86564505,0.5054853,0.53975195,0.72799665,0.50641,0.6164834,0.6397593,0.50206274,0.61353844,0.5292822,0.4967163,0.5497756,0.5531987,0.49565592,0.5492621,0.48271918,0.5478784,0.667298,0.78323144,0.5234013,0.6630214,0.58282393,0.4895766,0.7138292,0.68734765,0.47025102,0.70620376,0.818592,0.49766052,0.85916185,0.9385333,0.47612363,0.83816826,0.8640487
979,19,0.49576682,0.5067954,0.5534363,0.54151,0.53262115,0.6069196,0.5064303,0.5388323,0.5867327,0.5083305,0.61698866,0.67397237,0.50421613,0.61422515,0.5533393,0.50068694,0.5507577,0.37276536,0.50034386,0.5489549,0.3260279,0.54813534,0.66654706,0.84424967,0.52600807,0.66270787,0.5547838,0.49149784,0.71186334,0.6272786,0.47320426,0.70272434,0.79776955,0.4974383,0.8571698,0.86634684,0.47709426,0.83682793,0.7862931
980,19,0.498139,0.5079479,0.59812015,0.5429946,0.53162336,0.7161176,0.5117335,0.53830874,0.5940632,0.51043445,0.6164808,0.7045281,0.5069351,0.6137668,0.571317,0.5037658,0.55028373,0.40655884,0.5026386,0.5494769,0.3069299,0.5491487,0.6660944,0.6589229,0.52708805,0.6613307,0.5861173,0.49170107,0.7125814,0.58777463,0.4738084,0.70143795,0.7977461,0.49801508,0.860061,0.89189726,0.47646376,0.8360419,0.9348423
981,19,0.49995187,0.50736594,0.73891515,0.5458517,0.5275773,0.9227353,0.5144408,0.53586465,0.7325187,0.51205283,0.61572504,0.7874222,0.5097225,0.6088415,0.5357774,0.5071825,0.54921675,0.59902567,0.5057312,0.54825836,0.50026214,0.55129457,0.6653441,0.8929223,0.52872616,0.65918183,0.691932,0.49227333,0.711471,0.7925294,0.47232315,0.69877666,0.7722847,0.4977301,0.8606115,0.8745469,0.4764332,0.83646,0.8288183
982,19,0.5030418,0.5090009,0.6922163,0.5470236,0.5261014,0.83300495,0.5152306,0.5347602,0.66962826,0.51471454,0.611799,0.697411,0.5109913,0.6074446,0.54245025,0.5094279,0.54696256,0.56897646,0.50729865,0.5457446,0.5069884,0.551182,0.6643508,0.7508516,0.5283653,0.65884346,0.6157903,0.4927589,0.71118456,0.79863906,0.47305185,0.69767255,0.7759036,0.49847806,0.85933095,0.8533395,0.47682536,0.8356176,0.87011325
983,19,0.5053409,0.5098521,0.707106,0.5490049,0.52387977,0.79617655,0.52003163,0.5327458,0.6978469,0.51550025,0.6118981,0.7327528,0.51502556,0.60606045,0.51095146,0.5113561,0.54729265,0.67664367,0.5107457,0.54256594,0.3566945,0.5526705,0.66429603,0.8914831,0.53032917,0.65791446,0.7350711,0.49463394,0.71233124,0.71963906,0.47414625,0.69832885,0.7372275,0.4981004,0.85791177,0.77649736,0.47652188,0.8351784,0.8874479
984,19,0.50756276,0.506765,0.67006916,0.5517072,0.52378845,0.8018244,0.5221899,0.53326494,0.75037676,0.51584476,0.6093853,0.7109727,0.51425296,0.6040682,0.433483,0.5138979,0.5442999,0.5858755,0.5130431,0.5424104,0.4881483,0.55546314,0.6654556,0.8196479,0.5316587,0.65978307,0.77335966,0.4952466,0.71120423,0.6822362,0.47440067,0.6969572,0.79934865,0.49863195,0.85775405,0.9095553,0.47700393,0.8342215,0.9047779
985,19,0.51026183,0.50579864,0.48368776,0.55407155,0.5248179,0.7762225,0.52236474,0.5334936,0.74382234,0.5171526,0.6066563,0.6254464,0.51433355,0.6048302,0.63299596,0.5162032,0.54106784,0.5098556,0.51498777,0.5389501,0.45644942,0.55480444,0.665192,0.90113187,0.5322367,0.6596439,0.7865732,0.4961814,0.7079493,0.8137309,0.4746332,0.69463795,0.85587496,0.49827692,0.8572563,0.77041036,0.47717473,0.83523726,0.5875093
986,19,0.51296526,0.5060215,0.76052946,0.555604,0.52651846,0.89023036,0.5275235,0.5341543,0.6527305,0.5175406,0.606484,0.5864623,0.51616704,0.6033443,0.41482353,0.51740587,0.5405503,0.59700143,0.51707107,0.60353833,0.080878906,0.5547527,0.66691124,0.90015256,0.53311753,0.65924716,0.7859316,0.49569806,0.7079526,0.8073428,0.4749053,0.6940419,0.84514856,0.4985129,0.8567317,0.7004878,0.47718143,0.8334135,0.7838636
987,19,0.51512253,0.5050433,0.8307039,0.558066,0.52522695,0.7875343,0.52818304,0.5336324,0.7064852,0.51932204,0.60685456,0.66408896,0.51762336,0.6035842,0.5102534,0.5191892,0.5390157,0.64002156,0.52025944,0.59938234,0.08928704,0.55631435,0.66524124,0.9138393,0.53344256,0.65888363,0.8095961,0.49513677,0.7081519,0.81175804,0.474196,0.6935035,0.70379615,0.4977156,0.855584,0.6595466,0.4773143,0.8332547,0.78323716
988,19,0.51791704,0.5041312,0.7448827,0.559248,0.52458036,0.82550097,0.5298706,0.53413254,0.72921175,0.51996857,0.6049347,0.6096981,0.51761174,0.6025113,0.47347867,0.52018327,0.54088074,0.69839567,0.5201876,0.59572077,0.09375748,0.5580988,0.6658767,0.90955335,0.53446835,0.6596267,0.812807,0.49449393,0.7069927,0.7456489,0.47413903,0.6935101,0.8189212,0.4982196,0.85331523,0.8145797,0.477457,0.8325635,0.72234154
989,19,0.51940256,0.50400245,0.7991622,0.5607351,0.52362686,0.8522945,0.5316324,0.5328052,0.7480084,0.5214348,0.6044034,0.60063416,0.5200019,0.60176384,0.5520003,0.52275604,0.540405,0.68188375,0.52132,0.6019555,0.08744555,0.55835444,0.6667453,0.9207356,0.5354568,0.66000825,0.8251314,0.49331528,0.707456,0.66030544,0.4731274,0.6936302,0.6932479,0.49815947,0.8558689,0.843095,0.47708914,0.83256334,0.8135475
990,19,0.52240145,0.50256985,0.8319162,0.56208974,0.52528924,0.85142314,0.53190905,0.5312723,0.6949029,0.52394074,0.60286814,0.5675216,0.5217475,0.6015151,0.5314315,0.524234,0.53877985,0.58479965,0.52131206,0.6013606,0.08691775,0.55757046,0.6646682,0.8879241,0.5354207,0.6591362,0.8217654,0.49639547,0.7069963,0.73429626,0.47370756,0.6955531,0.6228142,0.49841258,0.8548057,0.8883494,0.47723198,0.8339534,0.8039435
991,19,0.5243363,0.50129515,0.61132115,0.56414807,0.52675056,0.82333654,0.53149766,0.53007215,0.6477033,0.5265779,0.59663224,0.5147534,0.51958877,0.6001095,0.6575558,0.52660847,0.53736675,0.6492764,0.52415776,0.53579974,0.34742868,0.55785,0.6627704,0.8826628,0.5344965,0.6576807,0.82942015,0.4956422,0.7056343,0.7718456,0.47390875,0.6924166,0.73849016,0.49796954,0.8561095,0.90976954,0.4762726,0.83283615,0.747175
992,19,0.5257184,0.5014992,0.7183343,0.56450963,0.5279252,0.8127239,0.53240436,0.5306451,0.5869417,0.5266281,0.5962202,0.46883047,0.51930845,0.5979099,0.63831836,0.5268603,0.5381741,0.63541365,0.5249512,0.53497434,0.31690943,0.5576448,0.66492486,0.9107435,0.533801,0.6582088,0.84075963,0.49281585,0.7073709,0.7674228,0.47332266,0.69531184,0.7524572,0.497207,0.8555821,0.77715963,0.4766574,0.8332533,0.86949974
993,19,0.52750486,0.4999614,0.7019721,0.5667164,0.5265465,0.7869017,0.5348128,0.5310537,0.7693075,0.52624977,0.59587675,0.5692169,0.5204208,0.59688205,0.6795944,0.5275325,0.5366231,0.630439,0.5257359,0.53531957,0.30178028,0.5577294,0.66477007,0.9084399,0.53435504,0.65787506,0.7990075,0.49333528,0.7075244,0.74296737,0.47349814,0.69367707,0.82575893,0.49779293,0.853362,0.6467517,0.47701466,0.8320277,0.78063744
994,19,0.5290094,0.49956173,0.67157584,0.56875247,0.5282472,0.7827165,0.5346425,0.5308963,0.6605838,0.5258041,0.5947564,0.52141356,0.52254575,0.59607637,0.5541436,0.52918714,0.5314506,0.5798386,0.5268927,0.576502,0.075316444,0.55740273,0.6639463,0.88582146,0.533975,0.65677714,0.78503853,0.49359995,0.70625,0.73167884,0.47348565,0.6935982,0.78420585,0.49787703,0.85399735,0.6812302,0.47642764,0.8332483,0.88200206
995,19,0.5313559,0.50105786,0.8282031,0.5693681,0.52549285,0.8360448,0.53486097,0.52937484,0.7302596,0.52593565,0.59493566,0.61011004,0.52071387,0.595858,0.74784565,0.5295608,0.52876616,0.51142776,0.52772367,0.5284843,0.32131335,0.55847955,0.6628184,0.9276284,0.532857,0.65715784,0.85665476,0.4918299,0.708869,0.7948691,0.472426,0.6954661,0.7909789,0.49773106,0.85464644,0.7522417,0.47687998,0.8316317,0.8783851
996,19,0.53308994,0.49968582,0.5433981,0.5683191,0.5309831,0.826886,0.53600746,0.529365,0.5635476,0.52724224,0.593621,0.4819974,0.5222109,0.5947892,0.553315,0.5323464,0.5311642,0.61805165,0.52954704,0.5296996,0.22582845,0.55728906,0.6639321,0.85056454,0.53291965,0.65679353,0.7311341,0.49393693,0.7101675,0.670846,0.4737526,0.69549507,0.502082,0.4976315,0.853047,0.86407757,0.4765071,0.8327503,0.8324785
997,19,0.53480154,0.50044495,0.7600172,0.57160306,0.52789474,0.75139457,0.5358142,0.5308853,0.5859205,0.52961904,0.589607,0.5238021,0.5217442,0.59523517,0.7354624,0.5332697,0.5298817,0.6257946,0.5308711,0.5309238,0.33385798,0.5583693,0.6615666,0.87484545,0.5326054,0.6576158,0.83465505,0.4920866,0.7102255,0.76564735,0.47303596,0.6957453,0.84286183,0.49812457,0.85536027,0.9012872,0.47701126,0.8339927,0.7331371
998,19,0.53610253,0.4992858,0.675307,0.5719346,0.53052884,0.73108166,0.5386679,0.5329194,0.6628522,0.53026074,0.58843833,0.39824858,0.523632,0.5951259,0.5730074,0.5340156,0.5295274,0.51219386,0.53169906,0.52825165,0.23300695,0.5576934,0.66444725,0.82620645,0.5320324,0.6585075,0.72534287,0.49270275,0.71178037,0.6265315,0.47350743,0.6975886,0.7421483,0.49801478,0.85564965,0.88085884,0.47662735,0.83429515,0.9079153
999,19,0.5373999,0.49791378,0.60821766,0.57263505,0.52961755,0.7872588,0.53886324,0.53396386,0.7470873,0.5291053,0.5893132,0.5101555,0.5241912,0.5951481,0.6180611,0.53448486,0.5312793,0.56797034,0.53008896,0.57862186,0.08895905,0.55854225,0.66078925,0.77810144,0.53248906,0.6558519,0.81787777,0.4937619,0.71113515,0.72314584,0.47372517,0.6973539,0.6819295,0.49791247,0.85544324,0.6764127,0.47742584,0.83285934,0.8079002
1000,20,0.5382871,0.4978504,0.5823747,0.5729237,0.5316427,0.82245,0.53897667,0.53178453,0.54695654,0.5308858,0.5875263,0.36482567,0.52490205,0.5931567,0.5197465,0.5362297,0.5321062,0.6528139,0.53413576,0.52859277,0.2173288,0.5565825,0.6645601,0.72388834,0.5306371,0.65989166,0.63524115,0.49555266,0.71334004,0.6821196,0.47389495,0.69966066,0.56705385,0.4974608,0.858319,0.8755071,0.476704,0.83340454,0.85305625
1001,20,0.5389146,0.49829656,0.67000264,0.57438546,0.5300911,0.6882016,0.53857595,0.53414816,0.61275584,0.5291356,0.5868503,0.6160926,0.5238537,0.59049004,0.70514274,0.53543,0.532478,0.53063965,0.5329945,0.5322262,0.35326445,0.55982995,0.66223764,0.8581589,0.5335533,0.65801513,0.75229853,0.49541897,0.7085407,0.8802363,0.47328785,0.69638145,0.59630847,0.49789795,0.8527773,0.8666406,0.47719803,0.83331037,0.7199079
1002,20,0.5394241,0.49801257,0.66250837,0.57457453,0.52978796,0.8193053,0.53831464,0.53340507,0.59666204,0.5311759,0.58816636,0.5041612,0.52569443,0.59421515,0.5784616,0.53639084,0.529368,0.5982036,0.5310151,0.58098525,0.08034154,0.56022733,0.6641273,0.77600795,0.53253084,0.65860677,0.8093442,0.4942691,0.7116895,0.67944294,0.47335738,0.69722867,0.7460083,0.4970045,0.85704684,0.9059614,0.47725448,0.83158,0.8894513
1003,20,0.54044455,0.49766767,0.57886124,0.5746213,0.53200793,0.84751624,0.54014903,0.53169566,0.5614594,0.5305468,0.5894006,0.507744,0.52473956,0.5901985,0.57194597,0.5377546,0.53226835,0.64338964,0.5347799,0.5311031,0.29360676,0.5592589,0.6655288,0.6799726,0.53281933,0.6594644,0.7052544,0.49348,0.7120463,0.6135985,0.47397897,0.6973721,0.6871642,0.4977541,0.8568587,0.64443135,0.47692215,0.83408487,0.88033867
1004,20,0.54151,0.49809152,0.6144047,0.57553416,0.53228784,0.7745841,0.5400459,0.5325028,0.5328902,0.5321496,0.5857718,0.51468515,0.5249105,0.59002006,0.5867018,0.5371147,0.5300911,0.7064527,0.5345753,0.52877355,0.23578657,0.5590662,0.6655311,0.79280293,0.5325067,0.65955675,0.70451665,0.49342054,0.7115896,0.68755555,0.47374192,0.69836146,0.6972869,0.4975472,0.8572503,0.91208804,0.47718272,0.8348618,0.90463066
1005,20,0.5412729,0.4976301,0.5020368,0.57648087,0.53242314,0.7173759,0.541445,0.5333871,0.676575,0.5309523,0.58692944,0.5799347,0.5250073,0.5918296,0.47325632,0.5372655,0.5297572,0.7382896,0.53510344,0.52799827,0.31175825,0.56008834,0.66543424,0.8736994,0.53353107,0.65912133,0.8047386,0.49285266,0.71116036,0.759886,0.47345814,0.69826376,0.75724083,0.49800995,0.8544842,0.7516944,0.47701734,0.8338004,0.9168408
1006,20,0.54218763,0.49804834,0.65771616,0.5766409,0.53011656,0.7009399,0.54059833,0.5336377,0.80329376,0.5324192,0.5858326,0.6082813,0.5245454,0.59052837,0.7134985,0.5377477,0.5283245,0.7820625,0.535166,0.5282243,0.2972407,0.560947,0.6643693,0.8930597,0.53341466,0.6589543,0.8317552,0.4932176,0.7102729,0.77525026,0.47289255,0.69840735,0.66711324,0.49764273,0.8574042,0.931076,0.4773708,0.8330136,0.89915246
1007,20,0.5419522,0.49791792,0.55189526,0.576978,0.53243023,0.80875695,0.53988224,0.53208554,0.65063125,0.53253424,0.58457834,0.5509995,0.525224,0.5900403,0.6186218,0.53762436,0.5277853,0.7257183,0.536002,0.52735084,0.28522423,0.5597079,0.66532093,0.8933541,0.53265214,0.6586576,0.77012855,0.49323943,0.71169025,0.6989901,0.47333843,0.6980781,0.7067299,0.49706018,0.8579102,0.702059,0.47701055,0.8349226,0.89280784
1008,20,0.5423979,0.4963046,0.6139681,0.57685363,0.5341431,0.69224054,0.5414635,0.5334877,0.60925424,0.53257865,0.58542365,0.5352988,0.5258183,0.58930165,0.5948513,0.5380057,0.52842253,0.6460311,0.5356191,0.5265057,0.3030608,0.5594548,0.66507035,0.7673569,0.53295135,0.65867203,0.68617344,0.49333277,0.71201485,0.5926475,0.47368515,0.69897676,0.6228131,0.49749964,0.8590582,0.8406838,0.47739324,0.8331769,0.89046085
1009,20,0.5425736,0.4968043,0.62862223,0.57712644,0.5317981,0.6173019,0.54089385,0.5326491,0.7292434,0.53320956,0.5858985,0.6539983,0.525522,0.590643,0.5537335,0.53705,0.52925676,0.77141577,0.53480613,0.526574,0.24773829,0.55980647,0.6645735,0.88610643,0.5330228,0.65842915,0.8265242,0.49271753,0.7107727,0.74885136,0.47339776,0.70075977,0.87100554,0.49726027,0.8575201,0.89559484,0.4773423,0.8331996,0.8628986
1010,20,0.54220074,0.4957276,0.5349096,0.57691,0.5335549,0.7259362,0.541304,0.5329539,0.6647414,0.5328605,0.5849942,0.55930924,0.52566963,0.5896646,0.64641535,0.5378812,0.52912986,0.6713605,0.53513986,0.52744496,0.28927067,0.55792236,0.66605175,0.8743368,0.5325018,0.6586331,0.7377557,0.49284565,0.7121065,0.6566571,0.473183,0.70019126,0.60654604,0.49714914,0.85875016,0.8729995,0.47745165,0.83497894,0.8730499
1011,20,0.5427344,0.49587458,0.7495193,0.57697684,0.5331655,0.5630569,0.5416536,0.53351396,0.68602026,0.53167444,0.5862094,0.5827206,0.5255199,0.5892003,0.67436165,0.5365828,0.52977663,0.6216814,0.53513116,0.52703846,0.31410903,0.5590047,0.66436744,0.8051139,0.53273416,0.65836227,0.7455218,0.49272734,0.7135961,0.68846875,0.47341162,0.70142865,0.7403605,0.49752808,0.8571563,0.8108772,0.4771932,0.834689,0.9318725
1012,20,0.5429705,0.4966686,0.6899503,0.5768897,0.5338657,0.5714074,0.54132086,0.53368115,0.6180766,0.532592,0.58603334,0.5169181,0.52588445,0.58988404,0.6011616,0.53716874,0.52973664,0.6559552,0.5352732,0.52658176,0.2870984,0.55770314,0.6675901,0.7480612,0.5308129,0.6616584,0.6713653,0.4947951,0.7141293,0.767362,0.47340018,0.7018516,0.6566944,0.49700102,0.8586967,0.80877876,0.47709125,0.8342187,0.8994123
1013,20,0.54290545,0.49599004,0.7452555,0.57589984,0.53286296,0.764489,0.54171115,0.5338358,0.75490147,0.5328318,0.58616066,0.5591311,0.52547675,0.59030795,0.5758611,0.5364292,0.5298341,0.5772031,0.534644,0.5269867,0.32557976,0.5603279,0.66361904,0.80846566,0.533694,0.6593899,0.8346532,0.49303716,0.7117789,0.79825443,0.47296593,0.69990134,0.84694564,0.4978088,0.8555746,0.8231298,0.4778332,0.83537173,0.8789229
1014,20,0.5427565,0.49685088,0.5268477,0.57707113,0.5328433,0.73801786,0.5409434,0.53406364,0.74060404,0.53293264,0.58867574,0.5283243,0.52576673,0.5904545,0.60025126,0.5379088,0.52904356,0.7212069,0.5352551,0.5265142,0.2993019,0.5586666,0.66571355,0.76550007,0.5312927,0.66032267,0.68863046,0.49413088,0.71343935,0.79349995,0.4737944,0.703195,0.79402065,0.4975487,0.8592647,0.80190897,0.47758067,0.8349028,0.81427085
1015,20,0.54218733,0.49582046,0.70908463,0.57657546,0.5344461,0.6284577,0.54233605,0.53387666,0.69407797,0.5310756,0.58994275,0.53791696,0.5257252,0.591145,0.57791716,0.53701466,0.53190774,0.6161598,0.53467256,0.5306709,0.35696015,0.55890507,0.6646552,0.73859763,0.5327451,0.6599174,0.7523598,0.4941983,0.71537185,0.7633871,0.47314045,0.7026884,0.62366694,0.4983303,0.8583437,0.82609546,0.47782052,0.8356919,0.91329485
1016,20,0.5426825,0.49773294,0.67655617,0.57683486,0.53357315,0.5939127,0.5405473,0.53450596,0.6514452,0.53232044,0.5894878,0.56692183,0.5256146,0.59070057,0.63357574,0.5370729,0.5305356,0.7018967,0.53431594,0.5277437,0.2955873,0.5586441,0.66596204,0.6477721,0.531541,0.6611394,0.70573735,0.49451002,0.713593,0.7726524,0.47340977,0.70208657,0.59084845,0.49733466,0.860544,0.7655927,0.47764006,0.834343,0.92497236
1017,20,0.541452,0.4970324,0.61073357,0.57656,0.533662,0.6043652,0.54190344,0.53448147,0.66492116,0.53206223,0.5902375,0.5770677,0.5262235,0.5911936,0.57184654,0.5372794,0.53107506,0.63810277,0.53443706,0.5298596,0.3223558,0.5589044,0.66420716,0.7337943,0.5326851,0.6596828,0.76476145,0.49468094,0.71537805,0.7508834,0.47323987,0.70199096,0.6581297,0.49797446,0.8573727,0.8813373,0.47800174,0.83476204,0.9056935
1018,20,0.54166645,0.49738595,0.5645973,0.57690406,0.5343087,0.6555432,0.5405055,0.5357677,0.64665914,0.5320193,0.5904735,0.5969331,0.52592963,0.5918102,0.6011875,0.5369479,0.5306477,0.7035706,0.53479946,0.52835953,0.29570618,0.557929,0.6663216,0.6932813,0.530466,0.66105425,0.6544836,0.49508667,0.71310335,0.7622278,0.47367123,0.7012284,0.6004695,0.49735063,0.85922426,0.75790966,0.47752464,0.83431715,0.9184617
1019,20,0.54173166,0.49791536,0.737507,0.5754432,0.5348198,0.798357,0.5415866,0.5352652,0.6960053,0.5315956,0.59197986,0.59847385,0.52591777,0.5923998,0.6498531,0.5365156,0.53315806,0.6966331,0.5340894,0.53203,0.33055574,0.5596126,0.66537315,0.798231,0.53274906,0.66079396,0.7874671,0.49182543,0.7121988,0.64954346,0.47381994,0.7015947,0.74371177,0.49792564,0.85585105,0.8646074,0.47773442,0.83590996,0.9170787
1020,20,0.54122734,0.49849746,0.6563386,0.5760433,0.5330622,0.6351867,0.5408195,0.53553295,0.6801985,0.5334021,0.5915416,0.54784817,0.52537936,0.59303373,0.60501486,0.53759944,0.53238523,0.67211735,0.5342027,0.53299415,0.26867533,0.5587809,0.6670863,0.7846387,0.531624,0.66043854,0.62496114,0.4953,0.71486884,0.7487722,0.47361505,0.7025357,0.8102332,0.49729812,0.8599714,0.76762503,0.47807077,0.83340436,0.89461637
1021,20,0.5409931,0.4997561,0.48246777,0.5764438,0.5356898,0.72185916,0.5402686,0.5354258,0.52642614,0.53234756,0.5925616,0.54159415,0.5267532,0.59339404,0.5129252,0.5368093,0.536693,0.73238534,0.5346564,0.5330403,0.29120326,0.559265,0.66479063,0.7560045,0.533169,0.660984,0.7731095,0.49195963,0.7128772,0.6176166,0.4733338,0.70194185,0.72179765,0.49750045,0.85754365,0.89650416,0.47714335,0.83674693,0.8890025
1022,20,0.54087204,0.49843407,0.7107624,0.57612425,0.5333461,0.64247584,0.5406753,0.5365342,0.6875571,0.5335451,0.59284884,0.5301168,0.5252409,0.59464234,0.61810803,0.5376703,0.5326739,0.6868435,0.5337986,0.5332758,0.29256347,0.5596067,0.66710114,0.774853,0.5317904,0.66079646,0.66635084,0.49430838,0.71361274,0.7473509,0.47299293,0.70306486,0.822345,0.4973058,0.85911965,0.792085,0.477502,0.8336973,0.8743722
1023,20,0.5416542,0.5005431,0.5149872,0.57492316,0.53571856,0.78823495,0.540235,0.5349915,0.48683703,0.53297085,0.5936077,0.4888073,0.5258859,0.5959341,0.51430666,0.5368926,0.5366575,0.6943086,0.5349428,0.533208,0.28430825,0.55910003,0.6663528,0.71324456,0.5328444,0.6607884,0.7260081,0.49298885,0.7133718,0.5887016,0.47347873,0.7007408,0.66246945,0.49794585,0.8567687,0.6604783,0.47755188,0.83640814,0.88254374
1024,20,0.54100364,0.5004983,0.7265429,0.5751367,0.53424126,0.7202066,0.5406955,0.53597337,0.686897,0.53353906,0.5935064,0.51079375,0.5258205,0.5956269,0.54200894,0.53704655,0.53675866,0.66150784,0.53419626,0.5336735,0.25060824,0.55876046,0.66634524,0.727495,0.5316896,0.66037023,0.59199536,0.49469712,0.71387655,0.7072937,0.47429496,0.7018406,0.76857334,0.4969829,0.8601393,0.80674946,0.47776237,0.83559686,0.8635328
1025,20,0.5408106,0.50092196,0.61689925,0.57521176,0.5357292,0.7078431,0.5398275,0.5348936,0.45317364,0.53312117,0.59372514,0.48720384,0.52573985,0.59671575,0.5136003,0.5363253,0.53789955,0.7010372,0.53412575,0.5346412,0.29280373,0.5591793,0.6650523,0.7481877,0.53255075,0.66037416,0.73475564,0.494633,0.7144947,0.71321434,0.47321364,0.7018821,0.5927536,0.49793738,0.85831434,0.8172132,0.47763878,0.8357656,0.9022698
1026,20,0.54013413,0.5010349,0.7563632,0.57588583,0.53532296,0.7408097,0.54114914,0.53683424,0.6852238,0.53312075,0.5964216,0.5869475,0.5252873,0.5969743,0.72449684,0.5369517,0.53758204,0.7723032,0.53336877,0.53555727,0.31429297,0.55879897,0.6665577,0.8285296,0.5327994,0.65979254,0.7533398,0.4937862,0.7138397,0.79825723,0.47392613,0.70236343,0.84388435,0.49727422,0.85923994,0.81126505,0.47804326,0.83501536,0.8621895
1027,20,0.539596,0.50064933,0.74835354,0.5747684,0.5344091,0.73958683,0.54143125,0.53686446,0.65012467,0.5331875,0.59712404,0.5449185,0.5256411,0.5973911,0.6434887,0.5365295,0.5384818,0.7394725,0.53324306,0.53663903,0.3236395,0.55863225,0.666333,0.75327957,0.5323941,0.6600947,0.64955986,0.4940922,0.7142347,0.73544973,0.4742094,0.70310175,0.7898775,0.49716458,0.8596647,0.7836447,0.47787207,0.83366525,0.90411645
1028,20,0.539751,0.502118,0.6521745,0.5739877,0.5354974,0.7975718,0.54017,0.53656477,0.5138762,0.53317297,0.5972005,0.55756414,0.52473485,0.5976557,0.6581789,0.53651756,0.5378606,0.7564213,0.5330603,0.5358837,0.3046113,0.5584217,0.6675079,0.7308664,0.532213,0.6615781,0.6897191,0.494306,0.7120886,0.7123486,0.473153,0.70070994,0.59756416,0.49726254,0.8575066,0.8665307,0.47792175,0.8341719,0.9250471
1029,20,0.53916395,0.5025235,0.7279388,0.57398564,0.5348776,0.7911815,0.5407665,0.5372541,0.66640025,0.5328623,0.5979436,0.6480716,0.52517825,0.5981448,0.72023356,0.53639865,0.5383572,0.79718995,0.53340536,0.5358125,0.31408462,0.5593678,0.66535705,0.80197144,0.53329635,0.6608498,0.79606587,0.49432597,0.7123735,0.75386196,0.4734641,0.70066607,0.7302512,0.49783623,0.8571933,0.912543,0.47753412,0.8366446,0.88219565
1030,20,0.53929955,0.5028654,0.62010545,0.57361037,0.5353691,0.80339503,0.54163814,0.5359412,0.67033714,0.53368473,0.5974397,0.4568582,0.5243416,0.5985062,0.64764214,0.53502685,0.53885007,0.6153696,0.5318939,0.539503,0.306883,0.55894524,0.66625273,0.76185745,0.53314704,0.65940315,0.66731673,0.4952713,0.7150214,0.7171762,0.47382,0.7023482,0.54697937,0.49748915,0.8607753,0.75992984,0.47799477,0.8334738,0.8909728
1031,20,0.539115,0.503328,0.6517696,0.57367295,0.533905,0.7709516,0.54125404,0.53645176,0.7147281,0.533717,0.5983042,0.558601,0.5242289,0.5990911,0.6831892,0.53500444,0.53862345,0.7240866,0.53187984,0.53937894,0.31789282,0.5591167,0.6661898,0.8169022,0.5335524,0.6593933,0.7406042,0.4942958,0.7135167,0.7736023,0.47476533,0.70276105,0.8136741,0.49759993,0.85896575,0.80318654,0.47822216,0.83507156,0.8202498
1032,20,0.539015,0.5019216,0.5482031,0.5727403,0.5361072,0.83033097,0.5405375,0.5360834,0.6939204,0.5337575,0.59852046,0.5843786,0.5244827,0.5993212,0.68674475,0.5348793,0.53973526,0.68617624,0.53138566,0.5398275,0.28124657,0.55877906,0.6661005,0.8093486,0.53386796,0.65993226,0.76422423,0.49424928,0.7142421,0.7899209,0.47354028,0.7016233,0.6614505,0.49726504,0.8603267,0.83356607,0.478341,0.83505297,0.8882649
1033,20,0.5381343,0.50287,0.5650908,0.5735321,0.5342392,0.76041603,0.54069334,0.53648293,0.7004052,0.533892,0.59954506,0.4985873,0.52613467,0.601275,0.51060516,0.5349892,0.5403792,0.6347823,0.5314592,0.5407968,0.3075763,0.5581667,0.66772336,0.81506974,0.5329516,0.66062796,0.7001454,0.4941643,0.7143584,0.72052574,0.47433904,0.7031844,0.7821941,0.49783728,0.85906,0.731058,0.47808668,0.83450973,0.88874996
1034,20,0.5379258,0.5027637,0.62984216,0.5732982,0.5347952,0.863622,0.5402593,0.5371521,0.72624743,0.53267443,0.6014324,0.5927602,0.5260353,0.6035605,0.725833,0.5340379,0.53948045,0.73724765,0.5314964,0.5401235,0.37472856,0.56022817,0.6640156,0.8462602,0.53443235,0.66051036,0.8223945,0.4918926,0.7125707,0.6991891,0.47394451,0.69935304,0.8293407,0.49849948,0.8575747,0.8825749,0.47848234,0.8336213,0.8357152
1035,20,0.5371924,0.5033937,0.64667875,0.5737917,0.534556,0.62858784,0.53839177,0.53629595,0.4080767,0.5343245,0.5998883,0.5343076,0.52428234,0.600823,0.54155344,0.5340956,0.5399745,0.7331672,0.5308315,0.54029566,0.36060065,0.55907834,0.66722715,0.86342704,0.5321432,0.6606537,0.7126009,0.494452,0.7129774,0.74866444,0.47460574,0.702384,0.7921684,0.49812305,0.85877633,0.7809041,0.47858053,0.8349041,0.76072866
1036,20,0.5372213,0.5022549,0.42980886,0.57272184,0.5358481,0.822729,0.53882617,0.53785104,0.5437113,0.53343904,0.60134435,0.5194369,0.5247875,0.6028584,0.5909972,0.5336752,0.54107744,0.6726167,0.5303056,0.54249954,0.3659247,0.5591057,0.6629549,0.7329188,0.5340537,0.66020805,0.7759872,0.49456072,0.71340394,0.7307107,0.47448492,0.70030665,0.7750567,0.49897373,0.8576761,0.8415778,0.4783116,0.83600575,0.90359193
1037,20,0.5371068,0.50339234,0.6679773,0.5726366,0.53434765,0.73867965,0.5403773,0.53561527,0.6725312,0.5346403,0.6001042,0.4752878,0.52399147,0.6014086,0.5211116,0.5341438,0.5402009,0.5671516,0.530523,0.5408914,0.35026297,0.5576056,0.66647214,0.76361334,0.53190535,0.6603859,0.6721023,0.4939647,0.7130372,0.690505,0.4746827,0.70211107,0.86078835,0.49822184,0.85848594,0.8805534,0.4785567,0.8348501,0.85077155
1038,20,0.5363669,0.50255215,0.42151055,0.5716542,0.5362615,0.81142056,0.54008335,0.5370821,0.63720244,0.5324749,0.6038136,0.5396232,0.5258335,0.60174024,0.49470305,0.533556,0.54064655,0.6607835,0.530504,0.54204553,0.37602428,0.5592833,0.6649179,0.7905133,0.5343325,0.659871,0.73232293,0.49498406,0.71503717,0.77137214,0.4748331,0.70127934,0.76690406,0.49877632,0.8571738,0.8462517,0.47813785,0.8356312,0.8956773
1039,20,0.5352355,0.5042902,0.62456024,0.57301444,0.53372484,0.5973013,0.5389283,0.53701687,0.5986514,0.5337385,0.60163724,0.5281523,0.5244215,0.60225147,0.55509484,0.533499,0.53988373,0.7421011,0.5295898,0.5405924,0.40745777,0.5595264,0.6656025,0.84946865,0.53368264,0.6583581,0.7456054,0.49362838,0.7122746,0.77618515,0.47488943,0.70183086,0.83277607,0.49785453,0.8583653,0.7601527,0.478659,0.83524024,0.6854525
1040,20,0.5344448,0.5037701,0.600614,0.57268035,0.5345641,0.74070907,0.5366995,0.5358027,0.51266927,0.5330623,0.60340536,0.59473675,0.52357656,0.60236555,0.544545,0.5328803,0.53887326,0.7287911,0.52932155,0.5398785,0.36679003,0.5580243,0.6658464,0.7144369,0.53313357,0.65944237,0.80012745,0.49401614,0.71367705,0.8101068,0.47412404,0.7009927,0.695385,0.49766737,0.8587862,0.83894736,0.47810337,0.8355885,0.85180604
1041,20,0.5342071,0.5052602,0.78181845,0.57274795,0.53242403,0.6737693,0.53563654,0.5365024,0.63056463,0.53202164,0.6044088,0.7006388,0.52469045,0.60437834,0.7949694,0.53243196,0.53840697,0.8312468,0.52947104,0.5384862,0.44564602,0.5596771,0.66404164,0.90736806,0.5335252,0.6592439,0.8522409,0.49358514,0.713201,0.8773187,0.47324145,0.7010142,0.7897069,0.4978635,0.85892975,0.8384272,0.47781792,0.8359888,0.88651043
1042,20,0.5333842,0.5042943,0.72062355,0.5713907,0.53554666,0.8410879,0.53597546,0.5353503,0.5527531,0.53241754,0.60457975,0.6209563,0.5238586,0.6044038,0.62928724,0.5312102,0.5396892,0.7050065,0.5273599,0.53807306,0.29975936,0.55895454,0.6667972,0.78188753,0.53340626,0.6613513,0.8312171,0.49382553,0.71454424,0.792076,0.4736129,0.7011678,0.6990896,0.49728197,0.86052215,0.8020966,0.4780842,0.83708495,0.84334385
1043,20,0.53331304,0.50303406,0.38665506,0.5710704,0.5355361,0.7164008,0.5379277,0.5356825,0.5664063,0.5318585,0.60469824,0.5610061,0.5238189,0.6022567,0.42461044,0.530762,0.5392536,0.6350933,0.527715,0.5400285,0.3955496,0.5581788,0.6672308,0.7887353,0.53264546,0.66206396,0.6494396,0.49436605,0.716207,0.6348649,0.47572842,0.70274234,0.76330376,0.49773368,0.860535,0.80247736,0.4782943,0.8350307,0.8894069
1044,20,0.53297335,0.50381273,0.5039062,0.5715257,0.53402513,0.6517486,0.5362767,0.5357788,0.67328596,0.5321801,0.6024866,0.5935899,0.5248426,0.6027884,0.46267116,0.5310356,0.5385975,0.75735605,0.52779406,0.53887886,0.3665952,0.5594391,0.66513836,0.84362733,0.534057,0.66024137,0.81767505,0.49387297,0.7140962,0.8070678,0.4735377,0.7015005,0.7736337,0.49842805,0.8581585,0.9100426,0.4784474,0.83676386,0.7247849
