frame,time,nose_x,nose_y,nose_confidence,left_shoulder_x,left_shoulder_y,left_shoulder_confidence,right_shoulder_x,right_shoulder_y,right_shoulder_confidence,left_elbow_x,left_elbow_y,left_elbow_confidence,right_elbow_x,right_elbow_y,right_elbow_confidence,left_wrist_x,left_wrist_y,left_wrist_confidence,right_wrist_x,right_wrist_y,right_wrist_confidence,left_hip_x,left_hip_y,left_hip_confidence,right_hip_x,right_hip_y,right_hip_confidence,left_knee_x,left_knee_y,left_knee_confidence,right_knee_x,right_knee_y,right_knee_confidence,left_ankle_x,left_ankle_y,left_ankle_confidence,right_ankle_x,right_ankle_y,right_ankle_confidence
0,0,0.55544627,0.5049753,0.48949683,0.5815364,0.5502883,0.34298515,0.5400349,0.54656327,0.58039945,0.5574377,0.6067323,0.31025067,0.51198184,0.5932859,0.36116746,0.5339002,0.61459404,0.27042452,0.5035865,0.61609936,0.20761073,0.5567665,0.67734736,0.57452494,0.5274815,0.6691438,0.37120548,0.50941634,0.7268481,0.30619904,0.4678752,0.7066199,0.33679327,0.5144759,0.87213755,0.29292947,0.4721231,0.84791464,0.22678003
1,0,0.5518967,0.49459758,0.86115515,0.5845372,0.5509453,0.80281895,0.54107285,0.5495818,0.91772497,0.5362213,0.5910568,0.43382332,0.5183771,0.6053012,0.8314725,0.5330826,0.55114245,0.5076448,0.5330998,0.5739218,0.18619299,0.54940677,0.67555076,0.9331011,0.5217837,0.6636452,0.9085408,0.48201564,0.73585564,0.85698676,0.4532737,0.7136578,0.949135,0.48875037,0.86715347,0.9229558,0.4687515,0.8458122,0.8818237
2,0,0.5512537,0.4956518,0.89779365,0.5839422,0.5499827,0.90760744,0.5406741,0.5510232,0.8367042,0.53760976,0.589614,0.44742438,0.5171283,0.6056806,0.91829675,0.5341072,0.5512545,0.57382995,0.5315675,0.553661,0.52184546,0.5479653,0.675313,0.88179636,0.5201557,0.6645805,0.8643916,0.4832212,0.73797077,0.8742012,0.45320252,0.71501124,0.93994474,0.48978528,0.8641614,0.7764372,0.4685117,0.84452784,0.81503963
3,0,0.5511848,0.49510464,0.78833747,0.58372486,0.5508456,0.7749886,0.54180133,0.55056834,0.9071555,0.5366306,0.5912068,0.44016346,0.51764005,0.60662746,0.72936004,0.5331363,0.5509485,0.64715517,0.5314093,0.54964435,0.51550186,0.5491798,0.67525375,0.842649,0.5211554,0.6640285,0.928089,0.48239055,0.73702586,0.7447088,0.452863,0.715422,0.8282607,0.49005577,0.8630197,0.877439,0.4686114,0.8426941,0.93396074
4,0,0.55125743,0.49433482,0.6109262,0.5835311,0.5507564,0.8556507,0.54158527,0.5512668,0.88278645,0.53749585,0.5897135,0.48741168,0.5178514,0.60645425,0.7652733,0.53343415,0.55082524,0.67692506,0.5317183,0.5492219,0.49885917,0.5480662,0.6752114,0.890049,0.51980406,0.66431016,0.8657933,0.4815694,0.73800457,0.8270101,0.45323056,0.7157155,0.9345341,0.4896882,0.86394554,0.8020005,0.46824333,0.84345305,0.93761563
5,0,0.5511735,0.49516976,0.805876,0.5834622,0.551037,0.77503973,0.54170024,0.5501658,0.90717494,0.53695315,0.5917405,0.42346126,0.51751924,0.6068221,0.73908466,0.53323495,0.54818785,0.46065673,0.5311338,0.55418175,0.45864362,0.5496344,0.67506576,0.8603963,0.5213645,0.66374403,0.9315538,0.48221448,0.7374897,0.7291526,0.45296633,0.7153179,0.832676,0.48999503,0.86324364,0.88763577,0.46833652,0.8421936,0.9238246
6,0,0.5514239,0.49472764,0.77234715,0.5837482,0.5508306,0.8754508,0.54013646,0.5507478,0.88054055,0.537522,0.5892203,0.43659267,0.517328,0.6057112,0.93902403,0.53295,0.5523956,0.6185449,0.53054345,0.5689234,0.24631475,0.54947394,0.67547154,0.90191627,0.5205712,0.66445017,0.88258415,0.481785,0.7378443,0.81263524,0.4532521,0.71561,0.92796427,0.4897323,0.8634604,0.8011107,0.4681859,0.84369075,0.94483393
7,0,0.55119383,0.49449027,0.6126574,0.5835238,0.5506205,0.83828276,0.54160523,0.551072,0.8825538,0.5374173,0.58975196,0.48940486,0.5179819,0.6065453,0.76144123,0.5334806,0.55099285,0.67620826,0.5320581,0.5495186,0.48376536,0.5494553,0.6746984,0.8889066,0.52037,0.6638771,0.88307905,0.481716,0.7376545,0.8186636,0.45376027,0.71540225,0.80537033,0.48992914,0.863765,0.84830797,0.46798673,0.84335864,0.9513555
8,0,0.5515175,0.4955556,0.7781428,0.58382016,0.5512716,0.8310176,0.5416997,0.5492434,0.9075912,0.53741384,0.5892343,0.47434717,0.5173196,0.60634667,0.7327769,0.53279793,0.55216056,0.6446322,0.53065175,0.5533538,0.43796906,0.549187,0.67496836,0.89878696,0.5199947,0.6635576,0.8831458,0.48243216,0.73742867,0.850039,0.4536012,0.7155079,0.8251919,0.48962024,0.8643531,0.8437817,0.46845022,0.8428913,0.845531
9,0,0.5514149,0.49516213,0.7384547,0.58407766,0.5522956,0.70155406,0.5421028,0.5494846,0.9133614,0.5369751,0.59024894,0.42197818,0.5175132,0.6063892,0.6969255,0.532822,0.55333436,0.6035093,0.5309306,0.56637347,0.27851662,0.54888517,0.67581034,0.9081747,0.520411,0.6643876,0.9018218,0.48294744,0.7377853,0.8682228,0.4532576,0.7153729,0.83450884,0.4886022,0.86464566,0.8396546,0.46810466,0.8426718,0.8878343
10,0,0.5513328,0.49467802,0.69507027,0.583761,0.5509562,0.8114197,0.5417333,0.5494344,0.90304935,0.53721553,0.589753,0.46200183,0.5179656,0.60677236,0.6877258,0.53308517,0.55217195,0.63099796,0.5312836,0.55009174,0.53487897,0.5487595,0.6753087,0.88859046,0.5203679,0.6635529,0.8957545,0.48301798,0.73791283,0.858668,0.45332804,0.71550626,0.81169224,0.48914993,0.86490357,0.8353052,0.46823654,0.84263295,0.88507825
11,0,0.55158174,0.4948401,0.74873686,0.5841822,0.5524076,0.7038682,0.542028,0.5496434,0.90823317,0.5372343,0.59076935,0.42790756,0.5173959,0.6067713,0.69862777,0.53250265,0.5542068,0.5914479,0.53062546,0.5666713,0.3240016,0.5492096,0.6758097,0.9109004,0.5208132,0.6640276,0.9118031,0.48300177,0.7375904,0.8744347,0.4530901,0.71498024,0.8201525,0.4890257,0.86503845,0.8650541,0.4680251,0.8431814,0.8940891
12,0,0.55156964,0.49570453,0.7835654,0.5838584,0.55117303,0.83197814,0.5416743,0.54879767,0.9018805,0.53762513,0.58961594,0.43994185,0.5174663,0.6065139,0.73665214,0.53220123,0.55289537,0.6301667,0.53047353,0.5536631,0.452221,0.5502962,0.6750178,0.9434661,0.5213423,0.66301006,0.91448593,0.48335496,0.7379816,0.85966295,0.45347676,0.71533847,0.8144924,0.4893193,0.86577433,0.8152309,0.46819562,0.84271926,0.8541051
13,0,0.55147237,0.4955589,0.8917901,0.5836788,0.549898,0.9005189,0.54067063,0.54994905,0.8440915,0.5379587,0.5893788,0.44090793,0.51721513,0.60794413,0.8780086,0.5335631,0.5525086,0.5562491,0.53090405,0.558575,0.47119865,0.5503117,0.67480713,0.88941175,0.52145267,0.66445446,0.8987593,0.4825982,0.7378308,0.813917,0.4536824,0.7153516,0.8317088,0.4888105,0.86606306,0.82897377,0.46825135,0.84229875,0.83378154
14,0,0.55171233,0.49474636,0.8558338,0.5836237,0.5499407,0.9192079,0.5404064,0.5501648,0.86605245,0.53798854,0.589564,0.438619,0.5171445,0.6063999,0.9260117,0.53297144,0.5521642,0.59379554,0.53099096,0.5549515,0.5320792,0.54981166,0.67496675,0.94337094,0.5212691,0.66347986,0.8922034,0.48253357,0.73857653,0.8254863,0.45376778,0.7143445,0.9332877,0.48873386,0.86561245,0.83953685,0.46845806,0.8422679,0.8335912
15,0,0.5516376,0.495297,0.84880805,0.5836714,0.5502002,0.876034,0.5405573,0.54962146,0.84171194,0.5380004,0.5897478,0.46293718,0.5172939,0.6074032,0.8853322,0.5327985,0.5516984,0.5943212,0.53108424,0.55381066,0.5207592,0.5510031,0.67420465,0.8928382,0.521399,0.66379094,0.8373029,0.48290598,0.7377935,0.81580585,0.45387772,0.71563786,0.8188944,0.48854867,0.86624944,0.7762949,0.46758932,0.8436327,0.948666
16,0,0.5523406,0.49508572,0.75393826,0.5822885,0.55303663,0.8507237,0.5406036,0.55094475,0.6008712,0.5395466,0.58808595,0.35769457,0.5176337,0.6063618,0.73549914,0.5351256,0.54981834,0.36669633,0.5313759,0.5539402,0.5229782,0.5465952,0.6788401,0.5811094,0.52062863,0.6681677,0.87250817,0.4824521,0.73960483,0.7101127,0.45424774,0.71565855,0.8309762,0.48810253,0.8672491,0.7393952,0.46759823,0.8445036,0.8946592
17,0,0.55204004,0.49535143,0.81386817,0.58239716,0.55356926,0.68200463,0.5419223,0.5520101,0.7556762,0.5379183,0.59130746,0.45659968,0.5182583,0.60605067,0.87706864,0.5330814,0.5525042,0.6256807,0.5307922,0.5632291,0.20688564,0.54756147,0.6790539,0.6252168,0.5197632,0.6684217,0.7033816,0.4830503,0.7373801,0.67838037,0.45376387,0.7156111,0.78714716,0.4889862,0.8649652,0.8646033,0.46789664,0.8436437,0.8579689
18,0,0.5515725,0.49514064,0.82578427,0.5823217,0.5535652,0.8989062,0.5420695,0.55275255,0.72194076,0.53780264,0.5914966,0.48184115,0.5183982,0.6058074,0.867756,0.5323604,0.55071694,0.6364629,0.5302862,0.55033046,0.33363217,0.5474527,0.67937195,0.76537275,0.5200318,0.66836447,0.6654281,0.48389384,0.7393554,0.7846459,0.4541949,0.7157137,0.7254008,0.48912284,0.86517143,0.8422823,0.46761763,0.84356475,0.85850245
19,0,0.55170816,0.49543604,0.7974576,0.58190626,0.55391693,0.88578755,0.54231423,0.55264896,0.627371,0.538347,0.5905784,0.44159815,0.51866144,0.606035,0.87314,0.5319573,0.55028284,0.46826386,0.52979815,0.55104196,0.29956222,0.54697555,0.6799651,0.77359366,0.51977164,0.6690401,0.67443913,0.48402372,0.73964536,0.79993886,0.4545403,0.714702,0.8883622,0.4889258,0.8651923,0.8210084,0.46781224,0.84434795,0.8895499
20,0,0.5519,0.49530295,0.79021734,0.58171934,0.55390006,0.8841257,0.54236674,0.55269253,0.61854583,0.53872085,0.591571,0.5209684,0.5184754,0.6060361,0.85155237,0.53258795,0.5504629,0.6087521,0.53146863,0.55086285,0.4242605,0.54735696,0.67963296,0.7896981,0.5194037,0.6693036,0.68807715,0.48319432,0.7371966,0.6995474,0.45373473,0.7155359,0.80492175,0.48879197,0.864353,0.81274635,0.46774587,0.8433235,0.8600145
21,0,0.5518532,0.4954661,0.8021411,0.5816056,0.5534246,0.8800728,0.5422822,0.5523727,0.64345735,0.53874075,0.5916951,0.51421285,0.51858604,0.6061712,0.85019994,0.5318102,0.5505512,0.4115476,0.5314219,0.5512774,0.39997998,0.54708445,0.67999583,0.7713438,0.51940095,0.6695456,0.66766447,0.48351517,0.7372769,0.6507607,0.4540818,0.715775,0.76674044,0.48850042,0.86485845,0.8674461,0.467763,0.8428789,0.8478353
22,0,0.5516542,0.49537903,0.836891,0.5822341,0.5529835,0.8823248,0.5421525,0.55212295,0.6868199,0.53811854,0.5919193,0.5422871,0.51822114,0.6061481,0.87623435,0.5319823,0.55017257,0.4971794,0.53171045,0.5498881,0.41200188,0.54720134,0.6783828,0.6244004,0.5190224,0.6681454,0.66320235,0.48363048,0.73689586,0.78275144,0.4537408,0.7153869,0.87098384,0.48902953,0.86489207,0.81743336,0.4676495,0.84466237,0.87085587
23,0,0.5517778,0.4954513,0.8282329,0.5827894,0.5541306,0.8697199,0.5420442,0.5511105,0.7229388,0.5382175,0.59193385,0.52250993,0.5184367,0.6062505,0.84325683,0.53227824,0.55039513,0.532526,0.5317752,0.55170727,0.3368226,0.5482559,0.6773719,0.6857062,0.520724,0.668015,0.87592185,0.48375562,0.73947346,0.79720193,0.45418376,0.71488374,0.7319201,0.48876107,0.86544645,0.8222187,0.4672757,0.84437186,0.8938205
24,0,0.5521775,0.49457127,0.7773142,0.5824613,0.55346733,0.71327555,0.54055613,0.55323094,0.7610062,0.5397214,0.59072304,0.52352816,0.51849276,0.6054835,0.84502095,0.53313404,0.54869825,0.44665915,0.5311987,0.5482478,0.38265434,0.54795074,0.67748255,0.7611309,0.5196213,0.6672454,0.6252501,0.4833443,0.7395276,0.76317805,0.45453542,0.71386325,0.8719562,0.4881453,0.8665093,0.7829946,0.46791875,0.84412503,0.8921516
25,0,0.5522902,0.4950366,0.81534624,0.5829483,0.5532,0.7092029,0.5415358,0.5514829,0.7913217,0.5380691,0.59102905,0.4936402,0.5184781,0.6056669,0.85525966,0.532457,0.5490284,0.4643141,0.53091455,0.54906267,0.41410086,0.548892,0.67971236,0.7580613,0.5203427,0.66872025,0.78394973,0.48376802,0.73919886,0.8283173,0.4539057,0.7146856,0.87147516,0.48899078,0.8657722,0.8518719,0.46749794,0.84481144,0.88005227
26,0,0.55184996,0.4943721,0.7838717,0.5828187,0.55266386,0.7510611,0.54182243,0.5518751,0.6547797,0.5387613,0.59191895,0.557655,0.51798385,0.60800135,0.7635428,0.5340255,0.55008936,0.5166157,0.53232247,0.550622,0.40127033,0.5485707,0.67679197,0.63434196,0.51893413,0.666575,0.6139013,0.48308098,0.7372159,0.7006351,0.4541236,0.7149339,0.82388437,0.4882669,0.86761695,0.8350609,0.4678801,0.84428483,0.8634614
27,0,0.5520885,0.49509594,0.681794,0.58242786,0.5531918,0.67549247,0.54175496,0.550912,0.8037826,0.53800607,0.590701,0.4910653,0.5182304,0.60476613,0.89053625,0.53251535,0.5516943,0.63949645,0.5296441,0.56820214,0.20998286,0.54839665,0.67932385,0.7638191,0.5198867,0.6673123,0.7922172,0.4820085,0.73686105,0.73680395,0.45315546,0.71376026,0.85132265,0.4886157,0.86588067,0.87983656,0.46746114,0.84460574,0.8957967
28,0,0.55219954,0.4945545,0.76902246,0.5821129,0.55363953,0.71862483,0.54094326,0.5527761,0.740124,0.53913325,0.591035,0.49225965,0.5187233,0.605121,0.8264617,0.53302205,0.54879874,0.43030488,0.53148943,0.5492967,0.38822955,0.5468633,0.6791547,0.7445562,0.51936275,0.6680159,0.615781,0.48358598,0.7388178,0.7719573,0.45408744,0.714873,0.8636758,0.48831233,0.86673224,0.8256676,0.46732152,0.8430748,0.843572
29,0,0.5521014,0.49569008,0.7837414,0.58156264,0.55462027,0.8825109,0.541962,0.5518675,0.7064341,0.538448,0.59165454,0.50512356,0.51862437,0.6052793,0.7710378,0.53325284,0.55050105,0.37947387,0.5310721,0.5512129,0.33753374,0.54725957,0.6815515,0.79093444,0.5193855,0.67002195,0.68520504,0.4839614,0.7387966,0.8069715,0.45395502,0.7157558,0.7635153,0.48867145,0.865519,0.855279,0.46736076,0.8451244,0.8640201
30,0,0.55260986,0.4949746,0.7449948,0.58094305,0.55496234,0.6798263,0.5420878,0.55109185,0.5980354,0.53919774,0.5913207,0.3895595,0.51913774,0.6050095,0.70936733,0.5321886,0.55125153,0.45411608,0.53055173,0.55217063,0.37051535,0.54654175,0.68375504,0.69179624,0.51937973,0.67168427,0.6977954,0.48376602,0.7378409,0.62436926,0.45435965,0.7154897,0.80094457,0.48896024,0.8666438,0.8402389,0.467328,0.8444612,0.86178917
31,0,0.55306333,0.4950974,0.7036475,0.5813083,0.5546947,0.69986475,0.5413891,0.5523564,0.5528549,0.53896385,0.59154564,0.42461056,0.5188011,0.60485274,0.73988754,0.532732,0.5524892,0.44660375,0.5309352,0.5655711,0.15596308,0.54585165,0.68257236,0.6043861,0.51962906,0.6703353,0.74907476,0.48460445,0.7386941,0.69073874,0.455036,0.714862,0.8023085,0.4880625,0.8685027,0.76965445,0.4678499,0.8446456,0.9098365
32,0,0.552463,0.49546131,0.72216743,0.58070064,0.5539076,0.85589933,0.5419792,0.5520181,0.67610955,0.5385136,0.5916071,0.5178856,0.5187308,0.6048577,0.83976424,0.5333012,0.55004656,0.40106985,0.53055495,0.5490862,0.3991612,0.5470877,0.68081456,0.70178616,0.5198362,0.67043686,0.81682724,0.48374686,0.738664,0.78690356,0.45436227,0.7153908,0.8746545,0.48833212,0.86567473,0.7106278,0.46718213,0.8440537,0.9087781
33,0,0.5523729,0.49489278,0.749477,0.5812022,0.5547387,0.6591105,0.5419877,0.5527328,0.62853044,0.53898656,0.59117866,0.42909524,0.5189699,0.6055509,0.81119835,0.5330128,0.55186087,0.53483504,0.5312036,0.5527858,0.359785,0.54759485,0.6820434,0.7397199,0.5201089,0.6712948,0.80098987,0.48383313,0.7378743,0.7014334,0.45385993,0.7159668,0.85433555,0.48921743,0.8658651,0.84099585,0.46740922,0.8448831,0.9389605
34,0,0.5516889,0.49423116,0.7987409,0.5826065,0.55192,0.69842494,0.54236645,0.5517664,0.73393863,0.53734756,0.5919265,0.46311843,0.5183657,0.60626614,0.7427957,0.5318162,0.5501616,0.4334091,0.529929,0.5509117,0.49494302,0.54878974,0.6799478,0.6577626,0.5209786,0.66944456,0.8574948,0.4836998,0.7386548,0.6788992,0.45413792,0.71575546,0.84923655,0.48901522,0.8670176,0.86092037,0.46732658,0.84532654,0.9410767
35,0,0.5523295,0.49466243,0.716262,0.5821964,0.55396193,0.76812506,0.54139906,0.55303913,0.7428685,0.5387796,0.59083223,0.51321316,0.51786643,0.6065178,0.7325688,0.5331277,0.5511642,0.61803263,0.5313536,0.5510525,0.39868018,0.54604477,0.6796334,0.72277087,0.51909184,0.66957915,0.76423156,0.48340008,0.73928505,0.81999683,0.45401734,0.71508425,0.7788741,0.48829126,0.86764,0.8189854,0.4680952,0.84427583,0.81213254
36,0,0.55217004,0.49554393,0.71624535,0.58214504,0.55415726,0.8453629,0.54230493,0.55235857,0.71784884,0.53817064,0.5919539,0.5374916,0.51784724,0.60749906,0.6248409,0.5324514,0.55080825,0.49671215,0.53045624,0.55089414,0.31526968,0.54636025,0.68199635,0.8235731,0.5183705,0.6711453,0.7354511,0.48311836,0.7374782,0.7641243,0.453553,0.71530116,0.85435677,0.48899305,0.8647944,0.8059942,0.46780738,0.84353197,0.8752691
37,0,0.5524435,0.49639112,0.73236537,0.5813999,0.5544262,0.869543,0.54212856,0.55163956,0.7021184,0.53812885,0.5920916,0.47303233,0.5184594,0.605012,0.8637174,0.5330962,0.5505651,0.4223393,0.53089607,0.5504052,0.40891856,0.54668975,0.6803876,0.82928115,0.5202295,0.66934234,0.8360423,0.4845281,0.7391944,0.75285184,0.4545832,0.7152755,0.84872675,0.48832187,0.86596125,0.90388715,0.46697313,0.8445847,0.87640435
38,0,0.551798,0.49540123,0.85616875,0.58267444,0.5531062,0.67497087,0.5421164,0.5507082,0.7917772,0.5374879,0.5919569,0.5498255,0.5178968,0.60721004,0.7836575,0.5322944,0.55012625,0.5639357,0.530396,0.5497222,0.42596543,0.54876775,0.677827,0.74784267,0.519632,0.66715676,0.8783425,0.48320332,0.7369589,0.83592343,0.45317256,0.71532184,0.9174794,0.48864463,0.86576676,0.8529084,0.4669663,0.8443824,0.95553493
39,0,0.5518927,0.4946952,0.7832143,0.5824878,0.55357057,0.73275006,0.541239,0.5521932,0.7746544,0.5387078,0.59035444,0.51618725,0.51826054,0.6045236,0.8696012,0.5325337,0.54859066,0.48861098,0.53112257,0.5481689,0.35422415,0.54718006,0.67877424,0.8017269,0.5192777,0.6679054,0.69960123,0.4831937,0.7400235,0.78368247,0.4540253,0.7141814,0.7518894,0.48802105,0.86596566,0.80090684,0.46758625,0.84288466,0.8762237
40,0,0.5514118,0.49581373,0.8718817,0.58315873,0.5525611,0.8916945,0.54231423,0.5504063,0.8120982,0.5373581,0.5919217,0.5576219,0.5177525,0.6071151,0.7582002,0.5323689,0.5497679,0.590843,0.53064424,0.5489119,0.42777163,0.54919416,0.67696244,0.7755483,0.51988703,0.666295,0.8889601,0.4834298,0.7397244,0.85756683,0.4536373,0.7151808,0.77710855,0.48863322,0.8656653,0.8311541,0.46710104,0.8427017,0.9437899
41,0,0.5516552,0.495165,0.75232446,0.5833067,0.5523595,0.785567,0.5412107,0.5517022,0.8182543,0.5380707,0.59025854,0.51336724,0.5181622,0.60624516,0.6999424,0.5337718,0.5480019,0.5285933,0.5315954,0.5467796,0.42470425,0.54766536,0.67719966,0.84088206,0.5194271,0.6643871,0.68662924,0.4829497,0.73975414,0.7896188,0.45431438,0.7136542,0.918035,0.48749933,0.8660466,0.77155834,0.4671776,0.84327215,0.94931376
42,0,0.55223304,0.4949876,0.64794666,0.58098626,0.55424976,0.8781273,0.54205906,0.5511264,0.76059973,0.5387377,0.59028673,0.4529599,0.51807046,0.60498,0.8689045,0.5323801,0.5529617,0.567227,0.52974993,0.5678714,0.26722425,0.54766464,0.68100464,0.86898655,0.5197201,0.66878074,0.79468846,0.4831715,0.73887,0.8507525,0.45343465,0.7139561,0.75892234,0.48853865,0.86505616,0.8578198,0.46669334,0.84476274,0.912679
43,0,0.5518818,0.49495274,0.85546803,0.58317757,0.5521362,0.71335375,0.5418543,0.55098766,0.799844,0.53753257,0.59155124,0.5519637,0.5175847,0.606836,0.83850986,0.5322389,0.54895926,0.563447,0.53032875,0.54893994,0.51179177,0.54924023,0.6770611,0.7699232,0.5191645,0.6661384,0.8649395,0.48301074,0.7371632,0.82048535,0.45324957,0.715701,0.92182887,0.48901606,0.86601096,0.8704949,0.46751297,0.8435634,0.9455663
44,0,0.55210954,0.4959228,0.68862826,0.5823811,0.5537174,0.6404145,0.54130703,0.5519818,0.7476829,0.53862745,0.59010416,0.49919635,0.51866883,0.6040637,0.80474126,0.5333043,0.5483287,0.38409656,0.5315611,0.5529541,0.35365435,0.5472322,0.67965865,0.8184607,0.5195768,0.66796434,0.696105,0.4835166,0.7398998,0.750248,0.45406833,0.713975,0.86013013,0.48828068,0.86694264,0.7972047,0.46741632,0.8444611,0.9012396
45,0,0.5515829,0.49545136,0.8324431,0.5828121,0.55393326,0.8983492,0.5419992,0.5512466,0.71251214,0.5385363,0.5915203,0.5358679,0.51782024,0.60725456,0.73817885,0.5322234,0.5496474,0.4959365,0.5315235,0.55154586,0.3468648,0.54835856,0.67788005,0.6949167,0.5196337,0.66750616,0.8513428,0.48326552,0.73918355,0.8454235,0.4534034,0.71512717,0.78815633,0.48827267,0.864993,0.8664454,0.4674377,0.8436118,0.8771132
46,0,0.55185187,0.49507627,0.8051508,0.58262557,0.55447024,0.9133791,0.54204303,0.55142474,0.7044543,0.53840005,0.5910076,0.5137044,0.5183648,0.6044315,0.87236476,0.5323772,0.5491253,0.46301112,0.5310249,0.54968536,0.35437596,0.54755026,0.6780883,0.77457416,0.5198596,0.6675944,0.6926908,0.4830362,0.7398849,0.7644293,0.45440635,0.7140421,0.89299655,0.48790917,0.8659902,0.7735036,0.46714732,0.8450369,0.92437255
47,0,0.55194527,0.49510452,0.80356133,0.5826796,0.5543222,0.91526115,0.54165876,0.55198634,0.7319065,0.5387186,0.590799,0.5211765,0.51801795,0.6040487,0.8564122,0.5330101,0.5488719,0.48645896,0.5312053,0.5495176,0.3808095,0.5479457,0.680091,0.797301,0.5195592,0.66896087,0.7010774,0.48325357,0.73968244,0.7536137,0.45391664,0.7150023,0.87243736,0.4881517,0.8661979,0.7935899,0.46718052,0.8451838,0.8973362
48,0,0.5516319,0.49503818,0.8660336,0.5829137,0.5525167,0.65873337,0.5418793,0.5496255,0.86194044,0.5377849,0.59140116,0.58744437,0.5173517,0.60736495,0.84777164,0.532169,0.54887694,0.59068066,0.5300871,0.54791343,0.48026925,0.54983217,0.6756847,0.76100326,0.51932234,0.665885,0.85786676,0.4829855,0.7364352,0.7810097,0.4532512,0.7149457,0.89284384,0.48851836,0.86616075,0.8842697,0.4672661,0.844195,0.8582465
49,0,0.5521787,0.49466932,0.62488127,0.5820382,0.55362374,0.8967503,0.54126275,0.5504937,0.78326297,0.5389639,0.5893651,0.5335302,0.5177342,0.6048442,0.886503,0.5325271,0.551992,0.6525859,0.530507,0.554169,0.4092232,0.54820573,0.6775417,0.8516142,0.5198019,0.6666356,0.847825,0.48298702,0.7390042,0.8360873,0.45365745,0.7138832,0.90248746,0.48800915,0.86561394,0.8263615,0.46716937,0.8440534,0.9133848
50,1,0.55188835,0.49496624,0.85999703,0.58370155,0.5521871,0.7263453,0.5403881,0.550073,0.7915575,0.5375188,0.59126955,0.5227776,0.5175519,0.60755783,0.76773274,0.5326478,0.5488994,0.55861497,0.53133404,0.54942024,0.42488298,0.5489347,0.6765507,0.80036825,0.5197063,0.6639909,0.744722,0.48273462,0.7388206,0.88849115,0.453136,0.7139813,0.9439788,0.4883576,0.865157,0.8613177,0.46740684,0.84429073,0.67679447
51,1,0.5512525,0.49475235,0.75090814,0.5834247,0.5508846,0.8002157,0.54147476,0.5483803,0.89255244,0.5376785,0.5895968,0.50342286,0.5177115,0.6060404,0.74375886,0.53233045,0.55165356,0.65812415,0.53060585,0.5526574,0.41839513,0.55077916,0.67516434,0.8649892,0.520078,0.6633189,0.8998921,0.482289,0.7387668,0.85588807,0.45312503,0.71397895,0.9299965,0.4886388,0.86422706,0.8560423,0.46777096,0.8432345,0.87301403
52,1,0.5522534,0.49460912,0.65625334,0.58371466,0.55311066,0.71983135,0.5405131,0.5501697,0.7920515,0.5389421,0.58843136,0.47894853,0.5170372,0.60605097,0.8856905,0.53263086,0.5525153,0.64441466,0.5306303,0.56761,0.2813145,0.5488352,0.67870814,0.8829897,0.5200401,0.6672262,0.80666685,0.48173237,0.7388743,0.78811246,0.45399627,0.71474,0.8712256,0.48815843,0.8651225,0.7471117,0.46797484,0.8454498,0.7711749
53,1,0.55221283,0.49418166,0.7897904,0.582864,0.5534486,0.7562956,0.54094994,0.5515501,0.7639294,0.5389106,0.5907537,0.5539555,0.5188005,0.6042602,0.8382651,0.53311086,0.54824686,0.51708686,0.5312279,0.54800886,0.3772102,0.54650676,0.6805925,0.78942937,0.51852524,0.6689269,0.61038536,0.48346183,0.73996514,0.7482253,0.45421326,0.7154866,0.86182344,0.48781604,0.86667156,0.7956617,0.4677061,0.844051,0.8361536
54,1,0.5522289,0.49629998,0.7774314,0.58186746,0.55520016,0.8762099,0.54219127,0.5514428,0.7107864,0.538934,0.59040797,0.4585017,0.5185095,0.60512817,0.8746456,0.5327324,0.5498467,0.46262258,0.5304501,0.55029535,0.33259836,0.5461522,0.6825043,0.7890234,0.51897836,0.67032254,0.6880243,0.48330936,0.7382259,0.7145105,0.4537957,0.7162175,0.8557881,0.48851985,0.8666828,0.86991334,0.46750608,0.84447175,0.79849946
55,1,0.5525284,0.49626645,0.7484442,0.5816231,0.55455863,0.6483008,0.5421944,0.551556,0.7040508,0.5386666,0.5914935,0.5200975,0.51843244,0.60493875,0.6897209,0.53228694,0.54997444,0.5279487,0.5305162,0.55040795,0.32529834,0.5468543,0.6810516,0.8112294,0.5202195,0.66915977,0.82447976,0.48462468,0.7386906,0.6680662,0.45454168,0.7150517,0.8655976,0.48865554,0.86674345,0.89604753,0.46713176,0.844133,0.8904559
56,1,0.55225945,0.49551103,0.77182615,0.58194256,0.5544126,0.6889738,0.541497,0.55236304,0.7002901,0.5388909,0.59079254,0.54805577,0.51831627,0.6067455,0.69231516,0.5328766,0.55037636,0.5883562,0.5301462,0.5500428,0.358172,0.546726,0.68054557,0.75892013,0.5196132,0.6700118,0.8270991,0.48324928,0.7372544,0.7590088,0.45349994,0.715688,0.86727047,0.4888698,0.8665764,0.83952314,0.46767083,0.8443878,0.76547897
57,1,0.55211526,0.4958271,0.7807077,0.5815083,0.554767,0.87807095,0.54205257,0.5517831,0.68765485,0.5390595,0.5910269,0.55718464,0.5182251,0.60661274,0.6534989,0.5323785,0.5496521,0.42152914,0.53177977,0.55047643,0.41544655,0.5459503,0.681759,0.7388487,0.5191705,0.6705963,0.79694426,0.48342296,0.7372068,0.70698524,0.45373923,0.71585304,0.8403167,0.48885393,0.86558574,0.8607582,0.46749324,0.8442922,0.8118903
58,1,0.55281854,0.49608865,0.6673979,0.5809263,0.5552588,0.8334369,0.5420145,0.55041295,0.63208073,0.53921026,0.5910786,0.47171682,0.5185058,0.60466784,0.5365224,0.53265685,0.54987985,0.4617728,0.5305663,0.5504756,0.4265283,0.5470692,0.6817672,0.6274295,0.51942354,0.67048043,0.74221826,0.484077,0.7380376,0.6698959,0.454608,0.7153846,0.8122946,0.4883934,0.86667323,0.5905352,0.46672815,0.8455678,0.84979874
59,1,0.5529074,0.4956158,0.7433073,0.5823001,0.5537747,0.729816,0.5414546,0.5511012,0.70676345,0.5390656,0.59039146,0.46117356,0.5180397,0.6054887,0.68150526,0.5317199,0.5525712,0.4864666,0.53032947,0.5640388,0.24924174,0.5478026,0.68011224,0.850927,0.52114946,0.66846275,0.86023986,0.4837509,0.738345,0.6839613,0.45433944,0.71424365,0.8583363,0.48869768,0.8666358,0.91301185,0.46778646,0.843413,0.88706106
60,1,0.5525173,0.4947277,0.7716068,0.582317,0.5536753,0.76928204,0.5413114,0.5524007,0.75248295,0.5390256,0.5908869,0.55484205,0.51854783,0.60624254,0.71151364,0.5331542,0.54899216,0.43444875,0.53067994,0.5488799,0.38697472,0.54694253,0.6789327,0.86541665,0.5195439,0.66766995,0.81015635,0.48288462,0.7378367,0.6692607,0.45380133,0.7154664,0.8102942,0.4883633,0.8673566,0.8511208,0.46728092,0.84406275,0.8254264
61,1,0.55213994,0.49581298,0.8035598,0.58246803,0.55450445,0.8969699,0.5416065,0.5524167,0.73264104,0.5387462,0.5906382,0.5233154,0.5183168,0.6047377,0.8567679,0.53208673,0.5501882,0.39219227,0.53026694,0.5557307,0.32338408,0.54733914,0.6801787,0.6467067,0.5194751,0.6691942,0.7081446,0.4828264,0.737671,0.6483795,0.45359418,0.71567136,0.78971153,0.48826206,0.86515355,0.86517566,0.4668663,0.84377056,0.8740282
62,1,0.5516994,0.49572748,0.8135441,0.5822122,0.55426186,0.88960755,0.54224586,0.55289686,0.6058437,0.5387945,0.5910051,0.5878733,0.51809317,0.6062052,0.76471066,0.53209496,0.549904,0.45421058,0.53146946,0.55085623,0.4452297,0.5463664,0.67988014,0.77032495,0.518171,0.6687162,0.6191998,0.48298454,0.73748076,0.7312278,0.45337114,0.7154511,0.83750105,0.4883819,0.86599106,0.8593865,0.4673168,0.84375834,0.86728984
63,1,0.55186653,0.49619168,0.78197414,0.58288246,0.5533635,0.7952828,0.54357916,0.55064356,0.7043708,0.53763306,0.59171283,0.59089714,0.5178439,0.60665506,0.7036715,0.5318445,0.55044824,0.59988534,0.530103,0.5509148,0.3223918,0.5472434,0.6786998,0.7124336,0.5190246,0.6689718,0.8684081,0.4827023,0.73726314,0.7597972,0.4534276,0.7152541,0.8573438,0.4883548,0.8652409,0.86500365,0.46748367,0.84386843,0.8916895
64,1,0.5521277,0.4957128,0.8086669,0.5825247,0.55417514,0.91374296,0.5410259,0.55184937,0.73985285,0.5387144,0.59064966,0.5020508,0.518027,0.6056259,0.8839568,0.5322368,0.5498289,0.42614463,0.5300572,0.5642916,0.23457105,0.54855496,0.6785972,0.72538644,0.5193677,0.6686558,0.856111,0.48330656,0.73729205,0.76523733,0.45320013,0.71509165,0.86661935,0.48848972,0.8657283,0.8168492,0.46733743,0.84388137,0.8551863
65,1,0.5518541,0.4954504,0.8429993,0.58214504,0.5520313,0.9164877,0.5426177,0.55097735,0.75384116,0.53798133,0.59097075,0.5391692,0.51800036,0.60696304,0.7996736,0.53203315,0.5495012,0.5492742,0.5300122,0.55184966,0.350989,0.54757404,0.6768576,0.76754475,0.5192759,0.6656165,0.83973473,0.48332304,0.73918194,0.8348168,0.45392928,0.7146551,0.9219674,0.48776397,0.867036,0.78039414,0.46700588,0.84309363,0.8859627
66,1,0.55273443,0.4950283,0.53216153,0.5806805,0.5550659,0.8303558,0.54192096,0.5505594,0.7235421,0.5393051,0.59046155,0.4319563,0.51827234,0.60504,0.79732156,0.5322859,0.553656,0.40226272,0.5298564,0.56842774,0.24945478,0.5471963,0.6834631,0.790729,0.5193302,0.66939414,0.70214486,0.48328254,0.7389447,0.7806525,0.45350602,0.7147527,0.717472,0.48858702,0.8667366,0.83734787,0.46728212,0.8451175,0.864743
67,1,0.5531788,0.49568364,0.7075037,0.58191466,0.5543479,0.7065007,0.5411527,0.55168074,0.7045249,0.5393336,0.5907168,0.46422848,0.5178942,0.6054912,0.65415186,0.5319091,0.5530638,0.4703258,0.5299279,0.5646305,0.25332168,0.5481264,0.68089986,0.85481125,0.5207676,0.6692138,0.85864455,0.48392782,0.73879886,0.6943004,0.454292,0.71476156,0.86904854,0.48874763,0.8668466,0.91252637,0.46756095,0.8438232,0.86775744
68,1,0.55268794,0.49451622,0.74045485,0.5818311,0.5546208,0.7540876,0.5414263,0.55242336,0.6921611,0.5392765,0.59018135,0.51916337,0.51814747,0.6049028,0.70104706,0.53341824,0.551144,0.5697935,0.53050256,0.550263,0.36125082,0.5450842,0.68238884,0.6944554,0.5181053,0.6706564,0.5605221,0.4835081,0.73930657,0.7810275,0.45370418,0.71564794,0.76502496,0.48826945,0.86835724,0.80453897,0.46785447,0.84490573,0.7787356
69,1,0.5519915,0.49672976,0.7713962,0.5831575,0.55461687,0.8417278,0.54280365,0.55108005,0.69619596,0.53825784,0.59084177,0.4560961,0.5174519,0.6053868,0.8364064,0.5313843,0.55020314,0.5700157,0.5297312,0.5496873,0.4015824,0.5480829,0.6791755,0.8520902,0.5201781,0.6686975,0.7640967,0.48392737,0.73834723,0.86480856,0.45380026,0.7155831,0.7536295,0.48781714,0.8656648,0.7867254,0.46677667,0.8437632,0.9312985
70,1,0.55220985,0.49506164,0.76331663,0.58235437,0.55402476,0.7074611,0.541549,0.552752,0.73682755,0.5389744,0.59044653,0.5337937,0.5182203,0.6061276,0.71032876,0.53257424,0.54968375,0.4027364,0.530943,0.55035627,0.39408565,0.5477505,0.6792812,0.7819113,0.5196157,0.6687302,0.8254252,0.4832798,0.73835504,0.8322017,0.45339462,0.715179,0.7801558,0.4883066,0.8667252,0.8370734,0.46742967,0.8443301,0.86406565
71,1,0.55161643,0.49552336,0.84674054,0.58255523,0.553404,0.8974443,0.5422737,0.55102676,0.77710754,0.53833085,0.59058475,0.5721882,0.51741385,0.6071889,0.83327544,0.53175044,0.5494237,0.5304057,0.5296653,0.5505738,0.3673143,0.5489695,0.67683184,0.72847897,0.5198622,0.6655959,0.87415844,0.4823564,0.7372796,0.691811,0.4533476,0.7147198,0.83975995,0.4877261,0.86505336,0.839498,0.46706942,0.843877,0.91149974
72,1,0.5526086,0.4957116,0.70905596,0.581502,0.5545157,0.83990806,0.5413056,0.55183154,0.7133064,0.5390697,0.5898223,0.5136351,0.51835847,0.6036899,0.79400694,0.5339058,0.55097556,0.6415508,0.5317721,0.5527953,0.3332792,0.54628927,0.68211013,0.7977266,0.51934564,0.66827226,0.81031644,0.48266652,0.74049616,0.78049666,0.454137,0.71399045,0.79768926,0.4875502,0.8668717,0.70734596,0.46725935,0.84502727,0.9077123
73,1,0.55217767,0.49664345,0.82480896,0.582359,0.553954,0.88588625,0.5430943,0.55024916,0.6149357,0.5384871,0.59140766,0.56572706,0.51779395,0.60598725,0.72203815,0.5327408,0.5498063,0.5482559,0.53068143,0.5501039,0.35203394,0.5459742,0.68166935,0.77322173,0.51908934,0.66980106,0.8263088,0.48310107,0.7381826,0.7223956,0.45344582,0.71586293,0.87581575,0.48883963,0.86675197,0.827716,0.46732548,0.8455874,0.8239428
74,1,0.55279714,0.49587923,0.6819368,0.5818797,0.5549804,0.85597295,0.54184955,0.5510815,0.6754509,0.5389787,0.5901359,0.4019573,0.5181748,0.6053662,0.70204484,0.5324296,0.55275774,0.51737756,0.5299615,0.5632762,0.21843474,0.5481314,0.6806531,0.7398202,0.52040064,0.66901124,0.6971824,0.48403963,0.73872596,0.75734735,0.4540781,0.7155342,0.7122811,0.4884064,0.866846,0.90461236,0.46697262,0.84440047,0.9150312
75,1,0.5528239,0.4944591,0.7435618,0.58202136,0.5540639,0.7435044,0.5417238,0.55169964,0.69507027,0.538894,0.5904442,0.5025756,0.51819044,0.60522777,0.65995586,0.5332869,0.5493758,0.39044932,0.5310796,0.54967433,0.3917242,0.54618263,0.68216145,0.75709325,0.5188932,0.6703472,0.5832033,0.48357964,0.73952764,0.7746638,0.45352158,0.7158287,0.7437035,0.48851764,0.86674565,0.8178169,0.46764955,0.8455315,0.7567985
76,1,0.5528621,0.49616885,0.6597602,0.5809298,0.55553,0.82635385,0.54232633,0.5501806,0.6325755,0.5390369,0.591015,0.48004398,0.51823074,0.60394293,0.58449954,0.5329982,0.5496627,0.5018709,0.5309667,0.55012184,0.37215412,0.5460806,0.68253475,0.6412833,0.5192884,0.67048264,0.7414838,0.4836191,0.7376333,0.6877431,0.45453838,0.7155477,0.80978155,0.48832023,0.8663632,0.5939546,0.46634585,0.84596455,0.86076033
77,1,0.55310684,0.4958573,0.62925345,0.5818319,0.5542425,0.64817077,0.5412703,0.55081844,0.61246496,0.5387144,0.59081817,0.46027526,0.51799846,0.60489345,0.7180964,0.53283244,0.5530034,0.49105692,0.53074175,0.5540406,0.3841076,0.5473401,0.6810319,0.8612956,0.5208753,0.66889805,0.8749352,0.48429817,0.73826194,0.80103815,0.45403787,0.7139383,0.8819852,0.48820627,0.8670963,0.77395207,0.46753803,0.84484714,0.872604
78,1,0.5525524,0.49430496,0.7749213,0.582598,0.5538879,0.76182723,0.5414906,0.551457,0.721324,0.53859544,0.5907368,0.50434625,0.51829386,0.6057355,0.70260084,0.53286046,0.54891056,0.44778565,0.53136116,0.54943323,0.38345993,0.54601514,0.6810512,0.7549919,0.51915824,0.670033,0.7819496,0.48307303,0.73817784,0.62207544,0.45338327,0.71603423,0.7952095,0.48846495,0.8663001,0.8325535,0.46784514,0.8458112,0.75079155
79,1,0.55298007,0.49615484,0.6257731,0.58100355,0.5562335,0.787588,0.5420662,0.5499703,0.6323489,0.53902394,0.5910183,0.45677823,0.5183947,0.6050615,0.7967609,0.53258544,0.55184776,0.481939,0.5308589,0.55259174,0.35002258,0.5468556,0.6841132,0.70952725,0.51941055,0.67127144,0.75243676,0.4836938,0.7374805,0.700544,0.4541488,0.7152139,0.79185,0.48883295,0.8663349,0.8077119,0.46694362,0.84551764,0.90604
80,1,0.5527293,0.49513724,0.6041883,0.5825025,0.5538588,0.7656586,0.5415913,0.55133486,0.6557533,0.53851414,0.5906241,0.49790105,0.51795137,0.60488284,0.6536208,0.53195786,0.5516836,0.51243055,0.5303921,0.5552199,0.32557395,0.54717404,0.68152535,0.8632582,0.5205878,0.66863,0.8322815,0.48441124,0.73710847,0.81062144,0.45416832,0.71476066,0.7595369,0.48826903,0.86716115,0.88604736,0.4674254,0.84498227,0.71084666
81,1,0.5518534,0.49507278,0.8327909,0.58321095,0.5526665,0.7104014,0.5421971,0.54987925,0.8161698,0.53679925,0.59103316,0.51058716,0.51773995,0.6062714,0.8461198,0.53244823,0.5492992,0.5540604,0.53071815,0.5501981,0.48224515,0.549634,0.6765471,0.7619505,0.52027595,0.66604125,0.88036656,0.48309293,0.73700064,0.81174546,0.45314535,0.7152136,0.905701,0.48842287,0.86609733,0.8432298,0.46750495,0.84365964,0.9314005
82,1,0.5526736,0.49483868,0.41146952,0.5816143,0.5557882,0.64791054,0.5416468,0.5503427,0.68689626,0.5392028,0.58913416,0.41209695,0.51815325,0.6035553,0.7287591,0.53363115,0.5518562,0.57283765,0.5317053,0.5610498,0.18369393,0.5452248,0.6822981,0.75949323,0.51882756,0.66879,0.72499585,0.482837,0.7407473,0.7674002,0.4543605,0.7141816,0.7699236,0.4872628,0.86737627,0.6581328,0.46740016,0.84511095,0.8351267
83,1,0.5524429,0.49696362,0.618742,0.58208346,0.55474985,0.8644834,0.5426236,0.55066097,0.7435116,0.5385076,0.5904774,0.41713572,0.517381,0.60690475,0.6237798,0.531619,0.552869,0.5724562,0.5291653,0.557067,0.32143596,0.5494246,0.678921,0.8587826,0.5208402,0.66820985,0.7762808,0.48392925,0.73888695,0.8723712,0.45383066,0.71483976,0.8029882,0.48826176,0.8666539,0.9184781,0.46681106,0.84467757,0.9302955
84,1,0.55232686,0.49468586,0.71425056,0.58240765,0.5541881,0.77079266,0.54123634,0.551051,0.7153361,0.5387545,0.5903816,0.47667575,0.5179917,0.60577786,0.6857955,0.53351104,0.5520044,0.60520536,0.5321687,0.5507792,0.4088607,0.54594505,0.67984736,0.70479465,0.5201292,0.6687069,0.8941235,0.48289272,0.7391303,0.7554169,0.45412105,0.7150085,0.8772655,0.48762307,0.8669219,0.7608521,0.46737975,0.84369856,0.8298657
85,1,0.55232114,0.49631262,0.80336404,0.5818376,0.55461204,0.9047201,0.5410589,0.55155444,0.7024022,0.53849345,0.5908365,0.52880824,0.51757646,0.60634536,0.68252933,0.53283304,0.5498732,0.4521197,0.5306016,0.55086833,0.36560568,0.54572374,0.6814859,0.81266844,0.5183854,0.66967267,0.6909289,0.48314375,0.73716354,0.8026423,0.45316666,0.71497375,0.8819861,0.488328,0.8654492,0.8319755,0.46715137,0.8439818,0.85731024
86,1,0.5525138,0.4965254,0.6631508,0.5817534,0.5547364,0.8683335,0.5421683,0.5503027,0.6814648,0.53814405,0.5911893,0.48783967,0.517996,0.60524327,0.86900896,0.531889,0.5504637,0.53612304,0.5290171,0.565139,0.16144587,0.5484193,0.67967445,0.6716359,0.5207259,0.6692758,0.87574404,0.4837427,0.7389237,0.72849476,0.45402282,0.7152477,0.86623466,0.48861977,0.866727,0.8556317,0.4664737,0.8453904,0.9218354
87,1,0.55298334,0.49453488,0.6865586,0.58154756,0.554822,0.7374724,0.5413856,0.5528603,0.7056346,0.5394765,0.59026664,0.44591263,0.51855576,0.60391504,0.8163106,0.53395337,0.552596,0.5416317,0.53066367,0.5510013,0.40053046,0.5451609,0.68257105,0.67858803,0.5185031,0.6710029,0.57617044,0.4834221,0.7394537,0.7664688,0.45381418,0.71541035,0.7694875,0.48839626,0.86739755,0.8179835,0.46753395,0.8447469,0.9358466
88,1,0.55162513,0.4967644,0.88202435,0.5834343,0.551362,0.8313819,0.54239017,0.5493619,0.83697987,0.536373,0.592389,0.59247875,0.5167441,0.60572225,0.85063624,0.5339467,0.5442036,0.514271,0.53013426,0.5455979,0.48233378,0.5489016,0.6757193,0.8646424,0.5190263,0.6645397,0.6780451,0.48328587,0.73828137,0.892804,0.45312983,0.7151622,0.9486368,0.48831505,0.8656268,0.92406946,0.46640986,0.84384745,0.95560664
89,1,0.5524948,0.49496195,0.7592357,0.58225375,0.55356836,0.6708454,0.5414845,0.5497495,0.81594193,0.5384675,0.5894632,0.46115094,0.51726997,0.6046971,0.87433475,0.5320954,0.5512393,0.6065528,0.530036,0.5537783,0.40780386,0.54903406,0.6788688,0.7809346,0.52022856,0.6674998,0.8060627,0.4828594,0.73979795,0.7728466,0.45320863,0.7141336,0.8471341,0.4880024,0.8654029,0.8107554,0.46698996,0.8449897,0.91700274
90,1,0.5526011,0.49475425,0.7175736,0.58190143,0.5539549,0.7611321,0.5412207,0.55281883,0.7218605,0.5392422,0.58983773,0.4928925,0.51814604,0.604111,0.84524196,0.53339154,0.55186385,0.61508906,0.5309802,0.5544851,0.3091322,0.54435176,0.68164223,0.8158323,0.5186732,0.66959906,0.77449304,0.48339018,0.74004054,0.77834404,0.4538391,0.7148919,0.8822933,0.48770136,0.8676104,0.77417356,0.46723455,0.84467477,0.8665257
91,1,0.5519817,0.4963172,0.76163244,0.5830937,0.55258465,0.7667169,0.5432665,0.55021,0.7716598,0.53799033,0.5908714,0.46765158,0.51776606,0.6057423,0.80966043,0.5311809,0.55019736,0.5849204,0.52989656,0.5488827,0.4007277,0.5460842,0.67976016,0.63131785,0.51958096,0.6689925,0.87729454,0.48412302,0.7391712,0.76732206,0.45405796,0.7147174,0.8853019,0.48763976,0.86497647,0.874786,0.4667583,0.84242356,0.75487155
92,1,0.5524313,0.4961081,0.7787698,0.582254,0.5544765,0.90742683,0.5418765,0.5511286,0.7401596,0.5380946,0.5905848,0.5144557,0.51765454,0.60577494,0.90339917,0.532675,0.5499213,0.44054046,0.52824885,0.57167315,0.1863662,0.5465461,0.68206877,0.84337926,0.5189902,0.6691974,0.76232004,0.4829655,0.7376961,0.83475715,0.4530361,0.71522385,0.9232975,0.488764,0.8651731,0.8704285,0.46699914,0.8438421,0.7923073
93,1,0.5521769,0.495712,0.83794385,0.5825322,0.5534823,0.9153788,0.54211724,0.5507969,0.7216307,0.5378669,0.5910605,0.5019113,0.5177663,0.6063174,0.68122077,0.53236896,0.5502975,0.45681268,0.52973336,0.5651087,0.2130882,0.5476892,0.67996997,0.62664115,0.5200552,0.6683825,0.8483323,0.48336074,0.73788965,0.75086653,0.45405227,0.7142875,0.8695658,0.4887835,0.86551017,0.8978728,0.46645457,0.8446619,0.91329825
94,1,0.5521715,0.49498552,0.8011347,0.5826576,0.5534564,0.7306976,0.54181844,0.550539,0.6954078,0.53820676,0.59122723,0.5260923,0.5177923,0.6070496,0.77603143,0.5326147,0.54890746,0.5111091,0.5310136,0.5503291,0.39459875,0.5490981,0.67736024,0.8446681,0.52021724,0.6661918,0.8869797,0.48280704,0.7368198,0.77852905,0.45306712,0.7149647,0.87037545,0.4882835,0.86603576,0.8092862,0.46735373,0.84402007,0.85740256
95,1,0.5525568,0.495227,0.72048056,0.58228225,0.55402166,0.6731386,0.5407716,0.5522126,0.7256654,0.53926617,0.58930326,0.50419915,0.5181602,0.60383475,0.8343286,0.53309184,0.5505798,0.6299162,0.53130955,0.5533251,0.3145371,0.54636633,0.6794497,0.77130234,0.5186653,0.66752595,0.6141186,0.48274106,0.7407423,0.80210584,0.4539598,0.7136011,0.86041325,0.48744676,0.86632025,0.8726202,0.467647,0.8442835,0.86649716
96,1,0.55193514,0.4964879,0.83834225,0.5830156,0.5548198,0.8601223,0.5422783,0.5507434,0.7376661,0.5386097,0.5907038,0.4679821,0.51807773,0.6057738,0.8473035,0.5323034,0.5499435,0.561003,0.528696,0.56320065,0.17869568,0.5484105,0.6792725,0.7621617,0.51960164,0.6687191,0.74578995,0.48296648,0.7372865,0.6982655,0.45340902,0.715219,0.7921586,0.4880789,0.86368114,0.86436206,0.46679577,0.843894,0.87115794
97,1,0.55214745,0.49465698,0.7969675,0.582531,0.5537078,0.7514605,0.54204315,0.55076337,0.6550315,0.5386505,0.59098226,0.5171167,0.517949,0.6063133,0.74258953,0.53223175,0.5487878,0.4802209,0.5306048,0.55023026,0.38112244,0.5487915,0.67825735,0.9068956,0.52032304,0.6674186,0.8693789,0.48278114,0.73724777,0.70479655,0.4532413,0.71481866,0.8112624,0.48819163,0.8673149,0.8430539,0.466843,0.843855,0.8361476
98,1,0.5523741,0.49479115,0.7535458,0.58232605,0.5537547,0.75698483,0.5407283,0.5528303,0.7494497,0.5395087,0.5899308,0.5326124,0.51817596,0.60443777,0.8559104,0.533598,0.5487244,0.42516437,0.5309309,0.5492679,0.37641382,0.54584795,0.67947334,0.7475619,0.5186223,0.66859674,0.8890959,0.4828805,0.7392801,0.8099439,0.45386723,0.7138567,0.90210915,0.48712412,0.86717045,0.75694627,0.46677026,0.843541,0.86907554
99,1,0.5519665,0.49655563,0.7994691,0.5825334,0.55502605,0.843839,0.54236096,0.55144143,0.73040336,0.53815067,0.5914162,0.5604723,0.5180565,0.60612243,0.8047436,0.5319941,0.5502688,0.5328461,0.5280544,0.56437683,0.17629772,0.54723614,0.6814323,0.7127821,0.5190425,0.6704267,0.7302862,0.48320764,0.7373194,0.7047277,0.45360583,0.71526444,0.83844084,0.48760518,0.8664359,0.84195966,0.46719158,0.8431821,0.8541909
100,2,0.5521615,0.4958527,0.85392684,0.5829702,0.5535176,0.6801145,0.5413147,0.54997075,0.8264386,0.5371149,0.59196883,0.5907176,0.51712525,0.6062673,0.79855216,0.53275806,0.5499135,0.58476377,0.5321451,0.5494989,0.45275956,0.5493729,0.6770053,0.7443345,0.51984274,0.66616213,0.88313574,0.48309788,0.7376903,0.87152874,0.4529233,0.71486527,0.9300415,0.48812142,0.866425,0.90572685,0.46699828,0.8443079,0.9342343
101,2,0.5519458,0.49524587,0.5935957,0.58286566,0.5527359,0.76677555,0.541051,0.55161774,0.7778329,0.5387117,0.5891383,0.5403337,0.5178005,0.6061489,0.69968736,0.53334045,0.5508688,0.6869948,0.5311257,0.55229264,0.3282245,0.5464807,0.678342,0.82243246,0.51902854,0.6668701,0.8095099,0.48157853,0.73950785,0.7605172,0.45354316,0.7132443,0.9094054,0.48740304,0.86626124,0.87993056,0.46711397,0.8447599,0.9067026
102,2,0.5516791,0.4962546,0.8769386,0.5833427,0.55379725,0.910861,0.54187065,0.5497686,0.8028464,0.5369911,0.5910034,0.54512894,0.51749027,0.60692555,0.72464824,0.5326202,0.5502752,0.5629406,0.53064215,0.56280744,0.19380653,0.5482608,0.6780614,0.7977509,0.51968956,0.66682106,0.9046769,0.48186976,0.73736024,0.70866233,0.4531432,0.7147942,0.8197048,0.48810637,0.8649638,0.8574567,0.46696702,0.84374976,0.8636237
103,2,0.55251694,0.49631912,0.77760595,0.58289796,0.55371875,0.6998567,0.54147184,0.5513056,0.77721983,0.5386074,0.5906803,0.51197636,0.5177717,0.6045719,0.8801032,0.53290397,0.54913384,0.45099667,0.5305216,0.5698338,0.16389893,0.54614776,0.68075246,0.812733,0.51853627,0.6691206,0.6789067,0.48265013,0.739646,0.76036173,0.45362517,0.7147695,0.8715194,0.48766887,0.86683136,0.7591011,0.467073,0.8442471,0.874032
104,2,0.551884,0.49662295,0.8100208,0.5824393,0.5542712,0.9026528,0.5424119,0.55126715,0.7612847,0.5383826,0.5906663,0.45327315,0.5176195,0.6078177,0.63178235,0.5324441,0.5501989,0.48886687,0.52927613,0.56382245,0.20408069,0.5467814,0.68083227,0.6545427,0.5200597,0.6701829,0.8791887,0.48294494,0.7381218,0.75367063,0.45303208,0.715939,0.892875,0.48856336,0.86606926,0.840224,0.4667358,0.8434414,0.8001659
105,2,0.55255216,0.49553668,0.76684356,0.58198607,0.55428827,0.691312,0.5412434,0.5516456,0.6736991,0.5387877,0.590669,0.49438667,0.51803875,0.6060731,0.6871818,0.53265554,0.5503157,0.36851832,0.53042614,0.564732,0.21285836,0.5468919,0.68101794,0.74905723,0.52017945,0.6699721,0.84170294,0.4827546,0.7370981,0.6220016,0.45363128,0.71478486,0.8691678,0.4887296,0.8667456,0.8811234,0.46652517,0.84436554,0.9506833
106,2,0.5525104,0.49535325,0.76138437,0.58182365,0.55465287,0.68312955,0.541501,0.5516886,0.6560491,0.5392686,0.5906959,0.48261094,0.5181225,0.6066992,0.67276627,0.53338337,0.5526847,0.5227885,0.53055453,0.55260766,0.37127277,0.54782575,0.6808525,0.7780963,0.5202221,0.669776,0.85233474,0.4825835,0.73677576,0.7074523,0.45343435,0.71523243,0.8923339,0.4887365,0.8663224,0.8688365,0.46726406,0.8447748,0.7547846
107,2,0.55206287,0.49480477,0.81594586,0.5828532,0.553334,0.7265598,0.54204214,0.55116683,0.70460176,0.53820807,0.59014195,0.4276836,0.5177818,0.60570914,0.77881044,0.53250295,0.5494517,0.45730215,0.5311066,0.5516241,0.40190628,0.54898536,0.6787766,0.69786364,0.5206939,0.66849625,0.86872697,0.48235944,0.73810023,0.6642378,0.45342743,0.7158725,0.8389151,0.48825493,0.86614054,0.7926338,0.4677607,0.84372,0.7308393
108,2,0.55203176,0.49498558,0.7870112,0.58273405,0.55362976,0.78183806,0.5424935,0.5517331,0.6267858,0.53833604,0.59086823,0.5098938,0.51772624,0.6064714,0.7759407,0.532931,0.55199385,0.64622027,0.53192014,0.5511509,0.39850584,0.5473822,0.6775171,0.89117265,0.51939833,0.6664271,0.8092237,0.48205957,0.73915064,0.79979867,0.45400926,0.71492094,0.922576,0.48757514,0.86653113,0.7840071,0.46742633,0.84356755,0.86487514
109,2,0.5523724,0.49558914,0.7970925,0.58283985,0.553948,0.89583564,0.54187846,0.55047166,0.7675839,0.5381674,0.5906382,0.50802827,0.518286,0.6050858,0.8786055,0.53233576,0.5486091,0.4537662,0.5302759,0.5542553,0.33413497,0.54723126,0.6803627,0.8552293,0.5195209,0.667925,0.7499134,0.48324853,0.74047637,0.7959839,0.4533474,0.7150633,0.75699836,0.4876173,0.8657256,0.8441885,0.46676084,0.84362715,0.8922361
110,2,0.55210197,0.4953012,0.8423137,0.58285767,0.5537212,0.747199,0.54192084,0.55131996,0.73030543,0.5374252,0.59104216,0.49741167,0.51745147,0.60706615,0.7903245,0.5322063,0.5503588,0.4684542,0.5307371,0.5529505,0.3661598,0.5485758,0.6780737,0.75713605,0.5190155,0.66698074,0.8744183,0.48259905,0.7356856,0.81122726,0.45296842,0.71466374,0.92537075,0.48830318,0.8661528,0.8488248,0.4674757,0.84291995,0.93963546
111,2,0.5520596,0.49500343,0.83579135,0.5830085,0.55315524,0.7156944,0.54192126,0.5505419,0.73089445,0.5379813,0.59090215,0.50237155,0.5175931,0.60704094,0.7612171,0.5324279,0.5488626,0.5406643,0.5311543,0.5501856,0.35553196,0.548115,0.67906594,0.74393594,0.51924103,0.6672494,0.7447432,0.48266843,0.73886186,0.8489755,0.45354095,0.71434975,0.7796093,0.4874907,0.8657308,0.81429285,0.467073,0.8430567,0.87115437
112,2,0.55217105,0.49531448,0.81241757,0.5827097,0.5541631,0.68826705,0.5416191,0.55104274,0.7547079,0.53822714,0.5910378,0.48612967,0.518101,0.6052203,0.88797224,0.53218293,0.54998386,0.42693767,0.52973366,0.57123053,0.16729942,0.54641914,0.6804416,0.82233554,0.51846564,0.6688471,0.69748986,0.4829942,0.7380205,0.83237684,0.45351118,0.7154455,0.7842126,0.4874295,0.8664657,0.8241636,0.46698385,0.8427004,0.8529452
113,2,0.5524322,0.49655512,0.72695136,0.581873,0.5550088,0.8865278,0.5420378,0.5504686,0.7002695,0.5383196,0.5913211,0.5111132,0.51819605,0.60558754,0.86785334,0.5326044,0.55009556,0.41845775,0.52951956,0.56357616,0.20400849,0.54659665,0.6822782,0.80323476,0.5192536,0.6703817,0.7364618,0.48292813,0.7374887,0.75135094,0.45324403,0.7157627,0.8754803,0.48795673,0.8668217,0.88002574,0.46692833,0.84387594,0.77825093
114,2,0.552783,0.49600485,0.71879387,0.582283,0.55407876,0.7279967,0.5413494,0.55239105,0.7447726,0.53846973,0.59068775,0.47422343,0.51792496,0.60614204,0.6542178,0.53205967,0.5527143,0.50677204,0.5298005,0.56308365,0.23005699,0.54769826,0.6807409,0.88655984,0.52042985,0.66900325,0.88202757,0.48279044,0.7361036,0.7984372,0.4539799,0.71404755,0.90344185,0.488149,0.8656416,0.6587694,0.4671264,0.843751,0.9012352
115,2,0.55201805,0.4952846,0.81905043,0.5822099,0.5539878,0.697475,0.54208064,0.5519649,0.68892205,0.53858656,0.5903522,0.4755463,0.51775056,0.60652816,0.780144,0.53228813,0.5499803,0.43179497,0.530319,0.5517272,0.3641976,0.5476935,0.6789942,0.80155313,0.5192092,0.6677076,0.65007025,0.48247787,0.7369917,0.7124414,0.45330554,0.7153552,0.84613043,0.4879497,0.8659208,0.7604429,0.46712604,0.84412616,0.85620624
116,2,0.55140746,0.49584067,0.8631317,0.583021,0.5533448,0.9077154,0.5420935,0.55113167,0.79802424,0.53766686,0.5912798,0.58378357,0.5173673,0.6077961,0.79936934,0.5322256,0.54982847,0.5903369,0.53035516,0.54981285,0.46157122,0.5472754,0.67905337,0.8555076,0.51826435,0.6668979,0.6963322,0.48265696,0.73782855,0.87274474,0.4532068,0.7139376,0.8305242,0.4874634,0.8662703,0.8192667,0.4668865,0.8433929,0.8963079
117,2,0.5515565,0.4963987,0.86851966,0.5833539,0.5534008,0.89712125,0.5418462,0.5504566,0.7622167,0.5370319,0.5910346,0.5403754,0.51739085,0.60729414,0.7309012,0.5327677,0.54957587,0.5948234,0.53109515,0.5497692,0.35807484,0.54879135,0.67903244,0.83202624,0.5193086,0.6670546,0.7835829,0.48249343,0.73895705,0.86833924,0.45309532,0.71431476,0.82947195,0.48801243,0.86465806,0.87415516,0.4666815,0.8430863,0.8562952
118,2,0.55227363,0.49512893,0.7797726,0.5824762,0.5542988,0.7247842,0.54111874,0.55197746,0.7653223,0.5384435,0.5907779,0.51641905,0.51795685,0.6058555,0.6956045,0.5328898,0.54853845,0.486125,0.5310832,0.5488897,0.38573578,0.545869,0.6806347,0.8032038,0.518373,0.66923577,0.6549835,0.48238385,0.7385741,0.8093322,0.4538211,0.7144426,0.76492685,0.48747152,0.86737865,0.800532,0.46703482,0.8441693,0.8803923
119,2,0.5518426,0.49667278,0.82247525,0.5826786,0.5549376,0.8723694,0.5424226,0.5507676,0.7340831,0.537627,0.59176844,0.5443436,0.51762617,0.60694826,0.6429434,0.5322849,0.5506249,0.50176716,0.52809983,0.56532425,0.17710161,0.54689944,0.680548,0.71374893,0.5190522,0.6701563,0.76052105,0.48265928,0.73771375,0.809382,0.45294073,0.7154309,0.8969222,0.48825607,0.8662488,0.83534217,0.46677214,0.84313124,0.82733434
120,2,0.55210686,0.49546334,0.85208935,0.58282167,0.5530263,0.6999434,0.5415958,0.5507876,0.72904074,0.53757286,0.5914225,0.52339184,0.51734424,0.60731125,0.764579,0.5328094,0.5503593,0.50482416,0.5307639,0.5533681,0.42446876,0.54931366,0.6771311,0.75201815,0.5204389,0.6667663,0.8947282,0.48304647,0.7368051,0.8607108,0.45299515,0.7149981,0.93430734,0.48798484,0.86683375,0.90895617,0.46699092,0.84374255,0.9435365
121,2,0.552871,0.495487,0.6958941,0.58227354,0.5536308,0.7229074,0.5409895,0.5531178,0.7008154,0.53902656,0.5893508,0.49349666,0.51804286,0.6036067,0.8439724,0.5332528,0.5514554,0.6205331,0.5312673,0.55263823,0.3310228,0.5461517,0.6800222,0.7462001,0.518699,0.6685784,0.62522775,0.48254827,0.74057865,0.81302154,0.45403513,0.7135329,0.85834223,0.4872294,0.86735183,0.8803372,0.4673045,0.84337294,0.8436708
122,2,0.551983,0.4966483,0.8031612,0.58265597,0.5547839,0.8394803,0.5424888,0.5514239,0.70772153,0.5379648,0.59159404,0.5549805,0.5181192,0.6059785,0.8099987,0.5325087,0.55039,0.5469558,0.53059375,0.550415,0.30074918,0.5474666,0.68072224,0.70797896,0.5188072,0.6700232,0.71072805,0.48296273,0.73676914,0.70352113,0.45345703,0.7152609,0.83920735,0.4878236,0.86513186,0.87375206,0.46715194,0.8435736,0.8770171
123,2,0.5527427,0.4958131,0.7587735,0.5813273,0.55485153,0.63517857,0.5419582,0.5515351,0.6264729,0.5393261,0.59149134,0.4756373,0.51849455,0.60526896,0.8073,0.5322082,0.5525718,0.46216154,0.53063977,0.5520362,0.33813298,0.5471431,0.6805403,0.7077817,0.5197376,0.6708302,0.7989344,0.483055,0.7372058,0.6903163,0.45369247,0.71530986,0.8631408,0.48822126,0.8663764,0.62275594,0.46679276,0.8443565,0.94830376
124,2,0.55289227,0.4952023,0.73558176,0.58114225,0.5551181,0.6567949,0.54221255,0.5505345,0.57778794,0.53940403,0.5910059,0.41260546,0.5188378,0.60476947,0.7370632,0.53228736,0.5515725,0.43046376,0.53033674,0.5522303,0.42418498,0.547389,0.68211645,0.678667,0.5201681,0.6710934,0.74488795,0.48446196,0.7375,0.73496157,0.45444986,0.71490127,0.7979601,0.4883655,0.8666652,0.8523073,0.46676177,0.8453124,0.9300802
125,2,0.55317575,0.4949356,0.72286946,0.58174497,0.55417424,0.7893972,0.5404572,0.5527963,0.7171186,0.53897667,0.5906699,0.46454552,0.5182402,0.6055319,0.65247947,0.5329659,0.55181503,0.5674474,0.53044456,0.5511778,0.41251066,0.5472327,0.68046343,0.84881186,0.5206703,0.6685979,0.84028774,0.4830462,0.7365576,0.76224977,0.45442703,0.7134309,0.8649933,0.48807487,0.8661387,0.85390544,0.46752527,0.84358585,0.87348986
126,2,0.55219597,0.49545717,0.80953234,0.58127993,0.5530074,0.90386206,0.5418767,0.5523033,0.6656316,0.5383967,0.59116256,0.5190546,0.51800686,0.60608983,0.7729432,0.5321161,0.5516936,0.60473937,0.5300555,0.55234593,0.346316,0.54857165,0.6770594,0.6458428,0.51953804,0.6674796,0.8425803,0.4821948,0.73714286,0.67014813,0.4536777,0.7148397,0.82001543,0.48718268,0.8667909,0.82048565,0.46716508,0.8435805,0.8735804
127,2,0.55290914,0.4954358,0.7348367,0.58199066,0.55412763,0.65190583,0.5412178,0.5522492,0.720232,0.5391066,0.5903569,0.48044503,0.51854414,0.60429215,0.7984142,0.53300387,0.55299425,0.58926296,0.5317071,0.55506146,0.4070867,0.54695946,0.68079215,0.7969023,0.519606,0.6689245,0.68577033,0.48314545,0.7396713,0.75047016,0.45388004,0.71430033,0.86584616,0.48754194,0.86559004,0.8001411,0.4670805,0.842944,0.8254913
128,2,0.55218333,0.4959723,0.7969767,0.58179003,0.55467486,0.89408684,0.5421447,0.55190945,0.69065225,0.5392344,0.5910117,0.5137599,0.51819146,0.6064598,0.68855435,0.5321403,0.5498075,0.43239072,0.5300897,0.55002713,0.40395892,0.5464204,0.68132627,0.76167554,0.519481,0.6700962,0.8135887,0.48341578,0.7370479,0.70243806,0.45357308,0.7156339,0.79797596,0.48759115,0.8665159,0.7580604,0.46648064,0.84453094,0.8459503
129,2,0.5522897,0.4965541,0.8011226,0.5816845,0.55374426,0.8932208,0.5420467,0.5512389,0.65994614,0.538635,0.5918104,0.50425863,0.5184584,0.6048819,0.69934607,0.5329385,0.5497481,0.48973885,0.53099805,0.5491859,0.4686867,0.54804164,0.6798897,0.624599,0.5203578,0.66883695,0.84643066,0.48321536,0.73726314,0.7358572,0.4539987,0.7150662,0.86650574,0.4881901,0.8658549,0.8849708,0.46702304,0.84449404,0.6695307
130,2,0.55247056,0.49480122,0.7412256,0.5819921,0.5540418,0.7104187,0.5412605,0.5524202,0.70710254,0.53894025,0.59072316,0.4985674,0.51823294,0.6059194,0.645986,0.53285515,0.5493894,0.37405276,0.53096336,0.55003047,0.4142815,0.5456328,0.68021196,0.7161476,0.51881766,0.6690096,0.5763701,0.48357734,0.7380004,0.78155446,0.45382226,0.71546394,0.7718162,0.48767498,0.86701,0.81964546,0.46693245,0.8442113,0.8120314
131,2,0.5522986,0.4963333,0.71330285,0.58204967,0.55551505,0.85392696,0.54214084,0.5513114,0.6923655,0.53797203,0.5917467,0.5201187,0.5180425,0.60556,0.890143,0.53227943,0.55098015,0.4796922,0.52917755,0.5646849,0.1663817,0.54585373,0.68280214,0.81168616,0.5182613,0.6705915,0.6889619,0.48303983,0.7367808,0.75273055,0.45339024,0.7153422,0.8686947,0.48764148,0.86511487,0.87918824,0.4670164,0.84342355,0.86329365
132,2,0.5528204,0.49590012,0.6033372,0.58041453,0.5553039,0.8422651,0.54203594,0.55020857,0.6657961,0.5381397,0.59173465,0.45052385,0.5181431,0.6045534,0.6077718,0.5324458,0.5510397,0.48334998,0.5306169,0.5517843,0.37457475,0.5465031,0.68269974,0.68527865,0.5202306,0.6706176,0.8130732,0.48487103,0.7378106,0.7228846,0.45441055,0.7138073,0.78231716,0.48778456,0.86764145,0.71440846,0.4672308,0.8435426,0.8249519
133,2,0.5534504,0.49571997,0.6469887,0.5817565,0.5540628,0.7419793,0.54154766,0.55225253,0.7044499,0.53899384,0.59079987,0.43382552,0.51829755,0.6045647,0.6971255,0.53166187,0.5530403,0.4403865,0.52972925,0.56512266,0.24623767,0.54665834,0.6817097,0.7949151,0.5201412,0.66986495,0.81963766,0.48309427,0.7359713,0.7492226,0.454383,0.7132105,0.8465106,0.48858267,0.8664249,0.84444153,0.46746704,0.8438823,0.84753317
134,2,0.5523758,0.49569285,0.78096765,0.58123165,0.5549297,0.66639745,0.5419915,0.5513823,0.6493242,0.538781,0.59093094,0.47426572,0.51845866,0.6058461,0.6428407,0.53255296,0.55131423,0.5415678,0.5311391,0.55222744,0.44252092,0.5471183,0.6824915,0.75452816,0.51981866,0.6711826,0.80585164,0.48375657,0.7373091,0.7937981,0.45362204,0.7155,0.8437824,0.4881923,0.8665228,0.84241813,0.4672943,0.8455204,0.7700879
135,2,0.5525958,0.49526355,0.7753861,0.58223164,0.55368733,0.74200004,0.5421845,0.5518198,0.58693814,0.53807706,0.59089845,0.5013026,0.51826954,0.603898,0.7867763,0.53241193,0.5502118,0.38666195,0.5320122,0.5517752,0.40878636,0.5474674,0.68027544,0.5801423,0.5203276,0.66880786,0.8488031,0.48267606,0.7357606,0.79591966,0.4541818,0.7135118,0.879534,0.48842153,0.8664732,0.8195799,0.46754372,0.8450931,0.90370816
136,2,0.5520771,0.4952499,0.8069963,0.58142436,0.553172,0.9144667,0.54234844,0.5514954,0.658602,0.5382888,0.5900336,0.43597743,0.5179513,0.60557634,0.7663419,0.532012,0.55013984,0.37105808,0.5295122,0.56498086,0.22119421,0.54626364,0.6806545,0.77104086,0.5191418,0.67000246,0.7992227,0.48305446,0.7367999,0.6508252,0.45380878,0.71573126,0.78619164,0.48811054,0.86695486,0.8261855,0.46728522,0.8448438,0.8467438
137,2,0.5526067,0.4962372,0.7464987,0.58146995,0.55495054,0.88177454,0.54164904,0.5509005,0.66277593,0.5389515,0.5911957,0.5108164,0.51757133,0.60683674,0.60138696,0.5323984,0.5528386,0.5238482,0.53029895,0.5524827,0.37892833,0.54588926,0.6803366,0.7414098,0.5189276,0.6692902,0.8251698,0.48274177,0.7378244,0.8118462,0.45307225,0.7153786,0.9000335,0.48822042,0.8663769,0.8892537,0.4669502,0.8447828,0.75154746
138,2,0.55280524,0.49596795,0.6441754,0.5813601,0.5550939,0.8366829,0.5418072,0.55051816,0.6561224,0.5387563,0.59137857,0.45591187,0.5180935,0.6058714,0.82931757,0.53263015,0.55298406,0.52021104,0.5278647,0.5732704,0.17508109,0.5460467,0.68292576,0.76240903,0.5189323,0.6703177,0.6416633,0.48352796,0.7378557,0.7128242,0.4534869,0.71572846,0.8541558,0.48835477,0.86623293,0.8381013,0.4665547,0.844529,0.9333624
139,2,0.5527753,0.49595112,0.7006521,0.58197606,0.55381435,0.71658605,0.541524,0.5515212,0.6873524,0.53841776,0.59076655,0.49408638,0.5175881,0.6048448,0.65058464,0.53210324,0.5527134,0.5299359,0.53009754,0.5533244,0.40728778,0.54812646,0.6795289,0.8061195,0.5201343,0.66869915,0.74471855,0.48306602,0.73647213,0.6320136,0.45397145,0.7131474,0.8885594,0.48814145,0.866373,0.8675184,0.46686557,0.84258586,0.8310835
140,2,0.5520484,0.49489838,0.8166338,0.58266056,0.5534928,0.7094215,0.54179215,0.55141085,0.6924082,0.5379191,0.5907616,0.51515245,0.5179451,0.6065096,0.7678328,0.53254735,0.5499393,0.42939875,0.53073615,0.5502184,0.36433148,0.54847705,0.67746353,0.6875549,0.5190938,0.66692966,0.6652151,0.4823814,0.7364725,0.6964278,0.4534294,0.7144592,0.8119383,0.48743266,0.86635387,0.717998,0.4669775,0.8439503,0.8639372
141,2,0.5526087,0.49572766,0.7949255,0.5827071,0.5536038,0.6845449,0.5418479,0.55198115,0.7855305,0.5387621,0.59042966,0.4967938,0.5178326,0.60492533,0.88571775,0.53217864,0.552505,0.6655522,0.5305249,0.5618728,0.23734307,0.54689246,0.67984915,0.82194656,0.51894253,0.66849244,0.70986885,0.4826759,0.73959005,0.7967725,0.45348534,0.71454096,0.8715798,0.4876086,0.8664195,0.7994935,0.46688187,0.84275305,0.8647143
142,2,0.5520619,0.4963258,0.8554553,0.5827223,0.55376995,0.88584757,0.5418326,0.55037594,0.7603939,0.53852,0.5911527,0.5677834,0.5174148,0.60698473,0.7522175,0.5325274,0.54995906,0.54417443,0.53149945,0.55323863,0.35495374,0.5470047,0.6794799,0.66471046,0.5178492,0.66870594,0.65911454,0.48254296,0.7368408,0.72112834,0.4531523,0.7151314,0.83852077,0.4872589,0.86544245,0.78036994,0.46678448,0.84394455,0.8908349
143,2,0.55274904,0.4967541,0.61843556,0.5817872,0.5550905,0.8364676,0.5425462,0.55104953,0.7042077,0.53881115,0.5909343,0.49801397,0.51781434,0.605767,0.88391113,0.53228694,0.55303466,0.5327125,0.52758235,0.5719499,0.18671073,0.54554343,0.6827108,0.8123872,0.5185787,0.6697364,0.70185024,0.48296425,0.73686695,0.8075055,0.45320275,0.715271,0.89497936,0.48817006,0.86529595,0.8657286,0.46677336,0.84415394,0.81981325
144,2,0.55242354,0.4964051,0.6981046,0.5822138,0.5540928,0.8935544,0.5420526,0.5516418,0.7386796,0.53808117,0.5910854,0.51417583,0.5175412,0.6044807,0.7954301,0.53196925,0.550514,0.5149798,0.5299913,0.5512296,0.3569295,0.5474836,0.6785137,0.79811835,0.51980895,0.6675209,0.7389827,0.4839478,0.7388057,0.81195843,0.45367733,0.7141512,0.9189616,0.48808149,0.8644723,0.86440474,0.46692467,0.8430708,0.9043716
145,2,0.5512908,0.49544293,0.88361436,0.5837647,0.5515796,0.89951366,0.54224193,0.5508261,0.85217124,0.5373203,0.5910478,0.54318947,0.5171754,0.6076377,0.8551513,0.5318558,0.5495099,0.56579244,0.53018534,0.5494663,0.48711765,0.547436,0.6758172,0.8392414,0.5188186,0.6638211,0.8641542,0.4826407,0.73900646,0.87115103,0.4532245,0.7132676,0.951023,0.48754856,0.86490965,0.8514926,0.46674213,0.8426966,0.93817866
146,2,0.55234057,0.4951274,0.7691526,0.5820286,0.55302346,0.8775934,0.5423162,0.5517501,0.74795014,0.53841376,0.5894726,0.45562094,0.51750314,0.60456616,0.88462,0.532184,0.5532386,0.499016,0.529815,0.5597038,0.3669324,0.54924095,0.6785127,0.8415603,0.51995856,0.66643924,0.84210956,0.48176613,0.73668396,0.72170866,0.45253685,0.71468025,0.8095536,0.48788154,0.8636627,0.87908775,0.46655205,0.8443833,0.91895825
147,2,0.5517753,0.494798,0.80194104,0.58237815,0.5518717,0.92789716,0.54199815,0.55141366,0.71618915,0.53788745,0.59015405,0.5479072,0.5178541,0.605829,0.7887752,0.5326737,0.5486976,0.5264523,0.5315481,0.5486326,0.43232754,0.5464794,0.67837757,0.8026907,0.5184835,0.66687715,0.59279996,0.4816041,0.73674494,0.7418421,0.45330888,0.7141571,0.8446287,0.4878742,0.86443853,0.86318445,0.46759218,0.843922,0.9274641
148,2,0.5516351,0.49664018,0.8546645,0.58314383,0.5539997,0.8497728,0.5422602,0.55081004,0.7641696,0.5383967,0.5902964,0.4684411,0.51777136,0.6070412,0.654886,0.53223556,0.5494687,0.5858018,0.53174216,0.55140686,0.4035675,0.54816324,0.6789055,0.77190244,0.5192381,0.66779625,0.7503598,0.48312345,0.73845667,0.8348709,0.45337546,0.71435004,0.7501738,0.48784703,0.8647389,0.82814074,0.4667777,0.84410816,0.915311
149,2,0.5518623,0.4952706,0.8645528,0.58322376,0.5525126,0.70332867,0.54209197,0.5509024,0.7845848,0.53760934,0.59095216,0.57104445,0.51745623,0.60638887,0.8303674,0.53226495,0.549438,0.5621716,0.53073126,0.55024517,0.41592488,0.5471378,0.67722034,0.8204345,0.51846033,0.6651482,0.84334713,0.48213425,0.73620534,0.734031,0.4530964,0.71468914,0.85131294,0.48786935,0.8662028,0.8511988,0.46694696,0.8432515,0.9575929
150,3,0.55174327,0.4953636,0.7656258,0.5838894,0.55171096,0.92574245,0.5420746,0.54876935,0.82569313,0.5375853,0.5904307,0.5175566,0.51689917,0.60648006,0.8029653,0.5321469,0.5478931,0.5897409,0.52976,0.5688893,0.20964989,0.5492767,0.67779946,0.88162524,0.5202709,0.6647399,0.92734593,0.48158842,0.73558336,0.80669427,0.4526895,0.7129861,0.90589535,0.48750547,0.863226,0.79601175,0.4673317,0.84339917,0.9386067
151,3,0.55231345,0.49493596,0.76512784,0.58304244,0.55237484,0.7699037,0.54145646,0.5515698,0.7846218,0.53842103,0.589647,0.4161014,0.5178194,0.6057722,0.7378024,0.53291285,0.5502298,0.6745797,0.53121984,0.5526767,0.31905603,0.5470189,0.6767206,0.8036654,0.519592,0.66578877,0.8277898,0.48160926,0.73724663,0.80779296,0.45378834,0.71372736,0.8917486,0.48714665,0.8654311,0.7558695,0.46701112,0.8446791,0.9292063
152,3,0.5521143,0.49512526,0.86729187,0.5833721,0.55238545,0.94431806,0.54185677,0.5495373,0.86191535,0.5369021,0.59015566,0.5272929,0.51707095,0.606425,0.8072843,0.5320952,0.55193186,0.7343874,0.5307707,0.5693957,0.20618638,0.5485093,0.679043,0.8408626,0.51928127,0.6657382,0.80416113,0.48174137,0.73613745,0.7461713,0.4527157,0.7135629,0.8269462,0.48822147,0.8639344,0.87017,0.4663607,0.8428133,0.8600441
153,3,0.55253774,0.4951044,0.8373529,0.58292806,0.55223286,0.75391597,0.54183525,0.55036,0.7196309,0.5381404,0.59008163,0.49593788,0.51724994,0.60684747,0.7929473,0.5326304,0.5489406,0.49139887,0.530686,0.5644297,0.30242437,0.54773086,0.67848414,0.8628263,0.5191793,0.666729,0.86470705,0.48205012,0.7365525,0.7079748,0.45300516,0.7142193,0.8144662,0.48764995,0.8646629,0.8261779,0.4670747,0.8435249,0.88723224
154,3,0.55208206,0.49552357,0.84687436,0.5828448,0.55271184,0.92308575,0.54155433,0.5510952,0.77826923,0.5383415,0.5897973,0.51830673,0.5175641,0.6062275,0.76659846,0.5323422,0.5492353,0.4871059,0.53173,0.5521685,0.38567638,0.5480156,0.67874044,0.8285697,0.51924396,0.6673676,0.71700794,0.4829999,0.73935235,0.82549757,0.45342204,0.7146899,0.88352513,0.48742187,0.8666498,0.7937869,0.46695748,0.8426947,0.8602928
155,3,0.5521904,0.49564278,0.81907177,0.5826332,0.5537292,0.92286444,0.54090947,0.5512359,0.7313176,0.5384243,0.5901626,0.5032181,0.51795673,0.60613424,0.7171041,0.53236705,0.5484172,0.4888107,0.53059196,0.5627172,0.20082717,0.54654425,0.68008727,0.79392076,0.51860327,0.66809523,0.6394633,0.4832358,0.73872024,0.7758252,0.453604,0.7149484,0.879929,0.4871842,0.8664686,0.76158077,0.46724883,0.8434915,0.86085624
156,3,0.55302507,0.49565983,0.5988907,0.58157104,0.55536586,0.8195197,0.5415804,0.5511766,0.6523912,0.53897536,0.59068877,0.46061555,0.51824296,0.6047068,0.78057766,0.5320765,0.550297,0.48702604,0.5301966,0.5512288,0.3923505,0.5454658,0.683642,0.74209416,0.51784676,0.67133385,0.58566105,0.4832721,0.7363938,0.65351236,0.45367783,0.7154694,0.80806124,0.4875559,0.8660873,0.8531502,0.46704203,0.84456927,0.8285263
157,3,0.5527115,0.49663228,0.53868663,0.58158433,0.55460817,0.8671846,0.54154027,0.5510742,0.7024977,0.5383862,0.5906659,0.48251712,0.5173629,0.6034832,0.75829595,0.53170764,0.54932183,0.49536353,0.5299009,0.5506667,0.40392563,0.54714596,0.6809151,0.5807884,0.5196744,0.6700889,0.6653438,0.48443422,0.73818856,0.79426306,0.4534856,0.7146495,0.6693429,0.48776713,0.8676349,0.7939423,0.467589,0.84397084,0.73882234
158,3,0.55290514,0.49536043,0.7530361,0.58162445,0.55418444,0.69547075,0.5411194,0.5515085,0.6781312,0.5388191,0.5896802,0.44761875,0.51771224,0.6050416,0.6353123,0.5332897,0.550779,0.5206155,0.5306267,0.5505521,0.35242155,0.5463303,0.6806417,0.685688,0.5191144,0.66983885,0.76943415,0.4839574,0.7375182,0.77295524,0.45354912,0.71516,0.83706576,0.4880786,0.8660503,0.8628297,0.4667114,0.84496313,0.93243
159,3,0.55260044,0.49650303,0.76782167,0.5820325,0.5536927,0.887207,0.541823,0.5510795,0.71008927,0.53893626,0.59011644,0.5414402,0.5175978,0.6051031,0.69475543,0.53256625,0.54920536,0.46825892,0.53195417,0.54967254,0.4447183,0.547116,0.6797111,0.74421763,0.51912826,0.6688594,0.8333733,0.4831929,0.73741275,0.7830178,0.45321935,0.7153053,0.88417107,0.48817688,0.86616385,0.8559813,0.46699587,0.84421015,0.72712696
160,3,0.55235666,0.4962213,0.8118421,0.58197045,0.5538982,0.90738326,0.541367,0.5515002,0.6967472,0.53871554,0.5902218,0.51956177,0.51773727,0.6057297,0.73581433,0.53238994,0.5495084,0.45092055,0.52941483,0.5631335,0.19340979,0.5475181,0.6789911,0.64999694,0.51934624,0.6689029,0.84848106,0.48283252,0.7364866,0.7553019,0.4530612,0.71498346,0.85320157,0.48816305,0.86554056,0.8295512,0.46721086,0.84393865,0.8349295
161,3,0.5518281,0.49596652,0.84497666,0.5827342,0.5522725,0.90040654,0.5420452,0.55020446,0.7966101,0.5379767,0.5901076,0.4451036,0.51745677,0.6062905,0.82286596,0.53196627,0.54909074,0.52317303,0.5302123,0.54997647,0.43529588,0.5498486,0.6763513,0.7631536,0.520311,0.6653351,0.8880375,0.48222557,0.7362636,0.7407127,0.4532091,0.7142958,0.8687133,0.48785502,0.8648036,0.7855801,0.46729514,0.8438895,0.8785479
162,3,0.553139,0.4950931,0.6519326,0.5818376,0.5535185,0.66757023,0.5410873,0.5511387,0.66782653,0.53960556,0.5885613,0.37849075,0.51796526,0.6029672,0.78142637,0.53307825,0.55104774,0.58567,0.53177106,0.54994696,0.37507161,0.54575765,0.6796528,0.76902735,0.5189082,0.667825,0.73612636,0.48224175,0.7395995,0.70301116,0.4541049,0.714771,0.7034896,0.4871415,0.8658765,0.79881316,0.466772,0.8457862,0.79548985
163,3,0.5521078,0.4964468,0.78675824,0.58265245,0.5539898,0.8733081,0.54128385,0.54961103,0.701414,0.5380824,0.59030306,0.5204147,0.5175454,0.6065013,0.6518679,0.5320895,0.5490932,0.50822794,0.52868205,0.5642759,0.18031655,0.5472506,0.6801187,0.70598507,0.5190247,0.6693078,0.7327932,0.48297033,0.7364575,0.7477638,0.4535134,0.71496135,0.86186826,0.4878516,0.8647395,0.8141261,0.46690375,0.84467965,0.8850043
164,3,0.5529163,0.49544758,0.7095151,0.5821219,0.553379,0.70212454,0.5416352,0.5513949,0.7325672,0.5384673,0.5896854,0.4778728,0.51756454,0.605517,0.69323,0.53136253,0.55079675,0.4972772,0.5299362,0.56275976,0.22576754,0.54744124,0.68105686,0.7889937,0.51998127,0.6696597,0.85473746,0.48310342,0.7367046,0.74773526,0.45367345,0.7148277,0.90185934,0.48796958,0.86598307,0.8858581,0.46670723,0.8450852,0.93723434
165,3,0.55256826,0.4954566,0.7776685,0.58203596,0.553536,0.707186,0.54213995,0.55101025,0.6587378,0.5382234,0.5888156,0.43006805,0.5177372,0.60436934,0.7854441,0.53220886,0.5512536,0.55591774,0.5298309,0.55241555,0.37058854,0.54937744,0.67761326,0.6936451,0.5211766,0.66760796,0.89141834,0.4831189,0.73691285,0.8116019,0.4529216,0.71518236,0.88206923,0.48777026,0.86566263,0.88152796,0.46716943,0.8450288,0.7690102
166,3,0.5523565,0.49472922,0.7319459,0.5822348,0.5532286,0.7911367,0.54092205,0.55087835,0.70321846,0.53920823,0.58992594,0.43005043,0.51794285,0.6047146,0.7581956,0.5326678,0.54829055,0.54131883,0.5312261,0.5496331,0.3555186,0.54690456,0.6801463,0.7581448,0.5197565,0.6679173,0.7833931,0.48263934,0.7392077,0.8260501,0.45342186,0.7142902,0.81799626,0.48722208,0.8662719,0.8507269,0.4675316,0.84338367,0.8809728
167,3,0.5523939,0.4958391,0.80354184,0.58236575,0.55365956,0.6551172,0.5416389,0.5507853,0.6617855,0.5385696,0.5900006,0.49980515,0.51761997,0.6052338,0.77900326,0.53239614,0.54911095,0.46275192,0.52987856,0.5638422,0.21022783,0.5489156,0.6790591,0.7537591,0.52014834,0.6682015,0.8820652,0.48307663,0.73603165,0.7774948,0.45300618,0.71466804,0.8549291,0.4877889,0.86577964,0.8154781,0.46647826,0.84452873,0.8717316
168,3,0.55280036,0.4948238,0.7267254,0.58196765,0.5537148,0.74946994,0.5409861,0.55153495,0.69878155,0.5387486,0.5899925,0.4949663,0.5177342,0.60498255,0.6814324,0.5337445,0.5499247,0.5770288,0.5308067,0.5488612,0.3749199,0.54671085,0.6789159,0.73242277,0.5192664,0.6683769,0.7683206,0.48251343,0.73878074,0.76976657,0.4540237,0.71452963,0.885624,0.48665735,0.86823815,0.7234139,0.4668922,0.8448045,0.8628776
169,3,0.5523995,0.49647647,0.7850569,0.5821488,0.5540992,0.9071749,0.54198104,0.5504247,0.7082235,0.53845733,0.59028196,0.51002693,0.5174182,0.6052014,0.72233975,0.53276634,0.5492546,0.4771478,0.5291603,0.5640514,0.20333748,0.548072,0.67940074,0.7032742,0.51954347,0.66905576,0.8539058,0.4827223,0.7362756,0.71915364,0.4530675,0.7153903,0.8246812,0.48789263,0.8648938,0.81995827,0.46653545,0.8444831,0.8782009
170,3,0.55297685,0.4951191,0.7436357,0.5819415,0.55406624,0.6656812,0.5409117,0.5505516,0.6736227,0.53890836,0.5899334,0.46549723,0.5178034,0.60392064,0.85537106,0.5324787,0.55119884,0.5625226,0.52946705,0.5722948,0.19433126,0.54647624,0.6809428,0.7531675,0.5195137,0.6694774,0.79439783,0.48304978,0.7374976,0.6345359,0.4535571,0.71542215,0.804161,0.48763174,0.8669238,0.8451206,0.46690637,0.8444225,0.78130764
171,3,0.55248094,0.4958696,0.7975192,0.58248925,0.55343527,0.6894866,0.54186547,0.5501053,0.7063288,0.53784156,0.590873,0.5026359,0.5177228,0.6046599,0.8143775,0.53127664,0.5527174,0.5337997,0.52924144,0.5646472,0.28282648,0.5494092,0.6780256,0.74798536,0.52023435,0.6666305,0.88466924,0.4833826,0.7364205,0.8172566,0.4531321,0.7144206,0.9345123,0.48824596,0.86514956,0.90162617,0.46661073,0.84437245,0.9529769
172,3,0.5522689,0.49496844,0.7445026,0.5824972,0.55330074,0.76911193,0.541575,0.5503395,0.7170172,0.5385273,0.59024435,0.41433898,0.5177744,0.60517895,0.7367604,0.5324559,0.552716,0.614446,0.53056026,0.5560744,0.30944148,0.5452792,0.6806658,0.6995921,0.51871127,0.66715056,0.7457421,0.48253214,0.74043614,0.8046216,0.45376542,0.71428967,0.81950694,0.48690197,0.86510044,0.8740961,0.46727717,0.8435827,0.86852634
173,3,0.55203736,0.49660367,0.71912223,0.58261645,0.5541768,0.85551584,0.5428784,0.55007595,0.74052596,0.5376155,0.5905531,0.50619864,0.51751894,0.60558283,0.9027502,0.5319442,0.54929084,0.48192134,0.52849257,0.56541586,0.21127446,0.54673845,0.68177265,0.6885628,0.51927114,0.66943055,0.72829175,0.48297393,0.73775715,0.73819846,0.4539558,0.7148894,0.8725623,0.4880614,0.8666035,0.86408985,0.46694458,0.84434557,0.7650272
174,3,0.5530618,0.49558088,0.67484987,0.58186513,0.55372506,0.6680195,0.54124516,0.55084336,0.6797349,0.53902996,0.5898842,0.48080617,0.5175623,0.6056164,0.6169113,0.5318004,0.5530018,0.4577132,0.5297093,0.5649572,0.2535311,0.54854894,0.67910814,0.7585426,0.5208397,0.66862965,0.86417645,0.4839533,0.73722184,0.74758995,0.4541823,0.713544,0.8609909,0.4882099,0.8653984,0.7354427,0.46699458,0.8440227,0.89321727
175,3,0.5523396,0.49472627,0.7696499,0.5826682,0.55323625,0.7625581,0.5415442,0.55102324,0.6133765,0.53869796,0.5900784,0.445328,0.5174276,0.60488737,0.804421,0.53284985,0.54811037,0.5161025,0.5308827,0.54841083,0.35160953,0.54760075,0.6779147,0.79629517,0.51865906,0.66721183,0.7923446,0.48189455,0.7375974,0.83745855,0.45361263,0.7144592,0.8236668,0.48750427,0.86492527,0.7042433,0.46700287,0.84468126,0.86082333
176,3,0.55179715,0.49642673,0.844548,0.58281124,0.5536559,0.8974945,0.542164,0.5502054,0.7213955,0.53774583,0.5900425,0.53384227,0.5176708,0.60574216,0.7519265,0.53265196,0.54867554,0.5869975,0.5297607,0.5636344,0.17613055,0.5475117,0.6806275,0.83885825,0.51859486,0.6686963,0.699307,0.48287138,0.73899007,0.80100685,0.45347753,0.71453834,0.86681014,0.4873022,0.8656761,0.7755653,0.46669084,0.84383106,0.9070782
177,3,0.5527958,0.49530432,0.70745045,0.58150995,0.5543228,0.61889255,0.5411656,0.5510585,0.66453177,0.53913856,0.5893937,0.44420293,0.5176926,0.60507196,0.81329423,0.5331162,0.5524092,0.50789994,0.53049487,0.57355136,0.18470158,0.54611033,0.6830317,0.7634279,0.51812583,0.6708273,0.5968239,0.48267123,0.7372322,0.706987,0.45329136,0.715203,0.8585266,0.48825052,0.8662547,0.8677837,0.4663157,0.8446876,0.9498262
178,3,0.5525859,0.49614036,0.6917271,0.5817855,0.5540578,0.896636,0.5417035,0.55042136,0.7082004,0.5381973,0.5902657,0.51858395,0.5175135,0.60330164,0.7766967,0.5327119,0.54861194,0.46917513,0.531006,0.548012,0.43936008,0.54833496,0.6803823,0.6764716,0.5206536,0.6689041,0.87221444,0.48384532,0.737839,0.8141136,0.45393613,0.7130492,0.87536776,0.48751846,0.86699724,0.6698765,0.46702665,0.84395695,0.85099685
179,3,0.5531337,0.49472973,0.7013309,0.5818981,0.55387104,0.74934113,0.5410494,0.5521542,0.702341,0.5391515,0.58945006,0.47914717,0.5175983,0.60479796,0.65665406,0.53400445,0.55042064,0.5486026,0.5307614,0.54935867,0.37345958,0.54504377,0.6819843,0.64037806,0.5181259,0.6706289,0.5246567,0.48338336,0.73936087,0.74791044,0.4536141,0.71521944,0.7477815,0.48799974,0.8665461,0.7437486,0.4673719,0.84434664,0.93354464
180,3,0.5527385,0.49504474,0.5920448,0.5816344,0.5552576,0.8451531,0.542451,0.5496813,0.63288593,0.5381343,0.5909009,0.5180438,0.51764566,0.603692,0.73331857,0.53204733,0.5490237,0.47430223,0.53026575,0.5468496,0.37176874,0.5453732,0.6812413,0.7971178,0.5196705,0.66942066,0.8326203,0.48356435,0.73834443,0.74896795,0.45397955,0.71454084,0.8362286,0.4877411,0.8659427,0.70812374,0.46669024,0.8438635,0.9170445
181,3,0.55268884,0.49528322,0.46561104,0.5820904,0.5545503,0.8665575,0.54165065,0.55061525,0.68319774,0.53850263,0.58982354,0.4893155,0.5173686,0.60594356,0.63976204,0.53243273,0.55157197,0.5459769,0.5305751,0.55516183,0.31143612,0.54721814,0.67995286,0.63501203,0.52031004,0.66878515,0.8850774,0.48419043,0.7380705,0.76539105,0.45398045,0.7131402,0.91306996,0.48818335,0.8668634,0.8998181,0.46690044,0.84367293,0.9186759
182,3,0.5521806,0.49492508,0.8428738,0.5834545,0.5524268,0.7193774,0.5417665,0.5498241,0.79587543,0.5373022,0.59036887,0.5588447,0.51703805,0.60648173,0.84373206,0.53178096,0.5478841,0.5925817,0.5302155,0.5479155,0.4618055,0.54730034,0.67792654,0.8297717,0.5186838,0.66565055,0.84494543,0.48265153,0.7368638,0.7841709,0.45296416,0.7142459,0.90836185,0.48792166,0.8664709,0.8286615,0.4670923,0.8425546,0.9245307
183,3,0.55238974,0.49607283,0.7410768,0.58308727,0.5534258,0.88760114,0.54214966,0.54956865,0.7434295,0.5379743,0.5895752,0.51869047,0.5176972,0.6058196,0.67597204,0.5326968,0.5478876,0.51160026,0.53062385,0.560633,0.19647719,0.5468996,0.6810386,0.84456563,0.5187099,0.6686488,0.73115474,0.48308074,0.7388887,0.7868879,0.45329532,0.71459115,0.7655878,0.48774534,0.8640367,0.8469939,0.4672473,0.8428692,0.8490597
184,3,0.55217916,0.49526146,0.5712377,0.58296955,0.55275816,0.7130901,0.5417579,0.5499157,0.709024,0.53767765,0.5901325,0.5226326,0.5176156,0.6048342,0.82382435,0.53269297,0.54887706,0.49490553,0.53098834,0.55042607,0.38108218,0.5485475,0.67848843,0.74699837,0.5197116,0.66681576,0.8876994,0.48305857,0.73770434,0.8685051,0.45273203,0.7144605,0.9323071,0.4882919,0.8652257,0.9103307,0.4667023,0.84333396,0.9456304
185,3,0.5526066,0.49519336,0.7630424,0.5823732,0.5533573,0.71681154,0.5414299,0.5507676,0.7303913,0.5387037,0.58998257,0.5005847,0.5182613,0.60422385,0.8557817,0.53274953,0.54895973,0.39217684,0.5312739,0.55496466,0.32409188,0.5461937,0.6799278,0.77889895,0.5188287,0.66838783,0.65425646,0.48287857,0.7393558,0.8071275,0.45364195,0.7139715,0.8981076,0.48736677,0.8662106,0.80072933,0.46695203,0.84373343,0.86611915
186,3,0.5527607,0.49611783,0.661512,0.58160174,0.555116,0.8443102,0.5413762,0.5502439,0.6381473,0.5386801,0.5905696,0.4884995,0.5178806,0.60511285,0.8640301,0.53229725,0.55129063,0.52309275,0.5282797,0.5732073,0.17584746,0.5477686,0.6799827,0.7046835,0.5197144,0.66889554,0.7376643,0.4828146,0.7369845,0.78645396,0.4530523,0.71475166,0.88845927,0.48800543,0.86530983,0.8396018,0.46694958,0.8441501,0.8395434
187,3,0.5521987,0.49542937,0.8310117,0.58347416,0.5525604,0.73843735,0.5416079,0.5504519,0.7717553,0.5375913,0.59078586,0.5011988,0.51725566,0.60707647,0.83364034,0.5321706,0.5486521,0.5480903,0.5306901,0.54995394,0.41482794,0.5474201,0.6779292,0.8262569,0.5189432,0.66550606,0.8579451,0.48258278,0.7365888,0.78736573,0.4526166,0.7146429,0.90445065,0.48841488,0.86516297,0.8796146,0.46707186,0.8420887,0.93911964
188,3,0.5518306,0.49572137,0.8545144,0.58333915,0.5529474,0.9218941,0.5423817,0.54953724,0.77493334,0.5376658,0.5904705,0.5412402,0.51746774,0.60685325,0.7544647,0.53232694,0.55212075,0.7061459,0.5304932,0.56176937,0.22884397,0.548557,0.6781682,0.8068991,0.51893145,0.6662881,0.7687753,0.48209992,0.73741645,0.6768148,0.45297825,0.71391636,0.7840467,0.4875314,0.86555314,0.79812306,0.46656957,0.84387606,0.90501195
189,3,0.5523867,0.49548554,0.7967317,0.5826996,0.55328095,0.68752307,0.54142123,0.5506789,0.7795233,0.5388332,0.59073323,0.5420082,0.51729316,0.60506123,0.9099981,0.5323983,0.55217963,0.6842955,0.5305084,0.55539924,0.36063087,0.54689294,0.67866695,0.8261729,0.518668,0.66687363,0.8312136,0.48278296,0.73872805,0.85022205,0.45300633,0.71424073,0.7746071,0.48731676,0.8650573,0.826286,0.4668293,0.84338,0.88715565
190,3,0.5515502,0.49635807,0.86278474,0.5833565,0.5532584,0.8942679,0.5418867,0.5484729,0.827133,0.5375977,0.59084,0.55473065,0.5172438,0.60661465,0.7656384,0.53261405,0.54952466,0.5897819,0.5301138,0.56293523,0.1959929,0.5481003,0.67887133,0.7714992,0.51919883,0.6669185,0.87914985,0.483119,0.73880446,0.8398053,0.4532003,0.71469367,0.78776246,0.48749474,0.8644391,0.85198915,0.466561,0.843368,0.87838846
191,3,0.5520408,0.49504808,0.5894873,0.58163744,0.55423254,0.8333311,0.541211,0.5513912,0.75401646,0.53893226,0.5900593,0.4870172,0.5183787,0.6041265,0.81123936,0.53244,0.5509825,0.62331,0.53053516,0.552867,0.33358148,0.5466177,0.6799257,0.7800923,0.5191256,0.6691448,0.80581665,0.4827703,0.7367047,0.64122796,0.45327663,0.7150958,0.81190974,0.48826665,0.86586887,0.79615957,0.4672386,0.84449714,0.7928374
192,3,0.5519817,0.49645278,0.8313939,0.58239305,0.5533021,0.90469784,0.5418611,0.5501252,0.7231702,0.538182,0.59140736,0.5436694,0.5177714,0.6049643,0.8112709,0.53231454,0.55021214,0.4965486,0.531642,0.5534781,0.38589153,0.5478083,0.67776513,0.6988108,0.51878715,0.6667846,0.864277,0.48237878,0.73656493,0.81769115,0.45273477,0.7147508,0.9028491,0.4886703,0.864975,0.8526659,0.46709606,0.8439299,0.8558119
193,3,0.5518846,0.49540558,0.82502174,0.58286625,0.5537083,0.92028385,0.541436,0.5505199,0.7551642,0.5382399,0.59061044,0.5019561,0.5179558,0.60499084,0.8773594,0.53210646,0.54916483,0.47805032,0.5307169,0.5629183,0.20979951,0.5478803,0.6810498,0.84970313,0.5191397,0.66889584,0.7370817,0.48300302,0.73929536,0.7886429,0.45340914,0.714628,0.86312395,0.48738548,0.86552185,0.80391705,0.46690547,0.8430191,0.86814916
194,3,0.5522569,0.49521026,0.8353681,0.58307177,0.55279684,0.7381053,0.5414185,0.55008626,0.7772831,0.5377463,0.5913706,0.5512392,0.5173874,0.60655296,0.81840724,0.53226167,0.54977804,0.5312358,0.530711,0.550235,0.41765276,0.54955316,0.6764325,0.868939,0.5196889,0.66490185,0.86481875,0.48272043,0.7366419,0.8319799,0.45292583,0.7145987,0.92620623,0.48806027,0.8650235,0.8919463,0.46691456,0.8435123,0.93972284
195,3,0.55209845,0.49532652,0.56713945,0.58203566,0.55333763,0.6602974,0.54100114,0.55125135,0.70822436,0.5389764,0.58965385,0.4725573,0.5177423,0.60403717,0.8095318,0.5324735,0.5519473,0.61251837,0.5307988,0.5526885,0.40455046,0.546152,0.67988205,0.77836734,0.51877713,0.6669771,0.7855316,0.48200303,0.73967904,0.79044485,0.45359984,0.71289355,0.83268136,0.48716208,0.8653473,0.7023264,0.46684518,0.8445224,0.8954055
196,3,0.5517551,0.49640593,0.84878325,0.5827215,0.5541421,0.87587184,0.54149604,0.5499314,0.7199027,0.53773683,0.5917583,0.5698602,0.51780576,0.6070554,0.627043,0.5321909,0.5491953,0.5854816,0.5320064,0.5511424,0.37654,0.54823977,0.67856544,0.7544079,0.51954967,0.66794264,0.8736702,0.4824742,0.7361397,0.74359566,0.45279276,0.71494246,0.8311483,0.48827213,0.8633883,0.796638,0.46698502,0.84375685,0.89950806
197,3,0.5524137,0.4952955,0.7770867,0.58257943,0.55353594,0.7257167,0.541221,0.55049783,0.7616838,0.5385649,0.5910353,0.5138139,0.517598,0.6047145,0.90476,0.5322456,0.549501,0.40658855,0.53100926,0.55588776,0.34572482,0.5467791,0.6783736,0.8853536,0.5188199,0.66663235,0.83163935,0.4822941,0.7369326,0.70706415,0.4530494,0.71477026,0.8126604,0.4879103,0.86626244,0.8419488,0.46691635,0.84442085,0.8745809
198,3,0.55162483,0.49607497,0.87612504,0.5835022,0.5533814,0.9135118,0.5418216,0.54930794,0.8190204,0.5371012,0.59085584,0.5569377,0.51733905,0.6068692,0.7665735,0.53219193,0.54995674,0.58377886,0.53047204,0.5633834,0.22055016,0.5484369,0.67869145,0.8056523,0.51954156,0.66578066,0.900383,0.48229066,0.73638904,0.70512,0.45325485,0.714343,0.8127939,0.48767412,0.86341155,0.8762732,0.4669767,0.84289926,0.8865705
199,3,0.55226797,0.49583915,0.7477298,0.58251435,0.55318797,0.7104948,0.5410508,0.5515423,0.7552326,0.5390255,0.5903636,0.5184238,0.51758075,0.6048488,0.8696836,0.5326153,0.5491779,0.39534315,0.53123605,0.55439633,0.3847946,0.54660565,0.6792592,0.8056092,0.51886153,0.6678348,0.8023252,0.4829504,0.73951507,0.823834,0.45339796,0.7134388,0.90479994,0.48742208,0.8651409,0.82420826,0.46686882,0.8435516,0.8820873
200,4,0.5511485,0.49640322,0.8974658,0.58366865,0.5526754,0.8939073,0.54168373,0.5510095,0.82978374,0.5366016,0.5919691,0.61894864,0.5166007,0.6075225,0.8196991,0.5321442,0.54993165,0.6210871,0.53196436,0.5491091,0.48319083,0.54944384,0.6746589,0.78953,0.519219,0.66393614,0.88802433,0.4823604,0.73515004,0.8154141,0.45253247,0.7139063,0.88254255,0.48754108,0.8631965,0.8414735,0.46686858,0.8424167,0.9272479
201,4,0.5511257,0.49435243,0.7318488,0.5828987,0.551395,0.7962313,0.54122984,0.5485193,0.894658,0.5371071,0.58919656,0.47941464,0.51696646,0.60508436,0.9268795,0.53170735,0.55281264,0.64917535,0.5301011,0.55429226,0.43330443,0.5491445,0.6770944,0.91463447,0.5197302,0.66467524,0.82264304,0.4809572,0.73720455,0.8051025,0.45348555,0.713261,0.9067959,0.48746666,0.8637195,0.756179,0.46684447,0.84418607,0.9426214
202,4,0.55193484,0.49514443,0.7697084,0.5829766,0.55267847,0.74566466,0.5412786,0.5499796,0.82130146,0.5375578,0.58952856,0.49067646,0.5177756,0.60386467,0.8697943,0.5330287,0.54737675,0.5003256,0.5310423,0.5464689,0.37727484,0.54811454,0.6780848,0.8410251,0.5198639,0.6657928,0.7021941,0.482226,0.7395004,0.8341041,0.45375678,0.7137924,0.84837574,0.4869997,0.86522985,0.86655074,0.46684933,0.8445451,0.91127664
203,4,0.5517733,0.49466953,0.85071254,0.58306116,0.5524469,0.7625941,0.5414572,0.5482684,0.86586934,0.5375191,0.5911933,0.5397699,0.5175232,0.60698754,0.7503939,0.53263897,0.54931664,0.5434215,0.53150636,0.5545884,0.36117995,0.54985386,0.67537546,0.82195276,0.52002305,0.6635259,0.74135786,0.48169488,0.7374947,0.84822106,0.4535238,0.712718,0.94018286,0.48726612,0.86486125,0.8020444,0.46660382,0.8427035,0.9462731
204,4,0.55181366,0.49489668,0.7449315,0.5837433,0.55080557,0.8354328,0.54034424,0.5494735,0.84325653,0.53833926,0.589216,0.50821114,0.5160709,0.6058708,0.9264434,0.5320405,0.55301774,0.64069057,0.53043956,0.55519426,0.459866,0.5486734,0.6756337,0.89395005,0.51928073,0.66424006,0.8636552,0.48110372,0.73658913,0.8225162,0.4530711,0.7129737,0.9246627,0.48703578,0.8645509,0.9138261,0.46630293,0.8423075,0.95341814
205,4,0.55191773,0.49438053,0.64262575,0.58125985,0.55338573,0.88586515,0.54138464,0.5500725,0.79255897,0.53828186,0.58921057,0.45751905,0.5175969,0.60441643,0.8254032,0.5322015,0.55240256,0.57732904,0.5304135,0.55396837,0.42992637,0.54831874,0.6783499,0.8471636,0.51955813,0.66667974,0.7482884,0.4825532,0.73857945,0.7346474,0.453368,0.71372193,0.8104675,0.48704937,0.8661765,0.7497704,0.46684843,0.8435162,0.89621896
206,4,0.55182457,0.49451244,0.8259737,0.5826759,0.5530646,0.76702625,0.54173917,0.54922545,0.773223,0.53826493,0.59103644,0.56665605,0.5175724,0.60697395,0.7520115,0.5327803,0.54930884,0.5234274,0.5312704,0.5553247,0.32853281,0.5469653,0.67752594,0.9100713,0.5188024,0.6655233,0.84268624,0.4824002,0.7371401,0.8639279,0.45318648,0.7135012,0.81453323,0.48740813,0.86538553,0.81442356,0.46706593,0.84331584,0.8842209
207,4,0.5520563,0.49575245,0.7826431,0.5825653,0.5538426,0.87906206,0.54227084,0.55043316,0.7380168,0.53788334,0.59042245,0.52497005,0.51807845,0.60457355,0.85375124,0.5320847,0.54917693,0.42143744,0.5304763,0.55405134,0.2994562,0.545971,0.67842364,0.7968551,0.5190781,0.6665918,0.6988554,0.4829205,0.73887116,0.7905405,0.4530829,0.7140286,0.75022423,0.48750407,0.8632268,0.84082985,0.46665812,0.8430369,0.88754827
208,4,0.55132675,0.4960237,0.8742757,0.5829333,0.55344355,0.8989078,0.542113,0.54929423,0.8004821,0.537013,0.5914952,0.54959667,0.51752347,0.60721964,0.69611603,0.5320136,0.5501441,0.5329474,0.53082955,0.5509377,0.3590892,0.54982466,0.676096,0.8076726,0.5203125,0.6651405,0.92089933,0.48186365,0.7357758,0.7532703,0.45259988,0.7134928,0.862088,0.48768288,0.8624334,0.871389,0.4664563,0.8427772,0.8737208
209,4,0.55242234,0.49381775,0.7123817,0.58192366,0.554137,0.6617753,0.5409259,0.5507206,0.70012087,0.53870296,0.58967024,0.47354504,0.5180739,0.6039946,0.8169211,0.5323298,0.55342185,0.60011905,0.5307357,0.55494577,0.33203587,0.5456896,0.67882806,0.8163842,0.5190398,0.6674193,0.7753949,0.4818441,0.73905325,0.79242814,0.45294267,0.71453214,0.7408405,0.48730072,0.86422807,0.5961367,0.46671435,0.8448272,0.904945
210,4,0.55147487,0.4963527,0.8420175,0.5824331,0.55447704,0.8883654,0.5419997,0.550028,0.7145502,0.53733283,0.59186625,0.5239462,0.51805896,0.6055274,0.84584266,0.53190184,0.55036587,0.4729942,0.52968305,0.5638207,0.19236077,0.54783386,0.6793328,0.7689458,0.51939505,0.6683691,0.7650213,0.48243934,0.7360106,0.7561881,0.452927,0.7145123,0.86352473,0.4878944,0.86296827,0.8014437,0.46677262,0.84390676,0.9004922
211,4,0.5523833,0.4950323,0.76009625,0.5822192,0.5542408,0.65655816,0.5413536,0.55069125,0.7316151,0.5387459,0.59135807,0.52797925,0.5180182,0.6054693,0.89638793,0.53223693,0.5528073,0.6609439,0.5306921,0.56311315,0.25029838,0.54782134,0.6792401,0.8161456,0.52004933,0.6681738,0.866938,0.48226485,0.73672736,0.7590565,0.45260143,0.71393114,0.8637589,0.48804265,0.8657792,0.84556425,0.4669498,0.8430881,0.8008659
212,4,0.5519353,0.49459416,0.7533746,0.5821755,0.5540716,0.6749798,0.54153544,0.5507027,0.61356777,0.5390091,0.5912579,0.52812463,0.5178878,0.6048453,0.86548525,0.5324746,0.54930156,0.4242835,0.5302303,0.5712707,0.16638535,0.54677093,0.6796277,0.7805961,0.5191374,0.6690555,0.8059577,0.48308703,0.73787457,0.8404265,0.45321786,0.7144748,0.7797092,0.4879155,0.86671174,0.81747276,0.46694782,0.84398174,0.84043163
213,4,0.55175805,0.49534506,0.8474958,0.5828884,0.55387664,0.65345716,0.5414448,0.5505514,0.75164914,0.53746885,0.5915708,0.5494646,0.517633,0.6055659,0.91684735,0.53225875,0.54964226,0.5411606,0.530591,0.5508289,0.36907765,0.54727226,0.6782363,0.66982627,0.51870114,0.66668814,0.8609585,0.48264426,0.7354843,0.8234136,0.45252803,0.7144098,0.91702133,0.48857465,0.86506915,0.8627118,0.46678993,0.8425765,0.94592905
214,4,0.55135906,0.49577862,0.87627685,0.5830334,0.5537517,0.9209226,0.54201406,0.5486383,0.86577773,0.5367882,0.59153193,0.55206805,0.5177049,0.6056481,0.9198243,0.5323427,0.54956913,0.5951732,0.5310545,0.5497897,0.37627786,0.54851806,0.6773125,0.79544175,0.51908976,0.66490465,0.73812723,0.48256072,0.737815,0.89001054,0.45274493,0.71387094,0.81488913,0.4875129,0.8642461,0.8576474,0.46690112,0.8413011,0.88210714
215,4,0.5517201,0.4949706,0.54549605,0.5817907,0.55444944,0.8852701,0.5412701,0.55021244,0.78608304,0.53778076,0.5900469,0.5395257,0.5175598,0.60386807,0.8764634,0.53205645,0.5483614,0.40634412,0.5299854,0.55294776,0.335694,0.54681665,0.6785251,0.8301262,0.5190319,0.6663746,0.6976236,0.48273832,0.7381593,0.81072026,0.45306095,0.7137824,0.8777831,0.48729095,0.86470157,0.7961703,0.46701097,0.84249276,0.8784209
216,4,0.551378,0.49557975,0.87523377,0.5833157,0.5531367,0.9234657,0.5419636,0.5490327,0.8413553,0.5368745,0.59154695,0.5372536,0.5171859,0.60643274,0.9369572,0.53219444,0.5505671,0.5512604,0.53034025,0.5559546,0.36748242,0.5491167,0.6774317,0.83932644,0.51923376,0.6646358,0.75593823,0.4824361,0.7384404,0.8899368,0.4526171,0.7139295,0.8406294,0.48779887,0.8640372,0.8674708,0.46675834,0.84138,0.9029268
217,4,0.552455,0.49509007,0.73231,0.58136874,0.5547468,0.8333984,0.5411533,0.551423,0.73029804,0.5382269,0.590017,0.5098151,0.5185475,0.6036579,0.7789187,0.53274137,0.55207497,0.6306126,0.5309586,0.55332893,0.3426591,0.54561144,0.6809099,0.7595314,0.5188048,0.6677645,0.7790575,0.48164114,0.74077123,0.77346766,0.4537768,0.71437013,0.76444566,0.4870658,0.8648703,0.8363887,0.4669113,0.84358966,0.86328256
218,4,0.5520273,0.4964477,0.74410933,0.58150995,0.55594385,0.8239142,0.5415855,0.55047035,0.67343503,0.5381348,0.5923612,0.5285738,0.51827323,0.60571504,0.85888565,0.532459,0.5503728,0.439959,0.52866626,0.5721159,0.15827774,0.54563004,0.6817341,0.77787894,0.51877034,0.6690735,0.66908693,0.48295194,0.7368153,0.73298454,0.45285335,0.71487916,0.85110664,0.48799023,0.86498976,0.822166,0.46663418,0.84266233,0.7928657
219,4,0.5519274,0.49598044,0.73762244,0.58213896,0.55492634,0.87949175,0.54173243,0.5504125,0.7088426,0.5380552,0.59183735,0.47600508,0.5181213,0.60562754,0.89179033,0.5325867,0.5524526,0.534013,0.5306653,0.5575109,0.27102774,0.54779094,0.6795876,0.6731217,0.52068543,0.6685784,0.88550174,0.48329332,0.7377507,0.7853065,0.453864,0.7133603,0.8735101,0.48825473,0.8660356,0.89276576,0.46660677,0.84223914,0.91257805
220,4,0.55198956,0.49426907,0.7722609,0.58266366,0.55344707,0.78649,0.54151076,0.55109286,0.7485329,0.5385757,0.5913908,0.528487,0.51803976,0.6068081,0.6793321,0.53320503,0.5496133,0.477295,0.5313192,0.5549531,0.32560605,0.54524785,0.6789782,0.69141674,0.518838,0.6681254,0.7749112,0.48324373,0.7390132,0.7762873,0.45339125,0.7146996,0.74131703,0.4877404,0.8673134,0.8161392,0.4676032,0.8440625,0.75903714
221,4,0.55096525,0.49672762,0.8761031,0.5828245,0.5537533,0.884234,0.5418125,0.5495472,0.80661434,0.53690803,0.5923647,0.5549858,0.51705205,0.6081426,0.70320946,0.5321519,0.5505164,0.6049705,0.5284687,0.57271695,0.16953866,0.5483484,0.6780686,0.80164266,0.51902306,0.6666395,0.8998224,0.48262075,0.73575205,0.8348067,0.4524616,0.713845,0.9121755,0.48738673,0.8645254,0.81331515,0.46615633,0.8428748,0.8565915
222,4,0.5520996,0.4951689,0.7943763,0.5824652,0.5533921,0.7027245,0.54102546,0.55080456,0.7807835,0.5381436,0.59087855,0.524443,0.51808923,0.60515434,0.8798261,0.5325631,0.55161136,0.6937795,0.5304994,0.55403084,0.32155153,0.54726124,0.6775929,0.7998397,0.5197558,0.6662988,0.8569704,0.48279947,0.737966,0.8627279,0.45292243,0.7140394,0.77699745,0.48711357,0.8661212,0.810921,0.46708882,0.8428205,0.8659104
223,4,0.55193037,0.49552602,0.81372166,0.5827206,0.5529812,0.713264,0.5412547,0.54973257,0.7119892,0.53741926,0.5911884,0.51440436,0.51793265,0.60578287,0.9075927,0.53238446,0.5518714,0.71476364,0.5302527,0.5538523,0.34108606,0.54771465,0.6774441,0.9258331,0.5198069,0.6652085,0.88925785,0.48225224,0.73848504,0.87393785,0.45265147,0.71354187,0.8056141,0.48748252,0.8651963,0.84007174,0.46673027,0.8424544,0.8735757
224,4,0.55215573,0.4957242,0.7811662,0.5822157,0.55383176,0.89396906,0.54094756,0.5506415,0.78459746,0.53810626,0.590373,0.5361884,0.5181256,0.6040758,0.85926026,0.53228116,0.5475938,0.472774,0.53011537,0.54746574,0.37667727,0.5460587,0.6790984,0.8228163,0.51897126,0.6664209,0.69451636,0.48245728,0.7382333,0.79990166,0.45333585,0.71356565,0.8851317,0.48710543,0.86566436,0.7829441,0.46715423,0.84207433,0.8591697
225,4,0.55131596,0.49642926,0.85608065,0.5827118,0.5541026,0.90428615,0.5417745,0.5492625,0.80039024,0.53711385,0.59212005,0.5299402,0.5177633,0.6061519,0.8868341,0.5325854,0.5501467,0.5372873,0.52926075,0.57107455,0.15496168,0.5501206,0.6766759,0.9083875,0.5203369,0.66475874,0.91879237,0.48233792,0.7356127,0.7895448,0.4526159,0.7138482,0.8610539,0.48777077,0.8637432,0.8883965,0.46681938,0.8417268,0.8484963
226,4,0.55226463,0.49446106,0.5913523,0.5812344,0.55439156,0.6540391,0.5403087,0.5501844,0.66026664,0.538888,0.59015733,0.40168685,0.5177795,0.6047565,0.7814676,0.53296196,0.5530449,0.57154375,0.53091013,0.5548036,0.34650618,0.5447624,0.67974347,0.8020256,0.5185056,0.667728,0.7257546,0.48243698,0.7384438,0.7882366,0.45279968,0.7145763,0.7078403,0.48735988,0.8659325,0.82635325,0.46777698,0.8429758,0.8852823
227,4,0.551921,0.49655983,0.63340235,0.58164746,0.55497104,0.8141472,0.5429109,0.55051386,0.7339603,0.5383045,0.59160495,0.39055994,0.51716256,0.60719454,0.87642336,0.5315058,0.55572885,0.5023799,0.5281011,0.57440853,0.26390445,0.5462193,0.6800728,0.6422438,0.51997036,0.6689396,0.8853634,0.48390254,0.7372702,0.8064718,0.45326757,0.7146371,0.87937945,0.48738277,0.8661238,0.87225425,0.4663597,0.8434323,0.77861375
228,4,0.5519491,0.49522495,0.8085111,0.58243644,0.5538368,0.70173585,0.54134965,0.5511533,0.73516226,0.5377707,0.59193,0.5279951,0.5180228,0.60694796,0.6406932,0.5323936,0.54944545,0.4827187,0.5308273,0.54933107,0.38767117,0.54578215,0.6796894,0.75745195,0.5188068,0.6686029,0.82134175,0.4827867,0.7363514,0.75391835,0.45298272,0.7149358,0.8613018,0.4883285,0.8655543,0.8580581,0.46689382,0.8438533,0.7458439
229,4,0.5519529,0.4965071,0.74293363,0.58129895,0.55539024,0.8470919,0.5418784,0.5515849,0.68048024,0.538353,0.5919339,0.51444155,0.5182309,0.60542446,0.8343612,0.5325924,0.5532971,0.543326,0.53011066,0.5638351,0.19316472,0.54564965,0.6824478,0.7834056,0.51893216,0.669287,0.67255944,0.4830146,0.73668224,0.7311998,0.4529603,0.7147107,0.8241727,0.48786214,0.86551636,0.81045926,0.466574,0.84309727,0.7969881
230,4,0.55226314,0.4958633,0.7149723,0.5802825,0.5557929,0.82551455,0.5417365,0.5505463,0.6291982,0.5385559,0.59208506,0.4659209,0.5184854,0.605389,0.788385,0.5324115,0.5527883,0.48582375,0.53076446,0.5535919,0.34141713,0.54585516,0.6818599,0.6400892,0.51925415,0.66937685,0.75763804,0.48394483,0.73730206,0.795132,0.45389348,0.7139291,0.7694895,0.4880275,0.8653122,0.8619475,0.4664863,0.84295684,0.850903
231,4,0.55233026,0.4959298,0.7427802,0.581936,0.5541099,0.6620232,0.54207444,0.55186856,0.69836164,0.53819287,0.5916809,0.4812659,0.5184003,0.6050944,0.7105251,0.5319196,0.5516554,0.5254107,0.5305677,0.55175483,0.38090527,0.54650944,0.68055904,0.8332888,0.5206228,0.6685694,0.85978633,0.48377478,0.73728365,0.8261357,0.4540216,0.7135817,0.84333754,0.48837775,0.86582834,0.89493924,0.46683666,0.84218514,0.89082986
232,4,0.5518435,0.49554873,0.7830249,0.58166134,0.55431443,0.67891866,0.54178035,0.55153346,0.60969615,0.539284,0.5919402,0.5126711,0.51850504,0.60563266,0.8672576,0.5329115,0.5517571,0.5868422,0.53046954,0.5516744,0.4146631,0.5469841,0.6782459,0.8743483,0.52005506,0.66714406,0.84842885,0.48246706,0.73714364,0.7233207,0.45298925,0.7146485,0.808469,0.48740178,0.867186,0.8342237,0.46712077,0.8429168,0.80924964
233,4,0.5517453,0.49524412,0.84053534,0.5826693,0.55243343,0.76174814,0.541562,0.55018413,0.75617915,0.5374337,0.5916912,0.52407706,0.51794136,0.60617334,0.89882237,0.5320519,0.5493467,0.4934409,0.5308499,0.54930806,0.46178794,0.549486,0.6751758,0.7646593,0.52016085,0.6634531,0.87907225,0.48284686,0.7376855,0.86894363,0.45304725,0.7139609,0.80675405,0.48732084,0.8671103,0.7988774,0.4666249,0.8428347,0.9500276
234,4,0.55191064,0.49567217,0.7771251,0.58360386,0.55240196,0.81449544,0.54187924,0.5483614,0.861736,0.537337,0.5913462,0.45750004,0.5170122,0.60756,0.85502744,0.5335987,0.5523155,0.52411425,0.5307397,0.55825216,0.46905595,0.54795283,0.6761578,0.86534137,0.51989055,0.6643383,0.86605114,0.48241788,0.7378429,0.8400359,0.453016,0.71305484,0.887249,0.48692408,0.8667378,0.7711935,0.46693376,0.8425364,0.85439515
235,4,0.55148596,0.49502096,0.8059395,0.5832301,0.5522439,0.7086995,0.5413012,0.5477688,0.8899416,0.5378368,0.5914484,0.44260952,0.51687133,0.607381,0.9114516,0.53225935,0.55368686,0.5676443,0.53060234,0.56764525,0.35473037,0.5488102,0.67792505,0.82115614,0.5198882,0.6652589,0.8897415,0.48162693,0.73616326,0.7349761,0.45280838,0.7126394,0.83720833,0.48728764,0.86612374,0.8332494,0.4667856,0.84246904,0.854492
236,4,0.55181557,0.49529284,0.63418067,0.58228594,0.55479014,0.6791396,0.54099435,0.5510985,0.75114304,0.5387045,0.5895397,0.5057275,0.51803905,0.6043696,0.85203284,0.5321383,0.5531071,0.5933923,0.52993184,0.5554932,0.45093217,0.5453166,0.6799541,0.7454932,0.5186268,0.66764766,0.6322424,0.48308972,0.7395452,0.7949467,0.4535847,0.713533,0.88642377,0.48713425,0.86709535,0.78086054,0.46699792,0.8427259,0.8278289
237,4,0.55175877,0.49688908,0.7510476,0.58190536,0.55504864,0.8524022,0.542876,0.55113345,0.73881525,0.5377814,0.5918089,0.5076972,0.51801753,0.60616666,0.8850219,0.53256,0.55269045,0.57773954,0.52886474,0.57211167,0.16535199,0.54608387,0.68155575,0.64915174,0.5190651,0.66935456,0.7331469,0.48258954,0.73695827,0.7342636,0.45295754,0.71459055,0.84274536,0.48775095,0.8642311,0.86825436,0.4668616,0.8432077,0.8348384
238,4,0.55225426,0.4958175,0.74671125,0.5802177,0.5565273,0.80276877,0.54139394,0.5507721,0.5969091,0.5388497,0.5919786,0.4583672,0.5185272,0.605409,0.8240493,0.53187656,0.55385107,0.49005818,0.5305252,0.55416584,0.34794104,0.5459858,0.68084383,0.6783952,0.519782,0.6692667,0.8088547,0.4831886,0.73780316,0.73075366,0.453829,0.7135424,0.8274774,0.48771685,0.86590177,0.8762704,0.46653393,0.84369445,0.90375817
239,4,0.551594,0.49526787,0.8711055,0.5830094,0.5522012,0.7121061,0.54137427,0.54997516,0.845689,0.53713495,0.59253055,0.53109604,0.5170652,0.6074835,0.8328605,0.5323532,0.55033344,0.55756676,0.5320755,0.55375504,0.4592479,0.5495471,0.6749589,0.88612515,0.5202921,0.6628481,0.86697567,0.48288554,0.73675007,0.8768827,0.45235887,0.7141899,0.9356399,0.48774078,0.86583555,0.9104189,0.4668567,0.842342,0.95150673
240,4,0.5516111,0.49530497,0.7591649,0.5841462,0.5515802,0.7609919,0.5408193,0.54810107,0.8921579,0.53782773,0.5913242,0.43567264,0.5166328,0.6076842,0.88321686,0.5327491,0.5531991,0.5549418,0.52975196,0.56507707,0.35023555,0.5485148,0.67504984,0.8793234,0.5194269,0.6632892,0.862135,0.48147124,0.73697937,0.8375001,0.4526656,0.7125631,0.91488165,0.48675027,0.86437446,0.84136367,0.46643525,0.8411483,0.95986813
241,4,0.5517719,0.49510086,0.7623223,0.5816677,0.5537822,0.9075408,0.54141796,0.5486341,0.79531395,0.5386837,0.5894869,0.41511634,0.51716614,0.6049974,0.7870452,0.5325287,0.55742306,0.6083724,0.530274,0.567995,0.36953887,0.54714185,0.6805214,0.8646747,0.51971555,0.6679319,0.80624044,0.481924,0.73754907,0.7540592,0.45332986,0.7132833,0.8267871,0.48685738,0.8667414,0.73696226,0.4666575,0.8432233,0.89622223
242,4,0.5517078,0.49456352,0.58942837,0.5821874,0.5533729,0.6972865,0.5415032,0.5505943,0.77752316,0.5383949,0.59077996,0.48591545,0.5183052,0.6050738,0.8528419,0.53187823,0.5526766,0.5927822,0.52949655,0.55564195,0.3894119,0.5461944,0.6801274,0.7483225,0.51958233,0.66860884,0.8299358,0.4829809,0.7369267,0.76199883,0.45299503,0.7146127,0.8772744,0.48783714,0.8656721,0.9019451,0.46706206,0.84259886,0.89946157
243,4,0.5518493,0.49550685,0.8274069,0.58239275,0.5536436,0.67938787,0.5414614,0.5511168,0.7519229,0.53759176,0.5916938,0.49854565,0.5178036,0.6070669,0.6531032,0.5321159,0.550196,0.43748832,0.5292507,0.5636341,0.21419607,0.5472866,0.678691,0.6393645,0.5193028,0.6685369,0.85278416,0.48307264,0.73625404,0.80034375,0.45299938,0.7145108,0.8921948,0.48811448,0.86535794,0.85887575,0.4664949,0.8439878,0.7867936
244,4,0.55150086,0.49529022,0.8250315,0.5822078,0.5539283,0.6731568,0.5421399,0.5513007,0.67840415,0.53782666,0.5915476,0.5175188,0.51784074,0.60716456,0.72974604,0.5319915,0.5504648,0.47476345,0.53038895,0.5647066,0.22425361,0.5476363,0.67807484,0.90298855,0.51973,0.66667694,0.8730186,0.4824648,0.7363009,0.73556024,0.45314965,0.71385247,0.8457938,0.48792213,0.86584747,0.857158,0.46690688,0.84304684,0.84579515
245,4,0.5517687,0.4949725,0.81034654,0.5822413,0.553179,0.7170725,0.54129314,0.55053216,0.7612684,0.53818864,0.59111565,0.49773744,0.5182267,0.60582125,0.8680442,0.5320636,0.54951036,0.4187571,0.52991086,0.57031494,0.17086211,0.5462691,0.6780044,0.76521295,0.5194266,0.6669705,0.81736827,0.4828511,0.7389157,0.79526234,0.45373926,0.71371245,0.88235,0.48714596,0.86630744,0.76256514,0.4670053,0.8426579,0.8541865
246,4,0.5515682,0.49540043,0.8405767,0.5822052,0.55402315,0.9245967,0.5416667,0.55052674,0.7487817,0.53777707,0.59149045,0.49306846,0.51790696,0.6061596,0.86060625,0.53119093,0.55348545,0.5877666,0.5294988,0.56315583,0.2623102,0.5480693,0.6788764,0.7280742,0.5197843,0.66742474,0.74214983,0.48291725,0.73823947,0.81023103,0.4532735,0.71452653,0.7725115,0.48739326,0.8645719,0.8389403,0.4666035,0.84290093,0.8526714
247,4,0.552086,0.49479765,0.75340706,0.58158344,0.5540771,0.71613187,0.54166716,0.55150485,0.7114608,0.5392135,0.5916459,0.50681233,0.5185538,0.60504466,0.8103202,0.5327572,0.5494283,0.39201635,0.5307178,0.5507219,0.383835,0.5458758,0.6793165,0.7426712,0.5188143,0.6682781,0.6078131,0.48312047,0.7386088,0.791282,0.4538366,0.7144314,0.89375925,0.48713845,0.8664515,0.76706696,0.46680075,0.8438835,0.8447173
248,4,0.5515468,0.4967358,0.82733554,0.5818934,0.55503744,0.8950978,0.54162633,0.55162424,0.72219795,0.53802097,0.59218776,0.53875744,0.51802427,0.6057245,0.8198556,0.53221947,0.55072427,0.47937983,0.5280751,0.57305646,0.17229767,0.54730415,0.6798225,0.72940797,0.518982,0.66871285,0.73763984,0.48259872,0.736729,0.7600559,0.4527729,0.7145927,0.8567619,0.48785657,0.8633336,0.8122973,0.46679866,0.842934,0.8803112
249,4,0.55171543,0.49594784,0.8114617,0.58167356,0.554374,0.6564041,0.5420142,0.5518413,0.6305964,0.5383094,0.591898,0.5343572,0.51787597,0.60559833,0.8881199,0.5319734,0.5503999,0.45781273,0.5291781,0.5728518,0.15912965,0.5481749,0.67821175,0.7215947,0.51973504,0.6676094,0.88232833,0.4824511,0.73589385,0.7841553,0.45272985,0.7141691,0.85483027,0.48796704,0.8647262,0.81212294,0.46662349,0.8429597,0.85794246
250,5,0.55117697,0.49499935,0.8633096,0.5831712,0.5516925,0.91651094,0.54169375,0.5498757,0.8714804,0.53715444,0.59195507,0.5646218,0.5172682,0.608038,0.8152293,0.5324271,0.5489322,0.5647144,0.5302888,0.54896164,0.5050924,0.5472815,0.6770729,0.8540679,0.5188243,0.6647218,0.8568929,0.48147714,0.73651433,0.85896796,0.45302737,0.7128696,0.9448275,0.48764756,0.8629278,0.81695753,0.4663754,0.84201044,0.9582541
251,5,0.5512587,0.49553788,0.87131864,0.583278,0.5530467,0.916468,0.5418247,0.5491547,0.84198016,0.53731763,0.5914057,0.49518716,0.5171212,0.60641754,0.9201844,0.53199536,0.550178,0.51348907,0.5304119,0.5561265,0.36076573,0.54899704,0.67699784,0.86860317,0.51933503,0.66524106,0.8082072,0.48210418,0.73728925,0.8651796,0.45315006,0.71239215,0.92406654,0.4874444,0.86390316,0.75188005,0.4669219,0.8422466,0.795906
252,5,0.55213255,0.49550062,0.7149144,0.581535,0.5540402,0.6611025,0.5416454,0.5510542,0.74453384,0.53891796,0.59044546,0.5201364,0.51853466,0.6041246,0.7642043,0.5326918,0.5525526,0.61407226,0.5307661,0.55388445,0.35412627,0.5457416,0.68054414,0.77799565,0.5188328,0.6683212,0.6386088,0.4820305,0.73986435,0.7915895,0.45378754,0.7133278,0.8229756,0.48694733,0.8647965,0.85230464,0.46671018,0.8434977,0.88926524
253,5,0.5518192,0.4963556,0.77295077,0.5816706,0.5551483,0.87010235,0.5422526,0.55084294,0.72404337,0.53786826,0.5919789,0.50434065,0.5182415,0.6055208,0.8648743,0.53178596,0.5521583,0.5552791,0.5280211,0.57257116,0.15864924,0.5462488,0.68162847,0.7822374,0.51945126,0.669942,0.8431907,0.48294675,0.7369372,0.723533,0.45305327,0.7153308,0.8585102,0.48832014,0.8652979,0.79954517,0.46692947,0.8437663,0.7726865
254,5,0.55230105,0.49588177,0.7783972,0.58185107,0.5538922,0.708244,0.5410062,0.55081534,0.7006564,0.53810376,0.591653,0.4544835,0.5178762,0.6064312,0.6433132,0.5314,0.55465996,0.49677134,0.5297889,0.56632,0.33532006,0.5491243,0.6786137,0.83298844,0.5210062,0.66802865,0.7353849,0.48279285,0.73588943,0.7035815,0.4538496,0.71337444,0.84160143,0.48814133,0.8649802,0.9018056,0.4669417,0.84286475,0.8650651
255,5,0.5515073,0.49544242,0.71850413,0.5829869,0.553345,0.78053343,0.5418087,0.5501435,0.6934587,0.53837407,0.591037,0.45231336,0.51756626,0.605873,0.9170368,0.53258485,0.55031496,0.5110323,0.53075224,0.55617183,0.30294335,0.5457793,0.6781326,0.69539326,0.5188233,0.6670885,0.8808028,0.48150304,0.73765385,0.68797594,0.45386806,0.71360904,0.8661425,0.48743242,0.8665125,0.861093,0.46693715,0.8438702,0.85050386
256,5,0.5515799,0.49647805,0.7846927,0.5824121,0.5546509,0.87038004,0.541128,0.55093044,0.7379649,0.5374844,0.5911184,0.49608785,0.5177954,0.6060829,0.89207494,0.53101486,0.5526258,0.5886391,0.52822095,0.57186,0.16891298,0.548384,0.6789846,0.7980375,0.5196474,0.66793597,0.78576237,0.48202336,0.7361382,0.7348048,0.45294237,0.7139975,0.8370463,0.4874832,0.8634472,0.8460307,0.46685946,0.842883,0.8815422
257,5,0.55165607,0.4951347,0.76548773,0.582269,0.55351365,0.71850955,0.5414482,0.5509366,0.7243868,0.53859013,0.59140867,0.50134575,0.5180455,0.60536754,0.8822597,0.5327996,0.5498642,0.4411505,0.5309699,0.55046374,0.38659322,0.5474628,0.6786042,0.86351186,0.5195968,0.667527,0.80773646,0.4830863,0.7379445,0.82154673,0.45366776,0.7143193,0.89439213,0.4870886,0.86714476,0.7489174,0.46725878,0.84393764,0.85219157
258,5,0.551659,0.49509972,0.7933562,0.5823093,0.5537497,0.6810768,0.54190534,0.5506323,0.6549812,0.5377943,0.5912236,0.49088946,0.5179321,0.6055184,0.8724556,0.5322021,0.54931533,0.47648853,0.529491,0.5709217,0.17185964,0.5466684,0.6798958,0.7883207,0.51913273,0.66810554,0.66337514,0.48310083,0.73828566,0.79889023,0.45342723,0.7143375,0.8797665,0.48715404,0.866274,0.7884684,0.46714303,0.84264797,0.82419986
259,5,0.55188614,0.49589488,0.77802974,0.5818671,0.5551256,0.8775325,0.5411749,0.55107576,0.7167533,0.53823954,0.59092057,0.50439775,0.5178258,0.6050612,0.8749201,0.5315185,0.55373544,0.51418114,0.52866906,0.57172555,0.20458283,0.54635566,0.68024284,0.7705701,0.51913047,0.66988873,0.82961243,0.48282444,0.73605067,0.7331584,0.45287466,0.7144808,0.8366514,0.48855382,0.8657054,0.8241606,0.46705934,0.8435934,0.8206181
260,5,0.5518042,0.49601147,0.77302784,0.5815291,0.55385137,0.8977461,0.5415329,0.5508927,0.6350703,0.5383182,0.5913171,0.5408683,0.51755553,0.60679436,0.6911417,0.5328086,0.5507059,0.42998335,0.5284124,0.5716657,0.16758375,0.5484048,0.67820776,0.8281526,0.5201317,0.66761905,0.8826363,0.48287997,0.737244,0.84418595,0.45252198,0.71431094,0.9041824,0.4881788,0.865079,0.90005,0.46653685,0.8443548,0.7493712
261,5,0.5517295,0.4951714,0.74166596,0.5817251,0.5537759,0.72773093,0.54125386,0.55168504,0.7117099,0.53877753,0.59082097,0.50681156,0.51825756,0.6041115,0.8598911,0.5333863,0.54959196,0.40811813,0.5309741,0.5494688,0.40946367,0.5463308,0.6790799,0.7252177,0.5193036,0.6679648,0.8852106,0.48233837,0.7386802,0.75113076,0.45380166,0.71402144,0.8491109,0.48687267,0.8661635,0.88089824,0.46709144,0.84311897,0.82004124
262,5,0.5508139,0.49543643,0.8683479,0.582489,0.5514896,0.88352656,0.5421396,0.5491498,0.8350127,0.537034,0.5919627,0.5858588,0.5171845,0.60726845,0.81672204,0.53257686,0.54994524,0.6208146,0.53192383,0.5521019,0.3300314,0.5485214,0.6771159,0.7581394,0.51915014,0.66572654,0.6870897,0.48243415,0.7362164,0.7149764,0.45324913,0.7140245,0.80947554,0.48737612,0.86524975,0.84544975,0.46651554,0.8423457,0.85565656
263,5,0.5517178,0.49507016,0.75269914,0.5821646,0.5528218,0.7240179,0.54168767,0.5512805,0.78910756,0.5384349,0.5899601,0.510083,0.51763594,0.60404176,0.8570288,0.53296584,0.5487293,0.41632155,0.531102,0.5533905,0.34731346,0.54673886,0.6788701,0.79767716,0.5189922,0.6667593,0.6488337,0.48249865,0.73855424,0.7632427,0.45361423,0.7133632,0.8647678,0.48692963,0.86463875,0.7509677,0.4669515,0.8433139,0.8704677
264,5,0.5508638,0.495297,0.8554227,0.58255184,0.55244046,0.88289875,0.5422653,0.54994696,0.774443,0.5376991,0.59134686,0.57951295,0.5172279,0.6073335,0.7536091,0.5321178,0.54977655,0.57424617,0.53027207,0.5720302,0.14947324,0.54795897,0.6781231,0.7223728,0.5187065,0.66710895,0.6843635,0.48258993,0.7386708,0.81590295,0.45336488,0.713769,0.8999447,0.48703587,0.8656577,0.7859112,0.46632278,0.8424554,0.87416446
265,5,0.551269,0.4944342,0.85318625,0.5828589,0.5516665,0.7011,0.5416991,0.54950124,0.8411155,0.5373873,0.59045464,0.55042964,0.5170995,0.6063515,0.82629573,0.5324929,0.54871714,0.598131,0.53095365,0.5715234,0.15554838,0.54858965,0.67676276,0.77829486,0.5184137,0.6649066,0.707279,0.48256686,0.7379619,0.8789466,0.45264617,0.7135142,0.8484609,0.48699385,0.8655788,0.82399285,0.4659703,0.84233713,0.95572084
266,5,0.5510427,0.49477103,0.63845575,0.5825326,0.55181515,0.7121511,0.54131585,0.5486132,0.812165,0.53760517,0.5900306,0.5384785,0.51729906,0.60494566,0.9046637,0.53271735,0.5512381,0.6918588,0.5302849,0.5532667,0.3433704,0.5482435,0.67767876,0.7722152,0.5190584,0.6655408,0.7597781,0.4815382,0.73712564,0.68613964,0.45268992,0.71317464,0.77828926,0.48679966,0.8658585,0.7997814,0.46609178,0.8422286,0.89431274
267,5,0.5510913,0.4947291,0.7983871,0.58277607,0.5511281,0.7729232,0.5403024,0.5493021,0.7134074,0.53742146,0.59002924,0.5294967,0.51719654,0.6064058,0.7750189,0.5322937,0.5484036,0.5007628,0.5306369,0.5501941,0.44545335,0.54910034,0.6747434,0.79092664,0.5196259,0.6632267,0.8907049,0.4825586,0.7384473,0.8865796,0.45291167,0.7136356,0.8176317,0.486948,0.86575264,0.8089991,0.46617308,0.8417815,0.95297503
268,5,0.55146587,0.49465412,0.71112114,0.5829357,0.55242926,0.7417866,0.5408011,0.54890656,0.8075017,0.5385058,0.5876326,0.47670498,0.51664174,0.6059237,0.8690895,0.5333225,0.5507231,0.44341803,0.529632,0.5661132,0.3075154,0.54696053,0.67902356,0.8674119,0.5188629,0.66616726,0.75785255,0.4823686,0.73861545,0.777817,0.45288867,0.7135429,0.8404414,0.48653117,0.8664832,0.7725388,0.4664847,0.84268135,0.8836061
269,5,0.55133283,0.4946697,0.8523958,0.5832042,0.55104196,0.93498397,0.54151344,0.5504511,0.7824879,0.53671545,0.5899996,0.52439016,0.51675916,0.6063244,0.81583476,0.53213555,0.5490342,0.48980862,0.530315,0.5696753,0.18090798,0.54972035,0.6763058,0.8326423,0.51904553,0.664727,0.8995279,0.48251826,0.7352652,0.8454073,0.45239905,0.7136601,0.91414386,0.4877111,0.8649213,0.8385189,0.46665612,0.8424052,0.9310847
270,5,0.55123013,0.49472672,0.502621,0.58245355,0.55206263,0.70744634,0.5409397,0.5496796,0.7745855,0.5386576,0.5882249,0.52909124,0.517458,0.6030486,0.872192,0.5332208,0.55002534,0.6547377,0.5307281,0.5514829,0.310597,0.5461051,0.6784833,0.79703194,0.51877165,0.6657382,0.8011999,0.48092666,0.7391732,0.74439067,0.45339414,0.7133979,0.8575546,0.48675004,0.86567473,0.8879374,0.46627617,0.8438992,0.8943144
271,5,0.55122197,0.49534544,0.8523284,0.5828066,0.5525528,0.89739645,0.54167163,0.5489082,0.7650913,0.53755176,0.59002465,0.5338386,0.5171799,0.60653794,0.7253616,0.532425,0.54916346,0.5066961,0.5291976,0.5636092,0.24042438,0.5488981,0.67749226,0.82267874,0.519921,0.665716,0.9107017,0.48209846,0.73610216,0.7893046,0.45266792,0.7137638,0.8404165,0.48764116,0.8628009,0.8804445,0.46692607,0.8416005,0.87913394
272,5,0.5513447,0.49472928,0.6474065,0.5821415,0.5522556,0.7646147,0.5412707,0.55109996,0.7611259,0.53869873,0.58892375,0.4933334,0.5178147,0.6030822,0.8687626,0.5332144,0.5517013,0.6434835,0.5309789,0.5535358,0.3677504,0.5453399,0.67865795,0.72407347,0.5191554,0.66709924,0.89919996,0.481468,0.7388509,0.74145496,0.45363963,0.71312195,0.8643905,0.48679546,0.86564684,0.88248855,0.4668127,0.8435149,0.8711005
273,5,0.55114883,0.49604008,0.83135253,0.58209974,0.5526838,0.8477422,0.54324436,0.54918396,0.6368058,0.5382758,0.5904405,0.57716626,0.5177197,0.60475737,0.8538566,0.53216743,0.5495081,0.5489604,0.5300657,0.5498189,0.35110733,0.54780287,0.6795685,0.7388171,0.51943034,0.6679667,0.7322455,0.48293698,0.7386955,0.8202475,0.4530673,0.714816,0.76863545,0.48746818,0.8627414,0.8539331,0.4669731,0.84140295,0.83894706
274,5,0.55158603,0.4951742,0.7297834,0.58256465,0.55197114,0.76419175,0.54130006,0.5497235,0.76576877,0.5384085,0.58972085,0.5309655,0.5174796,0.6055965,0.76055276,0.5323971,0.54810077,0.44792855,0.53058577,0.5538044,0.31448087,0.5472577,0.6789822,0.81601924,0.5194983,0.66847175,0.8534576,0.48264426,0.73620796,0.778563,0.45284483,0.714644,0.88302225,0.48819253,0.864635,0.8678129,0.4668626,0.8437124,0.7434729
275,5,0.55156773,0.49542785,0.76709545,0.58232933,0.55228204,0.7333613,0.5414303,0.55025446,0.66634756,0.53847903,0.5897199,0.54231143,0.51731783,0.6057213,0.80787694,0.53242075,0.5483466,0.49049136,0.5306509,0.55025053,0.4141736,0.54943806,0.6768022,0.774834,0.5199061,0.6665004,0.8898803,0.482399,0.7362088,0.81723636,0.45273796,0.7142331,0.90753627,0.48797324,0.86558783,0.8450264,0.466802,0.8425252,0.7608025
276,5,0.550929,0.49496397,0.59351236,0.58210874,0.5525548,0.79614335,0.541355,0.5501936,0.74057144,0.53867596,0.58922803,0.4843974,0.5176387,0.6054354,0.6950056,0.53290284,0.5520167,0.6345704,0.53072447,0.5536897,0.37023008,0.5456156,0.67930025,0.7139777,0.5192457,0.6672627,0.8813182,0.48253813,0.7394882,0.8343068,0.4537359,0.7137266,0.8081514,0.48694023,0.8653472,0.8582858,0.46682853,0.84285456,0.8234592
277,5,0.5515737,0.4961171,0.7829613,0.5819698,0.5538136,0.9052466,0.5410878,0.55016345,0.68481386,0.53834754,0.58988625,0.55764776,0.5172092,0.60538584,0.6891345,0.5321139,0.54951465,0.41857076,0.5315218,0.55261,0.3978371,0.5463964,0.68091553,0.815234,0.5181554,0.669287,0.6995948,0.4822714,0.73663044,0.76473534,0.45267963,0.71432036,0.857653,0.48725992,0.8648319,0.8224319,0.46638125,0.8432468,0.8582421
278,5,0.5522349,0.49597794,0.64825195,0.58084714,0.55480707,0.826543,0.5408299,0.5495755,0.59296703,0.53909093,0.58986557,0.46057802,0.5175752,0.6047874,0.813293,0.53235805,0.5509288,0.47635114,0.5303166,0.5519142,0.3255879,0.5476323,0.68098724,0.6074587,0.5198149,0.66957885,0.8224121,0.48323587,0.7373188,0.72097903,0.453631,0.71410185,0.82736725,0.48752266,0.8663686,0.64983386,0.46678343,0.8431305,0.9150284
279,5,0.550748,0.49523225,0.5862115,0.5829658,0.55158156,0.8096165,0.5413885,0.54888177,0.7754532,0.5375576,0.58984554,0.5462368,0.5170755,0.60527503,0.8505556,0.53311044,0.5482483,0.5286813,0.53078514,0.5484069,0.44461718,0.5488665,0.6758188,0.82020015,0.5198016,0.66431534,0.84244585,0.48285627,0.73684645,0.8431425,0.45278466,0.71320045,0.9129008,0.48738736,0.8652144,0.9145167,0.4668823,0.8419316,0.90272754
280,5,0.55134,0.495394,0.5924268,0.58196247,0.55260354,0.67428803,0.54062563,0.5500754,0.7489292,0.5385723,0.58849835,0.5132186,0.51745814,0.6048958,0.6311759,0.53182137,0.54997796,0.52046835,0.5302059,0.5524157,0.43424708,0.546966,0.6794239,0.8289228,0.5182677,0.6679185,0.68215775,0.48154706,0.73883003,0.66101104,0.45341703,0.713031,0.8227649,0.48689085,0.8658655,0.7267829,0.4667436,0.84291315,0.8440745
281,5,0.55160004,0.49686974,0.728833,0.5817715,0.55393755,0.8848631,0.5404819,0.5503399,0.69434935,0.53828794,0.58980536,0.50574285,0.51740736,0.6060961,0.70894784,0.5325275,0.5494446,0.4112299,0.52919066,0.5631945,0.22458634,0.5483719,0.67812866,0.7379079,0.51950294,0.66790825,0.8765194,0.4825777,0.736046,0.8199352,0.45246747,0.71404034,0.891881,0.48780137,0.86449623,0.86347544,0.46678883,0.8441943,0.8596181
282,5,0.5504151,0.49522173,0.68104523,0.582613,0.55268043,0.73692477,0.54168075,0.54969794,0.7122916,0.5378053,0.58950955,0.5711626,0.51711065,0.6056783,0.8030233,0.53293365,0.5483785,0.543218,0.5303063,0.54810566,0.42075926,0.54693675,0.6772353,0.81361973,0.5184483,0.66550523,0.82419,0.48243055,0.7374492,0.86369556,0.45291722,0.71416855,0.8070869,0.48696232,0.8649535,0.6890215,0.46657458,0.8430033,0.88579005
283,5,0.55072063,0.49678123,0.6559501,0.5820738,0.5532652,0.89354813,0.54178774,0.5497577,0.7038888,0.5381813,0.58906263,0.4918856,0.517482,0.6044055,0.88310575,0.532345,0.5491412,0.37454998,0.5281257,0.57046723,0.21055996,0.54582614,0.680431,0.8278081,0.5191572,0.6680106,0.7379021,0.48307604,0.73853385,0.78639126,0.4530559,0.7143314,0.85196245,0.48737267,0.8637374,0.8319613,0.4662592,0.8435581,0.9004315
284,5,0.551218,0.4965239,0.60053575,0.58116263,0.5541391,0.8700644,0.5410389,0.55108845,0.6272447,0.53837734,0.58968014,0.47646165,0.5176705,0.6047354,0.88083696,0.53207785,0.5526882,0.47390312,0.5291153,0.5646688,0.2504586,0.5458419,0.6818381,0.7696243,0.5197657,0.66991585,0.8412218,0.48335308,0.73765075,0.7471867,0.45330256,0.7150879,0.8671515,0.4877307,0.86507255,0.88603973,0.46629587,0.84281987,0.91404235
285,5,0.55057347,0.4961536,0.7628152,0.5826394,0.55140007,0.6534355,0.54146683,0.5499826,0.7719984,0.5370506,0.59004384,0.56223387,0.5172402,0.60400665,0.822977,0.5322044,0.5483497,0.565878,0.53174055,0.54685956,0.5133386,0.54885375,0.676341,0.8380789,0.5204893,0.6654055,0.86002237,0.48302832,0.7367253,0.7801937,0.45331365,0.71362644,0.8883392,0.48799783,0.8647684,0.90648705,0.46716794,0.8420878,0.9097782
286,5,0.5510686,0.49550983,0.4181216,0.5812079,0.5528202,0.73228145,0.5407468,0.5507404,0.6923473,0.539112,0.58837265,0.47068065,0.51753825,0.603488,0.81297433,0.5320421,0.55260867,0.5858804,0.5308016,0.55469763,0.34546664,0.5448903,0.6790957,0.7604892,0.51837355,0.66693604,0.71115977,0.4822485,0.7390815,0.7848392,0.45362416,0.713765,0.75654435,0.4869687,0.8655564,0.8397551,0.46702725,0.8434548,0.83689874
287,5,0.5505707,0.4971304,0.8490024,0.58303654,0.5522316,0.82571137,0.54143244,0.5491749,0.76849926,0.53669584,0.59014547,0.5714934,0.5167525,0.6068502,0.7238673,0.5314988,0.549183,0.57335335,0.53123575,0.5510505,0.35419306,0.5480295,0.6758288,0.7743279,0.5189487,0.6663107,0.9046762,0.4823267,0.7363457,0.8349266,0.45271862,0.7139213,0.9054457,0.4875325,0.8636034,0.87651074,0.46651396,0.8438024,0.89143026
288,5,0.5506956,0.496658,0.5512889,0.58195215,0.5530401,0.90515816,0.54107153,0.5488726,0.718443,0.53874224,0.5893554,0.51957464,0.51760805,0.60386777,0.85490286,0.5322765,0.5481421,0.41733465,0.53018624,0.56965584,0.17192309,0.5461686,0.6788347,0.7948084,0.5181383,0.6669584,0.6128756,0.48233396,0.7392172,0.69088405,0.45372468,0.7135756,0.8424643,0.48683965,0.86553246,0.7169005,0.46624526,0.8449917,0.90461534
289,5,0.5509827,0.49642313,0.6533111,0.5817214,0.55339456,0.8730095,0.5413332,0.55029976,0.6788796,0.5384194,0.5891759,0.4215718,0.5178149,0.603843,0.86343,0.5319034,0.55192673,0.51620364,0.5304839,0.55476946,0.30056515,0.5462102,0.68134934,0.80524474,0.51825106,0.66895443,0.6942608,0.48271045,0.73642445,0.7028627,0.45336977,0.71496564,0.8674695,0.48827365,0.8661775,0.7858359,0.4666131,0.84336317,0.76328945
290,5,0.55120414,0.49678102,0.5202036,0.58121485,0.5542572,0.85038024,0.54098064,0.5496355,0.60919565,0.53866327,0.59019935,0.48818284,0.51758444,0.6037258,0.6624907,0.5325412,0.5504875,0.48040563,0.5304619,0.5511589,0.3288106,0.54667515,0.6799923,0.6983336,0.5192844,0.66847205,0.81189865,0.48288277,0.73774666,0.7202035,0.453694,0.7141549,0.8482849,0.48814186,0.8653915,0.8945674,0.46640432,0.8431655,0.8856507
291,5,0.5507243,0.49672118,0.62345904,0.58181155,0.5535181,0.9114847,0.5410478,0.55026156,0.7340725,0.53823626,0.5896961,0.5282895,0.51734143,0.6055956,0.77317697,0.53274226,0.55156356,0.61027443,0.5317062,0.5522147,0.4485155,0.54632926,0.6793154,0.89266604,0.5183619,0.66701084,0.8423126,0.48237747,0.7369725,0.8252229,0.45273763,0.714929,0.9333842,0.4876423,0.8651611,0.908553,0.46646997,0.84392095,0.74059224
292,5,0.55144155,0.497425,0.72214586,0.5821833,0.5537107,0.8885634,0.54123306,0.5506061,0.6903951,0.53850275,0.5893097,0.46997482,0.5174778,0.6052212,0.6541372,0.5317022,0.55107164,0.53075206,0.53012615,0.55111074,0.3980171,0.5463813,0.68004996,0.6439192,0.5184489,0.66848683,0.68150026,0.48257223,0.7364788,0.7602882,0.45295143,0.714425,0.8606312,0.48732588,0.86486953,0.79170114,0.46646562,0.84392065,0.8632791
293,5,0.551946,0.49653065,0.6725787,0.5804909,0.5548863,0.8306468,0.5411032,0.5498373,0.5784606,0.53875846,0.5904481,0.46829438,0.5180344,0.60424805,0.8227445,0.53247476,0.55051833,0.48237157,0.53040385,0.551378,0.40464386,0.54552096,0.6826262,0.7475162,0.51825005,0.6701036,0.61456674,0.48309985,0.73713684,0.72775465,0.45315987,0.7151929,0.8535232,0.48827899,0.8653287,0.82939243,0.46664724,0.843863,0.7728521
294,5,0.5518573,0.49608696,0.49251986,0.58000064,0.554499,0.83065957,0.54113656,0.55078924,0.5874154,0.53801906,0.5907363,0.42810702,0.51790345,0.6030779,0.81426245,0.53281736,0.550703,0.46355948,0.53042287,0.5505571,0.3522496,0.5460958,0.68117595,0.77468044,0.51980346,0.6682727,0.8016084,0.48409468,0.7379105,0.72416,0.45349678,0.71471906,0.65504336,0.4875225,0.86662304,0.7766312,0.46692294,0.84374535,0.7741526
295,5,0.5510244,0.49600458,0.7712329,0.58226776,0.55249244,0.90867615,0.5411484,0.55077696,0.651474,0.53805065,0.5902281,0.5388087,0.5174954,0.604784,0.7338716,0.5325304,0.54920554,0.49928716,0.5304482,0.5491721,0.38812387,0.5464676,0.6794608,0.73372144,0.5190081,0.66852397,0.8116247,0.48265895,0.7367524,0.6714955,0.45353267,0.71482384,0.87899506,0.48792583,0.8660435,0.8424107,0.46640643,0.84440523,0.73027086
296,5,0.5512407,0.49606922,0.76905257,0.58204335,0.5539712,0.9050244,0.54054487,0.55144554,0.718869,0.5385898,0.59026104,0.54886854,0.5171978,0.6054989,0.7716409,0.5322557,0.5496702,0.46401545,0.53017944,0.5505972,0.390424,0.54858094,0.67755157,0.742249,0.5190294,0.66683805,0.8690513,0.48200786,0.73550254,0.79023105,0.45281744,0.7142263,0.9116613,0.48801276,0.8651051,0.8505702,0.46668875,0.843384,0.83003753
297,5,0.5507609,0.49547714,0.7230889,0.5821699,0.55268127,0.6737861,0.54169923,0.5507675,0.6272666,0.5386374,0.58970666,0.5663892,0.5174841,0.6056208,0.74103945,0.5319643,0.548436,0.45667967,0.5305432,0.54950446,0.3716756,0.54787093,0.6769599,0.9013646,0.5198553,0.66571,0.863067,0.48227352,0.73809534,0.8397627,0.45339826,0.7130478,0.78447247,0.48715767,0.8641709,0.7990464,0.46661928,0.84374523,0.8944926
298,5,0.5512037,0.4963565,0.643421,0.58152854,0.553216,0.6521887,0.5412396,0.55034256,0.70123124,0.539508,0.5894763,0.5127756,0.51759106,0.6041767,0.8044368,0.5328798,0.54918814,0.58534175,0.5308245,0.5486235,0.3649112,0.5474678,0.6790807,0.7734668,0.5191861,0.6674115,0.6335035,0.48224917,0.73927575,0.80474,0.45387712,0.71295875,0.83891803,0.48692238,0.86532944,0.7115651,0.4665603,0.8435159,0.8732628
299,5,0.5508388,0.49560615,0.7989136,0.58253515,0.55252945,0.6990546,0.54093575,0.54989654,0.79925567,0.53785884,0.5900544,0.55705917,0.5169856,0.6064577,0.8292071,0.53234404,0.54889494,0.5666922,0.5306183,0.55044544,0.42045283,0.54965556,0.67575467,0.792862,0.5196219,0.6650211,0.89029956,0.48193496,0.73592997,0.7441904,0.45261547,0.7143612,0.86730635,0.4874979,0.865266,0.870319,0.46684352,0.8424744,0.9124705
300,6,0.5514794,0.495437,0.5890422,0.5824966,0.5519941,0.74752325,0.54027265,0.5496575,0.76009977,0.53938305,0.5884203,0.5413092,0.5173802,0.6052586,0.6834608,0.5323709,0.5506576,0.6300007,0.5300144,0.5522278,0.3704588,0.5475895,0.67849255,0.8311842,0.51899725,0.6670403,0.6828074,0.48082638,0.7382216,0.7017517,0.45341593,0.71300536,0.8470192,0.48682517,0.86426,0.74869734,0.46684873,0.844059,0.9011317
301,6,0.55069363,0.49600238,0.7997107,0.5830401,0.55101645,0.71591985,0.5398592,0.54897505,0.7886865,0.53781164,0.5903333,0.53621066,0.5169394,0.606473,0.83265513,0.5322616,0.5486171,0.5357657,0.53029716,0.5500493,0.505191,0.55072016,0.6744223,0.8153448,0.51998687,0.6638628,0.9046542,0.48197553,0.7356209,0.77879626,0.45243648,0.71368265,0.8747071,0.48777407,0.86463654,0.7850872,0.4668983,0.8421752,0.92227286
302,6,0.55114996,0.4953545,0.8208948,0.58283746,0.5506134,0.8619235,0.53976566,0.54761153,0.8364803,0.53852344,0.5880639,0.49345785,0.51660675,0.60498303,0.890795,0.532552,0.551881,0.582248,0.53051555,0.56833744,0.33865687,0.548929,0.677167,0.8648827,0.51988447,0.6656147,0.74833596,0.4814696,0.7383459,0.72443175,0.45366,0.7138778,0.8288353,0.48701388,0.86588824,0.8665687,0.46674025,0.8431279,0.9051117
303,6,0.55127496,0.49460626,0.47492465,0.58191955,0.5526544,0.7286821,0.54082435,0.5498822,0.74638766,0.53929037,0.58879596,0.5285655,0.5173904,0.6035887,0.8682206,0.53212905,0.5521581,0.6069423,0.5300897,0.55463713,0.40216064,0.54632455,0.67999053,0.80041754,0.5184157,0.6689679,0.66053015,0.4829945,0.7393279,0.77897817,0.45362836,0.71335834,0.87631667,0.48691088,0.8666944,0.7509955,0.46697107,0.8434596,0.8539559
304,6,0.55212724,0.49633715,0.64865583,0.58147144,0.5544889,0.8518979,0.54050106,0.55051297,0.6930435,0.53872883,0.5903463,0.4590718,0.5177817,0.6049843,0.8652646,0.5318535,0.55330014,0.4886377,0.52838844,0.5719313,0.21067515,0.54672253,0.6822782,0.7752421,0.51990145,0.6705621,0.8493605,0.48343822,0.7374661,0.7629513,0.4534133,0.71453595,0.86389685,0.48774,0.8664543,0.87164617,0.4660456,0.8434038,0.91348845
305,6,0.5511747,0.49506083,0.709697,0.58256316,0.55297536,0.75634617,0.54116184,0.5508369,0.6455347,0.5379663,0.5899453,0.53037417,0.5171874,0.60384667,0.8091583,0.5321352,0.5481156,0.4955853,0.5301489,0.54784864,0.46201026,0.54991174,0.6774697,0.7242662,0.5203242,0.6668508,0.8688254,0.48293254,0.73571426,0.8666708,0.45310876,0.71283597,0.90880644,0.4877614,0.86739796,0.91826683,0.46738824,0.84360486,0.90006626
306,6,0.5510167,0.49506626,0.71303564,0.58234274,0.55302715,0.8086873,0.5403532,0.5502006,0.70861965,0.5389663,0.5891992,0.48179546,0.517504,0.6038332,0.87068427,0.53244644,0.5520807,0.6281202,0.53118867,0.55469,0.3544617,0.54757386,0.67930305,0.77848434,0.51957476,0.6675296,0.7916505,0.48148826,0.738553,0.6658662,0.45384538,0.71362346,0.8358834,0.48704484,0.86740935,0.8560001,0.4673631,0.8436105,0.81646246
307,6,0.55116785,0.49422833,0.75646293,0.5821145,0.5531263,0.71941525,0.5407258,0.5511109,0.75404465,0.5386824,0.5901789,0.53460056,0.5176327,0.60576624,0.7226547,0.5318944,0.5479849,0.46709427,0.5305167,0.5490354,0.3730664,0.54681563,0.67800045,0.894358,0.5192614,0.667188,0.84459084,0.48229995,0.73720556,0.7126502,0.4530129,0.7145625,0.8333889,0.48702833,0.86763984,0.8269105,0.46644276,0.84326774,0.84551686
308,6,0.5511759,0.49557728,0.8123598,0.5827198,0.5519319,0.6853364,0.54140216,0.54953384,0.7706397,0.5375286,0.59022295,0.48837796,0.5172127,0.6062984,0.78553265,0.5320082,0.54942465,0.48813218,0.5304845,0.56345576,0.24513252,0.5502172,0.6766723,0.91734946,0.51994324,0.6654691,0.9106379,0.48210415,0.73590255,0.7708524,0.45271155,0.7144127,0.8667089,0.48756474,0.86454064,0.8739504,0.46633375,0.84303194,0.84988946
309,6,0.55140793,0.49397844,0.49131325,0.5814402,0.5540869,0.69453764,0.5402851,0.5503219,0.64299625,0.53941184,0.58911467,0.4147002,0.5175301,0.6033594,0.78903246,0.5326002,0.5527947,0.5638906,0.5305801,0.5627682,0.23307613,0.5450544,0.6807831,0.797668,0.518184,0.66838396,0.72031325,0.4824249,0.7390971,0.778886,0.45325622,0.71376026,0.7548453,0.48696816,0.86610794,0.8295998,0.46709257,0.8433396,0.87134886
310,6,0.55133,0.49563408,0.7334244,0.5816954,0.554734,0.83549476,0.54157954,0.55089414,0.68091094,0.5380021,0.5908187,0.46874994,0.51745564,0.60559976,0.88628435,0.53151137,0.5517256,0.52504075,0.52739275,0.5740212,0.20149873,0.54533905,0.6802475,0.72733945,0.5193256,0.66894007,0.8494243,0.4835931,0.7386737,0.76555026,0.4535788,0.7141588,0.8617297,0.4877721,0.8652327,0.8655944,0.46582323,0.8443737,0.9307733
311,6,0.5515705,0.4949177,0.75037605,0.5804232,0.5552966,0.81523615,0.54093474,0.5489991,0.5636068,0.53891474,0.5910635,0.44725528,0.51809937,0.6049445,0.7697243,0.53249264,0.5517162,0.47070956,0.52869195,0.5738369,0.15978633,0.54525363,0.6842117,0.70077264,0.51784295,0.670688,0.5380984,0.48321673,0.7374124,0.65298414,0.45330107,0.7149469,0.8108166,0.4873032,0.8660534,0.82521296,0.4663685,0.84475756,0.9213666
312,6,0.551759,0.494953,0.64362836,0.580934,0.5547492,0.82498705,0.5404573,0.55087066,0.627683,0.5373271,0.59074414,0.44915786,0.51743037,0.60446864,0.7220649,0.5328543,0.5518946,0.47321442,0.530059,0.5628397,0.21589927,0.5470321,0.6803585,0.72987646,0.5196315,0.6687016,0.6730834,0.4832297,0.73772186,0.64072806,0.4530147,0.71434057,0.79213893,0.48619744,0.86894375,0.72710335,0.46592304,0.8451243,0.8882649
313,6,0.55120397,0.4941707,0.7539621,0.582015,0.5532355,0.69126356,0.54137343,0.5506072,0.62651896,0.5384605,0.589887,0.5046692,0.51776505,0.6053104,0.70559585,0.53229797,0.54854614,0.46048927,0.53025085,0.5633583,0.18810786,0.54717433,0.6789073,0.760701,0.51975036,0.6690387,0.8331031,0.48313504,0.73670894,0.67685074,0.45300543,0.71489614,0.8239406,0.487986,0.86619,0.785744,0.46720994,0.84426934,0.7453944
314,6,0.5512145,0.49383488,0.75173074,0.5820026,0.55321324,0.6943013,0.5406099,0.5503698,0.69521296,0.53832793,0.59010667,0.50567484,0.51777256,0.60591364,0.6797703,0.53198713,0.54807633,0.46224213,0.5305267,0.5636688,0.2022462,0.5476452,0.6784548,0.7774845,0.5199102,0.6685492,0.8452452,0.48304412,0.73677313,0.6594804,0.45324263,0.71458095,0.80013365,0.4874365,0.8667181,0.83851933,0.46695584,0.8442548,0.812172
315,6,0.5513246,0.49377367,0.7285667,0.5818868,0.5534047,0.7101603,0.54123825,0.55074674,0.69000494,0.5388987,0.59024894,0.52251446,0.5180854,0.60379255,0.85293365,0.53218186,0.54885423,0.39773875,0.5308309,0.5635822,0.21708982,0.54775864,0.67752683,0.74499935,0.5198913,0.6675996,0.82917273,0.4835988,0.7383073,0.8194396,0.4534558,0.7150419,0.77107143,0.48758915,0.86703557,0.7934703,0.46711618,0.84426427,0.8424657
316,6,0.5510578,0.49426168,0.699288,0.58176166,0.5531737,0.7076643,0.54110754,0.551554,0.7323073,0.5391399,0.5900132,0.5331942,0.5180451,0.6032469,0.8345368,0.5324777,0.5485054,0.388641,0.5306283,0.5494084,0.38997895,0.5456975,0.6785102,0.720244,0.5181797,0.6673098,0.5569721,0.4834523,0.7388882,0.774283,0.45366225,0.7139514,0.87772316,0.48660105,0.86688894,0.7465492,0.46674162,0.8447288,0.8590073
317,6,0.550752,0.49585748,0.7979024,0.5822189,0.5542652,0.8560502,0.5415581,0.550735,0.71417373,0.53819233,0.58984584,0.448021,0.51776546,0.6043822,0.874204,0.53204197,0.54995435,0.43997622,0.5292665,0.563464,0.19399713,0.54714316,0.6790305,0.71622354,0.5187761,0.66857,0.73767585,0.4825487,0.7371998,0.73973393,0.45319265,0.7143682,0.87248206,0.48714378,0.8649233,0.8739309,0.46651,0.8431627,0.87209165
318,6,0.55083567,0.4945371,0.77175796,0.58184266,0.55402875,0.90896636,0.54117596,0.5507698,0.6415785,0.5384628,0.5902654,0.51625997,0.51745546,0.6047991,0.8802124,0.532044,0.5494312,0.46717194,0.5306481,0.5639405,0.19904844,0.549205,0.67770624,0.7409989,0.52003056,0.6678922,0.8851617,0.48241723,0.7363455,0.7398755,0.45289475,0.7145241,0.8675304,0.4877163,0.86497176,0.79977363,0.46665114,0.8439277,0.85556716
319,6,0.5506299,0.49518043,0.78211874,0.58227116,0.552456,0.7504192,0.54206365,0.5495937,0.67480654,0.53833354,0.5905393,0.51654214,0.51752704,0.60649055,0.7265151,0.53249425,0.5499774,0.51881564,0.5310023,0.5552608,0.32246694,0.5462453,0.678715,0.7338865,0.519419,0.6671845,0.89111394,0.48170787,0.7388269,0.6616482,0.45399484,0.7139551,0.8529645,0.48676926,0.86601204,0.88200223,0.46680108,0.84356695,0.82705474
320,6,0.55060554,0.49512205,0.8166341,0.582703,0.5519693,0.71134156,0.5411657,0.54964423,0.7890384,0.5372607,0.5903127,0.51254976,0.5167574,0.6068048,0.80489355,0.5320613,0.5493389,0.51534164,0.5296679,0.563964,0.24181177,0.55018634,0.6771426,0.83762807,0.5196452,0.66626304,0.9091511,0.4822543,0.7364347,0.7991188,0.45282078,0.71432906,0.91045135,0.48742455,0.865466,0.8785231,0.4664741,0.8432983,0.8455968
321,6,0.550734,0.49511966,0.7485934,0.58210593,0.5528563,0.81982154,0.5411047,0.5503586,0.7390565,0.53872734,0.5896054,0.43892407,0.51721174,0.60378563,0.8865602,0.53210396,0.55279815,0.63323057,0.53081495,0.55636483,0.36642006,0.54685044,0.678645,0.7638481,0.51988757,0.6671907,0.8973107,0.48259312,0.7393783,0.8243764,0.4536963,0.71388125,0.82375675,0.48674503,0.8664857,0.853706,0.46661982,0.8424986,0.83357346
322,6,0.5503151,0.49424845,0.80843884,0.5823383,0.55178887,0.7375599,0.5412529,0.54899466,0.8471627,0.5373894,0.59065413,0.5580798,0.5169824,0.6065702,0.80426663,0.53169453,0.5485768,0.5936839,0.53045464,0.5484688,0.45211923,0.5471957,0.67764515,0.8381902,0.5182974,0.6653385,0.6816391,0.4830102,0.7386765,0.85666895,0.45323226,0.71449643,0.80349976,0.4867364,0.86588675,0.7918744,0.4664087,0.84346527,0.8652594
323,6,0.55042964,0.49473995,0.5217588,0.5818648,0.5533892,0.88902074,0.5410923,0.5494265,0.7470034,0.53857845,0.5900488,0.5220727,0.5174669,0.6046574,0.8830601,0.5311955,0.55171424,0.5878828,0.52943563,0.5613746,0.23377204,0.5468023,0.67997724,0.6743136,0.5188411,0.6670884,0.7100494,0.48316336,0.7382929,0.8279146,0.45291334,0.7140813,0.7481661,0.4870291,0.86471105,0.82840914,0.46632627,0.84301883,0.8668876
324,6,0.5503375,0.49503863,0.81269807,0.5829527,0.5512952,0.7601669,0.54088455,0.5501395,0.8022211,0.53820413,0.59028447,0.45291036,0.5163865,0.60699934,0.84476566,0.5323421,0.54921573,0.52733994,0.5302217,0.5709144,0.18536715,0.5489143,0.6762124,0.89884293,0.5190876,0.6636287,0.8837994,0.48226938,0.73575133,0.85544056,0.45232794,0.7141167,0.9398831,0.48771054,0.8649735,0.88592947,0.46654695,0.8435036,0.95199215
325,6,0.5503797,0.4959636,0.770963,0.5825049,0.5514889,0.7763955,0.54084855,0.54949665,0.8427829,0.53767204,0.5891891,0.49614823,0.5165179,0.6054039,0.8959032,0.53214127,0.55249125,0.6504074,0.53050005,0.567535,0.2957038,0.5473643,0.6789945,0.8734929,0.51907974,0.6663004,0.7378701,0.4821069,0.7387109,0.7575311,0.45340785,0.71371585,0.83764476,0.4869014,0.8651963,0.7685456,0.46680823,0.8435119,0.89915866
326,6,0.54949796,0.4969814,0.72020304,0.5823023,0.55196834,0.7645049,0.5413958,0.54816383,0.82967657,0.53717,0.59090936,0.5747127,0.51702154,0.6063532,0.79764533,0.5319387,0.5486292,0.5037286,0.52994263,0.55050015,0.4228171,0.54843116,0.6771322,0.9278049,0.52004206,0.6648376,0.8942342,0.48219994,0.736899,0.70315355,0.4531408,0.71498626,0.81171197,0.48749998,0.8657049,0.83425415,0.46662214,0.8438053,0.86460894
327,6,0.54895914,0.49650353,0.78117126,0.5818147,0.5522567,0.75279915,0.539549,0.5500645,0.7454678,0.53872615,0.5893452,0.52720577,0.517207,0.6055879,0.6885658,0.53196263,0.55172205,0.6236753,0.53033465,0.5540886,0.4364383,0.5466147,0.6778839,0.7963689,0.5196413,0.6669773,0.79769546,0.48217526,0.7385873,0.73034894,0.45345148,0.713712,0.8415449,0.48673677,0.8653846,0.8923596,0.4667074,0.8440248,0.8759765
328,6,0.5476935,0.49883333,0.8569873,0.58205295,0.55122393,0.71146137,0.53979844,0.5483147,0.84111285,0.5372237,0.5908482,0.5605976,0.5167233,0.60658705,0.8112576,0.5318247,0.5488018,0.48869422,0.52952224,0.55039805,0.49068353,0.5494408,0.6767235,0.8958026,0.52010286,0.6650444,0.8970098,0.4825693,0.7387876,0.8671061,0.45317018,0.71427554,0.7514336,0.4871572,0.8655945,0.8173484,0.46632248,0.84295326,0.87450504
329,6,0.5467773,0.50116265,0.749218,0.58119935,0.5529937,0.8385457,0.53762496,0.55009866,0.78440833,0.53773993,0.58872926,0.524271,0.51645625,0.6041615,0.73825276,0.5322761,0.55216026,0.5773165,0.5294969,0.5554362,0.43242347,0.5455709,0.6773855,0.73743826,0.5194654,0.6658019,0.89658195,0.48164693,0.738995,0.73065215,0.45359066,0.713261,0.84201217,0.4868582,0.8644543,0.7840099,0.4669223,0.8436239,0.8791967
330,6,0.5439434,0.50307846,0.8681849,0.5805999,0.5525962,0.7729611,0.5376179,0.54662216,0.8477357,0.53553647,0.59058225,0.5578466,0.5151903,0.60663563,0.7395731,0.53193736,0.54797286,0.53573054,0.5299494,0.5494245,0.43818626,0.5496616,0.6768281,0.9116897,0.5209326,0.66489285,0.91626585,0.48311588,0.7377134,0.8739292,0.4532479,0.71375823,0.75271314,0.48745883,0.8649847,0.8022417,0.46600303,0.8439553,0.9082311
331,6,0.54318106,0.5051419,0.8233373,0.57841796,0.55330384,0.88624847,0.5354898,0.54736805,0.78583586,0.5342847,0.5909259,0.4273383,0.51403564,0.60441554,0.8127614,0.530107,0.5520936,0.55922925,0.5271606,0.569192,0.2765668,0.5478033,0.67639524,0.8788995,0.5198565,0.66473687,0.91558284,0.4824076,0.7362602,0.6835104,0.45310813,0.7130968,0.91305506,0.48674682,0.86528236,0.66229445,0.46688738,0.84415,0.8735843
332,6,0.54040337,0.50752467,0.8817125,0.5789963,0.5514685,0.7466942,0.534051,0.54658043,0.85526466,0.53247476,0.5940296,0.5316361,0.5120237,0.6084507,0.8438924,0.53025836,0.54711896,0.45150977,0.52656823,0.5544509,0.41699228,0.55209327,0.67289263,0.9486542,0.52213967,0.6616151,0.9240124,0.48311883,0.73468184,0.8341565,0.452763,0.71247655,0.8242224,0.48755112,0.8639597,0.84356946,0.46724892,0.8425034,0.87676704
333,6,0.53750676,0.5102608,0.7712053,0.5776009,0.554074,0.8312883,0.53341633,0.54940474,0.7985795,0.530435,0.59725684,0.4188064,0.5099575,0.6108724,0.86983514,0.5268598,0.55653197,0.65594786,0.52425146,0.5594415,0.4268989,0.55190796,0.6716459,0.9411181,0.5223366,0.6619493,0.88061327,0.4821715,0.73250985,0.8506688,0.4521496,0.71282583,0.8619842,0.48648933,0.86397755,0.86822003,0.4668228,0.84257865,0.81892514
334,6,0.534649,0.5134982,0.8834826,0.57602155,0.55477667,0.922514,0.5320542,0.5488253,0.86945236,0.52799886,0.6026949,0.57411313,0.5092606,0.61482996,0.78990656,0.52462256,0.55529803,0.7100878,0.5202325,0.55698496,0.5255819,0.55246747,0.67222834,0.9096685,0.5226285,0.66281545,0.8787296,0.4828485,0.7316172,0.8576993,0.45319742,0.71062195,0.90170217,0.48628706,0.8633725,0.7907367,0.46703422,0.8423347,0.8449551
335,6,0.5318932,0.5142804,0.8254792,0.5727816,0.5563019,0.79827887,0.53239477,0.55190164,0.82642597,0.527895,0.60535026,0.5413522,0.5089082,0.6156102,0.625348,0.5220674,0.5626556,0.7320645,0.51874596,0.56238496,0.41377625,0.5518001,0.67421013,0.88637084,0.5226514,0.6644846,0.87435424,0.48325816,0.7316021,0.81729895,0.45378014,0.7109027,0.8526812,0.48677522,0.86308473,0.84796375,0.46734813,0.84015864,0.91902703
336,6,0.5288708,0.5152066,0.56660104,0.5716671,0.55669785,0.85524875,0.52640545,0.55248547,0.75347126,0.52364904,0.60964787,0.46606442,0.50534415,0.61904305,0.8704923,0.5193333,0.5616631,0.61439466,0.51764387,0.56089675,0.56092626,0.55332494,0.66992766,0.92998016,0.5226174,0.6625005,0.914649,0.48364684,0.7301245,0.83228946,0.45387974,0.7102462,0.9116755,0.48651287,0.8628696,0.85842043,0.46720082,0.8422509,0.7946686
337,6,0.52544326,0.517829,0.5816659,0.5692962,0.55586016,0.80503356,0.5218403,0.54944444,0.774658,0.52306354,0.6163357,0.48072228,0.50493115,0.62165177,0.79329675,0.51879305,0.56530595,0.6832474,0.5155638,0.5639799,0.6733021,0.55290735,0.67245436,0.925745,0.522154,0.6633088,0.8930306,0.48355108,0.7284126,0.8168988,0.45403987,0.7081169,0.9088289,0.4861186,0.8615843,0.77804834,0.46752876,0.8411124,0.82415915
338,6,0.52311605,0.5175656,0.83380264,0.5666486,0.55684227,0.9239742,0.5218824,0.550615,0.6983623,0.5214613,0.61905015,0.53902197,0.50426614,0.6232412,0.6654578,0.5162204,0.56288034,0.6375706,0.5136721,0.5618616,0.6152189,0.55198056,0.6761746,0.90240055,0.52048886,0.6659326,0.8256615,0.4833027,0.7290134,0.7326212,0.4543162,0.7087288,0.8468874,0.48677775,0.86263293,0.91763556,0.46682838,0.84224755,0.8662516
339,6,0.520137,0.5159094,0.7143435,0.5639502,0.55572546,0.654314,0.5205081,0.55158764,0.7645399,0.51891756,0.6216001,0.54377383,0.5031914,0.6260377,0.6958634,0.5144467,0.5659951,0.74887097,0.5111148,0.56501573,0.53834784,0.5515285,0.67604613,0.92065024,0.5213973,0.6668925,0.87734765,0.4850768,0.7257989,0.80233634,0.45554638,0.7084601,0.7687343,0.4863841,0.8624306,0.8010248,0.4678135,0.8410786,0.80634516
340,6,0.51785135,0.5157742,0.8355082,0.56148815,0.554736,0.91817117,0.5181237,0.550458,0.6495738,0.51885694,0.6239708,0.452469,0.5029834,0.6281924,0.6948052,0.5125626,0.5685446,0.70982486,0.5093514,0.56580603,0.51178795,0.5516111,0.67354697,0.9146065,0.522094,0.66509414,0.8550249,0.4858309,0.7252175,0.8198295,0.45628834,0.7083087,0.7689402,0.48629284,0.8624063,0.76085335,0.46806568,0.8401279,0.8193675
341,6,0.5145699,0.5143086,0.8297924,0.55934525,0.55298996,0.77087915,0.517461,0.5523121,0.70045793,0.5158352,0.6280436,0.50033414,0.4999402,0.63141567,0.8952933,0.51056653,0.566155,0.7807813,0.5066775,0.5688123,0.5214618,0.5519783,0.67510635,0.9183096,0.52186143,0.66713744,0.8633396,0.48696926,0.7242018,0.86322576,0.45620155,0.7081112,0.79946053,0.4870096,0.8619377,0.81101954,0.46638834,0.8409623,0.90102726
342,6,0.5120468,0.51304525,0.49981582,0.55718267,0.5535717,0.94123214,0.51327986,0.54870164,0.6848232,0.5131185,0.630634,0.63514096,0.49945533,0.63377947,0.922138,0.5091179,0.5686235,0.7786471,0.5050318,0.5690784,0.40623832,0.5510953,0.6756318,0.9283368,0.52016973,0.6666035,0.8430433,0.48712814,0.7243284,0.8498231,0.45665753,0.7088259,0.79142505,0.48733371,0.86254376,0.8752141,0.4682442,0.8407312,0.74833816
343,6,0.5085258,0.5126568,0.83018315,0.5542164,0.5514357,0.95137405,0.5112674,0.5514791,0.6603293,0.51156294,0.632245,0.60701716,0.49868214,0.6346106,0.91583365,0.5074546,0.5702371,0.7725443,0.5032422,0.5706838,0.40475157,0.5503802,0.6747519,0.926541,0.5192317,0.6673343,0.82768375,0.4874787,0.7248096,0.8130181,0.45661184,0.7092488,0.8736593,0.4884733,0.86217874,0.89645964,0.46760094,0.8403112,0.9289424
344,6,0.5058996,0.5116621,0.6710347,0.5521014,0.5509806,0.87711453,0.5097031,0.5479431,0.7790967,0.510524,0.6326384,0.66105896,0.49814898,0.6348613,0.90341854,0.5053952,0.5723869,0.7845058,0.5005175,0.57311875,0.41808555,0.55186766,0.67100614,0.92889327,0.521239,0.6652527,0.84663993,0.4880208,0.72504014,0.862863,0.4561606,0.70971996,0.87748003,0.48886743,0.86091447,0.8628574,0.46774212,0.83989257,0.904094
345,6,0.50277585,0.5112801,0.8231094,0.5492776,0.5495681,0.9175756,0.50350475,0.545098,0.61113566,0.50759816,0.63459474,0.57818943,0.49545252,0.6355001,0.91420186,0.5018718,0.570298,0.68977785,0.49892944,0.57021224,0.54315054,0.55102444,0.6745549,0.9104504,0.5192973,0.66726166,0.8564764,0.48724976,0.7279516,0.75870204,0.45610282,0.71017253,0.7502407,0.48910427,0.8628743,0.77476144,0.46860325,0.84084034,0.79739386
346,6,0.49959642,0.5106173,0.8442999,0.54489297,0.5471695,0.79797095,0.5009254,0.54573965,0.7274537,0.50529635,0.6352838,0.6504524,0.4945408,0.635289,0.75346535,0.49840772,0.5715719,0.49018815,0.49653205,0.57268065,0.55415606,0.5500019,0.67674595,0.9301205,0.5188198,0.6701094,0.8383597,0.48864284,0.725835,0.82838297,0.45625857,0.7098926,0.854023,0.48963803,0.86183107,0.93043876,0.4676026,0.8427314,0.7764015
347,6,0.49686155,0.5100544,0.7871062,0.54308814,0.54692334,0.68219984,0.49923235,0.5472665,0.70625323,0.5039548,0.63588876,0.64458835,0.493467,0.6342848,0.74609685,0.4962182,0.5719141,0.59739256,0.49349037,0.57045084,0.51620924,0.54965997,0.67723286,0.93430907,0.5184674,0.67028296,0.7952991,0.4886343,0.7277753,0.8418392,0.45651653,0.70870405,0.77960676,0.48988965,0.8625309,0.80961573,0.46813387,0.8415782,0.79092884
348,6,0.49331245,0.5095022,0.8362439,0.54059505,0.54948467,0.84108067,0.49540037,0.54693687,0.72163534,0.500598,0.6368038,0.7176762,0.49080086,0.6359331,0.80107623,0.49306673,0.57252365,0.5279515,0.49186766,0.5720709,0.40609208,0.54860556,0.6776454,0.87764734,0.516587,0.6711243,0.82093227,0.4884854,0.7287896,0.8337353,0.4567522,0.70907176,0.801492,0.49005312,0.86341894,0.7819342,0.46782145,0.8416983,0.74771047
349,6,0.49086612,0.5086006,0.71787506,0.5373646,0.5482638,0.7141646,0.49299416,0.5478314,0.7639121,0.4982009,0.6339861,0.7516495,0.4886188,0.6353504,0.6990924,0.4922631,0.5761667,0.7530408,0.48759577,0.5776858,0.25518852,0.548024,0.6758582,0.9017047,0.51533383,0.6697668,0.8144141,0.48879164,0.7299897,0.85420936,0.45613354,0.70958835,0.89245665,0.49008268,0.8636183,0.8775373,0.46809208,0.84197265,0.8940178
350,7,0.4867236,0.50962776,0.7140202,0.5343969,0.54990774,0.92244834,0.48919353,0.5475513,0.69455314,0.49253654,0.63355964,0.59327745,0.48292938,0.63526577,0.7322512,0.48726973,0.57278377,0.6644194,0.48589185,0.5728346,0.34711653,0.5459705,0.6780932,0.8532058,0.51120347,0.6728475,0.82857054,0.48728812,0.7315616,0.776732,0.45592964,0.70851475,0.79090124,0.49029028,0.8654108,0.84127975,0.46793586,0.8407377,0.776572
351,7,0.48350063,0.5097846,0.82016474,0.53196937,0.5514299,0.9170332,0.4874959,0.54807794,0.7328866,0.4876121,0.6357834,0.585981,0.48072052,0.63608795,0.6243039,0.48328012,0.5733109,0.6095535,0.48286915,0.5749159,0.36879635,0.5433655,0.67620885,0.8060786,0.5112148,0.6707382,0.8318219,0.48567346,0.7333853,0.65693706,0.4546097,0.7110708,0.9184193,0.48893386,0.8649403,0.8578386,0.46636876,0.8430992,0.84146494
352,7,0.48010573,0.5097361,0.71382976,0.5280247,0.55066055,0.8944414,0.48365396,0.54714257,0.6947043,0.48432317,0.6368668,0.72762555,0.47565803,0.6354273,0.69134694,0.48228604,0.5759213,0.7598395,0.47924563,0.57688653,0.30278376,0.5417545,0.677092,0.84468824,0.5098548,0.6724813,0.83285785,0.48538494,0.7325833,0.7303278,0.45348462,0.7104769,0.8366895,0.4890258,0.8654577,0.8639253,0.46667784,0.841211,0.674064
353,7,0.47680295,0.50824684,0.7398409,0.52468103,0.5496346,0.75751585,0.4807642,0.5455935,0.6966247,0.47815862,0.6362101,0.7213576,0.4722357,0.6351653,0.6639454,0.47620007,0.5726046,0.64598924,0.475874,0.5725984,0.2806977,0.5410915,0.6742608,0.8166201,0.5089479,0.6691846,0.84899473,0.48411337,0.7347563,0.76402575,0.45340616,0.71046436,0.77018225,0.48868778,0.8647765,0.92085725,0.46743152,0.841214,0.7860925
354,7,0.4736074,0.50675917,0.6986191,0.5199468,0.54827225,0.92216367,0.47725317,0.5451212,0.6852481,0.47347456,0.63434166,0.6973974,0.46426007,0.63197935,0.8557742,0.4737309,0.5684779,0.6474331,0.46968952,0.56918854,0.3197961,0.5391969,0.67441934,0.8102049,0.5072827,0.66943574,0.80855876,0.48372874,0.7371462,0.740713,0.45276794,0.71351635,0.8762861,0.48836753,0.86666745,0.89516485,0.46709314,0.8413163,0.85612506
355,7,0.47072178,0.5050533,0.83457756,0.5165127,0.5491947,0.73424876,0.4742344,0.5462026,0.7605085,0.46647722,0.6360672,0.7179031,0.46007216,0.6335222,0.7146131,0.4687446,0.5688537,0.65814096,0.46559066,0.56568635,0.32234648,0.53595823,0.6687584,0.776127,0.5036323,0.66770655,0.75013,0.48253182,0.7372013,0.8467898,0.4525423,0.7136852,0.773434,0.48769194,0.86747956,0.9282238,0.46620944,0.84193474,0.89849234
356,7,0.46742317,0.5027419,0.81069237,0.51171744,0.5469945,0.8191688,0.47061417,0.54526365,0.7893835,0.4643435,0.6333528,0.6883363,0.45616663,0.63308924,0.8532187,0.4654744,0.5668402,0.6272379,0.46217918,0.5638034,0.34213078,0.5351246,0.66867083,0.72358716,0.5035597,0.6660009,0.75575364,0.48179114,0.7379473,0.8478308,0.4521596,0.7164639,0.8384232,0.48857537,0.8682841,0.8999077,0.4664943,0.84209144,0.90527666
357,7,0.46378258,0.4998391,0.6066673,0.50862306,0.54524183,0.73361564,0.46772343,0.5435302,0.7445504,0.4587486,0.62851393,0.5538194,0.45183474,0.6277297,0.8122417,0.4608617,0.564155,0.56546503,0.4584629,0.5621116,0.43435994,0.53252727,0.6662806,0.8039883,0.50156265,0.663964,0.71898603,0.48075593,0.7394762,0.71736294,0.4518427,0.7163896,0.8157404,0.4881033,0.86912197,0.7733007,0.46578056,0.8434272,0.8817693
358,7,0.46008205,0.49633157,0.7478789,0.5043326,0.54090536,0.784402,0.46386966,0.53940046,0.7330453,0.45617276,0.62541467,0.5954638,0.44987732,0.6247281,0.85532194,0.45787984,0.5605867,0.5186457,0.45588526,0.55866134,0.39013973,0.5322907,0.66492456,0.69227415,0.5007458,0.6619014,0.6528509,0.47903436,0.741006,0.61832577,0.45074743,0.71919155,0.7690353,0.48831373,0.8692005,0.87138855,0.46674317,0.8429577,0.87743616
359,7,0.4573386,0.49072656,0.7943502,0.5012127,0.5356056,0.9049039,0.46249783,0.535384,0.78891796,0.45510918,0.6224406,0.67959386,0.4485087,0.62080604,0.8605061,0.45596662,0.55669284,0.6046905,0.45430958,0.5551851,0.39437625,0.531105,0.6569883,0.8147819,0.49930927,0.65634364,0.7699284,0.47780198,0.7399489,0.88448673,0.44989517,0.719519,0.71676695,0.4886594,0.8701917,0.9043778,0.46600914,0.83958596,0.7422158
360,7,0.45402902,0.48457476,0.8339876,0.49858424,0.5283101,0.87127405,0.45983782,0.5293774,0.8289398,0.45210847,0.618363,0.7037736,0.44591346,0.61593664,0.82789207,0.45539084,0.5457055,0.5959763,0.4523943,0.5445893,0.41358092,0.5296129,0.65051675,0.673441,0.49822223,0.65109015,0.7488126,0.47591132,0.7388389,0.8146022,0.44952726,0.7179857,0.72312444,0.48818582,0.8682396,0.8434815,0.46585217,0.83883846,0.8521902
361,7,0.4521869,0.47810698,0.8148278,0.496429,0.52054805,0.8733384,0.45775077,0.52399296,0.82519567,0.45323625,0.61301774,0.61988205,0.44437072,0.61194026,0.8906832,0.45431718,0.5398061,0.5192876,0.45017383,0.53955024,0.48818654,0.52801174,0.64529085,0.74419844,0.4962744,0.64705145,0.78844905,0.47433493,0.7385399,0.84056383,0.4488525,0.7205499,0.7851084,0.48885012,0.8695324,0.8640005,0.46645838,0.8390826,0.5995486
362,7,0.449217,0.4693226,0.7363266,0.49643266,0.51265234,0.91057736,0.45534486,0.5161914,0.81960434,0.45245463,0.60597914,0.68774354,0.44415048,0.60306466,0.850231,0.45353457,0.53399783,0.42949632,0.4485328,0.53428584,0.4331646,0.52746934,0.64166147,0.7318883,0.4949132,0.6423461,0.76949376,0.47506914,0.739126,0.8052357,0.44722742,0.7219507,0.8810155,0.4877337,0.8692188,0.8160262,0.4670042,0.83717144,0.798135
363,7,0.4475555,0.46091482,0.8385378,0.49554315,0.5017098,0.7861789,0.4534391,0.5033832,0.8304221,0.4533558,0.60019374,0.6831078,0.4439193,0.5954962,0.89987284,0.4531393,0.526963,0.39705673,0.4487506,0.5272575,0.42441776,0.5250079,0.63478744,0.7902926,0.49270362,0.63523173,0.82267344,0.47590187,0.7404243,0.84620154,0.44670805,0.7223401,0.8757056,0.48799255,0.87034696,0.83262795,0.46630827,0.8352593,0.8583295
364,7,0.44617742,0.45016357,0.7826008,0.49608085,0.492574,0.76599526,0.4532361,0.4981552,0.80445033,0.45182806,0.59174544,0.5670897,0.44556656,0.58812517,0.8109584,0.45058763,0.5201522,0.59158295,0.44808674,0.5211272,0.4745554,0.5231378,0.62807155,0.9345953,0.4912627,0.6290862,0.78228563,0.4755975,0.7376743,0.7478764,0.44763836,0.72117025,0.8596669,0.4872078,0.8702043,0.88023347,0.46659857,0.83526635,0.91619784
365,7,0.44507572,0.4387141,0.703913,0.49482542,0.48451158,0.73309594,0.45400932,0.48773113,0.73466307,0.44902954,0.5811316,0.6617722,0.44642532,0.57777566,0.75454104,0.44919816,0.505966,0.4714747,0.4480457,0.50714386,0.37606508,0.5219912,0.6227012,0.9331989,0.489923,0.6230616,0.80273825,0.47555292,0.7362367,0.8428993,0.44765225,0.7202258,0.8668797,0.48792666,0.87051404,0.86628044,0.4656236,0.83773434,0.75111943
366,7,0.44442454,0.42883745,0.6924294,0.49316597,0.47346944,0.8117153,0.45307744,0.48017517,0.72522193,0.44924116,0.5706085,0.59934735,0.4466719,0.5698403,0.8313587,0.44848672,0.49802038,0.66487825,0.44802952,0.49831617,0.360483,0.5191155,0.6167351,0.8498746,0.48815906,0.61635303,0.76315963,0.4761453,0.7340573,0.91462344,0.4487643,0.7184046,0.8744352,0.4883843,0.87156916,0.895842,0.46515217,0.8391931,0.905533
367,7,0.44412988,0.41933417,0.5940471,0.49328366,0.46422878,0.8174067,0.4530382,0.47132024,0.6918268,0.44941604,0.5615078,0.5223783,0.44637826,0.5593344,0.80210614,0.4483296,0.489587,0.6676824,0.44669983,0.48853227,0.40005517,0.516613,0.6089963,0.8385578,0.48692852,0.608849,0.7315976,0.47709253,0.73601013,0.9036584,0.44853452,0.7159853,0.77938646,0.48764223,0.86770433,0.8138961,0.46523035,0.8341261,0.838759
368,7,0.44441947,0.40996158,0.8122604,0.49373594,0.454803,0.7189152,0.45267686,0.46080685,0.7768615,0.44825038,0.5505015,0.5426196,0.44624722,0.55040467,0.7396794,0.44695637,0.48146304,0.5573268,0.44661874,0.4805741,0.41721433,0.5146884,0.6036986,0.86730355,0.4846433,0.6026128,0.78424793,0.4766533,0.7325126,0.9237662,0.44964367,0.7169932,0.90813655,0.48766455,0.86806524,0.91466445,0.4657644,0.83733064,0.8741571
369,7,0.4436968,0.4005812,0.6662768,0.49232256,0.44509152,0.86107695,0.45198485,0.45383322,0.86458445,0.44961694,0.5400561,0.47343427,0.44529206,0.5415237,0.82601273,0.44925535,0.4736522,0.5382939,0.4463709,0.4740626,0.39642838,0.51354384,0.5971072,0.92827475,0.4837628,0.59755385,0.77273357,0.47990754,0.7294512,0.86124265,0.45097122,0.71656233,0.8810054,0.48643798,0.8656509,0.77342004,0.4657521,0.8350007,0.74828637
370,7,0.44433403,0.3933753,0.7921487,0.49367726,0.4368669,0.8231776,0.4526994,0.44622564,0.82019013,0.44969657,0.532155,0.44021204,0.44565755,0.53415525,0.89279646,0.4475797,0.46972787,0.5290119,0.44491217,0.47230706,0.41925433,0.5104095,0.5926462,0.8279489,0.48087204,0.59330845,0.7844566,0.4791875,0.729926,0.8801159,0.4523166,0.7159454,0.821073,0.48653334,0.86635345,0.82776827,0.46633855,0.8397059,0.85485953
371,7,0.44316456,0.386849,0.5777037,0.49432293,0.43354553,0.87198013,0.4532596,0.4373008,0.7834623,0.44892243,0.5258381,0.4888768,0.44628897,0.52581775,0.81509024,0.44637585,0.45589724,0.5579523,0.44455388,0.45196187,0.3979174,0.50855863,0.5912816,0.8343657,0.47952455,0.59228283,0.81359124,0.47889552,0.7284933,0.83592427,0.45486456,0.7177843,0.81809884,0.487949,0.8640211,0.84984994,0.4672022,0.8374818,0.7612048
372,7,0.44395626,0.3784586,0.72123677,0.49375212,0.42635125,0.74570864,0.451394,0.43149096,0.66007817,0.44787744,0.5193393,0.5052775,0.44458026,0.520038,0.71176314,0.44720396,0.45085832,0.45480624,0.44633013,0.45069578,0.5503343,0.5057209,0.5873902,0.7622545,0.47753888,0.58801275,0.7515186,0.4808621,0.7221103,0.79888004,0.45635584,0.7114649,0.85814166,0.4884911,0.8617165,0.7900582,0.46792972,0.837122,0.8510942
373,7,0.44411978,0.372565,0.6866578,0.4930507,0.42061535,0.7363439,0.45012906,0.42783067,0.7785245,0.4471658,0.5119536,0.48882508,0.44474208,0.5145098,0.8318506,0.450725,0.4416299,0.42935827,0.44711545,0.44032797,0.3769271,0.5036069,0.58684343,0.8249906,0.47413364,0.5869595,0.8263965,0.4828949,0.7242062,0.834251,0.4583231,0.7092318,0.7466051,0.48741773,0.86135966,0.8647885,0.46654224,0.84176606,0.77082276
374,7,0.44576225,0.36902678,0.7698938,0.4939712,0.4188456,0.8672371,0.45185405,0.42002723,0.7304805,0.44720528,0.50634694,0.43872717,0.44321904,0.5074525,0.8277143,0.4499471,0.43783003,0.43452695,0.44758263,0.435018,0.30674565,0.5029443,0.5848732,0.8215076,0.4728069,0.58522207,0.7912459,0.48382705,0.7207575,0.7001847,0.46031767,0.71037847,0.78261435,0.48731485,0.8618347,0.80378807,0.46638826,0.8448993,0.8175639
375,7,0.44563988,0.36403206,0.7221332,0.49356112,0.41821888,0.7408985,0.453997,0.41892803,0.6211087,0.44615397,0.49969256,0.3967422,0.44228694,0.5035302,0.7329863,0.44776502,0.43311027,0.47168702,0.44637468,0.43209517,0.29111946,0.5009989,0.582301,0.6712641,0.4717251,0.58229303,0.6300756,0.4853819,0.71943086,0.6465842,0.46197572,0.7077203,0.6241599,0.48646408,0.8607216,0.77895534,0.4655447,0.8442561,0.76593804
376,7,0.44607466,0.36256838,0.53478545,0.49287027,0.4135729,0.5912092,0.4537859,0.41890743,0.67770576,0.44534397,0.49601588,0.458068,0.44096133,0.4983834,0.6339076,0.44994587,0.42852667,0.51743466,0.447062,0.42556,0.31368732,0.4987071,0.5869717,0.72717345,0.46946326,0.58581704,0.7207081,0.48788393,0.7207282,0.7171209,0.46381837,0.71354395,0.71975213,0.48807368,0.8581581,0.8679671,0.46593648,0.84351563,0.79521203
377,7,0.44696188,0.36088896,0.5914478,0.49027118,0.41443637,0.6420424,0.45260534,0.4156238,0.53691345,0.44475147,0.49436975,0.32200375,0.43972597,0.49839702,0.64210916,0.4488327,0.43341962,0.51278645,0.44506913,0.43235987,0.30607906,0.49799594,0.58360714,0.60571814,0.46833265,0.58255446,0.69260633,0.48867962,0.7176453,0.5763703,0.4655501,0.71236765,0.541687,0.48819003,0.8600214,0.70425904,0.4655962,0.8436328,0.62937
378,7,0.44661635,0.3591897,0.6579305,0.49094328,0.41478854,0.7234923,0.4529622,0.4145899,0.5945483,0.44196236,0.4941716,0.42124498,0.4383965,0.49562603,0.61261344,0.44934845,0.427784,0.51527643,0.44658792,0.42816713,0.33563235,0.4965126,0.5878793,0.6553987,0.4674942,0.5856261,0.6054533,0.48837313,0.72092986,0.5468924,0.46596158,0.71544117,0.5528357,0.48754138,0.8606277,0.69153637,0.46593192,0.8440535,0.6979252
379,7,0.44704095,0.3591854,0.58714604,0.49181703,0.41126072,0.621419,0.45165893,0.41993418,0.6197152,0.44227895,0.49335304,0.36551413,0.43766576,0.49638706,0.6210777,0.44874638,0.42909965,0.48968282,0.4456213,0.42851055,0.32807922,0.49681762,0.58499587,0.6522798,0.46665657,0.5840764,0.69624037,0.48741218,0.720393,0.505392,0.46560466,0.7159797,0.60522234,0.487228,0.8628219,0.738421,0.46549976,0.8438871,0.68049395
380,7,0.44680145,0.36101794,0.603194,0.49327177,0.40942967,0.8092171,0.45055383,0.41345406,0.69327945,0.43872297,0.49454707,0.39482757,0.4366589,0.49648324,0.665503,0.44799694,0.42263278,0.53745663,0.4466323,0.42121547,0.3325371,0.49725524,0.5876751,0.83317465,0.46694368,0.5861014,0.7429349,0.48632324,0.72225183,0.7026462,0.4648403,0.71799034,0.80905634,0.4872983,0.8634317,0.8038054,0.4663234,0.84511846,0.8472254
381,7,0.44687214,0.3595969,0.4668322,0.4898924,0.41452846,0.73920625,0.45081526,0.41599125,0.6262487,0.43951136,0.49328676,0.40041178,0.43587315,0.4964515,0.5518339,0.4480834,0.42776677,0.5233211,0.4452187,0.42707023,0.35032415,0.4963541,0.5869273,0.7278621,0.46737581,0.5864005,0.58677393,0.48471606,0.7222633,0.63966686,0.46299133,0.71555954,0.63982856,0.48743248,0.86348313,0.7037498,0.46637616,0.8420699,0.68365985
382,7,0.44585082,0.3611147,0.56799215,0.49082905,0.417056,0.77533644,0.4512323,0.4171999,0.60429406,0.43948147,0.49553862,0.35243857,0.4354522,0.49823523,0.63307077,0.44698116,0.43448338,0.5204557,0.44436538,0.43292323,0.37302244,0.49753502,0.58462864,0.6998689,0.46709117,0.58510697,0.5290478,0.4820143,0.71899074,0.53220445,0.46106264,0.7122016,0.6342903,0.48704857,0.86582166,0.73430747,0.46567553,0.8454383,0.7030163
383,7,0.44434565,0.3659558,0.73347783,0.49068478,0.4180281,0.75746983,0.45045277,0.42010736,0.69081634,0.43930644,0.4987178,0.41194856,0.43447623,0.50082135,0.7076233,0.44534722,0.43240106,0.5683162,0.44233662,0.42886212,0.3273947,0.49799964,0.5892397,0.7993761,0.46772826,0.59008956,0.7207043,0.4798636,0.72226244,0.61015517,0.45775703,0.71279633,0.68797785,0.48740405,0.8646868,0.7568195,0.46646604,0.8421685,0.8043625
384,7,0.44359025,0.36914846,0.7183777,0.49111918,0.4235694,0.8312826,0.4482409,0.42018327,0.66775537,0.43838513,0.5032205,0.34268454,0.4330527,0.5076155,0.6359365,0.4431307,0.4346584,0.4414468,0.44182634,0.4343461,0.37856072,0.49957725,0.5863901,0.7971018,0.46818024,0.58818924,0.7383852,0.47828335,0.7236415,0.7382844,0.45571983,0.71548235,0.8517161,0.48784345,0.86491346,0.87581944,0.46760318,0.84212554,0.7935617
385,7,0.44258186,0.37405977,0.612258,0.49300238,0.42271286,0.7221631,0.44659048,0.42452046,0.64084953,0.4352421,0.50741225,0.47350594,0.43268788,0.5093013,0.74956805,0.4428685,0.43700662,0.52910155,0.4409869,0.43393466,0.3508008,0.50032014,0.59081537,0.90323085,0.4686294,0.5942886,0.77185154,0.47877917,0.7257035,0.75867605,0.45409396,0.717043,0.8257878,0.48800528,0.8644807,0.87851745,0.46623123,0.8418681,0.8017195
386,7,0.44212043,0.37831417,0.72396606,0.49221134,0.4269788,0.73012215,0.4472058,0.4308783,0.82513785,0.43598875,0.5125062,0.4620161,0.43223247,0.5153456,0.823336,0.44234112,0.44416302,0.4663746,0.43849978,0.44033355,0.31826258,0.5028052,0.5936809,0.8493943,0.47073695,0.59678215,0.7414072,0.47563997,0.72636276,0.8171915,0.45169,0.7170419,0.8711821,0.4876204,0.86445177,0.6545601,0.4660526,0.8396812,0.7539522
387,7,0.44080397,0.38320023,0.647714,0.48973387,0.43053132,0.79831845,0.4445024,0.43706194,0.7701613,0.43329245,0.51879805,0.47529387,0.43042442,0.5205561,0.77158993,0.4410738,0.45049608,0.43322358,0.43883398,0.44406563,0.4294909,0.5055278,0.5921182,0.8135294,0.47325566,0.5969488,0.8464568,0.47532177,0.7283244,0.8069307,0.45041484,0.7173397,0.90445143,0.48733428,0.8649742,0.85709846,0.46493137,0.83832985,0.87404287
388,7,0.43981794,0.39091465,0.7276151,0.49075714,0.4367635,0.8268926,0.4448724,0.4412894,0.8628104,0.4357253,0.5230165,0.45093852,0.43089408,0.5264732,0.7849246,0.43788677,0.46048144,0.4564101,0.43806726,0.45672733,0.46439698,0.5073139,0.5936658,0.86231107,0.47427008,0.5991092,0.7552805,0.4756499,0.73317635,0.8413485,0.4500178,0.71978384,0.8191038,0.48682743,0.8671813,0.86481494,0.46533185,0.8357867,0.8928391
389,7,0.43910426,0.39741358,0.61731833,0.4895179,0.44191736,0.7881326,0.44606128,0.45006546,0.8032541,0.43262637,0.5323929,0.50253654,0.43056107,0.5347991,0.77902204,0.4372106,0.4660821,0.4787948,0.43696633,0.4640195,0.47425324,0.5081909,0.59776485,0.73897636,0.4763319,0.60337466,0.83173364,0.47327337,0.73466986,0.91681,0.4484507,0.7194606,0.86902183,0.4869756,0.8661448,0.87532246,0.4648126,0.8350786,0.8555891
390,7,0.4383917,0.40455016,0.82664794,0.48900288,0.44924378,0.674103,0.44600195,0.4566506,0.74213964,0.43364322,0.54027194,0.4889443,0.43106797,0.5437042,0.7901714,0.43535757,0.47714537,0.48474705,0.43600973,0.47312137,0.3917424,0.5098931,0.60322946,0.7739395,0.47843024,0.6083538,0.8432365,0.474925,0.7367242,0.8267626,0.44661582,0.72289926,0.720035,0.48757857,0.8665106,0.8202754,0.4662411,0.8332593,0.9075965
391,7,0.43739483,0.41372824,0.8417217,0.4868315,0.4564811,0.7761752,0.4443638,0.46445352,0.78336513,0.4316548,0.55020976,0.51954484,0.4300534,0.5515905,0.7940209,0.43794435,0.4783687,0.40717176,0.43679494,0.47799033,0.50074804,0.51147866,0.60791904,0.88622946,0.4797296,0.61212385,0.82883114,0.4731568,0.73637354,0.9059015,0.44525915,0.72079176,0.82889557,0.48741585,0.8671364,0.73379487,0.46646845,0.83356076,0.8104989
392,7,0.43742523,0.42284343,0.8125004,0.48838082,0.46495983,0.6442426,0.44446674,0.47554073,0.8143108,0.4326316,0.5592867,0.53984076,0.43046418,0.55856544,0.67320544,0.43655065,0.4856372,0.4078152,0.4356672,0.48611835,0.44298342,0.513082,0.61563164,0.8327803,0.48079064,0.61894417,0.8538511,0.47284058,0.740179,0.8487805,0.44392005,0.72094464,0.81709695,0.48787817,0.86851317,0.88551456,0.46640238,0.83574945,0.8221235
393,7,0.43702438,0.4308855,0.8163179,0.4888854,0.47457495,0.7073951,0.44398084,0.4802036,0.7778991,0.4334552,0.568872,0.51802015,0.4315974,0.5679173,0.62596637,0.43850183,0.49744454,0.61111957,0.4376995,0.49616224,0.40259206,0.51342165,0.6201275,0.8148342,0.48008573,0.6256685,0.85124636,0.46999714,0.743157,0.9377572,0.44113758,0.7249718,0.6591671,0.4877573,0.8710371,0.8530681,0.4651681,0.83601606,0.75591606
394,7,0.43698964,0.43929803,0.8497469,0.4892088,0.4830416,0.7206678,0.44430956,0.48903555,0.8444521,0.43694586,0.57491887,0.40899003,0.43192354,0.575161,0.8526579,0.43890005,0.50795555,0.5731652,0.43749303,0.50806606,0.4680354,0.514916,0.62538767,0.786815,0.48094717,0.6313537,0.86412644,0.4683649,0.7445454,0.93892705,0.44041905,0.7267968,0.7881242,0.48787448,0.87024605,0.8893554,0.46596268,0.83738446,0.7836021
395,7,0.43765667,0.44733232,0.69600725,0.4896583,0.49132153,0.7534709,0.44475448,0.4966058,0.8253157,0.4391452,0.58363265,0.49437433,0.43313333,0.58434176,0.771411,0.43884006,0.51189303,0.49547905,0.4379982,0.5117426,0.4437587,0.5164207,0.63070655,0.7382025,0.48208869,0.6357405,0.85220665,0.46620265,0.7455525,0.90255946,0.43894526,0.7284532,0.8523855,0.48806196,0.8704891,0.84193456,0.46550825,0.83475816,0.69519997
396,7,0.43808168,0.45523894,0.7211831,0.48977944,0.5001778,0.83942556,0.4446424,0.50466037,0.82941115,0.4379072,0.5940113,0.50298285,0.43200225,0.5929241,0.8458384,0.4384241,0.5251764,0.7189517,0.43699226,0.524274,0.46319905,0.5179773,0.6362739,0.8238171,0.48413607,0.6399813,0.85652703,0.46570137,0.74765754,0.90850437,0.43900806,0.7281678,0.81634265,0.48794836,0.86952317,0.79550576,0.46513933,0.83220625,0.8736659
397,7,0.4387272,0.4654119,0.7638263,0.489209,0.50854206,0.7781412,0.44643584,0.51176083,0.8332309,0.44124833,0.60181975,0.5265969,0.43077266,0.6014157,0.8658608,0.44038853,0.5368789,0.5598215,0.43733504,0.5348259,0.5173493,0.5178775,0.6407361,0.6465766,0.48510355,0.6443324,0.84064704,0.4637326,0.7438274,0.7477283,0.43872678,0.73135537,0.87045115,0.48827675,0.8719336,0.8926326,0.46300063,0.83797747,0.8709118
398,7,0.4397036,0.47330058,0.803785,0.48978665,0.51635134,0.83023834,0.44709104,0.5183069,0.8696761,0.4415889,0.60902584,0.51955456,0.43121862,0.60890615,0.8420363,0.44077933,0.5421727,0.538666,0.43752962,0.54005826,0.58140266,0.5190704,0.6477073,0.87743884,0.48474273,0.65071386,0.74761623,0.46353486,0.74641407,0.7019866,0.4390078,0.7338132,0.8526492,0.4886974,0.8743033,0.8791311,0.46368182,0.8431886,0.81659687
399,7,0.44039056,0.47972524,0.63082397,0.48976034,0.52339095,0.8422705,0.44663778,0.5258295,0.8458581,0.440093,0.6145973,0.64321685,0.42970023,0.6146425,0.90276057,0.44154397,0.5513504,0.5999346,0.43799397,0.54827297,0.49527785,0.5197321,0.6527092,0.8595563,0.4856607,0.6567982,0.7467265,0.4625849,0.7503977,0.87399435,0.4390919,0.7335174,0.8284262,0.48817903,0.87439936,0.8770453,0.46449888,0.84103173,0.79807705
400,8,0.44068965,0.4875751,0.86136585,0.48985037,0.5325366,0.88036865,0.4477915,0.5336588,0.9003628,0.44129363,0.6202487,0.6473416,0.43087563,0.620256,0.78283983,0.44200465,0.55127645,0.45785773,0.4378138,0.55137604,0.48748586,0.5185133,0.6569124,0.6667814,0.4864529,0.65873677,0.74347854,0.46195963,0.7518661,0.8066672,0.43825212,0.7330485,0.8366756,0.4866151,0.87214315,0.8146311,0.46484715,0.83987236,0.81192946
401,8,0.44197458,0.49490148,0.84803915,0.49165276,0.53823143,0.8158504,0.44938943,0.5394464,0.878076,0.4423965,0.6259937,0.6754608,0.4316052,0.62535495,0.75337356,0.44317824,0.556488,0.5051619,0.4387767,0.5568222,0.5041268,0.5203759,0.6605853,0.80908126,0.4871747,0.6620157,0.72454315,0.4623623,0.75331694,0.77358615,0.43796936,0.7351298,0.8459641,0.48694915,0.8725906,0.819566,0.4654566,0.8428806,0.6002677
402,8,0.44343796,0.49966916,0.8358085,0.4916526,0.5436916,0.87961304,0.44992912,0.54379314,0.89173096,0.44412485,0.6308065,0.6473636,0.4318771,0.63123375,0.6969495,0.44357687,0.56262535,0.5884588,0.43990895,0.5616972,0.6177492,0.5189326,0.6640051,0.6616781,0.48777553,0.66418666,0.78696644,0.46375483,0.753878,0.8878649,0.4383624,0.7332594,0.87855136,0.4876217,0.87454486,0.89320546,0.46579236,0.8414702,0.7734612
403,8,0.4440559,0.5043895,0.8479288,0.49275142,0.5478501,0.84130245,0.45134926,0.5481113,0.7657904,0.4449883,0.6353705,0.7855625,0.43238074,0.63518524,0.9151341,0.44500992,0.5680091,0.51581,0.44034138,0.5679253,0.5732769,0.52097344,0.6687694,0.8122378,0.48851615,0.6683771,0.7195413,0.4636833,0.7525245,0.83315426,0.43864596,0.73210317,0.89947593,0.4875201,0.8734828,0.92489034,0.4658009,0.84167814,0.7549651
404,8,0.44467577,0.5065295,0.6453283,0.4937891,0.5510129,0.76042503,0.45148888,0.5511953,0.83830374,0.44694155,0.6403481,0.73516595,0.43435723,0.63882726,0.9350823,0.44528177,0.57055926,0.6236091,0.44197991,0.57063407,0.5986853,0.5200715,0.67037183,0.5662288,0.48855585,0.670505,0.82273084,0.46574908,0.7533514,0.8751187,0.4392776,0.73188645,0.83553517,0.48626816,0.8719677,0.82764053,0.46706212,0.8393714,0.7940043
405,8,0.4457941,0.5075931,0.80206156,0.49399787,0.55224794,0.62033623,0.45182875,0.5511553,0.7470261,0.44771612,0.64364374,0.7460667,0.4364342,0.6436389,0.9148025,0.4457797,0.5762216,0.6675592,0.44232273,0.57644254,0.62375486,0.5213085,0.67089194,0.7504334,0.48854712,0.6686112,0.7825812,0.46628526,0.7535224,0.77351195,0.43845353,0.7307955,0.89290446,0.48556086,0.8712452,0.8083822,0.46705773,0.83879566,0.85401815
406,8,0.44564882,0.5082105,0.715899,0.49367395,0.55296534,0.7128687,0.4504849,0.5499498,0.8008485,0.44847152,0.6463357,0.7872502,0.4375345,0.6471078,0.72431886,0.4470106,0.58186305,0.5930541,0.44354883,0.5804785,0.5336761,0.5225024,0.66985613,0.7093936,0.48899522,0.6694789,0.80794567,0.46756917,0.7523852,0.8162343,0.43908358,0.72946346,0.9221889,0.48620123,0.87065613,0.81906784,0.46688297,0.83817524,0.9166396
407,8,0.44516295,0.50896186,0.8566449,0.49361414,0.55324453,0.7475822,0.45111498,0.5500482,0.780384,0.4495029,0.64782465,0.8157454,0.4388637,0.6478905,0.7674419,0.4470707,0.58234507,0.7098057,0.4440433,0.58140093,0.49413323,0.52340114,0.6709267,0.7022403,0.48962292,0.6695367,0.80488294,0.46863133,0.7514468,0.81289303,0.43985283,0.72904205,0.9329711,0.48682252,0.87104607,0.92446697,0.46773142,0.8372895,0.91215694
408,8,0.44529617,0.5096452,0.8570809,0.49398118,0.55359113,0.8923564,0.45067742,0.55049044,0.76792717,0.4506511,0.64769256,0.8214482,0.44009128,0.6469253,0.93809456,0.447697,0.5827717,0.67044234,0.4447954,0.5823141,0.45474416,0.52375215,0.6715677,0.7267246,0.4900657,0.6695722,0.81243205,0.4692241,0.75105053,0.78220844,0.44041854,0.7293377,0.929798,0.4876203,0.86952513,0.92418385,0.46838757,0.8374747,0.9207864
409,8,0.4454462,0.50962853,0.83196783,0.49417847,0.552736,0.883569,0.45109525,0.5517384,0.7544343,0.45119488,0.64764977,0.7576384,0.44179732,0.64758164,0.7571599,0.44805157,0.58079964,0.6773322,0.4446045,0.58038497,0.49184886,0.5243821,0.67251843,0.68420935,0.4912149,0.6711155,0.7649239,0.4691474,0.75194305,0.8929348,0.44058508,0.7294458,0.89936554,0.48766786,0.87079585,0.88275725,0.46893916,0.83712465,0.8599191
410,8,0.44555908,0.50912225,0.74281484,0.49387676,0.55214125,0.87231076,0.4522676,0.55255646,0.6815152,0.4517186,0.6477731,0.68117034,0.4402388,0.64691347,0.8458161,0.44893175,0.57822317,0.5447172,0.4439268,0.58001006,0.50809777,0.52239066,0.6714414,0.53211737,0.48980266,0.66881603,0.65270007,0.46898326,0.75061446,0.86387056,0.44072095,0.7290376,0.9232089,0.48736078,0.86997646,0.87680626,0.4681699,0.8386088,0.795518
411,8,0.44519883,0.5096798,0.85971427,0.49442714,0.5527406,0.8746258,0.45137215,0.5509059,0.7376535,0.44989148,0.64636886,0.7369908,0.43987048,0.647111,0.7976203,0.4481203,0.58001745,0.6424959,0.4448792,0.57815677,0.4763707,0.52356553,0.67162454,0.7089027,0.49009255,0.67017263,0.8080878,0.4679444,0.751061,0.895318,0.43956962,0.72931856,0.89837986,0.48672885,0.87076783,0.9184163,0.46798518,0.83786035,0.90210354
412,8,0.44546497,0.5100452,0.8514655,0.49407303,0.55247766,0.8939032,0.45136368,0.55291665,0.768341,0.4505003,0.6461769,0.62614375,0.43768317,0.64605767,0.85672784,0.44730386,0.57579195,0.49791878,0.44264743,0.57718635,0.5397008,0.52359116,0.6726378,0.71244675,0.48898125,0.66941845,0.64873934,0.46719614,0.7500355,0.80932206,0.43970832,0.7296356,0.8763656,0.4871295,0.868456,0.92785877,0.46775898,0.8385214,0.746765
413,8,0.44492522,0.50968516,0.81424725,0.49348396,0.5523025,0.87819,0.4505134,0.55055267,0.83383954,0.4475785,0.6451293,0.7829668,0.43645388,0.64369726,0.8373809,0.44600418,0.57422334,0.51255226,0.44203636,0.5756036,0.50313854,0.52324265,0.672246,0.7141201,0.49004814,0.6689212,0.83105206,0.46573517,0.7506133,0.8177863,0.44008818,0.72987616,0.87763524,0.48682648,0.87018204,0.88471866,0.4669077,0.8398469,0.8248403
414,8,0.44468778,0.50750905,0.80445784,0.4922261,0.55145586,0.8907465,0.44957834,0.5515729,0.8629727,0.4460413,0.641733,0.79561645,0.43473583,0.6401547,0.73079175,0.44386217,0.5705951,0.60906416,0.44014558,0.5710266,0.49045375,0.5235077,0.67133,0.7356422,0.49053738,0.66879535,0.8233744,0.46609285,0.75014406,0.82427424,0.44008058,0.7299211,0.88763475,0.4871123,0.87112385,0.8964494,0.46714726,0.8400102,0.81257904
415,8,0.44398326,0.50541043,0.7365376,0.49123403,0.5506479,0.8489036,0.44958076,0.5477555,0.8682575,0.4452527,0.6387487,0.5975407,0.4319723,0.638541,0.8155814,0.44211724,0.5694657,0.5266752,0.43847072,0.57050276,0.48493296,0.52171683,0.66864055,0.6148683,0.48885614,0.66655207,0.7246802,0.465753,0.7501533,0.7988151,0.439844,0.73163855,0.8738117,0.4869331,0.871077,0.9000199,0.46767077,0.84122676,0.74255675
416,8,0.4429294,0.50304574,0.84323585,0.49033362,0.5483791,0.84695417,0.4474205,0.5469125,0.77194,0.44401568,0.63656557,0.71061414,0.43055066,0.6363325,0.773007,0.44109198,0.56785595,0.49339238,0.43623906,0.5684087,0.47443017,0.52080464,0.66718525,0.5595591,0.48942062,0.6656103,0.8184157,0.46533567,0.75128275,0.8759506,0.4400474,0.7309807,0.8132585,0.48600084,0.87084174,0.79771745,0.46713695,0.83820057,0.8991371
417,8,0.44168198,0.5001088,0.8109521,0.4888525,0.54418725,0.86547923,0.4475275,0.54561836,0.7514105,0.44305748,0.63120157,0.6486136,0.42877853,0.63177025,0.8956226,0.43960592,0.5627226,0.5845743,0.4358722,0.5638071,0.5019071,0.5201455,0.66502833,0.6517257,0.48894057,0.6639039,0.8300011,0.46444926,0.75119346,0.87490755,0.44012013,0.73143494,0.87295496,0.48573175,0.8708833,0.75570464,0.46754694,0.83804595,0.8717692
418,8,0.44038054,0.49556652,0.7781482,0.48758632,0.5416934,0.8836113,0.44728374,0.5391522,0.8262369,0.44199064,0.62771845,0.69998074,0.4279813,0.62714076,0.92310494,0.43842855,0.55889267,0.58156914,0.43509018,0.559588,0.5228446,0.51934636,0.66027075,0.72405165,0.48780245,0.6593358,0.8588876,0.46388403,0.7507607,0.8948905,0.43982467,0.73376554,0.87808615,0.48602608,0.87226516,0.80195034,0.46714988,0.83864635,0.839086
419,8,0.43919352,0.48996052,0.85319686,0.48681495,0.5354567,0.88828146,0.44518,0.5345556,0.8875163,0.43997192,0.6239719,0.69527465,0.4292682,0.6245494,0.8393788,0.4386893,0.5564662,0.50239956,0.43545005,0.55702305,0.37058622,0.5186846,0.65724623,0.73561823,0.48661464,0.65650725,0.8214143,0.46341282,0.75060874,0.7147071,0.44025362,0.73569447,0.7925165,0.48762354,0.8739042,0.8867271,0.46490282,0.83770704,0.78427804
420,8,0.43889663,0.4815844,0.7098552,0.48615023,0.52827054,0.8500399,0.44491312,0.52667236,0.8335754,0.4408942,0.617479,0.5959768,0.4283989,0.61796427,0.89990115,0.43707606,0.55100787,0.72104424,0.43432376,0.5502312,0.52918863,0.51752913,0.6505378,0.7320813,0.48510626,0.6518533,0.83920324,0.46251407,0.749258,0.79992026,0.44018728,0.73771894,0.74627095,0.4865607,0.8736416,0.762998,0.46459582,0.8422003,0.57774407
421,8,0.4381842,0.47382694,0.8382237,0.48661393,0.5200513,0.9170341,0.4434237,0.51893485,0.85323596,0.43892178,0.61199576,0.7216547,0.42837334,0.61115044,0.86723894,0.4375498,0.54183203,0.4966222,0.4348723,0.54199535,0.54053086,0.5172317,0.64518696,0.68341535,0.48439634,0.64666396,0.7837082,0.46364698,0.7474112,0.8864697,0.44117457,0.73637736,0.8165279,0.48852202,0.87435424,0.8722659,0.46485806,0.8432645,0.6942047
422,8,0.43704477,0.46423334,0.82226884,0.4870486,0.5117529,0.9007851,0.44338432,0.5114065,0.73596275,0.44101626,0.60337305,0.54114455,0.42884603,0.60064435,0.92118335,0.43919232,0.5280585,0.53485376,0.43489525,0.52839124,0.46917808,0.51779705,0.6408143,0.8657884,0.4855618,0.64128184,0.83067054,0.46232513,0.745767,0.67806166,0.4409518,0.73340434,0.8467283,0.4872915,0.8723854,0.90235573,0.4645012,0.84213966,0.6804704
423,8,0.43728077,0.45317206,0.8420274,0.4855891,0.5002881,0.8617575,0.442409,0.49938095,0.8285738,0.44033498,0.5922814,0.56203187,0.43010017,0.59034663,0.8788728,0.4394886,0.5224675,0.54577,0.4357768,0.5189454,0.39336604,0.5159731,0.6341034,0.7878527,0.48340806,0.63561785,0.79335034,0.46299437,0.7442763,0.70071614,0.44115844,0.73370117,0.79253227,0.4884089,0.87291485,0.85835576,0.46476448,0.8409445,0.6919898
424,8,0.43707258,0.4410923,0.84354824,0.4874689,0.490795,0.71432763,0.4426457,0.4903234,0.780328,0.43887514,0.5806542,0.59093606,0.4331403,0.5794654,0.8788865,0.4391857,0.5148919,0.6252541,0.4370011,0.51074195,0.39985806,0.5152129,0.6265934,0.7282027,0.4838639,0.62860286,0.8479837,0.46507606,0.74224365,0.8646986,0.44147238,0.73224974,0.7387036,0.48763016,0.8694482,0.90829235,0.46552143,0.8387984,0.68451476
425,8,0.43777925,0.42740187,0.65257585,0.48598328,0.4796497,0.8939069,0.44284293,0.4768536,0.7339362,0.43707073,0.5706481,0.54180735,0.4338414,0.56888753,0.8662991,0.44044563,0.4988773,0.5427814,0.4391163,0.49962792,0.39461082,0.5130438,0.62059057,0.8261653,0.48162892,0.6215366,0.7748311,0.46613505,0.7396618,0.91848433,0.44313902,0.7308609,0.82084584,0.48754597,0.8698449,0.9114632,0.46450785,0.83625066,0.82926494
426,8,0.4378137,0.41590953,0.7245822,0.48734748,0.46741688,0.8863373,0.44418493,0.46659398,0.70523083,0.4361698,0.56121796,0.5438568,0.43516257,0.55932784,0.8553141,0.43981504,0.4932642,0.6270016,0.43986353,0.49462026,0.40063494,0.5104409,0.611754,0.81869394,0.48043925,0.6119396,0.8320757,0.4669072,0.73651123,0.9065604,0.44372454,0.72779524,0.8666495,0.48724315,0.86856973,0.83942646,0.4649615,0.83815974,0.69606894
427,8,0.43861115,0.40495703,0.81369,0.48734528,0.45536694,0.7347862,0.44497728,0.4577541,0.7656553,0.43595535,0.5478165,0.5488642,0.4354176,0.5462107,0.76658535,0.43956816,0.47882918,0.5102343,0.43890193,0.4818288,0.44797847,0.5073254,0.60537505,0.86345273,0.47923094,0.6043807,0.8307472,0.46944478,0.73295504,0.91129315,0.44674006,0.72373,0.82575107,0.4870437,0.868945,0.85640895,0.46614805,0.8327838,0.8352125
428,8,0.4395625,0.39262116,0.77105534,0.48698705,0.4441557,0.78570557,0.44451803,0.44809988,0.8602639,0.43773705,0.53375006,0.5299692,0.43479633,0.5350854,0.83191353,0.4391681,0.46775654,0.53708506,0.43851057,0.4687399,0.36431843,0.50613505,0.59815335,0.8409109,0.47714227,0.5996505,0.7267978,0.4722349,0.7310557,0.89057744,0.44885463,0.7222646,0.7392781,0.48600742,0.8687997,0.7996536,0.46607304,0.83676183,0.76713306
429,8,0.43916008,0.38278392,0.80112994,0.48867184,0.43452907,0.7909123,0.444907,0.43732864,0.78952557,0.43904722,0.5230003,0.46408376,0.43524715,0.5249876,0.74223197,0.43950972,0.4581344,0.53058827,0.43895328,0.4562471,0.4165133,0.5033378,0.5925076,0.77595884,0.47415248,0.5957195,0.7570124,0.47342765,0.73131675,0.92123544,0.45166102,0.72205585,0.7835543,0.4868544,0.86463296,0.6787453,0.46558774,0.83817965,0.7859344
430,8,0.44077268,0.37086782,0.73148924,0.48736554,0.42564803,0.89561385,0.44525638,0.42758507,0.78552,0.43860796,0.5141285,0.54855573,0.43576485,0.5142792,0.79674876,0.44193667,0.4469508,0.54345536,0.43953496,0.44611654,0.45472485,0.5014694,0.586151,0.83367926,0.47138432,0.5876523,0.6789875,0.47605345,0.7279051,0.78802687,0.45357043,0.7188158,0.8658342,0.48542342,0.8613623,0.58293664,0.4659494,0.84346896,0.7313104
431,8,0.44182554,0.3631901,0.7430263,0.4879767,0.41661468,0.8170453,0.4451884,0.41869485,0.71822494,0.4397032,0.5055168,0.5205388,0.43566647,0.5061572,0.78703064,0.4466428,0.4313785,0.4505242,0.44349793,0.42774534,0.44231233,0.4988325,0.58352757,0.7880367,0.4689104,0.58391285,0.77687186,0.47966957,0.7211115,0.7825904,0.45716456,0.7133282,0.85143393,0.48675042,0.86174244,0.68028027,0.4656058,0.8431435,0.7362988
432,8,0.4429716,0.3551689,0.43996745,0.4860321,0.41405827,0.80829877,0.44892675,0.41133493,0.5440298,0.43907395,0.49738273,0.5083614,0.43574506,0.4987407,0.7284089,0.44385827,0.42778924,0.46773282,0.44142333,0.42725077,0.40636244,0.49722153,0.58385307,0.8101594,0.4670541,0.5837129,0.7238689,0.4841224,0.72017515,0.6997294,0.46027705,0.712064,0.7826763,0.4876828,0.86227244,0.798345,0.46668866,0.8432755,0.7998113
433,8,0.4438527,0.35260737,0.7273344,0.48668703,0.40631917,0.82397836,0.44867387,0.4101155,0.8012071,0.43936738,0.4953098,0.3818953,0.4354558,0.4949948,0.77841413,0.44236293,0.42490035,0.4524366,0.44042107,0.42449862,0.3707814,0.49584314,0.58086765,0.7787625,0.46559498,0.5820189,0.69272417,0.48640105,0.7169444,0.7936632,0.46263885,0.7093463,0.83316314,0.48827234,0.8619647,0.89722407,0.46629912,0.84406424,0.8774943
434,8,0.4445247,0.34837463,0.6169097,0.48646477,0.40451434,0.7498337,0.44956085,0.4086835,0.6675183,0.4385913,0.4892382,0.38868785,0.43467128,0.48944148,0.63520527,0.44405928,0.4187697,0.44209376,0.44109935,0.4191961,0.36846027,0.4938584,0.58453214,0.6580888,0.46339422,0.58292305,0.6208899,0.48763734,0.718842,0.6820775,0.46365967,0.71462685,0.65268123,0.4878893,0.8613444,0.8097336,0.4665664,0.8424332,0.74573165
435,8,0.44552866,0.34827787,0.7728894,0.4869493,0.39712116,0.7426842,0.4491166,0.4043842,0.7991854,0.43564022,0.48838127,0.55961496,0.43282717,0.4898382,0.7581829,0.44283828,0.41358522,0.51518357,0.44217473,0.41166082,0.3874984,0.49301472,0.5817772,0.805185,0.4630088,0.58088547,0.6877109,0.48752683,0.7156406,0.88550586,0.4635853,0.70966154,0.8389031,0.48881367,0.85937524,0.8621239,0.46761683,0.84123355,0.77606475
436,8,0.44482616,0.3480309,0.8075499,0.48803633,0.39716044,0.851942,0.44803044,0.4030478,0.6852971,0.4346765,0.48611394,0.5227395,0.43216813,0.4869297,0.8027936,0.4421301,0.41583714,0.41403815,0.4403906,0.4145676,0.2256004,0.49264443,0.5828541,0.8537971,0.4631632,0.5815104,0.75618863,0.48756588,0.71797854,0.8754012,0.462799,0.70927167,0.8671157,0.48847723,0.8580574,0.89411956,0.46825945,0.8408394,0.7221596
437,8,0.44499862,0.34946367,0.76103926,0.48754737,0.39860854,0.84862125,0.44731966,0.40419543,0.6977455,0.43372366,0.48686716,0.509093,0.43076974,0.48792398,0.79341227,0.4420839,0.4152559,0.41347286,0.4408304,0.41253662,0.32020673,0.49222913,0.584213,0.8509787,0.46300983,0.5832289,0.7702964,0.4859773,0.71862453,0.87932074,0.46239084,0.71066666,0.8665954,0.4857671,0.85933304,0.5792063,0.4681204,0.84087664,0.7768171
438,8,0.44506434,0.35152352,0.6647778,0.48794585,0.40273407,0.836117,0.44716218,0.40635553,0.66341966,0.43285483,0.4856322,0.47247708,0.43014953,0.48802817,0.6368788,0.44157133,0.41486484,0.45285177,0.44195428,0.41148558,0.42964736,0.49247387,0.5848195,0.76139456,0.46309403,0.5825996,0.61029357,0.4855863,0.71840626,0.74213886,0.46107033,0.71239287,0.77797556,0.48736328,0.85945266,0.68534386,0.46726635,0.8418449,0.70157564
439,8,0.44499716,0.3537759,0.76612115,0.48738375,0.40589175,0.83555335,0.44764894,0.4086328,0.6335053,0.43237668,0.48662528,0.42910346,0.4297291,0.488568,0.6785381,0.44177485,0.4207177,0.4779756,0.44055855,0.4185838,0.3407623,0.49241605,0.58593875,0.81226873,0.46270734,0.5840013,0.6908302,0.48325,0.718446,0.6968596,0.4601345,0.71324027,0.7488636,0.48723087,0.86022884,0.83601856,0.46736023,0.8425079,0.6792858
440,8,0.44422588,0.35493279,0.7873573,0.48777494,0.40925977,0.86299396,0.44600132,0.41200754,0.6543862,0.4324557,0.48768583,0.38482153,0.42900267,0.49017033,0.73832536,0.44208393,0.42391923,0.44366387,0.43987623,0.4222789,0.36119547,0.4928714,0.5887609,0.8509139,0.46301714,0.58630127,0.75491303,0.48185113,0.720419,0.76207334,0.45819816,0.71448267,0.83892,0.48630714,0.86144406,0.7791631,0.46559924,0.8414866,0.68899786
441,8,0.44445628,0.35582867,0.5644712,0.4840438,0.41722175,0.65458286,0.4483356,0.41378328,0.4979205,0.43193778,0.49061188,0.4123118,0.4297315,0.49162537,0.48426658,0.44207898,0.42993408,0.49629736,0.43953475,0.428729,0.2921954,0.49249318,0.58867586,0.70482486,0.46299306,0.5877825,0.58027804,0.48022625,0.72396475,0.6099447,0.45620504,0.71758896,0.65304065,0.48667875,0.8662907,0.846992,0.465989,0.8424002,0.5820634
442,8,0.44370896,0.35922903,0.495232,0.48416513,0.4193287,0.7566626,0.44734088,0.41813344,0.7050654,0.43116277,0.49735272,0.44200674,0.42889532,0.49696374,0.6328541,0.43944496,0.43069506,0.42700624,0.43924028,0.4283359,0.41404882,0.49443895,0.5876875,0.76797116,0.46376133,0.5880156,0.6759689,0.47817418,0.7242019,0.55657625,0.45409873,0.71941346,0.7952854,0.48661467,0.86705875,0.82876486,0.46537912,0.84177256,0.6043432
443,8,0.44192943,0.3670906,0.7476917,0.48529047,0.41799295,0.7034625,0.44427377,0.42141238,0.79211384,0.43101206,0.502788,0.5292513,0.42837188,0.5040595,0.69702685,0.43913633,0.4313646,0.43915302,0.4400378,0.4291697,0.38445666,0.49627838,0.589328,0.872284,0.46451536,0.5924917,0.8276201,0.47568837,0.7240598,0.79189354,0.4522729,0.7186084,0.8810032,0.48698297,0.8692848,0.8343467,0.4659427,0.8388093,0.87741214
444,8,0.44045523,0.3710669,0.6460728,0.48499534,0.4209258,0.7715676,0.44393915,0.42483237,0.7524055,0.43098095,0.5064538,0.47137633,0.42821664,0.5084434,0.7287709,0.44012585,0.43526432,0.3710346,0.43947077,0.4305364,0.38215438,0.49856883,0.59004223,0.8418835,0.46612632,0.5941688,0.8516098,0.4739413,0.72967595,0.80473846,0.4516053,0.717963,0.85740584,0.48570803,0.8664848,0.5755902,0.465043,0.839701,0.9145712
445,8,0.43899232,0.37526086,0.67791104,0.48418808,0.42493194,0.80250823,0.44283473,0.43245554,0.84374386,0.42992383,0.51235276,0.56988025,0.42845884,0.5132072,0.730073,0.43809557,0.43888086,0.42600492,0.43896663,0.43636295,0.43318462,0.50117475,0.5915873,0.8324166,0.46829662,0.5960312,0.7536154,0.47485414,0.72532517,0.6837842,0.44871992,0.7204951,0.8114361,0.48680413,0.86272335,0.7324831,0.4648282,0.8383569,0.8822693
446,8,0.43753725,0.38205105,0.7380793,0.48479024,0.43145445,0.8007033,0.44094294,0.43883651,0.5825716,0.4292087,0.51992303,0.61690605,0.42882112,0.519864,0.718223,0.43802038,0.44935155,0.4891903,0.4365227,0.44744924,0.46906823,0.50311166,0.59256387,0.8334012,0.4702933,0.59790164,0.76148677,0.4746833,0.73011124,0.8119327,0.44784385,0.7204514,0.86793995,0.4871053,0.86713237,0.7756476,0.4646669,0.8409492,0.8728701
447,8,0.43666026,0.3885537,0.7691658,0.48386154,0.43897644,0.8889039,0.44278377,0.4435226,0.86037314,0.42940685,0.5261181,0.5489784,0.4292458,0.52608645,0.69053715,0.43383363,0.45993623,0.55242974,0.43407446,0.45594427,0.4371472,0.5040155,0.5974955,0.8746239,0.47256717,0.6019456,0.8053094,0.4743834,0.7332384,0.77030635,0.4480798,0.72546464,0.80559975,0.4874322,0.86455894,0.8425139,0.46437445,0.8371549,0.70443785
448,8,0.43577105,0.3957145,0.8400553,0.4842656,0.44300982,0.80710053,0.44190207,0.45107818,0.81092346,0.4310135,0.5346072,0.5605637,0.42875203,0.5346867,0.7936447,0.43257448,0.4696142,0.5272459,0.4329888,0.4674691,0.41867775,0.50559705,0.59854084,0.8633458,0.47448602,0.6040826,0.77330035,0.47275192,0.7357585,0.8971942,0.4473808,0.7227919,0.8692535,0.486419,0.868413,0.80815834,0.4646681,0.8361587,0.9029252
449,8,0.43484765,0.40164545,0.72209746,0.48200473,0.4488386,0.82077754,0.4423006,0.4571179,0.70622694,0.43205258,0.5410132,0.5370511,0.42948043,0.5419226,0.7527572,0.43251595,0.47431642,0.6302904,0.43192104,0.47098824,0.45478213,0.5075438,0.6039864,0.8786774,0.47626826,0.6079661,0.74844015,0.47299486,0.7361396,0.7839713,0.44591856,0.72503585,0.8286533,0.4872802,0.8666157,0.8901298,0.4657682,0.8356598,0.87608415
450,9,0.43378887,0.40962654,0.66581976,0.48376235,0.45738655,0.65944517,0.44061553,0.4664588,0.8263228,0.43201685,0.55156815,0.6808209,0.4311358,0.5504615,0.6922669,0.43457928,0.47467002,0.6477853,0.43425542,0.474508,0.4140923,0.50936806,0.60892254,0.8775663,0.47781208,0.61328113,0.82373315,0.4734436,0.7350375,0.8237662,0.44528422,0.72132915,0.8618482,0.4867248,0.86809874,0.78958017,0.46488038,0.83428085,0.74196225
451,9,0.4341038,0.4187311,0.6152306,0.48330706,0.46546343,0.8056813,0.44063213,0.47188053,0.8317227,0.4334607,0.56030196,0.64112717,0.4313347,0.56037396,0.7947383,0.43497956,0.48679978,0.5470073,0.43303934,0.4888377,0.41627207,0.5104276,0.6138762,0.8873991,0.4794942,0.6186071,0.82776755,0.47079557,0.73850673,0.9224765,0.4436216,0.7218551,0.74331653,0.48703754,0.86763024,0.7501039,0.46587345,0.8360089,0.8580587
452,9,0.43362066,0.4266632,0.67018014,0.48326245,0.47303873,0.8228618,0.4408679,0.4788495,0.77905667,0.43562263,0.5695587,0.60154504,0.43294275,0.56853056,0.75697696,0.43538037,0.49936202,0.6154598,0.43479773,0.49976817,0.41930974,0.51218516,0.6181044,0.87774366,0.4798132,0.6226792,0.8451142,0.47252783,0.7414356,0.8486403,0.44267273,0.72387207,0.79320663,0.4872856,0.869754,0.87305135,0.46500137,0.83479065,0.8179573
453,9,0.4340747,0.43449724,0.72832155,0.483198,0.48087436,0.88370055,0.4415756,0.4888651,0.7922968,0.4368626,0.5791857,0.6039828,0.43342197,0.5778715,0.74187446,0.43703634,0.50403357,0.4561059,0.4352496,0.507773,0.41056103,0.5141717,0.6233716,0.8638016,0.48078206,0.62867707,0.83993274,0.4722964,0.73973966,0.91639966,0.44110692,0.72326386,0.8434049,0.48687822,0.8675272,0.8831232,0.46544465,0.8353002,0.8203653
454,9,0.4345587,0.44366682,0.7757011,0.4847208,0.48848718,0.7333631,0.4412668,0.49540734,0.8042358,0.4370333,0.5885957,0.6596687,0.4343848,0.58636177,0.7755878,0.43593076,0.51723355,0.67066044,0.435561,0.5182195,0.46272293,0.5160685,0.62718153,0.83632356,0.482724,0.63172436,0.86032856,0.4692467,0.73838115,0.90923536,0.44130814,0.72273606,0.8495479,0.48679885,0.8704332,0.7413516,0.46453717,0.8348317,0.6284145
455,9,0.4345085,0.4524088,0.8139406,0.48531774,0.49769017,0.88793737,0.44193783,0.5008933,0.7987775,0.43801403,0.5955199,0.7414553,0.4365383,0.5934235,0.63564247,0.4371847,0.52281266,0.54234207,0.43698922,0.5245871,0.4248605,0.5155476,0.6318779,0.7099394,0.48332986,0.63538027,0.84945583,0.46919128,0.74109423,0.83792883,0.44011423,0.72609884,0.757318,0.48779818,0.86955744,0.7668638,0.46470234,0.8363673,0.7740556
456,9,0.4341282,0.46162257,0.8294674,0.4858897,0.5063188,0.88737893,0.4427716,0.50886935,0.8310099,0.4391485,0.6037721,0.7809336,0.43556988,0.6017777,0.7187777,0.4377521,0.53329355,0.5434035,0.4359952,0.53631103,0.50520504,0.51763725,0.6363816,0.84451836,0.4849873,0.6396806,0.8363849,0.4668035,0.74264467,0.8633566,0.44041556,0.7254404,0.70577204,0.48845488,0.8701234,0.7134738,0.4644793,0.8308743,0.853086
457,9,0.43567422,0.4698015,0.86820847,0.48487866,0.51432955,0.8605181,0.4441192,0.51412773,0.86165416,0.43748447,0.6101025,0.79405963,0.4344932,0.60886014,0.6547801,0.43980715,0.5392808,0.5317117,0.4386278,0.5391642,0.54347765,0.5180814,0.6415704,0.6505394,0.4861589,0.64390594,0.83180153,0.46702996,0.74388516,0.8654688,0.4400306,0.72734845,0.83496803,0.48901126,0.8701849,0.90209174,0.46535766,0.83310467,0.84846705
458,9,0.4369869,0.47813055,0.8432757,0.4848061,0.52220106,0.8686208,0.44523853,0.5197604,0.825997,0.439098,0.61686146,0.7769716,0.43334696,0.6153135,0.8548464,0.43949807,0.5470035,0.618257,0.4367814,0.54666,0.54670626,0.51843846,0.64615726,0.6873489,0.48504007,0.6487985,0.75268084,0.46753874,0.74509764,0.82621187,0.44043675,0.7280443,0.86689115,0.48910007,0.8725231,0.8515054,0.46523312,0.836491,0.77921486
459,9,0.43719032,0.4871615,0.78077066,0.4862171,0.52947897,0.8941798,0.44606832,0.5262751,0.84678775,0.44203684,0.6231257,0.6831613,0.43284145,0.62184197,0.86526513,0.4403706,0.5555585,0.5972011,0.4373801,0.5555336,0.48541018,0.51862055,0.650376,0.6205301,0.48516613,0.6527101,0.72234035,0.46729717,0.7452138,0.8700291,0.44001436,0.7294618,0.7196954,0.48871338,0.87256134,0.8756254,0.46531054,0.8367027,0.83433825
460,9,0.4382459,0.4935169,0.729391,0.48770487,0.5363426,0.8934483,0.44581679,0.531444,0.8389001,0.4430423,0.62786144,0.6730853,0.4331354,0.6270692,0.8668965,0.44172287,0.5624959,0.57862604,0.43915427,0.5597306,0.46184826,0.5186897,0.6546685,0.6183826,0.48526126,0.6564991,0.7642595,0.46651107,0.74679625,0.8393346,0.43890175,0.7305662,0.8181672,0.4885281,0.87197495,0.85949594,0.46475422,0.835684,0.88008934
461,9,0.4400962,0.49971336,0.8496772,0.48901495,0.54152244,0.84548175,0.44678968,0.5376123,0.8200414,0.44453287,0.6327547,0.722115,0.4333316,0.6343289,0.89289665,0.4410608,0.56533283,0.48281282,0.43849072,0.5655712,0.4313705,0.52030647,0.65966743,0.8023341,0.48628208,0.66077405,0.7340657,0.4669469,0.7477538,0.80295813,0.43959674,0.7301953,0.86370426,0.48822874,0.87309384,0.8206482,0.464808,0.8376676,0.92219186
462,9,0.4411381,0.50489855,0.778204,0.48916396,0.54783267,0.8964429,0.44854322,0.5451625,0.856005,0.44464862,0.63727516,0.79188454,0.43342465,0.6394887,0.9243665,0.44354248,0.5721147,0.5710488,0.43828726,0.57233,0.4925872,0.5193876,0.66442615,0.58998346,0.48727039,0.6649188,0.75949216,0.46766266,0.7478561,0.6645167,0.43958652,0.72929394,0.89945793,0.4874075,0.87199754,0.7513943,0.46524745,0.83771604,0.81052595
463,9,0.4420285,0.508745,0.56265813,0.48928124,0.55258304,0.82919735,0.44835865,0.551989,0.8596009,0.44579235,0.6425196,0.7763259,0.4339687,0.6458308,0.9297878,0.44367453,0.5743354,0.6301998,0.43934554,0.5753097,0.5803329,0.51913923,0.66998214,0.56508213,0.48716566,0.66965914,0.7825266,0.46829823,0.7482316,0.5958234,0.43946484,0.728041,0.85958695,0.48706314,0.87310565,0.901233,0.46595916,0.8390393,0.8723486
464,9,0.44303608,0.5124148,0.6785933,0.49127203,0.5524214,0.8037536,0.4476467,0.5551847,0.88799864,0.4465246,0.64702666,0.79120326,0.435259,0.64774734,0.9219337,0.44436362,0.5783417,0.5681406,0.44118226,0.57848847,0.4930917,0.52374184,0.67159986,0.78803223,0.4884545,0.6717721,0.7057964,0.46847197,0.7464167,0.6467673,0.44010794,0.7268782,0.93461657,0.487306,0.871456,0.9120862,0.46595752,0.8368364,0.87449473
465,9,0.44292566,0.51389265,0.57892174,0.49070454,0.55272704,0.90599614,0.44889006,0.5547365,0.8249063,0.45024613,0.64938545,0.79030186,0.43801913,0.6512125,0.698474,0.44606346,0.5822085,0.5452484,0.44117826,0.5843289,0.43816283,0.52380544,0.66965735,0.736858,0.49026954,0.6690854,0.7862088,0.47060248,0.7480411,0.7983114,0.44036356,0.7286241,0.93327415,0.4868395,0.8701656,0.75703436,0.4678997,0.8385809,0.94308054
466,9,0.44246846,0.5164736,0.85371214,0.49099112,0.5531878,0.8134102,0.4478793,0.55559385,0.8917133,0.44992438,0.6497808,0.7841459,0.43975785,0.6507243,0.83043957,0.4452224,0.5821177,0.667821,0.4417351,0.5830429,0.46850199,0.52428615,0.67033297,0.7286172,0.49054763,0.66961014,0.8283061,0.4711753,0.7473678,0.8113563,0.44109803,0.7268959,0.93913805,0.4873797,0.86880785,0.7019297,0.46725687,0.83728397,0.7463168
467,9,0.44195005,0.5155923,0.8470291,0.49069205,0.5549482,0.7937565,0.4488119,0.55350244,0.80874527,0.45051476,0.650801,0.7766285,0.44082484,0.6518153,0.8995741,0.44547483,0.5842484,0.73979074,0.44183865,0.58533007,0.4469881,0.52470356,0.6699829,0.7364158,0.49128228,0.66844213,0.81029105,0.4711855,0.74790937,0.8182543,0.44155544,0.7264208,0.94259536,0.48736885,0.8697546,0.8989657,0.46689448,0.8385013,0.8547107
468,9,0.44200167,0.515076,0.82575065,0.49032196,0.5534209,0.7835069,0.4491466,0.55406743,0.8218774,0.45035982,0.65019375,0.7220257,0.44177613,0.6507478,0.87569004,0.44538355,0.5840939,0.69976294,0.44170895,0.5852521,0.46454522,0.52565545,0.67050976,0.6531562,0.49238828,0.6686399,0.7363858,0.4717092,0.7472615,0.78878707,0.4423133,0.72589767,0.92880857,0.48843768,0.8702466,0.9056184,0.4671515,0.8384022,0.85460377
469,9,0.4423893,0.51391876,0.75908494,0.4895732,0.5538437,0.78253454,0.45040575,0.5539707,0.7848875,0.44952196,0.64985824,0.8012133,0.44114807,0.6493718,0.88243794,0.44620487,0.5842419,0.71019155,0.44230977,0.5851602,0.47412026,0.52610195,0.6710892,0.61656016,0.49262944,0.6698833,0.7542333,0.47113022,0.7474353,0.61074394,0.4434121,0.7260236,0.8174226,0.48737076,0.8696018,0.8239144,0.46754873,0.8390712,0.8516031
470,9,0.44263273,0.5134591,0.6576205,0.48992264,0.5542669,0.8911063,0.4513319,0.5527074,0.72140306,0.449067,0.64841,0.83362573,0.44013116,0.6462041,0.919211,0.44472167,0.5827354,0.70009744,0.441335,0.58300656,0.47511956,0.5254808,0.6691182,0.7748329,0.4926354,0.667395,0.8212816,0.47063592,0.74605566,0.77838564,0.4431823,0.72582287,0.7572017,0.48723587,0.8685791,0.80326235,0.46747726,0.8387948,0.9105074
471,9,0.44299072,0.51321805,0.8163881,0.48928782,0.553197,0.82784945,0.45176804,0.55022705,0.771899,0.44772148,0.64595765,0.7639826,0.43723136,0.6442295,0.80502003,0.44499817,0.57898897,0.64936507,0.44162914,0.578543,0.47581115,0.5253094,0.6686777,0.73835945,0.49231738,0.66604125,0.8148332,0.4698436,0.74654585,0.8376636,0.44355863,0.7256457,0.78695697,0.48708647,0.8688656,0.79751396,0.46720853,0.8378965,0.9095048
472,9,0.44320863,0.51278204,0.84406143,0.4888578,0.5514933,0.812386,0.45145327,0.5500001,0.81517196,0.4466379,0.6430031,0.67342246,0.434441,0.64077234,0.8098705,0.4443885,0.57175994,0.49668968,0.44033158,0.57280046,0.50713354,0.52464193,0.66725045,0.79261935,0.49170482,0.6654028,0.8317107,0.46931317,0.7452878,0.8259119,0.44287556,0.7246145,0.81432974,0.48700324,0.8688971,0.8168706,0.4672299,0.83680046,0.88461137
473,9,0.44425625,0.509738,0.6978099,0.4882707,0.54994726,0.8395043,0.45067114,0.5490861,0.80319756,0.44372028,0.63755584,0.81222796,0.43158337,0.63549316,0.77155524,0.4429062,0.56660366,0.4497689,0.4386055,0.5677721,0.4178134,0.52378064,0.6678144,0.7758001,0.49106655,0.6650223,0.84043366,0.468474,0.74424654,0.8240628,0.44258365,0.72444534,0.85459375,0.48675224,0.86929643,0.8464722,0.4672103,0.83615994,0.8436949
474,9,0.4440762,0.5061998,0.7043309,0.48867333,0.5483284,0.9265969,0.4489441,0.5469569,0.7723636,0.44195598,0.63209486,0.7402267,0.42877403,0.63047564,0.90417594,0.44267094,0.56089836,0.4552809,0.43882954,0.561004,0.418128,0.52312046,0.6655159,0.8277874,0.4905346,0.663206,0.84851235,0.467584,0.744683,0.81993806,0.44256714,0.726951,0.8385619,0.48686028,0.8706194,0.8579324,0.46693957,0.8363812,0.9108494
475,9,0.44434342,0.5025936,0.8295434,0.4871481,0.54578763,0.8652724,0.4496888,0.5469485,0.8413967,0.43999797,0.62721694,0.7283821,0.42528448,0.6260965,0.9001831,0.44062012,0.5566793,0.41398004,0.4372073,0.5572226,0.38635525,0.52162606,0.66433996,0.57793665,0.49029788,0.6628419,0.8153513,0.46714503,0.7449849,0.8471988,0.44228825,0.72689897,0.8641218,0.48647854,0.8707843,0.88800573,0.466856,0.8335344,0.8783883
476,9,0.44390863,0.49921525,0.80946356,0.48530945,0.54371923,0.804958,0.44907796,0.5429131,0.7706047,0.4381369,0.62398195,0.6026155,0.4229247,0.62280375,0.7834115,0.43961698,0.55495435,0.6452901,0.43642738,0.55493844,0.5119277,0.5225463,0.6626549,0.7865212,0.48947614,0.6618026,0.7974814,0.465857,0.74411476,0.7181101,0.4429753,0.727949,0.756832,0.48684233,0.87081987,0.89502317,0.46726003,0.83420974,0.8529415
477,9,0.44360635,0.49376515,0.85002667,0.48494008,0.5398527,0.8927114,0.4485616,0.5370463,0.83411837,0.43787268,0.61658925,0.5865241,0.42273128,0.6165476,0.8997675,0.4387659,0.5499757,0.6402426,0.4355125,0.54943156,0.35757995,0.5212429,0.65862197,0.8937889,0.48894957,0.65757334,0.8481957,0.4653902,0.7443288,0.9127151,0.44266802,0.72926056,0.8684116,0.48653424,0.87105805,0.8869641,0.46688035,0.83284616,0.84082174
478,9,0.4429418,0.4877658,0.738762,0.48464683,0.535129,0.92132306,0.44833565,0.5345891,0.77364653,0.43514448,0.61035335,0.5488761,0.4221824,0.61006284,0.8680307,0.43834826,0.5431337,0.55123085,0.43613702,0.54063505,0.385801,0.5202871,0.65586615,0.71067137,0.48853582,0.65564746,0.8123258,0.46379012,0.74340934,0.77207667,0.44327945,0.7310036,0.89044577,0.48623842,0.87080264,0.9089931,0.46667558,0.83677053,0.7996257
479,9,0.4426217,0.480929,0.82761353,0.48523065,0.5268581,0.9108933,0.44824633,0.53065705,0.728499,0.4351096,0.60532475,0.5736626,0.42322236,0.6046943,0.9147314,0.43922344,0.539463,0.71260345,0.43543556,0.5389679,0.47749817,0.5192181,0.6518788,0.743677,0.48743522,0.6529014,0.8224662,0.46263188,0.7426005,0.7829634,0.4432796,0.7315951,0.8398103,0.48562425,0.8706332,0.8060699,0.46636656,0.83759385,0.68415904
480,9,0.44293672,0.47320095,0.7740303,0.4852558,0.5173809,0.7869435,0.4482074,0.52269715,0.81927,0.43613103,0.5963479,0.63407475,0.42423686,0.598663,0.8711535,0.4384635,0.5316137,0.6209525,0.43752,0.5289887,0.33868968,0.51781756,0.6459187,0.74147856,0.48670444,0.6476127,0.7782991,0.46172398,0.74303883,0.8084891,0.4443876,0.73188734,0.6962289,0.48748502,0.8720888,0.88729775,0.46583754,0.8380821,0.83994794
481,9,0.4426208,0.4648583,0.82603925,0.4851118,0.5090127,0.84589016,0.44771513,0.5138479,0.66096115,0.43759698,0.59012926,0.5113913,0.42412144,0.5941015,0.9244987,0.43850014,0.5257334,0.6586355,0.43530685,0.5228535,0.44094023,0.5178096,0.6409365,0.7191357,0.4873485,0.6424292,0.84265786,0.46307904,0.7427004,0.71268314,0.4440538,0.7313341,0.67936593,0.48726496,0.8711812,0.91468894,0.4650913,0.83961695,0.7325389
482,9,0.44277865,0.4534059,0.8270418,0.4866331,0.499849,0.8056624,0.44636127,0.50275606,0.82924575,0.43772158,0.58421224,0.5579007,0.4246893,0.5865769,0.9464748,0.4402644,0.5193226,0.5262268,0.436249,0.5165036,0.48509052,0.5171328,0.6362538,0.7769008,0.48642737,0.63716185,0.847817,0.46128416,0.7386721,0.89793986,0.4434539,0.731906,0.8408838,0.48731074,0.8717854,0.8924169,0.46500054,0.84061897,0.62265927
483,9,0.44321594,0.4423065,0.65576017,0.4886101,0.49278954,0.85535425,0.44761047,0.49310875,0.7907046,0.43582729,0.57609314,0.5247058,0.42620185,0.5782814,0.9239537,0.44164807,0.5099623,0.65517324,0.43850935,0.5066396,0.47628322,0.5163459,0.6304428,0.7927589,0.48554915,0.6317626,0.80602974,0.46169183,0.7350256,0.5956793,0.4436281,0.73061985,0.80501133,0.48614922,0.8720109,0.8339182,0.46454248,0.83943444,0.6595947
484,9,0.4437217,0.43122733,0.7431467,0.48768762,0.47841898,0.8659212,0.44906336,0.48217207,0.7282811,0.43795383,0.5658815,0.40805042,0.42886257,0.56620926,0.89588183,0.44018453,0.5048621,0.55339545,0.4384198,0.50267434,0.49029043,0.5135308,0.62461144,0.9462984,0.48376444,0.6261531,0.79660666,0.4620094,0.73511106,0.81063616,0.44298604,0.73031294,0.7638043,0.4871663,0.8704276,0.8869305,0.46408692,0.84100556,0.7696583
485,9,0.44494826,0.42085758,0.7994388,0.4895986,0.47083598,0.83543277,0.44911322,0.47098228,0.7657364,0.43550375,0.55764747,0.48708767,0.43159145,0.55690956,0.84587073,0.44181857,0.49268857,0.67601305,0.44023827,0.4895276,0.36120626,0.51152116,0.6175224,0.8460518,0.48220828,0.61838824,0.850276,0.4651821,0.7395339,0.81241,0.44335988,0.7296276,0.87821925,0.48644304,0.8649315,0.8530928,0.46472654,0.83779144,0.79407895
486,9,0.44629973,0.40848395,0.76338077,0.4889829,0.4592549,0.8559687,0.4507781,0.4642092,0.8075889,0.43728206,0.5433111,0.3726902,0.4333435,0.5458116,0.6463457,0.4426625,0.48238373,0.65654105,0.44114286,0.48053226,0.34519956,0.5074108,0.6115022,0.823067,0.47966322,0.6122561,0.78288656,0.46783307,0.73653734,0.8237435,0.44468373,0.727996,0.8339667,0.48582155,0.8722358,0.7584463,0.46456894,0.83873194,0.6390303
487,9,0.4475193,0.3967569,0.7289994,0.48911807,0.44558063,0.83496714,0.4498569,0.45063806,0.8309192,0.43704382,0.5349933,0.42463252,0.4317084,0.5360972,0.86237645,0.44300735,0.470003,0.6241342,0.44034168,0.4661802,0.47806355,0.50483376,0.6045445,0.909495,0.4776453,0.6052149,0.69240165,0.464069,0.73352563,0.77786815,0.4457413,0.7257584,0.85772014,0.48742476,0.8671481,0.7660606,0.46573037,0.83764297,0.78504896
488,9,0.44850823,0.38544875,0.7263993,0.4914951,0.43803433,0.84905905,0.4497976,0.44139504,0.7970171,0.44059366,0.52416605,0.3890222,0.43421152,0.526063,0.8580679,0.4437138,0.46332487,0.55592376,0.44147116,0.46204403,0.40311635,0.50299305,0.5996183,0.7590201,0.47489613,0.6013699,0.73133487,0.46730053,0.7318686,0.8613061,0.44746047,0.7220607,0.8089679,0.48465475,0.86694664,0.891961,0.46559146,0.836669,0.7873237
489,9,0.448689,0.37743917,0.790354,0.49030685,0.42869645,0.80460924,0.45204467,0.43216625,0.8333842,0.4433352,0.5159007,0.45656577,0.43633512,0.51614434,0.7192209,0.44480285,0.44826922,0.57423687,0.44159564,0.44564247,0.47819355,0.49974015,0.5967891,0.81474394,0.47222856,0.5986496,0.7417341,0.47022706,0.7318581,0.8964141,0.44966048,0.72215104,0.8427702,0.48460883,0.8642701,0.847654,0.46521226,0.83672345,0.90307003
490,9,0.44999415,0.36629617,0.6631689,0.49283722,0.4217593,0.69953775,0.45219725,0.42154425,0.76826346,0.44326523,0.50547403,0.41876927,0.43707117,0.5070209,0.7609212,0.44828758,0.43222147,0.50494784,0.4462167,0.4302905,0.45992061,0.4977697,0.5916937,0.825005,0.4696211,0.5908992,0.7954856,0.47257727,0.73190624,0.8246478,0.4521859,0.7228677,0.78903204,0.48537624,0.8644838,0.7850005,0.46489683,0.8396884,0.71964645
491,9,0.45139217,0.36058983,0.79647714,0.49245697,0.4103331,0.6969434,0.4535726,0.4169054,0.7969929,0.44243902,0.49707183,0.60996366,0.4380809,0.4965432,0.767287,0.44845968,0.42470354,0.52871543,0.44704324,0.42198178,0.42776534,0.495922,0.5882025,0.7936104,0.4676353,0.5892267,0.7323595,0.47678322,0.7269108,0.75858134,0.45644966,0.71876526,0.748557,0.48672608,0.86032176,0.7843452,0.46493262,0.8426721,0.799564
492,9,0.4509997,0.35528454,0.6764229,0.49321863,0.4044992,0.7560702,0.45566806,0.41005996,0.8183432,0.44426998,0.49229997,0.43793547,0.43835765,0.49548486,0.7714259,0.45009932,0.42499983,0.47552308,0.44682267,0.4228259,0.2914618,0.49361223,0.5869512,0.80244046,0.46498471,0.5873119,0.719663,0.4808003,0.71963996,0.78691417,0.46012804,0.714937,0.79635376,0.48668376,0.8632937,0.7972754,0.46533436,0.8424862,0.84473324
493,9,0.45266655,0.3492897,0.7344801,0.49187353,0.39931563,0.74589306,0.45439166,0.40671194,0.79050535,0.44401905,0.48741558,0.4754758,0.439387,0.4885542,0.6503395,0.44865617,0.41757277,0.46251634,0.44630536,0.4167783,0.41134268,0.4918019,0.58778554,0.8105859,0.46331552,0.5854135,0.67180043,0.48363152,0.71813107,0.7679402,0.46166137,0.7135713,0.8236418,0.4861271,0.8591926,0.842593,0.46677297,0.8410487,0.8109372
494,9,0.45408323,0.34747937,0.66377294,0.49306652,0.40044773,0.81376666,0.45575994,0.40343672,0.49962658,0.44574603,0.48196676,0.44243628,0.43878168,0.48403376,0.7189239,0.45086542,0.41133478,0.49448252,0.44583398,0.41173226,0.30403775,0.4901165,0.58711445,0.7545747,0.4624955,0.58424324,0.7270305,0.48440936,0.71727055,0.7898593,0.46268547,0.7132242,0.8278415,0.48789862,0.8571268,0.79720813,0.46560714,0.83993757,0.74257886
495,9,0.45412704,0.34710056,0.79417807,0.49388605,0.39597166,0.8191937,0.4558488,0.40088683,0.7520862,0.44432792,0.4818703,0.43848327,0.43799064,0.48351017,0.8483973,0.4510264,0.41266006,0.4472155,0.44579685,0.41369873,0.2538801,0.48906258,0.58663696,0.8296562,0.46226418,0.58540016,0.6456995,0.4852604,0.7173163,0.8253786,0.46328822,0.7109491,0.75939184,0.4842798,0.8559989,0.59960645,0.4672483,0.8399064,0.84690225
496,9,0.45468706,0.34706584,0.73351777,0.49516293,0.39692506,0.8603464,0.45428485,0.4017138,0.6226603,0.4442292,0.48067394,0.48924476,0.4372882,0.48341674,0.80829,0.45058307,0.4103782,0.3893995,0.44461071,0.41130093,0.32266697,0.48979867,0.5881397,0.8518934,0.46254876,0.5873486,0.7465598,0.48544988,0.718277,0.8479268,0.4619049,0.71440226,0.78643954,0.486493,0.85576904,0.7450499,0.46823344,0.8408861,0.7862911
497,9,0.45511845,0.34818533,0.71636385,0.49508488,0.39750716,0.8656576,0.45456913,0.40200067,0.5651918,0.44279325,0.48217723,0.37525696,0.4362512,0.4844363,0.8243805,0.45041588,0.4106296,0.35571837,0.44442967,0.41084364,0.3219031,0.48901978,0.5910259,0.8016532,0.46291536,0.5897156,0.7210434,0.48527324,0.72105306,0.83721566,0.46311447,0.7171913,0.8017202,0.4854776,0.8550322,0.7241183,0.46757698,0.8409529,0.8138949
498,9,0.45455438,0.34966955,0.63751036,0.4962127,0.4022021,0.8455227,0.45506635,0.40599224,0.61465734,0.44115162,0.48249817,0.34494352,0.43547586,0.485482,0.85385275,0.45047027,0.41116396,0.34230214,0.44444662,0.4146712,0.20191759,0.48964432,0.59222645,0.8263088,0.46216232,0.5904122,0.6872307,0.4853824,0.722011,0.8831804,0.46213675,0.71764416,0.81386316,0.48518658,0.8577513,0.60849416,0.46635902,0.8446759,0.831668
499,9,0.45473412,0.35165212,0.8142758,0.49438128,0.40455604,0.5512229,0.45496872,0.40710682,0.5546913,0.440785,0.48359975,0.34996063,0.43488953,0.48585543,0.8065582,0.44924372,0.41674772,0.4786149,0.444808,0.41586974,0.29873148,0.49050444,0.59418476,0.8050436,0.4642763,0.59251684,0.726053,0.48230496,0.7242066,0.7262308,0.46105367,0.71942604,0.86125475,0.48880482,0.85888547,0.8221339,0.4674131,0.84344923,0.73862326
500,10,0.45482102,0.3513101,0.72688496,0.49402004,0.40797934,0.6489372,0.4545618,0.41039664,0.6180551,0.43913892,0.487428,0.46895263,0.43453947,0.48529777,0.62869,0.44849312,0.4180766,0.34872127,0.44592908,0.414829,0.32182133,0.49137345,0.5956372,0.7960884,0.46416518,0.5937633,0.65989923,0.4810362,0.7252375,0.7889607,0.45907515,0.7243686,0.72459126,0.48832956,0.8617114,0.800316,0.46715337,0.8463366,0.8250358
501,10,0.45260844,0.35563287,0.67183524,0.4943879,0.40988392,0.86968124,0.45205396,0.41039547,0.79475886,0.43903053,0.49022081,0.48669237,0.43435663,0.48998243,0.7087733,0.4484943,0.41686004,0.47912654,0.44668654,0.4146455,0.3510325,0.49371415,0.5941234,0.8549115,0.46290234,0.59337026,0.7683903,0.47802728,0.72427016,0.827558,0.45635325,0.71937066,0.8581075,0.4879247,0.8625701,0.82180834,0.46745095,0.8420018,0.7937454
502,10,0.4524325,0.3587115,0.75747263,0.4902935,0.4124674,0.7775418,0.45264733,0.41565886,0.77553236,0.43979216,0.4943711,0.4023293,0.43419906,0.4970536,0.6924828,0.44700778,0.4275572,0.4831818,0.44388968,0.4269945,0.36741173,0.49367112,0.59151876,0.8030197,0.46500552,0.5916853,0.6659192,0.47642884,0.7268568,0.76725024,0.45573252,0.7217466,0.8479439,0.48667184,0.86557925,0.87614924,0.46703333,0.8430368,0.8027707
503,10,0.45012078,0.36424357,0.67818433,0.4913166,0.41378173,0.7999949,0.45214355,0.41642407,0.71763664,0.43649617,0.49960738,0.50779957,0.43354046,0.4998603,0.77502424,0.44596103,0.43077347,0.3763973,0.44469866,0.42965797,0.23366547,0.4963184,0.5919135,0.8734132,0.4667579,0.59221256,0.80410725,0.4742008,0.7283708,0.82272524,0.45342624,0.722163,0.85015523,0.48654413,0.866511,0.79251033,0.46688235,0.8414203,0.71672904
504,10,0.44984284,0.36899343,0.727334,0.49270293,0.41892847,0.7358128,0.44982782,0.42355114,0.74249774,0.436687,0.5034044,0.43072525,0.4345867,0.5027931,0.7202587,0.44657737,0.4336693,0.52283597,0.44532934,0.4322152,0.2788985,0.49989808,0.5923361,0.8429009,0.4691241,0.59337145,0.8151391,0.4742714,0.72709984,0.8435243,0.45235386,0.72026753,0.85550725,0.48680642,0.863863,0.87419146,0.46512678,0.84039795,0.8733037
505,10,0.448478,0.3744602,0.70671105,0.49093094,0.42598346,0.6989805,0.4502776,0.43092954,0.7557734,0.4372783,0.5090442,0.53563046,0.4360258,0.510847,0.65479517,0.4451671,0.43743455,0.47785723,0.44571134,0.43632028,0.39662796,0.5033462,0.5967035,0.7978581,0.4726998,0.5971592,0.67966586,0.4750195,0.72696817,0.8098389,0.45040295,0.7195206,0.73119247,0.48602214,0.8613584,0.695301,0.46407443,0.83736646,0.8962911
506,10,0.44706413,0.37996832,0.78402025,0.48924643,0.43279707,0.7409217,0.45080793,0.4349255,0.74069273,0.43655425,0.51497555,0.5532158,0.43562716,0.5177607,0.73936653,0.44595954,0.4469352,0.44293785,0.44537792,0.44333762,0.3753262,0.5059475,0.59492224,0.7952801,0.47488835,0.5990184,0.8392341,0.4746537,0.72991085,0.77098835,0.44940606,0.72097194,0.84055966,0.48707306,0.86527854,0.887054,0.46461195,0.834703,0.8250354
507,10,0.44588503,0.38543922,0.5420235,0.48977122,0.43663815,0.74889064,0.4485703,0.4404877,0.58170766,0.43543574,0.5226091,0.6078615,0.43568096,0.5227957,0.58354574,0.44401792,0.4516132,0.53031766,0.4427277,0.44880846,0.45170042,0.5089365,0.5996863,0.65966636,0.47740227,0.6029808,0.7261066,0.473158,0.73327786,0.8663917,0.44995028,0.7219974,0.82247937,0.48652393,0.8675204,0.7859312,0.46517345,0.8341653,0.88004345
508,10,0.44464257,0.39499703,0.8114751,0.4896846,0.44174156,0.8281376,0.44799262,0.44595844,0.7273451,0.43617764,0.531025,0.5355298,0.43490204,0.5315075,0.72294265,0.4428267,0.4595156,0.52526826,0.44344017,0.4574919,0.45973587,0.50963724,0.60249066,0.889523,0.47851357,0.6054062,0.73470294,0.47628912,0.7310608,0.75093037,0.44809005,0.72204316,0.7944627,0.48675856,0.8668795,0.85705346,0.46629974,0.83324224,0.8727799
509,10,0.4437965,0.40379354,0.6558363,0.49042574,0.4540532,0.8095666,0.4489997,0.4566871,0.8265407,0.43456882,0.54104745,0.6619774,0.4346031,0.5415757,0.71700096,0.4391104,0.4729753,0.58007985,0.4393345,0.47210622,0.36856285,0.5109065,0.6082765,0.9051244,0.480196,0.609575,0.80847245,0.47430032,0.73341584,0.86064124,0.44654503,0.72106344,0.8634087,0.48689067,0.86660945,0.7331687,0.46548626,0.8344453,0.64442205
510,10,0.4430756,0.413031,0.78238875,0.4897003,0.46155328,0.7940006,0.44937962,0.4670958,0.78070503,0.43654838,0.54947007,0.61886734,0.43562496,0.5489363,0.7104179,0.43976194,0.48117203,0.62625575,0.43986765,0.47904465,0.4243018,0.5125844,0.61265284,0.8955203,0.48139012,0.6151688,0.8284429,0.47232115,0.7351593,0.88993424,0.44612744,0.7202387,0.73443514,0.48715237,0.86683303,0.8575128,0.46588847,0.8335619,0.83351105
511,10,0.44288877,0.42136753,0.5985662,0.48881644,0.47020832,0.8449432,0.44773486,0.47782463,0.8716004,0.43820223,0.56138873,0.65408117,0.43576497,0.5588159,0.76726824,0.44131488,0.49010897,0.68995976,0.44054762,0.4900229,0.46746764,0.5143629,0.61848074,0.8293242,0.48194823,0.6214147,0.8620803,0.47519943,0.7369793,0.8403552,0.44524148,0.72402495,0.80079937,0.48727494,0.86994207,0.7085556,0.4648871,0.8366575,0.72691923
512,10,0.44318464,0.43108386,0.7811345,0.4892438,0.48008767,0.870632,0.44792634,0.4838057,0.83410233,0.44242573,0.5708409,0.48682052,0.4363972,0.5708863,0.81105125,0.44177514,0.50215644,0.50331485,0.44111806,0.5015861,0.4507387,0.516118,0.62378836,0.7916862,0.48298046,0.62712806,0.85753614,0.47072658,0.73694897,0.8689993,0.44264072,0.72544634,0.7933684,0.4870828,0.8686183,0.7777327,0.4652816,0.83403575,0.73591274
513,10,0.4424405,0.4408344,0.7738446,0.49122992,0.48848194,0.78230375,0.4485853,0.493409,0.80755675,0.44261754,0.5822311,0.5624628,0.4385287,0.58018684,0.7189756,0.44425768,0.5077722,0.5509454,0.4430722,0.50818634,0.4504179,0.51812965,0.6287186,0.75451696,0.48455474,0.6326517,0.85304874,0.47050145,0.73877347,0.8966443,0.44234535,0.72392786,0.8401454,0.48783836,0.87121916,0.8680843,0.46419302,0.83361995,0.8900992
514,10,0.44300735,0.4496357,0.7659816,0.49117577,0.4973705,0.88906246,0.44932017,0.50044054,0.8288855,0.44671422,0.59112924,0.6792443,0.4386821,0.5891802,0.8573622,0.44478086,0.52222717,0.60744995,0.44168776,0.52228427,0.5175324,0.5192792,0.6342945,0.85228467,0.4858155,0.63805676,0.8357095,0.4685721,0.7412974,0.9410143,0.44196874,0.7278034,0.8261615,0.48807558,0.8695744,0.8876731,0.4644634,0.8318044,0.6981904
515,10,0.44326958,0.45833662,0.63008344,0.49125537,0.5060522,0.90179384,0.44852418,0.5065763,0.7374233,0.44696796,0.6023673,0.6692713,0.43839172,0.5982872,0.8250566,0.44589296,0.5330465,0.5717755,0.44210973,0.5332087,0.555127,0.51921517,0.6389741,0.6612578,0.48564455,0.6416306,0.72516966,0.46838698,0.74190915,0.8288617,0.44182217,0.7273113,0.79156756,0.488134,0.8722038,0.8150645,0.46410784,0.83373255,0.82834804
516,10,0.4438259,0.4653492,0.52537405,0.49103358,0.51329505,0.7550066,0.4496358,0.51355696,0.8459596,0.44859236,0.6092194,0.8384165,0.43906572,0.6068591,0.807527,0.44632405,0.5443103,0.5552255,0.44097233,0.54399097,0.5870762,0.5191225,0.6450358,0.6588969,0.487492,0.6464116,0.84886444,0.4680855,0.746014,0.8976852,0.44092718,0.7269939,0.8642136,0.4882899,0.8725763,0.88035357,0.4652525,0.83517057,0.88141924
517,10,0.44441733,0.47445294,0.7284179,0.49170902,0.5224248,0.9243243,0.45043486,0.5222874,0.7974025,0.45015875,0.6165701,0.79051065,0.4383792,0.61449236,0.7902751,0.44640058,0.5516562,0.64372164,0.44252244,0.5508884,0.58676684,0.51929957,0.6505198,0.66024685,0.48666018,0.6519812,0.7124901,0.4671859,0.74548334,0.8008009,0.44126987,0.729461,0.82412374,0.48735353,0.87337035,0.9053252,0.46444947,0.8382504,0.8398554
518,10,0.44538015,0.48158264,0.8401318,0.49305424,0.5291168,0.92351353,0.45060375,0.52684283,0.7455221,0.45069012,0.62169844,0.8119797,0.4388504,0.6178261,0.87503326,0.44751084,0.55440575,0.6156881,0.44353187,0.55343133,0.58976907,0.51938796,0.65256554,0.6052865,0.48638552,0.6537254,0.764662,0.4673809,0.7464003,0.80850726,0.44004256,0.73053026,0.80563486,0.4871096,0.8732892,0.80822784,0.465053,0.8372524,0.8415781
519,10,0.44617707,0.48750615,0.71066374,0.49333623,0.53339696,0.7621911,0.45238554,0.5305416,0.7781523,0.45164356,0.62678015,0.7964144,0.43970206,0.6237946,0.8288418,0.44889057,0.5617303,0.5860259,0.44461206,0.559702,0.5173966,0.5193532,0.65785825,0.601578,0.48716256,0.65683955,0.7180617,0.46774498,0.74760264,0.80666167,0.43943697,0.73037946,0.8408312,0.4864686,0.87301695,0.79152566,0.46478254,0.8367557,0.8677199
520,10,0.44748697,0.4928811,0.83094454,0.49516323,0.5380322,0.65983194,0.4527212,0.5361621,0.71724504,0.45258543,0.63113314,0.7884732,0.43867174,0.6266848,0.8540617,0.44993922,0.5637806,0.633791,0.44531772,0.5628603,0.54592556,0.5197115,0.66302073,0.58228594,0.4880104,0.66139746,0.73367375,0.46761695,0.74792624,0.7234352,0.440405,0.7297735,0.8312306,0.48724636,0.8733899,0.92259,0.46441612,0.8387977,0.7682669
521,10,0.44956622,0.49691495,0.7730072,0.49614403,0.5432527,0.84090567,0.45390332,0.5383764,0.79613763,0.45327204,0.63461006,0.74902886,0.43876857,0.63080364,0.8847173,0.45072657,0.56984526,0.71427155,0.44516551,0.5689474,0.48017028,0.5200897,0.66540986,0.55402833,0.48854753,0.6642383,0.76116884,0.46780357,0.7493007,0.72808075,0.44015205,0.7288239,0.8214644,0.48676443,0.87215555,0.89978373,0.4655779,0.8377352,0.8720574
522,10,0.45077977,0.50078064,0.71254534,0.4978533,0.546948,0.7395005,0.4546833,0.54247457,0.7951185,0.4547104,0.6380152,0.70026356,0.43972304,0.6358505,0.86737823,0.45215115,0.5731268,0.51599777,0.4460963,0.573606,0.46631798,0.52211213,0.670408,0.7821,0.48924688,0.6677351,0.7522268,0.46830702,0.7496185,0.8732756,0.44014737,0.72766733,0.8618662,0.48609594,0.8709212,0.85549134,0.4664203,0.8378116,0.8775298
523,10,0.45260954,0.5027398,0.69935954,0.4985175,0.5490734,0.8134681,0.45735186,0.5453946,0.704448,0.45556277,0.6389085,0.7466767,0.44326973,0.63422674,0.8004493,0.45318544,0.5717024,0.54601914,0.44795007,0.5720775,0.45683235,0.52193546,0.67259,0.74956113,0.48938352,0.66959584,0.77140456,0.46865076,0.7496577,0.74761474,0.4408598,0.72875375,0.8611984,0.4871848,0.8696191,0.91337234,0.4666155,0.8358142,0.6637913
524,10,0.45273945,0.503418,0.8150447,0.49848503,0.5464858,0.68738997,0.45634136,0.54560643,0.7469953,0.4575931,0.6422244,0.64038944,0.44418,0.6385743,0.7709029,0.4531689,0.5761694,0.6651517,0.44842687,0.57509226,0.45583466,0.523141,0.6705521,0.66961336,0.4899079,0.66756266,0.80503756,0.47006103,0.74947816,0.82051575,0.44021636,0.7280321,0.7537625,0.48742056,0.86988807,0.9243662,0.46613052,0.83754677,0.74575853
525,10,0.4526131,0.5045934,0.7643456,0.500069,0.5487246,0.77577496,0.45618242,0.5456031,0.7996099,0.4580369,0.6438379,0.68331087,0.4454634,0.6421404,0.8153282,0.45539412,0.57648057,0.5224909,0.4502296,0.5770384,0.5581992,0.52321446,0.6705843,0.7208528,0.49068192,0.66780394,0.7740468,0.47118104,0.74916565,0.8417558,0.4422677,0.7274195,0.85648674,0.4879638,0.8691941,0.92337,0.4663606,0.8399724,0.72305757
526,10,0.45258573,0.50427854,0.6534374,0.5006418,0.5481581,0.7471197,0.45621014,0.5457841,0.7968794,0.45954898,0.64419603,0.7897552,0.4477997,0.64259464,0.8299937,0.45532188,0.5797736,0.61160403,0.44983467,0.58029854,0.44113624,0.5238455,0.6700892,0.69627845,0.4908455,0.66673887,0.8025255,0.4718048,0.7495623,0.8768696,0.44156247,0.7278847,0.9266828,0.4879422,0.86823064,0.9162294,0.46676677,0.8398849,0.7542384
527,10,0.45368168,0.50386786,0.5587831,0.50111604,0.5501278,0.70404375,0.4584975,0.5477997,0.466406,0.46052787,0.6424653,0.62371784,0.44917494,0.63999766,0.7036046,0.4553713,0.57592833,0.5300337,0.45164734,0.5771343,0.51298094,0.5227806,0.67401916,0.6863016,0.49051765,0.67049605,0.7191501,0.4725502,0.7498023,0.77607745,0.44318268,0.72786343,0.8608527,0.48759288,0.8695801,0.8319187,0.4674476,0.8410556,0.76148844
528,10,0.45391768,0.50408924,0.6986246,0.5001484,0.54877454,0.76419425,0.46000043,0.5474383,0.5393142,0.46058246,0.64228445,0.66118866,0.4503497,0.6374679,0.59633636,0.45434555,0.575486,0.6031049,0.45144922,0.5761676,0.36504775,0.5247863,0.67412317,0.8177586,0.4930812,0.6722702,0.7003647,0.47262678,0.74896663,0.8549388,0.44303364,0.726818,0.8658952,0.48779252,0.86802346,0.9032182,0.46671855,0.8402821,0.7775817
529,10,0.45365274,0.5051691,0.70694864,0.49979198,0.55009705,0.86391675,0.46138963,0.54713637,0.47825035,0.4620703,0.6397223,0.535026,0.44897625,0.63823885,0.7237331,0.4567183,0.5786333,0.55074006,0.4520479,0.5781491,0.33236346,0.5237351,0.67260486,0.6824386,0.4925003,0.67072594,0.5828921,0.4726287,0.74901223,0.69329745,0.44365615,0.7264843,0.75060815,0.48709434,0.86860734,0.7741464,0.4676156,0.84033686,0.82797694
530,10,0.45423344,0.5045321,0.62206286,0.500499,0.5491575,0.8403016,0.46070588,0.54683685,0.5576334,0.46167234,0.6418008,0.6417315,0.4491084,0.6374496,0.75990695,0.45613974,0.5775271,0.5978162,0.45165983,0.5771953,0.3843467,0.5244305,0.6738502,0.6356597,0.49253353,0.6716746,0.65036243,0.4725707,0.7487314,0.8657163,0.44341427,0.7266075,0.8545007,0.48706853,0.8677176,0.8077778,0.4667248,0.83957046,0.7996286
531,10,0.45468834,0.50587815,0.6692842,0.5009487,0.5499921,0.71473134,0.46023414,0.54715496,0.61894464,0.46118334,0.6422877,0.6567701,0.44800198,0.6389401,0.7327977,0.45620328,0.5762623,0.57724774,0.4515229,0.576234,0.36369568,0.5240595,0.6742463,0.7114961,0.49203312,0.6720607,0.73786914,0.47210962,0.74816746,0.76177025,0.4430072,0.7246906,0.8386386,0.48732844,0.86755204,0.8569873,0.46702412,0.8386562,0.8732207
532,10,0.4549624,0.5057377,0.7050308,0.5005446,0.5517149,0.6930785,0.4613358,0.5479003,0.5185261,0.46122113,0.6398076,0.5482029,0.4470707,0.6369628,0.6994361,0.45607024,0.5752786,0.5365892,0.45094934,0.5763662,0.36185575,0.52473336,0.67691886,0.5913568,0.49301156,0.67345154,0.5679668,0.47282255,0.7466689,0.8642456,0.44318813,0.725635,0.79383796,0.4870657,0.86826384,0.84304506,0.46715647,0.8402149,0.82741463
533,10,0.45462075,0.50667423,0.6794569,0.5006914,0.5512564,0.75042397,0.45923188,0.54809105,0.6291993,0.45844096,0.6417433,0.72330314,0.4457845,0.6398191,0.6232032,0.4555321,0.57549965,0.564538,0.4507747,0.5767131,0.36812773,0.5238542,0.6755609,0.6872125,0.49181417,0.6712466,0.77559185,0.4713885,0.74610823,0.7559154,0.44267914,0.7265348,0.8725838,0.48707354,0.86932427,0.8480975,0.46639672,0.8416532,0.8252016
534,10,0.45435485,0.50703025,0.7456164,0.50029427,0.55004567,0.7312371,0.45679423,0.5466761,0.6153103,0.4576311,0.64225674,0.74052906,0.44337374,0.63835955,0.7881038,0.45386392,0.57389754,0.61219895,0.44939056,0.5730586,0.45301995,0.5261829,0.67499804,0.820185,0.49267784,0.67204523,0.687483,0.47158295,0.74653184,0.7694024,0.4433624,0.72696286,0.8784529,0.4870514,0.8682892,0.8831356,0.46720272,0.84085536,0.8522096
535,10,0.45329678,0.5075814,0.761546,0.49879667,0.5495884,0.81696165,0.45632252,0.549015,0.78021795,0.45517236,0.6398319,0.7331739,0.43993932,0.6365051,0.9122925,0.4512148,0.57218623,0.5832428,0.44669068,0.57178307,0.5150817,0.52558833,0.6730815,0.70771354,0.49318773,0.6692924,0.76875937,0.47244105,0.7458809,0.7505328,0.4432621,0.7260045,0.8809871,0.48721713,0.8679344,0.8080272,0.4671067,0.8394759,0.91998726
536,10,0.45273077,0.50571144,0.8331349,0.49819195,0.54889846,0.7406349,0.4557132,0.55104953,0.83525616,0.45497334,0.6380344,0.720125,0.43845996,0.63418853,0.91629577,0.4495007,0.56899583,0.54961914,0.44511265,0.5701277,0.4299324,0.52751946,0.67336327,0.8517633,0.49338856,0.67083263,0.7923663,0.47260606,0.74693376,0.7613391,0.4438013,0.72644407,0.77269787,0.48682234,0.86807346,0.8961499,0.4662889,0.8416131,0.6266715
537,10,0.45119432,0.5024023,0.766443,0.49622548,0.54936093,0.8995799,0.45570356,0.5476061,0.61392087,0.4530985,0.6367996,0.7179823,0.43715295,0.6323412,0.871079,0.44946116,0.57178336,0.68056345,0.44411418,0.57219374,0.4227485,0.5256776,0.66869557,0.75250924,0.49378142,0.6662935,0.79285944,0.47297662,0.7482567,0.8816234,0.4445113,0.72747785,0.8503151,0.48720807,0.8689451,0.85954285,0.46715102,0.8397233,0.913794
538,10,0.45004633,0.49870068,0.68496495,0.49536687,0.54291314,0.763307,0.45436674,0.5417776,0.7644124,0.45267949,0.63301855,0.6134139,0.43661633,0.6294279,0.9258532,0.44790572,0.56337166,0.6325486,0.44308674,0.5653215,0.49797672,0.52520293,0.6655313,0.8266323,0.4913298,0.6627742,0.69805694,0.4716063,0.7468143,0.7786817,0.44304293,0.726235,0.7127014,0.48674232,0.8680083,0.7617737,0.4662816,0.8401053,0.6810664
539,10,0.44889832,0.49449933,0.7369908,0.49309063,0.53960884,0.80495995,0.4541439,0.53780806,0.8030006,0.45201066,0.6281577,0.7086086,0.43657583,0.625196,0.8940996,0.44699848,0.55987614,0.55639166,0.44147822,0.564272,0.3108318,0.52215546,0.6600772,0.67456156,0.48984185,0.6583944,0.6845276,0.4704269,0.74704504,0.77479446,0.44353437,0.7268314,0.81146395,0.48719347,0.8681056,0.836578,0.4670461,0.83714193,0.8310657
540,10,0.44778803,0.48705524,0.7430743,0.49414062,0.53313065,0.81811166,0.45361573,0.53086907,0.7945809,0.4524101,0.6222625,0.6140649,0.43554643,0.61887527,0.93244094,0.44686952,0.5569225,0.6068863,0.44134906,0.5581001,0.49578908,0.5212141,0.6548923,0.65789837,0.4899576,0.65428954,0.81482136,0.46937308,0.7462558,0.9002329,0.4425026,0.7280251,0.72913134,0.48717442,0.870849,0.90142703,0.46703407,0.8356196,0.8878191
541,10,0.4463871,0.47866008,0.6869234,0.49420768,0.5248581,0.7964896,0.45237124,0.5218273,0.77149326,0.4521268,0.6150301,0.7955565,0.43779048,0.6118205,0.91794705,0.448171,0.54990494,0.6178744,0.44106185,0.5515175,0.48890576,0.52055115,0.6496248,0.70812017,0.4886322,0.64906365,0.8160331,0.46863726,0.74468607,0.9099668,0.44304383,0.7312162,0.85198396,0.48710057,0.8725438,0.83973914,0.46574873,0.8364912,0.8628173
542,10,0.44658282,0.46943197,0.83124644,0.4939421,0.5133999,0.85254675,0.4509228,0.5144599,0.55068076,0.45288983,0.6070779,0.7146039,0.43881395,0.60296655,0.9251121,0.44805163,0.54030967,0.66551214,0.44268125,0.5415106,0.49289814,0.5211852,0.6424857,0.8726512,0.48772937,0.6429906,0.79033154,0.46727982,0.7426033,0.78919244,0.44270977,0.731073,0.7735816,0.486851,0.8730118,0.8947615,0.46471298,0.83690697,0.87453693
543,10,0.44690946,0.4575493,0.709819,0.49386552,0.50265163,0.8349267,0.45109442,0.50561565,0.64733994,0.4527599,0.5954595,0.7443844,0.44028682,0.59372896,0.8440389,0.4487179,0.5289956,0.5156898,0.44310609,0.5319256,0.46554545,0.52037126,0.63616866,0.89501065,0.48833734,0.6370522,0.8444148,0.4661261,0.74065745,0.78972965,0.44384268,0.7312646,0.88141894,0.48739007,0.8725818,0.90622604,0.46440676,0.8397809,0.79572946
544,10,0.4471157,0.44692475,0.789619,0.4948292,0.4914023,0.7590986,0.45141977,0.49497795,0.61856633,0.4540224,0.58370644,0.5459487,0.44283205,0.5831657,0.87508833,0.44857028,0.51790404,0.6304661,0.4436696,0.521752,0.4587389,0.5178126,0.630053,0.93664,0.48653635,0.63039035,0.75100756,0.46561137,0.73786306,0.78077656,0.44346607,0.7299418,0.809686,0.4869431,0.8715785,0.90441114,0.46404096,0.8388967,0.7906673
545,10,0.44810045,0.4340763,0.7974051,0.4949728,0.4831135,0.90615165,0.45251173,0.48381364,0.8266464,0.4524102,0.57181615,0.5367926,0.4435037,0.5730057,0.9200884,0.44735065,0.5097746,0.6439491,0.44352183,0.51065093,0.39880443,0.51552635,0.6226779,0.8231352,0.48510563,0.6229039,0.72302806,0.46723443,0.73930633,0.7207992,0.44400436,0.7289777,0.8657633,0.48662484,0.86959964,0.85267687,0.4650938,0.8351452,0.77114946
546,10,0.4489772,0.41929346,0.5855165,0.495504,0.47120413,0.8869913,0.45341223,0.47115642,0.73971045,0.45176056,0.5575703,0.46979508,0.44314563,0.5580428,0.90524185,0.4495848,0.49647182,0.659389,0.4455977,0.49344787,0.38849124,0.51265997,0.6178778,0.9174958,0.4837981,0.61750615,0.7316039,0.46951786,0.7379232,0.85559297,0.44502068,0.727542,0.87672555,0.48649007,0.8668677,0.885209,0.46418646,0.8356408,0.8349232
547,10,0.44963697,0.40860885,0.8407537,0.49386787,0.4567134,0.80568635,0.45432767,0.45665652,0.7767087,0.45388338,0.54737985,0.5094412,0.44330662,0.54772043,0.8583297,0.44999063,0.48583114,0.6610006,0.44654638,0.48608935,0.3921921,0.5113698,0.6062442,0.8868313,0.48217112,0.6067719,0.81526417,0.46974674,0.73658234,0.9146571,0.44626686,0.72156227,0.87433445,0.48594254,0.86806595,0.73896956,0.46457273,0.83817893,0.84850526
548,10,0.45054564,0.39633685,0.7959798,0.4968272,0.44479522,0.87616205,0.45308402,0.44655222,0.7475731,0.455599,0.53496116,0.44496685,0.4453968,0.5366622,0.8430457,0.45101398,0.46883914,0.55651003,0.44741264,0.46804687,0.38404378,0.50949705,0.5988053,0.90543824,0.48136246,0.5982793,0.8140354,0.47057432,0.72893643,0.68631405,0.4485196,0.7185825,0.8551537,0.48516127,0.86345786,0.8062644,0.46518797,0.8345547,0.8079128
549,10,0.45112,0.38645372,0.65943897,0.4976619,0.4366649,0.71296775,0.45525104,0.4389817,0.75707966,0.4553793,0.52525216,0.50590557,0.44531813,0.52693707,0.6787869,0.45056963,0.46012715,0.57965297,0.44592747,0.46123374,0.50237167,0.5081548,0.5925054,0.91980934,0.47968927,0.59292424,0.71497214,0.47427976,0.7273228,0.8586371,0.4500737,0.7171017,0.87190235,0.48597628,0.8675396,0.8203752,0.46540305,0.83863163,0.8416591
550,11,0.45244402,0.3760015,0.6373657,0.4985356,0.42671216,0.8108714,0.45685247,0.4283296,0.807645,0.4521567,0.5142947,0.3693551,0.44505423,0.51640785,0.84796405,0.45234153,0.44762325,0.57135576,0.44761792,0.44620603,0.2795286,0.50572836,0.58939207,0.8078928,0.4774056,0.5907113,0.7773721,0.47584388,0.7255329,0.8619682,0.4528354,0.7171938,0.8181653,0.48611835,0.86175483,0.6739217,0.46548373,0.835927,0.7358785
551,11,0.45345852,0.36812952,0.74754304,0.49959347,0.42075288,0.8221958,0.4579347,0.41892081,0.61812514,0.45402762,0.5050644,0.34984773,0.44485003,0.50791806,0.84438735,0.45279884,0.44126204,0.47262222,0.4495225,0.4400167,0.29175338,0.5032046,0.58330655,0.87587166,0.4755012,0.58220905,0.64881134,0.48054448,0.7226749,0.7433168,0.45528704,0.7130015,0.7261723,0.48597574,0.8619555,0.8025351,0.46566328,0.83449346,0.6876347
552,11,0.45460543,0.36263898,0.4869911,0.49730346,0.4138589,0.72111505,0.4598137,0.41523787,0.6400579,0.45286494,0.49499348,0.47310066,0.44552615,0.496935,0.69663084,0.45417267,0.43173394,0.5480296,0.4506483,0.42832264,0.3208365,0.50065327,0.58165455,0.8237256,0.47234502,0.58080447,0.7477188,0.4826526,0.7194359,0.6997942,0.4584594,0.70944643,0.7769938,0.48643067,0.8595576,0.8792906,0.46460775,0.8404661,0.714337
553,11,0.4552482,0.35882193,0.76013094,0.49838746,0.41037184,0.8563042,0.45984167,0.40911728,0.66223186,0.45020625,0.491902,0.46317083,0.44405475,0.4912972,0.82827204,0.4524852,0.42617074,0.4514036,0.45102426,0.42452767,0.30888402,0.49932688,0.5793467,0.7927939,0.47082454,0.5781153,0.7101698,0.48479512,0.7175852,0.7402739,0.46083927,0.7066246,0.8010875,0.48665723,0.8599556,0.7590845,0.46401194,0.8451522,0.7881623
554,11,0.45604464,0.35577092,0.5349822,0.49807924,0.40611658,0.7983557,0.46012372,0.40707713,0.6869564,0.44926044,0.4867469,0.4236652,0.44346294,0.48744157,0.8105936,0.453135,0.424522,0.49910498,0.4498514,0.42304784,0.35167274,0.49749818,0.5776513,0.7752797,0.46866545,0.57685095,0.6882773,0.48851803,0.7159008,0.71202576,0.4630143,0.7089005,0.8185791,0.4877706,0.85532576,0.8207094,0.4661266,0.838392,0.738217
555,11,0.45681947,0.35414264,0.77748346,0.49746817,0.4002292,0.84991074,0.45739853,0.40354976,0.6133174,0.45169246,0.48284155,0.36564422,0.44110924,0.48682272,0.86085695,0.45273533,0.4233661,0.49276048,0.44873556,0.42271575,0.31676796,0.49820277,0.5781767,0.87347585,0.46773192,0.57644767,0.7940223,0.48947003,0.7167904,0.8725187,0.46405584,0.70844185,0.8346743,0.48610917,0.8545809,0.6842533,0.46577874,0.8384221,0.82999486
556,11,0.45717582,0.3531626,0.8009621,0.49734053,0.39954203,0.83620536,0.45712593,0.4023087,0.7323616,0.4477186,0.4844668,0.4193231,0.4401956,0.48522785,0.8551847,0.4532285,0.41968018,0.46713635,0.44940478,0.41800362,0.3078148,0.49750564,0.5783827,0.8617714,0.46682185,0.5766715,0.7808635,0.48948002,0.714687,0.702201,0.46428052,0.7077108,0.7872011,0.48617873,0.853105,0.7547781,0.46629333,0.83795244,0.70075095
557,11,0.45714983,0.35302237,0.7383246,0.4969413,0.40274647,0.84305096,0.45697874,0.40439075,0.64481133,0.44578335,0.484854,0.42166704,0.43892357,0.48450062,0.7826477,0.45294487,0.41597828,0.4099195,0.4493026,0.41434512,0.36889604,0.49757126,0.578812,0.8233075,0.4672917,0.5774521,0.7143006,0.48939234,0.7178935,0.83833754,0.46385303,0.7116597,0.6832474,0.48745918,0.85700494,0.83617175,0.46648994,0.8388007,0.83617306
558,11,0.45629388,0.3551366,0.79208624,0.4965681,0.40196106,0.6218596,0.45592573,0.4052546,0.5890123,0.4453465,0.48708305,0.416555,0.43868217,0.48798233,0.7306328,0.45251128,0.42129683,0.47128183,0.44889686,0.4193233,0.2895269,0.4986037,0.58059263,0.8845313,0.46819967,0.5794062,0.82497656,0.48765126,0.7191707,0.78971857,0.46269444,0.7116077,0.8874852,0.48644555,0.85736465,0.83456993,0.46569002,0.83995646,0.8199156
559,11,0.45534527,0.35876983,0.66519415,0.4952121,0.40830502,0.6605997,0.45743737,0.4107909,0.64133203,0.44237843,0.49191087,0.4679942,0.4384493,0.49045444,0.67618835,0.4487695,0.42815372,0.44149914,0.4473947,0.42490476,0.36650148,0.50038266,0.5832098,0.85683084,0.47151443,0.5831806,0.7954379,0.48534325,0.71960557,0.7703394,0.4604381,0.7126274,0.8300459,0.4878372,0.86016375,0.8073116,0.4667654,0.8401101,0.8275472
560,11,0.45371687,0.36442414,0.5866279,0.49579945,0.4148276,0.762047,0.45573342,0.41798162,0.6946181,0.4435918,0.4940591,0.42237964,0.43820602,0.49430066,0.8350564,0.45075557,0.42978096,0.55580777,0.44782972,0.42943165,0.41333365,0.50378734,0.5832142,0.8470266,0.47452933,0.58458424,0.8278906,0.48237604,0.7199076,0.7320445,0.45574036,0.71048576,0.8247081,0.4870765,0.8604377,0.86165154,0.46592873,0.8392987,0.7419215
561,11,0.45228067,0.37320042,0.8138604,0.4956362,0.42114353,0.84414184,0.45375156,0.42210144,0.6692764,0.44120234,0.50087994,0.48666137,0.43712935,0.5047499,0.68180555,0.4492164,0.42924628,0.34250906,0.44710562,0.4273967,0.29181588,0.5069816,0.58600086,0.87573725,0.47585282,0.58631295,0.85407853,0.4793801,0.7245767,0.81660545,0.45271638,0.71375346,0.8466741,0.4854166,0.86226356,0.676938,0.46481094,0.83648217,0.74036384
562,11,0.45069936,0.37870705,0.45161232,0.49315345,0.42992458,0.8144188,0.45426038,0.43335298,0.8593321,0.4387025,0.5109282,0.4674566,0.434842,0.51096517,0.7232727,0.44877365,0.44265538,0.40045917,0.4447942,0.43832985,0.40927464,0.50864065,0.59134454,0.79578906,0.47737285,0.59439915,0.783081,0.4763387,0.7279903,0.80391383,0.45141697,0.71936905,0.7839988,0.48708135,0.8649283,0.79496074,0.46544978,0.8356481,0.86330134
563,11,0.44875795,0.38867477,0.6091593,0.4929727,0.43770352,0.7054579,0.45378342,0.4418999,0.81082165,0.4380478,0.5200842,0.40197974,0.4355449,0.5202328,0.6532569,0.44505242,0.45428982,0.5060072,0.44371292,0.44860393,0.5054748,0.5109633,0.5994654,0.7930391,0.4799651,0.60127306,0.7842555,0.47517154,0.72465616,0.6910682,0.4501075,0.7171553,0.8264126,0.48626816,0.86451787,0.8936887,0.465202,0.83360654,0.85140777
564,11,0.44813842,0.3997857,0.80122834,0.49339616,0.4459861,0.8661798,0.45198333,0.45059124,0.81007767,0.4376737,0.5288833,0.5377179,0.4358004,0.52908087,0.65872943,0.44463298,0.4653427,0.50017774,0.4445871,0.4621486,0.49575275,0.5128646,0.603538,0.7736181,0.48183534,0.6065632,0.77693486,0.47359264,0.7290994,0.8253986,0.44811895,0.71956795,0.8633234,0.4864217,0.86558694,0.8409801,0.46525124,0.8339655,0.8605812
565,11,0.44703326,0.40896526,0.56756157,0.49112746,0.4619471,0.78263885,0.45354658,0.4634093,0.5623368,0.4353876,0.53904563,0.4154785,0.43494764,0.5419071,0.5281591,0.442445,0.4774866,0.5904848,0.4422525,0.4776815,0.25989294,0.51324344,0.6145569,0.8432383,0.48372263,0.6161059,0.7779394,0.4744702,0.73464006,0.6568364,0.44660535,0.7215508,0.72442746,0.4872226,0.868984,0.6894162,0.46512777,0.83805555,0.5404485
566,11,0.44625887,0.42153642,0.7530062,0.49246082,0.47078416,0.8289853,0.45136932,0.4729978,0.80827105,0.43626222,0.55074114,0.43778038,0.43456832,0.55375016,0.66240615,0.44360796,0.4826719,0.6424978,0.44379234,0.48107594,0.35555652,0.51498455,0.62053746,0.7804358,0.48411322,0.6227108,0.75619566,0.4727307,0.7359513,0.836989,0.44416904,0.7239477,0.67734265,0.4870869,0.86650765,0.766975,0.46406814,0.83294845,0.67510146
567,11,0.4455448,0.4323685,0.82881355,0.49224636,0.47901678,0.8797032,0.44970196,0.48422816,0.88672864,0.43553782,0.562758,0.48891792,0.43343538,0.56330055,0.62716925,0.44460684,0.49168634,0.5583959,0.44433326,0.49167278,0.4380507,0.5171824,0.62509054,0.79563916,0.48454186,0.62856466,0.83161885,0.4701123,0.7385481,0.8991508,0.44360912,0.7262138,0.8662803,0.48719957,0.87009615,0.84032476,0.46348995,0.8347443,0.8375396
568,11,0.44601664,0.44340485,0.7334231,0.49184862,0.48910668,0.7893372,0.450512,0.4930372,0.87645215,0.43799287,0.573011,0.47482613,0.43492165,0.5730446,0.7385828,0.44401217,0.50285244,0.6326307,0.44167763,0.5011953,0.39063138,0.5183046,0.63307637,0.81875575,0.48570767,0.63553417,0.8424249,0.468137,0.7379131,0.9080401,0.44278318,0.72771513,0.7591705,0.48675957,0.8689284,0.8885411,0.46536568,0.8384007,0.70424044
569,11,0.44536418,0.45132756,0.8282267,0.49136397,0.49842304,0.7931972,0.4512038,0.50125486,0.84849894,0.44109875,0.5842403,0.57336605,0.43187496,0.58280927,0.8676327,0.44490385,0.5123287,0.61410016,0.44211957,0.5111996,0.4186512,0.5193428,0.6370253,0.86702144,0.4861005,0.6401725,0.84144753,0.4641953,0.7421969,0.8200975,0.44257852,0.7274605,0.7646465,0.4866242,0.871652,0.8120627,0.46460134,0.8356712,0.6673852
570,11,0.44493484,0.46071342,0.76824117,0.49127385,0.50694567,0.8856707,0.44991645,0.50809443,0.69788516,0.44354945,0.5942598,0.6206286,0.43277216,0.5909905,0.7760784,0.44692454,0.5184164,0.4822778,0.4426793,0.51793045,0.4659368,0.5207752,0.64470947,0.8422783,0.48761526,0.64686066,0.84283674,0.4643958,0.7438035,0.790912,0.4417915,0.72952753,0.78349566,0.4864238,0.87099206,0.82789254,0.4658575,0.836331,0.573749
571,11,0.44505963,0.46856436,0.7735176,0.49128583,0.51608264,0.7841775,0.45000944,0.51612407,0.8548824,0.44279397,0.6037995,0.66688436,0.4325749,0.6002147,0.90944093,0.44560355,0.5287191,0.6134123,0.4422104,0.52714044,0.5607008,0.51963353,0.6472492,0.7130284,0.4862999,0.6499094,0.81529164,0.46473217,0.7436014,0.832829,0.44297963,0.73111516,0.7279142,0.48661283,0.87183243,0.8849896,0.46482557,0.83702177,0.7544266
572,11,0.44496638,0.4779921,0.85153836,0.49132845,0.5252023,0.91636443,0.4504383,0.52417386,0.8569979,0.44588333,0.61370146,0.73430866,0.43421337,0.61012095,0.8028417,0.44633868,0.5387748,0.58336115,0.44233352,0.5380717,0.592655,0.51955354,0.6527147,0.6362291,0.48655558,0.6534931,0.74868494,0.46568358,0.7464186,0.8737096,0.44203594,0.73227406,0.7693788,0.4858444,0.87167686,0.75744516,0.46425483,0.838476,0.6270142
573,11,0.4454423,0.48537257,0.84082526,0.49168155,0.53281564,0.91931003,0.4508259,0.5323483,0.891625,0.44655046,0.6213008,0.76101774,0.43376356,0.61886716,0.72251886,0.44613978,0.55052656,0.4858963,0.44219372,0.54981536,0.4604835,0.5194834,0.6572744,0.6173352,0.48655903,0.65704495,0.7871694,0.4663809,0.74730515,0.85180783,0.440759,0.7318936,0.7688661,0.4872325,0.8727834,0.91635454,0.4646818,0.83882254,0.7954742
574,11,0.446237,0.49301204,0.8260628,0.49164,0.5388178,0.7939546,0.45154515,0.53696525,0.7539228,0.44803584,0.6282017,0.7970323,0.43405774,0.6258529,0.90762395,0.4468722,0.56120074,0.567779,0.44200012,0.5603992,0.50958514,0.5194851,0.66279954,0.60255784,0.48726845,0.66152054,0.7626031,0.46627814,0.7477816,0.79604393,0.44012737,0.731127,0.8515985,0.48697412,0.8726089,0.91489166,0.46441957,0.8388249,0.7569626
575,11,0.44684947,0.50027955,0.80609566,0.49202374,0.54589707,0.90584284,0.45098075,0.5415725,0.88570434,0.44860923,0.63436735,0.7162394,0.43432632,0.6310027,0.90841246,0.44829863,0.57013977,0.5759285,0.4435662,0.56755126,0.5066781,0.52213645,0.66740906,0.7535153,0.4881548,0.6657603,0.7436,0.4676679,0.74943614,0.76085216,0.4405869,0.73038363,0.879093,0.4873207,0.87298423,0.9109266,0.4652994,0.8389876,0.83343756
576,11,0.4470641,0.5058011,0.84352666,0.4929533,0.54979247,0.84958726,0.4527087,0.5473279,0.8423209,0.44776905,0.6395184,0.7862163,0.4354302,0.6390163,0.9208667,0.44829977,0.5731808,0.53813094,0.44303167,0.5739944,0.48477864,0.522505,0.6696436,0.8060198,0.4893502,0.6672912,0.79776454,0.46638286,0.75065994,0.7783355,0.43988934,0.7263482,0.9052556,0.48604444,0.86953896,0.8052916,0.46647817,0.8357022,0.90841895
577,11,0.44720992,0.50825745,0.7224309,0.49310008,0.55174094,0.7837839,0.45263785,0.55124897,0.8257004,0.44975466,0.644726,0.7577608,0.43742713,0.6440828,0.86712176,0.4487425,0.57610065,0.63634175,0.4447031,0.5776248,0.45222852,0.52299315,0.671961,0.79011273,0.48937172,0.6707882,0.82379586,0.46827748,0.7504373,0.78246593,0.44027597,0.7276184,0.8890328,0.48713505,0.8697191,0.8954325,0.46701103,0.83742255,0.935335
578,11,0.44657174,0.51021916,0.8299261,0.491203,0.5536062,0.8940385,0.45236674,0.5520817,0.69906056,0.45112038,0.6490493,0.81399894,0.43822417,0.6476727,0.8424059,0.44772187,0.5819446,0.70033956,0.44390693,0.58253694,0.49241936,0.52534944,0.6719886,0.8453142,0.4907889,0.67039365,0.74797606,0.46953183,0.74808156,0.7794807,0.4408639,0.72788244,0.936933,0.48721886,0.8674853,0.9172815,0.4667869,0.84044963,0.7675857
579,11,0.44496405,0.5109261,0.80056584,0.4907215,0.5530564,0.8708639,0.45034835,0.552552,0.6783609,0.4521689,0.6497089,0.68027896,0.43787166,0.64813805,0.81844467,0.44790906,0.58327323,0.6388706,0.44195697,0.5842617,0.45495608,0.5244267,0.67239785,0.7343745,0.48981258,0.6689238,0.7047572,0.47091478,0.7493972,0.8998039,0.4421313,0.7272731,0.928188,0.48697028,0.86771154,0.85475004,0.46721882,0.83966416,0.925841
580,11,0.44405296,0.5094438,0.6219646,0.48897713,0.55547893,0.8609314,0.45128694,0.55251366,0.569574,0.45045403,0.64938796,0.7234882,0.44053668,0.6454857,0.83846384,0.44752586,0.58357704,0.5116518,0.44280502,0.58462495,0.38721898,0.52514046,0.671633,0.8355414,0.49100348,0.66952187,0.66315824,0.4717382,0.7507277,0.7114723,0.44392875,0.72639555,0.81836843,0.48673517,0.86908513,0.83667403,0.4671559,0.8399189,0.82911354
581,11,0.44338417,0.510209,0.8586537,0.48872808,0.55284923,0.8879196,0.44964218,0.5512878,0.68162996,0.45139435,0.6485871,0.65515876,0.4372341,0.646599,0.8214277,0.44696876,0.58190984,0.6581029,0.441337,0.58272934,0.45762354,0.5254653,0.6690797,0.7064675,0.4921705,0.66739434,0.7850646,0.47096437,0.7474848,0.7333769,0.44366086,0.725657,0.88393056,0.48722485,0.86611634,0.8925939,0.46715996,0.83937675,0.91070354
582,11,0.44330725,0.50805,0.8227356,0.488749,0.5526388,0.7032122,0.4499115,0.54884595,0.6754101,0.44896984,0.647706,0.8217026,0.43656024,0.6446625,0.7804715,0.4451714,0.5796054,0.55634767,0.44008222,0.58191746,0.4836834,0.52506864,0.66651314,0.8297659,0.49018764,0.6637694,0.714396,0.4706273,0.7482712,0.89371,0.44326302,0.7253548,0.9180455,0.48730373,0.8663997,0.8455472,0.46771017,0.84078753,0.9134363
583,11,0.44297618,0.5047158,0.83296746,0.48726356,0.5496898,0.8458537,0.450785,0.5444906,0.757099,0.44698054,0.6438929,0.8532239,0.43453488,0.6405155,0.82889944,0.44484058,0.5766855,0.71354985,0.43892533,0.5772651,0.47877184,0.52259165,0.66467094,0.5942141,0.49081495,0.66316855,0.8319085,0.46895134,0.7470656,0.8615694,0.44265324,0.7249896,0.851568,0.4867243,0.8690068,0.89422655,0.4669195,0.837375,0.8453501
584,11,0.44359377,0.49924424,0.8052227,0.48649412,0.54618454,0.8257556,0.45025462,0.5421931,0.7359324,0.44582695,0.63805634,0.8172084,0.4334912,0.6352821,0.9193799,0.44479612,0.57189703,0.56958187,0.43980283,0.57254565,0.40828884,0.5215128,0.664379,0.60286164,0.49034387,0.66188526,0.8010142,0.46606967,0.74663436,0.8225289,0.44223613,0.72674835,0.88332593,0.48704788,0.86893547,0.9068606,0.4668556,0.8360148,0.8884249
585,11,0.44415,0.4937722,0.7752496,0.48718873,0.54227966,0.92109364,0.45030084,0.5364098,0.8447322,0.44465414,0.62985337,0.7832385,0.4321309,0.6263013,0.91236806,0.44322366,0.56264174,0.49936372,0.43770853,0.56358725,0.45610148,0.52028185,0.6606487,0.7168549,0.4895213,0.6576659,0.8208619,0.46375808,0.74720687,0.8104815,0.44179097,0.7268725,0.8611527,0.48682746,0.8691547,0.9005236,0.4663747,0.83520937,0.6441054
586,11,0.44464406,0.48597914,0.74979424,0.4868375,0.53650475,0.91137207,0.44959328,0.5301392,0.82859504,0.44264305,0.6210247,0.7569941,0.43079814,0.6181053,0.7645989,0.4424016,0.5520963,0.7090298,0.437995,0.55321926,0.5154935,0.51887345,0.6579413,0.7408471,0.48862857,0.65433925,0.8118922,0.4625229,0.74722654,0.85104084,0.44137555,0.7297641,0.8850294,0.48564,0.8704538,0.82196623,0.46609482,0.8326657,0.8254809
587,11,0.4460456,0.47782513,0.62479013,0.48631006,0.5285743,0.85269386,0.44914433,0.52338403,0.8184939,0.44395354,0.6112221,0.6004656,0.43008485,0.6115968,0.8874732,0.44267568,0.54419965,0.63013077,0.4391044,0.54497564,0.46232077,0.5182539,0.652128,0.7129696,0.4873776,0.6509008,0.7740542,0.4626599,0.74691254,0.90074337,0.44198686,0.7336383,0.79874814,0.48711428,0.8704293,0.8899934,0.46553248,0.83541375,0.71168786
588,11,0.44662017,0.46796054,0.8313692,0.48893508,0.51939076,0.8742715,0.44821128,0.5155765,0.80311584,0.4424872,0.6016219,0.52006537,0.42732653,0.6009465,0.9672943,0.44264373,0.5367676,0.5831689,0.43841165,0.5377476,0.39969066,0.51826614,0.64944685,0.6929493,0.48623085,0.6480507,0.77286065,0.46113652,0.746341,0.8225266,0.44140399,0.73550177,0.8301084,0.48737228,0.87024575,0.9134865,0.4641789,0.83911765,0.7351308
589,11,0.44791794,0.45678473,0.6952531,0.4883281,0.50921726,0.8836207,0.4498785,0.5091554,0.68555516,0.44114208,0.58993936,0.6307948,0.428239,0.5910157,0.9560772,0.44287527,0.5269584,0.6910812,0.4397084,0.52642894,0.49868596,0.5180664,0.64336884,0.66908246,0.48695043,0.6432463,0.6864737,0.46018258,0.7443462,0.7736199,0.4422731,0.73307824,0.5449717,0.48728353,0.8707584,0.92022645,0.4646986,0.8399456,0.70741653
590,11,0.448983,0.44606408,0.76356816,0.48953635,0.49846372,0.89825195,0.4526551,0.4974154,0.814655,0.439541,0.58076954,0.6495288,0.42723885,0.58245385,0.7542191,0.44328585,0.5151657,0.75542873,0.43954667,0.5144543,0.44271168,0.5170453,0.6382402,0.7791187,0.48690757,0.63795227,0.84747636,0.45891365,0.7425347,0.7248437,0.44133908,0.73212963,0.7741415,0.48746002,0.87116134,0.9258181,0.46461314,0.8412767,0.7999344
591,11,0.4509868,0.4334448,0.84424204,0.49230137,0.48813668,0.86265904,0.4540204,0.48822847,0.83573323,0.4405919,0.5664715,0.39083013,0.4270213,0.56901187,0.8964666,0.44414762,0.50443137,0.6216476,0.44155723,0.5012113,0.44493765,0.5152742,0.632655,0.8305135,0.48579988,0.6320705,0.75221103,0.45830488,0.7416169,0.75869566,0.44090053,0.7320594,0.74155927,0.48646688,0.86905867,0.8137114,0.4634981,0.84146094,0.7792478
592,11,0.45178917,0.42129868,0.76302296,0.49247614,0.47597757,0.80473244,0.45489678,0.47831637,0.79427373,0.4385818,0.55354583,0.39624694,0.4307701,0.55569386,0.7735099,0.44490036,0.49315235,0.5424215,0.4441206,0.48972937,0.30498952,0.5129501,0.6273019,0.78643095,0.48430437,0.6268636,0.72702366,0.46040922,0.7385886,0.6066269,0.44181278,0.73014146,0.70051134,0.4862842,0.86788356,0.6920938,0.466163,0.8352865,0.56466436
593,11,0.45348552,0.4095184,0.50859416,0.492881,0.467744,0.8099953,0.45645458,0.4677858,0.7873616,0.43687376,0.5430462,0.48388508,0.43303138,0.54231316,0.7699361,0.44714624,0.48216727,0.59021115,0.4462804,0.4799241,0.27689144,0.5097332,0.6201345,0.73842764,0.481631,0.6200109,0.82664937,0.4622045,0.7405112,0.6706331,0.44277146,0.7312751,0.78644913,0.4868541,0.86613613,0.7380354,0.4664685,0.8370894,0.55281377
594,11,0.45514646,0.39767617,0.4798055,0.49249566,0.4576915,0.82152,0.459158,0.45682508,0.73220426,0.43817568,0.53009844,0.45673034,0.43553796,0.5303287,0.7640363,0.44678268,0.47157755,0.6327734,0.4456295,0.4708339,0.3138481,0.5060613,0.6142132,0.815453,0.48026606,0.61210114,0.7548459,0.4643294,0.73804206,0.69725704,0.44391784,0.7263978,0.7882616,0.48719648,0.8687286,0.8160244,0.46332225,0.8395578,0.6396752
595,11,0.4565522,0.38826907,0.7186486,0.49646643,0.4461631,0.8730625,0.45830438,0.44459307,0.7383743,0.43987146,0.51727915,0.541754,0.43348512,0.52008516,0.63079864,0.4513737,0.44853836,0.483271,0.45012444,0.4449865,0.4337612,0.5052207,0.60667294,0.8786691,0.47843042,0.60423005,0.801343,0.46515366,0.7341941,0.6677944,0.44600832,0.72375035,0.80535734,0.48603934,0.867322,0.87253606,0.4661369,0.8342638,0.7039669
596,11,0.45796075,0.3781739,0.7258809,0.49810913,0.4354433,0.7833596,0.4590603,0.43440795,0.85003716,0.44126663,0.509891,0.55552655,0.43602982,0.51246196,0.59182864,0.45239657,0.43899032,0.48662266,0.45103392,0.43576568,0.44333312,0.50494975,0.598792,0.9012875,0.47671476,0.5975532,0.80429,0.46775335,0.7335064,0.83925873,0.44613677,0.72064525,0.7442681,0.48591068,0.86271316,0.6744819,0.46546346,0.83408827,0.7799316
597,11,0.45952624,0.36869022,0.59138155,0.49830833,0.42750487,0.8087837,0.46043637,0.42693028,0.70511866,0.4423108,0.50310117,0.5287168,0.4379361,0.50255376,0.81159157,0.45221755,0.43422347,0.5270354,0.45142242,0.43338788,0.39598802,0.5032561,0.5937328,0.8874845,0.47554505,0.59258956,0.8104933,0.47200483,0.7303829,0.8127966,0.44956246,0.7166471,0.7290618,0.48619798,0.8677691,0.7592629,0.46422628,0.8359925,0.8225267
598,11,0.46071512,0.36119843,0.6092166,0.49909133,0.4168179,0.87335026,0.46033916,0.41959646,0.8411624,0.4440115,0.496387,0.5042987,0.4385919,0.4950124,0.81822836,0.45455787,0.4279977,0.5635805,0.45237073,0.426048,0.33025885,0.501035,0.5883259,0.7842753,0.47220808,0.58837235,0.72919124,0.47364214,0.7291271,0.77263284,0.45122707,0.71767664,0.89128196,0.48672226,0.86090237,0.8087818,0.46428788,0.83802605,0.73658806
599,11,0.46217498,0.35570663,0.7862859,0.49878296,0.40986702,0.75438756,0.46040806,0.41282988,0.67678463,0.4451095,0.48817772,0.48517212,0.4394593,0.49066168,0.6952296,0.455812,0.41995284,0.49315658,0.4523734,0.41585743,0.3123043,0.49849415,0.5834715,0.8770657,0.46961498,0.5826183,0.82566756,0.47805414,0.72354215,0.7590211,0.45414105,0.7139755,0.85382944,0.48586032,0.86444,0.78679514,0.46452487,0.84231603,0.6768916
600,12,0.46249524,0.35100183,0.6248457,0.50000226,0.40500546,0.8871821,0.46177128,0.40833604,0.8225415,0.4444383,0.4834813,0.53076303,0.43914646,0.48171166,0.8127482,0.4588049,0.41438368,0.43522593,0.45434245,0.41086704,0.38538587,0.4972383,0.58380324,0.86368865,0.4677678,0.5818556,0.7825747,0.48135915,0.7199977,0.74516135,0.45805946,0.7093247,0.8871756,0.4878001,0.8573981,0.84545714,0.46530342,0.84361213,0.6832363
601,12,0.4629667,0.34871927,0.7455064,0.50066406,0.40003884,0.7900681,0.46205425,0.40695682,0.73125815,0.44677308,0.47795516,0.45276377,0.4394385,0.47853014,0.83710474,0.45612016,0.41373676,0.47656104,0.4521085,0.4105493,0.3387022,0.49573463,0.58472747,0.86559236,0.4671646,0.58336973,0.77545375,0.48517367,0.71948874,0.7812735,0.46197993,0.7091234,0.89667743,0.48709947,0.85893184,0.7731685,0.46622607,0.8409473,0.7808122
602,12,0.46378455,0.34683555,0.6427632,0.50093836,0.40013948,0.8151857,0.4635721,0.4057685,0.789121,0.44791463,0.47451082,0.3169024,0.43962327,0.47783762,0.75226676,0.45621076,0.41568604,0.49628055,0.4516329,0.41533798,0.30296993,0.49417704,0.5863616,0.8206849,0.46785334,0.5843997,0.6822635,0.48677585,0.721006,0.802104,0.46348348,0.7139632,0.7853509,0.4864906,0.8598297,0.7315282,0.46843556,0.8405199,0.79615855
603,12,0.4641191,0.34733647,0.74757355,0.49957645,0.3971777,0.73177326,0.46384853,0.40387133,0.76672924,0.4465133,0.47323078,0.39646503,0.4395171,0.47693765,0.74047554,0.4595969,0.40787417,0.45652506,0.45453212,0.40558296,0.35458416,0.49330562,0.58727235,0.8332221,0.46741098,0.5845404,0.6922869,0.48679677,0.71931493,0.7322783,0.46474507,0.7114802,0.85335773,0.4873481,0.8576118,0.83908445,0.46818802,0.8396301,0.8612009
604,12,0.4648399,0.3474353,0.77996343,0.5005576,0.3984093,0.81255585,0.4637343,0.40181285,0.5386716,0.44674972,0.47331214,0.41487062,0.43959644,0.47759953,0.7027512,0.45942798,0.409205,0.40846962,0.4528689,0.40722683,0.28492552,0.49318713,0.58999974,0.8320396,0.46671632,0.5872744,0.7395062,0.48678818,0.7197856,0.7402195,0.4649058,0.71354413,0.83604205,0.4868727,0.8569057,0.76806414,0.4671458,0.84266186,0.8363713
605,12,0.46505845,0.34774718,0.79805434,0.50118136,0.4011965,0.8068008,0.46259564,0.40657946,0.6310027,0.44596016,0.47386846,0.37508497,0.44043487,0.47851235,0.7985084,0.45969668,0.41081414,0.5051596,0.45555744,0.41071936,0.4265375,0.49448934,0.59068906,0.7939267,0.4668319,0.58855265,0.6860654,0.48617548,0.7234228,0.64069617,0.46458492,0.71654326,0.8028023,0.48809618,0.8560825,0.8188657,0.46780732,0.8391066,0.6592334
606,12,0.46496513,0.34852675,0.7625194,0.50043523,0.4026582,0.55839044,0.46364358,0.40989843,0.6255672,0.44670287,0.47594425,0.34173965,0.440502,0.48057997,0.78472406,0.4558565,0.41347343,0.30911547,0.45325342,0.41203007,0.3689589,0.4952282,0.5915315,0.77080315,0.4678844,0.59038675,0.66841894,0.48516402,0.72191197,0.75343174,0.4635104,0.7186284,0.7894539,0.48776042,0.8587171,0.6521101,0.46847928,0.8439703,0.7526503
607,12,0.46327478,0.35094503,0.64319575,0.4999937,0.4041524,0.52101374,0.46249276,0.41077942,0.72434205,0.44689062,0.48350784,0.312582,0.43987432,0.48594955,0.7946088,0.45439446,0.42405713,0.4643717,0.4504361,0.42354035,0.27276722,0.49711126,0.59040767,0.804863,0.46848646,0.59056914,0.6873932,0.4825205,0.7229575,0.74190825,0.46074885,0.7184864,0.8034506,0.48652402,0.8607987,0.7523866,0.46745464,0.8418675,0.8547589
608,12,0.46193132,0.3558431,0.77130514,0.501006,0.40690318,0.67567307,0.46051344,0.41157126,0.66992396,0.44544765,0.49049795,0.4091587,0.43992025,0.49286792,0.6733354,0.45488936,0.4266537,0.4581482,0.45049173,0.42694566,0.39561012,0.49852774,0.5909185,0.86911,0.46833307,0.5913307,0.7532856,0.47895965,0.724371,0.72884566,0.45747942,0.71701103,0.7565093,0.48689583,0.8608372,0.9269642,0.46664518,0.84085137,0.8393909
609,12,0.46181604,0.36008,0.7337688,0.5010309,0.411393,0.7525747,0.4592902,0.41717976,0.73937476,0.44650438,0.49355847,0.44899267,0.44114637,0.49480963,0.7898313,0.45389068,0.4267949,0.3433736,0.45101318,0.42572072,0.28555202,0.5005075,0.5938494,0.8849048,0.46988067,0.595875,0.80475014,0.47707754,0.72796154,0.8091286,0.45518747,0.7168545,0.5742042,0.486843,0.86053896,0.89000076,0.46705514,0.8372499,0.7529325
610,12,0.4608417,0.36451313,0.5331522,0.50074464,0.41642734,0.77998054,0.4595563,0.42152447,0.74845463,0.44832283,0.4995341,0.38876712,0.44086373,0.50389504,0.8406203,0.4516393,0.437399,0.45836496,0.44880536,0.4392593,0.26074064,0.50227356,0.5941005,0.8566402,0.47226304,0.59596455,0.7936014,0.4764958,0.7287896,0.6316014,0.4521449,0.7232032,0.8408551,0.48636016,0.85993135,0.719536,0.4650211,0.8389369,0.7934149
611,12,0.45982736,0.37164575,0.7191721,0.5011883,0.422151,0.7760435,0.46016726,0.42768127,0.8001045,0.4480681,0.5056692,0.31250107,0.44118977,0.5075208,0.7208916,0.4523882,0.44107044,0.4159517,0.4518634,0.4395158,0.3171278,0.50531113,0.594891,0.85196924,0.47510546,0.5957737,0.83182025,0.4738609,0.7302892,0.84103703,0.44866857,0.7206455,0.7939321,0.48776475,0.86772764,0.8003282,0.4652076,0.8379546,0.74212784
612,12,0.45948064,0.37872124,0.61104,0.5007043,0.43733677,0.7884663,0.46046543,0.4366781,0.49609572,0.44862187,0.51214147,0.3619122,0.44348082,0.5162689,0.7127942,0.45416346,0.4525762,0.52123684,0.44933778,0.45803052,0.17762026,0.50884473,0.5993445,0.6676835,0.47925708,0.6003038,0.56332254,0.4719284,0.7316673,0.7131312,0.4492377,0.72366494,0.7332936,0.48692602,0.8663597,0.85816234,0.4644927,0.8365142,0.81889194
613,12,0.45861524,0.38747486,0.7578338,0.500412,0.44174597,0.80407107,0.46003157,0.44427466,0.70615494,0.44837952,0.52275443,0.3388841,0.44208202,0.52604795,0.8933801,0.4530712,0.45765522,0.5076733,0.4478566,0.45684013,0.29340905,0.5103659,0.6025216,0.702626,0.47969285,0.6049309,0.72139555,0.47380736,0.73105365,0.7990827,0.44625816,0.72485024,0.8364538,0.48686096,0.86519676,0.91173524,0.46616146,0.8334493,0.8523602
614,12,0.45632032,0.39638054,0.5733697,0.49749076,0.4493265,0.85554135,0.45828566,0.44800755,0.78804004,0.44909385,0.5340436,0.41197562,0.44290844,0.53423226,0.81464857,0.45099607,0.4680577,0.40159062,0.44954076,0.46593344,0.46868762,0.5110405,0.6098208,0.80746704,0.48148575,0.6110979,0.7816754,0.47108468,0.7355752,0.8902672,0.44651416,0.72350955,0.78408504,0.48637918,0.86706823,0.60047126,0.46659312,0.83556795,0.70203066
615,12,0.4562207,0.4059358,0.71796674,0.49645206,0.46520752,0.6780957,0.4592256,0.46148437,0.5557833,0.45121288,0.5425207,0.30424085,0.44280067,0.54451156,0.68962616,0.45044765,0.48165604,0.52029973,0.44866836,0.47949728,0.360554,0.51181006,0.6215606,0.80427784,0.48372948,0.6197684,0.7271234,0.4743656,0.73672765,0.6682719,0.44533542,0.72506016,0.7062926,0.48680392,0.868716,0.78552175,0.46728563,0.8345786,0.48120534
616,12,0.453529,0.4196443,0.8085464,0.4978217,0.4708305,0.8306998,0.45529708,0.46964446,0.79460585,0.44886371,0.5556136,0.41003177,0.44209945,0.5568513,0.807786,0.45361054,0.4861175,0.584718,0.44898856,0.48642617,0.4106611,0.5160348,0.62379164,0.84978503,0.48428565,0.6249935,0.77405465,0.47014382,0.7403906,0.9295487,0.4425756,0.728302,0.6625169,0.4879523,0.86703086,0.8094451,0.46567097,0.83914196,0.73006254
617,12,0.45185122,0.42979643,0.7760314,0.49748382,0.480863,0.88917637,0.45554626,0.48026994,0.75920254,0.44839397,0.5683862,0.418123,0.44241828,0.5681542,0.87614757,0.4509583,0.5027641,0.5957094,0.44812873,0.50267977,0.39313492,0.5179042,0.6297901,0.85352254,0.4854957,0.62978464,0.81819147,0.46775615,0.7387406,0.832593,0.44309765,0.72811186,0.8017336,0.4874639,0.86871946,0.8977169,0.46450165,0.8344173,0.82381177
618,12,0.45185092,0.44005525,0.66493154,0.49717063,0.49184266,0.89029473,0.45603383,0.49142072,0.73430395,0.4505829,0.5810784,0.51519716,0.44361895,0.57977825,0.8979242,0.44943383,0.51336825,0.6781668,0.44799563,0.5135122,0.34927747,0.5197388,0.6347178,0.83554053,0.48665112,0.63556075,0.8277654,0.46753582,0.7381507,0.8973274,0.44304135,0.7299938,0.859328,0.48742828,0.86898714,0.8845304,0.464263,0.8336859,0.7450529
619,12,0.45186037,0.44995475,0.7685423,0.49683464,0.49871787,0.76234907,0.45429143,0.50197864,0.84751195,0.45345438,0.59395415,0.6297494,0.4425584,0.59128284,0.89234155,0.45091024,0.5253374,0.527479,0.44670486,0.52925676,0.42073652,0.5209544,0.6383416,0.8510615,0.48737913,0.6407753,0.82349813,0.46513316,0.7410941,0.8278905,0.44269118,0.72914,0.7369311,0.48723,0.87031597,0.81520844,0.46396932,0.8360381,0.85670537
620,12,0.45113832,0.46008688,0.70791173,0.4955816,0.50915563,0.8654494,0.4551588,0.51143247,0.7006242,0.45450458,0.6023239,0.5874638,0.44258118,0.6003959,0.8887785,0.450793,0.5360632,0.6642091,0.44506618,0.53731734,0.45114028,0.5222947,0.64515203,0.7812485,0.48938218,0.64870685,0.8350609,0.4662336,0.7418571,0.7651343,0.44244364,0.72951144,0.8235436,0.48737916,0.87070394,0.9113434,0.4640481,0.8375605,0.79497033
621,12,0.4497476,0.47007138,0.5917394,0.4968096,0.5178862,0.7760837,0.45422876,0.51811767,0.81149733,0.45401418,0.6128695,0.7908785,0.44246468,0.6091053,0.858596,0.4528494,0.5434071,0.42822367,0.44737756,0.5465198,0.37815487,0.52205503,0.64674103,0.85366446,0.48907694,0.6492896,0.75562024,0.4674578,0.7419051,0.7805501,0.44286332,0.73148495,0.858496,0.48663422,0.86932915,0.80725104,0.4658033,0.8371511,0.76313287
622,12,0.45007077,0.478409,0.7090023,0.49562016,0.5251626,0.6538189,0.45555115,0.52527386,0.7770271,0.45501682,0.6212997,0.8263212,0.44177455,0.6183396,0.90467423,0.45129648,0.5568168,0.59701884,0.44612414,0.5572566,0.4841507,0.52143556,0.6541405,0.6551382,0.48968902,0.65445715,0.7142107,0.46677703,0.7444283,0.84445274,0.44222292,0.7306757,0.8793869,0.48657754,0.8705177,0.8529356,0.46561736,0.8383307,0.7387155
623,12,0.4499223,0.48710564,0.82067835,0.49686533,0.5338319,0.88296825,0.4544199,0.53124756,0.65912884,0.4563046,0.62840575,0.8464979,0.44271854,0.6253995,0.91523075,0.45170027,0.5658939,0.6237704,0.4466567,0.56590444,0.43732506,0.52232724,0.6589596,0.8440277,0.48921916,0.6573989,0.76746345,0.46636167,0.74676895,0.8066695,0.4419748,0.7319944,0.8598675,0.48658857,0.8696777,0.8357597,0.46595842,0.838928,0.79647857
624,12,0.45058054,0.49495167,0.8249592,0.4975186,0.5402323,0.8729024,0.45539722,0.53707117,0.60726655,0.45727724,0.6343596,0.86745,0.44382134,0.63282746,0.92899597,0.4523075,0.5735361,0.6612895,0.44776025,0.57313085,0.4311869,0.52234256,0.66320854,0.85510725,0.49009478,0.6611564,0.7657608,0.46639204,0.74866325,0.7587945,0.4417337,0.73041046,0.88855857,0.48692057,0.87030876,0.81020445,0.46627152,0.8372721,0.8555119
625,12,0.4512523,0.50109315,0.8257919,0.4983734,0.54676175,0.8784853,0.45613828,0.54274476,0.57623404,0.45779306,0.63979137,0.8663357,0.44332454,0.63832754,0.9355796,0.45270452,0.5772817,0.7544567,0.44690448,0.57765865,0.43602136,0.5231463,0.668133,0.8242019,0.49058083,0.66589874,0.77445227,0.46685258,0.7490024,0.7824855,0.4416149,0.72837967,0.8951701,0.487318,0.8700019,0.928776,0.46662214,0.8339532,0.8962358
626,12,0.45104268,0.5049714,0.6492565,0.4987296,0.5497147,0.77643764,0.45485035,0.5453443,0.7070389,0.458733,0.64524114,0.83235914,0.44366252,0.64451575,0.88022655,0.45505938,0.5803152,0.6469469,0.4489311,0.5796224,0.4663147,0.5234746,0.67339677,0.7998724,0.4907454,0.66990256,0.81170785,0.46889883,0.74848884,0.87733555,0.4420646,0.727389,0.8553431,0.48776835,0.8693351,0.915764,0.46643016,0.83809394,0.7224688
627,12,0.450953,0.50729835,0.81385237,0.49784744,0.5523809,0.90158784,0.45533916,0.54845357,0.57852715,0.4596426,0.651157,0.81453323,0.44399014,0.6504754,0.67734987,0.45445532,0.5861369,0.71995044,0.44905648,0.5860074,0.47293955,0.5251276,0.6725241,0.6733379,0.4926794,0.6706774,0.7092939,0.4702078,0.7477402,0.83698463,0.44270056,0.72596806,0.8704559,0.48816815,0.8657989,0.91041374,0.46684387,0.8385343,0.83899266
628,12,0.44992867,0.50999725,0.8146275,0.4973458,0.55295956,0.792422,0.45539123,0.55108386,0.7854559,0.46173534,0.65223473,0.70684385,0.44360685,0.6499074,0.7386645,0.45285472,0.5851452,0.6201519,0.4477,0.5865269,0.4411446,0.5284902,0.6732831,0.8157865,0.49457416,0.66969293,0.6923308,0.4721035,0.7469397,0.7123114,0.4442924,0.7270372,0.93443775,0.48891908,0.86685497,0.8793464,0.46746728,0.8393168,0.92470765
629,12,0.44958913,0.509762,0.51716477,0.49411523,0.5537271,0.72241825,0.45562688,0.55276585,0.5942134,0.46118373,0.6516874,0.748326,0.44671333,0.65016747,0.86908543,0.45126307,0.58765745,0.4901917,0.44750512,0.58891994,0.4365003,0.52900136,0.67291427,0.86078244,0.49629468,0.66917187,0.6918194,0.47310814,0.74753183,0.7618743,0.44576028,0.7274347,0.9096976,0.48826846,0.8666186,0.88701046,0.4675372,0.8405305,0.89158124
630,12,0.44897225,0.5092158,0.8035999,0.49521068,0.55264163,0.83568555,0.45383137,0.5482371,0.7337432,0.46195373,0.6517865,0.70161194,0.44441375,0.64981633,0.9397297,0.4525111,0.5877175,0.66561025,0.44675294,0.5905438,0.4197853,0.52900296,0.6715625,0.71995425,0.49632418,0.6675149,0.7956596,0.47278443,0.7471145,0.7431523,0.44573158,0.7266398,0.8972542,0.48858783,0.865914,0.8741595,0.46700326,0.84021485,0.9194284
631,12,0.4483916,0.50789434,0.71573585,0.49411413,0.5517314,0.83065206,0.45563877,0.54804647,0.70714223,0.4614857,0.64926296,0.60218173,0.44448993,0.6459118,0.9112368,0.4525952,0.58572376,0.6546818,0.44520277,0.59047073,0.2986717,0.5291592,0.6698476,0.6612086,0.4965587,0.66593933,0.73711276,0.4736517,0.74653465,0.7443254,0.4466612,0.7260552,0.9047327,0.487933,0.86578846,0.8156323,0.4664245,0.84171075,0.887101
632,12,0.4479507,0.50496835,0.74765575,0.49447143,0.5469036,0.8044702,0.4556045,0.5436429,0.7410301,0.46126634,0.64622664,0.719466,0.44215736,0.64410365,0.8384752,0.45272723,0.5815762,0.7142085,0.44543695,0.5848004,0.43862304,0.5280305,0.66495156,0.80269027,0.49405304,0.66085863,0.74716234,0.4726424,0.74556965,0.7911071,0.44598466,0.7250571,0.93078953,0.4875653,0.8663668,0.8342401,0.4664301,0.8409474,0.73639834
633,12,0.4484604,0.49838775,0.8351782,0.4951417,0.541535,0.84584737,0.45428845,0.5424459,0.75360125,0.45871875,0.639831,0.7751547,0.44179428,0.63737804,0.7121066,0.4517356,0.57348573,0.6918721,0.44676703,0.5745297,0.45010298,0.52517074,0.6626797,0.6685464,0.49176916,0.66145015,0.7294955,0.4717964,0.74504566,0.87052155,0.44514042,0.72684157,0.8576533,0.48700532,0.8662633,0.8891844,0.4662463,0.8398649,0.7758252
634,12,0.449944,0.49250686,0.7927417,0.49560657,0.5367154,0.7944815,0.4546313,0.534349,0.7541835,0.45976865,0.6332546,0.673369,0.44230434,0.62786394,0.9019089,0.45164075,0.5653296,0.5177148,0.44522947,0.5702843,0.3668677,0.5241811,0.65798014,0.86775666,0.4920108,0.6569136,0.84110135,0.46921793,0.7455772,0.9016059,0.44411758,0.72716695,0.7947083,0.48705688,0.8672975,0.8369594,0.46744153,0.8381761,0.7258075
635,12,0.45063865,0.48346925,0.6104198,0.4958405,0.5297567,0.8178303,0.45509398,0.527598,0.80234325,0.45823917,0.6236568,0.62722504,0.4420543,0.6211315,0.8720266,0.45112363,0.5581206,0.69440174,0.44401753,0.5629109,0.42619127,0.5228555,0.6543459,0.7168029,0.49095604,0.6531881,0.84013826,0.4677917,0.74506253,0.9065498,0.44394398,0.7306609,0.8749255,0.48715514,0.8684169,0.8741358,0.46700668,0.83741874,0.90456885
636,12,0.4525564,0.47301897,0.65050274,0.49613494,0.5197987,0.78666306,0.4552642,0.52206415,0.7776481,0.45815477,0.6127013,0.7727066,0.43945134,0.608656,0.94907,0.45206064,0.5477981,0.69017214,0.44553214,0.5501976,0.48720613,0.5218709,0.6521213,0.7343575,0.49047643,0.65110475,0.8140149,0.4664242,0.74435765,0.92895013,0.44334275,0.73154986,0.77730745,0.4869982,0.8715505,0.8960356,0.46674684,0.83459836,0.8399735
637,12,0.45362908,0.46299195,0.8170114,0.4973018,0.51124954,0.88235134,0.45667306,0.514027,0.73021644,0.4563814,0.60126966,0.7245135,0.4390398,0.597637,0.9320374,0.45211503,0.53533846,0.67752683,0.44564095,0.5383694,0.31462994,0.52136326,0.6464712,0.7242293,0.489234,0.6472455,0.77885854,0.46459922,0.7438913,0.8149227,0.4433784,0.7338323,0.71141046,0.48672265,0.8712936,0.9281498,0.46606895,0.84021467,0.7363928
638,12,0.45598173,0.45128104,0.81448424,0.49775097,0.49878055,0.82857555,0.45874578,0.5032387,0.6333353,0.4576725,0.58782154,0.60749257,0.4387718,0.58692116,0.9198163,0.45230466,0.52744293,0.8152275,0.44617328,0.5291983,0.376225,0.5212721,0.64161706,0.88574004,0.48994458,0.6418939,0.85479105,0.46312645,0.74083275,0.8083217,0.44425407,0.7327223,0.83096,0.48752186,0.8708193,0.88235766,0.46499887,0.83777004,0.77652115
639,12,0.45884064,0.43950212,0.80717003,0.49925512,0.4896391,0.7823103,0.46087542,0.4932807,0.83193344,0.45697156,0.5752546,0.50311613,0.43771803,0.57632023,0.92639405,0.45455965,0.5130871,0.7062292,0.4477026,0.51777524,0.3921936,0.51937926,0.63637537,0.8025536,0.48924962,0.6356915,0.8633301,0.46183565,0.73943543,0.90234727,0.4442295,0.7324672,0.7556185,0.48731264,0.8714718,0.88487476,0.4652507,0.8397784,0.65911275
640,12,0.46101484,0.4287306,0.78579646,0.4998528,0.47910208,0.89259064,0.4631476,0.48224735,0.7786352,0.45419836,0.559966,0.52261555,0.44084457,0.5614295,0.89379513,0.45475328,0.5034453,0.68789995,0.45162466,0.50033355,0.40648708,0.5174587,0.6304833,0.93181866,0.48777506,0.62952894,0.70487416,0.46170267,0.73988724,0.83205515,0.44266596,0.7327951,0.72369987,0.48719704,0.8698965,0.76263183,0.46381778,0.839151,0.7434982
641,12,0.46350238,0.41748062,0.7563551,0.502114,0.46937868,0.88145775,0.46439132,0.4693862,0.6905521,0.45525593,0.5446424,0.337824,0.44112474,0.5476982,0.9132964,0.45564926,0.4940068,0.63990504,0.45303422,0.49003792,0.4126445,0.5155468,0.6252957,0.92069864,0.48625824,0.6246975,0.7222803,0.46469802,0.7406883,0.70514077,0.44382486,0.73186195,0.87758267,0.48730332,0.8675508,0.8752761,0.4652683,0.83369964,0.7665703
642,12,0.46593407,0.40576524,0.72162163,0.5026947,0.4577137,0.8292541,0.46737784,0.4581955,0.74634874,0.45372227,0.5322464,0.4207747,0.44233146,0.5385001,0.7246232,0.45718873,0.47149888,0.5957282,0.4547282,0.47204936,0.31484962,0.5115353,0.6198577,0.850636,0.48439088,0.61731446,0.83017737,0.46650732,0.73624015,0.63192445,0.44577292,0.7297396,0.86487484,0.48753816,0.8650431,0.79291457,0.46478838,0.83711076,0.7995143
643,12,0.4687475,0.39723948,0.72308576,0.50666535,0.44514507,0.783097,0.47147217,0.4479337,0.7251929,0.45885763,0.5205966,0.24420965,0.44628027,0.5264841,0.76922315,0.4612608,0.45882362,0.4671138,0.45679614,0.4599923,0.2860361,0.509891,0.61551505,0.8496366,0.48431224,0.61154985,0.77748156,0.46768963,0.7380886,0.7405586,0.44556656,0.72727376,0.8368427,0.48669916,0.8656978,0.5782894,0.46424854,0.8402475,0.63169867
644,12,0.47168076,0.38608348,0.7618153,0.5080438,0.43890268,0.8124643,0.4729973,0.43847853,0.5327338,0.45653108,0.5133017,0.34834594,0.44932905,0.51657903,0.6750556,0.46173564,0.4499281,0.49384877,0.459367,0.4489019,0.30880865,0.50779855,0.6069043,0.77116483,0.4829396,0.60402626,0.7305231,0.46977565,0.73663825,0.7267839,0.44783032,0.7236453,0.77886724,0.48720366,0.8678049,0.7677446,0.46544716,0.8378055,0.7580568
645,12,0.47377545,0.37557858,0.38160163,0.50887907,0.42677432,0.83292305,0.47330162,0.43262735,0.779725,0.45683616,0.50480217,0.3229925,0.44931427,0.508856,0.78374463,0.46346804,0.4495406,0.5105828,0.45921466,0.45442143,0.18296099,0.50692,0.5964039,0.8602576,0.4800568,0.59361583,0.74987286,0.47347057,0.73207295,0.8579189,0.44848335,0.7203959,0.6235695,0.48639488,0.86536366,0.7197305,0.46594372,0.83614445,0.7522056
646,12,0.47412872,0.37047997,0.7551209,0.5107718,0.4185943,0.7932808,0.47413433,0.42341912,0.7055068,0.4588157,0.49746558,0.35362965,0.44934896,0.5004085,0.8062278,0.46736234,0.43572932,0.5552226,0.4619296,0.43646714,0.30512613,0.5052569,0.5903524,0.80804414,0.47850057,0.589564,0.8369457,0.4759404,0.7299116,0.74805224,0.4519191,0.71922356,0.8808153,0.48680478,0.8636504,0.8848629,0.4648934,0.83368284,0.7859861
647,12,0.4759002,0.36261752,0.5978038,0.5113614,0.41114622,0.79059434,0.476489,0.41962814,0.79991114,0.4631604,0.48948732,0.37258884,0.45060298,0.49499223,0.82180333,0.46945623,0.42638493,0.56593233,0.46347904,0.4316393,0.32331118,0.5034176,0.58541304,0.80518246,0.47647172,0.5841322,0.84497505,0.47847405,0.7238437,0.7006787,0.4541416,0.7136658,0.76146036,0.48656145,0.8613938,0.83147585,0.46510684,0.8331329,0.73002136
648,12,0.47784227,0.3610476,0.71216756,0.5134395,0.41005155,0.8437876,0.47816855,0.41323984,0.6056291,0.4628126,0.4845356,0.29504406,0.45255703,0.4912281,0.8481835,0.46904722,0.4302208,0.6072873,0.46175468,0.44188598,0.22893998,0.50164056,0.5842656,0.82599646,0.47478905,0.5825574,0.7637347,0.48215023,0.7183486,0.6396979,0.45708102,0.7102079,0.8808161,0.4869085,0.85973215,0.867898,0.46508735,0.8395762,0.7324012
649,12,0.48020345,0.3559971,0.77534676,0.5144357,0.4018143,0.7994807,0.47852948,0.4099975,0.6396543,0.4663293,0.47885606,0.33475754,0.45469016,0.48780483,0.9204355,0.471338,0.42166284,0.59165686,0.46460703,0.42819607,0.32549095,0.5002368,0.5827065,0.8339511,0.47315362,0.5804664,0.78582466,0.48443615,0.7205625,0.70628047,0.46001682,0.7086022,0.7796681,0.48729196,0.8601691,0.8970342,0.46383092,0.84377986,0.7023541
650,13,0.48171002,0.35458392,0.47739112,0.516883,0.4027277,0.87856627,0.4790795,0.4062991,0.64158565,0.4689923,0.4762611,0.3409257,0.45554978,0.48859152,0.7877887,0.4712363,0.42766902,0.46710747,0.46465144,0.4377751,0.266999,0.49996898,0.57997733,0.8255833,0.47307464,0.57870847,0.6859241,0.48628148,0.7150428,0.7843593,0.46183878,0.7067159,0.8331303,0.48839206,0.8521218,0.7914578,0.46605986,0.8385106,0.6134961
651,13,0.4836754,0.35406035,0.77078354,0.51819247,0.40251765,0.8071361,0.4791708,0.40586323,0.63564533,0.46880028,0.4747774,0.30218643,0.45662773,0.48421806,0.84718204,0.47142798,0.42827266,0.5140305,0.4650963,0.43636006,0.31338713,0.500582,0.58080226,0.85793483,0.47269446,0.57819337,0.7163412,0.4883102,0.7173838,0.6946406,0.46345398,0.7075608,0.78686273,0.4890319,0.85331815,0.82144505,0.46756503,0.83940506,0.6953411
652,13,0.48505446,0.354554,0.7852954,0.51763666,0.40361497,0.85946554,0.4800699,0.40594178,0.6601791,0.46829188,0.47352687,0.32620007,0.45664304,0.48344782,0.84109366,0.47287756,0.4258675,0.52285767,0.46549702,0.43701133,0.29020688,0.5012187,0.580449,0.85584164,0.47296172,0.57778585,0.711403,0.48818943,0.71674913,0.7389736,0.46381754,0.7070836,0.80693567,0.48900217,0.8527894,0.8455975,0.46777454,0.8394398,0.7294398
653,13,0.4854523,0.35450184,0.80202764,0.5176593,0.40502986,0.85752803,0.4801027,0.40740064,0.6854736,0.46859664,0.47559768,0.34363443,0.4569454,0.48480994,0.8247331,0.4725684,0.42704585,0.5068322,0.46342024,0.45078996,0.20559314,0.50205356,0.5809976,0.87082297,0.47406468,0.578618,0.75957966,0.48865566,0.71849,0.6572786,0.46375665,0.70625436,0.8204489,0.48823202,0.85522914,0.79153746,0.46649936,0.8394817,0.65082
654,13,0.48604152,0.3552964,0.7971834,0.518693,0.40647724,0.6928916,0.47965318,0.4089408,0.64774615,0.46414784,0.47852772,0.37313956,0.45538855,0.48576084,0.8640125,0.47128665,0.4308939,0.4257802,0.46464574,0.44363448,0.2412587,0.50412625,0.581232,0.88887125,0.47571024,0.57914925,0.80021197,0.485793,0.716883,0.72470576,0.46124008,0.7040288,0.8856945,0.48633388,0.8569569,0.68914473,0.4655204,0.8397972,0.6369612
655,13,0.48709017,0.35747495,0.7885604,0.51845276,0.40766934,0.7244107,0.4805212,0.41377315,0.79218787,0.46544427,0.48467666,0.31802592,0.4566064,0.4896662,0.8608471,0.47297165,0.43162382,0.43084142,0.4665362,0.4381548,0.28691524,0.5069121,0.5812413,0.88255876,0.47737005,0.58112824,0.82035375,0.48365706,0.71751755,0.70432144,0.45933354,0.7066374,0.873574,0.48694208,0.8591639,0.8482793,0.4652523,0.84172636,0.8049326
656,13,0.48657003,0.35983616,0.4675601,0.5174343,0.41024143,0.7838242,0.47999278,0.41963512,0.8308823,0.46664187,0.48725325,0.27364382,0.45692635,0.49276608,0.88185525,0.47294962,0.4371312,0.4537002,0.4674865,0.44051117,0.38243547,0.5093145,0.5816917,0.87693334,0.48038134,0.5832907,0.8570953,0.48354924,0.7215967,0.8519397,0.4586094,0.7090612,0.6889234,0.4860202,0.86120456,0.79305565,0.4667431,0.8372162,0.7944711
657,13,0.4855464,0.36725327,0.77444917,0.51893204,0.41645247,0.58113414,0.47953382,0.4227817,0.666118,0.4647178,0.49153498,0.31096783,0.45697823,0.4952566,0.894737,0.4716652,0.4416375,0.37718573,0.4686161,0.44397917,0.39370513,0.51188636,0.5866018,0.7778336,0.48275834,0.5859257,0.69934297,0.4815284,0.72256786,0.8364366,0.4576237,0.71099746,0.8921501,0.48742834,0.8628733,0.89451885,0.4668353,0.8381454,0.7584351
658,13,0.48499972,0.37105802,0.6950036,0.5195272,0.42247716,0.8699107,0.4798699,0.4272427,0.7009363,0.46648043,0.49542046,0.3032457,0.45802134,0.49973157,0.8739765,0.47280174,0.4459203,0.48918945,0.46869132,0.44536296,0.48820248,0.5136582,0.5917803,0.8120222,0.48522758,0.5910889,0.6860186,0.48210528,0.7229467,0.7466782,0.4574939,0.7141544,0.7365626,0.4861466,0.8603891,0.81453514,0.4653714,0.8363009,0.8147168
659,13,0.48579702,0.3755173,0.80812246,0.5186675,0.4250355,0.79263335,0.47921994,0.43169144,0.84176046,0.46463802,0.5037436,0.3261878,0.45784718,0.5077754,0.8875717,0.47008553,0.4551611,0.39737466,0.46840113,0.4572989,0.37743956,0.5166213,0.5948929,0.7777583,0.4868596,0.5956258,0.8642767,0.48109186,0.72483116,0.8760961,0.45589826,0.7104742,0.84789884,0.48589465,0.863894,0.839206,0.46520105,0.839187,0.71328986
660,13,0.4856267,0.38091582,0.62975824,0.5186962,0.4329667,0.7458408,0.4816469,0.4354782,0.77768254,0.4644114,0.5091894,0.30379748,0.45873308,0.5122017,0.8288621,0.47276077,0.45451248,0.44256774,0.47166154,0.4536338,0.33074287,0.5185461,0.6013418,0.79443026,0.4890057,0.5999854,0.72126716,0.48322818,0.72388077,0.726159,0.45644245,0.71512496,0.7395483,0.4858629,0.86525756,0.850316,0.46491903,0.8342518,0.83137894
661,13,0.4852396,0.3883575,0.77162004,0.5199592,0.44043663,0.82950103,0.4824037,0.44101083,0.6804043,0.46372992,0.5148621,0.3634796,0.4601475,0.5183179,0.8086459,0.47345898,0.45566535,0.5588444,0.46746862,0.48285782,0.13683783,0.5207474,0.6062355,0.7719319,0.49049473,0.6054594,0.7240438,0.48229605,0.7275808,0.6830366,0.4552002,0.7124462,0.8417098,0.48539218,0.8619755,0.64127326,0.46412227,0.83417934,0.82498986
662,13,0.4855788,0.39577484,0.7210604,0.5201292,0.4464504,0.84529907,0.48365688,0.44820812,0.64235973,0.46567863,0.52096146,0.36422762,0.46188363,0.52485967,0.79491395,0.47227478,0.4701236,0.5309234,0.47144043,0.4704209,0.33433756,0.52286035,0.6114564,0.7876877,0.49372274,0.6104339,0.68597054,0.48132116,0.728684,0.80876285,0.4542996,0.7105575,0.7722762,0.48586947,0.86234236,0.60502654,0.46491158,0.836088,0.7168879
663,13,0.48641115,0.4019482,0.5823147,0.51984066,0.4581801,0.81949544,0.4847798,0.4579526,0.5885678,0.4683714,0.52867633,0.30552664,0.46130568,0.52984315,0.7664317,0.4737578,0.47653842,0.53365964,0.47210115,0.47308332,0.48942176,0.52452856,0.6174946,0.7876543,0.4957063,0.6176581,0.6878585,0.4817938,0.72919303,0.70800173,0.45506427,0.7107936,0.80032223,0.48697048,0.86520356,0.72982126,0.46453232,0.838629,0.87501794
664,13,0.48623618,0.40820956,0.6485902,0.52162737,0.4649807,0.7920349,0.48465645,0.46098232,0.5961096,0.4679514,0.5362306,0.38996148,0.46321094,0.536985,0.793932,0.47635335,0.4810054,0.6637681,0.47391433,0.47794494,0.30435216,0.5258456,0.6217599,0.8660378,0.49776545,0.6210231,0.8263783,0.48317382,0.7303187,0.84096265,0.45508224,0.7130064,0.65232635,0.48702854,0.8671058,0.89223385,0.46537295,0.8387832,0.8982795
665,13,0.4875012,0.4162309,0.7472434,0.5223101,0.47265002,0.8796941,0.48785308,0.4687113,0.65330815,0.4689993,0.5449253,0.41494852,0.4638423,0.54324,0.71115434,0.4765909,0.4899674,0.6312433,0.47471458,0.4850607,0.3489444,0.5278143,0.62772804,0.8120789,0.49937636,0.6271357,0.7172095,0.48352057,0.7317916,0.88091123,0.45490286,0.7148418,0.82050455,0.48722452,0.8660406,0.88072467,0.46587175,0.8395256,0.9086335
666,13,0.4882829,0.42381102,0.6521336,0.52302384,0.4808079,0.88286394,0.48764518,0.47808102,0.72093797,0.4728108,0.5511289,0.35953876,0.46423578,0.55135876,0.7871824,0.4770598,0.4955834,0.6005894,0.4736331,0.49587047,0.2989024,0.5308701,0.63368416,0.7956158,0.50192416,0.6324665,0.69647413,0.48343012,0.7325215,0.7958429,0.4548324,0.713738,0.7104342,0.48606828,0.8663758,0.6970708,0.46696895,0.84066063,0.87442696
667,13,0.4884009,0.43313628,0.8121341,0.5241863,0.4859175,0.8996732,0.4878603,0.48238412,0.7318054,0.4745911,0.55771065,0.34529388,0.46396637,0.56201535,0.759373,0.47686148,0.50521505,0.6429104,0.47451484,0.5059224,0.2907721,0.5320362,0.6381488,0.9060354,0.5036089,0.63709205,0.8452471,0.48294973,0.73366815,0.8984965,0.45391983,0.7144454,0.77398664,0.48686877,0.8646123,0.84862226,0.4671637,0.8393477,0.89518833
668,13,0.4897399,0.44026423,0.8365522,0.5253325,0.49234697,0.90768343,0.4883305,0.48841354,0.7680072,0.47448847,0.5633911,0.3949962,0.4665791,0.56363195,0.7681742,0.47821465,0.506464,0.67239696,0.47609982,0.50623,0.3925302,0.5340616,0.6440079,0.89184463,0.5051565,0.64313006,0.8445015,0.48275265,0.7324304,0.8570238,0.45428666,0.71402025,0.7440079,0.48713145,0.8650923,0.87236845,0.46750718,0.83941096,0.89473516
669,13,0.4912596,0.4468134,0.782702,0.52597564,0.50096923,0.89379275,0.4895783,0.49542654,0.75153214,0.47249958,0.5705656,0.4509087,0.46821412,0.5705563,0.70435977,0.48243058,0.51165885,0.66316867,0.47987658,0.51076275,0.39284432,0.53414047,0.6503229,0.92236465,0.503627,0.6475868,0.8384621,0.48393315,0.7329258,0.8719302,0.45417655,0.7146947,0.7015944,0.48690552,0.8647904,0.9071274,0.46622962,0.8417552,0.8369642
670,13,0.4917691,0.45568034,0.7853197,0.52854574,0.506684,0.91942954,0.49217388,0.5025081,0.7556035,0.4762309,0.5773917,0.38046366,0.46942598,0.5800531,0.6856903,0.48319015,0.51963353,0.6183481,0.48061925,0.5206546,0.32291907,0.5347627,0.65303963,0.89699143,0.5063763,0.6500405,0.838284,0.48516116,0.73544973,0.8143801,0.45491618,0.71507734,0.8276677,0.48677528,0.8656219,0.79448843,0.46745825,0.8414396,0.87931323
671,13,0.4944209,0.46405685,0.759243,0.5303751,0.5147978,0.8965824,0.49480608,0.51036483,0.6894032,0.47599974,0.58652335,0.43474168,0.47130474,0.5855832,0.6568317,0.48523808,0.5267681,0.610227,0.48211062,0.52754945,0.31039613,0.53745526,0.659309,0.78706187,0.50871336,0.65592736,0.7820992,0.48654428,0.7368202,0.6786097,0.45512253,0.7139936,0.75674206,0.48765847,0.863875,0.8503095,0.466315,0.8419397,0.75286967
672,13,0.49650177,0.4702547,0.81928825,0.5329295,0.5223033,0.9064525,0.49610454,0.51651555,0.6929424,0.47869924,0.5934443,0.36972168,0.47232458,0.5944486,0.7121788,0.48740414,0.53742546,0.60564226,0.4844417,0.5348198,0.3597377,0.5389956,0.6668163,0.8324492,0.5117088,0.66074026,0.8089841,0.48639256,0.7353243,0.85557735,0.45558423,0.711777,0.84696764,0.4878711,0.8643641,0.8614921,0.46576107,0.84185654,0.8494138
673,13,0.49919847,0.47615084,0.7339005,0.5341578,0.5315274,0.76283544,0.49944296,0.52432656,0.5786994,0.48553574,0.59374243,0.22630678,0.47594318,0.59768915,0.6365691,0.4920558,0.5406128,0.5081078,0.48713627,0.5429512,0.33887732,0.5378512,0.6706447,0.7755436,0.5133107,0.6653916,0.68169856,0.4876615,0.73543125,0.6986725,0.4582777,0.70971745,0.7960247,0.4874768,0.86492354,0.9053318,0.4654424,0.84193796,0.77819914
674,13,0.50189656,0.483094,0.47822857,0.5366772,0.53657913,0.7091101,0.50369126,0.5308177,0.5855285,0.4898224,0.5972394,0.22629452,0.479393,0.599514,0.5049454,0.49405614,0.5493635,0.44927466,0.4898183,0.556127,0.22070657,0.5400681,0.67292964,0.78129673,0.5154838,0.665769,0.58507925,0.4889902,0.7344909,0.73709345,0.45940912,0.7081486,0.7012444,0.4873711,0.8664009,0.85737646,0.4656716,0.8408456,0.7516713
675,13,0.503934,0.48747227,0.614175,0.53786445,0.5418831,0.82979923,0.50652766,0.53779083,0.61147463,0.49358973,0.6024214,0.17918694,0.48045757,0.6091097,0.6179641,0.49713156,0.5533388,0.48832002,0.4919105,0.5565815,0.40712604,0.5427569,0.67362016,0.8256865,0.51672864,0.6664146,0.5481226,0.48983434,0.7295589,0.59214705,0.46091545,0.7073478,0.68952554,0.48767054,0.864653,0.8948285,0.46527484,0.8422012,0.8148688
676,13,0.5054283,0.48843485,0.8182245,0.54258937,0.53971475,0.9427789,0.5062746,0.5397929,0.768418,0.49674132,0.6108626,0.36163774,0.48403603,0.6126728,0.8671254,0.49815974,0.5577648,0.5505764,0.49423045,0.5579894,0.6157198,0.5476981,0.6728739,0.8409067,0.51991,0.6662755,0.8236976,0.48981884,0.7212498,0.7641712,0.45990083,0.70310724,0.77555543,0.48806065,0.8629709,0.87961096,0.4659171,0.83808255,0.6306115
677,13,0.50603765,0.48959035,0.8672282,0.54471564,0.53785735,0.8117319,0.50786334,0.5375626,0.75481737,0.50220364,0.6129114,0.49359486,0.48819235,0.61378723,0.90603334,0.5006477,0.55940866,0.6153382,0.4964185,0.56057197,0.5223965,0.54934657,0.67286825,0.9290547,0.5211295,0.6648198,0.8181958,0.49046278,0.718974,0.87973493,0.45976362,0.70049226,0.8157279,0.48794276,0.8619836,0.9305643,0.46567103,0.8369423,0.8946396
678,13,0.5086575,0.48829946,0.6219661,0.545771,0.5368414,0.91377884,0.5112347,0.5379493,0.8110421,0.5083972,0.61240304,0.60305613,0.4955511,0.61347204,0.83318263,0.5046368,0.5598703,0.5799638,0.49862337,0.5595735,0.5362939,0.5496934,0.6718948,0.9170034,0.52223337,0.664423,0.80673,0.49128202,0.71711236,0.8198113,0.46102664,0.6987045,0.59149164,0.4881336,0.85835075,0.84970725,0.46568534,0.8351443,0.9081336
679,13,0.510931,0.4902728,0.81418407,0.5480536,0.53432703,0.9020474,0.51216096,0.53702587,0.78730583,0.5121632,0.61425793,0.5722946,0.4986576,0.617118,0.85783476,0.50842726,0.5624477,0.631474,0.5030297,0.5603739,0.4944827,0.55111045,0.67052245,0.9191559,0.5230204,0.6642956,0.82143956,0.49277577,0.7160038,0.8526545,0.46105528,0.69836915,0.72578126,0.4879528,0.8596364,0.91212374,0.46574253,0.8351723,0.8519754
680,13,0.5133932,0.49150652,0.80515236,0.5508227,0.5361257,0.8963564,0.51486033,0.5383448,0.6303719,0.5137298,0.614222,0.6457978,0.5004615,0.61635023,0.7665776,0.51087296,0.55994886,0.59490883,0.506031,0.5587211,0.46826744,0.55239415,0.6714863,0.91646206,0.5255813,0.6659759,0.82641727,0.49392912,0.71440643,0.8426073,0.46154848,0.69835925,0.7553872,0.48881578,0.8582126,0.8507472,0.46441647,0.83404046,0.73271936
681,13,0.5156839,0.49299136,0.89489084,0.5536088,0.53568596,0.8754202,0.5164923,0.5399976,0.75108385,0.5158525,0.6141592,0.7115615,0.50211304,0.6165359,0.8729765,0.5135706,0.55740696,0.53485805,0.50810206,0.5568642,0.5824027,0.553011,0.6693956,0.90074146,0.5252586,0.66391516,0.8395359,0.49435526,0.7154275,0.82348436,0.46200186,0.69861156,0.5371848,0.48890418,0.8602662,0.8825344,0.46544355,0.8337503,0.7883997
682,13,0.5185103,0.4936401,0.82505727,0.5549705,0.53610927,0.73583776,0.5201326,0.53913325,0.80018157,0.5170456,0.6133362,0.6700076,0.50361675,0.6165699,0.80491924,0.51593,0.5597127,0.57450914,0.51032364,0.5596969,0.5618633,0.5539976,0.671035,0.92718625,0.52579445,0.6647249,0.83370996,0.4941193,0.7154097,0.83267915,0.46181297,0.6991069,0.8141939,0.4892748,0.85997504,0.8778058,0.46654925,0.8354215,0.8951553
683,13,0.5215686,0.49511537,0.495421,0.55809706,0.53986937,0.7976952,0.52252096,0.54097134,0.7069528,0.52044666,0.61231035,0.5669142,0.50778306,0.6130858,0.78398436,0.5168909,0.55982316,0.597362,0.51154923,0.5597753,0.5186866,0.5546677,0.6705971,0.9256637,0.5279697,0.6644855,0.8434094,0.49432376,0.7150837,0.79940283,0.46207502,0.69966114,0.82160705,0.49011979,0.8616262,0.85721743,0.4669951,0.835968,0.9064471
684,13,0.52330846,0.4983907,0.8664171,0.5601753,0.5417485,0.80739874,0.52431387,0.54343116,0.7695439,0.5205413,0.61169374,0.60779834,0.50546765,0.61474776,0.8602049,0.5185164,0.561388,0.5921526,0.5143976,0.5602459,0.59558207,0.5558887,0.67030644,0.92417836,0.5279538,0.6634398,0.84673727,0.49498186,0.715938,0.670426,0.46246597,0.6995801,0.77406627,0.49018127,0.86097986,0.86579096,0.46635568,0.8367099,0.8979107
685,13,0.5267243,0.49911138,0.82611287,0.5626158,0.54410833,0.77105427,0.5258616,0.5445903,0.69566524,0.5240019,0.6095587,0.473494,0.5068704,0.6136122,0.7950828,0.52008945,0.5587066,0.56159246,0.5167416,0.5596327,0.48634,0.558019,0.67070794,0.82267326,0.52841705,0.66288084,0.78844225,0.49444157,0.7165347,0.75827026,0.46409306,0.7005333,0.8592151,0.49036255,0.8602512,0.9311309,0.4675385,0.8386106,0.8616649
686,13,0.528511,0.5013575,0.8752224,0.5656012,0.54593277,0.8846197,0.52757585,0.5461074,0.7708037,0.5255069,0.6098913,0.47684282,0.50650185,0.61499083,0.9023923,0.5218747,0.5615619,0.6777905,0.5179034,0.56049454,0.57672054,0.55833226,0.67202926,0.9179027,0.5289964,0.6625948,0.87986666,0.49366492,0.71530545,0.80663306,0.46320057,0.7011835,0.824642,0.4911892,0.8563085,0.9336785,0.46720073,0.83580595,0.9096057
687,13,0.5313303,0.500222,0.6073615,0.5666911,0.5443244,0.9306214,0.52818125,0.54839814,0.7841551,0.5273716,0.6072254,0.5395879,0.50756997,0.6149188,0.93370205,0.5240859,0.5633665,0.64055455,0.5205832,0.5615526,0.6641911,0.558028,0.6727779,0.8937313,0.5287948,0.66386694,0.87777877,0.49217495,0.7161014,0.69474286,0.46204156,0.7015275,0.84437376,0.4914048,0.8562903,0.9016706,0.4657239,0.83700573,0.8886589
688,13,0.53390205,0.49990252,0.84093475,0.56965774,0.5446803,0.8843729,0.53067666,0.547948,0.827543,0.52949154,0.6065421,0.58097315,0.5105606,0.613689,0.8125685,0.52603257,0.5640221,0.62628627,0.52327096,0.56038356,0.7256051,0.55657,0.66884845,0.8957987,0.528236,0.6614348,0.9132545,0.4917195,0.7166914,0.7750643,0.46102047,0.700668,0.81590736,0.49113357,0.8586774,0.93691266,0.4667153,0.8359959,0.8270155
689,13,0.53533745,0.49855483,0.79453075,0.5716694,0.5459078,0.91901124,0.5316208,0.5477281,0.7000343,0.5293079,0.61151767,0.62753296,0.51248753,0.61463726,0.8170542,0.52635956,0.5618096,0.5556138,0.52452755,0.5632678,0.5587964,0.55777377,0.67127216,0.89328814,0.52815086,0.6622786,0.87456316,0.49149847,0.71724504,0.80989677,0.46000212,0.70033514,0.77790403,0.49084413,0.8566675,0.90134287,0.46685058,0.8351316,0.90389717
690,13,0.5374109,0.4987385,0.9009948,0.5732317,0.543283,0.76148885,0.53397727,0.54561275,0.8698817,0.5336858,0.60600156,0.6793745,0.5127416,0.6130902,0.8526482,0.52813894,0.56135863,0.51380223,0.5252822,0.5617781,0.70988345,0.5583928,0.6686648,0.8594065,0.5278671,0.6616305,0.85355586,0.48978388,0.71840334,0.81572884,0.45881537,0.7005934,0.82978916,0.49038976,0.8573032,0.8413623,0.46543014,0.8360568,0.91019434
691,13,0.5388454,0.49699402,0.60477334,0.57469994,0.54330176,0.7991795,0.53459334,0.54542625,0.85382634,0.53422666,0.60564697,0.7500195,0.51453555,0.6131085,0.9041713,0.5286571,0.56316215,0.6427087,0.5255526,0.5641914,0.6157436,0.55690956,0.67105085,0.9161035,0.52750206,0.6629156,0.9091137,0.48880237,0.7181229,0.79167175,0.45850843,0.7008054,0.8321609,0.49014324,0.85652465,0.85416275,0.46511155,0.8356449,0.91574365
692,13,0.5400161,0.49559847,0.8706786,0.57547283,0.5435292,0.91561186,0.5351813,0.54512066,0.88056403,0.53668004,0.6012085,0.56097615,0.51436067,0.61254317,0.9365157,0.528809,0.5637959,0.6594597,0.52490693,0.56478596,0.6281941,0.5573977,0.67166376,0.9071718,0.52704114,0.6638954,0.84200317,0.48843345,0.7182786,0.793449,0.45752442,0.70075953,0.8619101,0.48993263,0.8580317,0.93377244,0.4658374,0.8366212,0.7761807
693,13,0.5405742,0.49527928,0.8986321,0.57598364,0.54241526,0.89470196,0.5366681,0.5441946,0.8870048,0.53694665,0.5993663,0.6312517,0.5136562,0.6130968,0.73260915,0.5293724,0.5632175,0.6525167,0.5247043,0.5647022,0.66339177,0.55578804,0.671749,0.9167352,0.5268021,0.6623966,0.9150834,0.4880754,0.7177261,0.80017585,0.45675915,0.70136017,0.88762444,0.48953944,0.8593074,0.84342986,0.46558422,0.8366269,0.88519293
694,13,0.54203737,0.4942026,0.76697296,0.57671845,0.54587305,0.8124628,0.5372457,0.5447567,0.8098645,0.53658664,0.5983717,0.6399821,0.51442593,0.61363184,0.72305065,0.5300308,0.5634759,0.5959696,0.5260311,0.56563264,0.5977619,0.55544823,0.6735047,0.9133996,0.52580005,0.6644128,0.9109646,0.48787352,0.7202301,0.81721497,0.45653757,0.70287836,0.8471538,0.4893038,0.85923856,0.9429073,0.46664423,0.83691645,0.88515896
695,13,0.5430342,0.493871,0.82244766,0.57579553,0.5474441,0.90389246,0.5384674,0.5456933,0.8066441,0.5371097,0.5964614,0.49058422,0.5156219,0.6091929,0.74448264,0.5297221,0.5625883,0.59826696,0.5272949,0.56473774,0.5506846,0.5529969,0.6760446,0.8380682,0.5245513,0.66663706,0.8351084,0.48701495,0.72298163,0.7423449,0.45616892,0.70355064,0.81517535,0.48880082,0.86098653,0.8109784,0.4653141,0.838721,0.9400744
696,13,0.5439996,0.49298102,0.80058295,0.5783969,0.5452665,0.88078934,0.53754675,0.54497445,0.8608158,0.53786355,0.59430844,0.70142215,0.5148558,0.60921097,0.8367616,0.5305122,0.5533587,0.48891172,0.52901167,0.56748587,0.44735602,0.55519193,0.6715576,0.94761187,0.5250906,0.66327953,0.90694696,0.48738828,0.72561675,0.8161237,0.455864,0.70489484,0.8817721,0.48865902,0.8622845,0.8955137,0.46683216,0.83853763,0.9003002
697,13,0.5448995,0.49201208,0.70850307,0.57823914,0.5461272,0.9084997,0.5376366,0.5466763,0.84097385,0.5385679,0.5933409,0.6264214,0.5146817,0.6083489,0.60082,0.53064656,0.5509017,0.58487713,0.52842826,0.56573105,0.37946358,0.55263174,0.6730668,0.8674763,0.5239021,0.66294277,0.84223586,0.48592713,0.72911704,0.7668384,0.45589358,0.7071763,0.83577824,0.4889942,0.86372036,0.80379784,0.4660534,0.84008604,0.8823762
698,13,0.5454548,0.49232665,0.8115392,0.57903385,0.5465846,0.79180634,0.53788686,0.54456687,0.85037464,0.5394489,0.5923288,0.6697148,0.5143941,0.6075802,0.8259428,0.53128636,0.55623645,0.56537217,0.5296523,0.5689687,0.48121718,0.55358833,0.67113346,0.94251084,0.52359253,0.6619942,0.8722845,0.48699722,0.7299165,0.77436477,0.4557523,0.70819604,0.8091822,0.49001637,0.8633308,0.8819532,0.46726164,0.8394368,0.91684026
699,13,0.54742736,0.49010977,0.5774408,0.57773113,0.5476616,0.7333176,0.53860337,0.5465023,0.7263846,0.5405102,0.59239686,0.5865727,0.5162294,0.6044769,0.6308198,0.5310707,0.55723625,0.5376463,0.5294179,0.5663631,0.554386,0.5535894,0.6732276,0.8624764,0.5234918,0.6640216,0.7929419,0.48720014,0.73083174,0.7309848,0.4557777,0.70902914,0.8434512,0.48951328,0.8660111,0.7121507,0.46639505,0.8414062,0.89328605
700,14,0.5472993,0.49062702,0.7143752,0.5797217,0.54653114,0.80480576,0.5390097,0.54357594,0.83248144,0.53934896,0.5929014,0.6499702,0.51449853,0.6063839,0.87158847,0.5315769,0.55702734,0.5805834,0.530538,0.56883085,0.51991695,0.5533895,0.67165405,0.9484025,0.52321476,0.661209,0.9384637,0.4872359,0.73364407,0.81054676,0.45474833,0.70980453,0.93737626,0.49027756,0.8663047,0.87643677,0.46723554,0.8401789,0.93246686
701,14,0.5486468,0.49044624,0.8826599,0.5803378,0.54590124,0.65951157,0.53820556,0.5448826,0.8611019,0.5408928,0.592802,0.49086398,0.5144443,0.60768104,0.73567665,0.53153783,0.555085,0.48138306,0.53112334,0.5630349,0.58356345,0.5546194,0.6720707,0.9355862,0.5237771,0.6616588,0.89593625,0.48844782,0.7323971,0.7221326,0.4544383,0.70892084,0.82452065,0.4903606,0.8655652,0.77595824,0.4675364,0.84004617,0.9367848
702,14,0.5490728,0.4901835,0.8642273,0.58043134,0.5451775,0.8210169,0.5394169,0.5449462,0.8567416,0.54157907,0.59331,0.5207084,0.5147055,0.60729337,0.8035668,0.5333103,0.5547265,0.477621,0.53146994,0.56410575,0.59505576,0.5541313,0.6725311,0.93067586,0.5235742,0.6616204,0.9344551,0.488268,0.7324158,0.8339985,0.45496792,0.70992285,0.9292381,0.49042398,0.86705136,0.85229933,0.4680067,0.8403931,0.8900241
703,14,0.5495274,0.49056774,0.9020566,0.58094156,0.54627216,0.6634827,0.53834444,0.54393375,0.88647544,0.54216266,0.593378,0.5538071,0.51447874,0.60786384,0.7602719,0.53422904,0.5550699,0.46499908,0.53161603,0.56375223,0.6541394,0.5546032,0.6717971,0.94181794,0.52337104,0.6615404,0.936897,0.48907664,0.73270005,0.73371625,0.4550046,0.7096814,0.8474886,0.490208,0.8664162,0.899836,0.46777594,0.83972406,0.9430731
704,14,0.5500354,0.491069,0.89392716,0.5805586,0.5455946,0.90109617,0.5381858,0.5443036,0.8946637,0.5425752,0.5924531,0.5668231,0.5150526,0.608061,0.7370268,0.53449607,0.55412406,0.46381843,0.5315403,0.5651641,0.6954125,0.55450803,0.67270416,0.9084403,0.52305466,0.66286576,0.9307553,0.4894665,0.7317949,0.7540134,0.45501235,0.70922667,0.82094365,0.4899009,0.8669697,0.87693906,0.46781507,0.84070104,0.9206856
705,14,0.55103284,0.48971477,0.7489557,0.57987815,0.54744005,0.8799715,0.53947717,0.54496115,0.8178061,0.5426648,0.59298545,0.60354817,0.51520634,0.6076367,0.81177354,0.5339509,0.55370903,0.49186033,0.53113693,0.5637956,0.6228497,0.5543977,0.67255664,0.89174,0.523328,0.6628124,0.85623324,0.4900491,0.73221546,0.78152275,0.45576555,0.71008223,0.853559,0.48993537,0.8660802,0.89416325,0.4672576,0.83998597,0.9376092
706,14,0.55117,0.4896273,0.7262742,0.5805251,0.547172,0.84177876,0.5398449,0.54495525,0.82177633,0.542709,0.59270424,0.6457484,0.5154792,0.60753816,0.8323402,0.53425795,0.5491661,0.47539514,0.5319957,0.5576817,0.629506,0.5545702,0.6718609,0.9350147,0.5235128,0.6616282,0.85999656,0.49031094,0.7316554,0.7773629,0.45581353,0.7097011,0.8537191,0.48993963,0.8665909,0.8719483,0.46740288,0.8411218,0.92997384
707,14,0.55140793,0.48999056,0.83003366,0.5814105,0.54671925,0.88554376,0.5397002,0.5443118,0.84892946,0.54241335,0.5941344,0.65305585,0.5151347,0.60806394,0.7192595,0.5338878,0.55341285,0.5134613,0.53192633,0.5619234,0.59410036,0.555343,0.6723296,0.9113892,0.5234242,0.6627973,0.85790724,0.49012375,0.7316545,0.7610092,0.4559131,0.7096769,0.84161633,0.4897941,0.8659565,0.8810401,0.46784416,0.8416415,0.91752803
708,14,0.5514462,0.49048078,0.82131594,0.5816006,0.5463847,0.9385855,0.54048294,0.54475296,0.83898884,0.5425874,0.59288746,0.59680367,0.5153377,0.60732365,0.824284,0.5333965,0.5561167,0.58166945,0.53157383,0.5632244,0.6178808,0.5549305,0.6722447,0.90108526,0.5238248,0.6615606,0.92933655,0.49023378,0.73230386,0.7330711,0.45609957,0.70990294,0.84118396,0.48978177,0.8659654,0.86408514,0.4681114,0.84149486,0.8860331
709,14,0.55225784,0.48867443,0.60988206,0.5808218,0.5482945,0.8884882,0.53956616,0.5453576,0.82572037,0.5428997,0.5923644,0.5215968,0.5153891,0.6071211,0.74909264,0.53453344,0.5529104,0.5015224,0.5318006,0.56291056,0.6465979,0.5544151,0.6740439,0.9050114,0.5231776,0.66217697,0.88381106,0.49035135,0.7326093,0.72426355,0.45618072,0.7098985,0.9234831,0.48989543,0.86648536,0.85579395,0.46770012,0.84045583,0.9222315
710,14,0.55231947,0.48897383,0.5113793,0.58042145,0.54907393,0.8012006,0.5414502,0.54488826,0.80789626,0.54307187,0.5929967,0.57154614,0.5159801,0.6069511,0.78714955,0.5338442,0.5532434,0.5386646,0.53217906,0.55843854,0.5926439,0.55445784,0.67286384,0.86032176,0.5236216,0.6627683,0.841674,0.49082538,0.73303986,0.78491855,0.45629424,0.71067214,0.8155403,0.4897728,0.8662513,0.8610243,0.46638614,0.84091514,0.7663388
711,14,0.55242866,0.48931488,0.614871,0.580274,0.5489558,0.8573626,0.5405951,0.5444163,0.8266192,0.5425514,0.59318334,0.5210821,0.51595837,0.60692114,0.80161154,0.5332993,0.5544209,0.617649,0.531505,0.557583,0.6102428,0.55411315,0.6731479,0.86782885,0.52358794,0.66301703,0.83417356,0.49058065,0.73305744,0.76250184,0.45589343,0.7101182,0.7994294,0.48992226,0.8666895,0.85588646,0.46755823,0.8409395,0.92108035
712,14,0.55305856,0.4896025,0.5663348,0.580062,0.5505612,0.8409943,0.54058933,0.545342,0.7574169,0.54246694,0.5930116,0.46419182,0.5152746,0.6036038,0.7023216,0.53305435,0.55462986,0.5372902,0.5320745,0.55796766,0.557159,0.55377525,0.6743634,0.86036193,0.5235019,0.6634464,0.759573,0.49041003,0.7330394,0.745854,0.45586145,0.7108297,0.78276634,0.4897829,0.86702543,0.92882293,0.46627232,0.8408358,0.7323147
713,14,0.5543584,0.49042156,0.55113727,0.5803852,0.55069333,0.7801235,0.53869194,0.5437972,0.7054957,0.54263437,0.5930051,0.5231497,0.51526845,0.60273653,0.67862374,0.53302205,0.5541824,0.5194405,0.53136855,0.553886,0.646864,0.5529865,0.6752682,0.8351139,0.5232319,0.6646948,0.899666,0.49053267,0.7328312,0.740935,0.4562567,0.71125954,0.7932455,0.48957297,0.86756593,0.92552274,0.4663124,0.8408134,0.7232625
714,14,0.55408573,0.49007958,0.46796817,0.5802074,0.55025166,0.7667765,0.53885806,0.5441045,0.73729265,0.5424889,0.5935371,0.5592458,0.5156434,0.6031277,0.77630675,0.5319187,0.55300856,0.58621514,0.5301212,0.55227554,0.62503725,0.5532151,0.67520875,0.8994468,0.5231377,0.66466165,0.82515264,0.49056256,0.7326191,0.75097245,0.4562737,0.7124504,0.86474955,0.48965245,0.8680622,0.7478955,0.46735123,0.8407823,0.9329214
715,14,0.55446833,0.49063936,0.4429707,0.5801375,0.5507146,0.77480066,0.53876626,0.54363334,0.7017168,0.5422827,0.5944024,0.55426615,0.5158371,0.6032049,0.7584291,0.53067267,0.55212057,0.5855559,0.5286503,0.5520565,0.61854887,0.55307966,0.67374426,0.90977687,0.52327555,0.6637471,0.8283131,0.49045554,0.73260486,0.7616389,0.4559529,0.71260434,0.84498614,0.48991618,0.8672647,0.7321973,0.46748918,0.8404773,0.9231645
716,14,0.5547248,0.4910637,0.46388486,0.57978934,0.5517357,0.7960362,0.5380122,0.54494745,0.6405309,0.542475,0.595636,0.40221313,0.5156104,0.60424966,0.54253006,0.5299879,0.55314255,0.46387044,0.5282367,0.55196565,0.5974261,0.55206406,0.67529714,0.7129123,0.5227101,0.6629738,0.72785395,0.49102634,0.7345745,0.7347899,0.45615068,0.71206856,0.83184105,0.48948675,0.86834335,0.69826216,0.4663202,0.84110177,0.90069956
717,14,0.55473894,0.49056685,0.5379066,0.58052814,0.55110836,0.74902487,0.5378009,0.54867727,0.67896336,0.5421814,0.598407,0.58016074,0.5153993,0.6061252,0.68245757,0.5290157,0.55368835,0.55595976,0.5267707,0.5528741,0.62960786,0.55160487,0.67574656,0.8010728,0.5223612,0.66522974,0.728614,0.49082908,0.73476315,0.791828,0.45603386,0.71233463,0.84413874,0.4901171,0.86887604,0.81210136,0.46729654,0.8400647,0.9335662
718,14,0.55455863,0.49252647,0.63854647,0.5808773,0.5494288,0.7760005,0.53752404,0.54716337,0.7779503,0.54187196,0.6007591,0.6810882,0.5155732,0.6072661,0.8313706,0.5276949,0.5583567,0.61562747,0.52621174,0.5581465,0.51913404,0.5521919,0.67458755,0.91131634,0.5225837,0.6649068,0.8442933,0.49020374,0.7331356,0.7265457,0.4558063,0.71285176,0.89917356,0.48982322,0.8682276,0.8345994,0.46645066,0.84028476,0.69938356
719,14,0.5549418,0.4922771,0.5948161,0.5804788,0.5514683,0.6982611,0.53553224,0.5451211,0.6402546,0.5424295,0.605376,0.6555717,0.5139149,0.6076702,0.7538063,0.5257587,0.56063694,0.5545823,0.523609,0.56239194,0.5076836,0.5520185,0.67471576,0.8828446,0.5223459,0.6643452,0.78496104,0.49085444,0.7347367,0.80417883,0.45631018,0.7128373,0.84141445,0.4900158,0.8680484,0.81906426,0.4673012,0.8399408,0.93614686
720,14,0.55480736,0.49316916,0.73328704,0.58105934,0.54896337,0.8101925,0.53447855,0.54634935,0.76647925,0.54419017,0.60972154,0.58815426,0.5141334,0.61077374,0.8359229,0.5241954,0.56288946,0.6419405,0.5228697,0.5634454,0.41746143,0.553073,0.6735141,0.92345095,0.52285874,0.6628328,0.86637557,0.49024865,0.73251176,0.7546097,0.4559155,0.7125937,0.8912665,0.48988438,0.8675964,0.8232246,0.46723384,0.8396648,0.9429805
721,14,0.5541473,0.49391955,0.795463,0.580226,0.54933184,0.8879868,0.53753656,0.54321116,0.8615963,0.5455625,0.61377245,0.76034683,0.5141713,0.6145099,0.7988011,0.5217159,0.56652796,0.543146,0.5201558,0.56722856,0.45242923,0.55389875,0.6735372,0.9152444,0.5239073,0.66225106,0.8732195,0.4899077,0.7325166,0.7525493,0.45561618,0.71202075,0.84096956,0.490236,0.866526,0.8296342,0.4673003,0.84085953,0.9127764
722,14,0.5543419,0.4941134,0.8878749,0.5813685,0.5492732,0.6531055,0.5363225,0.54159427,0.9224785,0.5462017,0.61699426,0.77044314,0.5166368,0.6160293,0.52521676,0.51947194,0.56852084,0.76459783,0.5185961,0.5708981,0.31886724,0.55412,0.67455715,0.92134833,0.52398086,0.6607653,0.917632,0.48957205,0.7321081,0.7496769,0.45533463,0.7110288,0.8262536,0.48966533,0.8677098,0.9199697,0.4675049,0.8422989,0.8124014
723,14,0.55483925,0.49381098,0.8625658,0.58119357,0.5493525,0.7522735,0.53494334,0.5389588,0.8969113,0.54678017,0.6177189,0.8043984,0.51825565,0.61520815,0.5483618,0.51690406,0.5745179,0.73704255,0.5164002,0.57542634,0.3528782,0.5547432,0.6720305,0.89526606,0.5230573,0.65945995,0.91408765,0.49007002,0.73312604,0.6437652,0.45493615,0.71118826,0.83506054,0.4891,0.86794186,0.93024135,0.46744645,0.8402776,0.9063064
724,14,0.5542368,0.49505457,0.8444674,0.57974166,0.55038345,0.8945809,0.5363453,0.54048216,0.915919,0.5479209,0.6233967,0.79786587,0.5187112,0.61579865,0.6414737,0.51427823,0.5791757,0.6807219,0.51277083,0.5825092,0.43958697,0.5555233,0.673702,0.9027407,0.52426225,0.65987927,0.8898996,0.4907287,0.73330414,0.69344276,0.45541993,0.7114335,0.80542403,0.4900617,0.8678719,0.78945905,0.46719941,0.839464,0.94451725
725,14,0.5541695,0.49431124,0.7847389,0.5804642,0.54924417,0.8790154,0.5340969,0.5414896,0.90963304,0.55048853,0.6248455,0.6384497,0.51985466,0.6095721,0.49615097,0.512716,0.5922935,0.67005384,0.51318526,0.59185,0.3865193,0.5537508,0.674738,0.8866981,0.5217644,0.65910506,0.89930004,0.48974603,0.73321116,0.74401706,0.45495507,0.7106733,0.7799743,0.48942217,0.8680573,0.9010066,0.46754986,0.84110355,0.8393866
726,14,0.5542678,0.4937448,0.5992402,0.5807449,0.55246425,0.91169137,0.53363264,0.54118586,0.7633061,0.550668,0.6250383,0.8618401,0.51794225,0.6082178,0.504991,0.50912434,0.60330623,0.5487189,0.50957626,0.60211647,0.27907044,0.5543279,0.67183256,0.86005706,0.5214763,0.6573601,0.8825127,0.49080563,0.73399895,0.66060966,0.45545313,0.71160585,0.857602,0.49000365,0.8672401,0.7201545,0.46690223,0.8392819,0.9552419
727,14,0.55418247,0.494877,0.82782114,0.58065945,0.5509247,0.895638,0.53359014,0.54123306,0.83260185,0.5513784,0.6286692,0.8995184,0.5186721,0.60247076,0.59398085,0.5111922,0.6123164,0.72768295,0.51090723,0.60811806,0.35597062,0.55525416,0.6703403,0.87268436,0.5215179,0.65744334,0.89228714,0.49089947,0.73303086,0.72717965,0.45467308,0.7096076,0.8601551,0.4900023,0.86739326,0.7320706,0.46654984,0.83941776,0.9497001
728,14,0.5546392,0.49464428,0.7741207,0.57952917,0.552407,0.94227374,0.53348106,0.54098547,0.7629767,0.55208665,0.6288137,0.88498515,0.5239004,0.6084684,0.5591388,0.5106216,0.62267387,0.718796,0.5116099,0.6219376,0.38532102,0.55093783,0.67092705,0.8844354,0.5178765,0.6581663,0.88634765,0.49044448,0.7334033,0.7337154,0.45437762,0.7099024,0.831067,0.4894912,0.866077,0.75346047,0.46698576,0.83898735,0.93684405
729,14,0.5542449,0.49458376,0.83739,0.58039993,0.55168694,0.8278033,0.5336731,0.5407503,0.7195565,0.55363,0.6294525,0.8976017,0.5286615,0.6072331,0.5069814,0.5093472,0.6356974,0.88216716,0.5128024,0.6260417,0.30840582,0.5530784,0.67001534,0.8094939,0.5164363,0.65912795,0.7761676,0.49134853,0.7342256,0.8483888,0.45439154,0.7116695,0.7827812,0.4900398,0.86410964,0.80084723,0.46618393,0.84057564,0.96085924
730,14,0.5539333,0.49471295,0.71799964,0.5777962,0.55234987,0.8075282,0.53481674,0.54043627,0.6417528,0.5540625,0.6288536,0.7068808,0.5232871,0.59949887,0.7038022,0.5117661,0.6466405,0.820966,0.51224554,0.6361588,0.13370079,0.5564794,0.6719141,0.8354632,0.5232089,0.6595759,0.6539997,0.4920755,0.73411417,0.7271329,0.4558517,0.7122102,0.8042563,0.49011797,0.8653434,0.8436661,0.46608558,0.84020734,0.8349714
731,14,0.5541604,0.4949808,0.76453847,0.57867867,0.551871,0.85372216,0.53451055,0.53974867,0.8522165,0.55295837,0.6316561,0.8520534,0.52128047,0.6040219,0.7869578,0.51524246,0.6604503,0.8366282,0.51075554,0.6406016,0.36229298,0.5551151,0.6754877,0.8573611,0.5198999,0.6615263,0.887143,0.49199933,0.7351673,0.8522277,0.45462874,0.7111756,0.8975617,0.4896162,0.8671031,0.75887066,0.46675873,0.84113425,0.9050724
732,14,0.55422145,0.4957404,0.6936366,0.57862914,0.55151594,0.82655865,0.5337603,0.53997016,0.77176523,0.5539932,0.6304822,0.7334627,0.5208052,0.603732,0.8154123,0.5134165,0.67136145,0.689414,0.5069932,0.6393128,0.54127485,0.5563504,0.6777404,0.8927322,0.5213776,0.6637794,0.8383399,0.49275857,0.73379683,0.86683214,0.4550215,0.7102868,0.9384658,0.49078816,0.8643842,0.8622803,0.4668663,0.8415013,0.9656195
733,14,0.55427206,0.4945984,0.79621816,0.5781742,0.55326134,0.7707421,0.5344029,0.5422115,0.9044604,0.5536978,0.6329377,0.772343,0.51981735,0.60830057,0.90444636,0.51474845,0.67455363,0.60772234,0.50415283,0.6493925,0.632357,0.555463,0.67721295,0.90354866,0.52140844,0.66225517,0.76724905,0.49262393,0.7363661,0.81315887,0.45541227,0.70960546,0.91090494,0.48940086,0.86668867,0.8376729,0.46663183,0.84168714,0.9011534
734,14,0.55484277,0.49509403,0.68846685,0.5781372,0.5525597,0.90519416,0.53395027,0.5420895,0.8180708,0.554974,0.63394076,0.83506864,0.51934296,0.60977995,0.8901126,0.515273,0.6778273,0.6622129,0.50462925,0.6624992,0.65669537,0.55465895,0.6763809,0.9221128,0.51901305,0.6606537,0.81696594,0.4924523,0.737108,0.7008511,0.45461768,0.71140265,0.88015604,0.49074772,0.86647755,0.65018564,0.46760312,0.83972496,0.8815375
735,14,0.5546323,0.49478376,0.6740355,0.57903224,0.55307966,0.82854086,0.5339968,0.5415498,0.8461937,0.5565155,0.63372505,0.839187,0.5180842,0.610741,0.8732729,0.5140523,0.6762404,0.6427952,0.50321186,0.6651112,0.81604785,0.5534317,0.6748239,0.907609,0.51822066,0.6605419,0.73427314,0.49378663,0.7348464,0.7713677,0.4547938,0.70956814,0.91870415,0.49079397,0.8645055,0.8706378,0.4670193,0.83922935,0.91606426
736,14,0.5536736,0.49505818,0.585329,0.5794645,0.5524658,0.92361325,0.5329333,0.5408868,0.8187533,0.5567897,0.6350591,0.7668199,0.51695824,0.61227214,0.9338189,0.51527524,0.6747172,0.7897952,0.50228536,0.66190165,0.74530214,0.55470574,0.67405635,0.85867476,0.5189502,0.65940434,0.8093599,0.49435526,0.7326636,0.8176185,0.4552918,0.70933974,0.7888908,0.49107388,0.8652442,0.85596716,0.46636918,0.8404971,0.9055902
737,14,0.55430865,0.49390158,0.46041098,0.57886213,0.55521613,0.7330312,0.5341849,0.5433934,0.89741844,0.5571777,0.63387287,0.8439967,0.51717955,0.61100715,0.88077056,0.51547253,0.6741958,0.7811861,0.5034329,0.6611777,0.63470304,0.5501357,0.6745817,0.86086524,0.51734966,0.6589727,0.82241523,0.4939752,0.7345259,0.79838854,0.45523393,0.70967114,0.85851747,0.49072644,0.86435086,0.81769866,0.46735483,0.8388473,0.92657536
738,14,0.5542212,0.49471402,0.7209693,0.5797151,0.55410755,0.8295315,0.5326265,0.5426315,0.91164577,0.5564902,0.63417256,0.9262144,0.5154176,0.6115969,0.93480736,0.5185368,0.67441916,0.8616662,0.5006787,0.6576716,0.6097197,0.5517671,0.6760716,0.7366534,0.5170147,0.6601774,0.80739564,0.49332345,0.73413825,0.6989193,0.45472342,0.7089016,0.78105724,0.49028978,0.86577815,0.9082059,0.4662613,0.8405923,0.73284245
739,14,0.5544673,0.4947637,0.74167144,0.57902616,0.55585486,0.8726114,0.5332707,0.54460293,0.8709576,0.5572892,0.6331756,0.8800442,0.5154512,0.61118174,0.899171,0.5202474,0.6738827,0.8185742,0.49977356,0.65746766,0.6560468,0.55239475,0.6773239,0.8528695,0.5181992,0.66261375,0.82803947,0.49328834,0.73210764,0.79764575,0.45517007,0.70873517,0.7727381,0.49007243,0.86640704,0.9184669,0.46626452,0.84058493,0.6941539
740,14,0.55489445,0.4952334,0.81243485,0.578845,0.5547345,0.9055715,0.5329847,0.54506856,0.7823657,0.557994,0.6334176,0.85216,0.51589525,0.60998946,0.8099358,0.52032185,0.67219454,0.76599926,0.49880162,0.6567069,0.8026946,0.55151427,0.67909807,0.9165545,0.516496,0.6626147,0.8200566,0.49265698,0.7332578,0.7730852,0.45482188,0.70908904,0.70217735,0.49055156,0.8654271,0.86141825,0.4663661,0.84004074,0.8960588
741,14,0.55447394,0.49662623,0.7554396,0.579491,0.55425805,0.8830667,0.53243536,0.54480445,0.7773326,0.55912286,0.6333369,0.7750316,0.5149839,0.6105676,0.8914424,0.5201798,0.67200327,0.714505,0.49887988,0.6579685,0.82309747,0.55160505,0.67881614,0.8753907,0.5178577,0.66452706,0.80044997,0.4924019,0.7339357,0.7718212,0.45483133,0.7093843,0.82039946,0.49010748,0.8683796,0.85788393,0.46606305,0.8411086,0.95089036
742,14,0.55494136,0.49630585,0.8364939,0.5805615,0.5528171,0.91385704,0.53201205,0.54270524,0.9355189,0.5585388,0.63424534,0.7894178,0.51502204,0.61045694,0.84655917,0.51873225,0.67221195,0.6209299,0.49798828,0.65916187,0.8023087,0.5538017,0.6748006,0.7832875,0.5182773,0.6598929,0.86294955,0.4919382,0.7335363,0.77130044,0.45426854,0.7081345,0.82908255,0.48973885,0.8668725,0.8230748,0.4663605,0.8401653,0.96825457
743,14,0.5545408,0.49576783,0.6253874,0.57947236,0.55388016,0.73485816,0.533332,0.5453199,0.881482,0.5594147,0.6330441,0.84812796,0.515545,0.6119764,0.7594363,0.5203669,0.67111075,0.6679059,0.4996143,0.65648395,0.74451697,0.55161417,0.67689836,0.74165785,0.51646984,0.6629718,0.8279937,0.49266008,0.7330897,0.866334,0.45476735,0.7103047,0.8595681,0.49043986,0.8639877,0.85913223,0.46653172,0.83869326,0.9143024
744,14,0.5545953,0.49754196,0.64878714,0.5792196,0.55400187,0.8170503,0.5324261,0.5457829,0.67711,0.5580645,0.6332342,0.7532664,0.515257,0.61097443,0.8441573,0.5195789,0.6727337,0.6875184,0.49931628,0.6565699,0.76854277,0.5535277,0.67635125,0.8791746,0.5187717,0.6625373,0.77716917,0.49164346,0.7324578,0.72520816,0.45513567,0.70945185,0.7256044,0.49001816,0.8664212,0.9092993,0.4655612,0.8408686,0.8885945
