frame,time,nose_x,nose_y,nose_confidence,left_shoulder_x,left_shoulder_y,left_shoulder_confidence,right_shoulder_x,right_shoulder_y,right_shoulder_confidence,left_elbow_x,left_elbow_y,left_elbow_confidence,right_elbow_x,right_elbow_y,right_elbow_confidence,left_wrist_x,left_wrist_y,left_wrist_confidence,right_wrist_x,right_wrist_y,right_wrist_confidence,left_hip_x,left_hip_y,left_hip_confidence,right_hip_x,right_hip_y,right_hip_confidence,left_knee_x,left_knee_y,left_knee_confidence,right_knee_x,right_knee_y,right_knee_confidence,left_ankle_x,left_ankle_y,left_ankle_confidence,right_ankle_x,right_ankle_y,right_ankle_confidence
0,0,0.47907886,0.49119586,0.524727,0.519666,0.5382683,0.560635,0.47801724,0.541849,0.57425195,0.5213075,0.6263858,0.4720915,0.47494978,0.6212998,0.26987854,0.49305862,0.6935799,0.3404867,0.4661133,0.698731,0.31349304,0.5285889,0.68537384,0.4627937,0.49829987,0.6870677,0.42876104,0.47747257,0.7418311,0.31704894,0.45410055,0.7393365,0.3367212,0.47732484,0.86050934,0.2496727,0.47936296,0.85379267,0.1836803
1,0,0.47758695,0.48649678,0.74586564,0.523537,0.5396632,0.8748671,0.478166,0.53644663,0.8518997,0.52127236,0.64325505,0.74615383,0.47571105,0.61917675,0.7604521,0.4829698,0.6962746,0.6132505,0.47297716,0.6882524,0.70309335,0.5262763,0.67807853,0.9080986,0.4933522,0.67280453,0.70432377,0.4690532,0.75225276,0.82349855,0.43986586,0.7288395,0.82197237,0.48397028,0.8694674,0.8741795,0.46501863,0.8451376,0.87494326
2,0,0.4779019,0.48545504,0.6859134,0.5241435,0.5406379,0.79074544,0.47779265,0.5362273,0.90910196,0.52234083,0.64284676,0.8789915,0.4763243,0.61954266,0.64497507,0.482119,0.6968422,0.58878803,0.4742446,0.6904263,0.65591353,0.5262899,0.67634106,0.8449195,0.49279657,0.6706543,0.7864014,0.46834764,0.7528733,0.7935053,0.43914756,0.72652394,0.850004,0.4838725,0.87036526,0.76947826,0.46620575,0.84635234,0.85666215
3,0,0.47786942,0.4857445,0.67784524,0.52412915,0.5411923,0.82692856,0.47776842,0.5376597,0.73960936,0.52228147,0.6434516,0.90421695,0.4765294,0.6199523,0.701648,0.4822045,0.6991252,0.44916704,0.47512677,0.6906675,0.69198906,0.5259745,0.67700106,0.87937474,0.49267402,0.6714102,0.79917467,0.46780604,0.7522435,0.7183756,0.4394645,0.72801626,0.9148371,0.48415527,0.86748284,0.72632915,0.46712297,0.84650415,0.82301193
4,0,0.4772843,0.48609236,0.54102373,0.5244288,0.5424832,0.91671526,0.47778141,0.53708166,0.70908874,0.5220874,0.644001,0.89431256,0.47645086,0.6200945,0.6635314,0.48122814,0.69928473,0.54376996,0.474733,0.6912711,0.7036152,0.5263926,0.6773822,0.86791277,0.4929611,0.671533,0.8061786,0.46872693,0.75262123,0.6201281,0.43958393,0.7275942,0.9136989,0.48376733,0.8674694,0.699428,0.46687928,0.8455352,0.8237354
5,0,0.4777014,0.4858816,0.63422084,0.5240257,0.54111755,0.79226965,0.47776574,0.5373769,0.7107937,0.52191997,0.64360017,0.87626654,0.4763675,0.6202012,0.62105155,0.48200905,0.69653046,0.47418776,0.47427925,0.6912616,0.68021953,0.52688307,0.6770866,0.85937184,0.49322972,0.6711133,0.8022334,0.4684764,0.7532899,0.63569224,0.4397694,0.7270222,0.91388214,0.48401016,0.86846495,0.72394085,0.46660078,0.8453397,0.8517246
6,0,0.47772732,0.4857379,0.50690895,0.52393043,0.5411953,0.7496884,0.47828856,0.5359056,0.881356,0.52212805,0.64309275,0.8669079,0.47647116,0.6195499,0.81902325,0.4811091,0.69983053,0.5561868,0.4730402,0.6917762,0.7489755,0.5254675,0.6773798,0.8706222,0.49259612,0.6715544,0.7890855,0.46819973,0.7527123,0.68638504,0.43958473,0.72856903,0.9165552,0.48491266,0.86611664,0.883982,0.4667878,0.8434878,0.81139964
7,0,0.47771165,0.485936,0.7235304,0.5244897,0.5418131,0.83350235,0.47784016,0.5375924,0.78499585,0.5219525,0.6438746,0.88361734,0.47646683,0.6184341,0.6782511,0.4820695,0.6961554,0.6249989,0.47386667,0.6905869,0.6875166,0.5258362,0.68145275,0.9154694,0.49207577,0.67484254,0.71441776,0.4682999,0.75187063,0.78555554,0.4391765,0.72860295,0.911673,0.4836265,0.8700191,0.74806666,0.46577597,0.84401435,0.80538374
8,0,0.47776565,0.48665285,0.7559682,0.52398,0.54136443,0.7784209,0.4778309,0.5369818,0.79584044,0.52251947,0.64371437,0.85080284,0.47676483,0.6178002,0.6986846,0.48265278,0.6960782,0.65870655,0.47369608,0.6872199,0.774326,0.5245199,0.6821651,0.88161886,0.49148756,0.6752569,0.78443,0.46878386,0.7524422,0.8038967,0.43989024,0.7287222,0.8758184,0.4838361,0.87105024,0.8524832,0.46553263,0.8417677,0.8450738
9,0,0.4779182,0.48627946,0.75245064,0.5241554,0.5419293,0.9071828,0.4788512,0.5373295,0.8881305,0.52191985,0.6441014,0.8691882,0.47736466,0.6183729,0.8002201,0.48187178,0.6973838,0.69070995,0.47300637,0.69027483,0.6727722,0.5256414,0.6809743,0.8417717,0.49340966,0.6745733,0.7916937,0.46879956,0.75289595,0.8081935,0.43928704,0.7289941,0.89313614,0.4838811,0.8693931,0.8358674,0.46653387,0.8414892,0.77056515
10,0,0.4775475,0.48611912,0.7161563,0.52398485,0.54126066,0.7593182,0.477271,0.5385344,0.74944866,0.52204996,0.64333916,0.8164817,0.47655246,0.62042356,0.6051372,0.482596,0.6965847,0.6814795,0.47382587,0.68952286,0.5853495,0.5253417,0.6808,0.8676471,0.492158,0.6742429,0.77665466,0.46931562,0.7516882,0.80719733,0.43960136,0.7275594,0.8292125,0.4830415,0.87159306,0.76286304,0.4650148,0.841598,0.86460316
11,0,0.47748965,0.48630008,0.59640795,0.52408093,0.5427713,0.9089885,0.47748998,0.53740615,0.7675325,0.5222415,0.6436803,0.85917187,0.47669372,0.61781365,0.6302774,0.48201376,0.6969495,0.70907277,0.47348583,0.69032174,0.6069869,0.5254904,0.6816561,0.88090664,0.49212638,0.67456335,0.7788725,0.46897623,0.7523762,0.81012535,0.4392136,0.7275365,0.8155516,0.48391932,0.8708251,0.82103825,0.46592993,0.84121716,0.8579428
12,0,0.47747862,0.48620853,0.7376863,0.5239743,0.54156333,0.9032668,0.47768122,0.5367989,0.79806626,0.52217,0.6437015,0.85292965,0.47708353,0.6193265,0.72771394,0.48210907,0.69636196,0.6923573,0.47386846,0.68894994,0.6027078,0.524772,0.681671,0.87321144,0.49168417,0.6747177,0.7732238,0.4687565,0.75301343,0.7842063,0.4398572,0.7284171,0.8768191,0.4837441,0.8703795,0.7734692,0.46649265,0.84298545,0.8540448
13,0,0.47743767,0.48581588,0.76904374,0.5240323,0.54145575,0.9122275,0.47835973,0.5380112,0.8841405,0.5216099,0.644235,0.8702991,0.47718686,0.61988115,0.82974684,0.481685,0.69741404,0.70524776,0.47324705,0.6902604,0.7013044,0.5251208,0.6826144,0.893,0.49274623,0.6757129,0.7785837,0.4687782,0.75309473,0.789864,0.43953654,0.7279112,0.900673,0.48413876,0.869806,0.8118341,0.46650207,0.8410346,0.8061424
14,0,0.47768745,0.4856133,0.6048725,0.5237465,0.54225475,0.85653573,0.47799873,0.5394864,0.8002662,0.52199626,0.6426716,0.88431555,0.4773136,0.6191498,0.6922747,0.48237744,0.6967759,0.6548694,0.4732773,0.68807054,0.76300687,0.5244118,0.6832066,0.8688118,0.4919554,0.67608756,0.7707697,0.4687384,0.75243384,0.7375959,0.4401927,0.7276498,0.89791685,0.48395652,0.8698864,0.7661349,0.465876,0.84148186,0.7498575
15,0,0.47849497,0.48519152,0.770712,0.52325976,0.5442279,0.7960926,0.4796706,0.5397531,0.8143904,0.52181333,0.64366466,0.8679986,0.47738534,0.6188804,0.62784636,0.4820445,0.69743556,0.61650574,0.47321185,0.6889318,0.75283116,0.52368736,0.68493956,0.8481563,0.49187443,0.67695767,0.7199358,0.46912467,0.7520267,0.6896739,0.4402673,0.72805494,0.86951107,0.4839829,0.87047267,0.82990605,0.46615368,0.84276795,0.76901793
16,0,0.47820637,0.48482212,0.75266546,0.5227647,0.54554135,0.7019172,0.4800068,0.5402572,0.8120345,0.52157944,0.64383817,0.8297791,0.47829306,0.6195307,0.6655138,0.4824026,0.69565666,0.6632161,0.47258887,0.6897617,0.7115116,0.5243166,0.6847501,0.81127036,0.49328676,0.6782387,0.71132797,0.4691305,0.75248295,0.6855923,0.44016284,0.72933066,0.85144526,0.4836875,0.8708684,0.8262639,0.46536234,0.84296,0.7148179
17,0,0.47865674,0.48448497,0.73956954,0.52221227,0.54552484,0.5681592,0.4799951,0.5402696,0.7366168,0.5219753,0.6427452,0.68895286,0.47735864,0.6186952,0.5557048,0.48347145,0.69490016,0.6498977,0.47309932,0.68918943,0.54049796,0.5219913,0.6828664,0.5589792,0.49206993,0.6754529,0.54949397,0.4694198,0.7516588,0.43761683,0.44109303,0.72939444,0.74701387,0.48363498,0.8708245,0.69667107,0.46615216,0.8435989,0.6469252
18,0,0.47788715,0.48520085,0.7195786,0.5227604,0.54541945,0.7787803,0.48026517,0.5406266,0.79778486,0.52123713,0.64370877,0.8635292,0.47765794,0.6178808,0.58888334,0.4820317,0.6971013,0.5724475,0.47292954,0.68889827,0.697814,0.523422,0.68490267,0.8369072,0.492319,0.6788598,0.48931882,0.46921286,0.7514356,0.6306437,0.44001445,0.7292129,0.77975756,0.4843867,0.8684739,0.8762622,0.46643963,0.8453815,0.7167805
19,0,0.47824213,0.48500994,0.72150403,0.5225468,0.5460603,0.6460009,0.48049077,0.54073197,0.7627354,0.52181965,0.6434381,0.7647559,0.4778013,0.61877364,0.55547345,0.48354477,0.69508964,0.6471975,0.47237223,0.6896668,0.5426657,0.5226813,0.68487716,0.65461683,0.49218038,0.6760599,0.55279547,0.46971443,0.7527707,0.3970172,0.44106033,0.7292461,0.7282539,0.4840188,0.871271,0.73316777,0.46616656,0.84196156,0.6744978
20,0,0.477888,0.4853061,0.72478575,0.52302825,0.5464292,0.6978324,0.48038715,0.5406425,0.7600557,0.521046,0.6440539,0.78317595,0.4781876,0.6190289,0.61920565,0.48240507,0.69491297,0.5172466,0.47283205,0.68852526,0.6143225,0.5216787,0.6846177,0.6925714,0.49106696,0.6753451,0.5841434,0.46932203,0.7521759,0.577386,0.44038734,0.7295723,0.6736483,0.48454526,0.8700128,0.77207845,0.46725383,0.8428433,0.68997335
21,0,0.4787138,0.48427835,0.46150392,0.5231038,0.5466832,0.7576383,0.48001006,0.54113066,0.623911,0.52107567,0.6437044,0.8300012,0.47837782,0.6193176,0.5867814,0.4820339,0.6968041,0.43231392,0.47250608,0.6880517,0.6561474,0.522021,0.6830893,0.6803935,0.49170303,0.6759137,0.58436704,0.46880162,0.7516665,0.5647351,0.43994072,0.7298439,0.68432724,0.48491156,0.8698369,0.82063144,0.46744797,0.84565914,0.70054156
22,0,0.47793138,0.48540503,0.6810669,0.5233139,0.5460964,0.83722734,0.4803005,0.54013914,0.764119,0.52122,0.64438564,0.892175,0.47814283,0.61924225,0.7126951,0.48157263,0.6975419,0.55657464,0.47272,0.68894327,0.7391231,0.5224338,0.6842881,0.81589586,0.49088058,0.6760769,0.708517,0.46874088,0.7510483,0.69922024,0.43965766,0.728818,0.8273679,0.4843488,0.8687631,0.9045461,0.46635923,0.8448459,0.7452743
23,0,0.4779191,0.4853124,0.6668878,0.52317035,0.5451843,0.85658544,0.47933626,0.5409291,0.643547,0.52111304,0.64411277,0.89861155,0.47818688,0.61938137,0.7745663,0.48181656,0.6963041,0.556343,0.47234005,0.68785715,0.75751364,0.5234789,0.68274164,0.80200297,0.4926461,0.67649186,0.73988724,0.46854538,0.7518512,0.7263679,0.43962923,0.72873443,0.8738916,0.48472464,0.8693082,0.8793094,0.46695998,0.8418224,0.8295325
24,0,0.4781321,0.48496556,0.7676198,0.52309793,0.54535747,0.73388225,0.48051196,0.5402462,0.7401928,0.5216366,0.64342946,0.8055616,0.4775357,0.6208845,0.6239912,0.48225948,0.6969767,0.5138567,0.47351867,0.6886212,0.6707348,0.5233429,0.6840636,0.7701009,0.49195233,0.67621213,0.6504761,0.46963936,0.7508114,0.6033639,0.44076946,0.7282355,0.76350164,0.48415333,0.8698269,0.8578381,0.46582302,0.84498286,0.66090447
25,0,0.4781802,0.48542276,0.7655807,0.5230308,0.5448789,0.8107189,0.47994912,0.5403725,0.80443954,0.5217429,0.64369375,0.8839263,0.47776943,0.62034494,0.7151965,0.4824864,0.69691336,0.6120685,0.47270042,0.6881574,0.7511718,0.52420896,0.6844519,0.8505876,0.49242866,0.6781253,0.7132983,0.46863753,0.75146383,0.7556708,0.43996033,0.7280528,0.8830592,0.48458672,0.8688284,0.8485952,0.4665987,0.8425677,0.7335981
26,0,0.47862738,0.48514754,0.75935674,0.5234984,0.5456881,0.7268713,0.48016834,0.54066753,0.7905888,0.5224301,0.6437468,0.8550898,0.47753575,0.6210481,0.6442679,0.4826235,0.6952945,0.7048386,0.47290692,0.6890105,0.7078616,0.5237715,0.6846526,0.80211836,0.4929125,0.6793792,0.69307756,0.46894494,0.7531937,0.63034594,0.4407592,0.7277215,0.85215706,0.48402393,0.87072843,0.8285425,0.4658191,0.8433019,0.75770664
27,0,0.47871724,0.48530555,0.7503061,0.52286047,0.54586226,0.6466921,0.48047525,0.5405518,0.7498631,0.52206606,0.6434256,0.7568652,0.47792536,0.6204631,0.5880047,0.48329163,0.6950275,0.635729,0.47269022,0.68941325,0.57187283,0.5218338,0.6849022,0.629179,0.49196187,0.6766612,0.57406664,0.46950498,0.75322074,0.42248994,0.44116533,0.7283262,0.73081225,0.48375598,0.8712266,0.7417911,0.4659893,0.841376,0.68929756
28,0,0.47832766,0.484811,0.59915745,0.52287155,0.5467211,0.6794658,0.48065534,0.54061776,0.77880645,0.5210822,0.6437438,0.79239285,0.4781111,0.619385,0.6065786,0.4829878,0.6948994,0.49706835,0.47241205,0.68867505,0.5629398,0.520954,0.68430966,0.64522326,0.49094898,0.6756701,0.5541907,0.46939272,0.7511289,0.4848605,0.4406077,0.72899497,0.6479338,0.48427188,0.8683883,0.81062007,0.46720895,0.8425955,0.68112385
29,0,0.47887024,0.48395318,0.57605267,0.5232145,0.5437673,0.6548037,0.47985584,0.54053026,0.6938934,0.5213216,0.64426273,0.8965692,0.47836939,0.619097,0.49920225,0.48174292,0.69680303,0.6059372,0.47279304,0.68856746,0.777182,0.52373654,0.6820031,0.77786875,0.49302012,0.67566997,0.7292593,0.46784106,0.75131047,0.7393052,0.4394722,0.7282711,0.8919247,0.48468018,0.87015057,0.87469536,0.46676356,0.84260285,0.84606856
30,0,0.47837642,0.48461926,0.7616357,0.523288,0.5448748,0.7686093,0.47984573,0.54076445,0.76019037,0.5217809,0.6446412,0.7947477,0.47693154,0.61887527,0.47902232,0.48190868,0.6971135,0.507698,0.47347677,0.6879492,0.68045974,0.5231731,0.68512064,0.85239005,0.49193108,0.6774863,0.520072,0.46890944,0.7514885,0.6747315,0.43966013,0.7277934,0.71007216,0.4841565,0.8703307,0.8326821,0.46622646,0.8437653,0.67057836
31,0,0.47805446,0.48530963,0.7377937,0.5234263,0.54572695,0.8152374,0.48005593,0.5408931,0.7789263,0.5215766,0.6437841,0.8064193,0.4781254,0.6197355,0.7153863,0.4826554,0.69575256,0.6384313,0.47262987,0.69024676,0.70092607,0.52314585,0.68762356,0.81226045,0.49190846,0.67851776,0.6929454,0.4686271,0.75299877,0.5456391,0.44020632,0.7278199,0.8372288,0.4832638,0.8705319,0.780096,0.46620852,0.8424053,0.76500696
32,0,0.4781179,0.48491895,0.688332,0.5230287,0.5449998,0.7899555,0.4803978,0.5403947,0.76026964,0.5213922,0.64424574,0.7707384,0.47799397,0.61910874,0.6409031,0.48258296,0.6962752,0.6567177,0.47150108,0.690194,0.6315518,0.5223882,0.6840877,0.6032707,0.49102184,0.6765317,0.58478826,0.4698045,0.75392485,0.46947816,0.4404395,0.72813463,0.7794821,0.48353162,0.86990535,0.7935641,0.4662129,0.8427671,0.6844253
33,0,0.47804698,0.48595926,0.7251869,0.52441,0.54180527,0.77541924,0.47884387,0.5397405,0.6394487,0.5209823,0.6441064,0.9042165,0.47810736,0.6189065,0.8387657,0.48178568,0.6975753,0.59891665,0.47253135,0.6888406,0.7977841,0.5243313,0.68214786,0.79592186,0.4929983,0.6758409,0.7627882,0.46820152,0.75168085,0.7526993,0.43945605,0.7282391,0.9089432,0.48480102,0.8698906,0.8834827,0.46699795,0.8420568,0.8195806
34,0,0.47880557,0.48456421,0.7471276,0.52413696,0.5452337,0.7842032,0.4795626,0.54023767,0.7711752,0.5218448,0.6438884,0.77273214,0.4772665,0.6173192,0.47978795,0.48232377,0.6961879,0.48188683,0.47378948,0.6878496,0.65278107,0.5221708,0.6871764,0.822001,0.4911598,0.67834324,0.50093544,0.4693196,0.75171256,0.57555884,0.44091526,0.72788954,0.7812666,0.4838831,0.87139666,0.80013484,0.4654036,0.8440033,0.6199573
35,0,0.47922197,0.48465633,0.6446838,0.52315724,0.5450397,0.81498647,0.48055524,0.5406598,0.6917342,0.5215786,0.6436864,0.83003724,0.47871894,0.6197574,0.6238567,0.48320115,0.694674,0.6852445,0.47343025,0.6885193,0.7524421,0.52340055,0.68237746,0.8385401,0.49307767,0.6765138,0.58276135,0.46936545,0.7515317,0.53540766,0.44004187,0.72708064,0.7675712,0.48358956,0.8708979,0.86601526,0.46597946,0.8430432,0.7404706
36,0,0.47855046,0.48502022,0.75858814,0.52315426,0.54419804,0.7720658,0.48047066,0.5403012,0.7434495,0.5218198,0.6431692,0.8287025,0.47774944,0.62044895,0.663411,0.48223725,0.69687897,0.54172695,0.47365156,0.68848276,0.68945265,0.52300864,0.6839268,0.78913623,0.49176544,0.6763056,0.6669573,0.46921593,0.7521964,0.6446794,0.44051182,0.72795224,0.8254369,0.48389637,0.871685,0.8443348,0.4651914,0.84600794,0.7349
37,0,0.47873798,0.48489684,0.6468265,0.52295375,0.545677,0.7102558,0.48048094,0.5403296,0.7758857,0.5212528,0.6434166,0.78856087,0.47886422,0.61877906,0.63102657,0.4824587,0.69447315,0.461504,0.47311047,0.68808365,0.6166009,0.52169067,0.68541497,0.715919,0.4911996,0.67620474,0.5913991,0.46915352,0.7523918,0.532367,0.4403397,0.72893596,0.69828033,0.48492044,0.8700851,0.76796633,0.46719292,0.84270936,0.64342934
38,0,0.47940174,0.48456737,0.62292355,0.52342236,0.5458543,0.7958493,0.48043117,0.54052836,0.6301641,0.5209979,0.6441871,0.8011193,0.47847527,0.6194489,0.6320694,0.48212278,0.69528514,0.55377597,0.472432,0.6895506,0.68045264,0.5222826,0.68378234,0.7008134,0.49239424,0.67748946,0.64055645,0.4688214,0.7518072,0.5685193,0.4405456,0.7269904,0.72108024,0.48474064,0.871094,0.85925174,0.4659949,0.8423741,0.74305284
39,0,0.47887394,0.48517627,0.5975264,0.52304095,0.54553515,0.7594313,0.48065814,0.54063034,0.7811818,0.5212831,0.64382124,0.7962559,0.4787555,0.6190797,0.65216285,0.48224735,0.6943379,0.5397084,0.47310102,0.6884193,0.62035424,0.52209586,0.68547535,0.7257636,0.49166602,0.67712367,0.6292209,0.4687675,0.7527562,0.58538556,0.44025266,0.728486,0.73726904,0.484211,0.8696627,0.79524773,0.46655542,0.84300816,0.676566
40,0,0.47899038,0.48486927,0.5250851,0.52355707,0.5439119,0.87571305,0.47951278,0.5396146,0.5921203,0.5214115,0.6438342,0.89628005,0.4780946,0.61918324,0.77458316,0.48191634,0.69539344,0.6746458,0.47216067,0.6890983,0.7531949,0.5245634,0.6830955,0.77318585,0.49347448,0.67693275,0.751997,0.46812642,0.7514626,0.6809695,0.44016874,0.7273947,0.88379323,0.4838501,0.86777425,0.8716128,0.46583846,0.84193045,0.8363898
41,0,0.47935835,0.48483643,0.7443772,0.52344364,0.5443725,0.72389895,0.47984943,0.5404713,0.7743627,0.5222054,0.6431768,0.8342375,0.47697127,0.6185424,0.4592395,0.48265016,0.69424236,0.5895828,0.47357878,0.6881665,0.6689057,0.5227949,0.6847638,0.8169221,0.49218693,0.67775416,0.70625263,0.4688536,0.7541755,0.56149304,0.44072643,0.7272991,0.8511822,0.48330027,0.8695467,0.7168884,0.46619588,0.84283394,0.78234583
42,0,0.4786584,0.48533112,0.6366884,0.52315,0.54444927,0.8336697,0.48054683,0.53989565,0.7668481,0.52157366,0.64426035,0.8357386,0.4781685,0.6199216,0.7343919,0.48242855,0.69541603,0.6744115,0.47267896,0.6903255,0.7266033,0.5245111,0.6852696,0.7909865,0.4938659,0.6786638,0.71884906,0.46892256,0.7511748,0.5713308,0.4401265,0.72776634,0.85876024,0.4837998,0.8706811,0.82253057,0.46587518,0.84442455,0.7000035
43,0,0.47943223,0.48501548,0.7403889,0.52319235,0.5469181,0.6672546,0.48008546,0.54078835,0.7498036,0.5222484,0.6431018,0.6834999,0.47672737,0.62021476,0.50205636,0.48339015,0.69523877,0.61887294,0.47243884,0.6867725,0.62708926,0.52103287,0.6845937,0.6303576,0.49037996,0.6766156,0.5265792,0.4697133,0.75189084,0.40840486,0.44116783,0.72835904,0.7265932,0.48412913,0.8726115,0.82228345,0.4658837,0.8432159,0.54996365
44,0,0.47998175,0.48386,0.7372523,0.5230849,0.5432147,0.6336556,0.4807524,0.5402407,0.7054219,0.5211962,0.642877,0.8439747,0.47844893,0.61956507,0.44855264,0.4827132,0.6956526,0.56101644,0.47272786,0.68970615,0.721139,0.5227034,0.68358666,0.7131395,0.4926714,0.6775611,0.65721905,0.4679609,0.7505678,0.595508,0.44032925,0.7276346,0.7867731,0.48489004,0.87019473,0.8679479,0.46714008,0.843392,0.78613436
45,0,0.47869447,0.48505533,0.6802346,0.5232999,0.54510486,0.781931,0.48040378,0.5402621,0.77568144,0.52143186,0.64367115,0.8030822,0.47794688,0.6196261,0.59974456,0.4821358,0.69468117,0.5692017,0.47287935,0.6886101,0.64969265,0.52266854,0.6864149,0.79071397,0.49202386,0.67767376,0.65888137,0.4691774,0.75157094,0.62307817,0.4404716,0.7280093,0.7811838,0.48393753,0.8703707,0.776107,0.4670386,0.84229237,0.7012968
46,0,0.47922033,0.48449656,0.49296895,0.5234382,0.54524547,0.8209038,0.48038372,0.5398205,0.77646875,0.5215773,0.6441645,0.81086653,0.47779018,0.62008613,0.6664954,0.48265174,0.69539046,0.6598699,0.4720664,0.6898583,0.67007107,0.5239233,0.68374914,0.7395579,0.4935573,0.6783462,0.69272035,0.4693738,0.75295657,0.51089406,0.43951955,0.7281184,0.81268215,0.4837114,0.8713285,0.83400863,0.46582547,0.8432709,0.7810399
47,0,0.47890934,0.48517677,0.7619495,0.52379227,0.54332924,0.8473809,0.47968343,0.5392325,0.7905715,0.521843,0.643328,0.86151034,0.47721106,0.6211582,0.7135854,0.48258594,0.6948924,0.765253,0.47291312,0.6888318,0.7562242,0.5253166,0.68262464,0.8266494,0.49338767,0.6775012,0.7537161,0.46841177,0.75147605,0.75116336,0.44005367,0.72726035,0.9106458,0.48390314,0.8702815,0.8333302,0.46581838,0.8433756,0.7895115
48,0,0.47965685,0.48479107,0.72394186,0.52280504,0.54483706,0.4162969,0.48002723,0.54027045,0.74808943,0.5223716,0.6427317,0.68414277,0.4771204,0.6176742,0.3340412,0.4831194,0.69461906,0.50703835,0.4734763,0.688241,0.70465845,0.52071375,0.6857909,0.737215,0.49044296,0.67784905,0.601109,0.4695565,0.751691,0.40181908,0.44130865,0.7287264,0.69588244,0.48456848,0.87016815,0.8102832,0.46658707,0.84302527,0.5887466
49,0,0.47997254,0.4843906,0.73447484,0.5233644,0.5433645,0.6490726,0.48102656,0.5393866,0.7125978,0.5213025,0.64305264,0.831023,0.47807083,0.62082005,0.50881255,0.48366004,0.69563955,0.6096235,0.47315452,0.6906161,0.71134526,0.5224882,0.682001,0.6366853,0.4922064,0.67618555,0.63179284,0.46904257,0.7513368,0.58571786,0.43965337,0.7280411,0.8262495,0.4839305,0.87007874,0.8919889,0.46556714,0.8416514,0.8223255
50,1,0.47801456,0.4863833,0.78200126,0.52421707,0.54022187,0.7645845,0.47925153,0.5375747,0.8405882,0.52124196,0.6440674,0.9056259,0.4774176,0.6181538,0.7452032,0.4814792,0.69785666,0.6609936,0.47281978,0.69112706,0.6736353,0.5270111,0.6810801,0.8454139,0.49403825,0.6743092,0.76655865,0.46861088,0.75122607,0.79579914,0.4395304,0.7278797,0.9149681,0.48448282,0.87034166,0.9159742,0.46713787,0.8418897,0.8058239
51,1,0.47844994,0.48604053,0.6657045,0.5241024,0.5395227,0.8578247,0.47855648,0.5370584,0.89796317,0.5224766,0.6422419,0.7192339,0.47605792,0.62030846,0.7957464,0.48244843,0.69595194,0.57381064,0.47294205,0.6863537,0.8160842,0.5256539,0.682215,0.8893971,0.49251217,0.6759112,0.77444255,0.46866655,0.7484595,0.7830013,0.43986836,0.7278161,0.8692628,0.48426718,0.8713498,0.93272305,0.46579993,0.8463857,0.82416344
52,1,0.47852242,0.4852546,0.63026386,0.52415705,0.54107404,0.8666688,0.47871888,0.5390596,0.8440526,0.5224608,0.6421916,0.8823015,0.4772073,0.6193705,0.6530643,0.48225725,0.69676536,0.61156714,0.4731032,0.68798614,0.7596429,0.52501965,0.68492746,0.89349043,0.49272382,0.6782132,0.62327653,0.46898493,0.75249386,0.6584122,0.44016045,0.7278887,0.90095085,0.48397177,0.8700209,0.7942483,0.46639246,0.84430414,0.8283758
53,1,0.4792743,0.48526007,0.7063719,0.52331924,0.54315495,0.7848705,0.47979847,0.53935,0.81477666,0.52206284,0.64349,0.8376454,0.47730654,0.6194446,0.6901399,0.48302847,0.69494957,0.7558143,0.47276127,0.6886275,0.66518766,0.5238109,0.6839533,0.80101436,0.49204868,0.67681015,0.7438746,0.46902683,0.75420177,0.6525543,0.44031206,0.7277814,0.8721231,0.48403522,0.87170637,0.81313425,0.46689528,0.84112185,0.7050803
54,1,0.47884277,0.48538938,0.6618601,0.52269447,0.54515684,0.6409312,0.48038203,0.5398472,0.79726994,0.5218125,0.64290756,0.78149605,0.4783451,0.6187488,0.596802,0.4825285,0.69508123,0.49676496,0.47282505,0.6887864,0.61372715,0.5222259,0.68686,0.7603292,0.4914632,0.67832845,0.6331947,0.46905765,0.75241697,0.41997585,0.44044653,0.7291214,0.70466626,0.48413903,0.86889184,0.7759325,0.46677,0.842659,0.70098084
55,1,0.4793827,0.4853049,0.618889,0.52276045,0.5448863,0.76848704,0.48008347,0.54015505,0.6126173,0.5215756,0.6439407,0.79934514,0.47830418,0.6200152,0.57978547,0.48315814,0.69561255,0.6849344,0.47235376,0.6893903,0.6125002,0.5237965,0.68305767,0.6117287,0.49320486,0.6775175,0.57564074,0.46979246,0.7519699,0.53033096,0.44037548,0.7273467,0.759647,0.48338124,0.86965233,0.81201357,0.4660111,0.8438746,0.7340489
56,1,0.47877547,0.48527464,0.7616202,0.5233362,0.5432888,0.8152562,0.47980165,0.5402004,0.78909594,0.5222339,0.64327246,0.88187945,0.47705376,0.6187421,0.53759706,0.48257983,0.6971913,0.60425085,0.47318062,0.68868417,0.72185755,0.5235529,0.6850765,0.85261756,0.49188063,0.6778139,0.73943615,0.46908057,0.7514568,0.721655,0.44027382,0.72826314,0.88462114,0.48335984,0.87013817,0.7906667,0.46663257,0.8444471,0.7850802
57,1,0.47814023,0.48564363,0.7669651,0.52345103,0.5436408,0.87834674,0.47986677,0.53865445,0.77957505,0.5215238,0.64369833,0.8853806,0.47753048,0.6199314,0.75727403,0.4840452,0.6953884,0.6849744,0.4722551,0.69027436,0.78076416,0.52600753,0.6832433,0.791787,0.49422342,0.677118,0.78990376,0.46871236,0.75305104,0.78381145,0.43956837,0.72847766,0.9208561,0.4841185,0.8719019,0.83355457,0.46631584,0.84189826,0.82145816
58,1,0.47914192,0.48566788,0.68439645,0.5225394,0.5468734,0.62616616,0.4795546,0.53954285,0.79971105,0.52215403,0.6417177,0.54561037,0.47724107,0.61731964,0.31466204,0.48323828,0.6941835,0.42117926,0.47279117,0.6864816,0.63842034,0.52039856,0.6830865,0.62503093,0.4903308,0.67561275,0.55955803,0.46937102,0.75097704,0.40708897,0.44129068,0.7285056,0.66783947,0.48485348,0.8713664,0.7977974,0.46619025,0.84447384,0.6408003
59,1,0.4797095,0.48505458,0.7189863,0.52344364,0.5442809,0.6728513,0.48010918,0.540329,0.7242899,0.52196366,0.64487433,0.8758165,0.47801188,0.61966985,0.48733252,0.4832775,0.6965254,0.4579547,0.47470874,0.6878537,0.53786176,0.52324575,0.6822072,0.7148204,0.49200064,0.6768568,0.68658435,0.46864846,0.75143415,0.684417,0.4396347,0.727637,0.7082413,0.48463804,0.86907333,0.86930275,0.46563408,0.84416187,0.8054555
60,1,0.47829157,0.48538888,0.7367731,0.52325946,0.5451669,0.798328,0.48001358,0.5410922,0.8012941,0.5214582,0.6434997,0.8743006,0.47704357,0.61953056,0.54043245,0.48208103,0.69744456,0.58686924,0.47311592,0.6890493,0.7485873,0.52402556,0.68410045,0.83674335,0.4925706,0.67834336,0.6858886,0.46938944,0.75055385,0.6712052,0.43987736,0.7282971,0.8481767,0.48460716,0.87041456,0.88873017,0.46602815,0.8455353,0.6906173
61,1,0.4784933,0.48518062,0.7432729,0.52291673,0.5443897,0.7366693,0.48024285,0.5411292,0.74666077,0.52223843,0.6426334,0.7770177,0.4769947,0.6210271,0.5138213,0.4826621,0.69544464,0.61013496,0.47292426,0.6895231,0.59215695,0.52213925,0.6860727,0.7332912,0.49149758,0.67857033,0.6541021,0.4696001,0.751838,0.4515834,0.4404792,0.7288572,0.77883613,0.48370945,0.86968327,0.7761772,0.46650854,0.84413743,0.68491817
62,1,0.47931966,0.48478174,0.55264014,0.52253276,0.54540473,0.73202115,0.48075235,0.5402878,0.73032314,0.5214836,0.64338756,0.77301735,0.47794408,0.6191244,0.5303798,0.4832771,0.6950158,0.6069471,0.47306365,0.68965465,0.6622994,0.5222546,0.68437505,0.63543916,0.49126688,0.6766432,0.53814965,0.47035334,0.7520835,0.45688182,0.4409499,0.72708625,0.6758218,0.4836853,0.869753,0.79070807,0.4659997,0.84282446,0.695222
63,1,0.47907954,0.48522085,0.5155733,0.5229198,0.5453938,0.7952129,0.47998285,0.5401938,0.78931487,0.52110034,0.64367473,0.8371967,0.47799736,0.6191155,0.65435326,0.4824697,0.6952661,0.55098605,0.47259203,0.68922335,0.68600893,0.5230502,0.682931,0.72129273,0.49293938,0.6774327,0.67636615,0.46924192,0.7512191,0.59973115,0.44019806,0.72822374,0.76920736,0.4852406,0.8701493,0.87472695,0.46708697,0.84224576,0.79276836
64,1,0.47865832,0.48562288,0.7587522,0.5228354,0.54427916,0.75074977,0.48007277,0.5407765,0.77837086,0.5218897,0.6424492,0.8253632,0.47755086,0.62046593,0.64525914,0.48258513,0.69735837,0.5585847,0.47322696,0.6895474,0.69529843,0.52275276,0.6856208,0.79075485,0.4915941,0.6778154,0.6577383,0.46989435,0.750602,0.5805093,0.44035313,0.7283714,0.8353663,0.4845675,0.8697045,0.7890015,0.46645725,0.84415936,0.71783465
65,1,0.4786194,0.48539022,0.56288594,0.52285707,0.54554474,0.76300335,0.48049116,0.54017437,0.7608565,0.52157795,0.64357644,0.8121924,0.47777,0.61932766,0.6332715,0.48254922,0.6948812,0.61053,0.47232845,0.68966717,0.63350374,0.52335215,0.68349516,0.68273747,0.49295372,0.67761797,0.64012897,0.4692229,0.7514714,0.5124914,0.4394128,0.7290698,0.73783106,0.4843853,0.87112993,0.82982475,0.466795,0.84275466,0.7560146
66,1,0.4788551,0.48573738,0.7552955,0.52268326,0.5448294,0.6657229,0.48041952,0.5405972,0.7597616,0.52220577,0.6419761,0.770157,0.4774552,0.6199325,0.5573261,0.48283824,0.69556046,0.50542456,0.47280502,0.6891362,0.54756165,0.521707,0.68548965,0.65243536,0.49074584,0.6769998,0.5693088,0.4697396,0.75166047,0.3507663,0.44087517,0.7292044,0.6818019,0.48425782,0.8695825,0.65733576,0.46681136,0.842369,0.5529783
67,1,0.47919467,0.48515025,0.63864774,0.5228309,0.54574317,0.75984746,0.48020574,0.5400684,0.5915329,0.52137715,0.6434174,0.8135191,0.47821987,0.6198745,0.59289217,0.48281732,0.6951154,0.5420746,0.47240302,0.68881536,0.60310054,0.5219351,0.6839376,0.6325998,0.4914169,0.6773587,0.5394321,0.46841654,0.7513265,0.42413107,0.44082814,0.7273249,0.6708953,0.4847088,0.87043154,0.82289505,0.46642035,0.842884,0.7259657
68,1,0.47916615,0.48513597,0.5531133,0.5230146,0.5461902,0.7487695,0.48016295,0.5407383,0.8157343,0.5211294,0.6437672,0.823995,0.47845584,0.6185854,0.3527481,0.48256996,0.6950591,0.54811573,0.47240403,0.6891701,0.64741385,0.5219892,0.68392354,0.68997383,0.49221733,0.6781422,0.64159167,0.46896824,0.75161165,0.57234776,0.44046986,0.72903204,0.7171612,0.48515642,0.87009823,0.8661375,0.46720257,0.8423438,0.7506987
69,1,0.4783127,0.48560956,0.62943953,0.522946,0.5461271,0.720733,0.48016712,0.5404989,0.76110125,0.52134854,0.6439727,0.8159,0.47755772,0.6201536,0.60503346,0.48209107,0.6955223,0.50741935,0.47229987,0.68989056,0.6206066,0.5220992,0.68538964,0.70938975,0.49224293,0.6788032,0.6072016,0.46864876,0.7516045,0.4589867,0.44031483,0.7293052,0.7276287,0.48469362,0.86874765,0.8331979,0.46726856,0.8428837,0.72352594
70,1,0.47854698,0.48580346,0.550139,0.52270454,0.54602504,0.67678577,0.48035336,0.5404491,0.7574324,0.52161366,0.6435228,0.76007247,0.47761524,0.61950135,0.5718633,0.4832039,0.69535434,0.58959687,0.4719841,0.6892414,0.5119515,0.5218347,0.6830686,0.5708283,0.4914327,0.67522526,0.48163566,0.46985844,0.75195134,0.42378914,0.44111487,0.727848,0.6781859,0.48375636,0.87015134,0.7525341,0.46553335,0.8420155,0.6297149
71,1,0.47816458,0.48549578,0.65078217,0.523217,0.5471789,0.7409634,0.48017642,0.54057276,0.7910816,0.5211293,0.6437953,0.8415519,0.47789627,0.6196182,0.61039126,0.48228487,0.69658744,0.5147778,0.47250184,0.6876936,0.6802988,0.5206198,0.68589467,0.76957977,0.49015886,0.67741305,0.642516,0.46874195,0.74938613,0.55659896,0.43978167,0.7295836,0.7095685,0.48441187,0.86889535,0.89453036,0.46651348,0.8446206,0.73793334
72,1,0.4788172,0.48511687,0.73347497,0.5235683,0.5428632,0.7678415,0.47919783,0.53949684,0.7173944,0.52096856,0.64324796,0.89844793,0.47768834,0.62096035,0.6645289,0.48325053,0.6956796,0.7058736,0.47411916,0.68967885,0.6894725,0.5239812,0.6821936,0.8906573,0.492416,0.6757698,0.73847735,0.46795756,0.750029,0.69792414,0.43882576,0.72729003,0.89043623,0.4840247,0.87053984,0.895634,0.46552947,0.84229165,0.87887424
73,1,0.47872987,0.48558226,0.7422575,0.52321434,0.5451507,0.7371244,0.47970575,0.5403459,0.8066557,0.5220849,0.6429631,0.8739702,0.47715747,0.62083435,0.5931784,0.4819885,0.69656295,0.5692431,0.47324613,0.6884659,0.7142248,0.5233883,0.6845597,0.8467274,0.49210873,0.6780934,0.5493213,0.46954757,0.7501448,0.68932295,0.44035855,0.72804815,0.8549156,0.4844726,0.87010574,0.8740252,0.46593386,0.8450245,0.7513112
74,1,0.47826016,0.48545334,0.7403111,0.52263856,0.5460036,0.6617473,0.4801261,0.54016364,0.75588244,0.52186894,0.6431641,0.7872213,0.4779084,0.61910254,0.5988901,0.48320153,0.69486094,0.62760055,0.47259313,0.68968654,0.6286673,0.522184,0.6858619,0.7170067,0.49187586,0.67704934,0.63583094,0.46958426,0.7506081,0.5110257,0.44045028,0.7285218,0.7692688,0.48456275,0.8715243,0.7708533,0.46650225,0.8420632,0.7255978
75,1,0.4782779,0.48564577,0.6038871,0.52300656,0.54572153,0.791784,0.4799285,0.5405561,0.8120116,0.5214026,0.6436838,0.8705728,0.47801405,0.61945486,0.69286287,0.48243383,0.6956966,0.65698534,0.47209755,0.6897329,0.7209736,0.52412736,0.68337625,0.76890177,0.4933962,0.67782384,0.72049356,0.46895024,0.75225943,0.58108914,0.4402838,0.72703403,0.8470234,0.48433813,0.8707707,0.87410223,0.46643576,0.84305185,0.82337373
76,1,0.47841442,0.48497444,0.73407835,0.52259165,0.5451267,0.64097565,0.47973102,0.5407352,0.7303195,0.52231544,0.64281434,0.7714047,0.47711182,0.61994934,0.54329264,0.48292857,0.6947458,0.598733,0.4736497,0.68899757,0.623639,0.5225676,0.6857451,0.75189936,0.49248365,0.67823577,0.64916134,0.46989483,0.75219774,0.43999565,0.44114196,0.7278065,0.76777947,0.48351339,0.8700095,0.69729054,0.46685812,0.84380823,0.6728682
77,1,0.47797042,0.48570025,0.73588395,0.52294886,0.54509825,0.77677846,0.4800334,0.54024285,0.73914176,0.5217855,0.64352363,0.82131016,0.4778179,0.61930877,0.6695626,0.48339978,0.6948739,0.67273736,0.47247687,0.68912035,0.6123533,0.52322423,0.68336916,0.6985122,0.49284476,0.6776573,0.6687258,0.46948618,0.75197935,0.540442,0.44052124,0.7273325,0.7887597,0.484228,0.87066644,0.82260585,0.46606046,0.8419887,0.7787581
78,1,0.47844186,0.48539028,0.75277126,0.5225349,0.5460437,0.6024079,0.48026758,0.54075336,0.7745541,0.52207404,0.64307404,0.7842155,0.47793674,0.61942405,0.56645983,0.48268145,0.6953495,0.46890396,0.47298235,0.6889075,0.5661334,0.5221018,0.68554735,0.70753586,0.49176082,0.6771974,0.5776695,0.4695539,0.7527166,0.35125762,0.4410153,0.7285405,0.6709975,0.48381382,0.8687269,0.72152597,0.46744817,0.8420093,0.65926546
79,1,0.4778783,0.4857283,0.6693311,0.5229526,0.54620695,0.77339923,0.4802632,0.5405783,0.77250576,0.521475,0.6438295,0.8329192,0.4781588,0.6191972,0.61696666,0.48288023,0.6960004,0.5910822,0.4723638,0.6903267,0.64676505,0.5229789,0.68267035,0.674255,0.49307296,0.67652905,0.64341676,0.469067,0.7511753,0.5239077,0.44085735,0.7269597,0.75530833,0.48498723,0.86905813,0.88675267,0.46678492,0.8424981,0.77154464
80,1,0.47828433,0.48555988,0.7493416,0.52324224,0.545394,0.7666103,0.4800111,0.5402927,0.7540363,0.52183765,0.64369756,0.8676468,0.47761008,0.62001103,0.63848394,0.4824178,0.6972091,0.57923144,0.4731591,0.6887131,0.6948179,0.52353287,0.6841506,0.82274115,0.49211922,0.6771137,0.69475514,0.4694317,0.7505304,0.6993544,0.4403965,0.7283131,0.86206156,0.4848551,0.8696843,0.8107907,0.46701112,0.84309304,0.7508235
81,1,0.47833425,0.48592728,0.74712783,0.5232565,0.54626393,0.6952547,0.47994727,0.54054964,0.77249604,0.5217164,0.64388424,0.8032826,0.47816992,0.61910456,0.6238145,0.48227507,0.69532716,0.51464194,0.47289506,0.68928134,0.6518341,0.52208674,0.68726605,0.7612383,0.49180445,0.6782789,0.6503556,0.46968997,0.7508511,0.52170926,0.4406145,0.7283431,0.7448944,0.48416907,0.86833346,0.8071267,0.46712527,0.84148943,0.6916357
82,1,0.477576,0.48652017,0.68019986,0.5231971,0.5451575,0.8531138,0.47934303,0.5403751,0.7880869,0.5215034,0.6446195,0.8689673,0.47806638,0.6200128,0.7197408,0.482638,0.6961588,0.7139205,0.47196054,0.68967295,0.7198999,0.52405316,0.68211,0.8784201,0.49326736,0.67644054,0.6490831,0.47026858,0.7532302,0.6472019,0.440033,0.7268764,0.81251967,0.48389482,0.87104505,0.88357353,0.46608153,0.8432225,0.7777048
83,1,0.47789785,0.48616102,0.70363045,0.5230427,0.5459283,0.65382206,0.47912124,0.54097164,0.708649,0.5217969,0.64449304,0.7564318,0.4768606,0.61913997,0.5269408,0.48275143,0.6968333,0.4967212,0.4738069,0.6881719,0.63368213,0.52176195,0.68587106,0.80187047,0.49095285,0.6778752,0.4598788,0.4697553,0.7518077,0.62704843,0.44029197,0.7274697,0.66986763,0.4847817,0.8703158,0.7296787,0.46707135,0.84381825,0.7091403
84,1,0.47758237,0.48676544,0.59764844,0.522997,0.54721516,0.75200367,0.47989187,0.54084265,0.59144574,0.52127117,0.6443488,0.8045344,0.478442,0.619965,0.5798458,0.48402712,0.69521326,0.5426298,0.47273162,0.6893053,0.6613882,0.5223785,0.6828286,0.63399756,0.49252722,0.6762875,0.6083245,0.4689788,0.7517689,0.5132341,0.44017977,0.7269799,0.7571332,0.48446575,0.87026817,0.8634782,0.46659705,0.8433399,0.7702978
85,1,0.4778346,0.48611423,0.74947447,0.52337044,0.54595464,0.81410533,0.47990575,0.54068637,0.7784549,0.5213324,0.6441786,0.8806399,0.47784275,0.62034756,0.71400523,0.4823644,0.6968891,0.596213,0.47302184,0.68855196,0.75249875,0.5232806,0.68360704,0.8253509,0.49205717,0.67701244,0.6972045,0.4690057,0.7512989,0.75651485,0.44005957,0.7275412,0.876671,0.4849793,0.86918336,0.9234258,0.4672078,0.84192264,0.7715558
86,1,0.47798443,0.48634914,0.7453162,0.5234157,0.54500604,0.85377234,0.4796168,0.5404187,0.7884744,0.52142435,0.6442712,0.88534963,0.47788587,0.62071455,0.75512326,0.48225513,0.69768465,0.643084,0.4728547,0.68907845,0.779277,0.52427614,0.6836118,0.85422564,0.49249312,0.67735016,0.7447626,0.46845374,0.7524621,0.7761923,0.43995845,0.7273165,0.90717614,0.48497218,0.8688258,0.8502106,0.46709386,0.8422198,0.80169857
87,1,0.47785896,0.48726785,0.70576924,0.52303195,0.5451673,0.7486212,0.47954762,0.5409419,0.7829335,0.5222378,0.6444867,0.8613993,0.47755444,0.6190382,0.59018177,0.4826645,0.6974329,0.5757436,0.4731589,0.6891945,0.73397356,0.52343243,0.6843125,0.82272613,0.49181816,0.67715466,0.7285218,0.46921772,0.7507144,0.7059384,0.4404252,0.72742444,0.8799153,0.48405367,0.8691307,0.7952677,0.4667335,0.8434332,0.7554334
88,1,0.4780288,0.48655656,0.7404131,0.5235062,0.5459708,0.8188589,0.4799362,0.54115695,0.78390515,0.52150166,0.64473784,0.85476214,0.4781322,0.6205991,0.71956784,0.48205885,0.69549185,0.61519223,0.47293568,0.6896653,0.72333056,0.52329314,0.6842671,0.7915983,0.492601,0.6782657,0.6851066,0.46879706,0.75213265,0.70634985,0.4403226,0.7279856,0.8638198,0.48487186,0.8690537,0.8448088,0.46737435,0.84193027,0.7695517
89,1,0.47813442,0.48677346,0.7408266,0.523081,0.5450977,0.7980444,0.47989044,0.5408473,0.7579018,0.52187055,0.6443041,0.8660288,0.47769272,0.62071383,0.7186918,0.48257986,0.6961609,0.65968734,0.4727053,0.69018376,0.7234808,0.5238186,0.6854491,0.8101635,0.49300212,0.6788419,0.70602345,0.4693099,0.75138515,0.70553666,0.4406325,0.7277131,0.8723502,0.48370177,0.8678375,0.82884926,0.4669344,0.8421064,0.78997386
90,1,0.47790822,0.48702252,0.7333976,0.52311707,0.54457873,0.7955961,0.47970402,0.54060477,0.7776089,0.52256244,0.64442265,0.88568646,0.4775751,0.62083596,0.7275254,0.48287156,0.696481,0.74919564,0.47258428,0.6896963,0.74331295,0.5243911,0.68375593,0.78748155,0.49282417,0.6781332,0.71645653,0.46955782,0.7531797,0.7248919,0.44050977,0.72735673,0.88953215,0.48459893,0.8701806,0.861798,0.46679446,0.8394913,0.78851223
91,1,0.4778873,0.48730254,0.6946378,0.52277607,0.5460344,0.6318616,0.47970456,0.54096514,0.73402727,0.52229017,0.643902,0.7538386,0.4777071,0.62027806,0.60410196,0.4831673,0.69495237,0.58423096,0.47321746,0.6886822,0.56206423,0.52163815,0.6861812,0.70077306,0.49116534,0.6776737,0.6304479,0.470082,0.7522893,0.41440973,0.44107756,0.7275874,0.7339832,0.4839615,0.87001413,0.7401156,0.46651667,0.8430586,0.6214604
92,1,0.47742,0.48741993,0.6479048,0.52293015,0.5457874,0.8173598,0.47947687,0.540936,0.5933213,0.52152747,0.6447599,0.86910725,0.47859636,0.62074065,0.68433195,0.48387566,0.6954372,0.61355877,0.47268164,0.689584,0.71137494,0.52325886,0.6818744,0.6844847,0.49283093,0.6764897,0.67654616,0.46935958,0.75085914,0.59787434,0.43997994,0.72670233,0.8144851,0.48458976,0.86953145,0.8751951,0.4663726,0.8418603,0.83117306
93,1,0.47744456,0.4866541,0.72300917,0.52299225,0.5443891,0.8262733,0.47924042,0.5404512,0.75705665,0.52172947,0.6447242,0.88427925,0.47753862,0.62046283,0.67019904,0.48188406,0.6973851,0.59772456,0.4734066,0.6886462,0.7425963,0.52419704,0.6833955,0.85012794,0.4922059,0.6757823,0.73891693,0.46920508,0.74992317,0.76250494,0.44026387,0.7273192,0.8850031,0.4848328,0.86820143,0.8186783,0.46691915,0.84235555,0.8495188
94,1,0.47747815,0.48733345,0.6981267,0.5231154,0.54482,0.7746077,0.4796657,0.5401501,0.76718885,0.52149236,0.644662,0.85706973,0.47764128,0.6200776,0.6280435,0.48233154,0.6977202,0.6077791,0.4733082,0.6891438,0.74542344,0.5236759,0.6834313,0.8303993,0.4918689,0.67505276,0.73090714,0.4691523,0.7514341,0.75107497,0.43997842,0.7277086,0.876969,0.48489693,0.8693067,0.8054513,0.46748403,0.8406531,0.7652809
95,1,0.47797737,0.48646703,0.74137205,0.52302974,0.54513216,0.77384776,0.48011506,0.5401393,0.7935908,0.5215759,0.6449206,0.84132767,0.47775757,0.61825997,0.6388528,0.48241037,0.6967317,0.590882,0.47314984,0.688385,0.7287884,0.5232548,0.68442154,0.8265648,0.49170536,0.6763158,0.69851434,0.4693083,0.75058043,0.70154095,0.44037533,0.727261,0.85329247,0.4849936,0.8692941,0.8064986,0.46696463,0.84328544,0.7233489
96,1,0.4782507,0.48620453,0.7478832,0.52309716,0.5463201,0.67295915,0.48054567,0.54004157,0.7708789,0.5213965,0.64427274,0.768683,0.47835785,0.61869055,0.64921266,0.48280436,0.694443,0.5133536,0.47285518,0.6884191,0.5865806,0.5213981,0.6847032,0.66601574,0.49156597,0.6758614,0.5854587,0.4697315,0.7508885,0.5116775,0.44057047,0.72859144,0.70959395,0.48523915,0.8696273,0.8040139,0.467431,0.84229994,0.68841803
97,1,0.47784984,0.4870941,0.61104727,0.5233411,0.5470085,0.75989354,0.4800201,0.54042023,0.6112934,0.5213359,0.6445577,0.8499831,0.47839898,0.6191536,0.68274826,0.48270032,0.6947528,0.5964746,0.47286656,0.6887025,0.7186243,0.5229233,0.68263626,0.7228478,0.4927907,0.6765545,0.67771375,0.46872014,0.75177795,0.6638175,0.44016483,0.72789174,0.79977447,0.48522785,0.87009966,0.881544,0.46680415,0.8417032,0.80445606
98,1,0.47800472,0.48648778,0.7302396,0.52323824,0.54579073,0.7369723,0.48022926,0.5405875,0.78892374,0.521615,0.64478576,0.81134623,0.47810984,0.6201039,0.6785032,0.4825134,0.69678426,0.5110856,0.4731199,0.6887605,0.6802065,0.522218,0.6847541,0.7720413,0.49130806,0.6764466,0.6689491,0.4695769,0.75069267,0.63032275,0.4404852,0.72858334,0.799782,0.48465374,0.8694437,0.7708905,0.4669846,0.8450066,0.6581809
99,1,0.47783986,0.48706666,0.69284034,0.52307814,0.546624,0.7575962,0.4803785,0.540553,0.7827624,0.5213209,0.6444048,0.8065717,0.478607,0.61919147,0.37922433,0.48287424,0.696036,0.50343657,0.47267005,0.6902712,0.69173723,0.522252,0.6840621,0.67653674,0.4924098,0.67666006,0.6038717,0.46927005,0.75092345,0.5359382,0.44036683,0.7284623,0.73804605,0.48528454,0.8701032,0.8308019,0.46706638,0.84147453,0.74419636
100,2,0.47758183,0.48758194,0.7706312,0.5246604,0.54205436,0.7781698,0.4789212,0.5391442,0.8264112,0.5211047,0.6446219,0.9002258,0.4783685,0.6191227,0.86532825,0.482027,0.6973039,0.6105021,0.47264156,0.68863726,0.77860755,0.5251163,0.68165374,0.8131246,0.49323565,0.6755434,0.7944685,0.46915182,0.75130516,0.7921338,0.4397327,0.72812825,0.9062534,0.48502633,0.8686328,0.88017863,0.46734244,0.84172714,0.8318204
101,2,0.47728387,0.48784474,0.65750796,0.5241756,0.5427465,0.8992865,0.47730032,0.5396292,0.72037613,0.52209115,0.6445405,0.83790696,0.47725824,0.62136716,0.6731258,0.4820105,0.6973384,0.6322832,0.47380796,0.6907881,0.59942687,0.5253113,0.6836975,0.89426094,0.49249616,0.6758828,0.7721141,0.4689751,0.75119495,0.70397615,0.44017264,0.7269258,0.8568159,0.4840719,0.8693873,0.76406884,0.4656766,0.84381527,0.8633809
102,2,0.4772061,0.48731205,0.53352416,0.52377343,0.54361624,0.8510602,0.4785558,0.5392233,0.7705189,0.52202356,0.64391637,0.8835063,0.47733453,0.61845237,0.61777896,0.4829057,0.69701225,0.6527908,0.47333857,0.688483,0.7740446,0.5247479,0.68352264,0.86839503,0.49235195,0.6759602,0.7787826,0.4693044,0.7522833,0.7787123,0.44044885,0.7278097,0.90177625,0.48374984,0.868685,0.8095306,0.46675384,0.84227,0.78374475
103,2,0.47710645,0.48739868,0.58546203,0.5236962,0.5438472,0.838584,0.4790493,0.53900725,0.81326854,0.5219327,0.6445111,0.8719833,0.4778938,0.6182268,0.6959349,0.48250136,0.6973077,0.65635467,0.47349927,0.6887502,0.7777976,0.5245322,0.6839813,0.8646461,0.49245432,0.676178,0.75478274,0.4696254,0.75093037,0.75914854,0.44033238,0.72747946,0.90286165,0.4838685,0.8688696,0.8154147,0.46619752,0.8425354,0.8281233
104,2,0.47752684,0.48692468,0.53972024,0.5233969,0.5443165,0.7817607,0.47950783,0.5397229,0.81921595,0.52178276,0.6445564,0.85726595,0.4780791,0.61981755,0.7101795,0.48249856,0.6976742,0.60019094,0.4734025,0.68939763,0.747126,0.5232802,0.6845172,0.84021324,0.49214122,0.6768634,0.7284679,0.46987906,0.75158036,0.70802885,0.44052804,0.7277151,0.86322206,0.48385957,0.8699794,0.795324,0.4659711,0.8427462,0.7896256
105,2,0.4785418,0.48663777,0.6763891,0.5235369,0.54574305,0.7848316,0.48007977,0.54003596,0.8173207,0.5219287,0.6445388,0.86137253,0.4788763,0.6192905,0.71306735,0.48294815,0.6944144,0.65561485,0.47292957,0.6887918,0.69625515,0.52239287,0.68522394,0.7966548,0.49187088,0.6779705,0.71302897,0.46950662,0.75143003,0.63309485,0.44012797,0.728033,0.81394506,0.48480347,0.87035877,0.8361415,0.46559238,0.8428511,0.7250268
106,2,0.4782996,0.4869,0.63322544,0.52318066,0.5470123,0.6955349,0.48063672,0.54068696,0.82148963,0.5216639,0.64456767,0.8015349,0.47863382,0.62030065,0.62972564,0.48308948,0.6957637,0.6077204,0.47243747,0.6902617,0.68431103,0.5227463,0.6836229,0.6860772,0.49290606,0.67728305,0.6479064,0.47000068,0.7537187,0.49384338,0.44045,0.7270806,0.7658488,0.48440886,0.8708151,0.8575865,0.46637598,0.842871,0.79023105
107,2,0.47838786,0.4862742,0.7418872,0.52296025,0.5468964,0.6291425,0.4805527,0.5410028,0.766623,0.52175444,0.64378303,0.7905947,0.47855797,0.6200167,0.57825416,0.48291302,0.69503987,0.50492364,0.47313127,0.6886002,0.56858844,0.5209246,0.6858926,0.68895245,0.49104908,0.67686665,0.5833313,0.4698149,0.7506629,0.49907905,0.44116992,0.7286816,0.6564916,0.48514378,0.8694583,0.7516899,0.46709192,0.84166175,0.65426487
108,2,0.47820234,0.48669353,0.5500088,0.5233068,0.5441129,0.6461399,0.480152,0.5407676,0.6736486,0.5219125,0.64419204,0.89611703,0.47868067,0.6205472,0.5666295,0.48356542,0.6952821,0.60637736,0.47431555,0.69006354,0.61786425,0.5245388,0.6809957,0.850031,0.4934376,0.6757524,0.69237566,0.4681369,0.75115687,0.70987105,0.43938556,0.7273146,0.8706495,0.48510674,0.8698033,0.8972643,0.46632475,0.8423696,0.86042696
109,2,0.4778609,0.486656,0.68108875,0.52308345,0.54449815,0.7522771,0.47922423,0.5408448,0.6799092,0.521931,0.6443228,0.80182993,0.47782198,0.62087846,0.5090987,0.4821504,0.6970652,0.49272373,0.47416702,0.6880123,0.6631439,0.5236316,0.6851168,0.84181666,0.49285212,0.6776834,0.52693045,0.46933228,0.7495974,0.6360979,0.44039184,0.7269635,0.75638556,0.48475394,0.86998105,0.79491496,0.46598402,0.8434084,0.7807869
110,2,0.47824043,0.48659825,0.7468917,0.52347934,0.54429233,0.84657484,0.48002207,0.5400538,0.7838461,0.52248925,0.64343,0.88660145,0.47804967,0.62072986,0.729528,0.48306015,0.69558966,0.7226159,0.47283295,0.6896262,0.7737252,0.5243041,0.6841098,0.8320041,0.4932459,0.6779714,0.76073134,0.46923384,0.7530806,0.7267707,0.44037044,0.72768766,0.9032386,0.48379087,0.8703188,0.8083866,0.46608666,0.8408078,0.8063054
111,2,0.47833028,0.48742607,0.72070205,0.52355576,0.5443383,0.78645355,0.4796394,0.54045224,0.78580517,0.5228029,0.64346534,0.86660093,0.47814587,0.6191382,0.5991174,0.48348275,0.6948885,0.70273,0.47338444,0.6886851,0.7095382,0.523466,0.6849219,0.8079421,0.49237788,0.67832303,0.72895384,0.46938342,0.7520499,0.634026,0.44091123,0.7271625,0.85811853,0.4846164,0.8700465,0.8196759,0.4658245,0.841799,0.7678721
112,2,0.4786263,0.4865761,0.71037406,0.52317506,0.5459704,0.6985655,0.48035184,0.54055923,0.7673611,0.52246624,0.64342064,0.775968,0.47854722,0.6192067,0.6120563,0.4842099,0.69497705,0.58316696,0.47282347,0.6891761,0.60820067,0.52186143,0.6854518,0.6580093,0.49155477,0.6767629,0.62049735,0.47003013,0.75124216,0.48491076,0.4409391,0.72780585,0.73788714,0.48451614,0.8712592,0.7700561,0.4666558,0.84223664,0.7073104
113,2,0.47815886,0.4870398,0.57487935,0.5232451,0.54692835,0.7355623,0.48095948,0.5399971,0.7605535,0.5217907,0.6435091,0.80721706,0.4784865,0.61897224,0.55859107,0.48449177,0.69457346,0.41815707,0.4736403,0.6889548,0.67863685,0.52142334,0.68327475,0.5918958,0.49151295,0.67673594,0.50390524,0.46934307,0.75084025,0.46671247,0.44137144,0.72667277,0.6540222,0.48452237,0.8696964,0.8231597,0.46677104,0.843415,0.7316442
114,2,0.4782661,0.48713312,0.53428566,0.5235142,0.5468923,0.72183317,0.48068002,0.54045177,0.63930666,0.52205557,0.64399207,0.8020103,0.4788271,0.6178252,0.3930202,0.48418427,0.6941518,0.438083,0.47332236,0.68837684,0.6408817,0.5225822,0.68242705,0.64196473,0.49281883,0.6757481,0.59126437,0.46929085,0.7515652,0.5677252,0.4408692,0.72733176,0.69757414,0.4855444,0.8702714,0.8519299,0.46747664,0.84265006,0.7306617
115,2,0.47853145,0.4866956,0.740874,0.5235547,0.5457351,0.815212,0.4803484,0.541069,0.7967121,0.5219815,0.64425737,0.857377,0.4782011,0.6182929,0.5721949,0.48310512,0.6960794,0.5204832,0.4737374,0.68778276,0.7043184,0.5227503,0.6833541,0.7939282,0.49160057,0.6764988,0.68690497,0.46988153,0.7501155,0.6463738,0.44040117,0.7277238,0.8127859,0.4851429,0.8689242,0.89162683,0.46681088,0.844861,0.56614035
116,2,0.4780497,0.48719472,0.75606674,0.5239251,0.5460263,0.8382585,0.4804016,0.5404031,0.7582409,0.52197653,0.6442426,0.8819519,0.4790379,0.6192712,0.706019,0.48243505,0.69719243,0.54317635,0.4730835,0.68860483,0.7514693,0.5244032,0.6813758,0.7364886,0.4932286,0.67516285,0.7306637,0.46899122,0.7510893,0.7139132,0.440107,0.72712773,0.88665324,0.48535666,0.86894304,0.8635663,0.46725607,0.841667,0.8002519
117,2,0.47803265,0.48655108,0.7133258,0.5235404,0.54413223,0.7939765,0.47981724,0.539814,0.74165195,0.52222896,0.6443069,0.87730813,0.47777012,0.62020725,0.56523764,0.4823313,0.6968942,0.5918365,0.4741965,0.68790925,0.71713513,0.5248206,0.6840939,0.8759156,0.49297458,0.6766447,0.7269785,0.4693261,0.75089747,0.76246786,0.44020647,0.7267903,0.7993905,0.4846726,0.87011695,0.84776706,0.4662895,0.84460557,0.74842423
118,2,0.4786109,0.48751011,0.70161057,0.52315575,0.54500234,0.6967347,0.48007563,0.54010874,0.76568,0.52270824,0.643431,0.82386065,0.47843662,0.6194918,0.62367594,0.48364517,0.69408464,0.63095844,0.47377828,0.68787074,0.64703614,0.5228288,0.68428266,0.7449797,0.49206135,0.67688656,0.6827033,0.47011578,0.75139004,0.5182104,0.44102094,0.72754246,0.7837153,0.48462048,0.86994743,0.7927746,0.46700832,0.84357435,0.7080582
119,2,0.47867173,0.48690322,0.6631661,0.5232688,0.5458263,0.74119693,0.48057944,0.5399798,0.77932787,0.5218893,0.6437639,0.8133693,0.47922152,0.619522,0.6784029,0.48278195,0.69458425,0.56394106,0.47311366,0.689183,0.6501079,0.52245307,0.68176746,0.6452164,0.49269295,0.6754014,0.58877,0.46952522,0.7511316,0.5745132,0.44049314,0.7285797,0.77948344,0.48552698,0.870436,0.8606154,0.4667714,0.84152615,0.74310976
120,2,0.47853985,0.48632354,0.74328643,0.52394736,0.5467276,0.75135314,0.48041326,0.54051197,0.80405694,0.5223107,0.6437337,0.8561622,0.47815937,0.6180392,0.6093079,0.48301554,0.69561607,0.5412112,0.47349325,0.6877574,0.68265295,0.5224182,0.6840678,0.79212207,0.4917532,0.676803,0.6674374,0.46977603,0.7508901,0.6085633,0.44047204,0.72854704,0.75767463,0.48555288,0.8690935,0.8160069,0.46724433,0.8436889,0.72317255
121,2,0.4784141,0.48642573,0.6264495,0.5230847,0.5463361,0.7082114,0.4811702,0.54037523,0.7822529,0.522101,0.6431118,0.8114355,0.47934437,0.6196458,0.5951565,0.48316818,0.6943773,0.47464168,0.4728713,0.68870974,0.5838551,0.5222824,0.6825091,0.6054295,0.49241486,0.6754288,0.5128688,0.46966636,0.75121754,0.5329069,0.44046882,0.7291444,0.692305,0.48554987,0.8689044,0.8490413,0.4676101,0.84290665,0.70019317
122,2,0.47854698,0.48719862,0.7238085,0.52383494,0.5464593,0.7837437,0.48061997,0.5402348,0.779821,0.52221805,0.6436658,0.8520133,0.47891,0.61881274,0.68377167,0.48242524,0.696278,0.50653136,0.47333091,0.6876765,0.7023254,0.5228777,0.6824909,0.7590288,0.4923994,0.6755126,0.63365006,0.4688617,0.75083554,0.64320844,0.440286,0.7288063,0.7979726,0.48507655,0.8685394,0.9094331,0.4672633,0.8445386,0.7304808
123,2,0.4785518,0.4867403,0.74721503,0.52368844,0.5453844,0.83373,0.48029196,0.5401247,0.8006531,0.521984,0.6440729,0.88731515,0.47884095,0.6193318,0.75325006,0.48246405,0.6965218,0.5564743,0.47324428,0.6875537,0.7416389,0.52331954,0.6827554,0.8263891,0.49228156,0.6761931,0.6911773,0.4689934,0.7502915,0.7393894,0.44028017,0.72773325,0.86930674,0.4856903,0.8687155,0.85008126,0.46708876,0.8428886,0.73382485
124,2,0.4785418,0.48641098,0.74243045,0.52353954,0.54523855,0.8316425,0.48027802,0.5403141,0.8195175,0.52202046,0.6438765,0.8889496,0.4780064,0.61929566,0.64929026,0.4824247,0.69698995,0.5708527,0.47312728,0.6880772,0.75159734,0.5238448,0.6823848,0.81788224,0.4923704,0.6760447,0.7030311,0.46895942,0.75155157,0.79133856,0.4402731,0.7276889,0.8946353,0.484708,0.87002647,0.8105874,0.4666514,0.8432568,0.7338673
125,2,0.47882846,0.4869608,0.7315926,0.52333057,0.5449696,0.7721372,0.48075262,0.54076797,0.79358166,0.52188915,0.64377224,0.8176027,0.47892606,0.62003523,0.6992558,0.48282707,0.6967901,0.5221219,0.47371808,0.68828034,0.6738551,0.5233311,0.6829699,0.7576503,0.49219808,0.6750814,0.6509517,0.46967703,0.7505444,0.6236837,0.44090393,0.72816956,0.7815233,0.48540363,0.86986786,0.88630545,0.4669644,0.844948,0.5721817
126,2,0.47867098,0.4869234,0.750805,0.5235199,0.5458214,0.7890259,0.4808528,0.5402948,0.7580433,0.52178544,0.64299124,0.8414378,0.4787978,0.61927956,0.6801975,0.48295814,0.6964343,0.48982075,0.47378418,0.68776834,0.6766257,0.5225975,0.68431926,0.7696258,0.49144813,0.6763012,0.63797754,0.46959463,0.7503844,0.575005,0.44060466,0.7282991,0.7281627,0.48520127,0.87007874,0.87770706,0.46631005,0.84469604,0.6400404
127,2,0.47858205,0.48675114,0.58558947,0.5232645,0.5460533,0.7438348,0.48123157,0.54059064,0.80735916,0.52196014,0.64328784,0.8172572,0.4793393,0.6193799,0.615622,0.48329145,0.6945183,0.48260042,0.4733135,0.68860465,0.63188475,0.522743,0.682835,0.64686966,0.49297905,0.67646086,0.5937289,0.46934727,0.7511478,0.5270264,0.44059923,0.7288068,0.7196266,0.4854563,0.86951405,0.85551775,0.4676193,0.8424268,0.74028414
128,2,0.4786119,0.48674107,0.74888444,0.52348703,0.5448408,0.8376893,0.48058876,0.5399189,0.78455657,0.5218362,0.643711,0.88937384,0.478744,0.61916476,0.7496742,0.4823646,0.69676316,0.55910504,0.473233,0.68803793,0.7729437,0.5238971,0.6822306,0.81650674,0.4924585,0.67619085,0.7200145,0.46904796,0.751325,0.80723715,0.44003773,0.72830653,0.8954302,0.48486295,0.86972,0.8998963,0.46751934,0.8412307,0.80016905
129,2,0.47883353,0.48675045,0.7384363,0.52343905,0.54431605,0.8157676,0.4805768,0.54010946,0.8190347,0.5222342,0.6443912,0.8817625,0.47854754,0.61892444,0.66116226,0.48261654,0.6972125,0.6147032,0.47347724,0.68858504,0.758636,0.52424246,0.6829177,0.8376264,0.49281973,0.67641115,0.70847154,0.46932366,0.75086224,0.73916346,0.44040793,0.72796494,0.8799433,0.48492685,0.86984086,0.888972,0.46699646,0.84349465,0.7793414
130,2,0.47855914,0.4870147,0.72283775,0.52365786,0.5445145,0.7883138,0.48033476,0.54024845,0.7938829,0.522391,0.6434066,0.8731823,0.47838154,0.6186356,0.5998771,0.48236302,0.69742554,0.60270065,0.4735876,0.68888086,0.7469004,0.52426976,0.6846618,0.8505033,0.49265492,0.6769399,0.72697634,0.46879452,0.7510947,0.7131769,0.4407104,0.727447,0.89056206,0.48435295,0.86903167,0.80166066,0.46661645,0.8428491,0.8305876
131,2,0.47895586,0.48623833,0.73679984,0.52351123,0.5454664,0.70923525,0.48080894,0.5405481,0.7810003,0.5223328,0.64362013,0.7754645,0.47875807,0.62021136,0.6291647,0.4833946,0.69490117,0.6068566,0.47336373,0.689198,0.6503065,0.52291906,0.68691635,0.7679534,0.49220058,0.678392,0.655929,0.46996847,0.7509328,0.5126508,0.4408696,0.728507,0.78595954,0.48375934,0.8696123,0.7525888,0.46632493,0.8431685,0.6619876
132,2,0.47858667,0.48694906,0.62320846,0.52337843,0.545875,0.7408262,0.48101398,0.5401108,0.7648816,0.5220295,0.6442106,0.7799365,0.47897094,0.61922866,0.59905326,0.48319876,0.69545865,0.64675695,0.4734034,0.68923986,0.70098823,0.52290606,0.6825687,0.5610151,0.49237972,0.6763548,0.48273927,0.4704862,0.75356895,0.46322352,0.44033623,0.7283801,0.7583121,0.4845324,0.8706756,0.83801126,0.46677282,0.8429394,0.75357467
133,2,0.4786453,0.486456,0.7407714,0.5235375,0.5460916,0.75817335,0.48076048,0.5402591,0.8046111,0.52207816,0.64369416,0.8607839,0.47880545,0.618855,0.6893106,0.48266932,0.6963437,0.47500727,0.47312722,0.6877497,0.68546695,0.5216606,0.68460095,0.77960783,0.49145502,0.6766037,0.68855643,0.46936738,0.75180644,0.66450036,0.4406443,0.72811085,0.8004373,0.48529622,0.86874336,0.82201105,0.46776962,0.8411541,0.7973562
134,2,0.47891802,0.48630333,0.53471,0.5232763,0.5467805,0.7095051,0.4811067,0.5405392,0.65010417,0.52199256,0.6430387,0.81494004,0.47878236,0.61915725,0.42778346,0.4835315,0.6946238,0.473954,0.47336042,0.68777287,0.5906227,0.5219714,0.68214667,0.5993673,0.4923289,0.67583895,0.5301964,0.46929196,0.7517663,0.48465633,0.44140118,0.7268759,0.6480112,0.48531625,0.8695082,0.8026509,0.4674282,0.8430456,0.7338427
135,2,0.47842178,0.48726434,0.73001605,0.52354175,0.54687774,0.7213843,0.48087814,0.5404032,0.7671932,0.52194864,0.6433988,0.8269803,0.47901297,0.6186761,0.613912,0.48222324,0.6972428,0.39118287,0.47334957,0.68861777,0.6388221,0.52150625,0.6847984,0.7095387,0.4913144,0.67544734,0.5842899,0.46968353,0.75042564,0.42814624,0.44112065,0.72931904,0.59346366,0.4847754,0.8682912,0.79552007,0.4676774,0.8441707,0.61071604
136,2,0.4790334,0.48623246,0.54577357,0.5236213,0.5457235,0.7840088,0.48092607,0.5410884,0.6701556,0.5223396,0.64319134,0.82396287,0.47905922,0.6175213,0.41697586,0.4832042,0.694558,0.5206612,0.47358832,0.68851197,0.6824574,0.5229899,0.6819007,0.62448436,0.4932228,0.67619246,0.59547824,0.4691252,0.75160515,0.5795679,0.44022176,0.72793055,0.71002316,0.48532048,0.8694145,0.8487597,0.46768743,0.8429357,0.77910405
137,2,0.47862884,0.4868359,0.7572634,0.5233142,0.5443315,0.84143436,0.48030746,0.5400634,0.7557193,0.52211744,0.64345086,0.8967827,0.47835428,0.61948234,0.64134663,0.48228353,0.696592,0.56150997,0.47351712,0.68781906,0.7489695,0.5240752,0.6823017,0.8301016,0.49274826,0.67659706,0.72345483,0.46963125,0.7503262,0.76652277,0.4404371,0.72803617,0.86238974,0.48488206,0.86859673,0.8140182,0.466316,0.84456897,0.8105619
138,2,0.4789203,0.4866125,0.72603893,0.52376324,0.5457541,0.7102759,0.48072883,0.5407503,0.79488885,0.522518,0.6438014,0.79789937,0.47865492,0.61873686,0.50756764,0.4827481,0.69709957,0.5062613,0.47387302,0.68886435,0.679591,0.52289766,0.68537945,0.7839453,0.49232993,0.6769163,0.65745515,0.46985185,0.75063074,0.58535564,0.4412075,0.7275368,0.78444844,0.48514682,0.8706936,0.74664634,0.46676478,0.8455147,0.5889276
139,2,0.47860187,0.48697776,0.69524693,0.52325267,0.54573876,0.73907745,0.48078048,0.5402686,0.7369389,0.5218927,0.6441363,0.80593807,0.4791773,0.6192325,0.6058151,0.48304275,0.6948277,0.5116757,0.47299644,0.68906295,0.5818508,0.5221792,0.68384343,0.6294168,0.49201572,0.67548096,0.5380437,0.46954665,0.7522557,0.3760319,0.44115257,0.72818184,0.7140486,0.48491994,0.86869425,0.7999164,0.46716797,0.8427009,0.72189796
140,2,0.47820714,0.48692763,0.7028905,0.5240371,0.5450088,0.85654813,0.48052403,0.54026,0.8132888,0.52216077,0.6442106,0.89400774,0.47895166,0.6196276,0.6750169,0.4816741,0.6977837,0.5699572,0.47325248,0.6891634,0.78579056,0.52516466,0.68055314,0.7182258,0.49383348,0.67410344,0.7019161,0.46873543,0.75121206,0.7218562,0.4400185,0.727947,0.9006372,0.48549742,0.8692411,0.87929225,0.4674301,0.84236175,0.82357574
141,2,0.47827137,0.48683298,0.62764937,0.5233111,0.54453987,0.7034783,0.47983372,0.5406988,0.6632998,0.52214754,0.64354825,0.7379446,0.47787264,0.61989814,0.46685785,0.4830184,0.6956666,0.5434341,0.47325137,0.68726146,0.78231955,0.5228354,0.68377876,0.77846754,0.4922032,0.676557,0.51071775,0.46940383,0.74880916,0.61479306,0.4406373,0.7264014,0.70634705,0.4843574,0.86929125,0.695307,0.4674277,0.84443426,0.82838196
142,2,0.47859007,0.48713073,0.72214216,0.52358174,0.5464425,0.74160063,0.48088422,0.5402879,0.7432094,0.5218863,0.6431011,0.811963,0.47936502,0.6188774,0.61295795,0.48279014,0.6939831,0.4744065,0.47329977,0.6876841,0.5791893,0.5210299,0.6837041,0.6434637,0.4915534,0.6755407,0.57720894,0.46981463,0.75081074,0.53721535,0.44086036,0.72879386,0.70217276,0.48562354,0.8684005,0.82405704,0.46847022,0.8430214,0.6970662
143,2,0.47879165,0.4861934,0.5226787,0.5238141,0.5460159,0.770276,0.48103258,0.54129106,0.70126045,0.52223563,0.6423238,0.8261568,0.4793358,0.6183352,0.4531989,0.48236802,0.695544,0.50010836,0.4733118,0.6884004,0.66794556,0.5223044,0.68089736,0.6233944,0.4928926,0.67528474,0.59268224,0.46889922,0.75104445,0.5946658,0.44029394,0.7279078,0.7438463,0.4854166,0.8685927,0.8484278,0.46747872,0.84492433,0.697407
144,2,0.47801915,0.4868337,0.779099,0.5246817,0.5426795,0.72801274,0.48007563,0.53939325,0.75723827,0.52217835,0.6431061,0.90983176,0.47825986,0.6195133,0.7351316,0.4828472,0.696535,0.7148943,0.47407678,0.6891197,0.78116167,0.52538174,0.68238455,0.86044043,0.49290663,0.67616737,0.7837994,0.4692287,0.7501756,0.7675005,0.4400374,0.72795326,0.88869786,0.48562333,0.8696628,0.88882047,0.46662396,0.8446324,0.80481225
145,2,0.47859475,0.48749882,0.6983026,0.52390164,0.544088,0.79225713,0.47937438,0.53987586,0.76477915,0.5225628,0.64321816,0.87574774,0.47748613,0.6197173,0.58104485,0.48298568,0.69689196,0.59031284,0.47344282,0.68782204,0.7255465,0.5237874,0.6842916,0.85994965,0.491849,0.67706925,0.74352807,0.47003296,0.7512975,0.76956195,0.44054738,0.7268021,0.8912522,0.48440397,0.8697532,0.79795456,0.46697444,0.8430337,0.8344957
146,2,0.47896758,0.48683092,0.6595219,0.52347183,0.5456137,0.73407453,0.4805304,0.540968,0.81849366,0.5220551,0.6430877,0.80564016,0.4789744,0.6191977,0.6016161,0.4832159,0.694341,0.56880915,0.4728702,0.68840873,0.6210838,0.5219404,0.68475544,0.6770125,0.49154073,0.67655456,0.6341918,0.46985915,0.75105006,0.51185626,0.44067398,0.7280546,0.7524052,0.48506498,0.86829656,0.83206016,0.46747106,0.8424774,0.74418545
147,2,0.47810513,0.48711073,0.63064843,0.52342856,0.5447377,0.8408045,0.48035666,0.54124314,0.6240278,0.52168083,0.6427944,0.85384715,0.47906044,0.6198004,0.7027089,0.48289615,0.6948197,0.6284914,0.4728866,0.6886947,0.72349256,0.52300256,0.68293726,0.743692,0.49289212,0.67745733,0.6984297,0.46951598,0.7514904,0.7012241,0.4405463,0.72787726,0.8303653,0.48561066,0.86965126,0.8886893,0.46781677,0.84199244,0.81471384
148,2,0.4785296,0.48661956,0.74906456,0.523382,0.5455285,0.7941854,0.4808079,0.5399673,0.7159756,0.5218883,0.6431101,0.8528034,0.47894973,0.6189761,0.6913411,0.48296854,0.69453704,0.61904836,0.47340277,0.6883676,0.69003516,0.52203286,0.68525076,0.77349204,0.49189228,0.67720085,0.6771211,0.4699368,0.7510566,0.6305129,0.44073683,0.72782254,0.8383552,0.48569667,0.8688437,0.81738406,0.46801192,0.841518,0.7212946
149,2,0.47874203,0.48699504,0.48346248,0.52344143,0.5462018,0.78287035,0.48065928,0.54003507,0.8162274,0.5219172,0.6439296,0.83921665,0.47877425,0.6184264,0.39353418,0.48418003,0.6946869,0.51596826,0.4724942,0.6894217,0.66257244,0.52290547,0.6821516,0.6529009,0.49329045,0.67649597,0.6421363,0.46926755,0.7513587,0.54764736,0.44034824,0.7269749,0.78141725,0.48450848,0.8682638,0.86700755,0.467441,0.8426259,0.81250364
150,3,0.47785625,0.48793775,0.78517854,0.52464885,0.54073554,0.720693,0.47930568,0.5380195,0.82064617,0.5217812,0.643872,0.9079157,0.47819334,0.6192767,0.78100413,0.48281077,0.69666207,0.682234,0.4732657,0.68808186,0.79064363,0.5259522,0.68001753,0.80542094,0.4939442,0.67348623,0.7635441,0.46948385,0.7501231,0.81759727,0.44016123,0.7270254,0.91826075,0.48533168,0.8692114,0.9180468,0.46789613,0.84252703,0.79794705
151,3,0.47806343,0.48674673,0.5461851,0.52416784,0.54298353,0.8205292,0.47880155,0.53848755,0.8936421,0.523122,0.6431409,0.8220728,0.47698957,0.6216196,0.7458483,0.4829312,0.6958879,0.66236484,0.47412285,0.6890482,0.56066054,0.52460676,0.6822601,0.88065946,0.49178264,0.67586434,0.66141313,0.46975082,0.7498533,0.7828436,0.44024175,0.7266405,0.85254115,0.48497197,0.8699046,0.79936296,0.46594682,0.84311444,0.85359627
152,3,0.47803926,0.48713905,0.56065625,0.52414066,0.5447302,0.8360103,0.48011827,0.5389816,0.8562816,0.52236706,0.6447511,0.88386214,0.47804153,0.6205308,0.74430513,0.48276126,0.69635993,0.64224124,0.4730814,0.68774945,0.7778935,0.52481776,0.68277055,0.85693383,0.49294847,0.6762295,0.7335471,0.4692234,0.7508822,0.7849715,0.44010067,0.7275922,0.8973536,0.48524597,0.8676629,0.8656473,0.46798867,0.8424086,0.7925513
153,3,0.4778272,0.48753345,0.5511749,0.5231108,0.54566246,0.6197695,0.48031476,0.5394855,0.8063673,0.5225909,0.6433065,0.83040506,0.47801027,0.61933005,0.634631,0.4829399,0.69629717,0.50824964,0.47357857,0.68785936,0.65158314,0.5228472,0.6841118,0.7573531,0.49220535,0.67670435,0.65912175,0.47002777,0.75145006,0.6391781,0.4408237,0.72826654,0.7986751,0.48494232,0.8686424,0.7937714,0.46781057,0.8416114,0.7370234
154,3,0.4790189,0.4871873,0.59766275,0.5234522,0.54555255,0.7466736,0.48052752,0.539997,0.8128121,0.52181906,0.6437226,0.814085,0.47916943,0.6191782,0.66832393,0.48285693,0.69462734,0.54168695,0.47294614,0.6888357,0.6498206,0.5229588,0.68202585,0.6701629,0.49312842,0.67546195,0.62473786,0.46917647,0.75174934,0.5504036,0.44087967,0.7279766,0.7558605,0.4853574,0.8691602,0.8701351,0.46716008,0.84189725,0.78361875
155,3,0.4786,0.48627195,0.7360731,0.5234217,0.54427654,0.8158209,0.48032054,0.54002446,0.78806984,0.52186245,0.6436751,0.86924094,0.47847068,0.61891496,0.64211327,0.4824466,0.6963648,0.5773802,0.47362512,0.68806165,0.7307366,0.5235184,0.6831101,0.8192035,0.49287617,0.67673284,0.67317575,0.46967304,0.7504656,0.70949113,0.44070694,0.72785175,0.846415,0.48596865,0.86904424,0.8212388,0.46709955,0.842159,0.7992746
156,3,0.47887185,0.4863375,0.7403695,0.5235089,0.5453141,0.73236036,0.48064217,0.5401259,0.77567786,0.5221663,0.64339525,0.83747774,0.4788958,0.62006,0.6495985,0.48279133,0.69442916,0.5638962,0.47341332,0.68840015,0.6606136,0.5231833,0.6848655,0.78307986,0.49304587,0.67806715,0.63651776,0.46945897,0.75205964,0.6283307,0.44073275,0.72830594,0.79617023,0.48558408,0.8686227,0.82906145,0.4683905,0.84248286,0.7207048
157,3,0.47894338,0.4861973,0.7077073,0.52350277,0.54526764,0.7268254,0.48077467,0.5399361,0.76824236,0.52228093,0.64322114,0.8063967,0.47849274,0.61936903,0.61786884,0.48367843,0.6951822,0.6635411,0.47275406,0.68993175,0.6197653,0.52240205,0.683895,0.6690974,0.4928966,0.67704445,0.6115935,0.46994573,0.7512545,0.48637286,0.4409242,0.72813797,0.77834225,0.48497316,0.87125146,0.8325205,0.46708903,0.84300226,0.771653
158,3,0.47873402,0.48617208,0.70200896,0.5232524,0.5454122,0.7100377,0.48072988,0.540076,0.777592,0.52173126,0.64342386,0.78721756,0.47908652,0.61950505,0.60996115,0.4828053,0.6946395,0.49652386,0.47314346,0.6887502,0.6094079,0.52194715,0.68350565,0.6386335,0.49227682,0.676338,0.50950485,0.46971628,0.75042534,0.47989747,0.44089425,0.72831184,0.68977535,0.48497963,0.8683908,0.8333534,0.46831146,0.84343773,0.69644225
159,3,0.47836226,0.4866256,0.6498909,0.5232077,0.54612124,0.7125043,0.4809735,0.5397876,0.7689364,0.52167267,0.6431617,0.80240345,0.47909245,0.6198353,0.59378713,0.48282206,0.694783,0.45105162,0.47303897,0.68879145,0.6121705,0.52218443,0.6816628,0.59079534,0.49247456,0.67446154,0.5024585,0.4696787,0.7504709,0.47888148,0.44093663,0.728308,0.6895613,0.4853284,0.869191,0.80935746,0.46821478,0.84327364,0.70688283
160,3,0.47855097,0.48669896,0.7332433,0.52367437,0.54646176,0.7340927,0.48075828,0.53949517,0.764315,0.52184165,0.64258844,0.82524973,0.47852623,0.6191167,0.6305291,0.48286417,0.6960622,0.47725427,0.4736881,0.6881245,0.6390533,0.5225554,0.68252313,0.7029901,0.49231833,0.6756688,0.5743272,0.46992677,0.7488644,0.477365,0.44081298,0.72978604,0.5987401,0.48514926,0.86940485,0.843173,0.4679547,0.84432393,0.7213549
161,3,0.47869587,0.48633084,0.68350965,0.52357274,0.5459546,0.7517671,0.48046544,0.5394818,0.7913249,0.5218283,0.6432313,0.829605,0.47884324,0.61922693,0.67823154,0.48262882,0.6965243,0.45367408,0.473266,0.68797654,0.6735677,0.5221969,0.6838616,0.7567985,0.49245262,0.6763638,0.6362112,0.46906108,0.7510869,0.59055,0.44048125,0.7289136,0.71395415,0.48582745,0.868318,0.85753703,0.46836284,0.8454363,0.7556517
162,3,0.47861645,0.48634768,0.63706577,0.5232975,0.5458316,0.7139209,0.48077303,0.54010534,0.823999,0.5216259,0.64350367,0.803373,0.4790315,0.61964214,0.6763391,0.4829249,0.6947843,0.51639867,0.4730568,0.68893975,0.6487828,0.5227105,0.6825946,0.68432486,0.49325424,0.6759008,0.61664975,0.4692861,0.7513438,0.56234324,0.44070384,0.72881967,0.71845055,0.48589352,0.8697887,0.86735016,0.4677718,0.8428504,0.745625
163,3,0.47875717,0.48605984,0.74851245,0.5232359,0.5450825,0.7455335,0.48042583,0.54014105,0.7731189,0.52205455,0.6434602,0.85265243,0.4786234,0.61939025,0.6959404,0.482781,0.69592446,0.47841248,0.47348225,0.6875727,0.6798158,0.5223598,0.6825104,0.7647523,0.49182752,0.67566836,0.67969984,0.47005334,0.75014997,0.6624279,0.4406208,0.72802186,0.7909136,0.48608106,0.8690944,0.8407286,0.4681831,0.8427524,0.7389579
164,3,0.4782253,0.4866633,0.72674,0.5233711,0.5464373,0.76492095,0.48056307,0.53970575,0.7807641,0.5218815,0.6432972,0.8678128,0.47897834,0.61916625,0.7160929,0.48214492,0.69623727,0.4883499,0.4732069,0.68746084,0.69842696,0.5227587,0.68368024,0.79393446,0.4928365,0.6768514,0.67976266,0.4691089,0.7508442,0.6196651,0.44043082,0.72840196,0.7631843,0.48617473,0.8689036,0.8501216,0.46747506,0.84498155,0.78188294
165,3,0.4789173,0.4862089,0.69175375,0.52301365,0.5453829,0.6728117,0.48067734,0.5394746,0.7663006,0.5218915,0.64345217,0.8004152,0.47886714,0.6186013,0.6390043,0.48305303,0.6939705,0.51767725,0.4733476,0.68783295,0.5964288,0.5221748,0.6840519,0.6712788,0.49202353,0.6756321,0.5911044,0.47006676,0.7508007,0.50010765,0.44080514,0.72863334,0.69878894,0.4854466,0.8687177,0.8280836,0.46811745,0.8422655,0.7241922
166,3,0.47837764,0.48641708,0.6237418,0.5231628,0.5450771,0.8025466,0.4806206,0.5396833,0.8167157,0.5218474,0.64365655,0.86805415,0.47905007,0.61820704,0.4587856,0.48252103,0.69441515,0.57942605,0.47309697,0.6880128,0.7316519,0.52355236,0.68110996,0.724034,0.49328563,0.6749325,0.6772563,0.4692798,0.7511401,0.65977675,0.44040966,0.7281024,0.79949814,0.48574442,0.86953396,0.8756139,0.46767357,0.8417772,0.823326
167,3,0.47855902,0.48634654,0.72709846,0.5235971,0.54457873,0.77322197,0.48021284,0.53966635,0.7756591,0.5219573,0.64367676,0.85880923,0.4778979,0.61808264,0.60746723,0.48218864,0.69676673,0.61325806,0.474106,0.68837583,0.72386724,0.52436525,0.68480384,0.86697984,0.49262437,0.6773214,0.56771046,0.469766,0.7500358,0.70663595,0.44002634,0.72729367,0.71175814,0.48590708,0.8696603,0.8969305,0.4666397,0.8447841,0.78899145
168,3,0.4791682,0.48619097,0.6933933,0.523358,0.54547304,0.6610826,0.48067716,0.5400394,0.79877806,0.5222557,0.6436524,0.7687546,0.4783933,0.62027043,0.5998828,0.48365572,0.6946166,0.6633927,0.47316688,0.68954265,0.6529766,0.5231455,0.68493956,0.7117281,0.49318987,0.67815113,0.62572163,0.4703673,0.7509989,0.4910519,0.44097492,0.728215,0.78577644,0.48528817,0.87146163,0.7960062,0.46729237,0.84204274,0.7585972
169,3,0.47882444,0.4857285,0.7321096,0.52312523,0.5457175,0.63891995,0.48075253,0.5402784,0.7726149,0.52237785,0.64363855,0.78175265,0.47785884,0.6189643,0.5614029,0.4839836,0.6950839,0.592509,0.47265345,0.68938833,0.58737504,0.522159,0.6839083,0.6153275,0.49236345,0.6760405,0.5712836,0.47040895,0.7516313,0.44785604,0.44119644,0.72840565,0.7147292,0.48517367,0.8706389,0.8057504,0.4672934,0.84305066,0.7316924
170,3,0.47838503,0.48684376,0.70401174,0.5231506,0.54553145,0.76705754,0.480675,0.54016644,0.78081936,0.5217153,0.6438593,0.82881796,0.4790817,0.6196468,0.6532264,0.48291188,0.6939464,0.5427387,0.47326374,0.6879493,0.67360103,0.5232349,0.6822873,0.6961,0.4934311,0.6761071,0.6532353,0.46974838,0.75147593,0.6152545,0.4405258,0.728046,0.7804899,0.48545977,0.8698099,0.84140474,0.4678024,0.84178644,0.7746503
171,3,0.47865885,0.48632258,0.7345916,0.52327555,0.5445538,0.7519574,0.4804959,0.5403744,0.7832468,0.522334,0.64341336,0.8519035,0.47824615,0.6181099,0.5600959,0.48308137,0.69612503,0.55632013,0.4737074,0.6881405,0.68629223,0.52359444,0.68473136,0.81781733,0.49245507,0.6771007,0.677195,0.47006094,0.7503859,0.6664729,0.440807,0.72756994,0.8079904,0.48560736,0.8699193,0.89271384,0.46683344,0.8452946,0.6541817
172,3,0.47864237,0.4860404,0.74540704,0.52314466,0.5452043,0.6912127,0.4806827,0.5398894,0.7439583,0.52202123,0.6433057,0.77246445,0.47836977,0.6187888,0.6109509,0.48363248,0.6945294,0.57217807,0.47289452,0.6891432,0.6258863,0.5228832,0.6851692,0.69568634,0.4927396,0.67819905,0.57915866,0.47017315,0.75038475,0.4828878,0.4409305,0.7282131,0.7542704,0.48494017,0.8690608,0.7923072,0.46754408,0.8425077,0.69877654
173,3,0.4788513,0.48652732,0.65227354,0.5229482,0.5450752,0.66205794,0.4809422,0.5399171,0.77532536,0.5221062,0.64307106,0.74690545,0.47877568,0.6191787,0.55193865,0.48417732,0.6950723,0.6084761,0.47273272,0.6886657,0.50612515,0.5227074,0.68300885,0.58798003,0.49196592,0.67548186,0.5152006,0.4711605,0.7521154,0.41742253,0.44130638,0.72765315,0.724424,0.484496,0.8694948,0.7202197,0.46641478,0.841365,0.6407108
174,3,0.47850275,0.48685393,0.6972946,0.52369183,0.5460156,0.807811,0.4804734,0.5397135,0.7981731,0.5217306,0.644344,0.8571518,0.4790025,0.6192462,0.65906197,0.48237637,0.6970364,0.5663153,0.47326735,0.68859375,0.7515603,0.5241982,0.68389356,0.8165804,0.493085,0.6767785,0.71889776,0.46913078,0.7505451,0.6752298,0.44017634,0.7275297,0.8482415,0.4855657,0.8686605,0.8771086,0.4674686,0.84540147,0.8030712
175,3,0.47897422,0.48655418,0.71570426,0.5231997,0.5450972,0.66551924,0.48034632,0.5405153,0.8006188,0.5223744,0.6429997,0.76963544,0.47861654,0.6196295,0.6307496,0.4836966,0.6941411,0.60634804,0.47369465,0.68847215,0.62507683,0.52265173,0.6863886,0.7390735,0.49238783,0.6785072,0.6631695,0.47002882,0.7501537,0.5354728,0.44085512,0.72798145,0.7593791,0.48472744,0.8691041,0.81658405,0.4676697,0.8423548,0.7089732
176,3,0.47845834,0.48664993,0.64605063,0.5229582,0.5452705,0.7417438,0.48066634,0.53998727,0.748308,0.5217282,0.64410466,0.7765887,0.47887903,0.6195127,0.61759955,0.48328075,0.6952074,0.65892977,0.47369084,0.6890975,0.69889385,0.52319324,0.68211204,0.57339835,0.49248695,0.67603344,0.4901571,0.47038308,0.7517386,0.4934463,0.44083855,0.72756255,0.7329867,0.4846569,0.86979073,0.86102843,0.4671899,0.84230864,0.7240019
177,3,0.4786425,0.48615864,0.7433146,0.52352697,0.54509854,0.80055046,0.4804181,0.5404118,0.80467564,0.52175075,0.6437481,0.84792507,0.47840518,0.6199118,0.70384467,0.4826784,0.6959002,0.53197634,0.47335377,0.68761855,0.7182025,0.52327275,0.68384296,0.81228733,0.49278483,0.6776293,0.66575813,0.46934307,0.7506625,0.7024669,0.44063398,0.7272769,0.83566386,0.48588642,0.868198,0.8634776,0.46832052,0.8420822,0.78805476
178,3,0.4786665,0.48613128,0.7433052,0.5231176,0.5451672,0.6970859,0.48087093,0.5396832,0.7407818,0.5221763,0.6429051,0.8014211,0.4784298,0.619414,0.5837932,0.4833029,0.6946493,0.564184,0.47307092,0.68890715,0.6002962,0.52274823,0.6851252,0.6910175,0.49304003,0.6780351,0.58460337,0.47003806,0.750499,0.50013685,0.44131956,0.7279086,0.7296485,0.48524523,0.86838186,0.8255963,0.46788216,0.84220815,0.6780852
179,3,0.4790161,0.48686677,0.6090672,0.5229606,0.54506207,0.65814507,0.4807727,0.5397031,0.7778367,0.5222781,0.6431556,0.7957939,0.47866198,0.61944836,0.54995173,0.4839045,0.6947558,0.6148588,0.47273007,0.68898064,0.562962,0.52272683,0.6838038,0.62120706,0.49253306,0.6776834,0.51782906,0.47130388,0.7524968,0.41947034,0.4411955,0.727051,0.734055,0.48435873,0.86909014,0.7825311,0.46625015,0.8417448,0.71021
180,3,0.47881132,0.48672298,0.63600534,0.5230309,0.54523563,0.7058941,0.4805186,0.5401027,0.7969973,0.52181166,0.6436658,0.7870852,0.47874105,0.61973083,0.6154855,0.4830007,0.6943816,0.5699327,0.47279158,0.6890374,0.6210732,0.5226314,0.68171716,0.6152207,0.4925871,0.67644113,0.5858574,0.470041,0.75076526,0.50747955,0.44119892,0.7269184,0.73134726,0.48486048,0.8686404,0.85238105,0.46684334,0.8421258,0.75781
181,3,0.478552,0.4865362,0.7350366,0.52341205,0.54585177,0.72279274,0.4805542,0.53999555,0.76626235,0.52175957,0.6432762,0.804399,0.4783024,0.6192583,0.6237516,0.48300925,0.6961833,0.4438233,0.47339356,0.6875163,0.6491449,0.52222186,0.68481106,0.7675964,0.491836,0.6765755,0.6440362,0.46983993,0.7511324,0.5742422,0.44072637,0.7270301,0.7475842,0.4859112,0.8686459,0.8284144,0.46824557,0.84126663,0.7273238
182,3,0.4782699,0.48665354,0.6089921,0.5229852,0.54498345,0.7932649,0.4807031,0.54011774,0.7951586,0.5216627,0.64386,0.8489264,0.47883517,0.6198398,0.68319625,0.48311633,0.69457614,0.5953593,0.47280547,0.6887906,0.6878596,0.5226852,0.68199563,0.68207175,0.49311605,0.67646414,0.6667619,0.46916637,0.75133383,0.60441774,0.44111735,0.72637004,0.75247407,0.48516235,0.86967176,0.8739469,0.46739337,0.84250766,0.8245443
183,3,0.47866127,0.48623952,0.74167985,0.52313936,0.54521006,0.6984233,0.48063028,0.5401726,0.78153497,0.5217677,0.6434331,0.775988,0.4785777,0.61973625,0.6361342,0.48294383,0.6958359,0.43770126,0.47358832,0.6875345,0.6328076,0.5219828,0.6840921,0.7269542,0.49161592,0.676131,0.63726664,0.47009805,0.7505903,0.5487856,0.44087595,0.7269592,0.750177,0.48552927,0.86813116,0.8266112,0.46782485,0.84270835,0.72672534
184,3,0.47817925,0.4867994,0.6082119,0.52305037,0.54591,0.7516428,0.4808691,0.5395759,0.75923634,0.52175355,0.64263594,0.8122665,0.47872683,0.61892974,0.63284636,0.4833378,0.6938904,0.4894967,0.4729497,0.687513,0.61338675,0.52222055,0.6821835,0.6254636,0.49188805,0.67618567,0.55783814,0.46980932,0.7508999,0.53393924,0.4409707,0.72805876,0.7169805,0.48559973,0.86894584,0.85479057,0.4678978,0.8425709,0.7632317
185,3,0.47820204,0.4864258,0.6925912,0.523375,0.54498506,0.815782,0.48045626,0.5391872,0.78170913,0.52173257,0.6430224,0.87469023,0.4788482,0.61939657,0.71148866,0.4821727,0.6963027,0.5351403,0.47286212,0.68717414,0.7159878,0.5235323,0.6815932,0.7798534,0.49276492,0.67470366,0.7009349,0.4690761,0.75102496,0.6947369,0.4398674,0.7275064,0.8594907,0.4856483,0.8690227,0.88626343,0.46727902,0.84117913,0.83649194
186,3,0.4784025,0.48612666,0.7265479,0.52337676,0.54392403,0.7729097,0.4803514,0.539719,0.81467307,0.52190757,0.6433182,0.8402439,0.47818482,0.6189798,0.6249703,0.4825624,0.69612086,0.57595855,0.4739254,0.68814784,0.7161012,0.52311033,0.6852109,0.8389155,0.49209276,0.67795527,0.5451305,0.46977237,0.7501772,0.6541424,0.4405758,0.7279063,0.80302745,0.48581353,0.8686864,0.9154225,0.46693718,0.84363955,0.680715
187,3,0.47868547,0.48645422,0.63060683,0.523062,0.54493475,0.6941309,0.48089722,0.5397126,0.7815579,0.5220949,0.6427486,0.76120955,0.47874704,0.6192816,0.59208244,0.48485297,0.694828,0.50593436,0.47377345,0.6889284,0.6509833,0.5218939,0.6845772,0.64066905,0.49143735,0.6762038,0.57457864,0.4707745,0.7531873,0.4151695,0.44050553,0.72781914,0.73827755,0.4842631,0.86908615,0.7962071,0.46667388,0.84191763,0.7264504
188,3,0.47830495,0.48673338,0.5371265,0.5227927,0.5452264,0.74214643,0.48081306,0.5402239,0.63714796,0.5216996,0.6425162,0.7956722,0.47880432,0.61848956,0.37448177,0.48368913,0.6945106,0.5019423,0.47312528,0.6877753,0.60687244,0.52112484,0.6824096,0.5924809,0.49120566,0.6753486,0.56433123,0.46922678,0.75130403,0.5204145,0.44102344,0.7278207,0.7028039,0.48537484,0.86789495,0.84372777,0.46784782,0.8425618,0.7507201
189,3,0.47800887,0.48704338,0.5653532,0.523696,0.5458164,0.7659959,0.48090622,0.5399844,0.663436,0.52208453,0.64328706,0.8690553,0.4788378,0.6187729,0.41681015,0.48278102,0.6957408,0.56141114,0.47340146,0.68780744,0.6966286,0.5235508,0.6826965,0.7388443,0.49300483,0.67704535,0.6618204,0.46911392,0.7505673,0.6586342,0.44011956,0.72849077,0.7467025,0.4859537,0.86855763,0.8670236,0.46816283,0.8442463,0.8081579
190,3,0.47884753,0.48595724,0.7427109,0.5232698,0.5454733,0.6243492,0.48106623,0.53977937,0.76128274,0.5224065,0.6424018,0.7856274,0.4781922,0.61956817,0.5349013,0.48340145,0.6943113,0.5087096,0.47323555,0.68767166,0.5319094,0.52144295,0.6863913,0.7194694,0.49116027,0.67750347,0.6030743,0.47006184,0.7502106,0.43378127,0.44122192,0.72958064,0.64818704,0.48502722,0.8699724,0.7078812,0.46830007,0.84252936,0.56636566
191,3,0.47882658,0.48630542,0.5871752,0.5231644,0.5446071,0.80626714,0.48073426,0.5398391,0.6848957,0.5215179,0.64304763,0.81952137,0.47856423,0.61930215,0.43819016,0.48388383,0.6952797,0.58398324,0.4732074,0.689371,0.6901797,0.52315664,0.68133664,0.8233452,0.49236956,0.6750668,0.5862418,0.47046903,0.7521051,0.60449654,0.43978107,0.72717386,0.7811446,0.48480418,0.86931854,0.87719876,0.4669696,0.8434359,0.84656006
192,3,0.4785928,0.48590875,0.7424912,0.5232709,0.5447839,0.76511,0.4807035,0.5400003,0.78539884,0.52171975,0.6428059,0.8436445,0.47857273,0.61919886,0.66241896,0.48297328,0.69582206,0.53702813,0.47375163,0.6876541,0.69943875,0.5229766,0.6838135,0.79928666,0.49187464,0.6766996,0.67225814,0.46954888,0.74991745,0.6050643,0.44085795,0.7290443,0.73350334,0.48528785,0.8686111,0.90114313,0.46705887,0.84462553,0.77161336
193,3,0.47847846,0.48622888,0.68613195,0.5229034,0.54525,0.6898065,0.48088932,0.53952986,0.76365066,0.521863,0.64286464,0.80914944,0.47897497,0.6189713,0.5900268,0.48333654,0.6941206,0.5053864,0.473138,0.6880585,0.6002811,0.5215567,0.68329275,0.6344049,0.4915647,0.6762804,0.5924122,0.46983156,0.7511632,0.4991219,0.44089338,0.729126,0.67735106,0.48587382,0.8701808,0.8417346,0.46799862,0.8426539,0.7192324
194,3,0.47865576,0.4859219,0.499507,0.5232729,0.545687,0.75695,0.4808822,0.53970176,0.6382947,0.52177566,0.64230835,0.8186453,0.47890994,0.6173824,0.399388,0.48362678,0.694344,0.52731305,0.47314903,0.6876662,0.64059144,0.5223576,0.682437,0.6628017,0.4926693,0.6769434,0.6316644,0.46989354,0.7507253,0.6062258,0.44001,0.728343,0.68453574,0.48571494,0.8699753,0.8501707,0.46776587,0.8430905,0.77465016
195,3,0.47857496,0.4861541,0.70933944,0.5233016,0.54544556,0.7226969,0.48074716,0.5393966,0.771003,0.52165246,0.64361894,0.8066686,0.4788558,0.61905825,0.62711483,0.4830272,0.6944687,0.46700618,0.47321704,0.6882098,0.6599827,0.52178705,0.68378913,0.6933866,0.4914945,0.6760985,0.65159714,0.46982768,0.7514055,0.5649809,0.44076115,0.7286596,0.7281652,0.4855419,0.86988896,0.827225,0.46836424,0.84295076,0.7336508
196,3,0.47823125,0.487069,0.5341805,0.52335674,0.5450608,0.8169146,0.48047593,0.5396869,0.6386261,0.52170926,0.6429614,0.8745206,0.47874147,0.61769027,0.4511104,0.48274863,0.694653,0.58561695,0.47284618,0.68838304,0.7331633,0.52315366,0.68213767,0.74371195,0.49321434,0.6769059,0.69838184,0.46941966,0.75140196,0.70428914,0.43989408,0.7276677,0.8088734,0.4856694,0.8688809,0.8931386,0.46746624,0.8425052,0.8212182
197,3,0.47889432,0.48580238,0.748428,0.5231225,0.54482526,0.6877138,0.480889,0.540033,0.79235905,0.52212316,0.643228,0.7917415,0.478607,0.6193091,0.61967605,0.48283103,0.69398576,0.45917854,0.47349507,0.687927,0.6288805,0.52186966,0.6847023,0.7080235,0.4918563,0.67596436,0.6147699,0.47025108,0.7517076,0.55207527,0.44117096,0.72794396,0.7260332,0.4851891,0.8692356,0.80276954,0.468244,0.8439165,0.66868144
198,3,0.4781783,0.48668173,0.62318593,0.52374375,0.54489744,0.8546091,0.4801014,0.540616,0.6323181,0.52191395,0.64323866,0.89764565,0.47871166,0.61996704,0.7513374,0.4819999,0.6945864,0.6289751,0.4727648,0.6885723,0.77472407,0.5242479,0.6820418,0.7620666,0.49360648,0.6765432,0.7375398,0.46895364,0.75151604,0.7595367,0.44090903,0.72695845,0.871986,0.48547044,0.8698024,0.9015896,0.46766445,0.84307045,0.8579902
199,3,0.47834677,0.48544192,0.7173641,0.5231791,0.54445106,0.7166699,0.4803468,0.5397501,0.69498193,0.5224522,0.6431043,0.7933674,0.4774374,0.6198716,0.5592337,0.48274884,0.69661856,0.43513936,0.4740422,0.6882125,0.6433971,0.523516,0.68608207,0.8115027,0.4921792,0.67765784,0.6637901,0.47025985,0.75055194,0.61555225,0.44099072,0.7265805,0.6508697,0.48489314,0.86984986,0.86835784,0.46681717,0.84720427,0.7474773
200,4,0.47834438,0.48697656,0.70726025,0.52496034,0.5407441,0.7110676,0.47948986,0.5381395,0.8221896,0.5220044,0.6434325,0.8986877,0.4783738,0.61872333,0.84770054,0.48408884,0.6948107,0.7039714,0.47305515,0.6880131,0.76523495,0.5270842,0.6813087,0.9049615,0.49436235,0.67517096,0.74618274,0.4693101,0.7519068,0.7326061,0.43921232,0.7274721,0.86732507,0.4843627,0.86994034,0.8993702,0.46664414,0.84181935,0.88848335
201,4,0.47822192,0.4860125,0.5276553,0.5240284,0.5406913,0.8268088,0.47877437,0.53710186,0.869883,0.5227508,0.6426891,0.7999241,0.47709355,0.61782646,0.74666977,0.48321688,0.69515866,0.5125353,0.47485167,0.6864175,0.7338281,0.52602094,0.6826755,0.8848562,0.49359444,0.6753253,0.7809926,0.4693316,0.7502185,0.76321733,0.4405716,0.726706,0.87025166,0.48471832,0.86960334,0.73817116,0.46698275,0.8457305,0.84000766
202,4,0.4779659,0.48569742,0.6026932,0.5236499,0.54244787,0.7435511,0.47852343,0.53957665,0.75655776,0.522734,0.6421416,0.82964236,0.47734013,0.619127,0.5863736,0.48323673,0.69594884,0.5825641,0.473582,0.6875703,0.75268334,0.5245249,0.68287545,0.8498401,0.49252865,0.6771038,0.7583139,0.46983758,0.7505512,0.7286046,0.4406957,0.72791106,0.877803,0.48509744,0.86886835,0.8272771,0.46742028,0.84182036,0.79968196
203,4,0.47878742,0.48574433,0.75022066,0.5237887,0.54387337,0.8181252,0.48035797,0.5402631,0.8153306,0.5225826,0.64282525,0.8567482,0.47869864,0.6202766,0.7451647,0.48332945,0.69382316,0.6826058,0.47357425,0.68792534,0.7290949,0.525445,0.6837823,0.82704306,0.4946413,0.67809564,0.7287235,0.4696153,0.7505183,0.68893594,0.440784,0.72847885,0.85996836,0.4856478,0.86945236,0.8378757,0.4673676,0.8410318,0.79669803
204,4,0.47873324,0.4854291,0.685188,0.52341676,0.54613024,0.7444631,0.47959748,0.54037356,0.62846774,0.52260053,0.64301795,0.6704159,0.4769508,0.61941516,0.40778965,0.48382786,0.69412875,0.580173,0.474354,0.68884116,0.59718627,0.522527,0.68347013,0.6986909,0.49254736,0.6766702,0.6424052,0.47004586,0.7504817,0.55631477,0.44184157,0.7277078,0.7823399,0.48451748,0.8698485,0.6991537,0.46732935,0.8447384,0.79316264
205,4,0.47851577,0.4864558,0.7335406,0.5234352,0.54624116,0.7210281,0.48083127,0.54037505,0.7627608,0.5218994,0.6436494,0.8299277,0.47888166,0.6185045,0.6172917,0.48344317,0.6937202,0.48367983,0.47337633,0.6879389,0.60819405,0.5216483,0.6843331,0.6782228,0.49195564,0.67756957,0.6308825,0.46989676,0.75074935,0.49866438,0.44103533,0.7285156,0.6979491,0.48594102,0.86990166,0.833496,0.46825102,0.84244794,0.7020885
206,4,0.47907647,0.48531088,0.49369046,0.52330214,0.5456736,0.7698057,0.48111388,0.5405022,0.6211369,0.521783,0.64372087,0.8057203,0.47879204,0.6187103,0.5654799,0.48481667,0.6940581,0.4868691,0.47340584,0.68733454,0.60358113,0.52220875,0.6828593,0.59803087,0.49259606,0.6769794,0.590197,0.46956605,0.75092775,0.47231612,0.44085166,0.727281,0.72692174,0.48524603,0.8695492,0.8325107,0.46739534,0.8430294,0.7583612
207,4,0.47829548,0.48643234,0.7536102,0.523557,0.5450288,0.83434266,0.48064613,0.5400306,0.76451886,0.52180594,0.6441971,0.88855064,0.47907886,0.61892134,0.73770285,0.48251876,0.6964781,0.5541706,0.4732184,0.688132,0.7553008,0.52402127,0.6807082,0.758193,0.49334717,0.6750817,0.7372622,0.46917957,0.7509557,0.7414465,0.44018632,0.7283325,0.88368165,0.48572242,0.8696488,0.877125,0.46774882,0.8412361,0.8154325
208,4,0.47871926,0.48529154,0.7214119,0.52363145,0.5446815,0.7220861,0.4803479,0.5402867,0.75059426,0.52210516,0.6437531,0.80105716,0.4775531,0.61880445,0.46453282,0.48262843,0.69649625,0.52498984,0.4729172,0.68880856,0.76050717,0.5234964,0.68554664,0.82104397,0.49237868,0.6778306,0.50013816,0.46993384,0.7500485,0.5911348,0.44042942,0.7274943,0.61919236,0.48502037,0.8702786,0.8323161,0.4667334,0.84596205,0.7432863
209,4,0.4788374,0.48610756,0.67550474,0.52320576,0.54507107,0.71577364,0.48103505,0.54029,0.7600572,0.5222215,0.6435523,0.77200437,0.478754,0.6190111,0.59359455,0.484002,0.6950365,0.59636307,0.47301516,0.689338,0.5917547,0.5231009,0.6838103,0.62240106,0.49306723,0.67742,0.5607677,0.47016856,0.75279856,0.417538,0.44051325,0.7283546,0.7342692,0.4852726,0.87038255,0.8331934,0.46768084,0.84232086,0.69111913
210,4,0.4789167,0.48609665,0.74336857,0.5233898,0.54522556,0.68427235,0.48092303,0.53985846,0.723381,0.52218825,0.6432373,0.7866636,0.4785953,0.6184506,0.6081193,0.48354524,0.6945491,0.5220511,0.47330362,0.6885146,0.5606438,0.5220498,0.6831888,0.6049667,0.49205074,0.6749294,0.54825604,0.47003672,0.75180644,0.3883567,0.44118994,0.729161,0.67730474,0.48541954,0.8696908,0.7662859,0.46800253,0.84160155,0.63395786
211,4,0.4785907,0.48646072,0.61483574,0.52337754,0.5444596,0.8097785,0.4806417,0.5403969,0.6145726,0.52178746,0.6434834,0.86013764,0.4793838,0.6186449,0.43845028,0.48237836,0.6963717,0.51000804,0.47351086,0.68790704,0.68686825,0.522886,0.68204427,0.7407509,0.49291766,0.6754533,0.6633663,0.46919116,0.75104856,0.6533272,0.44021985,0.7290522,0.78308237,0.48572338,0.86967546,0.84374803,0.46739528,0.84483504,0.7605187
212,4,0.47869575,0.48593986,0.7577186,0.5234153,0.5449896,0.7679813,0.48091412,0.54050046,0.77493083,0.52177227,0.64366436,0.8197505,0.4784096,0.61976606,0.67262304,0.48279017,0.6963472,0.51299495,0.47382802,0.688484,0.69342905,0.52318823,0.68373466,0.76178265,0.49284044,0.6767559,0.626507,0.47010523,0.75010943,0.6062666,0.44099504,0.7286075,0.7493239,0.48576137,0.8687198,0.9060147,0.46746254,0.8437838,0.69711834
213,4,0.47891292,0.4862532,0.76059073,0.5233423,0.54550856,0.6528716,0.4809387,0.5404098,0.7382113,0.521886,0.6427842,0.7711734,0.47829264,0.6184118,0.5810679,0.4835172,0.6941923,0.5382163,0.47320893,0.68737537,0.48902258,0.52111876,0.6814973,0.5193919,0.49112445,0.6738616,0.49357945,0.4707569,0.7497164,0.42061087,0.44153702,0.7293733,0.6676208,0.48562944,0.86966664,0.6751718,0.46800905,0.8421154,0.5800008
214,4,0.47903568,0.48482186,0.49035367,0.5235509,0.5434839,0.63210756,0.48140678,0.5402522,0.6677768,0.5223233,0.64365983,0.8247393,0.47882062,0.6186603,0.43602464,0.4843092,0.69570565,0.51957357,0.47415847,0.68762803,0.69282913,0.522641,0.68100655,0.72484165,0.49216005,0.6751994,0.6425834,0.46953532,0.7505927,0.5911235,0.4405404,0.72857624,0.77764267,0.48571965,0.8697268,0.90807587,0.46730405,0.84421414,0.8229452
215,4,0.47847316,0.4860254,0.7344765,0.52341247,0.54579,0.75578207,0.4808959,0.5403622,0.77564484,0.52196294,0.6422101,0.8248704,0.47840682,0.6191204,0.62399375,0.48294103,0.69588387,0.49412835,0.47388873,0.6876086,0.64705825,0.52181286,0.68313664,0.72428113,0.4914335,0.6756129,0.6118004,0.46993384,0.7496976,0.5159427,0.44108868,0.72974277,0.5914836,0.4854612,0.8690346,0.8711885,0.46799707,0.84403324,0.732558
216,4,0.478541,0.48639193,0.5538885,0.5237353,0.5453683,0.8204359,0.4804655,0.5410791,0.64177454,0.52196443,0.6431071,0.86982554,0.47882,0.6190302,0.44035354,0.48276928,0.6958949,0.5816494,0.47336432,0.6875659,0.710302,0.52340347,0.6804698,0.7200433,0.49335593,0.67560923,0.6835242,0.469163,0.7512208,0.683546,0.44043177,0.7276185,0.817125,0.48581466,0.86914855,0.8676522,0.46746355,0.844558,0.8106393
217,4,0.47845772,0.4861058,0.7678048,0.5240571,0.54306066,0.8825881,0.47933686,0.53897744,0.7298458,0.5218073,0.6435618,0.8956004,0.47753313,0.6185117,0.6337789,0.4822889,0.6970253,0.66007036,0.47365665,0.6900805,0.58474916,0.52627426,0.68158245,0.84388393,0.49412936,0.6756769,0.77997845,0.46953493,0.75033784,0.8043099,0.44001135,0.7267688,0.8276693,0.4859376,0.8694883,0.88611174,0.46673813,0.84516543,0.8670483
218,4,0.4786506,0.48625007,0.63359153,0.5234915,0.54284865,0.72763145,0.4791495,0.53915787,0.8628452,0.522991,0.6424027,0.84474725,0.4770237,0.61956084,0.6707318,0.48376837,0.6956763,0.52673495,0.47466213,0.68663317,0.6810504,0.52435285,0.68151146,0.8268649,0.49268228,0.67471737,0.7522336,0.46989334,0.7499691,0.78551155,0.44070873,0.726803,0.83167696,0.48416838,0.86936134,0.68447316,0.46662313,0.84288263,0.8415672
219,4,0.478981,0.4859285,0.747398,0.5237509,0.5437291,0.80755943,0.48022175,0.53978825,0.8278706,0.5219556,0.64403325,0.8668082,0.47805014,0.61834437,0.65229785,0.48227364,0.6966704,0.644272,0.47419217,0.6885551,0.74711657,0.52451,0.68366355,0.8609713,0.49366176,0.67707723,0.7168712,0.46949118,0.75215495,0.75251275,0.44038782,0.7283474,0.8351439,0.48581794,0.86978084,0.9042351,0.46727365,0.8440289,0.76474196
220,4,0.47924328,0.48591417,0.7278759,0.5229941,0.5452458,0.5920934,0.48070195,0.5404737,0.7849183,0.522655,0.6427073,0.78553337,0.47798842,0.6191849,0.55472624,0.48340544,0.6949194,0.5642138,0.47378922,0.68887734,0.586252,0.52228606,0.6851679,0.69792616,0.492293,0.67737144,0.64535236,0.4708166,0.7510564,0.5421113,0.44137448,0.727628,0.7516033,0.4846515,0.86962754,0.74280214,0.46766976,0.8416766,0.6674556
221,4,0.47851458,0.48660833,0.606811,0.5232583,0.5461678,0.71320355,0.48139876,0.5397698,0.75048995,0.52168214,0.64414537,0.78740054,0.47898978,0.6193835,0.5870207,0.4836281,0.69442827,0.5384489,0.47371367,0.68891805,0.6432437,0.5221006,0.6834437,0.6131654,0.49190235,0.6764342,0.4824258,0.47043604,0.7537027,0.3721938,0.44163957,0.7267377,0.6685778,0.48524472,0.8692817,0.8134717,0.46703365,0.84218967,0.73750895
222,4,0.47854415,0.48604175,0.58332336,0.523514,0.54600984,0.77217996,0.4806834,0.54050606,0.6327944,0.5218245,0.64378124,0.8169194,0.47895882,0.6191919,0.40222895,0.48316967,0.694674,0.5477359,0.47316265,0.68865544,0.67877346,0.52336675,0.6816943,0.65713835,0.49326733,0.67582816,0.62647325,0.4696088,0.75179476,0.5846399,0.44128668,0.72679186,0.7311538,0.48608097,0.87003106,0.8436389,0.46806183,0.84284323,0.7774087
223,4,0.4785755,0.48547515,0.73880476,0.52327234,0.54467005,0.7713261,0.48083657,0.53994423,0.7475485,0.5217621,0.6438891,0.83397156,0.47855586,0.618883,0.69043756,0.48252597,0.69633824,0.57155895,0.47405332,0.68771476,0.6962736,0.5244039,0.6828477,0.79843456,0.49384645,0.67607605,0.685256,0.469683,0.7516389,0.71391994,0.4407311,0.72795767,0.80541664,0.48586237,0.8695472,0.9059982,0.4668675,0.8440495,0.728073
224,4,0.47863227,0.48582906,0.7016252,0.52302176,0.54566044,0.6006206,0.48044115,0.5398677,0.7503669,0.52274096,0.6427843,0.772849,0.4777396,0.6192988,0.55084336,0.483417,0.694339,0.49461263,0.4739422,0.6880797,0.5961916,0.52252656,0.6853016,0.73793834,0.49205178,0.67750514,0.64441246,0.47091743,0.75047743,0.5701446,0.4415783,0.7271097,0.75590426,0.48509547,0.87053967,0.7259072,0.46772254,0.8445402,0.6393229
225,4,0.47859606,0.48587924,0.5768081,0.5233323,0.5457142,0.74894136,0.4809542,0.540337,0.6339382,0.5216297,0.643942,0.7918477,0.47902536,0.619145,0.6020906,0.48392949,0.69522476,0.63125163,0.4725105,0.68900996,0.6060571,0.52357894,0.6813228,0.62378985,0.49342987,0.6754799,0.59183764,0.46968645,0.75106305,0.5315927,0.44065282,0.7259284,0.7498432,0.48480907,0.86973155,0.85774124,0.46728268,0.8422595,0.80092174
226,4,0.4786534,0.48516926,0.7324154,0.52341866,0.54445505,0.7626455,0.48060134,0.5400522,0.7448175,0.5215077,0.64362276,0.8023606,0.4779093,0.61781996,0.49349374,0.48175463,0.6965335,0.49761266,0.47402617,0.68745923,0.6578147,0.5242191,0.6835171,0.8196474,0.49354637,0.6771352,0.6535168,0.46967068,0.75058824,0.6755918,0.4405824,0.72677773,0.71363574,0.4858541,0.86926955,0.8822541,0.4667051,0.8441228,0.7495021
227,4,0.47921643,0.4854213,0.7317718,0.52302396,0.5453752,0.619169,0.48075697,0.540596,0.78054065,0.52251256,0.64247715,0.7505475,0.47844064,0.6195178,0.5670768,0.48368642,0.69425523,0.57259583,0.47372228,0.6878547,0.59202856,0.5224161,0.6844637,0.65556633,0.49222496,0.67685944,0.63511544,0.4707119,0.750915,0.50806,0.44145525,0.72745913,0.71716744,0.48494256,0.8697554,0.7203666,0.4675558,0.8410418,0.6298857
228,4,0.4781551,0.48632625,0.71795446,0.5230767,0.5454343,0.7765397,0.48084697,0.5394675,0.73781216,0.5217082,0.6433473,0.8348621,0.47920066,0.6199499,0.6877098,0.48282522,0.69468975,0.5897606,0.47311935,0.68904936,0.66771704,0.52278167,0.68112284,0.6448446,0.49295253,0.6754077,0.6265774,0.46943513,0.75148517,0.5867653,0.44123966,0.72745556,0.7646067,0.48587233,0.8711669,0.84971654,0.46769255,0.8424844,0.78636295
229,4,0.47872928,0.48574936,0.74821275,0.5235083,0.54497147,0.78473955,0.48057806,0.5399665,0.8081583,0.52195746,0.643458,0.83937496,0.47842342,0.62012553,0.6429252,0.48247734,0.6965113,0.55371124,0.47386792,0.6884037,0.71331567,0.5242931,0.6838829,0.8230664,0.49343985,0.67768645,0.6964861,0.46966967,0.75142473,0.6572194,0.44078743,0.72844666,0.79942685,0.48591456,0.8692422,0.91074014,0.46753997,0.8438616,0.750469
230,4,0.47916833,0.48561198,0.73518753,0.52269256,0.5454675,0.5610601,0.48085773,0.5401724,0.77467567,0.5225525,0.6426601,0.7729804,0.47874552,0.6194269,0.5449,0.48365986,0.69477403,0.577209,0.47348887,0.68875176,0.5868266,0.52238774,0.683752,0.6368256,0.492647,0.67644215,0.5959392,0.47108683,0.7513357,0.48843417,0.4415927,0.727847,0.725319,0.48518667,0.87036294,0.7479621,0.46771386,0.84148204,0.6807962
231,4,0.4783872,0.48612082,0.7162775,0.52347887,0.545999,0.73930734,0.48083112,0.53968203,0.76141256,0.52168864,0.64390874,0.79739624,0.4792799,0.6190505,0.6359553,0.48314872,0.69412863,0.5310405,0.473488,0.6881345,0.6414306,0.52263004,0.6833882,0.67359555,0.49291077,0.67692506,0.6236849,0.46962973,0.7511992,0.52442646,0.44096804,0.7279307,0.7249394,0.4863509,0.8699789,0.8626127,0.46792376,0.84179544,0.7664594
232,4,0.47873655,0.48601708,0.69827956,0.5235535,0.54594237,0.70893604,0.48063788,0.5395301,0.7744047,0.5217878,0.64361656,0.8230757,0.4788997,0.61823523,0.66553926,0.48315516,0.6938296,0.578663,0.47336176,0.68774414,0.62335896,0.5220896,0.6825602,0.6796442,0.4926266,0.676452,0.6281001,0.4696998,0.7515859,0.58152586,0.44075254,0.72846127,0.752535,0.48615754,0.87007934,0.8716653,0.4680266,0.8410225,0.77897745
233,4,0.47853363,0.4858237,0.66182303,0.5236466,0.5459726,0.73360455,0.4806818,0.53960556,0.7982571,0.5216532,0.6437673,0.83313566,0.47923154,0.61904854,0.6413224,0.48242444,0.69684064,0.46764088,0.47340456,0.68867624,0.6718112,0.5225698,0.68210185,0.7013947,0.49318668,0.67482704,0.63048965,0.46957794,0.75230455,0.64818895,0.44075993,0.72836375,0.76035035,0.48647335,0.8704327,0.8681474,0.46804205,0.84190094,0.7873548
234,4,0.4784731,0.48575535,0.7448422,0.52402127,0.5452428,0.84455657,0.4801904,0.53963345,0.8016651,0.52205175,0.6439775,0.89308083,0.47843993,0.6180144,0.642576,0.48227948,0.6973432,0.59174335,0.47375518,0.6887546,0.76355094,0.5247969,0.68342036,0.85991895,0.49342665,0.67720085,0.55213946,0.46924838,0.75087506,0.7583472,0.44043678,0.7283733,0.86467326,0.48618647,0.8701394,0.92344004,0.46790698,0.84093106,0.787221
235,4,0.47873467,0.48566285,0.71216,0.52349365,0.54546,0.6415554,0.480224,0.53967094,0.7646211,0.523089,0.64270866,0.82632196,0.4780598,0.619181,0.579835,0.48384577,0.69474316,0.65484774,0.47376773,0.6883131,0.6350678,0.5234133,0.68343323,0.7354651,0.49282092,0.676452,0.6840491,0.47104484,0.75130177,0.6256707,0.4411865,0.72814965,0.7844421,0.48525697,0.86877364,0.82140285,0.4672336,0.8416937,0.60961527
236,4,0.47882116,0.48571476,0.7388904,0.52377015,0.5455178,0.7321703,0.48076886,0.5397991,0.78755325,0.52225,0.6435278,0.8412093,0.4787596,0.61921966,0.67381316,0.48315665,0.6943349,0.57027876,0.47346154,0.68818456,0.6665204,0.5228799,0.68290734,0.73642886,0.492771,0.67688906,0.64454067,0.4696437,0.7516528,0.5751719,0.44061404,0.72863203,0.78407604,0.48614696,0.86942565,0.86861175,0.46838242,0.8421565,0.7660475
237,4,0.4787346,0.4862584,0.71434873,0.5237256,0.54561096,0.77724844,0.480712,0.5397425,0.7921795,0.52193576,0.6433204,0.8662944,0.47869068,0.61862445,0.71227574,0.48301476,0.6948128,0.56984377,0.47327933,0.6886086,0.6990491,0.52348334,0.6820912,0.74726576,0.49341774,0.67639,0.7035295,0.46990603,0.7512429,0.66911495,0.4405157,0.7284461,0.84143966,0.4861471,0.8696774,0.87731665,0.46839997,0.8418488,0.79460824
238,4,0.47890785,0.48579627,0.73664224,0.5237922,0.54544973,0.7147789,0.4807174,0.5401159,0.7989098,0.5224491,0.64320445,0.8420342,0.47830543,0.61889267,0.5741055,0.48286715,0.6968495,0.5303835,0.47370252,0.6885965,0.6804407,0.5239661,0.6839654,0.79152614,0.49352315,0.67748183,0.65690607,0.46987948,0.7513786,0.68267137,0.4409314,0.7281127,0.8039839,0.48595858,0.8695154,0.82205,0.46815073,0.8458092,0.647769
239,4,0.4788836,0.4854746,0.7343674,0.5232393,0.5453347,0.65021956,0.480669,0.54007584,0.76020825,0.5226567,0.6427814,0.76941496,0.4783769,0.61976653,0.6035161,0.4838506,0.6945449,0.6335112,0.47366062,0.6890796,0.62411416,0.5224727,0.6855304,0.72560465,0.4922985,0.6776764,0.6585763,0.47068062,0.7507735,0.5236133,0.4413241,0.72839093,0.7517248,0.4849988,0.86937183,0.7869727,0.46796125,0.8429309,0.7429104
240,4,0.478578,0.48585245,0.59644204,0.52315265,0.54550874,0.70849437,0.48110363,0.53985995,0.7639907,0.5218469,0.6433983,0.781521,0.47911805,0.61886215,0.57059157,0.48456556,0.694686,0.5936253,0.47399208,0.6890052,0.6783806,0.522539,0.6826537,0.7514201,0.49230087,0.67553294,0.47971645,0.47072312,0.75336504,0.43950808,0.4413662,0.72686255,0.7464491,0.48467243,0.86960787,0.8297731,0.467648,0.844346,0.7895505
241,4,0.47832018,0.48589703,0.75672406,0.5236879,0.5465417,0.7129258,0.4808804,0.53969085,0.7760457,0.5218368,0.64315087,0.80485374,0.47894013,0.6182791,0.64100504,0.48299953,0.69633114,0.46076262,0.4734031,0.6877471,0.6179196,0.5222004,0.68489665,0.7498119,0.4918247,0.67587215,0.624963,0.46983686,0.7511323,0.5676818,0.44095573,0.7284406,0.67516613,0.48616567,0.8694102,0.82059675,0.46832103,0.8437515,0.7335943
242,4,0.47840536,0.4859471,0.59360397,0.52321017,0.5458252,0.6818235,0.48104995,0.53944504,0.7710035,0.5220663,0.64256376,0.81322116,0.479083,0.6189652,0.6290376,0.4841264,0.69473684,0.54239804,0.47365564,0.68837434,0.60153896,0.52161366,0.68312496,0.62368035,0.49228135,0.676613,0.56543577,0.4698784,0.75116575,0.49426213,0.44165424,0.72762245,0.6547445,0.48610362,0.8695374,0.81268656,0.46846753,0.843949,0.73761195
243,4,0.47836873,0.48620933,0.59796524,0.5235682,0.54543835,0.7907923,0.48081744,0.53977424,0.8225972,0.5219277,0.6429588,0.85176945,0.47901925,0.61770135,0.43769494,0.4825693,0.69629073,0.5457263,0.4735001,0.68925124,0.6975439,0.5228494,0.680756,0.6741357,0.49355587,0.67541665,0.6650612,0.4693267,0.7517173,0.64878553,0.4401299,0.7285035,0.727357,0.48603946,0.8692882,0.8740114,0.4682435,0.84330845,0.8028034
244,4,0.47841057,0.48628998,0.7374897,0.5237148,0.5444525,0.8252,0.48007166,0.53924257,0.7798056,0.5220042,0.64348036,0.8852708,0.47828192,0.6183146,0.71107835,0.4824972,0.6965974,0.6613003,0.47457054,0.6895154,0.7697889,0.5253923,0.681412,0.8303719,0.49416146,0.67497414,0.75685966,0.46962568,0.7516902,0.7419872,0.44053096,0.72830224,0.85133064,0.48593304,0.8692584,0.9087246,0.4672198,0.8438308,0.78823787
245,4,0.47823533,0.48619434,0.64068747,0.5236996,0.5438645,0.75205,0.4788341,0.53965265,0.6681433,0.52279127,0.6432131,0.8620498,0.4772714,0.6182496,0.47453138,0.48263237,0.6965627,0.54127234,0.4747395,0.6874212,0.72508556,0.52429634,0.6835729,0.86780435,0.4925476,0.6760196,0.7572018,0.46951988,0.7507116,0.77492046,0.44085088,0.7269329,0.83325356,0.48482245,0.8697072,0.72059464,0.46730855,0.8438368,0.81406945
246,4,0.478785,0.48577365,0.74104637,0.5236998,0.54516876,0.7370599,0.48042735,0.53978366,0.7875509,0.5224507,0.64341015,0.85420334,0.47886726,0.6201773,0.74614483,0.48296395,0.69690317,0.55159044,0.47372705,0.68892425,0.7035584,0.5245097,0.6836824,0.8062955,0.49413416,0.67698103,0.70935667,0.46955684,0.75310427,0.7137927,0.4407903,0.7281411,0.8455971,0.48579094,0.86855674,0.8499898,0.46841744,0.84266126,0.7653092
247,4,0.47844633,0.4859927,0.7104504,0.52303946,0.5449737,0.63509095,0.47990987,0.53941077,0.7225895,0.52297485,0.6428685,0.7975128,0.4777216,0.6189869,0.60320765,0.48350954,0.6946122,0.6057436,0.47411966,0.68836987,0.6238513,0.52406055,0.685395,0.7821834,0.4934925,0.6776539,0.6784206,0.47095972,0.7508594,0.59979,0.44164342,0.7275104,0.77109283,0.4850541,0.8696923,0.78258663,0.4679641,0.8446217,0.6568348
248,4,0.47913975,0.4861976,0.6919165,0.522722,0.5453911,0.5887485,0.48057476,0.5393027,0.7714118,0.5228466,0.64360815,0.7883522,0.47865677,0.6196269,0.64381677,0.4838991,0.6950485,0.640711,0.47311395,0.68980175,0.6091817,0.5224931,0.6835376,0.626901,0.49307644,0.675377,0.59857327,0.47062868,0.75202113,0.50243926,0.44164854,0.7277821,0.7336083,0.48508438,0.8700347,0.82244647,0.46766412,0.84297746,0.7317163
249,4,0.47871235,0.48578864,0.7128679,0.5231892,0.54466,0.746441,0.48043078,0.5391853,0.78295064,0.52186286,0.64363825,0.83874375,0.47864228,0.6188953,0.6845206,0.48259965,0.696514,0.47401467,0.47324747,0.68841946,0.68218005,0.52282006,0.68188184,0.69472545,0.49296063,0.6753785,0.6522976,0.4701916,0.7516858,0.641514,0.44087362,0.72857994,0.77105296,0.4858995,0.8692002,0.8524379,0.46857128,0.8424143,0.7792103
250,5,0.47812176,0.48682392,0.77523506,0.52453554,0.54132426,0.73640394,0.47921982,0.53760713,0.81570804,0.52141804,0.6444247,0.88667995,0.47774965,0.618966,0.79316306,0.48211223,0.6968944,0.6340591,0.47326127,0.69022566,0.6026352,0.5272408,0.6808779,0.8248499,0.4947227,0.673178,0.76231456,0.46919006,0.75163484,0.8008439,0.4401357,0.7291599,0.8866324,0.4861034,0.867775,0.87910813,0.46836093,0.8418526,0.79534644
251,5,0.47729746,0.48720488,0.59699464,0.52371395,0.5414881,0.74449146,0.47882432,0.53695476,0.863763,0.5224602,0.64329785,0.71618986,0.47715616,0.6212151,0.7719125,0.48295957,0.6961089,0.5889536,0.4749407,0.6856648,0.6602801,0.52608,0.68176955,0.86800176,0.49348095,0.6754657,0.746966,0.47147667,0.74915564,0.6447197,0.4406714,0.7273767,0.8320186,0.48525697,0.8699303,0.73713994,0.46755865,0.84371674,0.769186
252,5,0.47778338,0.48595247,0.6831264,0.52407604,0.5405068,0.85697424,0.47789028,0.5375023,0.7408974,0.52262604,0.64268064,0.8611011,0.4775588,0.6204384,0.66481376,0.48278853,0.6959632,0.6318914,0.47447994,0.6875731,0.572051,0.52557695,0.6827266,0.86276585,0.49339333,0.6763463,0.7546058,0.469772,0.75097084,0.7696563,0.44089413,0.72710437,0.8997448,0.48529014,0.86844236,0.8090147,0.46799862,0.8409327,0.8189243
253,5,0.47777227,0.4864473,0.6600281,0.5234586,0.5422241,0.7828693,0.47938958,0.53857076,0.8067846,0.52262956,0.6430866,0.8688822,0.47765577,0.6191928,0.6187497,0.48300087,0.6967899,0.6602698,0.47371858,0.6883212,0.76467186,0.525951,0.68229777,0.84117234,0.4941932,0.67721635,0.7516729,0.4694412,0.75333494,0.7057134,0.44050056,0.72785366,0.9009488,0.48533058,0.86875427,0.83007365,0.4674054,0.8407293,0.8463087
254,5,0.47804448,0.4862498,0.46051702,0.52277553,0.5472996,0.5710529,0.47990987,0.5396832,0.788967,0.5226303,0.6424642,0.63913006,0.4777956,0.6177455,0.35282418,0.4838049,0.69408965,0.49236605,0.47420087,0.6874764,0.6976541,0.5213653,0.68442667,0.69556546,0.4914076,0.67629415,0.58277875,0.47053444,0.7524422,0.4003633,0.442031,0.72810805,0.6689769,0.48562425,0.8695037,0.6513375,0.4679417,0.8419109,0.5739784
255,5,0.47853145,0.48636544,0.5249737,0.5231021,0.54644877,0.76622194,0.4803297,0.54117614,0.68382883,0.52168095,0.64338243,0.8256882,0.4791722,0.6190782,0.4794621,0.48408362,0.69435936,0.55975497,0.47547477,0.6887671,0.50205463,0.5234907,0.680552,0.81957334,0.49364716,0.6747183,0.6223116,0.46891823,0.7515443,0.61983955,0.43948013,0.72793084,0.75989634,0.48613498,0.86896443,0.89069486,0.46778294,0.8416438,0.80556357
256,5,0.47794762,0.48690164,0.76647663,0.5237601,0.5433181,0.883414,0.4790567,0.53851575,0.70104444,0.521979,0.6436165,0.90511197,0.47761378,0.619009,0.64693207,0.48208067,0.69663095,0.6359028,0.47381625,0.6893365,0.56503284,0.52617645,0.68392944,0.8901868,0.49375,0.67732555,0.7814929,0.46900246,0.74984753,0.79908735,0.43992615,0.72649086,0.8479804,0.48625037,0.8690834,0.87062836,0.46702877,0.84348077,0.8346629
257,5,0.47800058,0.48622137,0.5137659,0.52333844,0.54580593,0.71974903,0.47945052,0.5405021,0.7088331,0.5230156,0.64208466,0.71943057,0.47807595,0.6178173,0.45632753,0.4842563,0.6941532,0.6260515,0.47399956,0.6884304,0.58478636,0.52239656,0.6848502,0.7053346,0.492146,0.67715377,0.63473,0.47000355,0.7507047,0.50018847,0.44160786,0.72764295,0.7642294,0.48529115,0.8703508,0.7191327,0.46721548,0.8422873,0.6279971
258,5,0.47814944,0.48636,0.69917864,0.52319443,0.5462781,0.73458254,0.48097357,0.53962594,0.74447113,0.5219866,0.6438167,0.8220833,0.47926557,0.6191834,0.6413627,0.48457617,0.6945233,0.4913705,0.47347417,0.68843293,0.6256753,0.5222244,0.68283373,0.6381662,0.4926341,0.67556727,0.5875603,0.46946794,0.75198877,0.54712284,0.44075802,0.72736865,0.74215055,0.48604202,0.87031037,0.87211776,0.46754614,0.8435011,0.7685516
259,5,0.47845495,0.48613247,0.7234866,0.5236848,0.54645205,0.7466597,0.4806043,0.5398991,0.7991864,0.52185446,0.643422,0.8484351,0.47897035,0.61906815,0.6813981,0.4825269,0.6964076,0.48866665,0.4732547,0.68760026,0.6965033,0.52239436,0.68352073,0.7584586,0.49248415,0.6764577,0.6549702,0.46932933,0.75173396,0.62585276,0.4407462,0.7280683,0.77214074,0.48588574,0.86973053,0.84586024,0.46857846,0.8420598,0.7823844
260,5,0.47843257,0.48609722,0.7277306,0.52314585,0.545919,0.6929723,0.48077372,0.5399933,0.78099066,0.52182287,0.6431352,0.8170566,0.4792481,0.61908793,0.63931423,0.48355296,0.69405836,0.5026109,0.4733761,0.6878902,0.6267968,0.5218689,0.68305415,0.6466402,0.49221465,0.67645,0.5645631,0.46989903,0.7520612,0.5444954,0.441314,0.7278067,0.7034765,0.48632467,0.87000686,0.8361372,0.46834114,0.84245855,0.72332376
261,5,0.47833592,0.4868129,0.65893096,0.52338904,0.54623693,0.759303,0.48086774,0.5395393,0.77572036,0.521857,0.6430098,0.84062845,0.479362,0.6178328,0.44266662,0.4834256,0.69401824,0.53146785,0.473427,0.68754643,0.6549897,0.522607,0.68052363,0.6412736,0.49328753,0.67444664,0.5987967,0.46981183,0.752285,0.6499851,0.44112748,0.72729784,0.7555599,0.48618498,0.8699646,0.8595305,0.46769446,0.84200376,0.7746511
262,5,0.47861093,0.48635882,0.7289292,0.5237443,0.5454436,0.7899268,0.4804675,0.5399318,0.78955704,0.522287,0.64346033,0.8716969,0.47851098,0.6197116,0.7015617,0.4828137,0.6964965,0.6425839,0.4745413,0.68955195,0.7275173,0.52483344,0.68260837,0.84527224,0.4934828,0.676505,0.52956986,0.46962106,0.7527626,0.65150654,0.44052595,0.72829056,0.85006833,0.4862571,0.8688382,0.90370053,0.46654993,0.8435385,0.731173
263,5,0.47849143,0.48661837,0.7010374,0.5229566,0.5456722,0.5911805,0.48018965,0.5398882,0.72639555,0.5227107,0.64300764,0.7885071,0.47802952,0.61910933,0.469468,0.4836704,0.6966653,0.44926223,0.47403204,0.68832666,0.7173574,0.52247435,0.6855533,0.7221143,0.4919911,0.6767689,0.62518233,0.47065505,0.75060505,0.5058317,0.4417764,0.72803164,0.710179,0.48518574,0.8700961,0.7104909,0.46763718,0.84330636,0.6902063
264,5,0.47844705,0.48653406,0.6067175,0.5231012,0.54579943,0.6970701,0.48089197,0.53918815,0.7578068,0.5218067,0.64454406,0.79672134,0.4791532,0.6195617,0.65821534,0.48364398,0.6953696,0.5855019,0.47262403,0.6892662,0.6329258,0.5226562,0.68277013,0.6409462,0.49299347,0.6752949,0.57866675,0.46960887,0.751271,0.50774276,0.44110754,0.72693336,0.7762709,0.48502463,0.8688517,0.85859287,0.46688393,0.84180796,0.7868569
265,5,0.478633,0.48615548,0.7186742,0.5237382,0.5442935,0.8503055,0.48014253,0.5385554,0.7991628,0.5221204,0.6446009,0.8967732,0.4781992,0.6180993,0.69901884,0.4825596,0.6973364,0.6103801,0.47324803,0.68856233,0.7782029,0.524351,0.68238616,0.84048456,0.4928067,0.6748596,0.7482148,0.46910802,0.75206274,0.76703864,0.44033623,0.7285663,0.87264127,0.48592183,0.8691187,0.8693057,0.46797785,0.84187996,0.81328684
266,5,0.47792068,0.4868596,0.52027285,0.5236338,0.54429066,0.7854926,0.4801146,0.538843,0.8259183,0.52229553,0.6439575,0.8799313,0.4787496,0.6214577,0.7251515,0.4826036,0.697197,0.6581546,0.47395006,0.68890697,0.77191424,0.52486426,0.68338776,0.85801303,0.49356505,0.6769277,0.731454,0.46970788,0.7509942,0.7573143,0.44060096,0.72763956,0.88183004,0.4861178,0.8699128,0.8395175,0.46701655,0.84251124,0.7990975
267,5,0.4780277,0.4868427,0.5293495,0.52328336,0.54447734,0.6714071,0.48029867,0.53954756,0.7900102,0.5230716,0.6434886,0.81254,0.47829148,0.61764073,0.5345598,0.4837949,0.694452,0.6414894,0.47378045,0.6880554,0.64213645,0.5239387,0.6850258,0.7701289,0.49310848,0.6777823,0.6764679,0.47069022,0.7507614,0.5806385,0.44138592,0.72766256,0.7835611,0.48496675,0.870594,0.74263465,0.4667037,0.8416471,0.69822896
268,5,0.4791291,0.4863104,0.66272634,0.5230387,0.54454786,0.7156044,0.48068592,0.5388526,0.76455,0.522775,0.6436806,0.8501464,0.47843722,0.6202927,0.67462474,0.48373616,0.6951632,0.71094114,0.47285298,0.6895535,0.6875719,0.52362645,0.68327826,0.7309448,0.4934925,0.6771127,0.6906041,0.4700964,0.7518811,0.59696066,0.4400371,0.72868073,0.80799395,0.48515362,0.8702086,0.8408819,0.46654287,0.8415664,0.79244745
269,5,0.47801393,0.4865601,0.50571537,0.5238047,0.5438633,0.81668663,0.48016378,0.5389489,0.8229259,0.5225136,0.6438536,0.87875974,0.4783894,0.6189605,0.692527,0.4828109,0.6963603,0.6028489,0.47343397,0.68850696,0.75610244,0.52544945,0.6840245,0.8460578,0.49430963,0.6785229,0.7532152,0.46912912,0.75280994,0.64621097,0.44112682,0.72726893,0.8705329,0.4850391,0.86848927,0.83055925,0.46690288,0.8405975,0.81374824
270,5,0.47796267,0.48683298,0.5240444,0.52375144,0.545842,0.72319824,0.48026493,0.5394486,0.72257495,0.5230568,0.64307255,0.71042264,0.47813803,0.6198408,0.55179787,0.48443702,0.6944755,0.665739,0.473439,0.6885261,0.47088894,0.5221728,0.6856233,0.70805925,0.49156877,0.6773409,0.5986677,0.4707872,0.7509136,0.40353212,0.44181636,0.72787523,0.7448807,0.48515117,0.870299,0.685622,0.46711767,0.8417737,0.5477774
271,5,0.4788538,0.48590112,0.38222635,0.52341723,0.5449019,0.8226761,0.48059452,0.54030454,0.67717004,0.5221134,0.6446106,0.87779033,0.47923705,0.62052125,0.57395124,0.48435876,0.6953172,0.6319962,0.47510827,0.68917793,0.53573656,0.5241749,0.68139887,0.85615987,0.49402282,0.67522776,0.6618252,0.46981817,0.75004566,0.57992876,0.44067255,0.7265146,0.8221106,0.48462713,0.8691144,0.8806441,0.46669662,0.84190506,0.8374257
272,5,0.47835603,0.48613393,0.72824323,0.52362376,0.5438281,0.7834723,0.48045552,0.5394294,0.74002135,0.52246934,0.64462894,0.8453204,0.47809002,0.6205257,0.56821793,0.4826435,0.6965523,0.5601922,0.47459093,0.68801796,0.71035826,0.524708,0.6844633,0.8610634,0.49327156,0.6772972,0.5565519,0.4698312,0.7510392,0.7248332,0.44083267,0.7266378,0.776294,0.48574045,0.87010664,0.87742203,0.46694425,0.844738,0.7945301
273,5,0.47940484,0.48696384,0.65326995,0.5235355,0.54487115,0.6876168,0.48074922,0.5398506,0.80272794,0.5229865,0.643419,0.81980616,0.47912195,0.61962956,0.6757752,0.48403844,0.6946461,0.6745583,0.4737976,0.6894206,0.647511,0.52348286,0.68405366,0.72294223,0.49313393,0.67605805,0.6476074,0.47055072,0.7517352,0.55619055,0.44133154,0.72806203,0.78491956,0.4853282,0.8703525,0.79120165,0.46657604,0.8421888,0.64304614
274,5,0.47909722,0.4861036,0.7322997,0.52384025,0.54586154,0.6958316,0.4811165,0.5400315,0.7773196,0.5224232,0.64408636,0.7980054,0.4791719,0.61901563,0.6719545,0.4831114,0.6941518,0.5145639,0.4740768,0.68823063,0.63992715,0.5230693,0.6835492,0.6894495,0.49337193,0.6768269,0.5793985,0.46999037,0.7513691,0.5261769,0.441147,0.7283217,0.73803747,0.48587054,0.8692131,0.823875,0.46849373,0.84272164,0.71783406
275,5,0.47902238,0.4862341,0.7359851,0.5239386,0.54595727,0.7395546,0.4811299,0.53958875,0.7599137,0.5223915,0.6440804,0.82656217,0.4794448,0.61853784,0.69602495,0.48302567,0.69441855,0.5516279,0.47398707,0.68853503,0.67833686,0.5237534,0.6836436,0.7425337,0.4940831,0.67741686,0.672807,0.4699237,0.7514264,0.56831455,0.44116333,0.72811,0.77154297,0.48606727,0.8693366,0.8487597,0.468109,0.8421158,0.752652
276,5,0.47933736,0.48643675,0.70948315,0.5238464,0.54459286,0.7500968,0.48087704,0.53944814,0.7927697,0.522999,0.6432207,0.8511498,0.47901663,0.6192692,0.7176906,0.4837755,0.6948346,0.66983813,0.4737961,0.68902797,0.71292317,0.5240726,0.6853064,0.8100226,0.4932256,0.67840374,0.7048602,0.4701298,0.75145376,0.6333316,0.44108194,0.72819936,0.8292241,0.4853327,0.8697692,0.8104406,0.4675045,0.8411995,0.7750012
277,5,0.47967646,0.4866908,0.60306346,0.5230871,0.5455355,0.5991368,0.4813871,0.53873867,0.7425176,0.5230816,0.64371574,0.77664644,0.4789796,0.6178391,0.6259292,0.48453885,0.69488686,0.5937709,0.47429058,0.68832016,0.6905554,0.52177054,0.68417674,0.58394307,0.49208224,0.6757866,0.54417205,0.47055143,0.75183725,0.36876687,0.44147852,0.7282708,0.7227737,0.48516908,0.870499,0.7963985,0.46693993,0.8430021,0.6271985
278,5,0.47901306,0.48588738,0.49625915,0.52443075,0.5414535,0.75109965,0.47975934,0.5395916,0.7195117,0.52263385,0.6436058,0.917188,0.47886628,0.6192453,0.635713,0.48407254,0.6945072,0.63307095,0.4732455,0.6886428,0.8023826,0.5251239,0.680473,0.75493485,0.4937772,0.6744732,0.74238837,0.46901375,0.7504164,0.7758403,0.44054076,0.7268111,0.88480324,0.4859034,0.86922956,0.89432025,0.4674583,0.84165657,0.86450005
279,5,0.47872517,0.4863005,0.7017379,0.52449834,0.5444271,0.7943851,0.4801783,0.53878295,0.7138981,0.5225372,0.644113,0.8335628,0.4783553,0.6176931,0.54769737,0.48296553,0.69597936,0.6286832,0.47495097,0.6867574,0.7183886,0.52487,0.6840234,0.88744676,0.49306202,0.6770388,0.6390601,0.4697913,0.75031084,0.78304607,0.44030434,0.7268265,0.7991014,0.48523912,0.86970836,0.8317392,0.46689516,0.8434204,0.8282087
280,5,0.47981015,0.48589388,0.646335,0.5236704,0.5451527,0.6455931,0.48101738,0.5394889,0.8136022,0.5231039,0.6434851,0.76693285,0.47902742,0.6195601,0.6547669,0.48406282,0.6943637,0.6303186,0.473519,0.6890113,0.6114723,0.52301425,0.6846033,0.7180409,0.4928962,0.6766007,0.6541336,0.47071224,0.75157875,0.52651846,0.4414242,0.7281217,0.73410636,0.48522016,0.86982805,0.7851157,0.46712333,0.8410613,0.75463116
281,5,0.47915024,0.48628387,0.62065834,0.5238706,0.5452701,0.76856744,0.4814161,0.5396795,0.80611783,0.5224947,0.6434728,0.83225447,0.4793111,0.6190382,0.68259317,0.48323223,0.6947246,0.5846052,0.47325632,0.68893313,0.6622843,0.5234569,0.6835126,0.7230426,0.49332297,0.6779262,0.675788,0.4697042,0.75241953,0.58356726,0.44107437,0.72741926,0.7664225,0.48511487,0.86779684,0.8556157,0.46799195,0.84284353,0.8180077
282,5,0.47934124,0.48612309,0.68128765,0.52412623,0.5458934,0.7215241,0.48119965,0.5394688,0.7641744,0.5223957,0.6437262,0.77538085,0.47939262,0.61833453,0.6702826,0.48376366,0.69431955,0.5857381,0.47358006,0.6884553,0.63272625,0.52353036,0.6849248,0.7150106,0.49287838,0.67674977,0.6449722,0.4702491,0.7516614,0.5119248,0.44116879,0.7281008,0.73083764,0.48541456,0.86847603,0.8177288,0.46780598,0.8423032,0.76990634
283,5,0.47943872,0.48621008,0.6090114,0.5238823,0.5459038,0.6664266,0.48145446,0.5397992,0.7906081,0.52255565,0.6433105,0.7814048,0.47925127,0.61901695,0.59227246,0.48371905,0.6953266,0.53713566,0.47307774,0.68916655,0.59638226,0.5231998,0.6835462,0.6326441,0.49250075,0.6754563,0.5693959,0.4699377,0.75265753,0.3847314,0.4417132,0.7274484,0.6956695,0.48500568,0.86908007,0.76003575,0.46743372,0.8424269,0.70676273
284,5,0.47910553,0.48576817,0.6477633,0.52420294,0.545862,0.786084,0.48116437,0.54012066,0.8026746,0.52233136,0.6436664,0.8653754,0.4793157,0.61943245,0.6724484,0.48288205,0.69722366,0.48590216,0.47381124,0.6889917,0.71988285,0.5228551,0.68252337,0.735171,0.4927279,0.67553777,0.658913,0.46952173,0.751679,0.65298396,0.4409694,0.7278395,0.80570906,0.48604158,0.8698693,0.85636526,0.4682333,0.8419658,0.7562647
285,5,0.4789981,0.4863154,0.6827644,0.52441007,0.54606116,0.7894748,0.4812153,0.54020554,0.7879597,0.52215683,0.64372385,0.86424345,0.47911784,0.6196438,0.67236406,0.48328295,0.6963391,0.5410919,0.47380173,0.6878909,0.7236038,0.5235717,0.6820353,0.7629297,0.49272975,0.6752902,0.66251063,0.46938658,0.75154305,0.6970298,0.44071305,0.7288311,0.76836014,0.48612055,0.8692941,0.8344413,0.46729004,0.8449413,0.7665458
286,5,0.4791231,0.48606563,0.7476096,0.5242873,0.5459214,0.7851309,0.48117572,0.5398412,0.756845,0.52227277,0.6437532,0.8349311,0.47858563,0.6181752,0.5819858,0.48340085,0.6960419,0.5125281,0.47417533,0.6878513,0.69535154,0.5230126,0.6832447,0.7592266,0.49303046,0.6768559,0.6283756,0.47019577,0.751419,0.5963556,0.44119972,0.728458,0.7268783,0.48570174,0.8685372,0.89110136,0.46755296,0.84454376,0.73934776
287,5,0.47925866,0.48581973,0.6246459,0.5238813,0.5456329,0.7269335,0.48154202,0.5395171,0.77810144,0.5223235,0.6440537,0.79286224,0.47957113,0.6193529,0.62571555,0.48308188,0.6950677,0.50635767,0.4738296,0.6889048,0.63298094,0.52280205,0.68341345,0.675253,0.49320152,0.6763204,0.5865825,0.4700065,0.7516026,0.56046927,0.44128895,0.7282184,0.7009309,0.48606494,0.86967075,0.83561873,0.4685583,0.84329426,0.73930115
288,5,0.47948524,0.486094,0.5789081,0.5239065,0.54513603,0.72739035,0.48154196,0.5399611,0.8048613,0.52232134,0.6436883,0.8073858,0.47929463,0.61970174,0.6126468,0.4830127,0.69479376,0.47059307,0.47361803,0.6887917,0.63116705,0.5221642,0.6835844,0.66371936,0.4925688,0.67673224,0.55574787,0.4703778,0.7511302,0.5229984,0.44143537,0.72800714,0.6707325,0.4861511,0.8698685,0.8318805,0.46868706,0.84306043,0.7299987
289,5,0.4801035,0.48559824,0.5924735,0.5241364,0.5460077,0.7402859,0.481687,0.5402468,0.6391382,0.52249575,0.6431386,0.82537085,0.47971115,0.61889064,0.59393716,0.4844064,0.6942611,0.5202142,0.47424152,0.68744797,0.62628603,0.5221729,0.6832414,0.63994706,0.4925706,0.6765938,0.57228434,0.46961537,0.7514315,0.49550915,0.44136444,0.72772324,0.6983477,0.48594207,0.8702376,0.82388884,0.46831003,0.84383667,0.75020415
290,5,0.48014084,0.48589087,0.58664393,0.5244738,0.5447983,0.8324508,0.48125732,0.5403242,0.6375965,0.52240866,0.64341843,0.8861012,0.47962415,0.61944014,0.7092948,0.4833998,0.6946093,0.57869196,0.47386786,0.6880352,0.7425843,0.5240654,0.6825447,0.77032137,0.49410293,0.6765477,0.70283055,0.4690128,0.75137246,0.66446775,0.44097152,0.7273557,0.829932,0.48612353,0.87028867,0.8561279,0.46752965,0.841809,0.8280301
291,5,0.47956496,0.48566952,0.7566489,0.52409095,0.5441088,0.78664637,0.4812921,0.53967106,0.7520446,0.52291226,0.6432093,0.8669715,0.47830185,0.61962014,0.5654002,0.48334888,0.69669926,0.59546536,0.4741277,0.68818325,0.70644194,0.52407926,0.6835965,0.80430454,0.49271494,0.67672074,0.7039524,0.46980736,0.7513771,0.68204135,0.44117498,0.7280278,0.83163613,0.48567733,0.8702209,0.8890643,0.46659258,0.8459966,0.752133
292,5,0.47960997,0.4863092,0.63716733,0.5243609,0.54621345,0.6665259,0.48173672,0.53947645,0.76844484,0.5227045,0.64359415,0.7826521,0.47941616,0.6184486,0.6340753,0.48401096,0.693995,0.5300264,0.4739235,0.68778,0.58431107,0.5219333,0.68540066,0.6871212,0.49246272,0.67657524,0.5966549,0.4706475,0.7506461,0.4533128,0.4412263,0.72904336,0.66746765,0.48602244,0.86933714,0.8120943,0.4682083,0.8425937,0.6767601
293,5,0.48049122,0.48514974,0.68927556,0.5240206,0.54574,0.73946804,0.48215333,0.53951865,0.6912946,0.52222085,0.64410514,0.795509,0.47946852,0.6183517,0.4333594,0.4843626,0.6953619,0.5443716,0.4734325,0.6888031,0.65543115,0.5227896,0.68187416,0.59462553,0.49335718,0.6750325,0.5620112,0.46925828,0.7509347,0.48667964,0.4411136,0.72675925,0.7642848,0.48574647,0.87001514,0.8692658,0.46750897,0.8425868,0.749728
294,5,0.4794036,0.4862853,0.65681887,0.5244854,0.54596186,0.7247262,0.4817248,0.5399175,0.7989518,0.5225109,0.6441516,0.7628832,0.47930318,0.61906356,0.6493241,0.48329335,0.69641036,0.42431653,0.47401154,0.68781286,0.65226567,0.5224299,0.68434674,0.71624166,0.4921655,0.67600256,0.6106491,0.47061762,0.74975383,0.47423384,0.44151026,0.7284619,0.6563446,0.486005,0.86937886,0.87296337,0.46770707,0.8448249,0.6878114
295,5,0.48036006,0.4853757,0.6435244,0.5239456,0.54574966,0.73619974,0.4822394,0.54000217,0.65696985,0.5224101,0.6435673,0.7961726,0.47968665,0.61910456,0.60882586,0.4840022,0.69470227,0.48669326,0.47409263,0.68787175,0.6262909,0.52270144,0.68254566,0.6121735,0.49302304,0.67608064,0.5430719,0.46978697,0.75076926,0.47798195,0.44087794,0.72800714,0.68117934,0.4860582,0.87021047,0.82118964,0.46830496,0.8432903,0.7147896
296,5,0.479435,0.48611423,0.6006994,0.52425563,0.5452047,0.7909448,0.48178142,0.5397471,0.78389734,0.522439,0.6444649,0.8230008,0.47952825,0.6192145,0.68277,0.4829994,0.6966723,0.47708964,0.47394624,0.68824935,0.704154,0.5230187,0.6831287,0.7231038,0.49309728,0.6757077,0.6256581,0.46982205,0.7510999,0.56730926,0.44117928,0.72850376,0.7548882,0.48586687,0.8694433,0.8320502,0.4682764,0.84589314,0.71405214
297,5,0.4793584,0.48601887,0.6408234,0.52427185,0.5457842,0.72323614,0.48180553,0.53950465,0.7793144,0.52237946,0.64400566,0.7957798,0.47973242,0.6187516,0.6436064,0.48346004,0.6938577,0.4642849,0.47394952,0.6879952,0.6303212,0.5218262,0.682434,0.6472268,0.49254405,0.67570937,0.55250674,0.47046748,0.7516909,0.5401343,0.44147176,0.72854763,0.7095821,0.48596734,0.86967003,0.82868516,0.46880934,0.84380823,0.7090137
298,5,0.48015708,0.48518026,0.6153977,0.5242002,0.5457135,0.7540259,0.48204544,0.5400126,0.7071388,0.52284896,0.6444959,0.8236177,0.479757,0.6178616,0.40809265,0.48331758,0.69564056,0.4809049,0.47433886,0.6876675,0.6716715,0.52276146,0.6820534,0.693301,0.49374273,0.67557025,0.6398844,0.4692588,0.7507189,0.5718603,0.4411782,0.7285363,0.72780454,0.4861188,0.8698035,0.842513,0.46865627,0.8468631,0.7394195
299,5,0.47930083,0.48592106,0.7159305,0.52432126,0.5455018,0.7819407,0.4814415,0.53969014,0.7583854,0.522268,0.64392036,0.8004167,0.47901514,0.61879194,0.6559342,0.4832688,0.6957424,0.47148803,0.47426435,0.6875738,0.6526804,0.52270544,0.6819237,0.6896116,0.49334902,0.67536575,0.59972006,0.470799,0.75041294,0.5936438,0.44148842,0.7292199,0.7081323,0.48600256,0.86952233,0.8933311,0.4679837,0.84436744,0.7410942
300,6,0.47915915,0.48679215,0.74586266,0.5252661,0.541429,0.74771905,0.48056397,0.53877765,0.81783926,0.52239007,0.6444415,0.90093607,0.47843057,0.6186217,0.6987145,0.48291686,0.69701856,0.6559919,0.47383645,0.69060624,0.65259945,0.5259744,0.67968583,0.77035666,0.49415714,0.6727045,0.74081594,0.46948597,0.75049925,0.74606955,0.44045612,0.72893584,0.89391774,0.48665828,0.86945665,0.87112236,0.46802866,0.84122324,0.81015414
301,6,0.4796451,0.48577136,0.7014812,0.5245398,0.54519176,0.6850758,0.4804223,0.5399142,0.7064094,0.523576,0.64382505,0.8178943,0.4782203,0.6193516,0.46464375,0.48328686,0.696313,0.5985634,0.4749724,0.68967354,0.5470857,0.5248867,0.68321174,0.8774296,0.4931217,0.67616504,0.65073806,0.47001725,0.75019914,0.7891087,0.44083813,0.7283395,0.85173243,0.4850797,0.87001014,0.7762061,0.46690205,0.8430505,0.8151756
302,6,0.4797808,0.48598984,0.7531198,0.52444714,0.54450595,0.80454767,0.48113778,0.540288,0.7873134,0.52308387,0.64340675,0.8628691,0.47856614,0.62020344,0.67365456,0.4836336,0.6966026,0.6036575,0.47408018,0.6884506,0.7218426,0.52433014,0.6835605,0.8063325,0.4929096,0.67621857,0.7206823,0.46992317,0.7526808,0.73792326,0.44129023,0.7286768,0.8638154,0.486253,0.87010384,0.8178845,0.468401,0.8409651,0.7974304
303,6,0.47955084,0.48622227,0.74152464,0.524305,0.5456369,0.7515384,0.48169512,0.53980553,0.73994446,0.5228614,0.64340776,0.7960278,0.47875118,0.6194738,0.6101584,0.4838567,0.6945485,0.56648284,0.47410548,0.6881865,0.62813574,0.52294445,0.68440807,0.70445937,0.49259755,0.675874,0.6290423,0.47059458,0.75164336,0.5518114,0.441847,0.72885185,0.71967024,0.4865928,0.87047493,0.7982133,0.46887615,0.84188926,0.6859452
304,6,0.47991607,0.48526645,0.49925244,0.5244528,0.5452155,0.8139346,0.4810736,0.54030573,0.61947507,0.52247816,0.6433326,0.84410346,0.47938842,0.6194202,0.67793053,0.48516408,0.6941702,0.54379326,0.47355258,0.6885183,0.6849402,0.52351594,0.68141365,0.7040329,0.4934352,0.67507833,0.6877557,0.4698122,0.7524299,0.66371983,0.44134253,0.7289302,0.8043834,0.4863882,0.8703674,0.86889786,0.46805236,0.8416361,0.79037905
305,6,0.4794161,0.48603064,0.73124003,0.5243292,0.54585075,0.754383,0.48162118,0.53946126,0.7224729,0.5223551,0.6434205,0.77057505,0.47844455,0.6186725,0.63042825,0.4833891,0.6963875,0.4889758,0.47474512,0.6881135,0.6215253,0.52258277,0.6847586,0.72436774,0.49238494,0.67577356,0.6278029,0.4705833,0.7513068,0.5015262,0.4416239,0.7295974,0.5741013,0.4861207,0.87039286,0.8452853,0.4683707,0.8448161,0.6677979
306,6,0.48018324,0.48515794,0.6155836,0.5242386,0.5459219,0.7347158,0.48170513,0.53937036,0.78066903,0.5224188,0.6428533,0.792718,0.4793789,0.6184929,0.60593617,0.48464167,0.6944218,0.53567183,0.47402427,0.687544,0.60211045,0.5216633,0.6822018,0.5760602,0.4916744,0.67451173,0.5762039,0.46974596,0.7519611,0.5466492,0.44158795,0.7288284,0.67180717,0.4863658,0.87098604,0.83953464,0.46799582,0.8418725,0.7437522
307,6,0.48014316,0.4846798,0.69128144,0.52456015,0.5434853,0.6857063,0.4814737,0.53909725,0.6910834,0.5231068,0.644813,0.8835344,0.4793673,0.61804485,0.48852912,0.48431307,0.6954766,0.5281738,0.47430426,0.68681735,0.74675196,0.5239666,0.68106484,0.75141203,0.49308568,0.67497075,0.689569,0.46871892,0.7502646,0.668518,0.4404258,0.7283387,0.80956244,0.48543802,0.8690601,0.6016385,0.46791774,0.8435617,0.8049978
308,6,0.47960982,0.48602086,0.72200555,0.5246804,0.5455673,0.7868826,0.48113516,0.53879416,0.7662008,0.5224416,0.64333415,0.8490909,0.47863325,0.61842585,0.7223649,0.48335856,0.69557387,0.60994303,0.4744443,0.6874853,0.6925664,0.52339315,0.6838646,0.8213237,0.49252608,0.6755129,0.6757627,0.47007886,0.7522395,0.65552396,0.44105694,0.7288902,0.7763037,0.48637357,0.8701226,0.9054434,0.46777084,0.84422034,0.7531945
309,6,0.48010147,0.48538882,0.53324944,0.5241641,0.54545844,0.69949985,0.48161158,0.538933,0.79416186,0.5225266,0.643025,0.80627775,0.47925326,0.6180133,0.6359904,0.48419437,0.69409996,0.5185487,0.47367904,0.6875893,0.6132491,0.5218697,0.6838145,0.6700923,0.49176818,0.6756867,0.6271281,0.47006363,0.7522361,0.5286421,0.44140375,0.72886765,0.658636,0.48622847,0.8702162,0.81575733,0.46863207,0.8427775,0.7573914
310,6,0.48020065,0.4856851,0.68907213,0.52434653,0.54247445,0.669281,0.48127955,0.5384232,0.73222655,0.52294487,0.64439315,0.8748023,0.47916487,0.6182144,0.4915482,0.48284099,0.6963251,0.6049435,0.47406656,0.68921393,0.73948306,0.52449644,0.6803451,0.66478205,0.49386126,0.6742677,0.6615904,0.46882242,0.75177604,0.65360415,0.44082832,0.72812253,0.81825876,0.48654315,0.8697101,0.8804883,0.4680235,0.8431273,0.8472108
311,6,0.4800977,0.48596835,0.7123062,0.5237633,0.54516673,0.61683273,0.48065728,0.5384508,0.7538939,0.52304137,0.6436041,0.74189025,0.47817615,0.6173907,0.4949367,0.48325634,0.69640255,0.49826288,0.4736995,0.6884143,0.7314979,0.52309453,0.6857774,0.7596087,0.49246982,0.67682153,0.6144915,0.4708544,0.7511513,0.50036776,0.44159213,0.72906846,0.7523179,0.48639813,0.8705074,0.8326684,0.46778217,0.8460326,0.5997553
312,6,0.4795947,0.4859305,0.4830545,0.52356404,0.54540294,0.673347,0.4815679,0.5389612,0.7950036,0.52261424,0.6442021,0.79898006,0.47933033,0.6190971,0.5830865,0.4851872,0.6952109,0.5102319,0.47324428,0.68941003,0.6237883,0.5227419,0.6818071,0.5525328,0.49255854,0.6750449,0.50839883,0.47092074,0.75397813,0.42563736,0.44128755,0.72758025,0.74835104,0.48433855,0.8687685,0.7891152,0.46716774,0.84287214,0.7142885
313,6,0.47909623,0.48704857,0.62376416,0.5240957,0.54514784,0.8304832,0.48021555,0.5388047,0.80999917,0.52320224,0.64538956,0.87832063,0.4782509,0.6170912,0.6723953,0.48339498,0.69578177,0.6321459,0.47421944,0.68784475,0.75574726,0.5246607,0.6823409,0.8138816,0.49381682,0.67543775,0.7145253,0.46974385,0.75092804,0.67479384,0.4410515,0.7281119,0.81512296,0.48624858,0.8693348,0.8279918,0.46854812,0.84181124,0.8122487
314,6,0.47777122,0.4880479,0.6921124,0.5241967,0.54240406,0.9005,0.47776398,0.53845036,0.7283996,0.52351487,0.6454495,0.8959891,0.47750255,0.61822754,0.69269085,0.48339218,0.6968654,0.659051,0.47478056,0.6892802,0.6324727,0.5263585,0.68137735,0.8457618,0.49422514,0.67471266,0.76799804,0.47006735,0.750742,0.80917805,0.44105378,0.72801065,0.8884239,0.48586553,0.8701144,0.9046998,0.4686604,0.8418033,0.79334366
315,6,0.47814947,0.48740318,0.60268015,0.52394456,0.54058236,0.84975934,0.47822806,0.53735346,0.8651072,0.52307105,0.6449346,0.84864503,0.47700164,0.62152356,0.78955936,0.48352486,0.6963293,0.6206184,0.4752786,0.6893632,0.56122184,0.5249356,0.68332833,0.8734067,0.49297315,0.67676485,0.6042602,0.47044334,0.75001466,0.74185383,0.44147065,0.7264764,0.8140112,0.48542628,0.86983144,0.8373056,0.46747917,0.84314746,0.83511966
316,6,0.47795457,0.48810554,0.7850117,0.52286476,0.54346114,0.649904,0.47844595,0.5387501,0.7640285,0.5238101,0.6458762,0.88459855,0.4776401,0.61807543,0.691088,0.48376834,0.69733155,0.62413263,0.47345316,0.6893279,0.7523203,0.5255626,0.68220097,0.80680007,0.49451748,0.6759352,0.74409765,0.47082132,0.75096,0.7060208,0.44196543,0.7258229,0.857369,0.48512644,0.8699946,0.8411977,0.46831587,0.8408807,0.7795119
317,6,0.47588813,0.48978707,0.7057769,0.52289855,0.5438944,0.5801935,0.47766277,0.53894377,0.86488575,0.52412605,0.6456082,0.8379267,0.47654304,0.61909056,0.66028386,0.4843024,0.696439,0.5947907,0.47516027,0.68816394,0.5113849,0.52423453,0.6837346,0.8365043,0.49282816,0.6770913,0.56170875,0.47098026,0.7497551,0.70981854,0.44196454,0.7272528,0.86281663,0.48504937,0.8694613,0.7261123,0.46789402,0.84262604,0.78644395
318,6,0.47606698,0.48999572,0.60025495,0.5219606,0.5450208,0.62503284,0.47704878,0.53869575,0.86974305,0.523887,0.6465281,0.8548834,0.4769673,0.6198932,0.69703084,0.4843512,0.6952564,0.6661892,0.47331676,0.68935615,0.73644274,0.52629817,0.6808848,0.72726125,0.49501136,0.675633,0.7372138,0.47060007,0.7505953,0.70133406,0.44210592,0.7259348,0.8758353,0.4849746,0.86902666,0.8527872,0.46769997,0.84151125,0.83859247
319,6,0.475769,0.49190098,0.77041703,0.52137864,0.54448277,0.76740474,0.4764461,0.5418487,0.8190884,0.5253805,0.6453621,0.88890284,0.476437,0.62363523,0.7499795,0.48451465,0.69682366,0.61781144,0.47527346,0.6909732,0.57038194,0.5253686,0.6816761,0.824743,0.4940782,0.67702025,0.5997094,0.47150454,0.75145364,0.64657736,0.44213402,0.72653687,0.8040719,0.48512834,0.86977774,0.789236,0.468507,0.84315634,0.812663
320,6,0.47416395,0.49199152,0.63032955,0.5213663,0.5483062,0.852002,0.4762915,0.54243505,0.78704566,0.5245837,0.6468365,0.8731848,0.47641647,0.62537813,0.72998035,0.484338,0.69711643,0.5553646,0.47507033,0.6908812,0.56930757,0.5251432,0.68113697,0.78249645,0.49381593,0.67566735,0.7229732,0.47183973,0.75069153,0.7588785,0.44196334,0.72708493,0.7892451,0.48607075,0.8702722,0.8415696,0.4679774,0.8452632,0.7630925
321,6,0.47292754,0.49302465,0.46608067,0.520819,0.5481327,0.8815798,0.47513488,0.5422017,0.8903147,0.5247244,0.64670014,0.89552754,0.47645095,0.6247116,0.77838665,0.4840201,0.69678867,0.6282946,0.47525996,0.69052744,0.6024076,0.5262987,0.6798724,0.7912542,0.49357542,0.67462844,0.7524913,0.47165826,0.74993616,0.7815582,0.44145843,0.72793555,0.8739104,0.48566765,0.8689011,0.8147459,0.4679807,0.8447144,0.8600263
322,6,0.4713607,0.4948803,0.79285854,0.5203907,0.54754215,0.8396736,0.47363427,0.54288626,0.8655624,0.5253781,0.64620996,0.9150075,0.47571084,0.6244851,0.796579,0.48400885,0.69745207,0.6492136,0.47517318,0.6922468,0.62479854,0.52705914,0.680026,0.80681676,0.49385187,0.67605376,0.62078995,0.47195926,0.75002915,0.7479092,0.44188938,0.7282824,0.9045645,0.48604214,0.867135,0.7943351,0.46910545,0.84407765,0.8490772
323,6,0.4710998,0.49514908,0.6931783,0.51929724,0.5484985,0.68196446,0.47326392,0.5428677,0.7695768,0.52624446,0.64723366,0.8324949,0.4757001,0.6238661,0.7086707,0.48479012,0.69734997,0.5555979,0.4747946,0.69058806,0.66660106,0.52435803,0.68166715,0.789374,0.49340248,0.6762406,0.5421022,0.47185108,0.7496965,0.6829638,0.4424796,0.72760034,0.8152016,0.48562494,0.8686806,0.6727621,0.46908554,0.8439951,0.81602603
324,6,0.4699696,0.49613214,0.7685162,0.5185359,0.5483203,0.7898257,0.47186008,0.54377186,0.8432663,0.5254296,0.6467012,0.72577,0.47520554,0.6257076,0.8190717,0.48370114,0.69837976,0.6265608,0.4744043,0.6927755,0.62513614,0.5260836,0.68178475,0.7821731,0.49379492,0.67789114,0.60413945,0.47167733,0.75054616,0.6716317,0.44179574,0.72799844,0.88492954,0.48592192,0.8685004,0.859113,0.46827242,0.84311795,0.7858392
325,6,0.46756986,0.49791,0.73465705,0.51768166,0.5527155,0.7039917,0.471506,0.54475665,0.8632899,0.5258751,0.6481798,0.7829474,0.47428742,0.6229215,0.56316334,0.48478633,0.6957758,0.5303325,0.47381353,0.6918006,0.6255459,0.5230387,0.6812189,0.7052322,0.4927713,0.67486244,0.6721593,0.47164986,0.75324184,0.6888216,0.44260615,0.7284362,0.7752739,0.48615438,0.8697458,0.7744885,0.46826273,0.84425163,0.79126
326,6,0.46636757,0.49904096,0.7334726,0.51683366,0.55108696,0.734681,0.46958014,0.54456955,0.882873,0.5255299,0.64746356,0.80773485,0.47400793,0.6278668,0.79545796,0.4834365,0.69779277,0.6576356,0.47391638,0.69209707,0.63084847,0.5258638,0.68087494,0.8126968,0.49288586,0.6762181,0.6015467,0.471334,0.7480138,0.70968455,0.44120196,0.72958523,0.90102214,0.48623738,0.8674507,0.9108949,0.46890557,0.8456468,0.82908416
327,6,0.46501935,0.4988726,0.6747424,0.5157937,0.55120057,0.8475217,0.4680638,0.54429376,0.8198613,0.52457005,0.64756256,0.9148575,0.47311193,0.62633425,0.8134968,0.48290512,0.6982176,0.5880418,0.4735314,0.6917354,0.6997795,0.525931,0.6794446,0.8952035,0.49317372,0.6738923,0.73307097,0.47151515,0.7480613,0.73174286,0.44138274,0.72797567,0.8854089,0.48563874,0.86710155,0.79800373,0.46878734,0.8432472,0.8486024
328,6,0.46328858,0.49988002,0.734736,0.5135991,0.5524333,0.6775892,0.46724507,0.5470653,0.88029665,0.52446085,0.64631677,0.8832931,0.47289848,0.62608665,0.7627603,0.48273763,0.6967881,0.6654497,0.4736301,0.6900979,0.68339723,0.52431387,0.6793925,0.8003249,0.49276668,0.6756272,0.53961027,0.47220147,0.7510225,0.523284,0.44156468,0.729303,0.867432,0.4865847,0.867827,0.85545796,0.46887282,0.8430203,0.8553557
329,6,0.46111903,0.50071996,0.5445975,0.51125264,0.5559074,0.6415609,0.4665476,0.5484567,0.85296494,0.52388877,0.6484436,0.7000544,0.47154132,0.62792504,0.72084576,0.48154956,0.6979006,0.6299545,0.4724536,0.6920181,0.654133,0.5230144,0.6795212,0.76259387,0.49174023,0.6758675,0.46601215,0.4720888,0.7521768,0.5144167,0.44126084,0.7307636,0.8505574,0.48672992,0.8693816,0.82953066,0.469101,0.84490234,0.71906656
330,6,0.4584191,0.5029736,0.6873081,0.5095415,0.5538677,0.8408017,0.46365064,0.54844236,0.78389347,0.5229809,0.648507,0.8533523,0.47017846,0.6278788,0.6930805,0.48164836,0.6968917,0.57174456,0.47211018,0.69140625,0.6989142,0.5244452,0.67715603,0.8690276,0.49191457,0.672101,0.7020023,0.47056648,0.7531417,0.8060131,0.44100362,0.7311887,0.88941175,0.48631763,0.8690134,0.8948097,0.4681842,0.8434864,0.89582866
331,6,0.45616636,0.50386447,0.7666551,0.5078541,0.54899997,0.81053996,0.46131077,0.548646,0.833987,0.5211937,0.6456485,0.883146,0.4687592,0.6280758,0.64888304,0.48050308,0.6952251,0.7342824,0.47316027,0.693013,0.5366884,0.52632844,0.6744118,0.9059334,0.49154887,0.67102593,0.7452323,0.47064155,0.75360256,0.76635474,0.44039795,0.73188275,0.9261533,0.486691,0.86729026,0.8355333,0.46919546,0.8401087,0.88026077
332,6,0.4545194,0.50520384,0.67818224,0.5050506,0.5498726,0.82404745,0.46062547,0.55067694,0.83144104,0.5196494,0.64672065,0.88434064,0.46836948,0.62833023,0.78722584,0.4801002,0.6935039,0.77190274,0.47313362,0.68926185,0.42598426,0.5252262,0.6745715,0.8117056,0.49102122,0.674284,0.64371747,0.47044468,0.7542328,0.8504857,0.440334,0.73214984,0.8448008,0.48592904,0.86764735,0.7158806,0.46819177,0.84387434,0.89055455
333,6,0.45311975,0.505833,0.6176277,0.503102,0.5510136,0.6596842,0.46022394,0.55302405,0.78886205,0.5175793,0.6454701,0.7658185,0.4672468,0.6276901,0.643689,0.4793355,0.68845856,0.6384848,0.47194853,0.68428415,0.45200253,0.5223462,0.6755632,0.8386828,0.4901757,0.67373013,0.64196676,0.47040558,0.7534814,0.5754516,0.44141394,0.73239416,0.8117252,0.4858933,0.86677825,0.6529473,0.46930864,0.8437891,0.76556605
334,6,0.45096022,0.506088,0.66072446,0.5014072,0.5501203,0.6805673,0.45733982,0.5505413,0.75731623,0.51532346,0.6462107,0.8414013,0.4646823,0.625583,0.73334783,0.47577986,0.68676454,0.7674198,0.46909466,0.6809826,0.45536375,0.52488315,0.6703447,0.8498729,0.4896186,0.67009324,0.5910551,0.46928772,0.75184083,0.8197293,0.44083175,0.7315706,0.74277836,0.48606816,0.868072,0.8849197,0.46884143,0.841587,0.7648447
335,6,0.4495366,0.50460076,0.6300425,0.49978694,0.5527663,0.6944233,0.45670468,0.55028504,0.50240314,0.51386756,0.6476435,0.84562516,0.464159,0.6248578,0.68217176,0.474286,0.6862774,0.6610036,0.46673584,0.6805903,0.49673456,0.521885,0.67368114,0.78266376,0.48848006,0.67130965,0.6487524,0.46820244,0.75450504,0.6998022,0.44125345,0.7332568,0.78169274,0.4857262,0.86921984,0.8780585,0.4675193,0.84424096,0.8883243
336,6,0.44724688,0.5039498,0.49065357,0.49767873,0.5515796,0.8180497,0.45375988,0.5516911,0.7091059,0.5115569,0.64654064,0.90123236,0.46219933,0.62423986,0.61420774,0.47084868,0.68525547,0.76956326,0.46549588,0.67943734,0.5175492,0.52357846,0.6700748,0.8357569,0.48931044,0.6700345,0.6619108,0.46746916,0.7540697,0.80127865,0.44014916,0.7325985,0.78152674,0.48647156,0.8704496,0.88883275,0.46887103,0.8409988,0.8244203
337,6,0.4453151,0.50295424,0.7414791,0.49733812,0.54958653,0.63336176,0.4520889,0.5489032,0.840523,0.50885224,0.6471694,0.7906688,0.45954004,0.627362,0.7423749,0.4684105,0.6881924,0.42273784,0.46181697,0.68216,0.5298444,0.5223395,0.6675275,0.8790561,0.48646757,0.6704357,0.7006947,0.4671956,0.7563601,0.84068197,0.43939152,0.73420924,0.67373765,0.48610812,0.86678284,0.779153,0.46825668,0.8410469,0.8283367
338,6,0.44269073,0.5002601,0.5894274,0.4946652,0.54835045,0.6123046,0.45132214,0.5488917,0.85353875,0.50650287,0.64519197,0.7982032,0.45774952,0.62551415,0.7330209,0.4671099,0.6884171,0.5354642,0.45902532,0.68211603,0.602363,0.52139145,0.6679372,0.88781446,0.48601717,0.6701221,0.6991092,0.46484566,0.7548377,0.8966148,0.43852398,0.73550165,0.75737274,0.48548323,0.868054,0.72063774,0.46657366,0.8417737,0.88143307
339,6,0.44049698,0.49963272,0.5886175,0.49349606,0.54640853,0.6011465,0.44967473,0.5472962,0.8453354,0.5045819,0.6454049,0.74402815,0.45631823,0.6232523,0.5200852,0.46392614,0.6884034,0.6594935,0.4559398,0.6815197,0.6037697,0.5205493,0.66380316,0.81398195,0.48575923,0.66745317,0.5518279,0.4646937,0.7565502,0.87276804,0.43874848,0.7371425,0.71091664,0.4861656,0.87032783,0.9330532,0.46621642,0.8418084,0.8635823
340,6,0.43841228,0.4972464,0.5844954,0.4939747,0.53918266,0.81040037,0.4458577,0.54030365,0.7531984,0.50187916,0.64052254,0.84576565,0.45348603,0.6202394,0.8543794,0.4621963,0.6893289,0.7989659,0.4515805,0.6844164,0.5519786,0.52201325,0.6568335,0.92754436,0.4856589,0.6608361,0.79301554,0.46284783,0.7558963,0.9030681,0.43786094,0.736514,0.72156966,0.48574704,0.86872584,0.8955389,0.46656042,0.8428763,0.8977287
341,6,0.4360049,0.4948322,0.78197485,0.4920879,0.5347648,0.5757422,0.44409746,0.53727883,0.7407436,0.50022334,0.63986534,0.7410194,0.45196488,0.6178952,0.8992926,0.4600857,0.690998,0.73448193,0.44825536,0.68375176,0.64953417,0.5217117,0.6557805,0.90606654,0.4849785,0.6564944,0.6269518,0.4616881,0.7556126,0.8165397,0.4377742,0.7380328,0.70375013,0.485231,0.86871076,0.8408663,0.4663714,0.8425201,0.8779446
342,6,0.4351028,0.49175754,0.80886966,0.48942035,0.52977383,0.76900303,0.44331995,0.5349148,0.80140644,0.49866256,0.63793707,0.82444024,0.45029387,0.61508256,0.8834067,0.45753285,0.6900404,0.7098679,0.4434549,0.6818534,0.63293606,0.520256,0.6529058,0.90623826,0.48461068,0.6548635,0.6862452,0.46083274,0.75430137,0.8617753,0.4376641,0.73674417,0.8278145,0.48650905,0.86880004,0.88912034,0.4664992,0.8428029,0.7420299
343,6,0.43439832,0.48604923,0.62065643,0.4887951,0.52588946,0.7938286,0.4434487,0.5298474,0.8112925,0.49757972,0.6339746,0.8558115,0.44961807,0.6132688,0.9195428,0.45705804,0.68942654,0.71194655,0.44026038,0.67969763,0.6558588,0.51898766,0.65010613,0.8938602,0.485282,0.65247834,0.7427168,0.46030015,0.7543403,0.8842558,0.4381805,0.7389913,0.60102063,0.48746797,0.86959916,0.9134725,0.4657259,0.84454614,0.7360208
344,6,0.43394616,0.4810791,0.7394118,0.4879548,0.52167505,0.7884902,0.44194344,0.5262676,0.8226828,0.49592584,0.6292605,0.83488387,0.44836056,0.61077607,0.9441571,0.45600387,0.68809783,0.73654324,0.4373211,0.67649543,0.65346587,0.5189899,0.6465314,0.8856174,0.48348323,0.6497241,0.7126274,0.46029785,0.75322425,0.9062358,0.43811715,0.73803717,0.73563147,0.4871028,0.8699427,0.9186044,0.46505278,0.8454824,0.79420173
345,6,0.43373898,0.47528273,0.83743906,0.48705354,0.51634264,0.8070462,0.44075337,0.5223545,0.85577595,0.4946359,0.624843,0.83409864,0.44749653,0.60650873,0.94308776,0.45536298,0.68637574,0.6247828,0.43513936,0.6730972,0.66604877,0.51874936,0.64368373,0.8977634,0.4841898,0.64703685,0.76020813,0.46019,0.7523897,0.9353761,0.4394705,0.739066,0.5337255,0.48604098,0.87041634,0.84017044,0.46427923,0.8466659,0.79493237
346,6,0.43296063,0.46881318,0.7924598,0.4862256,0.5106183,0.7237753,0.44011948,0.51660025,0.8331088,0.49351147,0.61947274,0.80483204,0.44654626,0.60046613,0.927905,0.45471162,0.68481344,0.76468116,0.4337432,0.6700019,0.6488933,0.5169874,0.641298,0.8526676,0.48199037,0.64344627,0.65896595,0.4606775,0.75146925,0.88406295,0.4388635,0.7323723,0.5581365,0.48694885,0.87075245,0.92121345,0.4643742,0.84457165,0.8157742
347,6,0.43262824,0.46137777,0.58340555,0.4869861,0.50568116,0.60331607,0.43881863,0.5120919,0.73606795,0.49213034,0.6130776,0.7196086,0.44609088,0.5959406,0.93399197,0.45636418,0.68029815,0.81911564,0.43217722,0.6676609,0.730959,0.5172857,0.63695,0.93704605,0.48246434,0.6402409,0.71825165,0.46091068,0.7499163,0.8727243,0.44065222,0.73717445,0.6983766,0.48726362,0.87010044,0.90243757,0.4649868,0.84299475,0.83605504
348,6,0.43282336,0.45349094,0.7638568,0.48641843,0.49830005,0.8009549,0.4392266,0.50363994,0.6747919,0.49166244,0.6067073,0.8122286,0.44524962,0.5878105,0.83260834,0.45787278,0.6779693,0.6867916,0.43147355,0.6647485,0.71215266,0.51576537,0.63261944,0.9436798,0.481459,0.6341848,0.8117796,0.4620171,0.74789476,0.9314454,0.44057605,0.734251,0.70106953,0.48709145,0.8678889,0.7560543,0.46574587,0.84279764,0.6926907
349,6,0.4324868,0.44620094,0.83244526,0.48610988,0.49203354,0.5827538,0.43905774,0.49787745,0.7528606,0.49063048,0.6015599,0.8284969,0.4450347,0.58328044,0.83089477,0.4572311,0.6761358,0.76705843,0.4300531,0.660849,0.7995834,0.51444215,0.6277916,0.90871394,0.47966066,0.6284374,0.8212164,0.46291065,0.74827516,0.8556293,0.4407546,0.73247015,0.7646983,0.48657662,0.8679532,0.9464474,0.46568266,0.84138346,0.83291566
350,7,0.43198422,0.43870795,0.61213166,0.48527643,0.48415115,0.6933759,0.43864217,0.49548176,0.79451746,0.4906429,0.59263325,0.8592135,0.44440058,0.5755559,0.7910735,0.45956144,0.6747882,0.7414741,0.43084183,0.6538139,0.7800041,0.5134445,0.6215988,0.892441,0.47863367,0.62266237,0.825616,0.46342307,0.7460979,0.9121591,0.44018313,0.730442,0.76900035,0.48668498,0.8675201,0.9534614,0.46574584,0.8410878,0.6785017
351,7,0.43223685,0.4293715,0.73544246,0.48485705,0.47744435,0.7933182,0.4388233,0.49080682,0.90754807,0.48932445,0.5862814,0.850413,0.44419125,0.5722551,0.85857207,0.4614505,0.6676905,0.8624439,0.42958894,0.6502215,0.81631374,0.5123897,0.61576664,0.8996935,0.47765407,0.61702126,0.81919473,0.46246567,0.7423739,0.86363286,0.441074,0.7342954,0.67149574,0.48667112,0.8666468,0.9262306,0.46507555,0.8401123,0.7362508
352,7,0.43319142,0.4209664,0.7753923,0.4840639,0.468359,0.8199364,0.43876535,0.48336548,0.9181556,0.48964673,0.57759845,0.8283424,0.44389072,0.5651772,0.87302244,0.46221083,0.6628388,0.76389366,0.4284313,0.64275694,0.63350123,0.5115965,0.6106482,0.8491902,0.47664803,0.6144687,0.72200006,0.46371225,0.7400889,0.7924905,0.44241345,0.73284394,0.77001476,0.48566756,0.8639031,0.7044737,0.46711412,0.8382913,0.77690226
353,7,0.43365118,0.4130755,0.78994524,0.48363894,0.46241784,0.8320691,0.4388054,0.4734463,0.82946867,0.48822647,0.571522,0.7436495,0.443797,0.5609528,0.9286159,0.4648857,0.6582731,0.8108166,0.4291774,0.6396401,0.6616932,0.50974905,0.60194147,0.8953478,0.47594744,0.6050306,0.7850535,0.46356875,0.73886526,0.80493695,0.44332093,0.7302228,0.83748275,0.4880586,0.8648281,0.8983374,0.46778366,0.83869857,0.7510472
354,7,0.43395472,0.40625212,0.734262,0.48370278,0.45311534,0.88870496,0.44055784,0.4693496,0.894003,0.48982108,0.562108,0.8147031,0.443911,0.55517864,0.8813132,0.46754023,0.65485436,0.77784973,0.4300503,0.63658977,0.83786106,0.5092514,0.59320873,0.8974515,0.47524118,0.5958088,0.79543126,0.46408075,0.7372041,0.6437402,0.44438154,0.7325371,0.80386734,0.48565394,0.86589015,0.7820144,0.46692052,0.8407749,0.8009414
355,7,0.43412966,0.398552,0.7426664,0.48468333,0.44436562,0.71098554,0.44070816,0.46124664,0.8377942,0.4889085,0.55410475,0.6901811,0.4432364,0.5468993,0.77144367,0.47301123,0.6523294,0.781148,0.43053144,0.6298792,0.82281315,0.5094245,0.59029067,0.8864805,0.4731401,0.59354687,0.7407021,0.46546784,0.7356512,0.74274504,0.44358018,0.7288379,0.7073429,0.48576948,0.8637204,0.7725365,0.46776566,0.84538275,0.65095603
356,7,0.43515432,0.3899777,0.7285157,0.48458025,0.43915236,0.7470041,0.43986797,0.4553222,0.9208685,0.48898113,0.5471855,0.8002936,0.44349745,0.54409856,0.9145374,0.47494698,0.643908,0.734673,0.43099847,0.6267953,0.83521104,0.50677717,0.58762383,0.904507,0.47076786,0.59006065,0.7220761,0.4675141,0.7369246,0.78445953,0.44568953,0.7294628,0.81522864,0.48615417,0.8660389,0.8566362,0.46771508,0.845433,0.66879356
357,7,0.4356036,0.38329828,0.6000353,0.48519167,0.4358556,0.8865268,0.43971643,0.45251113,0.8660938,0.48904344,0.54094297,0.8209454,0.44346526,0.5389417,0.83586,0.4761928,0.6372822,0.72300637,0.43304983,0.6203272,0.7669566,0.5023228,0.5838498,0.78007764,0.46737328,0.58803,0.72084194,0.46948472,0.73796606,0.78695047,0.44793147,0.7298851,0.7492893,0.48699036,0.86263496,0.8685592,0.46660697,0.8471826,0.79475236
358,7,0.43600577,0.37601638,0.74018,0.4846386,0.4302592,0.75648594,0.44168225,0.44437826,0.8884115,0.49069843,0.5354232,0.80834633,0.44237182,0.5318519,0.8553412,0.47621778,0.63186455,0.60998046,0.43378022,0.61483604,0.7354222,0.501038,0.58288324,0.8518017,0.4678278,0.58691144,0.7513715,0.4716521,0.7365909,0.78759557,0.44795245,0.72794527,0.69320786,0.4879998,0.86358595,0.7577928,0.4672403,0.8454706,0.8647241
359,7,0.43644163,0.3709893,0.7470006,0.48513025,0.4254755,0.7469509,0.44177732,0.4392544,0.8601427,0.49367496,0.5319537,0.84293306,0.44197756,0.52866054,0.9027817,0.48174658,0.6249523,0.7176287,0.43482405,0.61075574,0.86505955,0.49891132,0.5846138,0.856567,0.46413603,0.58948284,0.7940158,0.47266674,0.73286325,0.78991205,0.44961566,0.7248675,0.82532674,0.48764643,0.86342794,0.74843544,0.4678439,0.8415429,0.69482666
360,7,0.43733388,0.36621892,0.75014496,0.48545313,0.419492,0.6143433,0.44226775,0.43427104,0.82492733,0.4946535,0.5269006,0.85151887,0.44143814,0.5251136,0.86233413,0.4866834,0.6251169,0.65175354,0.43445674,0.6052961,0.5917067,0.49082306,0.5996869,0.8517925,0.45916393,0.60207236,0.81024706,0.4736195,0.73496443,0.7104143,0.452763,0.7267161,0.7072753,0.48722464,0.8623949,0.8179899,0.46677813,0.84557056,0.80378926
361,7,0.43740025,0.35978395,0.76624364,0.4856592,0.4167277,0.7244889,0.4406613,0.43069553,0.67574245,0.49468574,0.5215708,0.9029515,0.4429435,0.5207764,0.855928,0.48831788,0.6166909,0.5857265,0.43458393,0.5987959,0.58539045,0.48835337,0.60256124,0.83848095,0.45847332,0.6053136,0.6805176,0.4753032,0.73460084,0.63072735,0.4555132,0.7313255,0.8710977,0.4856886,0.86331314,0.9130761,0.46704718,0.8444214,0.8870971
362,7,0.4387755,0.35513943,0.79013723,0.4861955,0.41324672,0.7929836,0.44202277,0.42538384,0.72814685,0.49623802,0.5182213,0.76251155,0.44451746,0.51884395,0.81275064,0.4905291,0.61344504,0.6062311,0.43825346,0.59649646,0.77923393,0.48753402,0.60326546,0.81806284,0.45777062,0.60456717,0.8165332,0.47660396,0.7365082,0.7809211,0.45700112,0.7326335,0.84260917,0.4846716,0.8675876,0.80011547,0.4681301,0.8491507,0.76789916
363,7,0.43911573,0.35240757,0.75002974,0.4870179,0.40966314,0.8482182,0.44160646,0.4220912,0.7553711,0.49848938,0.5156559,0.77705026,0.44535622,0.51763296,0.83737504,0.4905868,0.6081308,0.682008,0.4376066,0.5908706,0.6611726,0.48539913,0.606827,0.81231743,0.4569182,0.60626596,0.83719283,0.47786033,0.7376232,0.6800513,0.45779616,0.73111945,0.7644899,0.48779768,0.8649467,0.87043566,0.469014,0.846789,0.8294995
364,7,0.4395803,0.3484257,0.6032291,0.48747018,0.40683556,0.8574955,0.44109553,0.42100266,0.8202274,0.5000625,0.51036257,0.87714314,0.44501847,0.51508415,0.8065965,0.4908504,0.6086977,0.7033163,0.43928796,0.5903468,0.75173384,0.4838332,0.6077889,0.7854262,0.45686036,0.60911727,0.78949064,0.47943598,0.73756826,0.7628835,0.45836487,0.7338624,0.7464442,0.48776162,0.8606219,0.8256837,0.46887705,0.845219,0.60808295
365,7,0.43992347,0.34666967,0.7809141,0.48749325,0.40477702,0.85216326,0.44108555,0.41944805,0.69797415,0.5017436,0.5094324,0.77763885,0.44634786,0.5094631,0.66382056,0.49125633,0.6059144,0.53294766,0.4402246,0.5870273,0.7138676,0.48044744,0.606188,0.67855483,0.45545208,0.6058526,0.7306277,0.48100173,0.73724824,0.7046141,0.4586171,0.7303586,0.6161721,0.48832875,0.8597633,0.8458448,0.4667319,0.8434885,0.8431712
366,7,0.44074327,0.34379068,0.5750065,0.4878192,0.40511796,0.81601775,0.44169238,0.41823348,0.76924443,0.50320613,0.5077579,0.8641166,0.44589436,0.507896,0.69376993,0.49235412,0.6060118,0.53570616,0.44128147,0.5854032,0.61754817,0.48077145,0.6053052,0.75526214,0.45500958,0.60565907,0.7741744,0.48169062,0.7398596,0.62814975,0.4595169,0.7328132,0.69442755,0.48782632,0.85897285,0.7781283,0.466356,0.8430386,0.605527
367,7,0.44103414,0.34356377,0.43515888,0.48799562,0.4050537,0.8240336,0.44236723,0.4161947,0.737856,0.50398606,0.504931,0.85599864,0.4454874,0.507754,0.65549076,0.49234453,0.60512245,0.53415585,0.4407645,0.5845372,0.59394574,0.48138753,0.60398144,0.7311411,0.45538786,0.6045149,0.7656973,0.48233828,0.73600775,0.6866979,0.45946363,0.7333073,0.74566513,0.48701283,0.86026764,0.78410083,0.46602008,0.84539276,0.7154791
368,7,0.44161865,0.3420675,0.37314078,0.4879518,0.40488458,0.81757396,0.4413025,0.41682294,0.8325755,0.50483966,0.505243,0.8769069,0.44581717,0.5080091,0.70638126,0.4935152,0.6053737,0.5789778,0.44165117,0.5859529,0.6302467,0.48005733,0.6023,0.7153526,0.4544374,0.6022721,0.71033025,0.48391515,0.7343689,0.7573969,0.4595046,0.7303259,0.69531775,0.48704484,0.85747015,0.716842,0.46505883,0.8485696,0.8590982
369,7,0.44175145,0.34300008,0.600747,0.488469,0.4045267,0.8714559,0.44264144,0.41585925,0.85494304,0.5048501,0.5069532,0.7660747,0.44867694,0.5086818,0.73267686,0.49505907,0.60541993,0.6449104,0.4408429,0.5835379,0.5604211,0.48017946,0.60232216,0.7722679,0.45398003,0.60153335,0.75219476,0.4837761,0.73251396,0.8125852,0.46077806,0.7278948,0.73451465,0.48547676,0.85980606,0.8105032,0.46429044,0.8491203,0.78868747
370,7,0.44222337,0.34313864,0.54618007,0.48825067,0.40544724,0.87838924,0.44271833,0.41567823,0.65109265,0.5040345,0.5078845,0.8410696,0.44931945,0.5086654,0.69206035,0.49594593,0.6059445,0.6566068,0.441482,0.5853902,0.5995934,0.4787045,0.6043057,0.78517866,0.45322797,0.60323393,0.7469727,0.48452136,0.7334578,0.81763,0.46078762,0.7285033,0.72370565,0.48575342,0.8578245,0.81177574,0.46383846,0.84781504,0.8227961
371,7,0.44260153,0.34331572,0.56574893,0.48857743,0.40667838,0.89882624,0.4442453,0.41639847,0.78465027,0.5030107,0.5108345,0.75131243,0.4508371,0.50960445,0.6914386,0.4952563,0.6072789,0.67495096,0.44158575,0.586314,0.52472967,0.47741958,0.60263604,0.740437,0.45288312,0.6017935,0.7272558,0.48512778,0.73128366,0.68948853,0.46232846,0.7239797,0.5932087,0.48474598,0.85549587,0.6700619,0.4646846,0.84648395,0.7906405
372,7,0.4427325,0.34491596,0.7187164,0.4897309,0.406156,0.68905884,0.4436057,0.41620445,0.81568,0.50237274,0.50922775,0.75609785,0.45133883,0.50983095,0.7169169,0.49537125,0.60533005,0.6248748,0.44293758,0.5850725,0.4647763,0.4779162,0.60273844,0.8118586,0.45209408,0.6030081,0.7683796,0.48557433,0.7307917,0.758796,0.46210352,0.72380114,0.67835546,0.4862316,0.856894,0.84294075,0.46481186,0.847295,0.7278076
373,7,0.4424344,0.34441835,0.5618366,0.48961678,0.40659136,0.68913597,0.44426423,0.41641456,0.83224595,0.5006912,0.51181203,0.62870294,0.45261657,0.50938743,0.6890824,0.49537823,0.60499763,0.63760966,0.44379106,0.5861023,0.4783312,0.47720253,0.6040751,0.79427505,0.4522137,0.6036865,0.7679765,0.48531157,0.7304436,0.68378055,0.4625524,0.72387785,0.5883771,0.48556623,0.85475427,0.7862168,0.4651923,0.8455135,0.8173059
374,7,0.44229576,0.34575784,0.62961715,0.4882035,0.40707988,0.8825257,0.4452507,0.41531646,0.86463994,0.5003647,0.5101824,0.8222254,0.45246363,0.5096586,0.6801597,0.49518448,0.60544413,0.6824072,0.44359717,0.588471,0.46019444,0.4756769,0.6026601,0.7269646,0.45194775,0.6026949,0.7294353,0.48493275,0.73078614,0.656727,0.46246612,0.72484744,0.5700225,0.48603842,0.85491085,0.7728822,0.4657683,0.8469053,0.82333684
375,7,0.44276434,0.34587583,0.6099917,0.48895317,0.40662187,0.7367694,0.4451302,0.41687718,0.8735437,0.50022274,0.5131307,0.6984002,0.45125803,0.5118394,0.6837977,0.494246,0.60599136,0.61190426,0.44192535,0.5902108,0.49320817,0.47680512,0.60406846,0.8156799,0.45131886,0.60439,0.7937221,0.4835209,0.73444283,0.74303347,0.46190992,0.725604,0.6062615,0.48558724,0.8566726,0.8587629,0.46497548,0.848441,0.8140001
376,7,0.44310156,0.34585148,0.5429122,0.48814952,0.40813634,0.88146687,0.44587886,0.41529793,0.85955083,0.49901345,0.5141085,0.7432436,0.44988805,0.5106148,0.6457458,0.49276122,0.6069322,0.70674735,0.4415995,0.5895339,0.37910834,0.47462806,0.6048446,0.73318046,0.4514543,0.604334,0.7371531,0.48383,0.7340695,0.612552,0.4605545,0.7284317,0.5525746,0.48669216,0.854787,0.79530525,0.4656174,0.8458525,0.822571
377,7,0.44256678,0.34529904,0.62551636,0.48842975,0.4072868,0.73216647,0.44438592,0.41776738,0.878205,0.49978134,0.51031214,0.647315,0.449143,0.51248586,0.67468363,0.4920629,0.6068732,0.7261553,0.44127238,0.5922742,0.49873745,0.47421327,0.60287625,0.7421671,0.44986293,0.603308,0.7123426,0.4834279,0.7336945,0.6687519,0.45952904,0.7276134,0.56071186,0.4878283,0.85448056,0.83369213,0.46516532,0.84742206,0.82850796
378,7,0.44296223,0.34464592,0.40384418,0.48886153,0.40774637,0.825017,0.44393826,0.41904685,0.65292054,0.49910316,0.5134948,0.6722063,0.45085582,0.51386946,0.73286813,0.49161002,0.60653406,0.7441457,0.44201452,0.5968775,0.42297602,0.47431782,0.60478413,0.6176681,0.44941193,0.6061583,0.7861089,0.48325863,0.7369939,0.80047727,0.46098232,0.73360366,0.7346651,0.48343003,0.854985,0.60309523,0.46536365,0.85042846,0.82808244
379,7,0.4431267,0.34573677,0.5853615,0.48801708,0.40840417,0.7502724,0.4444827,0.41952276,0.632344,0.49922043,0.5145379,0.5959583,0.44894397,0.51505417,0.7097977,0.4906541,0.60929656,0.6588121,0.44135588,0.59158176,0.39181134,0.47357827,0.6078366,0.77837056,0.4503823,0.60607886,0.7405591,0.4828211,0.7405263,0.678838,0.46023592,0.7358941,0.60868067,0.4874482,0.85877675,0.77968043,0.46451175,0.84877986,0.7666514
380,7,0.44249642,0.34504995,0.6097014,0.48829687,0.40764657,0.77386373,0.44448784,0.4184715,0.7175943,0.49912357,0.5142564,0.6061753,0.45037824,0.51229054,0.6522702,0.48752108,0.6076959,0.6154007,0.44000995,0.5899578,0.37669906,0.47295207,0.60801834,0.73220503,0.44896603,0.60567564,0.74329245,0.48181206,0.7395444,0.69637376,0.45992225,0.73466724,0.65659636,0.48782337,0.8612076,0.8666171,0.46474802,0.8483019,0.84468937
381,7,0.4437569,0.34524652,0.495399,0.48763072,0.41026363,0.7220814,0.44623452,0.41987365,0.63014203,0.49902317,0.5112421,0.6073155,0.44939983,0.5144749,0.53801966,0.48667604,0.60755646,0.5634122,0.44072583,0.5892683,0.33797312,0.4727065,0.6068845,0.7207959,0.44901884,0.6048304,0.6801594,0.48269466,0.73874724,0.62919354,0.46206626,0.73356605,0.56857306,0.48788255,0.8579545,0.76972634,0.46691945,0.8463853,0.69069904
382,7,0.4437646,0.34592903,0.7329132,0.48805135,0.40740392,0.7666581,0.4456208,0.41917175,0.8202918,0.5004874,0.511489,0.79075825,0.44994527,0.5134329,0.62714833,0.48549518,0.6077987,0.569089,0.438288,0.59041023,0.40661982,0.47223586,0.6068932,0.7298963,0.44744015,0.6048187,0.7124708,0.4827423,0.73546755,0.7848479,0.46128923,0.73214656,0.706274,0.4853082,0.8586107,0.65850604,0.4668093,0.85035765,0.71448
383,7,0.44388974,0.34536025,0.55196,0.4871095,0.4086416,0.7817867,0.4453728,0.41905132,0.75655437,0.4999811,0.51111126,0.7535516,0.45042047,0.51327705,0.6238735,0.48381123,0.60842,0.49781668,0.44149378,0.5894948,0.30113196,0.47156873,0.6079695,0.68176055,0.4485415,0.60428125,0.7165862,0.48204893,0.73656696,0.7073198,0.46158645,0.73148286,0.58220536,0.48464152,0.8582137,0.6110389,0.4654689,0.84844136,0.6907449
384,7,0.44395238,0.34661752,0.67456734,0.48813665,0.40713233,0.80255836,0.4448462,0.41816136,0.8197929,0.49934718,0.51099056,0.7775168,0.45134094,0.51110023,0.6797614,0.48380566,0.6026469,0.5284045,0.44035813,0.5892028,0.3089871,0.47130394,0.60800815,0.69176865,0.4474325,0.60464185,0.7376701,0.48170578,0.7369762,0.7428581,0.46156815,0.7321515,0.6484684,0.48408,0.8592584,0.6743315,0.465672,0.84715575,0.741291
385,7,0.44404715,0.34650022,0.6059666,0.4866422,0.4099901,0.7424999,0.4462114,0.41975182,0.6441143,0.49931246,0.51108366,0.6702161,0.44893086,0.51476204,0.5453759,0.48178127,0.60479194,0.52581555,0.43937162,0.58724016,0.33379814,0.47086075,0.60859305,0.6080106,0.44803104,0.60509306,0.6747231,0.48233765,0.7378477,0.65563726,0.4608919,0.73198175,0.4797947,0.4870277,0.8587577,0.760822,0.46698883,0.8475518,0.6934653
386,7,0.44475126,0.3465532,0.6741079,0.4864848,0.41143224,0.74189776,0.44638073,0.41973794,0.7865474,0.4988239,0.5128214,0.6831941,0.44917017,0.51434547,0.57313603,0.48018327,0.60653543,0.5906505,0.43877298,0.5877079,0.3427644,0.47059906,0.6097473,0.6263017,0.44820875,0.60570294,0.69645745,0.4814351,0.7365636,0.6718285,0.46056366,0.73208046,0.548697,0.48459905,0.85892236,0.6443477,0.4661817,0.84947956,0.72540045
387,7,0.44460353,0.3465692,0.746818,0.48607963,0.4114292,0.70710605,0.4467039,0.42015478,0.7966121,0.49904257,0.51283437,0.6740004,0.44859883,0.5135536,0.5800072,0.4801434,0.6037804,0.53975755,0.43788168,0.5889009,0.28741738,0.4704939,0.6077407,0.5971142,0.44801533,0.6042242,0.63485426,0.4811023,0.73608834,0.6542187,0.46056107,0.731444,0.50536394,0.48466986,0.8592199,0.5769849,0.46615392,0.8503629,0.6769889
388,7,0.444332,0.3462553,0.7979078,0.4871839,0.40818837,0.783111,0.44514582,0.41886058,0.8500035,0.4979432,0.51650506,0.6613482,0.44745037,0.5148157,0.63342506,0.47974306,0.6049508,0.6061524,0.43406084,0.5900933,0.5064507,0.47145194,0.607044,0.7017116,0.4463005,0.60483927,0.7157981,0.48204917,0.7363879,0.7924978,0.46046612,0.73201746,0.6792638,0.48387444,0.86333066,0.6158492,0.4657732,0.8497456,0.68755734
389,7,0.44422457,0.34630105,0.5035219,0.48741445,0.4092514,0.8370894,0.4456791,0.42002717,0.7693058,0.49656785,0.51611525,0.5956661,0.44737625,0.51466095,0.62214977,0.47865227,0.60567707,0.5563623,0.4341995,0.5876334,0.46066776,0.47181165,0.6086413,0.4981038,0.4473701,0.6070535,0.76562905,0.48119006,0.7373984,0.7241343,0.460429,0.73335224,0.61279416,0.48505908,0.8579095,0.7138693,0.46650743,0.8497811,0.74439
390,7,0.44535324,0.34729242,0.5631853,0.48702824,0.4116666,0.7624537,0.44558722,0.4208383,0.69502634,0.49580866,0.5159192,0.6237539,0.44707844,0.5160335,0.48779526,0.47873795,0.6028183,0.62162787,0.43472448,0.5880813,0.36297855,0.4717974,0.6089246,0.61305195,0.44788983,0.6058296,0.6455321,0.48103687,0.7386845,0.6182002,0.4601464,0.7334434,0.45766836,0.48693562,0.8609767,0.74706644,0.46650305,0.8468265,0.66262335
391,7,0.44483674,0.34688687,0.77831227,0.48707235,0.4090714,0.767234,0.4451438,0.41888016,0.821487,0.4958537,0.5136164,0.740033,0.4467397,0.51485455,0.5679245,0.47799352,0.60336053,0.64497006,0.4330146,0.5878782,0.4662857,0.4722765,0.60807794,0.6742925,0.4477261,0.6057632,0.7026993,0.48063356,0.73520285,0.6658013,0.46018696,0.73121613,0.5292928,0.48541743,0.85727453,0.6151533,0.46705246,0.8497578,0.7146612
392,7,0.4447154,0.3471526,0.6327978,0.48732263,0.40840062,0.7955987,0.4443356,0.41830602,0.7922896,0.4957369,0.51634556,0.729791,0.4475164,0.51495737,0.5265389,0.47921345,0.6032432,0.48300457,0.4337121,0.5883773,0.4662165,0.47161165,0.60836893,0.6776374,0.4474252,0.605841,0.7228164,0.4803354,0.7374836,0.646773,0.4584032,0.7338963,0.539738,0.48704642,0.8606903,0.803218,0.46650702,0.8484539,0.69057286
393,7,0.44434118,0.34652245,0.54181886,0.4867733,0.40903434,0.7850534,0.44441172,0.41863087,0.7742854,0.49548343,0.5158829,0.6801915,0.4466706,0.51478493,0.5032535,0.47820643,0.60513633,0.4214635,0.43416187,0.5866916,0.4564642,0.47171873,0.60792,0.6674745,0.44765976,0.60489994,0.67209846,0.4809573,0.73842406,0.65738004,0.459968,0.73424023,0.54054147,0.48740074,0.86136323,0.7866923,0.46741676,0.84721553,0.7137521
394,7,0.44534352,0.34676516,0.6073547,0.48678228,0.410903,0.74192744,0.445783,0.41913947,0.70374286,0.4953298,0.5160992,0.61609834,0.44636288,0.5152527,0.4293851,0.47815597,0.6054301,0.45480326,0.43401635,0.5871276,0.43663576,0.47121868,0.60972446,0.5984428,0.4478965,0.6069351,0.6921069,0.47985896,0.7365344,0.58428276,0.45998275,0.7332525,0.49816006,0.48757103,0.85844874,0.73629016,0.46678016,0.8489589,0.69518757
395,7,0.4442574,0.34517592,0.7718144,0.48634902,0.41047025,0.72816736,0.44524732,0.41827416,0.79894,0.49530348,0.5145118,0.72855675,0.44675472,0.51330954,0.53916967,0.47809044,0.604557,0.40694645,0.43404657,0.58698946,0.4357174,0.47123125,0.6078286,0.6574362,0.4471559,0.60476154,0.63493615,0.48086745,0.7385092,0.6572856,0.45928097,0.73259526,0.48599237,0.487302,0.8613177,0.79148376,0.46679288,0.8463647,0.6947227
396,7,0.44473082,0.34567398,0.71130115,0.48606113,0.41190767,0.7195771,0.44590652,0.42070195,0.70740414,0.49469158,0.51333505,0.6576181,0.44736654,0.514636,0.4720535,0.47902107,0.6026707,0.47610822,0.4334884,0.5873646,0.47953576,0.4710755,0.6097171,0.5838996,0.4474595,0.6070789,0.698874,0.48092362,0.7374565,0.6516629,0.4600874,0.7338372,0.5804428,0.4864586,0.8590211,0.63678753,0.46723697,0.84881705,0.7024924
397,7,0.44423768,0.34556547,0.8032514,0.48657688,0.40934443,0.75635785,0.44466096,0.41803586,0.8176015,0.49539748,0.51405144,0.7433108,0.4474077,0.51353174,0.60666424,0.47889563,0.603389,0.68374646,0.43373212,0.58742076,0.5042685,0.47116083,0.60764307,0.6884284,0.44654167,0.60432637,0.6605634,0.4809361,0.7384057,0.724024,0.45891258,0.73352337,0.58073115,0.48574993,0.8608892,0.7116932,0.46698755,0.8484322,0.7567879
398,7,0.44453257,0.34603837,0.6546573,0.48592636,0.4127303,0.7112427,0.44566867,0.421015,0.6140093,0.49462384,0.5164834,0.56557417,0.4468551,0.5147738,0.4431194,0.47887698,0.6057265,0.5054709,0.43371454,0.5868921,0.3852287,0.47053045,0.60827374,0.55057126,0.44766724,0.605628,0.62934405,0.4814854,0.7376492,0.6065436,0.46025097,0.73474485,0.5413867,0.48489875,0.8591346,0.6141318,0.4664095,0.84997725,0.69089425
399,7,0.44370702,0.3450635,0.7883807,0.48635703,0.40768984,0.7370912,0.4447197,0.41718537,0.8308525,0.49591547,0.5134594,0.60900754,0.4470304,0.51381195,0.61529094,0.47906902,0.60569006,0.59130305,0.43368512,0.5880623,0.58498955,0.47131062,0.6079764,0.71927553,0.4463452,0.60571134,0.7370872,0.4813783,0.737649,0.76951283,0.46060485,0.73404723,0.68911,0.48568717,0.8623497,0.6833972,0.46700725,0.850105,0.72125614
400,8,0.44327456,0.34695902,0.67416817,0.48690492,0.40679914,0.82917583,0.44320264,0.41784716,0.8248277,0.49626577,0.51424754,0.60824835,0.4468861,0.5128245,0.6150476,0.47992584,0.6051021,0.5574063,0.43389428,0.58636487,0.47794265,0.47286704,0.60778856,0.75857586,0.44642428,0.6049663,0.7549894,0.48076758,0.73761654,0.7577525,0.46003118,0.7328496,0.66456795,0.48514283,0.8619565,0.7751588,0.46702936,0.8479977,0.81441224
401,8,0.44327953,0.34602183,0.7050383,0.48653165,0.40738913,0.80496293,0.44286436,0.41815388,0.7591383,0.49540374,0.5147187,0.74312484,0.4462433,0.51375407,0.5538479,0.47977975,0.6045368,0.52908075,0.43439054,0.5860167,0.5281284,0.47247258,0.6090356,0.73913777,0.44708964,0.6057956,0.7702246,0.48030722,0.7377387,0.6957075,0.45997956,0.7324182,0.59004855,0.4842818,0.8639068,0.6846366,0.46713847,0.84707475,0.7889457
402,8,0.44323787,0.34535936,0.6468524,0.48631373,0.40675,0.75331306,0.44323272,0.41827756,0.7655262,0.49527374,0.51441574,0.70702994,0.44706094,0.51392865,0.5866297,0.4792951,0.604315,0.46867707,0.43481323,0.58648664,0.5296113,0.47179615,0.6090595,0.7210525,0.44706777,0.6058333,0.7327151,0.48085538,0.7382616,0.68869835,0.45906493,0.7339393,0.60463697,0.4853358,0.8603329,0.7112577,0.4664907,0.8465691,0.7668133
403,8,0.44306964,0.34593937,0.72217256,0.48625436,0.407067,0.78132766,0.44345146,0.4179345,0.78301305,0.49517715,0.51470745,0.7168186,0.4473859,0.51331276,0.5969167,0.4797112,0.6065625,0.5179062,0.43572938,0.58625174,0.38546452,0.47185084,0.61011964,0.7317512,0.44681326,0.60655177,0.7456117,0.481401,0.73819995,0.7313232,0.45952272,0.7339053,0.5897232,0.48591074,0.8603631,0.73495775,0.46657166,0.84684724,0.787239
404,8,0.44294652,0.34549174,0.6901324,0.48589763,0.40667927,0.7570689,0.44302925,0.41765746,0.7713999,0.49530634,0.5123042,0.8008369,0.4475096,0.5117697,0.6067261,0.47969502,0.6065575,0.49031088,0.43399292,0.5866848,0.48742184,0.47166836,0.6097442,0.7380654,0.4460807,0.6067593,0.7136995,0.48149076,0.7420932,0.7514876,0.4592741,0.73723346,0.6099928,0.48528686,0.8635119,0.75367707,0.46692312,0.8467315,0.76976556
405,8,0.4430003,0.3462708,0.7018468,0.4858735,0.40692094,0.7764324,0.44279405,0.41703802,0.794528,0.49534854,0.51448166,0.73568714,0.44685802,0.51104295,0.60838217,0.48008174,0.6066804,0.51990634,0.43522546,0.58790845,0.34618744,0.4718147,0.60824746,0.7342911,0.44609573,0.6050764,0.7144046,0.48150653,0.7416812,0.7441879,0.45935428,0.7352751,0.5659264,0.4867961,0.8603158,0.74492234,0.46710312,0.84730357,0.73240536
406,8,0.44329542,0.34412593,0.5285067,0.48554197,0.40761843,0.7321497,0.44311684,0.4192285,0.6892133,0.4950491,0.5138991,0.695244,0.44602865,0.5146436,0.53712136,0.48086852,0.60781294,0.549499,0.434095,0.5886774,0.4048802,0.4706468,0.6081368,0.659455,0.446487,0.6056467,0.7126952,0.48056298,0.73834795,0.68045616,0.45917192,0.7349688,0.56499636,0.48563308,0.85964924,0.6855708,0.46686926,0.8460263,0.756453
407,8,0.4441471,0.34581983,0.5627087,0.48516363,0.41012186,0.68654424,0.44505087,0.41776192,0.55021816,0.4943897,0.51305604,0.6873178,0.4467806,0.5138725,0.502731,0.48093748,0.60706586,0.5397413,0.43409142,0.589019,0.32583117,0.47076133,0.6079945,0.6479347,0.44654524,0.6063905,0.6764784,0.48092353,0.7389761,0.6568046,0.45999515,0.73614526,0.5525078,0.48496714,0.86064476,0.6404713,0.46627668,0.8496173,0.71083176
408,8,0.44298548,0.3439201,0.7999251,0.48498955,0.40905595,0.71438086,0.44377348,0.4196679,0.7830328,0.49458504,0.5129026,0.7513446,0.44664478,0.51609224,0.5772063,0.48153242,0.6080249,0.58435196,0.43424574,0.58940846,0.4315698,0.47056356,0.60796803,0.6739738,0.44690385,0.60585904,0.7257488,0.48112008,0.7383254,0.7484089,0.4601413,0.7354587,0.6515185,0.48557827,0.860549,0.73162943,0.46725973,0.84935606,0.7903026
409,8,0.4432661,0.34447372,0.7335443,0.4855035,0.41028333,0.7384618,0.4438977,0.4200938,0.7340583,0.494398,0.5137295,0.7129839,0.44641528,0.51649296,0.53101313,0.48107713,0.607861,0.5923923,0.43427002,0.5891086,0.3981979,0.47006333,0.6095967,0.62501466,0.44706216,0.60699666,0.72606343,0.48098385,0.7382418,0.7025119,0.4601403,0.73570806,0.60298204,0.48573893,0.8605851,0.70451707,0.46729425,0.85019326,0.7456558
410,8,0.4432322,0.34437567,0.78662384,0.48483,0.4111163,0.62183875,0.44500515,0.4209093,0.6837936,0.49446106,0.5134873,0.67127985,0.4460601,0.5173267,0.48388702,0.4806015,0.60576445,0.5147159,0.43552393,0.5895237,0.23566191,0.47116962,0.6074834,0.6126578,0.44678077,0.60590273,0.6214922,0.4807563,0.73957986,0.5823865,0.45992,0.73580366,0.5023002,0.4845513,0.862613,0.6336249,0.46595034,0.8506527,0.66530883
411,8,0.44289908,0.34487587,0.791726,0.48580882,0.40920568,0.7790081,0.44271743,0.41892406,0.78260314,0.49489444,0.51364124,0.77957183,0.44639352,0.51337665,0.5996411,0.48143706,0.60785323,0.63134164,0.43427792,0.5888947,0.5159701,0.47016785,0.6087815,0.7122417,0.44602573,0.6063917,0.7534283,0.48086688,0.7380776,0.7483456,0.4583234,0.7340442,0.6787052,0.48574835,0.86001295,0.71163404,0.46716464,0.84827363,0.7962588
412,8,0.44363055,0.34639597,0.6168483,0.48521933,0.41213787,0.73083425,0.44380346,0.42104748,0.62832516,0.49436316,0.5162822,0.6357402,0.44651344,0.51623017,0.51400775,0.48070607,0.6052568,0.542227,0.4354113,0.59052634,0.23875609,0.47048938,0.60924256,0.66482437,0.44661644,0.6071729,0.6850736,0.48012275,0.73865026,0.6574412,0.45947564,0.735775,0.5501464,0.4843279,0.86282563,0.6549785,0.46586955,0.85050917,0.70272446
413,8,0.44265658,0.34470204,0.81203246,0.48574856,0.40981048,0.77065194,0.4433063,0.41991892,0.7940401,0.49425367,0.5142523,0.77134615,0.44709674,0.51421183,0.633543,0.48053858,0.6059008,0.5828231,0.43550047,0.58738595,0.36541516,0.47009462,0.6092197,0.70022094,0.44578093,0.60598993,0.7189517,0.48091602,0.7381618,0.77576286,0.4600076,0.73529005,0.6803933,0.4857792,0.8626395,0.7059003,0.46720326,0.8486189,0.8122592
414,8,0.44329295,0.3463276,0.6714142,0.484991,0.41225693,0.7182498,0.44426283,0.4211641,0.66208947,0.493923,0.514557,0.6552462,0.446152,0.51489604,0.48074126,0.4805212,0.6057455,0.5550427,0.4337244,0.58853304,0.329056,0.47001103,0.6091044,0.6550602,0.44636062,0.6068205,0.66484445,0.4799729,0.7393989,0.6165455,0.45968437,0.7354386,0.5680056,0.48461595,0.860726,0.63892907,0.46592346,0.85002375,0.6730544
415,8,0.4428978,0.34585324,0.8073904,0.48544464,0.40997562,0.7534042,0.4443095,0.42003492,0.8059077,0.49556574,0.5137207,0.6119844,0.4468606,0.514338,0.611157,0.4809002,0.60608834,0.5701291,0.4342697,0.58812755,0.47726345,0.46951452,0.60951495,0.6467166,0.44611058,0.6059251,0.69297624,0.48052043,0.73742044,0.7240697,0.46003354,0.7351722,0.5982705,0.48490515,0.862526,0.6300131,0.46683967,0.84967947,0.7356109
416,8,0.44316027,0.3462995,0.6794417,0.48460814,0.41185892,0.68446434,0.44453672,0.42102858,0.66580606,0.49396658,0.51449543,0.638892,0.4454133,0.51731056,0.4651529,0.4802708,0.60510415,0.5492919,0.43355313,0.58799213,0.3645546,0.47016743,0.60854584,0.6386827,0.44650707,0.606195,0.6454374,0.48049775,0.74080867,0.64851475,0.45991728,0.7363661,0.5661983,0.48457628,0.8608742,0.6551393,0.46593612,0.84990096,0.6985179
417,8,0.44323805,0.3449777,0.74823767,0.48471576,0.41336274,0.65680635,0.44543234,0.42088798,0.6859576,0.49414718,0.51364976,0.6302185,0.44607094,0.51547295,0.4600711,0.4803336,0.6018007,0.46171346,0.43389854,0.587629,0.3768261,0.47024652,0.6073251,0.586056,0.44699115,0.604844,0.57842124,0.4805387,0.7372651,0.58785343,0.4598144,0.7341589,0.5246745,0.4844303,0.862283,0.5549353,0.46660316,0.84837484,0.6777623
418,8,0.44208947,0.3436109,0.7521398,0.48600033,0.4087991,0.75109875,0.44326025,0.41875204,0.797565,0.49563485,0.5141464,0.6497287,0.446187,0.5128252,0.6177476,0.4808714,0.6063164,0.63369304,0.43362692,0.58660054,0.5508938,0.47110036,0.6069065,0.7479935,0.44544187,0.60451144,0.71045417,0.48125753,0.7378406,0.8180188,0.4599046,0.73357403,0.78711617,0.48492506,0.8629482,0.82898253,0.46626338,0.8515669,0.811793
419,8,0.44247332,0.34510538,0.74026525,0.48551878,0.40830028,0.8058094,0.4427391,0.41830975,0.793389,0.49502945,0.51414084,0.55303687,0.44642454,0.5132791,0.62868667,0.48109323,0.60700285,0.62406504,0.43352935,0.58779305,0.524695,0.46947333,0.6075007,0.7114436,0.44496664,0.6054176,0.7360732,0.4809863,0.7378898,0.78692436,0.45898426,0.7344933,0.6973211,0.48545942,0.8620687,0.70510894,0.46685818,0.8497535,0.69269717
420,8,0.44313616,0.34631246,0.5548154,0.48491824,0.41155028,0.7730163,0.44425806,0.41954407,0.67579556,0.494431,0.51563597,0.4780465,0.44479343,0.5162646,0.49543953,0.480483,0.60781556,0.61107194,0.43572152,0.5849942,0.326542,0.46980292,0.6092454,0.6258005,0.44709453,0.60553694,0.6808929,0.48077583,0.7382575,0.66129625,0.46063226,0.73513794,0.5759491,0.48587835,0.8588074,0.71261317,0.46695727,0.8491496,0.6923214
421,8,0.44265202,0.34522045,0.7689216,0.48486847,0.41072932,0.73126304,0.4437593,0.4193024,0.7701043,0.49420044,0.5137646,0.74088883,0.44567254,0.51492536,0.5575368,0.48051682,0.6059288,0.5624383,0.43407267,0.5882987,0.45714477,0.46992216,0.609489,0.6498687,0.44667447,0.6064612,0.71469676,0.48049778,0.7374541,0.70999247,0.45952716,0.7349728,0.626073,0.48486978,0.8613474,0.66642123,0.46639678,0.84908974,0.7506684
422,8,0.4425478,0.34450427,0.7912561,0.48483476,0.4089409,0.7278593,0.44297737,0.4192624,0.7793535,0.49424452,0.51338404,0.7587259,0.44606403,0.51503295,0.5975369,0.48044083,0.6064805,0.56822,0.43391883,0.58811015,0.44420534,0.46981767,0.60756856,0.68614924,0.4458189,0.6044332,0.69091636,0.4804013,0.7385841,0.75572515,0.45993608,0.73430485,0.6526485,0.48489475,0.86249197,0.6951336,0.46592897,0.8492068,0.7785382
423,8,0.4432274,0.34615517,0.63688356,0.48488966,0.41168615,0.74284446,0.4440356,0.41996473,0.6812855,0.4938142,0.5161617,0.6083486,0.44569188,0.5134396,0.49288836,0.47985166,0.60628456,0.5678538,0.43374544,0.58689785,0.41032368,0.4691717,0.60820675,0.5906414,0.44613424,0.6053926,0.6735615,0.48010743,0.73674923,0.68397593,0.45973507,0.73416847,0.6079857,0.4845519,0.8625957,0.6335828,0.46705022,0.84952474,0.7128758
424,8,0.44278437,0.34553295,0.77237254,0.48403046,0.41071755,0.6790276,0.44460377,0.42021868,0.8140934,0.49491888,0.51279116,0.5619728,0.4451701,0.5160866,0.5561223,0.48056132,0.60739905,0.624829,0.43371677,0.5878455,0.39475456,0.4695603,0.6069013,0.64607066,0.4464714,0.6043207,0.66832626,0.47974002,0.7369412,0.70623064,0.4599134,0.7326973,0.6605524,0.48343387,0.86362046,0.6681835,0.4666316,0.84967256,0.72282946
425,8,0.4422933,0.3456286,0.7848284,0.4852905,0.40790042,0.78054607,0.44312185,0.4180728,0.81152123,0.49478397,0.5153183,0.5594455,0.4459383,0.5138813,0.58988917,0.48055017,0.6070081,0.62842375,0.43351287,0.58866394,0.5209773,0.4698218,0.6082111,0.72101605,0.445453,0.60592955,0.7678726,0.48093662,0.7390033,0.8094682,0.4604627,0.7360739,0.75068206,0.48428637,0.86410373,0.652182,0.46639112,0.8505085,0.7964708
426,8,0.44199198,0.34644774,0.6322199,0.48523393,0.40848637,0.8044433,0.4433902,0.417769,0.8120848,0.49474606,0.51523393,0.5329818,0.44576752,0.5134043,0.6116973,0.48066872,0.6071445,0.5812526,0.43606502,0.5866895,0.35653886,0.4698597,0.60885745,0.709456,0.44582015,0.60534644,0.7468895,0.47960585,0.73790044,0.7195274,0.45897523,0.73250574,0.5380254,0.48565426,0.8600928,0.79613644,0.4673389,0.8470362,0.78699523
427,8,0.44297758,0.34639198,0.60928315,0.48501408,0.41042244,0.7583951,0.44369984,0.4192986,0.72784716,0.49385688,0.51372117,0.7114769,0.44590554,0.51509684,0.54178214,0.48045978,0.60709393,0.55726457,0.43383706,0.5879988,0.42263463,0.46972963,0.6094597,0.63808554,0.446386,0.6061582,0.70963836,0.47993997,0.738309,0.7066045,0.45947835,0.7347835,0.5312079,0.4849338,0.8622273,0.7193233,0.46618405,0.8504409,0.7575871
428,8,0.44269213,0.3443042,0.7905672,0.48436996,0.41100636,0.6356011,0.44451007,0.42042536,0.70209366,0.49367326,0.51358587,0.6664999,0.44571403,0.5162471,0.4875862,0.4797292,0.60471916,0.5415594,0.43511102,0.58965194,0.25461426,0.47013822,0.6060949,0.63089645,0.446328,0.60467976,0.61713094,0.4798233,0.73759085,0.64807194,0.4598178,0.7343546,0.49504584,0.48543796,0.8614072,0.66285026,0.46606737,0.84998643,0.69787174
429,8,0.44282386,0.3453224,0.7841592,0.48469284,0.41092822,0.74294317,0.44407114,0.41996667,0.77340966,0.4938587,0.5137251,0.67928684,0.44558564,0.516328,0.5121175,0.48011366,0.606624,0.6336081,0.4338024,0.5875631,0.505339,0.4701633,0.6085903,0.6587029,0.44663075,0.60605717,0.7358827,0.4814226,0.7375373,0.7615227,0.46034706,0.7350647,0.7219828,0.48462307,0.8623586,0.5799033,0.46623343,0.85013133,0.74602264
430,8,0.44240525,0.34469983,0.77790225,0.48493698,0.4092261,0.75079507,0.4427397,0.41928288,0.77315193,0.49414852,0.5135881,0.73732203,0.44577903,0.5150481,0.57194453,0.48020875,0.60732174,0.60004973,0.43368688,0.5893368,0.49168834,0.47041163,0.6085695,0.6990098,0.44605333,0.60601854,0.74809515,0.48041794,0.73732483,0.74891496,0.45996267,0.7349586,0.66703504,0.48402593,0.8626781,0.6759857,0.46629867,0.8486561,0.7940238
431,8,0.44336918,0.34560758,0.6721208,0.48446482,0.4121155,0.6449057,0.4440611,0.4211615,0.57513547,0.49389783,0.51374954,0.641216,0.44621676,0.515154,0.4462192,0.4799124,0.6043027,0.4817927,0.4336724,0.58924717,0.3149399,0.4702835,0.6070156,0.60273945,0.4465802,0.6050648,0.6101513,0.4803255,0.7388918,0.620119,0.45992744,0.73642313,0.5325669,0.4851173,0.8633787,0.53600365,0.46630338,0.85105324,0.6945911
432,8,0.44205812,0.34489977,0.777374,0.48536223,0.4090189,0.75738317,0.44301516,0.41847855,0.7771163,0.49440092,0.51339275,0.74129945,0.44568202,0.5141797,0.57401544,0.48035717,0.6061007,0.6314652,0.4333422,0.5881002,0.5496763,0.47095194,0.60606384,0.7319859,0.4460387,0.6044917,0.73372257,0.48184177,0.73658705,0.7575448,0.460807,0.7342929,0.76211727,0.485274,0.8619848,0.8013733,0.46664932,0.8507506,0.8050714
433,8,0.44303274,0.3459323,0.69952387,0.48503444,0.4109791,0.7148414,0.44344285,0.420378,0.65665114,0.49419862,0.51546824,0.6660295,0.4462077,0.5132427,0.49213824,0.48015326,0.6063855,0.6016222,0.43384102,0.58697027,0.45480645,0.47035077,0.60823834,0.43135658,0.44705766,0.60667485,0.714035,0.48196974,0.73806286,0.6675191,0.46109268,0.7362967,0.6648556,0.4856647,0.86266387,0.58234096,0.46733293,0.8494415,0.6558414
434,8,0.44261667,0.34532267,0.76936287,0.48515192,0.40939185,0.7484426,0.4425658,0.4196486,0.76576656,0.49417743,0.5125737,0.7846575,0.44563237,0.51554745,0.56937987,0.4802191,0.6055245,0.57539445,0.43404797,0.5890523,0.4952592,0.47165194,0.60782665,0.72696745,0.44705573,0.6054884,0.73385763,0.48081195,0.7382409,0.74390894,0.4605316,0.7349934,0.7050554,0.4849837,0.8608107,0.6988364,0.46668965,0.8495824,0.795996
435,8,0.44197395,0.34582418,0.73527044,0.4853271,0.40715477,0.73869157,0.4418215,0.41828337,0.72641826,0.4945539,0.51130766,0.8045263,0.44632715,0.5111347,0.6868041,0.4808698,0.6068548,0.5749642,0.43423426,0.58898497,0.5355762,0.4709278,0.6074247,0.7248477,0.44682604,0.604629,0.7319324,0.47965854,0.73852944,0.72203916,0.4605963,0.73393375,0.67248255,0.48370975,0.8624705,0.6869007,0.4665856,0.8486019,0.80764085
436,8,0.4421564,0.345618,0.6450308,0.48541826,0.40774742,0.7605608,0.44214317,0.4188802,0.7023788,0.49456966,0.513509,0.6940714,0.44629702,0.51256025,0.6944905,0.47999325,0.6068851,0.593257,0.43376535,0.5894305,0.49767837,0.47123024,0.6090158,0.6946522,0.44688624,0.60614824,0.7577522,0.480472,0.7379249,0.6822454,0.4608074,0.73400754,0.6245563,0.4853552,0.86106706,0.6894428,0.46735898,0.8490474,0.77901745
437,8,0.44201812,0.34566408,0.61211973,0.48553506,0.4078827,0.7552249,0.44155052,0.41927242,0.68252045,0.49457106,0.5144747,0.71088254,0.44697076,0.5139793,0.5566785,0.48050392,0.6074911,0.5452518,0.43431613,0.58752555,0.4298874,0.47106248,0.6092103,0.70216376,0.4461932,0.60642654,0.72100675,0.4803491,0.73839843,0.67679477,0.45917937,0.7348596,0.5644042,0.48581505,0.85944676,0.7125734,0.4663233,0.84707767,0.7593081
438,8,0.4425141,0.34526566,0.5613495,0.48530573,0.4082893,0.7265352,0.44221774,0.41923907,0.68001646,0.49464244,0.5145829,0.6840739,0.44617003,0.5139994,0.5352473,0.47953388,0.6052301,0.473829,0.43371594,0.5875934,0.36909026,0.47137833,0.6074513,0.66871864,0.44650117,0.6045901,0.65905184,0.48093528,0.7392933,0.6469985,0.46035403,0.7344909,0.55051905,0.4863965,0.8599058,0.69838107,0.46683457,0.84836996,0.742529
439,8,0.44175714,0.346619,0.57339793,0.48540285,0.4072839,0.7658536,0.4427717,0.4180677,0.7649752,0.49501702,0.51412535,0.73983854,0.4463469,0.5132825,0.5692139,0.48020416,0.60675806,0.59117734,0.433528,0.58925164,0.53057265,0.4715161,0.6074525,0.72989976,0.44681373,0.6054149,0.75354195,0.48033115,0.73873293,0.7467755,0.46025702,0.73393416,0.6870889,0.48465517,0.85953087,0.74044436,0.46648306,0.8503905,0.7759985
440,8,0.44194356,0.3465563,0.67133915,0.48540887,0.40679777,0.7527927,0.442249,0.41804913,0.72858286,0.49486867,0.51404625,0.74237156,0.44608122,0.5132461,0.55933315,0.4803877,0.6074257,0.57690924,0.43398693,0.59016156,0.49638855,0.47159946,0.60936725,0.736744,0.44679984,0.6069247,0.77908295,0.48085365,0.7391542,0.74919015,0.460153,0.7354611,0.66725963,0.48441595,0.8626845,0.6962264,0.46716735,0.84797454,0.8071445
441,8,0.44246617,0.34689778,0.75850946,0.48537338,0.40621066,0.7374872,0.4423391,0.41760254,0.74210954,0.49497274,0.5117101,0.7938493,0.44713655,0.51196563,0.5871056,0.47954732,0.6064273,0.52914685,0.43399373,0.58754665,0.4590617,0.4717306,0.6092531,0.7298598,0.44611898,0.6065917,0.71837574,0.48150635,0.7406641,0.73210907,0.45792422,0.7343198,0.52603936,0.48533425,0.8625389,0.7553818,0.46586397,0.846674,0.7142814
442,8,0.44200987,0.34623376,0.7761342,0.48541373,0.40600738,0.7506924,0.4417884,0.417912,0.7280542,0.49488598,0.5138539,0.73218197,0.44629198,0.51182467,0.5911105,0.48030108,0.6070925,0.5616438,0.4350834,0.58952695,0.3357198,0.47183087,0.6079022,0.7439709,0.44588056,0.60559636,0.7258111,0.4821005,0.7416487,0.75682056,0.45916215,0.73511046,0.5774151,0.4861634,0.8619241,0.763402,0.4664652,0.84750545,0.7296904
443,8,0.4422813,0.34575573,0.74994737,0.48569393,0.40761757,0.7561952,0.44234338,0.41847962,0.64354354,0.49446133,0.51465577,0.73877853,0.44696113,0.5134953,0.58886135,0.481017,0.60656136,0.5355674,0.43383467,0.5885906,0.39929414,0.47131443,0.60833573,0.69142544,0.44652665,0.60583323,0.74160403,0.48043564,0.73790646,0.66495085,0.46025175,0.73411006,0.61163497,0.48655814,0.85985595,0.7365695,0.46678624,0.84750366,0.76234204
444,8,0.44223517,0.34522873,0.5846263,0.4853758,0.40708113,0.73804057,0.44184348,0.4192836,0.68520856,0.4951912,0.5137169,0.7154483,0.44645053,0.51427555,0.5637456,0.48091584,0.6058584,0.53155,0.43401214,0.5878704,0.4227527,0.4715962,0.60788935,0.7015374,0.44640934,0.6053712,0.7309892,0.48037013,0.73762983,0.68534946,0.46012753,0.73390913,0.61537194,0.48522624,0.86081785,0.72632116,0.46676186,0.8475166,0.770518
445,8,0.44231924,0.34567815,0.6465593,0.4854651,0.40747303,0.7477849,0.4422636,0.41901374,0.68443173,0.4947483,0.5139246,0.7224075,0.44614875,0.51461476,0.5424517,0.4812088,0.6066283,0.54872286,0.43397194,0.5880807,0.45178944,0.47123063,0.6085599,0.6970495,0.44650602,0.6061312,0.75623816,0.48072833,0.73833776,0.70225245,0.4604238,0.7355332,0.6377579,0.48499134,0.86171037,0.6719601,0.46718866,0.8479056,0.79276925
446,8,0.4426306,0.34536687,0.5235484,0.48351744,0.4124028,0.7806548,0.44511554,0.41961235,0.55810356,0.49445316,0.5148469,0.6098112,0.44701627,0.5140717,0.44559422,0.48072046,0.6041932,0.445333,0.43399245,0.5876754,0.3114277,0.47167677,0.6059586,0.58263195,0.4469916,0.6044671,0.5908074,0.48019353,0.73769885,0.4917868,0.45914546,0.73386765,0.59620094,0.48672757,0.8593514,0.5649751,0.46751723,0.84806573,0.6802455
447,8,0.4419463,0.3425283,0.6868999,0.48484516,0.40846938,0.6653559,0.4424677,0.4194791,0.73757553,0.4949822,0.51233834,0.7657139,0.44589165,0.51494074,0.6484146,0.4818245,0.6070942,0.6660324,0.4328671,0.58915275,0.5377754,0.47192293,0.6066187,0.7271896,0.44626775,0.6048445,0.73248154,0.4811436,0.73769325,0.59944654,0.46094444,0.7348074,0.5763794,0.48503292,0.8665789,0.7474223,0.4672458,0.8514774,0.80794084
448,8,0.4420188,0.34519264,0.73297566,0.4851467,0.40689462,0.7330367,0.44244418,0.4181527,0.7370565,0.49545625,0.5135735,0.71403146,0.44644946,0.5119143,0.6515972,0.48104241,0.60686725,0.63402116,0.4337165,0.588216,0.50222504,0.4703055,0.6084969,0.69351006,0.44635543,0.60591376,0.7513747,0.48068058,0.73881495,0.7158505,0.45903376,0.7339736,0.6631285,0.48441774,0.8597381,0.6793269,0.46686828,0.8494229,0.79190737
449,8,0.44259778,0.34477887,0.5518923,0.48486355,0.41018128,0.66081256,0.44439238,0.4191057,0.5890194,0.4944587,0.5125079,0.6795701,0.4461468,0.5141585,0.4835221,0.4812476,0.6078176,0.57390255,0.43356267,0.5893028,0.33752355,0.469866,0.60924685,0.5887677,0.44684228,0.6059739,0.6589175,0.48010418,0.7383381,0.54301524,0.4599102,0.7343829,0.49114367,0.48654798,0.8593266,0.6454513,0.4677482,0.84812284,0.71098876
450,9,0.44231847,0.34532562,0.7775798,0.48510852,0.4080912,0.7552075,0.4422271,0.4187298,0.7591138,0.49454802,0.51285416,0.77125305,0.44568405,0.5141139,0.58120036,0.4807506,0.6072486,0.6050265,0.43332317,0.5895143,0.47221148,0.47080654,0.6079358,0.7292146,0.44592634,0.6049739,0.73002195,0.48110816,0.73925835,0.7942713,0.46030343,0.7357987,0.73307663,0.4850593,0.8629711,0.72530437,0.46671587,0.84964746,0.793779
451,9,0.44144648,0.34589326,0.54842657,0.4851908,0.40742663,0.78167063,0.44235298,0.4176408,0.76868755,0.49529335,0.5140416,0.6015192,0.4462525,0.5123195,0.59683764,0.48100218,0.60700166,0.6210219,0.43348807,0.58813477,0.49072996,0.4709346,0.6083947,0.74006826,0.44576836,0.60577035,0.7666347,0.4816982,0.7392753,0.8088674,0.46068236,0.73489916,0.726484,0.4860598,0.86205715,0.74866116,0.46718362,0.84954613,0.79813796
452,9,0.44192436,0.34502244,0.5882711,0.48496646,0.407646,0.7353689,0.4428201,0.41810203,0.74407476,0.49446198,0.51466215,0.7079251,0.44592407,0.5153781,0.5335958,0.4812793,0.607664,0.5976954,0.43364742,0.5891969,0.38472188,0.4706836,0.6092901,0.6988816,0.44667163,0.60615957,0.73662394,0.4812193,0.7401736,0.73346466,0.4602568,0.7352799,0.6281494,0.48569426,0.8606948,0.73921734,0.46699148,0.8479162,0.7682368
453,9,0.4416312,0.34549108,0.59321636,0.48520756,0.4077816,0.7373391,0.44242534,0.4178703,0.7376356,0.49461433,0.5146117,0.73659563,0.44695657,0.5133363,0.5672597,0.48079243,0.6057989,0.52800536,0.43381613,0.5876616,0.42984003,0.47057477,0.6088643,0.68452376,0.4463078,0.6053037,0.7095191,0.48120213,0.73952955,0.6632597,0.45971343,0.7338619,0.58664316,0.48636526,0.859926,0.7264835,0.46666566,0.8468997,0.7473462
454,9,0.44113508,0.3463063,0.61895525,0.48498696,0.40666226,0.7568787,0.4428131,0.41698766,0.7730864,0.4945115,0.5144714,0.74107236,0.4470254,0.51269203,0.61089844,0.48112074,0.60766804,0.611612,0.43382415,0.5887817,0.41052088,0.47068438,0.608831,0.72996694,0.4461045,0.60550636,0.7509279,0.48125607,0.7404289,0.7841503,0.46019706,0.7359473,0.7101872,0.48539513,0.86142796,0.75418526,0.46699455,0.84847236,0.79906434
455,9,0.44139618,0.34615442,0.7379132,0.48464623,0.4065529,0.7207594,0.44331837,0.41727594,0.7574449,0.4947714,0.51372963,0.6972342,0.44652158,0.51446795,0.57921803,0.48111013,0.6081839,0.58368826,0.43831426,0.59516466,0.19018558,0.46979427,0.6093671,0.67822254,0.44632903,0.6058985,0.73367906,0.48052529,0.73963964,0.64308375,0.45951703,0.7335862,0.5828256,0.48653108,0.8588973,0.7255803,0.4669875,0.8468648,0.7305926
456,9,0.4416376,0.34514517,0.65694106,0.48432317,0.4087685,0.6748231,0.44499478,0.41748494,0.59121275,0.49402273,0.5126529,0.70049673,0.4468738,0.5134863,0.5116303,0.4799926,0.6048411,0.5344295,0.43387872,0.5865355,0.39136773,0.46984953,0.61054736,0.6156419,0.44664192,0.60637367,0.6850314,0.48170993,0.7385369,0.6290463,0.45928612,0.7342199,0.61366105,0.4874805,0.85971534,0.67608523,0.46632692,0.84750456,0.69482744
457,9,0.44132477,0.34641865,0.68393135,0.48430088,0.40653273,0.7020287,0.44275624,0.41681704,0.76923424,0.49422,0.5118937,0.80657643,0.44654134,0.513016,0.6121648,0.47997636,0.6053889,0.52860665,0.4335947,0.5869879,0.44859478,0.47056884,0.6074322,0.7007217,0.44571024,0.6037692,0.674575,0.481525,0.73951775,0.6907246,0.4591433,0.7335855,0.6982787,0.4860805,0.85939705,0.73051333,0.46607602,0.8461855,0.72763973
458,9,0.44130808,0.34453002,0.60850877,0.48447147,0.40731162,0.7167992,0.44341165,0.4173445,0.71652746,0.4936694,0.5136547,0.68960184,0.44593042,0.51326215,0.4945639,0.47989622,0.6068163,0.59615517,0.43352005,0.5852996,0.46629348,0.4704716,0.6093248,0.46414152,0.44701177,0.606212,0.7230427,0.4810602,0.7407245,0.68209547,0.46053588,0.7367115,0.6307624,0.48535347,0.862232,0.5693441,0.46725953,0.84962684,0.74372214
459,9,0.4411084,0.34473687,0.5754692,0.48471165,0.40599602,0.69117033,0.4419583,0.4181054,0.7165527,0.4937624,0.51114607,0.8002936,0.44676733,0.5137946,0.5734344,0.47935042,0.6056405,0.5031285,0.43365204,0.58738273,0.42809922,0.47055066,0.6089238,0.70990944,0.44562894,0.6054595,0.6971131,0.48052266,0.7399811,0.7173296,0.4584616,0.73446923,0.5603627,0.4855584,0.8597435,0.58225256,0.4662272,0.84760195,0.76146185
460,9,0.4409813,0.3460585,0.76491696,0.48426348,0.4056667,0.72376055,0.44246718,0.4172055,0.7561729,0.49387258,0.5103024,0.78652734,0.44676325,0.5122657,0.5882778,0.47845295,0.606607,0.5537803,0.43349272,0.58442634,0.4797399,0.47059098,0.6089212,0.71017635,0.4460865,0.60539734,0.7390152,0.48047486,0.7406611,0.73272157,0.4594492,0.7354947,0.59352064,0.48776808,0.85899717,0.76447374,0.4668472,0.84785193,0.7706226
461,9,0.44104865,0.34649923,0.78302175,0.48449364,0.40500507,0.720309,0.4421372,0.41689017,0.753282,0.49385184,0.51051825,0.8024545,0.44647032,0.5119655,0.5752963,0.4782599,0.6057,0.50340766,0.433551,0.58662766,0.51265454,0.4712815,0.6082564,0.73208374,0.4457606,0.6052459,0.7458476,0.48010105,0.7393107,0.73855877,0.45816,0.73416084,0.5362988,0.48768649,0.8582349,0.80758625,0.4672122,0.84605896,0.7568227
462,9,0.44093984,0.3450156,0.7529082,0.4846152,0.40535623,0.7059948,0.4423401,0.4161002,0.62035924,0.49358857,0.51297414,0.69330436,0.44661364,0.51212275,0.5641819,0.47767398,0.6044226,0.48929664,0.43331245,0.5867566,0.52243143,0.4707246,0.60823375,0.6840416,0.44644564,0.60520303,0.7345776,0.47948265,0.73806113,0.6693203,0.45741466,0.73301584,0.4667752,0.48686066,0.85609484,0.62675637,0.4666023,0.845578,0.6990337
463,9,0.44093174,0.34529892,0.7552867,0.48396298,0.40554833,0.86206955,0.44130787,0.4169222,0.5881591,0.4936265,0.51354945,0.71458447,0.44425955,0.51508605,0.68585354,0.47714996,0.6049997,0.5162695,0.4329481,0.58740747,0.6122237,0.47153813,0.6073799,0.7232358,0.4464578,0.60471857,0.74023277,0.47926193,0.7391433,0.6558983,0.45764092,0.7357258,0.5765179,0.48665485,0.8554785,0.59944177,0.46694487,0.8473532,0.7747121
464,9,0.44078264,0.34500614,0.6549812,0.4836022,0.4056834,0.87352896,0.4412351,0.41561985,0.73637176,0.49312362,0.512986,0.7070695,0.44343016,0.5139429,0.67100555,0.47719526,0.6070646,0.60558367,0.432685,0.58933884,0.58247536,0.472867,0.6074698,0.72008747,0.44804052,0.60489863,0.7265471,0.4781184,0.7397685,0.5713187,0.45913795,0.7357096,0.6059686,0.4853171,0.8613504,0.6412812,0.46717614,0.8464751,0.72349507
465,9,0.44023612,0.34512028,0.4888308,0.48353183,0.40624717,0.8876176,0.4410093,0.4158399,0.83558786,0.49148694,0.5137919,0.6787354,0.44353408,0.5130103,0.6740562,0.47509608,0.6057009,0.6106793,0.43139872,0.5893668,0.7352446,0.47318453,0.60662377,0.73003125,0.44710815,0.6051796,0.71872956,0.47906926,0.7414972,0.8149166,0.45661727,0.7362819,0.5923513,0.48794597,0.86116344,0.82737637,0.46680382,0.84552926,0.7175374
466,9,0.43971747,0.3459775,0.45062387,0.48285457,0.40612826,0.87402195,0.44099346,0.41680777,0.8044808,0.49058247,0.51483154,0.6663806,0.44304016,0.51284546,0.6506047,0.47446042,0.6035152,0.54283917,0.43110523,0.5858365,0.5971982,0.47483778,0.60665,0.7155588,0.44835007,0.60426867,0.6904198,0.4786957,0.738723,0.54315776,0.4562156,0.7324098,0.4450324,0.48806038,0.85902035,0.7732013,0.4663564,0.8453712,0.61018497
467,9,0.438418,0.3464621,0.7560326,0.48257294,0.4048044,0.84086007,0.4416357,0.41560888,0.8413659,0.49109465,0.51281285,0.8173589,0.44279844,0.51059073,0.65814143,0.4750443,0.6043855,0.4988925,0.43112385,0.5867424,0.7750362,0.47666538,0.6069993,0.7745379,0.4482842,0.6061841,0.769888,0.47979167,0.74007076,0.8724501,0.45743936,0.7333246,0.7586508,0.488455,0.861101,0.8554729,0.4680191,0.8473677,0.68169034
468,9,0.4384733,0.3459358,0.76894915,0.482469,0.40593258,0.8182532,0.4420759,0.41565055,0.7884309,0.48983434,0.5151718,0.8435881,0.44277987,0.50994027,0.61550385,0.47189713,0.60407025,0.5250547,0.4312048,0.58468896,0.6050245,0.47708791,0.60786825,0.7650618,0.44821033,0.60756,0.7226422,0.47914824,0.7417499,0.8217958,0.4573871,0.7354366,0.73789895,0.48574194,0.86168224,0.690343,0.46459588,0.8475091,0.7233609
469,9,0.43739167,0.34683883,0.68564886,0.48232976,0.40627643,0.7964648,0.44197384,0.41592386,0.6794735,0.48856166,0.5143481,0.7463759,0.4410214,0.5094849,0.6608172,0.47219768,0.60225713,0.6954741,0.43140998,0.58751386,0.8245788,0.47823867,0.60781986,0.78261745,0.44971043,0.6093367,0.7769466,0.47856185,0.74182516,0.80031526,0.4566655,0.7350514,0.72374296,0.48565042,0.8633975,0.70288545,0.46557012,0.84912825,0.764058
470,9,0.4367189,0.34801754,0.52024674,0.4832217,0.40748784,0.74561244,0.44034111,0.4180809,0.5980737,0.48695078,0.5129469,0.5485098,0.4405812,0.50947076,0.6336967,0.47151673,0.6030103,0.596613,0.43208092,0.5863445,0.7770196,0.48047167,0.60632485,0.75938624,0.45161134,0.6082345,0.74328005,0.47839198,0.7422214,0.78344434,0.45745182,0.73880106,0.70484155,0.48642808,0.8669406,0.8217033,0.46643677,0.8482351,0.6666485
471,9,0.4359065,0.3499792,0.7898168,0.4807137,0.40676704,0.8571978,0.44053465,0.41762477,0.7123734,0.4865666,0.51513875,0.81900066,0.44103658,0.51096374,0.7166602,0.4686046,0.6048453,0.6478693,0.43336725,0.5881254,0.81148535,0.4830178,0.60266984,0.6295272,0.45548713,0.6084418,0.76022077,0.47706762,0.73946303,0.82038116,0.45658767,0.7369546,0.74670446,0.48552227,0.86700296,0.7236484,0.46652862,0.8484173,0.71680826
472,9,0.43448836,0.35399514,0.7713857,0.48108715,0.4078446,0.7316511,0.4391887,0.42156127,0.85152817,0.48577455,0.51799506,0.8163344,0.44095337,0.5163631,0.8078684,0.4630486,0.6048361,0.68495244,0.43108824,0.5875823,0.81287074,0.48582745,0.6012562,0.7874101,0.4568924,0.6083728,0.7897561,0.47572672,0.7377439,0.7746992,0.45754904,0.73609823,0.7945078,0.4874353,0.86355966,0.83538157,0.46859303,0.8449334,0.7122647
473,9,0.4334668,0.35545716,0.7305318,0.4792218,0.41068223,0.8688546,0.43900412,0.41803822,0.73724014,0.4869639,0.5168679,0.73565215,0.44170043,0.51414114,0.73585474,0.46279258,0.60545725,0.63590956,0.43156785,0.5892445,0.6450029,0.48888975,0.59897655,0.85805285,0.4596814,0.6041569,0.7748787,0.47550964,0.7368638,0.6166243,0.45652378,0.7326246,0.7485583,0.48541552,0.8675489,0.85192806,0.46832573,0.84682524,0.7865338
474,9,0.43255487,0.35839617,0.780023,0.4803093,0.41270408,0.7942186,0.43833122,0.42042807,0.758651,0.48580697,0.51907676,0.63926023,0.44005817,0.5137493,0.812359,0.4613612,0.60569715,0.8136489,0.43072054,0.58824086,0.70490694,0.49150646,0.59381455,0.887884,0.4618973,0.5991231,0.7497378,0.47473457,0.7359275,0.77668554,0.45660076,0.7309729,0.8304016,0.48431858,0.86426556,0.5708275,0.46982014,0.8460142,0.79745275
475,9,0.43166775,0.3634275,0.8095072,0.48057142,0.41524366,0.7158789,0.43675047,0.42706633,0.76322144,0.4855456,0.52288365,0.72938865,0.43947628,0.5166321,0.82986575,0.46230832,0.60859174,0.8185916,0.4290358,0.58893275,0.7617933,0.49241552,0.5889898,0.78632855,0.4598936,0.5925806,0.7735906,0.47353128,0.733039,0.8838591,0.45406082,0.72908074,0.78602505,0.48566312,0.86325425,0.8742088,0.46865776,0.8452412,0.8629141
476,9,0.43071073,0.36815548,0.7318569,0.47972813,0.41954747,0.76325715,0.43684545,0.4286855,0.8668918,0.4860319,0.5272763,0.7303759,0.43983677,0.521413,0.83926904,0.45955226,0.61236066,0.81246054,0.43007722,0.5931123,0.79005384,0.49556673,0.58036625,0.900999,0.46223748,0.5833348,0.7050107,0.47186717,0.7334725,0.87595963,0.45204517,0.7250686,0.72498125,0.48691633,0.86235726,0.7535992,0.46867594,0.84275275,0.85885775
477,9,0.4290642,0.37210795,0.76046216,0.47968465,0.42683733,0.8420198,0.43765432,0.43486756,0.8170124,0.48512718,0.5342899,0.818454,0.4411403,0.5243058,0.90524036,0.45857748,0.6152677,0.6738119,0.43127593,0.5939655,0.73236096,0.49805558,0.58205056,0.8503626,0.46272305,0.5822825,0.7559343,0.47095078,0.73502046,0.90619826,0.4507435,0.726294,0.7724938,0.48759615,0.86927015,0.632719,0.46894556,0.8429882,0.60369426
478,9,0.43020007,0.3775914,0.71813077,0.47935912,0.43242005,0.7333758,0.43718782,0.44133022,0.8568714,0.48499838,0.5395808,0.78960735,0.44143504,0.52782404,0.87987494,0.45665348,0.614684,0.76516867,0.4318705,0.6010309,0.6107606,0.50022846,0.5797646,0.84430426,0.4649018,0.5807926,0.7485509,0.4702852,0.733428,0.8697027,0.4479884,0.72679406,0.6737915,0.4875363,0.8619419,0.69163346,0.46748778,0.84436476,0.77456516
479,9,0.4290661,0.3852182,0.6856349,0.47990963,0.43849793,0.7298183,0.43780974,0.4445832,0.82309884,0.4857917,0.54567057,0.6630494,0.44143775,0.531026,0.7767912,0.4542104,0.62058556,0.7898327,0.4323197,0.60449153,0.79927194,0.501508,0.58450454,0.8642585,0.46600065,0.5839135,0.772258,0.4710175,0.7389019,0.84718734,0.44748732,0.7310183,0.718315,0.4876747,0.86509556,0.78570205,0.4662394,0.8469286,0.847918
480,9,0.4289292,0.39244923,0.77138174,0.4792798,0.4447316,0.87002176,0.43686908,0.4473805,0.78840065,0.48612148,0.55236083,0.6260384,0.44145522,0.53509915,0.81511146,0.4520096,0.624162,0.77934927,0.43288454,0.6078699,0.780201,0.5020773,0.5868959,0.8845777,0.46632499,0.5857028,0.7604169,0.46921438,0.741153,0.91414917,0.44644383,0.73190147,0.61925167,0.48709723,0.8571182,0.68943006,0.4673444,0.84243494,0.7702093
481,9,0.42843112,0.39992625,0.7821234,0.4806518,0.45028037,0.64332247,0.43485165,0.45543703,0.86887395,0.48746428,0.55890787,0.7162427,0.44236845,0.5405661,0.90810037,0.4523813,0.6296824,0.7916187,0.43313763,0.6155201,0.61304194,0.5048411,0.5934891,0.91180223,0.4672359,0.59154654,0.7857885,0.46813825,0.73979616,0.8829771,0.4459882,0.73331654,0.76402074,0.48729652,0.8591279,0.83901477,0.46640363,0.8418289,0.8431543
482,9,0.42814502,0.40715286,0.8546359,0.4797099,0.45667803,0.83582616,0.4357384,0.46274465,0.90741265,0.48893577,0.5660341,0.7942442,0.44390336,0.5467959,0.89666116,0.45343444,0.63326657,0.68416554,0.43466157,0.6205446,0.564689,0.50676596,0.5981936,0.9114926,0.46887907,0.5967804,0.77497005,0.46745268,0.74387085,0.8067149,0.44478163,0.7311181,0.71108854,0.48706645,0.85987854,0.73494995,0.46475875,0.84159863,0.71884346
483,9,0.42714578,0.41481227,0.73730105,0.48014286,0.46357095,0.7571965,0.43432632,0.46933678,0.8826622,0.48804525,0.57400864,0.73610514,0.4452818,0.5530172,0.8683076,0.4530818,0.6395131,0.80719006,0.43720177,0.6259687,0.59320223,0.50810134,0.600232,0.9272017,0.47016057,0.59908956,0.7905803,0.4664545,0.74308336,0.88130254,0.44307855,0.732627,0.59878767,0.4861582,0.86424655,0.87790954,0.46575463,0.8420732,0.66635716
484,9,0.4265891,0.42285416,0.693206,0.4812994,0.47405767,0.7469313,0.43367213,0.47640738,0.7357448,0.49027136,0.58079803,0.7972121,0.44625303,0.5592755,0.79665184,0.45306924,0.6437602,0.7597213,0.4398065,0.6322279,0.6950079,0.5097424,0.6074471,0.9165827,0.47242764,0.60490984,0.78386205,0.46617365,0.74269927,0.8681269,0.4428688,0.72891396,0.6651194,0.48477665,0.86289483,0.8363756,0.4655128,0.840402,0.77053684
485,9,0.42784566,0.43036363,0.79058975,0.48160526,0.48157817,0.8578712,0.43503705,0.48049146,0.79136145,0.48880255,0.5874891,0.71668464,0.4487796,0.56397617,0.7569095,0.4540534,0.6491688,0.5194139,0.44206482,0.6359286,0.6953099,0.5103393,0.6139287,0.9010641,0.47375292,0.61133343,0.8066599,0.46672705,0.7458696,0.7771769,0.4418797,0.7301847,0.5276513,0.48639557,0.86374956,0.87251616,0.4645872,0.84192365,0.7589817
486,9,0.42789665,0.43845606,0.78684574,0.4832632,0.48794544,0.6106892,0.43378073,0.49013424,0.9050104,0.4901926,0.5935369,0.7234854,0.4499206,0.57044035,0.6678048,0.45561823,0.6542598,0.81791216,0.44533443,0.64289606,0.69464916,0.5125242,0.61529857,0.9256775,0.4755617,0.6132401,0.796919,0.46611145,0.74931866,0.7048762,0.441457,0.7303375,0.65341544,0.48518324,0.8650586,0.81215614,0.4658243,0.8394896,0.74680763
487,9,0.42770883,0.4462174,0.7841158,0.4829502,0.49596998,0.83547395,0.4337364,0.49301708,0.8386222,0.49205458,0.6002037,0.68623006,0.45152056,0.5781807,0.80014503,0.4588198,0.6583567,0.63411444,0.4475105,0.649754,0.6695912,0.5134486,0.621682,0.895632,0.47815138,0.6171173,0.81186426,0.4664357,0.74744797,0.79736584,0.4420754,0.7324279,0.62640154,0.48518404,0.8683491,0.6400579,0.46658868,0.8410416,0.5981816
488,9,0.42781404,0.4527181,0.6287485,0.48381793,0.5021361,0.81124824,0.43364984,0.49813113,0.7457012,0.49382788,0.604227,0.75035876,0.4527895,0.5827897,0.7598039,0.46033797,0.66186625,0.79953384,0.4495648,0.6546444,0.6375709,0.51514846,0.62552315,0.90771806,0.47967395,0.6221246,0.8156175,0.46639183,0.7501365,0.7988461,0.4405506,0.728201,0.57411677,0.48643076,0.86783004,0.8799407,0.4656299,0.84121084,0.75149304
489,9,0.4290495,0.46058118,0.74952644,0.48466843,0.50944865,0.7165867,0.43420506,0.50763756,0.6100605,0.49533004,0.6106055,0.7815573,0.4522635,0.5877058,0.64975566,0.46312687,0.6665545,0.6868805,0.4514573,0.6613143,0.67745847,0.5169145,0.6328569,0.9199454,0.48172057,0.6316185,0.73899436,0.4669738,0.7473439,0.68611294,0.43970382,0.7301081,0.7486418,0.48603624,0.868627,0.7568077,0.4637481,0.83975106,0.6951135
490,9,0.43015322,0.46742785,0.7697805,0.48457396,0.5160091,0.823193,0.43410048,0.5152791,0.69428694,0.49679428,0.6153992,0.7496606,0.45371115,0.59442174,0.73823863,0.46453264,0.67201936,0.7055207,0.4527712,0.66590935,0.5909303,0.5176417,0.6356447,0.92527187,0.4821108,0.63429964,0.77546996,0.46619245,0.7485862,0.7840136,0.44128698,0.73148793,0.7861513,0.48710665,0.8675774,0.9044293,0.4643887,0.8411655,0.84393346
491,9,0.4312319,0.4737619,0.69059634,0.48491395,0.52087337,0.78238106,0.43659407,0.5213812,0.9006207,0.49875152,0.6199263,0.8220899,0.4547585,0.6007243,0.72456825,0.46581057,0.67748886,0.8405043,0.45446315,0.67140937,0.6374698,0.5186392,0.6400196,0.8862413,0.482485,0.6410654,0.6526015,0.4656537,0.7501388,0.7042911,0.43928406,0.7342851,0.70293367,0.4865174,0.86857826,0.87026995,0.4643213,0.839717,0.8177452
492,9,0.43158907,0.47967502,0.76031095,0.4852399,0.5266256,0.8126419,0.4363521,0.52579886,0.8448094,0.50046194,0.6251865,0.83919317,0.4562989,0.60736245,0.677854,0.46862736,0.67934716,0.5930376,0.45600542,0.67312044,0.62389076,0.5197991,0.644603,0.86447567,0.4839594,0.646044,0.65916663,0.4663777,0.7474089,0.78898203,0.43954277,0.7297821,0.8746453,0.48687991,0.8708895,0.8843502,0.46456227,0.8406647,0.7810328
493,9,0.43246606,0.48523667,0.6604883,0.48634753,0.53311265,0.7271795,0.4384767,0.5305183,0.7688138,0.5021428,0.6303586,0.8469264,0.45763385,0.6107864,0.56647706,0.4704179,0.6813509,0.6386648,0.4585771,0.6753153,0.6873267,0.5207622,0.64875567,0.8953144,0.4849371,0.6479767,0.7219778,0.4654241,0.7491657,0.8149657,0.43952897,0.731556,0.8214214,0.48736325,0.8712349,0.7750991,0.46487948,0.8405275,0.772059
494,9,0.4330046,0.49060097,0.66006345,0.48749307,0.53628635,0.81472504,0.43762624,0.5324653,0.739596,0.5033095,0.6341988,0.6870126,0.4575591,0.6131643,0.781233,0.47174442,0.6846284,0.63123,0.46000162,0.67665505,0.6449638,0.52230513,0.649317,0.9149797,0.48547542,0.6496967,0.7491607,0.4659883,0.7509847,0.7739233,0.43821856,0.72785515,0.7640896,0.4876489,0.8697645,0.80376786,0.46460006,0.8412322,0.8551797
495,9,0.43484786,0.4940924,0.6648541,0.48865503,0.53955305,0.7970713,0.43869826,0.5376815,0.73435813,0.50511605,0.6369423,0.7518229,0.4583886,0.61427253,0.73752254,0.4724745,0.68896836,0.6232473,0.46168882,0.6802924,0.6483983,0.52377254,0.6506436,0.90866303,0.4869246,0.65043944,0.7805443,0.466751,0.7507845,0.72518396,0.4397678,0.72769314,0.84081966,0.4864043,0.86876243,0.6677321,0.46516338,0.84163964,0.7939478
496,9,0.4366764,0.4981447,0.69532144,0.4900673,0.54256254,0.7562996,0.4412256,0.5416119,0.75835407,0.5064511,0.6410954,0.7232629,0.45902488,0.61579376,0.6605407,0.47285435,0.6908894,0.7441167,0.46285662,0.6823049,0.58313423,0.52486473,0.65464115,0.8624453,0.4888635,0.65429044,0.6191153,0.46655056,0.75151706,0.8210505,0.43979022,0.7303429,0.72171474,0.48579535,0.86898136,0.7901469,0.46599674,0.84014225,0.7170157
497,9,0.4388064,0.5000351,0.4563351,0.49027544,0.54496646,0.8683324,0.4440789,0.54424685,0.6838715,0.50725555,0.64336956,0.8261694,0.4607788,0.6222876,0.63745254,0.4733782,0.69314563,0.67138535,0.46345943,0.6859117,0.5885791,0.5256725,0.66064423,0.8737433,0.49024913,0.65954524,0.5934884,0.46845067,0.75195515,0.87078804,0.4417739,0.72943884,0.8405044,0.48527536,0.86841345,0.75046265,0.4673465,0.83997315,0.7520649
498,9,0.4413951,0.5044738,0.58372664,0.49255526,0.54754615,0.6572696,0.44553435,0.5427012,0.82718,0.5080288,0.6457889,0.81348103,0.46075076,0.62370753,0.78450245,0.47424278,0.695165,0.5342127,0.46626264,0.68703353,0.55557466,0.52624154,0.6611107,0.89588886,0.48962486,0.65872073,0.5494598,0.4679148,0.7505724,0.85229236,0.4414291,0.7289322,0.80347335,0.48513395,0.86991507,0.7492003,0.46805248,0.8416474,0.8102487
499,9,0.44396415,0.50621325,0.7654552,0.4932753,0.5531933,0.63218325,0.44903672,0.54967695,0.77244526,0.50961995,0.6482597,0.72430754,0.46263266,0.6232818,0.64563644,0.47566932,0.6948716,0.58441484,0.4669053,0.68547195,0.5255815,0.52426416,0.66643554,0.816821,0.49074888,0.66257584,0.63067394,0.46959126,0.7509023,0.77737695,0.4432719,0.7304148,0.74678516,0.48507327,0.8708157,0.82414657,0.46798226,0.8408864,0.64748234
500,10,0.44603837,0.507613,0.71586645,0.49630487,0.5516539,0.8661273,0.44994193,0.547603,0.86965925,0.51065004,0.6503184,0.817888,0.4639311,0.62524515,0.730527,0.4765988,0.6976194,0.7134872,0.46765313,0.69107205,0.5534358,0.526392,0.66671413,0.8796853,0.49146932,0.6629905,0.6414,0.46794218,0.75159967,0.8360136,0.44063315,0.73007613,0.8632865,0.48606417,0.8677164,0.89697224,0.46843135,0.8375428,0.84915215
501,10,0.44953576,0.5060876,0.46124372,0.49695408,0.55407965,0.7993524,0.45376697,0.55049795,0.8413644,0.51185006,0.65060174,0.7970638,0.46537882,0.62737924,0.52147925,0.47622332,0.69903827,0.5115043,0.46935892,0.69127643,0.4914559,0.5248362,0.67609173,0.8328469,0.4923725,0.67150766,0.515278,0.46821737,0.753347,0.5927538,0.44295305,0.7280913,0.7736798,0.48560354,0.8705747,0.75321746,0.46894714,0.84284204,0.7395553
502,10,0.4517475,0.5053319,0.61781377,0.49957302,0.55718064,0.52259105,0.456508,0.5503108,0.81184465,0.5108084,0.650598,0.7546167,0.46544552,0.6257752,0.7425091,0.47896633,0.6967356,0.5934458,0.4703949,0.6913445,0.4322958,0.5234957,0.6726191,0.790104,0.49139595,0.669306,0.6242454,0.47093907,0.7496464,0.56006694,0.4441876,0.7292849,0.6837062,0.48635942,0.86891186,0.85034287,0.47021136,0.8411508,0.6265505
503,10,0.4536523,0.5047722,0.59154993,0.5019454,0.55487806,0.81911683,0.4564837,0.55047816,0.8034105,0.5134407,0.65056616,0.80416554,0.46712476,0.6283504,0.64432216,0.4776019,0.70182085,0.6999604,0.46945688,0.69721913,0.49858898,0.52659005,0.67263997,0.82242924,0.4934314,0.66973275,0.5744108,0.4703452,0.75137323,0.6706614,0.44364786,0.72784185,0.83882946,0.4856779,0.8680158,0.8953485,0.46993506,0.84157294,0.74029016
504,10,0.45486912,0.5047089,0.7617381,0.5040676,0.5529105,0.841988,0.4567114,0.5486754,0.7291539,0.51275456,0.64966106,0.86656797,0.46751887,0.625681,0.64494437,0.47865355,0.6990605,0.70650214,0.47055095,0.69479537,0.44226035,0.5279101,0.6721437,0.8461589,0.49373886,0.6691781,0.5821855,0.47118855,0.75140876,0.68403256,0.4439715,0.7278938,0.8243855,0.4870311,0.8679751,0.86554915,0.4694229,0.8425266,0.7780866
505,10,0.45712662,0.5008772,0.47556332,0.5040466,0.5530974,0.7064973,0.46068034,0.5481168,0.84172904,0.51322263,0.649811,0.6199713,0.46893185,0.62295187,0.38842887,0.47985187,0.70015836,0.5743709,0.47161752,0.6960382,0.3824231,0.52483225,0.67891324,0.8391952,0.49330428,0.67425156,0.65221316,0.4721696,0.7528498,0.45731944,0.4454433,0.7275938,0.6914889,0.48728183,0.86767006,0.80077386,0.469635,0.8423554,0.7674685
506,10,0.4582489,0.50010604,0.55804914,0.50588113,0.5526185,0.7734583,0.4602713,0.5467527,0.73967195,0.51519865,0.6480535,0.905424,0.47019643,0.625176,0.6630459,0.48055178,0.70143616,0.61093134,0.4721506,0.69700575,0.5418543,0.5284283,0.67048603,0.84742314,0.49602148,0.6666421,0.657339,0.4720691,0.7507847,0.78892463,0.44492665,0.7281276,0.8789003,0.48684362,0.869404,0.84835505,0.4693168,0.84047866,0.87600124
507,10,0.46069297,0.49887237,0.71503055,0.50798476,0.55022824,0.7904645,0.46154836,0.5445085,0.9007511,0.5155161,0.6480146,0.9023482,0.4706729,0.6257209,0.6710123,0.47960922,0.7036839,0.6696313,0.47177327,0.6986189,0.39621446,0.5286692,0.67423964,0.90323156,0.49581292,0.6717275,0.5352832,0.47199297,0.7525389,0.6428361,0.44513023,0.72586566,0.8355701,0.4874508,0.86738867,0.863782,0.4688568,0.84257746,0.8421946
508,10,0.46268597,0.49775967,0.6006931,0.5105642,0.5515642,0.77765274,0.4650294,0.5434824,0.84822613,0.5155208,0.64806855,0.8468225,0.4729191,0.6239566,0.7563511,0.48245546,0.70365,0.6665027,0.4745568,0.70118624,0.59206015,0.52812076,0.66918427,0.86709625,0.4960417,0.66543716,0.6993491,0.4728838,0.74979645,0.6721591,0.44540793,0.72727334,0.83146334,0.48772395,0.8674324,0.8754792,0.4688926,0.8405397,0.75306094
509,10,0.4653758,0.49637723,0.47217283,0.511776,0.5492984,0.761978,0.46741363,0.54324925,0.76953185,0.5155792,0.6473029,0.8634107,0.47503278,0.62457156,0.71852237,0.4811388,0.7030912,0.65019464,0.47366297,0.69853747,0.59052104,0.5301195,0.67522675,0.91743785,0.49706897,0.6704004,0.6161913,0.47194073,0.751456,0.8225304,0.44495577,0.72691286,0.84734935,0.48783165,0.8674541,0.8531571,0.46870187,0.8423297,0.89916086
510,10,0.46710548,0.4963691,0.55393964,0.5142923,0.55034024,0.73924524,0.46909675,0.5431985,0.7985368,0.5159948,0.65028715,0.75886077,0.47506067,0.6243065,0.7399081,0.48355716,0.7035727,0.69752765,0.47614712,0.69931436,0.64924043,0.52906287,0.67161787,0.9195357,0.49677426,0.6670983,0.5579233,0.47268668,0.7494975,0.8153615,0.4446971,0.72755605,0.81740004,0.4876653,0.8693071,0.85541743,0.46880648,0.8397967,0.8843593
511,10,0.4691464,0.49644968,0.61925757,0.5166589,0.55021405,0.73372555,0.47071365,0.54103386,0.85199434,0.5161171,0.64906657,0.89471513,0.47553247,0.62479824,0.7498883,0.481413,0.7042935,0.597594,0.47486493,0.69872195,0.57485765,0.52986234,0.6721026,0.8644886,0.49637595,0.6677559,0.72772396,0.4720066,0.7533925,0.8569389,0.4447104,0.72651917,0.8532104,0.4877328,0.8689755,0.8559909,0.4688724,0.84095675,0.87366927
512,10,0.47092682,0.49668247,0.7676176,0.5194746,0.5476182,0.6463315,0.47296613,0.5396646,0.8238251,0.5165537,0.64852893,0.8959106,0.47519216,0.62418014,0.7891618,0.48090836,0.7053201,0.61273086,0.47476313,0.7003136,0.66495115,0.5301133,0.6723771,0.85243726,0.4967643,0.66678536,0.69957024,0.47209877,0.75284994,0.7937061,0.4451001,0.7263083,0.8878884,0.48774976,0.86625975,0.84308857,0.46913445,0.84073293,0.9003229
513,10,0.4724755,0.49616033,0.8117021,0.52044827,0.5475026,0.68575215,0.47430292,0.5406598,0.9273332,0.5165805,0.6500084,0.87422603,0.4755024,0.6244576,0.7873311,0.48085576,0.7050207,0.6069831,0.47438443,0.6995097,0.6576025,0.53085655,0.67318857,0.8502579,0.49719888,0.6670556,0.70840794,0.4726093,0.7515991,0.7644402,0.445473,0.7260355,0.8931485,0.48761642,0.86775583,0.8451347,0.46973178,0.8394338,0.86838186
514,10,0.47374085,0.49652952,0.83366376,0.5207547,0.54715186,0.6866371,0.4753451,0.54082674,0.9235353,0.51701015,0.6498162,0.8756555,0.4762071,0.62471116,0.79721534,0.4815686,0.7049038,0.57430726,0.4750334,0.6988547,0.609813,0.5308928,0.6732747,0.8645417,0.49804944,0.6674299,0.70142484,0.4730692,0.7504654,0.78877765,0.44582137,0.72540444,0.8843577,0.4873925,0.86747175,0.81523395,0.469778,0.8390657,0.88755083
515,10,0.47595662,0.4951641,0.68947005,0.52144015,0.5475843,0.71825635,0.4766439,0.5417426,0.80317605,0.51720405,0.6495013,0.8736703,0.47660825,0.62507683,0.823368,0.48165634,0.705622,0.56942,0.4742991,0.7011072,0.61333746,0.5325583,0.67290956,0.88469183,0.49878758,0.667301,0.6904981,0.47365743,0.74737966,0.6916556,0.44665056,0.7236413,0.9044909,0.4870702,0.86818594,0.61737937,0.4695203,0.83924574,0.89914566
516,10,0.47699967,0.49323854,0.42655042,0.52228415,0.5484488,0.8436242,0.4784317,0.5419311,0.8983602,0.51783264,0.64981467,0.83416575,0.47724473,0.6252845,0.810518,0.48339945,0.7064625,0.618205,0.47551128,0.6999253,0.49802184,0.53236836,0.6768433,0.90475404,0.49984464,0.6727476,0.60253465,0.47426468,0.74816185,0.7653976,0.4468931,0.7243027,0.88640875,0.48805436,0.8668382,0.90313053,0.46983865,0.8408908,0.8884803
517,10,0.47754738,0.49409586,0.76840204,0.52415544,0.5451332,0.82896733,0.47766447,0.54145426,0.76533014,0.5184523,0.6494386,0.8321433,0.47761828,0.6247071,0.7024017,0.48330262,0.70515484,0.5657642,0.47497958,0.6996147,0.48716968,0.532898,0.6722798,0.9079729,0.50050175,0.6667344,0.7979932,0.47508314,0.7472952,0.74902385,0.44716835,0.72381884,0.91522115,0.4871162,0.8661074,0.7930466,0.46992964,0.84143555,0.8580724
518,10,0.4783699,0.49347997,0.5611699,0.52478045,0.5451405,0.8404287,0.47928163,0.540955,0.93009514,0.5184561,0.6498076,0.83361506,0.4785529,0.6247777,0.8445191,0.48354802,0.7054224,0.588848,0.47631428,0.6994925,0.50585616,0.5332185,0.6748719,0.90912455,0.50084096,0.6706965,0.586137,0.47522604,0.74882597,0.78556216,0.44769028,0.7241013,0.90737313,0.48863608,0.866815,0.88977814,0.47005552,0.8426192,0.910216
519,10,0.47958672,0.4928336,0.7284205,0.5256275,0.54419047,0.8456326,0.48007748,0.5402411,0.8188671,0.519302,0.6492391,0.81454635,0.47880042,0.6233283,0.69887495,0.48448202,0.70414174,0.60625416,0.47605413,0.69948405,0.5263643,0.53369343,0.67470896,0.92191297,0.5010183,0.6692886,0.6793574,0.47536984,0.74422866,0.6572049,0.44829854,0.723238,0.9365014,0.48807138,0.867798,0.885255,0.4694861,0.8419106,0.88911206
520,10,0.48027328,0.49250427,0.7472664,0.5265027,0.54459614,0.871499,0.48099038,0.5398617,0.84991556,0.51975006,0.6492593,0.8382419,0.47962442,0.6239508,0.76704615,0.48425236,0.70446396,0.54569244,0.47602877,0.7002621,0.5205257,0.53400356,0.6754304,0.88189846,0.50080836,0.6704804,0.74700314,0.4757939,0.74371374,0.63382596,0.44821957,0.72283226,0.93170565,0.487917,0.8665031,0.8782754,0.46948215,0.84358996,0.89681655
521,10,0.48200274,0.49078584,0.43723238,0.52646714,0.54533917,0.8134255,0.48139763,0.5405029,0.88361675,0.52034247,0.6498009,0.7701252,0.4798537,0.62453127,0.78676194,0.48449707,0.7023715,0.59473324,0.47661224,0.69716793,0.69039404,0.533788,0.6767925,0.8761296,0.5014029,0.67158276,0.7107772,0.47648323,0.7471318,0.7009563,0.44863454,0.7230641,0.9111088,0.48788977,0.86915994,0.89531803,0.46901193,0.84188074,0.88267356
522,10,0.4826886,0.4910089,0.46147618,0.5265128,0.54717946,0.6852167,0.48236388,0.54130656,0.8990916,0.5205364,0.64904636,0.787959,0.48014385,0.6242864,0.68319017,0.48445055,0.70291615,0.5676936,0.4760863,0.6968351,0.64374465,0.5341765,0.6780341,0.8512461,0.50307584,0.6723322,0.6696849,0.47695202,0.7461533,0.69102067,0.44872445,0.72313493,0.8867503,0.48698902,0.86731154,0.9190546,0.46886405,0.84184366,0.8864558
523,10,0.48349756,0.49108925,0.41082692,0.5272409,0.54729515,0.643724,0.48343706,0.5414593,0.87442005,0.5206359,0.6502498,0.6889797,0.4816244,0.6250232,0.8519373,0.48500988,0.7037166,0.5726523,0.47696579,0.6960121,0.5727848,0.5337488,0.6783303,0.8217559,0.5023483,0.6723628,0.6642027,0.47706446,0.7450313,0.7488442,0.4484625,0.7236945,0.8585254,0.48659784,0.86551976,0.86877334,0.46851438,0.842639,0.8404563
524,10,0.48389632,0.49155387,0.65321296,0.5274828,0.54651785,0.77505416,0.4836268,0.5410267,0.87882656,0.521027,0.6493915,0.8097325,0.4813128,0.62528175,0.87997997,0.48570144,0.6988529,0.5599025,0.47751313,0.6928433,0.5556745,0.5329506,0.6782494,0.89254063,0.50129396,0.6715229,0.64241105,0.47703895,0.7457632,0.75057095,0.4483428,0.7231767,0.8591439,0.4863782,0.8668266,0.90321714,0.4691564,0.8418153,0.86716634
525,10,0.48463064,0.49067315,0.69483674,0.5280444,0.5466596,0.86191875,0.48436728,0.53957653,0.7499043,0.52243084,0.6465948,0.8661677,0.48119608,0.6245015,0.8531229,0.48531348,0.70176214,0.5380291,0.47709167,0.6943625,0.62873787,0.53206646,0.6794435,0.85898507,0.50046515,0.6713797,0.6815779,0.476807,0.74377,0.67870945,0.44859034,0.7242616,0.86225027,0.48647717,0.86603737,0.9129207,0.46910432,0.8416743,0.8799165
526,10,0.48469412,0.48959333,0.5552943,0.5287278,0.5433238,0.66587645,0.48359966,0.5388701,0.85877436,0.52209264,0.64748156,0.9081906,0.48093516,0.6246791,0.7463611,0.48606262,0.6982638,0.5665215,0.4775923,0.69318837,0.6898196,0.53330797,0.676657,0.9305239,0.49987704,0.6689635,0.6372159,0.4758267,0.74232405,0.72562844,0.44849968,0.72356296,0.87788343,0.4859363,0.8690864,0.7079494,0.46938232,0.8429796,0.89986205
527,10,0.48548406,0.48889583,0.46441856,0.5288894,0.5436755,0.6328448,0.4847889,0.53927267,0.8786315,0.52233607,0.64756185,0.88701963,0.48094913,0.6242857,0.760036,0.4846252,0.7012813,0.5943343,0.47773126,0.6951987,0.59622675,0.5333155,0.6765424,0.87114424,0.5006435,0.66974723,0.7120346,0.47584057,0.74332154,0.7458154,0.44868186,0.7241514,0.9102098,0.4873725,0.8657897,0.7942942,0.46947375,0.84237725,0.91081303
528,10,0.48575586,0.48930094,0.5213806,0.5292104,0.542501,0.806836,0.4847395,0.53837365,0.8470364,0.52165914,0.6462557,0.8917204,0.4812192,0.6234851,0.7359817,0.4846527,0.7011868,0.59226984,0.476919,0.69446194,0.7034573,0.5343098,0.6769165,0.90031374,0.5013007,0.670014,0.71848065,0.47592947,0.7449033,0.7497123,0.44854462,0.72437656,0.9068665,0.48731425,0.8671875,0.759716,0.4690099,0.8419018,0.89091617
529,10,0.4859209,0.48828262,0.45962209,0.5292138,0.54338783,0.9201529,0.48487234,0.5385315,0.8430642,0.5214625,0.6455543,0.8751639,0.4812888,0.6236959,0.7261989,0.48518187,0.7005006,0.5804838,0.4772825,0.6939576,0.66385794,0.53443515,0.67672133,0.8661681,0.50145495,0.67026067,0.7039291,0.4754575,0.7438609,0.72653306,0.4483714,0.7236102,0.9097693,0.48645344,0.8657676,0.9024212,0.46957743,0.84260166,0.8669668
530,10,0.4863927,0.4879924,0.4646861,0.5291748,0.54397994,0.9023681,0.48515388,0.5383394,0.82633346,0.52190405,0.64515096,0.8781744,0.48156947,0.62465286,0.7326835,0.4850855,0.7005144,0.5673472,0.4773779,0.6941403,0.6578294,0.53402823,0.6768641,0.8674436,0.50144804,0.6705857,0.702634,0.47505718,0.7439034,0.6908514,0.44849318,0.72349584,0.8987746,0.48666087,0.8650027,0.9007111,0.46900004,0.842086,0.8650928
531,10,0.48633033,0.4882786,0.5719392,0.5298163,0.54202217,0.6206083,0.48503938,0.53794706,0.8539377,0.5215646,0.6450412,0.8937548,0.48126304,0.62362206,0.72141755,0.48501307,0.7002228,0.5560003,0.47717574,0.693656,0.65755296,0.53389776,0.6758728,0.92226446,0.50107867,0.66895866,0.6854985,0.4751697,0.74397254,0.7336799,0.44834897,0.7235526,0.90773225,0.48613274,0.86667615,0.913912,0.4694432,0.84332967,0.8631601
532,10,0.48665679,0.48813003,0.52159655,0.5299172,0.54301715,0.63173157,0.48555508,0.538652,0.87006044,0.521198,0.6450413,0.8763404,0.4812961,0.62306505,0.6919992,0.48527813,0.69950753,0.6036737,0.47778022,0.69278955,0.6768872,0.5332368,0.6763713,0.8773047,0.5005184,0.67001927,0.71050817,0.47607008,0.7451955,0.7513507,0.44875807,0.72420293,0.8979458,0.48743534,0.8665325,0.91952467,0.4689913,0.8422584,0.8913378
533,10,0.48777997,0.48831865,0.7203547,0.52970856,0.54392797,0.61814266,0.48552752,0.53933215,0.8778906,0.52162117,0.6445464,0.8638112,0.48148543,0.6237985,0.7076127,0.48501974,0.6993253,0.5443437,0.47752625,0.69199884,0.6481194,0.5322302,0.67921156,0.8876303,0.5005993,0.67190087,0.7149728,0.47563487,0.7429871,0.6867318,0.44873637,0.7238367,0.8550605,0.48640516,0.86662924,0.9059938,0.46906328,0.84359455,0.7751025
534,10,0.48792103,0.48804235,0.7067597,0.5298966,0.5447247,0.63118654,0.4856549,0.5397485,0.8821775,0.5222943,0.64488196,0.83064234,0.48243037,0.62373495,0.849262,0.48568153,0.6988864,0.5346199,0.4778533,0.6928829,0.65045273,0.5317542,0.67899346,0.8104406,0.50064623,0.67099106,0.5904518,0.47626364,0.74368525,0.5997268,0.44895566,0.7238294,0.79123694,0.48587865,0.8693062,0.6800642,0.46939647,0.84541374,0.70637816
535,10,0.48765087,0.4884935,0.7721168,0.5306865,0.54266864,0.88784146,0.48519108,0.5385567,0.86470425,0.5216919,0.6451126,0.88764775,0.48209915,0.62331367,0.8741255,0.48574793,0.69750965,0.5391712,0.47703737,0.6926483,0.67646354,0.5327173,0.6773935,0.9262139,0.49971744,0.6693087,0.6791329,0.47529384,0.74280274,0.7435234,0.44792297,0.72361046,0.87152314,0.48705882,0.8674224,0.9161999,0.46856984,0.8443064,0.8693352
536,10,0.48811474,0.4882382,0.7026225,0.53029454,0.543224,0.74327546,0.4852536,0.5396082,0.9095739,0.52205837,0.64562184,0.8947202,0.48129806,0.62455916,0.7806853,0.48556226,0.7002348,0.4948788,0.47703838,0.69309074,0.68473655,0.5330797,0.6751249,0.9259318,0.49992374,0.66757,0.672974,0.4757788,0.74367785,0.7421409,0.44758764,0.7238686,0.8865376,0.48728982,0.8651533,0.90118545,0.4691944,0.84281003,0.91486514
537,10,0.48825818,0.48754743,0.7410797,0.5300063,0.5451575,0.7138558,0.48619917,0.5404878,0.877977,0.52148974,0.64673734,0.855692,0.4813368,0.6236613,0.6618752,0.48486844,0.6990558,0.5870053,0.4786259,0.6932948,0.54993755,0.530803,0.6778975,0.8810978,0.49961147,0.6709266,0.75180507,0.4757153,0.74529755,0.70840126,0.44832173,0.7236588,0.8828997,0.48777607,0.86987317,0.93360674,0.46880606,0.84341204,0.89661473
538,10,0.48777848,0.48738375,0.68099594,0.5310524,0.54522246,0.8772868,0.4863423,0.54030395,0.73044896,0.5221621,0.6456372,0.88617027,0.48185426,0.6237793,0.8640305,0.48547953,0.6976645,0.55906534,0.4774849,0.69367987,0.5337059,0.5312814,0.6777712,0.8757569,0.49837118,0.66931975,0.6851072,0.4755178,0.7445776,0.7931849,0.44777048,0.72340214,0.88530284,0.48608127,0.86595863,0.73371655,0.4686536,0.84351575,0.9086835
539,10,0.48863253,0.48631236,0.52354544,0.5310758,0.54630995,0.8293641,0.4870149,0.54115784,0.77963895,0.5212819,0.6464875,0.68805766,0.48167792,0.6234677,0.846639,0.48481664,0.70067376,0.51630574,0.47720766,0.69407666,0.60630494,0.530719,0.67837083,0.8956464,0.49791494,0.6705909,0.7289017,0.4755874,0.7459243,0.78475523,0.4481351,0.7228733,0.8907364,0.48680592,0.8686414,0.8443974,0.4681997,0.84228104,0.91960955
540,10,0.48900148,0.4861661,0.5987499,0.531234,0.545302,0.6507944,0.48708776,0.54098296,0.79227,0.52140087,0.6466112,0.7410307,0.48172998,0.6251424,0.8245891,0.48413563,0.7019657,0.522376,0.47697654,0.6955937,0.60904133,0.5315284,0.67852265,0.8514749,0.49981487,0.6716669,0.70777917,0.47516766,0.7445477,0.7508804,0.44799656,0.7232686,0.86492807,0.48676756,0.8675799,0.81575066,0.46867046,0.8432597,0.89087176
541,10,0.48828143,0.4871269,0.5783314,0.53055704,0.54552,0.767284,0.48737162,0.54098785,0.6978689,0.52207065,0.6450388,0.8531154,0.48217815,0.6239504,0.8144316,0.48375002,0.7013956,0.5831725,0.47669643,0.6956193,0.77691543,0.5308841,0.68022484,0.881367,0.49892718,0.67147005,0.70466727,0.47537887,0.7434154,0.74555933,0.44770482,0.72307086,0.8551282,0.48666394,0.86561203,0.7494012,0.46906516,0.8419138,0.85818493
542,10,0.48889512,0.48584577,0.535451,0.53053546,0.5456975,0.8199738,0.48713452,0.5414895,0.7784212,0.5216948,0.6452291,0.8678586,0.48212656,0.624456,0.8334769,0.48520643,0.69741106,0.5875296,0.47752857,0.69272566,0.72381324,0.53139716,0.6792349,0.8524405,0.4987334,0.6714963,0.6756962,0.47573897,0.74428654,0.7727072,0.44782275,0.7235206,0.83977175,0.4855507,0.8668934,0.73070097,0.4695617,0.8427696,0.912274
543,10,0.48888963,0.48559532,0.45092162,0.5305466,0.546581,0.7684585,0.48746186,0.5417917,0.74267006,0.5217418,0.64564073,0.83000857,0.48206577,0.6235492,0.7915104,0.48399177,0.7000884,0.51910686,0.47767878,0.6924955,0.6668394,0.5303809,0.6810158,0.8508173,0.49860516,0.6722213,0.6533487,0.47596774,0.74537253,0.74740064,0.4483052,0.7232717,0.8003509,0.4869683,0.86694247,0.86706567,0.46857426,0.84259474,0.8523393
544,10,0.48903224,0.48615068,0.62946886,0.5309393,0.5466276,0.8245805,0.48733458,0.5416253,0.8071675,0.52117795,0.64569116,0.6479957,0.4822765,0.6250111,0.83337295,0.4851485,0.6979338,0.654857,0.47721353,0.6935391,0.7507914,0.5316999,0.6779965,0.9186391,0.5000703,0.67090374,0.62693435,0.47579196,0.7439189,0.77010554,0.44822463,0.7233628,0.8683039,0.48551902,0.86803794,0.7504324,0.46944997,0.84336287,0.9144294
545,10,0.48794168,0.48711503,0.63913095,0.5303925,0.5450367,0.81808776,0.4868515,0.5408483,0.649502,0.5220496,0.64488214,0.8727747,0.4824995,0.62401366,0.8572903,0.48391816,0.70126784,0.57648456,0.47706634,0.6939275,0.6708541,0.5317569,0.6794499,0.89871234,0.49944946,0.67155164,0.7510046,0.47558704,0.74436504,0.7679097,0.44758537,0.72256,0.8922903,0.4873209,0.8657251,0.9312866,0.46855718,0.8422916,0.91026664
546,10,0.48830357,0.48655328,0.5365948,0.530721,0.54611003,0.74889135,0.48763546,0.5414035,0.7469306,0.52226824,0.64500046,0.78980255,0.4824802,0.6245918,0.81404376,0.48416206,0.7001302,0.5227678,0.4769835,0.69350505,0.7377064,0.5297621,0.68209183,0.83605653,0.49825877,0.67345965,0.6773028,0.47624806,0.7427457,0.69140655,0.44773284,0.72298086,0.76913434,0.4869671,0.8672028,0.90418184,0.46818817,0.8433735,0.8624042
547,10,0.48879588,0.48647282,0.729188,0.5310332,0.54617447,0.8257345,0.4871006,0.5408462,0.7919248,0.52070916,0.6466754,0.62896585,0.4824014,0.62341475,0.7285598,0.48478165,0.6991237,0.59388745,0.47707617,0.6927043,0.72936827,0.53104454,0.6789004,0.90771943,0.50016797,0.6720649,0.6019682,0.47531727,0.74583524,0.7353341,0.4484683,0.7218851,0.912037,0.48652783,0.8684937,0.84227836,0.4684495,0.8413384,0.81973505
548,10,0.4879913,0.48686868,0.6013569,0.530785,0.54543906,0.821333,0.48758712,0.5409934,0.7406268,0.5220719,0.64481735,0.8751976,0.48239347,0.6236797,0.8443559,0.48543486,0.69733536,0.5447803,0.47752187,0.6923239,0.69289154,0.5312659,0.67998546,0.8719806,0.49822775,0.67143655,0.70302117,0.47600767,0.74370015,0.7751284,0.44739416,0.72284436,0.8584867,0.48592585,0.8667629,0.7831171,0.46797302,0.84333766,0.89762044
549,10,0.48916295,0.48534405,0.57452166,0.53034335,0.5455745,0.8218878,0.48747763,0.54152155,0.8221968,0.5214614,0.6448777,0.8514044,0.4827048,0.6240081,0.80584234,0.48519838,0.69741064,0.5720106,0.47738916,0.6927253,0.7364376,0.5314091,0.6786913,0.82717174,0.49860185,0.6709756,0.65006745,0.4763694,0.7433167,0.74764603,0.44737184,0.72258157,0.784216,0.48564512,0.8668807,0.7515082,0.4684953,0.8443775,0.8887619
550,11,0.48714373,0.4878427,0.8158145,0.5317968,0.5409658,0.811894,0.4862263,0.5391488,0.795079,0.5207605,0.6459476,0.6955696,0.48245606,0.62362796,0.90104747,0.48471445,0.70112115,0.5304782,0.47739533,0.6941895,0.5886145,0.5335125,0.67619133,0.9034479,0.5006214,0.66898936,0.6689188,0.47548822,0.74633,0.7998134,0.44730157,0.72273356,0.8951102,0.48684555,0.86681914,0.8685781,0.46924484,0.84304035,0.9063157
551,11,0.48821443,0.48638234,0.75497335,0.5300781,0.5437964,0.73111355,0.4866796,0.53936476,0.8788089,0.52039343,0.64480233,0.863705,0.4821378,0.62401426,0.72620356,0.48447707,0.69983137,0.58432525,0.47709176,0.693248,0.68575865,0.5320505,0.67915875,0.9005825,0.50033003,0.67296124,0.7606893,0.47617278,0.74558127,0.7379119,0.44815186,0.72307765,0.8932897,0.48676503,0.8695956,0.9082888,0.46806738,0.84381264,0.82459587
552,11,0.48780537,0.48679176,0.72965425,0.53018874,0.54396826,0.74403495,0.48734933,0.54044527,0.7517661,0.5211217,0.64512724,0.8699529,0.48339573,0.624535,0.8476596,0.48552018,0.69783103,0.51404727,0.47796264,0.69260204,0.5059688,0.53129196,0.6799695,0.84483075,0.50010526,0.6720592,0.66993386,0.47546497,0.7427063,0.72504044,0.4481811,0.723436,0.82435983,0.48703754,0.8708859,0.9183634,0.4688382,0.8431457,0.8788526
553,11,0.48788127,0.4863792,0.6319666,0.53029525,0.5444745,0.7645624,0.48764482,0.5409789,0.772859,0.52157295,0.64464825,0.86406463,0.48316896,0.62450933,0.84836614,0.48559844,0.6977054,0.56053734,0.47753176,0.69313264,0.722651,0.53090996,0.680419,0.867669,0.49882603,0.6727267,0.7083017,0.47544128,0.74353206,0.75476146,0.44762707,0.7235522,0.816822,0.4867109,0.8691552,0.9118032,0.46846288,0.8454262,0.82601047
554,11,0.48869842,0.4848201,0.5065764,0.53051543,0.5462149,0.7763546,0.48774242,0.54183835,0.8289656,0.52150667,0.64528674,0.7348106,0.48321876,0.6227783,0.57231617,0.48546788,0.69804436,0.53432703,0.47746277,0.6935194,0.6978676,0.52907443,0.6807192,0.7878775,0.4978655,0.6729439,0.59360623,0.47590476,0.7459504,0.68285125,0.44856519,0.72417927,0.7493314,0.4865217,0.8698811,0.9047761,0.46854532,0.8455682,0.7808532
555,11,0.48824376,0.48624244,0.69125503,0.53080326,0.5444094,0.67100805,0.4876602,0.5411612,0.791775,0.52044946,0.64654875,0.67418903,0.48272178,0.6224927,0.7532496,0.4844494,0.6981624,0.608371,0.47691968,0.692342,0.76091224,0.5300143,0.6790732,0.8372668,0.4986544,0.6732982,0.67696947,0.4746988,0.74537253,0.80934215,0.44824818,0.72191876,0.91541773,0.48664534,0.86927193,0.84713036,0.46972725,0.842676,0.8610295
556,11,0.48861492,0.48503304,0.5743873,0.53022385,0.5456381,0.8229634,0.48755533,0.5411385,0.8058292,0.5212915,0.64575684,0.819997,0.48262855,0.6228449,0.6397759,0.48483816,0.69768065,0.57081777,0.47710618,0.69288105,0.74072254,0.5305879,0.6797884,0.8426283,0.49834043,0.6718412,0.6619304,0.4755954,0.743372,0.7583577,0.44826767,0.7230393,0.83241385,0.48544103,0.8686692,0.75005084,0.46964648,0.8439523,0.9074789
557,11,0.48835748,0.48505378,0.52051187,0.53032744,0.54469275,0.8493331,0.4873872,0.54107904,0.81688035,0.5210921,0.6453035,0.86258006,0.48259875,0.62421197,0.8194501,0.48492563,0.6977527,0.5899982,0.47712794,0.69266266,0.7499833,0.53142786,0.6793243,0.85900676,0.49853548,0.6714069,0.6804487,0.47558624,0.7432117,0.79858375,0.448028,0.72282916,0.86418074,0.48577967,0.86676127,0.7852488,0.46856073,0.8440354,0.86651814
558,11,0.48792398,0.4868575,0.5652534,0.53071463,0.5446257,0.87663823,0.48745304,0.5411479,0.8177875,0.5215109,0.64515525,0.887369,0.48298404,0.62318426,0.84420556,0.48526254,0.6974256,0.5798264,0.47728205,0.69193965,0.72818166,0.5312763,0.68040985,0.8973644,0.498097,0.67195475,0.7270156,0.47536242,0.7446221,0.8168257,0.44720173,0.72268045,0.8535794,0.48601845,0.86934,0.85407263,0.4682191,0.84379256,0.89654475
559,11,0.48838314,0.4849406,0.50446355,0.53037834,0.5452648,0.845158,0.4873148,0.54136014,0.82066816,0.52122694,0.6450257,0.84886044,0.48284838,0.6224797,0.67692065,0.48506823,0.69751734,0.59949327,0.47720745,0.69224954,0.760616,0.53116506,0.67947185,0.86696243,0.49847567,0.67190045,0.68529296,0.47588494,0.74514365,0.8014015,0.448381,0.7222757,0.8534514,0.4853725,0.8684203,0.75241596,0.4692421,0.8446031,0.9159421
560,11,0.48821512,0.48511493,0.47275168,0.5308736,0.54450864,0.89580697,0.48724344,0.5410452,0.8142567,0.521141,0.644832,0.87413985,0.48263377,0.62304157,0.8381196,0.48514327,0.69727117,0.5819384,0.47735718,0.6917834,0.756213,0.5311532,0.6803312,0.8967398,0.49803737,0.6722917,0.71484154,0.47558683,0.74628085,0.81733173,0.44750422,0.72324723,0.85867715,0.4854237,0.867843,0.7218274,0.468267,0.8449324,0.9078351
561,11,0.4883417,0.4849798,0.5527462,0.53060585,0.5447323,0.87598413,0.48719376,0.54067814,0.81511706,0.5210953,0.6450007,0.85408443,0.48247674,0.6241819,0.8224622,0.4849612,0.6978684,0.6000742,0.47692114,0.6926462,0.77011347,0.5311706,0.6790984,0.8620606,0.49839646,0.67149603,0.69099826,0.47562483,0.7464644,0.78832513,0.44821006,0.7226501,0.8664015,0.48558033,0.8682048,0.764428,0.46913436,0.8430292,0.90469825
562,11,0.4884005,0.48489848,0.50273395,0.530845,0.5450982,0.8620052,0.48721582,0.5407442,0.81820023,0.52078164,0.6465405,0.60851836,0.48267496,0.6233875,0.8223122,0.48510304,0.6975738,0.55287546,0.47718054,0.692445,0.7448403,0.5309514,0.67915565,0.87122566,0.4981942,0.6706264,0.681856,0.4757776,0.74588555,0.7916968,0.4478324,0.7230488,0.8662548,0.48604682,0.8664359,0.77469015,0.4685353,0.8451527,0.9118538
563,11,0.48827484,0.48466927,0.455627,0.5302877,0.5462264,0.78740644,0.48739338,0.54104173,0.8127953,0.52126396,0.64607745,0.8584246,0.4827959,0.6234765,0.74657416,0.4844767,0.7019622,0.47109956,0.47677848,0.6946188,0.54379874,0.530881,0.67984086,0.8702867,0.49944115,0.67197615,0.6391259,0.47588632,0.7460621,0.74750346,0.4479727,0.7232147,0.85417163,0.48686212,0.8666284,0.87950766,0.46843037,0.84391785,0.87867635
564,11,0.4878029,0.48626357,0.55105656,0.5298881,0.54451734,0.78245294,0.48734933,0.54065084,0.7379731,0.52151465,0.6449205,0.8589952,0.4824378,0.6233116,0.78445965,0.4851255,0.69777167,0.49470824,0.4772728,0.6925256,0.7165924,0.530456,0.68105364,0.85908216,0.49839345,0.6731116,0.69106174,0.47589627,0.7451823,0.75380695,0.4479491,0.7231243,0.8028825,0.486452,0.8688889,0.8301376,0.46822283,0.8449934,0.8551491
565,11,0.48874894,0.48443773,0.61371213,0.5302046,0.5465766,0.6742741,0.48752218,0.54111814,0.8017936,0.5217897,0.6472482,0.6652088,0.48209065,0.6226758,0.5862453,0.48545712,0.6982722,0.4419094,0.47738725,0.6924567,0.5466263,0.52746844,0.6812362,0.64815474,0.4978477,0.67265844,0.6309781,0.47603464,0.74631244,0.40777034,0.4492932,0.7229582,0.73629016,0.48684108,0.8698649,0.8351167,0.46857548,0.84347147,0.71168125
566,11,0.48759347,0.48610607,0.80005133,0.5308897,0.54247177,0.81761146,0.48658958,0.5390479,0.8064097,0.5209353,0.64641947,0.7831643,0.48195907,0.6207837,0.7996495,0.48430815,0.6976618,0.6427995,0.4775072,0.6912236,0.60207206,0.53077286,0.6801184,0.83133405,0.49827844,0.67262244,0.71094704,0.47539532,0.7452119,0.790033,0.4478828,0.72238547,0.935969,0.48648348,0.8685618,0.87427723,0.4678893,0.84374297,0.83939356
567,11,0.48862472,0.48548844,0.6871208,0.52884173,0.5452181,0.5476755,0.4870269,0.54052293,0.850043,0.5213817,0.6452256,0.74388444,0.48232418,0.6234267,0.6436077,0.48541886,0.6984712,0.4494885,0.4769201,0.69423103,0.64183766,0.5278442,0.6797543,0.6529821,0.49712083,0.6710659,0.5019275,0.47633022,0.7447635,0.55083853,0.44903666,0.7239163,0.7231737,0.48668173,0.87057006,0.8731314,0.4679334,0.8464629,0.6199619
568,11,0.4876378,0.48615474,0.79343206,0.5310084,0.5428512,0.83431655,0.48623723,0.5388046,0.81742543,0.520416,0.6464492,0.8059365,0.48172078,0.6207752,0.8147703,0.48423687,0.7016785,0.6243101,0.47600752,0.69282,0.76423097,0.5314546,0.67940426,0.852424,0.4981299,0.67066276,0.6764937,0.47550726,0.74442357,0.7619797,0.44740477,0.7222368,0.91802484,0.4860298,0.8660707,0.84155446,0.4681673,0.84348416,0.8274954
569,11,0.4883135,0.48605534,0.5973373,0.52906984,0.54476166,0.63866335,0.48681647,0.53991395,0.81678736,0.52071315,0.6453558,0.89083105,0.4821531,0.6236517,0.8163866,0.48512098,0.6984892,0.5572686,0.47690296,0.6936714,0.7431158,0.5310618,0.6801807,0.8756869,0.4982678,0.6713267,0.67739767,0.47603565,0.74526525,0.7340741,0.4480831,0.7232772,0.846731,0.486592,0.86879456,0.9030532,0.46771508,0.8446357,0.8315642
570,11,0.48714942,0.487019,0.69306433,0.53062236,0.5427845,0.9147027,0.48617655,0.53887284,0.80864733,0.52062637,0.64534014,0.90941906,0.48187658,0.62320733,0.86209923,0.4848665,0.69768685,0.59735626,0.4766955,0.6926286,0.7690152,0.5321745,0.67823416,0.91932946,0.49866816,0.669804,0.65587705,0.47614536,0.74475473,0.79689986,0.44796973,0.7232845,0.87161714,0.48553124,0.86826193,0.7940394,0.46856624,0.8421062,0.91589504
571,11,0.48691735,0.4870355,0.7952924,0.53038806,0.54295456,0.8786396,0.4855021,0.5383955,0.8909173,0.520404,0.645786,0.89476234,0.48194274,0.6225268,0.8742102,0.48354113,0.70069,0.5710568,0.47666013,0.6937791,0.53626215,0.5315167,0.6775709,0.8805665,0.49803367,0.669613,0.70090395,0.47613704,0.74723095,0.80917794,0.4471812,0.7229655,0.8848805,0.48579198,0.86694485,0.72634196,0.46752882,0.8435964,0.89106625
572,11,0.48722073,0.48708105,0.69304216,0.5306278,0.5429251,0.51414794,0.4858496,0.53982687,0.8041331,0.5213793,0.6463367,0.89464635,0.48206994,0.62334096,0.85569614,0.48448938,0.700003,0.46762392,0.47697404,0.6930603,0.5841924,0.53063697,0.6779326,0.88274264,0.4975046,0.6696052,0.7044185,0.4763369,0.74529827,0.79957217,0.44712168,0.72288364,0.8697261,0.4858689,0.86817414,0.8395587,0.4680085,0.8443711,0.8815912
573,11,0.4868901,0.48705557,0.69930375,0.53113675,0.54189724,0.8048588,0.4861611,0.5392096,0.83586645,0.52056694,0.64634246,0.6931759,0.4819461,0.6232577,0.84724617,0.48438424,0.7007871,0.5573158,0.47652367,0.6940735,0.6185089,0.5311993,0.6794913,0.9048478,0.49759912,0.6708807,0.7406906,0.47547352,0.74564064,0.7812557,0.4469644,0.72290534,0.88046354,0.48713142,0.86767346,0.8629958,0.46808752,0.8420195,0.89641625
574,11,0.48742053,0.48602057,0.5753329,0.5302261,0.54396814,0.89289033,0.4863035,0.5395262,0.84534955,0.5210564,0.64566654,0.9041691,0.48192647,0.6240408,0.8232243,0.48411232,0.7020337,0.5267367,0.47667497,0.6950992,0.62097263,0.5320509,0.67789376,0.8335192,0.49952057,0.6701502,0.64957833,0.47585335,0.7456691,0.7472026,0.44743013,0.7233446,0.8841261,0.48550645,0.8678099,0.77447104,0.4690198,0.8432407,0.89255
575,11,0.48702976,0.48632768,0.7743938,0.5297523,0.5438386,0.76878446,0.4858571,0.5394904,0.87235963,0.52115417,0.64461726,0.8762097,0.4816408,0.6233536,0.6487592,0.48354444,0.7014159,0.58235705,0.47646108,0.69392776,0.67130923,0.53099036,0.6799479,0.8887158,0.49864927,0.67215055,0.73645926,0.4756574,0.7457908,0.76410973,0.4472486,0.7219131,0.8634466,0.4870884,0.8665374,0.80918473,0.46813852,0.8425368,0.8949052
576,11,0.48654383,0.48742297,0.77166444,0.52986187,0.54254913,0.89353436,0.48549023,0.5389388,0.7930515,0.5207148,0.6452359,0.8998425,0.48186812,0.6240367,0.87196356,0.4848046,0.6979897,0.598211,0.4766191,0.6928325,0.7538805,0.5323996,0.6787977,0.8596858,0.49999037,0.6723701,0.6932567,0.475953,0.7449412,0.7906321,0.44772956,0.7231035,0.8476834,0.4856125,0.86819243,0.81300956,0.4681263,0.8430207,0.9173868
577,11,0.48703608,0.48681137,0.77925974,0.52973276,0.5417703,0.8476554,0.4850878,0.53790975,0.87930954,0.51980704,0.64604014,0.88012445,0.48191053,0.6231754,0.8810121,0.48361623,0.7004219,0.5439396,0.47592905,0.69336027,0.7840006,0.5317992,0.67948574,0.88189065,0.4996762,0.6722755,0.71109015,0.47566482,0.7431761,0.7503384,0.44672844,0.72301286,0.81596416,0.48561352,0.86929697,0.7334545,0.4683275,0.8428546,0.87508094
578,11,0.4870008,0.4868606,0.7598772,0.5293918,0.5409676,0.87576485,0.4845844,0.5375433,0.91243976,0.5202243,0.64557344,0.90731376,0.48215553,0.6231433,0.8935634,0.48487747,0.6975134,0.556186,0.47752798,0.6903564,0.52475345,0.53177905,0.6786093,0.92308193,0.49922472,0.67083657,0.6864033,0.47547773,0.7423352,0.77013606,0.44762045,0.7219549,0.90681154,0.48592564,0.86924475,0.82826436,0.46813637,0.84446037,0.9081451
579,11,0.487153,0.48608026,0.686734,0.52861553,0.5436478,0.58589417,0.48575106,0.54024094,0.73736596,0.5211112,0.6453349,0.86171603,0.48231927,0.6234133,0.83349645,0.4850562,0.6965365,0.46218508,0.4770422,0.69147205,0.6904227,0.5303136,0.6786854,0.8213012,0.49885166,0.6708964,0.624675,0.47605687,0.7436697,0.7200609,0.44790116,0.7230282,0.7953654,0.48564544,0.8689732,0.7487453,0.46749583,0.8447633,0.815048
580,11,0.48666278,0.48589185,0.6487054,0.529055,0.54389197,0.80159104,0.4864761,0.5406104,0.7684028,0.5207426,0.64597577,0.89064,0.48222476,0.6238572,0.8237493,0.48451826,0.7011009,0.4988349,0.47708145,0.69368863,0.5508706,0.5309629,0.6793466,0.88070697,0.4980726,0.6708199,0.69964164,0.4758526,0.7467049,0.76716155,0.44705287,0.722497,0.8457518,0.485858,0.8673024,0.81704843,0.46810368,0.8433544,0.88765454
581,11,0.48637915,0.48598108,0.6755976,0.5291061,0.5434438,0.8287534,0.48616537,0.5406174,0.7519375,0.520541,0.6457034,0.8891853,0.48191822,0.6243526,0.8423618,0.4850118,0.6974191,0.5433575,0.47696087,0.69210374,0.7314722,0.5315074,0.6797285,0.88377875,0.49829403,0.67126137,0.71650904,0.47590843,0.7468997,0.77996016,0.44715673,0.7227477,0.849397,0.48557827,0.86758447,0.81961596,0.4681887,0.84354675,0.8932929
582,11,0.48612326,0.4864794,0.7673134,0.52916926,0.5427499,0.8568183,0.48531187,0.5401265,0.707059,0.5207652,0.64544153,0.89558274,0.48188826,0.6234574,0.8497464,0.48482087,0.69814557,0.53836036,0.47703567,0.69269633,0.7434947,0.5313425,0.68116707,0.9055795,0.49829897,0.67295325,0.7458953,0.47608948,0.7460807,0.7878518,0.44716337,0.72260416,0.84742475,0.48533136,0.8667321,0.72903615,0.46908566,0.844398,0.9169759
583,11,0.4864693,0.4861326,0.6863935,0.52884495,0.54506314,0.6885116,0.48648116,0.54035264,0.76454085,0.52090204,0.64615357,0.83565897,0.48193318,0.6239555,0.76396453,0.48475644,0.69828963,0.54910594,0.47660014,0.6926604,0.69341475,0.52911776,0.68193245,0.8236123,0.49810055,0.6736943,0.66684365,0.4757639,0.7446436,0.75027734,0.448346,0.7215822,0.8628385,0.4862041,0.8698928,0.80637157,0.46851602,0.84427094,0.8876311
584,11,0.48737165,0.4855194,0.636456,0.52904433,0.5448942,0.8097743,0.48618576,0.54080075,0.8388621,0.520695,0.6460518,0.836064,0.48140383,0.6227104,0.6682352,0.48398024,0.6996267,0.54866415,0.47629765,0.6934798,0.7133388,0.5304519,0.67931795,0.7596808,0.49892458,0.67255855,0.6060952,0.47536054,0.7464146,0.74164844,0.4478585,0.72185206,0.8879865,0.48656934,0.8689981,0.8519958,0.46796644,0.8426751,0.8373611
585,11,0.48612496,0.4861951,0.6836899,0.52858996,0.54468644,0.7311917,0.48642504,0.5401495,0.71158713,0.52056915,0.64565104,0.8595991,0.48195305,0.62411034,0.8182158,0.48490506,0.69850653,0.5388098,0.4770251,0.69329417,0.7165229,0.53092474,0.6812647,0.8715124,0.49854457,0.672755,0.67287153,0.47607425,0.7456414,0.74262726,0.4477702,0.7227781,0.801506,0.4854883,0.8694,0.81099784,0.4681712,0.8455285,0.8646642
586,11,0.48638803,0.4859068,0.66193897,0.52853966,0.5454191,0.60758907,0.48655808,0.5406492,0.76809347,0.5207779,0.64578134,0.774194,0.48165402,0.622689,0.696215,0.48483536,0.6986892,0.44686645,0.47683945,0.6933115,0.624168,0.5284783,0.6827412,0.7363266,0.49762833,0.6744413,0.5655065,0.47602373,0.7446819,0.61649984,0.44855016,0.72214675,0.7860131,0.48663095,0.87004685,0.8903287,0.46782416,0.84548306,0.72866213
587,11,0.48744813,0.48552293,0.7211883,0.5289276,0.54553086,0.80015546,0.48628357,0.54068685,0.80928934,0.52083415,0.6470713,0.76174617,0.48147762,0.6221397,0.62960255,0.48453796,0.6999436,0.5824331,0.4767338,0.6925414,0.6266447,0.52914876,0.6818754,0.7741915,0.49826908,0.67412585,0.5236241,0.4744105,0.74718046,0.6239038,0.44751322,0.7229629,0.8567295,0.4865354,0.86831427,0.70390767,0.468013,0.84222186,0.7641913
588,11,0.48683035,0.48495182,0.51339585,0.5287829,0.54458755,0.78715533,0.48595992,0.54097146,0.80684894,0.52055633,0.64590126,0.8038637,0.4813038,0.6221173,0.5861028,0.48420277,0.699728,0.55316067,0.47638744,0.693841,0.70139533,0.52950925,0.6795593,0.7512318,0.49885324,0.6731007,0.55151445,0.47519046,0.7446343,0.7075469,0.44793642,0.7221356,0.8905623,0.48625788,0.86871487,0.8517805,0.46769625,0.8423056,0.8095322
589,11,0.4861149,0.4862104,0.6259765,0.52839273,0.5445368,0.7347616,0.48623845,0.54055524,0.7379414,0.52055746,0.6457826,0.8199252,0.48150384,0.6239322,0.7684715,0.484493,0.69883454,0.49719673,0.47666377,0.69478786,0.694633,0.5307323,0.6801047,0.80366063,0.49961406,0.67306566,0.59109277,0.47616246,0.74510545,0.65856117,0.44807246,0.7230261,0.7766886,0.48539206,0.86760885,0.7723804,0.4680062,0.84537905,0.7902565
590,11,0.48560792,0.48688817,0.80421376,0.528912,0.5413508,0.8548817,0.48423582,0.53832465,0.84600896,0.52029914,0.6455857,0.89358836,0.48091942,0.62220335,0.8752907,0.48464304,0.698204,0.5616285,0.4771222,0.690581,0.4749406,0.53112185,0.678706,0.9270804,0.4981874,0.67151827,0.68021417,0.4762539,0.74500114,0.77909374,0.44731775,0.72247756,0.80426055,0.48664752,0.8692957,0.919509,0.46853897,0.8425291,0.8972906
591,11,0.48626757,0.48621827,0.7143857,0.52808493,0.5444566,0.56707567,0.48552692,0.5399931,0.74655694,0.52072066,0.64618176,0.8697097,0.48126024,0.62433535,0.8173694,0.48361868,0.7027034,0.58774525,0.4764558,0.69597864,0.57400274,0.52978987,0.68060815,0.8558763,0.49813524,0.67197365,0.6552272,0.47555017,0.74611443,0.7025922,0.4478076,0.7238036,0.84574354,0.48544958,0.86713856,0.7710934,0.46881035,0.84301454,0.8590985
592,11,0.48582432,0.4859397,0.66990405,0.52831703,0.5440751,0.7646231,0.48563093,0.5399527,0.77638686,0.52041715,0.6456169,0.87868476,0.48161182,0.62393683,0.79771554,0.4843718,0.69881254,0.58076125,0.47701544,0.69398606,0.59051687,0.53024507,0.67935956,0.8473728,0.49872717,0.6724624,0.6380267,0.47550043,0.7458259,0.7454077,0.44784173,0.72208464,0.88933104,0.4856602,0.86878395,0.7957333,0.4684998,0.8415621,0.77663404
593,11,0.48562616,0.48628375,0.746281,0.52823037,0.54425085,0.72649753,0.48511404,0.5397001,0.69291663,0.5201153,0.6459641,0.8877422,0.48116717,0.62342757,0.8300996,0.4832167,0.70200944,0.57772994,0.4766554,0.69416934,0.5530186,0.5309275,0.6793013,0.84950066,0.4986001,0.6713138,0.64179575,0.47610047,0.74531657,0.7378295,0.44769028,0.72260946,0.80087024,0.4855561,0.86764514,0.7780452,0.4687231,0.8406395,0.7638802
594,11,0.4854509,0.4866401,0.7811073,0.52848935,0.5423947,0.8485486,0.48425528,0.53829163,0.87369466,0.5203756,0.64517367,0.8910763,0.48103765,0.6234149,0.88229525,0.48336682,0.7015438,0.582052,0.47645992,0.69365734,0.5308194,0.53104454,0.6807671,0.90050113,0.4981936,0.67171425,0.71046793,0.47587833,0.7455213,0.77296025,0.4471243,0.7231399,0.86190563,0.48535356,0.86808765,0.7484253,0.46887416,0.8432201,0.9062016
595,11,0.4858567,0.4861505,0.72025114,0.5275438,0.5437572,0.67778534,0.48480505,0.53922874,0.7486914,0.5204924,0.6456596,0.88752353,0.48116836,0.6246522,0.8525757,0.48444667,0.69971967,0.55932873,0.47673544,0.69423807,0.5762752,0.5309932,0.679135,0.90914536,0.4987816,0.67050445,0.64167714,0.4757485,0.7453717,0.7460141,0.44730136,0.72385937,0.84096545,0.48618403,0.8699416,0.8402092,0.46852842,0.84224933,0.78253156
596,11,0.48582527,0.4861048,0.746973,0.52782005,0.5445976,0.6164419,0.48504382,0.5392004,0.8543854,0.5200623,0.6458418,0.84160733,0.48146483,0.6240116,0.81007755,0.483208,0.7021317,0.55043644,0.47618777,0.69569105,0.475837,0.5297414,0.6815319,0.8574702,0.49807695,0.6725972,0.6454178,0.47589117,0.7465107,0.67343223,0.44778195,0.72322667,0.8114803,0.48567295,0.8683898,0.7680313,0.46836507,0.8459,0.8520905
597,11,0.48536858,0.48673022,0.7037326,0.5277726,0.54414296,0.71442604,0.48507467,0.53979397,0.79650134,0.520096,0.64596766,0.87461185,0.48109102,0.6235992,0.79721206,0.48428556,0.69935244,0.5582698,0.4760838,0.69432867,0.7529334,0.5297662,0.6820317,0.86840355,0.49809048,0.67293704,0.6831423,0.47508293,0.7450385,0.74055916,0.44803008,0.7220273,0.9032204,0.4867344,0.86952144,0.8631458,0.46783772,0.8428546,0.8182703
598,11,0.48522612,0.48685846,0.7405149,0.5272501,0.54477286,0.6321292,0.485345,0.5398711,0.77235425,0.5200507,0.6459308,0.8494711,0.48101982,0.6237473,0.7723281,0.48411998,0.69946057,0.50583094,0.47607982,0.6945123,0.69697756,0.5295886,0.68133557,0.8086937,0.49946606,0.67391384,0.6066019,0.47459048,0.7481947,0.63809186,0.44808388,0.72205466,0.8737529,0.4866399,0.8686454,0.8456961,0.46782124,0.8429241,0.79112893
599,11,0.48549524,0.48674068,0.74663717,0.52755886,0.5464299,0.74528265,0.48465583,0.5402712,0.6861657,0.52026767,0.6459244,0.8341386,0.48128766,0.62439257,0.79533476,0.48448962,0.6995531,0.5225609,0.47624844,0.6944233,0.6835204,0.52909327,0.68128675,0.7808057,0.49834734,0.6726658,0.57375,0.4751325,0.7476454,0.64767635,0.44801685,0.72259444,0.86698943,0.48613432,0.8702349,0.8084554,0.46804482,0.8431722,0.7636644
600,12,0.4845282,0.4879346,0.8259843,0.52781004,0.54128116,0.88509893,0.4832084,0.5382985,0.7575773,0.519538,0.6457306,0.9146961,0.48055828,0.6243919,0.87598,0.48389328,0.7007929,0.6049677,0.47684506,0.69386584,0.61444604,0.533259,0.6783912,0.90053016,0.5002311,0.6710085,0.67148554,0.47464636,0.7453679,0.7868574,0.4471579,0.72148395,0.9246721,0.4871111,0.86951274,0.8750528,0.46862632,0.84270936,0.7961567
601,12,0.4852606,0.4872059,0.5392263,0.52672124,0.5451073,0.7300781,0.48469323,0.53801316,0.86760736,0.51937664,0.64769906,0.78029245,0.48113537,0.62419033,0.7627522,0.48328918,0.70263374,0.5389595,0.47568595,0.6952242,0.62588537,0.53139985,0.6793446,0.8426069,0.49997377,0.6721442,0.67502135,0.47567552,0.74504346,0.74453187,0.44676572,0.72321427,0.8487134,0.4863826,0.8709659,0.9362179,0.4684768,0.845832,0.8324526
602,12,0.48536384,0.4871647,0.68872726,0.5271379,0.54360265,0.8836404,0.48380125,0.5381491,0.89039165,0.51889056,0.6460306,0.85201997,0.48122656,0.62457055,0.8539889,0.48308927,0.7013848,0.57331085,0.47561213,0.6947371,0.7965417,0.5312216,0.67892843,0.90337837,0.49942195,0.6715146,0.67907804,0.4756363,0.74334604,0.74601275,0.44719443,0.721609,0.894024,0.48569503,0.86901873,0.81184256,0.46782622,0.84320104,0.90573394
603,12,0.485429,0.48709807,0.71078086,0.52718294,0.544978,0.8302546,0.48388374,0.5386168,0.89108545,0.5191244,0.6458718,0.8624864,0.4802332,0.6234817,0.68311137,0.48312396,0.7017463,0.55950946,0.4764124,0.69420063,0.6787132,0.5306097,0.679065,0.8958118,0.49885327,0.670893,0.6685655,0.47559768,0.7454644,0.75995755,0.44689214,0.7234141,0.8326834,0.48545817,0.86933404,0.76194876,0.46831086,0.8425789,0.9048967
604,12,0.485775,0.48632145,0.7385322,0.52672046,0.54522884,0.6822243,0.48447716,0.5397053,0.8655293,0.5197101,0.6456807,0.8335461,0.48115793,0.6241536,0.83286005,0.4834915,0.7025949,0.56526905,0.47639123,0.69570434,0.51895833,0.52977896,0.68110824,0.8501384,0.49865258,0.67214185,0.6301911,0.4755024,0.7446621,0.6689283,0.4479522,0.7223073,0.83794147,0.48616976,0.8680075,0.9012484,0.46770686,0.8440471,0.77246743
605,12,0.48520193,0.48647335,0.75105554,0.52662957,0.54582316,0.42031613,0.48467195,0.540571,0.6642023,0.52034116,0.64627916,0.79422486,0.48113778,0.62382877,0.72653085,0.48473626,0.70122194,0.48868293,0.4763661,0.6947832,0.6311878,0.5284688,0.6790794,0.70042706,0.49855512,0.6714599,0.6615234,0.4757925,0.74840873,0.47801992,0.4483343,0.7230889,0.781532,0.48631388,0.8697315,0.8883923,0.4679984,0.8458907,0.5903856
606,12,0.4843111,0.48659143,0.75885886,0.5270781,0.54537016,0.6729728,0.4847926,0.5399335,0.68138385,0.5193315,0.6461686,0.8714597,0.4805965,0.62430775,0.776748,0.4829816,0.70417535,0.6054607,0.4754383,0.6971119,0.5653861,0.53057295,0.6785633,0.8258687,0.49915397,0.67107314,0.6379207,0.47557157,0.7484441,0.6926638,0.44747907,0.72362345,0.8732859,0.48652923,0.86516786,0.8202898,0.46834245,0.8441084,0.7997525
607,12,0.4845925,0.4865562,0.7341124,0.5272018,0.54568166,0.841554,0.4837767,0.53910047,0.8478172,0.5192192,0.6455717,0.8577171,0.48012874,0.62347275,0.6003142,0.4829057,0.70265436,0.6070636,0.47536647,0.6950732,0.699478,0.5307144,0.6806719,0.89800394,0.49846697,0.6718548,0.7153173,0.47561046,0.7472277,0.74759066,0.44700202,0.7233989,0.8496624,0.4853772,0.86583436,0.74546784,0.46852732,0.8439802,0.866275
608,12,0.48484102,0.48726028,0.73758864,0.5268711,0.5449904,0.85183775,0.4833335,0.5386662,0.8740313,0.51964575,0.64585507,0.8788648,0.48052552,0.6242217,0.84753174,0.4842583,0.6991035,0.55210286,0.47665608,0.6932189,0.53790826,0.5304542,0.6778043,0.91576463,0.49859554,0.67016625,0.6253547,0.47549075,0.74449974,0.72215307,0.44771746,0.72211075,0.89274484,0.48647726,0.8681155,0.82267016,0.46851566,0.8414892,0.7655925
609,12,0.484225,0.4873164,0.6832571,0.526385,0.5440452,0.538191,0.482985,0.53857684,0.87207913,0.5195754,0.64636487,0.8889179,0.47943178,0.62355244,0.69562596,0.48339397,0.701224,0.59186834,0.47631013,0.6942087,0.5367286,0.53116393,0.6785847,0.8884107,0.49874523,0.6694567,0.64936215,0.4756194,0.7462373,0.73258185,0.4474186,0.72286165,0.8588463,0.48584506,0.8668701,0.7941899,0.4683444,0.84325516,0.8731836
610,12,0.4835618,0.48789588,0.4932186,0.52622354,0.5443104,0.8983196,0.48276296,0.5382669,0.8782052,0.52001727,0.64575905,0.9055162,0.47940964,0.62306696,0.7157245,0.48307884,0.7010595,0.5865603,0.4756447,0.69336164,0.6817119,0.53162307,0.677895,0.90103734,0.49920973,0.66992134,0.67813003,0.4758229,0.7457331,0.7819676,0.44737607,0.72203815,0.86317766,0.48630577,0.8669306,0.8244448,0.4684254,0.8430126,0.8730015
611,12,0.4838534,0.48763078,0.4711265,0.5260781,0.54294455,0.90070415,0.48266992,0.5382571,0.8540294,0.5197769,0.6457656,0.8892506,0.47912106,0.6229563,0.7214204,0.48314875,0.70137554,0.5906608,0.4757825,0.6941977,0.6998184,0.53168637,0.677409,0.90577734,0.49911898,0.66940796,0.666829,0.47549912,0.74514836,0.7651011,0.44701183,0.7226168,0.8670558,0.48584157,0.8670474,0.7845123,0.4691457,0.8435786,0.9153758
612,12,0.48267522,0.489309,0.6802996,0.5258451,0.54244983,0.92136055,0.48173305,0.53773135,0.80779856,0.5199579,0.64633244,0.8990755,0.47904906,0.6223686,0.7064917,0.4829364,0.7008988,0.5646552,0.47580987,0.6935649,0.7052355,0.5320233,0.6758597,0.90995944,0.49935335,0.6685695,0.6604585,0.47590035,0.74685407,0.7984293,0.44722039,0.7227516,0.90724236,0.48668432,0.8654568,0.82612586,0.46926117,0.8415932,0.90225536
613,12,0.4819898,0.4896777,0.80225194,0.5256298,0.5427174,0.82657254,0.48072895,0.5378069,0.9275781,0.51992124,0.6462635,0.8913748,0.47942448,0.62238526,0.7208412,0.48297206,0.70111483,0.59430516,0.4753374,0.6948183,0.7266126,0.53163534,0.67463845,0.9231283,0.49907303,0.66815233,0.71613973,0.47535473,0.74463826,0.7770205,0.44681776,0.7233653,0.92705023,0.48682442,0.8656712,0.8079853,0.4686795,0.8425444,0.9164811
614,12,0.48165214,0.48981458,0.7452292,0.52506083,0.54375064,0.81771535,0.4803801,0.5391585,0.9314557,0.52018076,0.64807606,0.8603345,0.47933337,0.622923,0.8292427,0.48302868,0.70118123,0.5973911,0.47546858,0.69528615,0.74444705,0.5310226,0.6761234,0.885998,0.49829563,0.6688826,0.73717153,0.47565666,0.7464502,0.7675782,0.44687417,0.72354656,0.92020416,0.48615876,0.86811197,0.7795491,0.46893644,0.8417922,0.9067023
615,12,0.48080814,0.49007,0.66548693,0.5247532,0.5431463,0.9145569,0.47953865,0.5404368,0.9257454,0.52145344,0.64689225,0.9006711,0.47879374,0.6225655,0.7843192,0.48406854,0.7000408,0.46524388,0.47631392,0.6940717,0.5918146,0.5319484,0.6763573,0.8937478,0.4988127,0.66917497,0.7153251,0.47567844,0.745467,0.7719472,0.4471894,0.7228159,0.91388756,0.48685217,0.8679397,0.8376053,0.46856013,0.84275025,0.9171719
616,12,0.4799329,0.49046952,0.5811711,0.5249512,0.5438569,0.89072686,0.47886264,0.54054207,0.8448161,0.5204776,0.6472244,0.8955395,0.47854048,0.6233028,0.77518517,0.48375666,0.7014505,0.5987818,0.47570106,0.695861,0.71334237,0.53062683,0.67551154,0.9082521,0.4983416,0.6685277,0.6841082,0.47609088,0.7439984,0.69163567,0.44732222,0.7234308,0.920019,0.48655933,0.8682877,0.77678657,0.46859053,0.84159786,0.9199067
617,12,0.47888318,0.49116358,0.7181271,0.52419573,0.54416764,0.91976315,0.47710317,0.5406739,0.812191,0.5211893,0.6485879,0.8989832,0.4780904,0.6224639,0.80144924,0.48327038,0.7008063,0.56346273,0.4758143,0.6946945,0.7314688,0.5311075,0.6754469,0.9111233,0.49751613,0.66752017,0.6900264,0.4761303,0.74527025,0.67763567,0.4468689,0.7237565,0.918408,0.48678985,0.86875117,0.8762361,0.4692526,0.84332615,0.9349287
618,12,0.47826415,0.4906098,0.7364116,0.523237,0.5456412,0.80388445,0.47759017,0.5419941,0.8120653,0.5212425,0.6491743,0.8735,0.47824338,0.6220064,0.7529143,0.48337033,0.70017844,0.57809883,0.47546434,0.6943869,0.73184377,0.53020686,0.6776687,0.9072075,0.49730307,0.6704384,0.7552536,0.47509748,0.74563766,0.6677865,0.4471426,0.7232727,0.9143694,0.4863942,0.8694451,0.8436549,0.46810532,0.84315115,0.92865705
619,12,0.4768091,0.49086145,0.83517504,0.5230195,0.5443912,0.90852934,0.47480437,0.5413672,0.91937673,0.51971114,0.64765733,0.7473708,0.47803906,0.6242439,0.90792644,0.4835923,0.70027536,0.4846444,0.4755887,0.694333,0.5815208,0.5312699,0.67418325,0.9082172,0.498088,0.6677377,0.63791496,0.47538507,0.74468666,0.79910225,0.44711012,0.72280747,0.90823156,0.48735982,0.8679152,0.856247,0.4694421,0.8441365,0.909954
620,12,0.47592247,0.49155173,0.61329824,0.5224146,0.5462526,0.73771703,0.47595116,0.5414547,0.8937344,0.52063555,0.6475149,0.8872894,0.4771512,0.6240144,0.78780603,0.48322135,0.70040566,0.60688615,0.47561675,0.6969161,0.6898256,0.5298809,0.6775311,0.91843605,0.49733403,0.67112917,0.77686864,0.47470286,0.7442679,0.68287337,0.44685808,0.7240155,0.90310633,0.48700455,0.86695164,0.8256825,0.46817413,0.8407375,0.9146306
621,12,0.4742836,0.49251556,0.6840032,0.52226365,0.5450594,0.8776579,0.47366574,0.54086465,0.91227967,0.51951903,0.6475655,0.6957279,0.47609875,0.62382996,0.80037624,0.48389575,0.697804,0.52755046,0.47498894,0.69444877,0.72752833,0.5307247,0.6743657,0.9211435,0.49796087,0.66815275,0.6534173,0.474838,0.744751,0.7891186,0.44653356,0.7230157,0.9033367,0.48712623,0.8654331,0.8766265,0.4683735,0.8420548,0.87418103
622,12,0.47316197,0.4929085,0.6521331,0.5201052,0.54757136,0.8269041,0.47396192,0.5415145,0.81661165,0.5203721,0.65000665,0.7853564,0.47510338,0.6254893,0.71309006,0.4829542,0.70133895,0.63892746,0.4745244,0.6994529,0.6356816,0.5283058,0.67738724,0.899008,0.49645704,0.6715055,0.75304586,0.47438848,0.745096,0.6371617,0.44690868,0.72429085,0.9090362,0.4868434,0.8676081,0.8164076,0.4680468,0.8409016,0.882456
623,12,0.47231013,0.49278304,0.46349165,0.5188412,0.54847497,0.8095985,0.4723527,0.54217815,0.8925653,0.5192273,0.6480735,0.8971505,0.47460583,0.6238936,0.7280267,0.48327237,0.69817394,0.54045725,0.47579777,0.6945887,0.67690516,0.5273037,0.6753392,0.90202093,0.4955691,0.6686641,0.62539035,0.47436604,0.7437048,0.741034,0.44706985,0.7235502,0.88954717,0.48716646,0.8669115,0.88784844,0.46840736,0.84138507,0.8424435
624,12,0.47101438,0.49410543,0.6854453,0.5171202,0.5499176,0.793431,0.47087696,0.54319894,0.76424754,0.5184995,0.6501083,0.804572,0.4726957,0.6212578,0.55448025,0.48235387,0.7015608,0.6554572,0.47376955,0.69562453,0.6167751,0.5271975,0.67450917,0.80340415,0.4952183,0.66853845,0.601489,0.47443515,0.74440724,0.6819187,0.44671956,0.72478396,0.8408137,0.48714104,0.86476696,0.8049693,0.4685022,0.8377075,0.81635696
625,12,0.46882904,0.49438873,0.6718435,0.51724714,0.5506201,0.85027915,0.46802762,0.5438794,0.88965803,0.5175055,0.650542,0.814407,0.47147942,0.6212791,0.5233367,0.48161793,0.7006284,0.70326966,0.47373328,0.6951628,0.63774735,0.5279059,0.67503536,0.8525394,0.4957982,0.6702369,0.7258024,0.47417513,0.7464322,0.7105799,0.4460202,0.7246911,0.9185188,0.48730183,0.8662575,0.87213373,0.46919963,0.838751,0.85084456
626,12,0.4669332,0.4943565,0.7940576,0.51549643,0.54838645,0.8072066,0.46553305,0.5434484,0.9192568,0.5154074,0.64896584,0.8196833,0.46960002,0.62255216,0.664022,0.48096502,0.700657,0.666491,0.47291782,0.6957869,0.5594441,0.52779424,0.6722842,0.9314333,0.4940936,0.6666832,0.60066724,0.47373053,0.7435926,0.7235604,0.44524485,0.72455525,0.8625451,0.48739883,0.8667025,0.9101683,0.4685755,0.8391976,0.76606816
627,12,0.4652017,0.4947018,0.69751227,0.5134256,0.54840434,0.73263735,0.46433383,0.545184,0.9177572,0.51310235,0.6498465,0.83728856,0.46836287,0.62497437,0.6582093,0.47946027,0.700511,0.67695034,0.47054988,0.7001407,0.4479996,0.52882576,0.6741898,0.90029657,0.49603042,0.66951495,0.7456361,0.4739017,0.7479083,0.77042025,0.44570827,0.7229332,0.914564,0.48752764,0.86824214,0.90536135,0.46834436,0.8427729,0.77187175
628,12,0.46333873,0.49518284,0.7326524,0.5113124,0.5500145,0.6943964,0.46292198,0.5448422,0.71059424,0.5107617,0.6509981,0.7128811,0.46754524,0.62325096,0.7189383,0.4768829,0.7003171,0.60460037,0.46878242,0.6963872,0.5207014,0.5272638,0.67600477,0.8718633,0.49376377,0.6715606,0.67213345,0.47376394,0.7452486,0.66296417,0.44608572,0.7223396,0.83905905,0.48737785,0.86654395,0.7825356,0.4690065,0.840361,0.87173855
629,12,0.4611422,0.49386778,0.74547344,0.5089109,0.55134064,0.80634695,0.46259558,0.5437274,0.7843171,0.5095956,0.6479317,0.81063724,0.4673375,0.62520117,0.8215513,0.4761399,0.7001715,0.61767143,0.46797848,0.69643486,0.5313021,0.5251289,0.673013,0.88570255,0.49392408,0.6689207,0.7256066,0.47306305,0.7454444,0.6741319,0.44567463,0.72455806,0.81097627,0.48672828,0.864853,0.8685587,0.46837562,0.8420477,0.68039995
630,12,0.45903084,0.49409807,0.5907837,0.50743216,0.55038947,0.78605115,0.4595118,0.542602,0.80697143,0.5081436,0.6489823,0.7762942,0.46472415,0.62319213,0.76977944,0.47400463,0.70255005,0.509006,0.4661104,0.6993899,0.5393168,0.5258993,0.67234725,0.8845027,0.4936217,0.6677264,0.73746485,0.47320512,0.74695957,0.77098465,0.4457402,0.72508234,0.846474,0.486517,0.8686068,0.91572684,0.4695225,0.840408,0.8195448
631,12,0.45704797,0.49367648,0.72943515,0.5046291,0.5470635,0.63616765,0.45678398,0.5429458,0.74990773,0.50627893,0.6498741,0.7703626,0.46259606,0.62251747,0.6928372,0.47121295,0.7045738,0.5689991,0.462556,0.7002697,0.4589118,0.52467006,0.6690024,0.7697429,0.49083456,0.6659475,0.7075825,0.4722307,0.7480001,0.6932299,0.44493496,0.724467,0.8343389,0.4862693,0.8690119,0.9108837,0.4684947,0.8398024,0.8283477
632,12,0.455485,0.49233013,0.6711715,0.50267684,0.5458626,0.6062283,0.45591643,0.54292065,0.8454321,0.50360596,0.6463676,0.8784661,0.4611837,0.62284225,0.81713194,0.469189,0.7028014,0.7053578,0.46027735,0.69836223,0.577305,0.523936,0.6686398,0.9176748,0.4902391,0.6658505,0.6243701,0.47110596,0.74874717,0.85232997,0.44412267,0.7233257,0.7476368,0.4856881,0.86925715,0.86337507,0.46842182,0.8413424,0.829214
633,12,0.4524608,0.49220294,0.59539604,0.50156343,0.54170567,0.7788978,0.45237502,0.53791535,0.9081163,0.50164646,0.64520174,0.88332003,0.45924374,0.6240903,0.90069616,0.4669957,0.7036309,0.62399477,0.4577611,0.6999421,0.6132386,0.52541816,0.6628295,0.87346953,0.49096808,0.6623388,0.8078059,0.4696119,0.75095314,0.87914604,0.44256833,0.72486824,0.7975912,0.48595962,0.8679184,0.8968935,0.4694257,0.84068817,0.7205054
634,12,0.45118734,0.49099404,0.8038053,0.50037163,0.539988,0.8660824,0.45124975,0.53761834,0.8429333,0.4993873,0.6459792,0.57030886,0.45713237,0.6208266,0.8704392,0.4663094,0.7040377,0.63190335,0.45725802,0.69651645,0.6943087,0.52454674,0.66299045,0.9337892,0.48950893,0.66187584,0.6925285,0.46716067,0.75139207,0.8366678,0.44254336,0.72793317,0.79826146,0.48550656,0.86810213,0.81136674,0.46968517,0.8400218,0.85945684
635,12,0.44933623,0.48905098,0.8483396,0.4988298,0.5380269,0.8268858,0.449602,0.53606486,0.92504036,0.49650034,0.6437678,0.773188,0.45550317,0.6186874,0.7942554,0.46462727,0.7042623,0.6816314,0.45598134,0.69613695,0.6841848,0.5236861,0.65884346,0.9219146,0.48835808,0.6592818,0.6558547,0.4678564,0.7518192,0.8107037,0.44270352,0.7320951,0.806138,0.48547497,0.86915946,0.8650245,0.46786278,0.8393042,0.83148855
636,12,0.44778794,0.48532692,0.72746944,0.49673527,0.5343771,0.82138294,0.44838372,0.5322329,0.87573594,0.49500945,0.64100313,0.7128152,0.4535359,0.61779165,0.8583633,0.46280155,0.70339537,0.7207243,0.45325887,0.6966468,0.5461488,0.5230928,0.6581117,0.9374605,0.48739922,0.6580742,0.7273537,0.46643224,0.7523321,0.60724413,0.44203615,0.73372996,0.7660484,0.48441374,0.86669004,0.7840597,0.4684532,0.8389429,0.84918857
637,12,0.44623616,0.48276109,0.8310648,0.49612027,0.53029037,0.8287789,0.44754168,0.52909774,0.7596364,0.4934868,0.6376686,0.7850511,0.45215896,0.614006,0.6828943,0.46116918,0.7020043,0.6987733,0.45109102,0.6947709,0.7150609,0.52159166,0.65383494,0.90778375,0.48555988,0.65595907,0.67995036,0.46600488,0.7515417,0.88457155,0.44328398,0.7430352,0.7036231,0.48549742,0.86932904,0.75860286,0.4676365,0.8409909,0.87062293
638,12,0.44488865,0.47750703,0.52571994,0.49439612,0.52727705,0.80993366,0.44558486,0.52919054,0.74096596,0.49179184,0.6348114,0.73521596,0.45066088,0.6127014,0.87442935,0.4602681,0.6992592,0.677592,0.450177,0.69226146,0.53985316,0.5209739,0.6506418,0.90891427,0.48462537,0.6534724,0.71717304,0.4646932,0.75036585,0.8517273,0.4429115,0.74113464,0.6101319,0.486106,0.8684436,0.93388855,0.46662074,0.84172434,0.82015455
639,12,0.44366902,0.47289085,0.5586829,0.49361306,0.5232312,0.8148935,0.44459888,0.52538383,0.76662755,0.49072534,0.6305479,0.73654354,0.4495618,0.61092335,0.89668155,0.45976847,0.6969891,0.7353946,0.44695333,0.68919075,0.65866524,0.520017,0.6488182,0.91109306,0.4837034,0.65210426,0.75060356,0.46311012,0.7482213,0.834106,0.4416649,0.7407152,0.6204594,0.48619685,0.86967266,0.91959524,0.46516183,0.8413447,0.85013664
640,12,0.44272202,0.4677753,0.73466563,0.49225932,0.5188895,0.78778875,0.44355026,0.5185938,0.76022893,0.48970154,0.62578666,0.69094884,0.44836414,0.60449934,0.8470111,0.4587335,0.6956782,0.7859774,0.44536772,0.68690115,0.5971308,0.51974374,0.64543366,0.8789619,0.48348874,0.64841676,0.65385693,0.46320572,0.7477483,0.8682306,0.44269833,0.739643,0.732451,0.48673522,0.86917096,0.9201771,0.46454373,0.8446288,0.7657322
641,12,0.44217688,0.46179283,0.7460058,0.4914222,0.5120828,0.7123267,0.44237658,0.5151872,0.7942304,0.48917177,0.6193889,0.6082354,0.4472718,0.59861,0.760502,0.45871103,0.6918091,0.7915881,0.44346175,0.6820428,0.69427484,0.51796913,0.6429113,0.8820485,0.4821118,0.6450223,0.66605705,0.46230957,0.7454887,0.8853559,0.44229183,0.7380428,0.7787325,0.4867125,0.87046665,0.9249703,0.46475723,0.8438487,0.713029
642,12,0.44091836,0.45459262,0.80947083,0.49037525,0.50645393,0.72711706,0.44195944,0.5118302,0.8851305,0.4884288,0.6144003,0.82260966,0.44675496,0.5958392,0.751409,0.45844844,0.6880587,0.7799176,0.44380033,0.6778984,0.5884009,0.5159418,0.638071,0.8875403,0.48079118,0.640358,0.81476176,0.46224213,0.7449993,0.7097062,0.4409088,0.7292582,0.6762491,0.488222,0.8660311,0.8047086,0.46541005,0.84504163,0.6407524
643,12,0.44047612,0.44806823,0.7913788,0.48963732,0.50068504,0.8451128,0.44171962,0.5070164,0.90682876,0.48881498,0.608739,0.8680053,0.44515255,0.58970326,0.7368668,0.45898333,0.6848886,0.655279,0.44242707,0.672391,0.551438,0.51428545,0.63366014,0.92910606,0.48068506,0.6346623,0.80757254,0.46125782,0.74343693,0.83502424,0.4426845,0.7331023,0.67070824,0.48674545,0.8685063,0.82317704,0.464796,0.84504044,0.73266995
644,12,0.43886414,0.44080663,0.56928277,0.48911554,0.49331683,0.8163935,0.44165224,0.49975225,0.738114,0.48855788,0.6018407,0.7767869,0.4444081,0.5826962,0.7483819,0.4602162,0.67869973,0.68556774,0.43984038,0.6652185,0.5871758,0.51312417,0.6277477,0.901727,0.47949764,0.62789035,0.82915735,0.46106282,0.7428122,0.8841434,0.4409948,0.7327378,0.7707986,0.48636132,0.86638004,0.9285356,0.46621075,0.83990455,0.71278733
645,12,0.4378726,0.4336198,0.8057956,0.48874614,0.48619667,0.64058,0.4404491,0.49189436,0.9202289,0.48806253,0.5960184,0.81005263,0.44525114,0.5758952,0.65921354,0.46067083,0.67142737,0.73303634,0.44042027,0.6559681,0.7705714,0.5125853,0.6246635,0.8896122,0.4778144,0.6227529,0.8321979,0.46115503,0.74228394,0.70883864,0.43988374,0.7316932,0.8113101,0.4868103,0.8663368,0.9232138,0.46529362,0.8400499,0.6898878
646,12,0.43793157,0.42721513,0.82243717,0.48821738,0.4792565,0.66546625,0.43945616,0.48769525,0.63818747,0.4881623,0.5889615,0.83384234,0.44479224,0.57071364,0.72981095,0.46182936,0.6665793,0.5306157,0.4399401,0.65151757,0.7972885,0.5117658,0.619469,0.88519293,0.47745126,0.6174898,0.8124904,0.46132475,0.7406115,0.8713254,0.44076088,0.7316535,0.8843826,0.4860473,0.8658229,0.8937738,0.4647969,0.8414661,0.7086009
647,12,0.4378712,0.41828957,0.71762425,0.4875776,0.4716489,0.6608643,0.43952897,0.48049188,0.7758583,0.48878372,0.5817856,0.80051965,0.44563502,0.56687814,0.9411844,0.46206245,0.6614035,0.65727365,0.4397215,0.64666504,0.842478,0.51036465,0.6130897,0.9026827,0.47612566,0.6112648,0.79060847,0.46370193,0.73699814,0.9070801,0.44069478,0.73248833,0.747188,0.48644474,0.8650164,0.8876781,0.4653473,0.83881706,0.73446363
648,12,0.4374673,0.4131231,0.7612555,0.48703328,0.46494552,0.7964909,0.4410134,0.4767086,0.925802,0.4889774,0.5750146,0.6815147,0.44555375,0.5602903,0.8405279,0.4646535,0.6610152,0.7058609,0.43798077,0.64422506,0.61196774,0.51073337,0.60478514,0.8774325,0.47665232,0.6047327,0.78124815,0.46190807,0.7388504,0.8347423,0.4414867,0.73091644,0.8581923,0.4874719,0.8647643,0.9196103,0.46669558,0.84088093,0.6456167
649,12,0.43749574,0.40578005,0.80664337,0.486459,0.45737493,0.63408613,0.440531,0.46653318,0.7994443,0.4906793,0.56619895,0.62026757,0.44534844,0.55419254,0.86601126,0.467802,0.6554305,0.7123797,0.4396215,0.6362321,0.8326213,0.5098083,0.6029125,0.89514166,0.47575617,0.6045385,0.7201753,0.4638125,0.7388038,0.8093939,0.44142634,0.730769,0.55271524,0.4871228,0.86266863,0.9003199,0.46693352,0.83858633,0.71417034
650,13,0.43761733,0.39784878,0.42614424,0.4867567,0.44938564,0.71926993,0.4421636,0.46198952,0.82665205,0.49014965,0.557986,0.76711464,0.44588068,0.5493172,0.8931804,0.47222888,0.64843696,0.73834467,0.43937984,0.6304012,0.7938145,0.5051115,0.5992506,0.8392976,0.46933562,0.59788185,0.77986336,0.4631189,0.7390157,0.81165975,0.44312814,0.73188,0.7312143,0.4857338,0.86396587,0.745656,0.46741346,0.84206575,0.82035524
651,13,0.4376752,0.38987112,0.6620348,0.4874443,0.44318968,0.8262183,0.4405668,0.45226875,0.86465085,0.49196997,0.5495407,0.71075505,0.44466335,0.54140013,0.8984325,0.47414052,0.6410065,0.6382002,0.4391219,0.62319416,0.87344664,0.5038939,0.59353244,0.888755,0.46623147,0.5941751,0.62735164,0.46550146,0.73747694,0.8592419,0.44394106,0.73103094,0.83553976,0.48642623,0.8618657,0.87594074,0.4659584,0.8430758,0.6790882
652,13,0.4378824,0.38351625,0.7357664,0.4882794,0.43749055,0.89840794,0.44138825,0.44975364,0.89758885,0.49328566,0.54308504,0.80486774,0.44355828,0.5381886,0.9118245,0.47625238,0.6367345,0.5738663,0.4376442,0.6146186,0.671415,0.4995589,0.5977528,0.87734824,0.4625172,0.60157555,0.63106847,0.46622512,0.7388887,0.78650016,0.44543394,0.73273206,0.6603725,0.4867212,0.86152774,0.7215101,0.4656523,0.8443937,0.7641671
653,13,0.43902174,0.3768342,0.7901509,0.48822907,0.43234542,0.85851526,0.44230175,0.44331977,0.8790169,0.49406326,0.5369159,0.7864691,0.44400933,0.5306636,0.87157184,0.48112786,0.6322347,0.7339144,0.43773758,0.60644525,0.7624059,0.4949344,0.59796333,0.7925475,0.46171552,0.59879035,0.7336582,0.46846405,0.73912686,0.7541902,0.44583127,0.7312758,0.82213736,0.48593146,0.8624472,0.6912131,0.46502915,0.83961046,0.9002224
654,13,0.43937722,0.36905348,0.46251744,0.4880926,0.42476252,0.5700939,0.44185778,0.43868634,0.7894511,0.49606565,0.5308699,0.8329021,0.4442458,0.5271039,0.8707912,0.4855666,0.6252289,0.7603439,0.43899244,0.6008497,0.6171154,0.48718402,0.59830624,0.8284769,0.4588563,0.60074973,0.8265239,0.46924955,0.7362644,0.77759874,0.44725662,0.7275187,0.82354206,0.4859389,0.86443186,0.8106931,0.46602443,0.84367776,0.7943746
655,13,0.44058707,0.36429566,0.79693526,0.48919758,0.421541,0.7082172,0.44296277,0.4327517,0.76236993,0.49623618,0.5243755,0.8560311,0.44476572,0.52185637,0.8604226,0.48735204,0.6193595,0.5914915,0.4388436,0.5979969,0.7354661,0.4852156,0.6018838,0.7950654,0.45783997,0.60314274,0.83125,0.46911335,0.73262966,0.75350153,0.45016193,0.723769,0.60877734,0.4857106,0.8626104,0.7717762,0.4680091,0.83909255,0.86290866
656,13,0.4410983,0.36061183,0.61562216,0.4895019,0.41686866,0.74033904,0.44241586,0.42975542,0.89997977,0.49844423,0.5196123,0.70782495,0.4460902,0.5201936,0.85173273,0.4898298,0.61191946,0.66506976,0.4383316,0.5932346,0.7169747,0.48447362,0.6047506,0.7964816,0.45719174,0.60454816,0.8196661,0.47334182,0.73346466,0.80749553,0.45252553,0.72431904,0.7928862,0.485716,0.86467975,0.8728163,0.4676167,0.844352,0.7998087
657,13,0.44200152,0.35587907,0.75363916,0.48994562,0.41244346,0.77605087,0.44295388,0.42568812,0.6303155,0.50082695,0.51640344,0.66994065,0.44558424,0.5173375,0.8396962,0.4896473,0.60931975,0.80648226,0.43982103,0.5920015,0.7635771,0.48408794,0.6072031,0.7848039,0.4560552,0.60620356,0.8123843,0.47573334,0.7313152,0.51275635,0.45387167,0.72593284,0.85850495,0.48679364,0.8609082,0.8946362,0.4688078,0.84499353,0.60380995
658,13,0.44223532,0.35156277,0.5969425,0.49007148,0.40958875,0.81569713,0.44223595,0.42138162,0.6664653,0.5026474,0.50943375,0.8230021,0.44468206,0.5135898,0.6945145,0.49228007,0.6041797,0.79132617,0.4401184,0.5883011,0.8430689,0.48279926,0.60863346,0.7527149,0.4552108,0.6080174,0.80763,0.47697443,0.73522836,0.7084702,0.45390517,0.7309613,0.5977471,0.48658332,0.8644364,0.9079632,0.46980447,0.84611297,0.6382251
659,13,0.44277143,0.34797487,0.46550086,0.49033338,0.40569392,0.80867815,0.44349653,0.42116955,0.7794927,0.50320375,0.5067827,0.83110535,0.44486174,0.51160157,0.6928402,0.4922653,0.6023296,0.6417529,0.43901607,0.5868755,0.81715333,0.4820048,0.6074125,0.74031943,0.45422,0.606536,0.65838474,0.47764173,0.73372626,0.77976525,0.45532292,0.72967815,0.77251667,0.48599404,0.8590339,0.7092378,0.4660947,0.8454978,0.81021136
660,13,0.4429955,0.34690666,0.70496106,0.48964277,0.40402457,0.83517766,0.44386214,0.41785762,0.83301264,0.504568,0.5051455,0.85149276,0.4441508,0.51012707,0.72719973,0.4968757,0.5998435,0.7868866,0.43855172,0.5850622,0.7855525,0.48010382,0.60654265,0.7426163,0.45359707,0.606904,0.70093954,0.47970378,0.73243314,0.8030463,0.4573435,0.7273036,0.78168863,0.48686603,0.85781246,0.77626973,0.46569902,0.8451775,0.6047945
661,13,0.44371396,0.34746242,0.7894,0.48953673,0.40399882,0.8722343,0.44332772,0.41582873,0.668555,0.5063175,0.5011887,0.71279955,0.44425437,0.5088813,0.7045154,0.49727714,0.59785134,0.8122515,0.43769655,0.57706594,0.76356083,0.4783413,0.60521084,0.7263262,0.45228016,0.6064935,0.6527544,0.48106492,0.73533964,0.64964145,0.4561179,0.73111916,0.64513457,0.48681918,0.85743016,0.77308154,0.4651393,0.8434461,0.5663982
662,13,0.44390756,0.3465519,0.73587525,0.49090984,0.40365365,0.7383411,0.444761,0.41609147,0.7811589,0.50745386,0.500811,0.82490635,0.4467663,0.51109743,0.64292735,0.49835855,0.59793484,0.7902534,0.4387546,0.5811849,0.6576952,0.47781882,0.60487884,0.7466908,0.45215663,0.60621136,0.706577,0.48113334,0.735057,0.8031104,0.457193,0.7297849,0.7163026,0.4867693,0.8574451,0.825926,0.46602923,0.8439792,0.7362704
663,13,0.44506964,0.34451306,0.58335215,0.49070555,0.40386873,0.7396624,0.44488704,0.4150308,0.75540787,0.50790876,0.5011314,0.8081586,0.44770685,0.50766134,0.68054765,0.49994868,0.5968619,0.75820464,0.4388914,0.5782876,0.63549733,0.4769479,0.6046824,0.7087107,0.45123672,0.6049951,0.6332898,0.48264605,0.73529345,0.74011785,0.4574202,0.7291208,0.6814273,0.48603916,0.8576093,0.79748404,0.46507645,0.8451797,0.6869182
664,13,0.44503325,0.34425002,0.68145543,0.4902848,0.4036209,0.7786257,0.44408882,0.41590446,0.83508104,0.50839937,0.5016682,0.81737584,0.4468129,0.5081508,0.680246,0.50013286,0.59634405,0.83825135,0.43804994,0.5790785,0.68582886,0.47819933,0.6042214,0.7777701,0.4512135,0.6044236,0.71719474,0.48274013,0.7358044,0.54984313,0.46021196,0.72864026,0.61223376,0.48643315,0.8559726,0.84281534,0.46640173,0.8457575,0.8295177
665,13,0.44557017,0.34461218,0.67514634,0.48999944,0.40289587,0.6972086,0.4452473,0.41569054,0.8279474,0.5084769,0.500657,0.8172138,0.44768685,0.51031935,0.643854,0.50131124,0.59637415,0.8355747,0.4389161,0.5806263,0.7001625,0.4774696,0.6037298,0.7511323,0.45196113,0.60434425,0.71493644,0.4839229,0.7330763,0.57828766,0.46062952,0.72659945,0.57381105,0.48680496,0.8582857,0.80265886,0.4662489,0.8445324,0.83538216
666,13,0.4463576,0.34450778,0.6837545,0.48877728,0.40674344,0.89453256,0.44630852,0.41632214,0.779899,0.50820917,0.5015566,0.80492944,0.44887784,0.5100109,0.6336659,0.5016816,0.5967865,0.78336316,0.43870503,0.58080983,0.6474269,0.47726202,0.6043618,0.7775471,0.4526057,0.6055663,0.7281803,0.48471892,0.73418456,0.6803214,0.4620105,0.7290208,0.5559466,0.48677954,0.856585,0.767302,0.46649373,0.84514236,0.8109618
667,13,0.44595203,0.34256712,0.61690384,0.4885645,0.40834895,0.88131225,0.44563338,0.4171683,0.8241587,0.5075833,0.5024241,0.78492075,0.4478412,0.51252925,0.5812571,0.501136,0.5974172,0.76632196,0.43715605,0.5781041,0.5195791,0.47640496,0.6023478,0.71813315,0.45224583,0.60414815,0.6379157,0.4845205,0.73332053,0.68520296,0.4615422,0.727209,0.5413136,0.4859994,0.8551087,0.7651213,0.46591428,0.84580165,0.7967204
668,13,0.44570857,0.34202477,0.7454157,0.48957297,0.40579456,0.737846,0.44531944,0.41531342,0.8832343,0.507105,0.5030466,0.840292,0.4487322,0.5113519,0.64832026,0.5042636,0.5983254,0.5412079,0.43855846,0.5833236,0.6875574,0.47657788,0.6000978,0.6990211,0.45055312,0.60205567,0.7195558,0.48514494,0.7309418,0.7568472,0.4615963,0.7261979,0.6178731,0.48623237,0.85483116,0.8703661,0.46537426,0.8487565,0.80499315
669,13,0.4463426,0.34217066,0.74489343,0.48929843,0.4056991,0.7844454,0.4443941,0.4171475,0.8359579,0.5073749,0.5035002,0.76229244,0.44876498,0.5095159,0.71757245,0.50333524,0.60034126,0.6121403,0.43850905,0.58234006,0.69884217,0.47642577,0.60015,0.7554818,0.4504537,0.6017688,0.743284,0.48541152,0.7321559,0.8271473,0.46174183,0.7291889,0.6716877,0.4858966,0.8540913,0.85237706,0.46569964,0.84568334,0.81418616
670,13,0.44672006,0.34220847,0.74484766,0.4887334,0.40506488,0.7494771,0.44448504,0.41682842,0.8347365,0.5067397,0.50464755,0.8386038,0.4487452,0.5095067,0.71874845,0.5038278,0.60153353,0.6241013,0.43838358,0.5828633,0.68392265,0.47680548,0.59979236,0.7506296,0.4505039,0.6019443,0.758065,0.48580313,0.7307193,0.83939177,0.4621999,0.7284266,0.68843067,0.485983,0.8527126,0.804669,0.46598786,0.84607613,0.8174368
671,13,0.44654247,0.34267458,0.7260861,0.4891751,0.40521052,0.759553,0.44390616,0.41564825,0.72043854,0.50623935,0.5063618,0.8370126,0.44753525,0.5106403,0.72538835,0.5033985,0.6018461,0.63883835,0.43743291,0.5838345,0.5987115,0.47667274,0.5992081,0.74304664,0.45043916,0.6010066,0.72053593,0.48497698,0.7314556,0.8064353,0.4609384,0.72954553,0.6770277,0.4848274,0.85607874,0.84198946,0.4651027,0.8464411,0.8137953
672,13,0.44650242,0.34087548,0.7365905,0.48916084,0.4058792,0.7798421,0.44340828,0.41713795,0.74588245,0.5057587,0.5060997,0.8284905,0.4481236,0.5100993,0.73939097,0.50244296,0.6022434,0.61293924,0.43732032,0.58193314,0.5794507,0.4769294,0.60014683,0.7881412,0.45010173,0.6010233,0.74905306,0.48621318,0.731519,0.67329353,0.4602256,0.7310522,0.73895305,0.48601443,0.8583509,0.865836,0.46591842,0.8459233,0.8681696
673,13,0.44618148,0.34040052,0.7401236,0.48854834,0.40547055,0.7496757,0.44309375,0.4176053,0.8113878,0.50526863,0.5068815,0.8321019,0.4476597,0.51115483,0.65887576,0.49933243,0.60328215,0.76399845,0.43783346,0.5836567,0.6314539,0.47641727,0.6008211,0.7958413,0.44992816,0.60220474,0.75508714,0.48533392,0.7323407,0.8455916,0.4601671,0.73175526,0.7437922,0.48639494,0.8587523,0.8691063,0.4665089,0.84598094,0.87603503
674,13,0.4464753,0.3404472,0.7573977,0.4885617,0.40576586,0.75221974,0.44353694,0.41732076,0.81057787,0.5040036,0.5078173,0.80855614,0.44747657,0.5097059,0.7488591,0.49829662,0.60328084,0.72807646,0.4370324,0.58308095,0.5800646,0.4764906,0.6014836,0.7902401,0.45000947,0.602969,0.7627775,0.48438874,0.7333808,0.82324404,0.46093744,0.7320965,0.74344283,0.48591226,0.8545754,0.79967725,0.46522662,0.8473333,0.82147694
675,13,0.44607005,0.33988506,0.74694383,0.4885715,0.40595925,0.7493607,0.44330958,0.41712517,0.8232304,0.5033783,0.5070519,0.77820486,0.4468832,0.5109196,0.6851861,0.4976327,0.60372496,0.7588933,0.43735352,0.58504885,0.57416093,0.47504228,0.60217196,0.7530478,0.45023543,0.60374284,0.7755908,0.4833145,0.7353147,0.7540483,0.46151683,0.73303324,0.7388964,0.48532015,0.8557449,0.78642666,0.46591035,0.84767425,0.8239
676,13,0.44598484,0.34002417,0.7566831,0.48782876,0.40548506,0.7206707,0.4430901,0.41641155,0.85129344,0.50295097,0.50799394,0.76748556,0.44716847,0.50916123,0.7056677,0.49674657,0.603169,0.69470716,0.4375902,0.5835484,0.6178957,0.4755804,0.6034174,0.7863463,0.4503917,0.6037913,0.7791288,0.4838513,0.7340184,0.7720617,0.4624075,0.7310638,0.7371114,0.4872288,0.8550317,0.81578135,0.46553114,0.846978,0.86189705
677,13,0.44555587,0.34131214,0.72144085,0.48830095,0.40590498,0.70818806,0.4434634,0.4166833,0.8280295,0.5008051,0.5074784,0.7478031,0.44649374,0.5097284,0.6904252,0.49504814,0.6033461,0.6164729,0.43746948,0.5857509,0.57054216,0.47425386,0.603954,0.7231397,0.45015043,0.60366774,0.7456379,0.48293215,0.7355319,0.6839822,0.4609071,0.7312195,0.60886467,0.4865375,0.8547481,0.8383456,0.46566245,0.84580386,0.8425058
678,13,0.44527856,0.34041613,0.7532316,0.48764044,0.4054426,0.71710014,0.44302568,0.41666552,0.8484638,0.5009638,0.5071416,0.79422426,0.4481894,0.50760823,0.7373726,0.4934203,0.6021568,0.53469074,0.4383918,0.5823685,0.44660375,0.47395992,0.6035375,0.7581868,0.45025927,0.60192317,0.7504306,0.48243064,0.7343987,0.7004885,0.46178728,0.7283171,0.64350086,0.4865399,0.8562726,0.8422397,0.46496856,0.8462228,0.8403442
679,13,0.44515324,0.3411915,0.7394485,0.48745635,0.40563998,0.7102572,0.4431333,0.41700712,0.8275464,0.4998368,0.5075109,0.73625845,0.44704145,0.5098644,0.68361706,0.49318478,0.60232824,0.6163135,0.43716964,0.58480895,0.5673787,0.47299176,0.6033464,0.73311514,0.4499358,0.6024204,0.76462156,0.48198763,0.73395485,0.64938974,0.46142247,0.7286612,0.67461777,0.4863071,0.8565654,0.79909134,0.46739718,0.84638584,0.6303234
680,13,0.44511586,0.3421454,0.72952044,0.48695758,0.40649053,0.6962587,0.44381315,0.4173641,0.57937896,0.49904048,0.507902,0.66108525,0.447017,0.51204014,0.6447878,0.4912615,0.605866,0.6402866,0.4363497,0.58681256,0.50047195,0.47282416,0.6030928,0.7715605,0.44940472,0.6022948,0.7454791,0.48272088,0.7345895,0.7113238,0.46184537,0.7307129,0.6656032,0.48436424,0.8571677,0.5139165,0.46725693,0.84553957,0.7179645
681,13,0.4449253,0.34190658,0.76730835,0.48681548,0.40569663,0.7321894,0.4434919,0.41624662,0.6846662,0.4984426,0.5078771,0.7105218,0.44761,0.5106468,0.7019827,0.49028817,0.60528946,0.65514416,0.43767846,0.58744556,0.36738494,0.47288996,0.6035961,0.7518657,0.44897774,0.6021212,0.76746887,0.48302755,0.73356867,0.761257,0.4634395,0.7305369,0.7516955,0.4840059,0.8568277,0.5955662,0.46708426,0.84675574,0.67015004
682,13,0.44444147,0.34353015,0.7095177,0.4866453,0.40604982,0.72302705,0.4432292,0.41737562,0.64857477,0.49867377,0.51135534,0.6335642,0.44585654,0.5126869,0.73900056,0.4874001,0.6052914,0.6205175,0.43707123,0.587938,0.3280584,0.47259986,0.60443544,0.7310424,0.44894022,0.60364956,0.7753538,0.4830985,0.7335098,0.7703655,0.46285126,0.73055995,0.69474965,0.48462516,0.85611856,0.63995713,0.4670929,0.84772396,0.66353166
683,13,0.44409865,0.34377658,0.714979,0.48647627,0.40542793,0.7313846,0.4426459,0.41680643,0.64425457,0.49852428,0.5116136,0.61581767,0.4462166,0.5104779,0.68774384,0.4857405,0.60656494,0.59254175,0.43567798,0.58702576,0.51426023,0.4732113,0.60503834,0.7672653,0.44825175,0.6029931,0.7608387,0.4832821,0.73638916,0.80477726,0.4634712,0.73129183,0.7202571,0.4835848,0.85881585,0.6266296,0.46609917,0.8459967,0.75428855
684,13,0.44394118,0.34400946,0.5713333,0.48514664,0.40642548,0.87526345,0.4433297,0.41674152,0.57055736,0.49732807,0.50872463,0.7708358,0.44764882,0.51168406,0.7057888,0.48510048,0.60281,0.5307467,0.43562037,0.5848428,0.45025146,0.4722527,0.6059943,0.7067272,0.44852015,0.60341716,0.7406002,0.48268864,0.7357845,0.7366968,0.4626381,0.730138,0.6308591,0.48707676,0.8576037,0.808439,0.4667689,0.84513175,0.74544746
685,13,0.44467524,0.34279296,0.7110731,0.48595586,0.40795094,0.68049407,0.44386134,0.4177504,0.5662859,0.49683487,0.5096685,0.7457085,0.4471794,0.51295483,0.62840176,0.48254585,0.60198814,0.51402736,0.43588942,0.5852374,0.39044142,0.47305673,0.60640764,0.65158516,0.4500592,0.60286427,0.67780787,0.48253828,0.73659974,0.6578579,0.46242607,0.73140824,0.55465007,0.48738563,0.85738426,0.75453275,0.46633974,0.84604967,0.6644883
686,13,0.44386783,0.3409236,0.75426906,0.48660362,0.4066383,0.69192857,0.44274113,0.41636267,0.8744612,0.49727443,0.50956106,0.8279028,0.44643155,0.50972617,0.68525857,0.48201835,0.60105413,0.5160223,0.43560758,0.5843314,0.5124864,0.47385284,0.60492563,0.7385069,0.4485337,0.6016118,0.7051233,0.48211974,0.73488677,0.71065515,0.46123403,0.728405,0.6422667,0.48386782,0.85946804,0.55454206,0.46686924,0.84624815,0.72262204
687,13,0.44379658,0.3419291,0.7347612,0.48617974,0.40587893,0.68817914,0.44271427,0.41738722,0.8465327,0.49764982,0.5114652,0.74312884,0.4472396,0.5107945,0.71078163,0.48126012,0.60288465,0.5958577,0.43486392,0.58454454,0.50018406,0.47328472,0.6053738,0.7212005,0.44845673,0.60248077,0.73537016,0.48049754,0.73441887,0.65956235,0.4616825,0.7287089,0.6599711,0.48430958,0.8585131,0.61402786,0.46762052,0.84676886,0.7376841
688,13,0.44377938,0.34238827,0.7430788,0.48638788,0.40594244,0.7175899,0.44274893,0.4163876,0.84351546,0.4973416,0.51081586,0.7285835,0.4468108,0.5114616,0.6678612,0.4809025,0.60192496,0.55830884,0.43438473,0.5842001,0.5040619,0.47217268,0.6065642,0.72322357,0.44727188,0.6031233,0.7127727,0.48118582,0.73714155,0.720657,0.46100038,0.7314874,0.6627032,0.48719692,0.859757,0.8229368,0.46675453,0.8465994,0.7533305
689,13,0.443705,0.3437768,0.66899383,0.48567957,0.40652195,0.7160854,0.44274813,0.4185059,0.664283,0.49695987,0.5120861,0.7105903,0.44729874,0.51280063,0.58802634,0.4805291,0.60312164,0.5891361,0.4352709,0.5838443,0.4905729,0.47233143,0.60761946,0.7036249,0.44858682,0.604082,0.74338853,0.4818587,0.7376084,0.6923798,0.46106437,0.7312747,0.59640956,0.48699385,0.85929745,0.78707725,0.46672267,0.8458639,0.7183131
690,13,0.44346792,0.34254545,0.7315375,0.48475072,0.40665042,0.85709065,0.44294322,0.4163329,0.8034078,0.49624828,0.5094028,0.78918415,0.4471942,0.5110582,0.64075744,0.48021328,0.6006867,0.65233994,0.43511054,0.58535194,0.4234005,0.47158048,0.6055382,0.6670581,0.44839847,0.6014298,0.64152986,0.48156792,0.736828,0.6007553,0.4601461,0.73027575,0.5021697,0.4872424,0.8560983,0.7712575,0.4663376,0.84468687,0.6683028
691,13,0.4433404,0.34258884,0.7490178,0.4853924,0.40576664,0.6862101,0.44235447,0.41775516,0.6480129,0.49684155,0.5113131,0.68180245,0.44681448,0.5132038,0.684347,0.47983366,0.6010394,0.5595786,0.43427163,0.586335,0.47279772,0.47228846,0.606296,0.7002809,0.4477096,0.60407394,0.76183575,0.48117724,0.73334676,0.72017723,0.4617621,0.72924715,0.642073,0.48442173,0.8590261,0.6346429,0.46704713,0.84848744,0.6785944
692,13,0.44313648,0.34298876,0.550965,0.48438263,0.40906158,0.8715661,0.44263878,0.41758746,0.5151675,0.4960933,0.5091082,0.7611068,0.44768646,0.5134509,0.5027851,0.48049742,0.6002143,0.6596763,0.43524164,0.5827739,0.38858867,0.47131506,0.60785306,0.6405389,0.44865105,0.60350025,0.6800473,0.4814783,0.73705065,0.6308349,0.46025097,0.73014855,0.47073898,0.48728645,0.8606906,0.7225181,0.46558243,0.8464836,0.62742984
693,13,0.44333223,0.34150088,0.7508233,0.48527387,0.40758651,0.6104468,0.44279557,0.42005178,0.6052254,0.49615785,0.5086208,0.7270157,0.44737053,0.51510555,0.6167409,0.48053348,0.60052264,0.70148855,0.43518218,0.5868683,0.39635316,0.4720684,0.60686225,0.6472621,0.4489914,0.6034487,0.6689581,0.4815347,0.73684,0.7203835,0.46161488,0.7304722,0.5507916,0.4833291,0.86116415,0.5085728,0.46623245,0.8484272,0.56924826
694,13,0.44262645,0.34215084,0.71158373,0.4844251,0.4078659,0.8599824,0.44244114,0.41900718,0.76981807,0.4961944,0.5092006,0.79859865,0.44675118,0.5129884,0.61540866,0.48037338,0.59995097,0.68921524,0.4344741,0.5847445,0.44745588,0.47210148,0.6064848,0.64308774,0.44852945,0.6031469,0.68262684,0.48107877,0.7354018,0.6485103,0.46078604,0.7309293,0.5129706,0.4875376,0.8571362,0.77809125,0.46665332,0.8472549,0.6805183
695,13,0.44228396,0.34180078,0.72059,0.4851291,0.40634066,0.6361192,0.44214898,0.41747832,0.8519372,0.49628073,0.50873333,0.80608374,0.44668275,0.5125291,0.66433287,0.48040116,0.5996975,0.5053574,0.43428612,0.58529025,0.49709675,0.47247025,0.60605776,0.7033117,0.44800943,0.6032918,0.7353791,0.4814162,0.73584694,0.73858434,0.46120661,0.73150444,0.6317982,0.4834247,0.8595244,0.59216845,0.46675488,0.8479618,0.6107107
696,13,0.44213828,0.34356445,0.6712674,0.48538426,0.40605453,0.6834087,0.44210032,0.41638562,0.84335274,0.4963445,0.50910217,0.8049807,0.44794598,0.51195985,0.6581079,0.48016146,0.60021,0.49714363,0.43506825,0.5866742,0.49469373,0.47284526,0.6063768,0.71205705,0.44776794,0.60327184,0.73742825,0.48107287,0.73611563,0.7076464,0.46164292,0.73116463,0.6295433,0.4843054,0.85845923,0.6304384,0.4666895,0.8465438,0.7425294
697,13,0.44193974,0.34393415,0.53100544,0.4855865,0.40547186,0.6847824,0.4419427,0.41628972,0.8425424,0.49604282,0.50936514,0.8145699,0.4479434,0.5117776,0.6759217,0.4799724,0.6019459,0.5314869,0.43492028,0.5864979,0.4903278,0.47278303,0.60586107,0.71539944,0.44751617,0.6029033,0.7197508,0.4813077,0.7352818,0.7005966,0.46028608,0.7295861,0.54816854,0.48435295,0.85803956,0.68617004,0.46673334,0.8457445,0.7231908
698,13,0.44225183,0.34483147,0.65803343,0.48544586,0.40511444,0.6740015,0.44204646,0.4161759,0.6260595,0.49605694,0.5091003,0.79369646,0.44763693,0.51130295,0.6131913,0.4805437,0.6007433,0.53864384,0.43468726,0.58643454,0.46793666,0.47242564,0.6063885,0.7045781,0.4475299,0.6032067,0.72203416,0.48086256,0.73762816,0.6847895,0.46156847,0.73117745,0.62696093,0.48411578,0.85926956,0.6384434,0.46673185,0.84646624,0.74671394
699,13,0.44246966,0.34582677,0.7355788,0.48400077,0.40594214,0.8654685,0.44238773,0.41540277,0.73715365,0.49588802,0.5085106,0.7922807,0.44650584,0.5118832,0.68185234,0.48021248,0.6006509,0.47167018,0.43446967,0.5856515,0.44169143,0.47278583,0.60647064,0.680641,0.44835046,0.60340244,0.6982709,0.481809,0.73776495,0.7045053,0.4605589,0.73275644,0.601049,0.48709264,0.86063176,0.7722377,0.46640617,0.8468025,0.6966677
700,14,0.44214448,0.3451518,0.60038686,0.48537546,0.4049252,0.6471597,0.4412508,0.41403428,0.8785523,0.49645156,0.50781244,0.82569665,0.44644064,0.5069985,0.6958165,0.48209935,0.6011002,0.5223003,0.43452612,0.5817741,0.47573516,0.47291145,0.60463095,0.71813464,0.44758022,0.60152954,0.6815892,0.48103386,0.7367604,0.6680329,0.46137998,0.7288793,0.5840008,0.4842614,0.85831064,0.69954044,0.4667262,0.8447895,0.7336339
701,14,0.44175395,0.34519222,0.6520249,0.48420054,0.40446982,0.86685294,0.44137242,0.41621816,0.8360934,0.49670798,0.5107441,0.75319755,0.44645882,0.50946563,0.6520489,0.4822515,0.6044603,0.60909784,0.43433678,0.5817001,0.46469653,0.47238553,0.6048437,0.72448313,0.4470332,0.6031209,0.7286586,0.4800457,0.7357918,0.699951,0.4595553,0.7303698,0.6447849,0.4840717,0.859162,0.64555657,0.4662955,0.8472414,0.7286654
702,14,0.44170678,0.34519818,0.7096221,0.483926,0.4046559,0.8772249,0.44136876,0.41680133,0.8054613,0.4964351,0.5105959,0.75235355,0.4471597,0.5105654,0.6098654,0.48240426,0.6045463,0.60326695,0.43422037,0.58644634,0.4628905,0.47151026,0.60596097,0.7190056,0.44666347,0.60326797,0.7344769,0.48095164,0.73787206,0.7511752,0.46166903,0.73252875,0.67986166,0.48392642,0.86213666,0.61765844,0.46691418,0.84638375,0.7997356
703,14,0.44154936,0.34538466,0.7542587,0.4845979,0.40583885,0.69871294,0.44116685,0.41596588,0.57459104,0.49590987,0.50950986,0.8084429,0.44707337,0.51005036,0.6052579,0.48395836,0.6049801,0.48934087,0.43627018,0.5821476,0.35930008,0.4701756,0.6070663,0.70895004,0.44675338,0.6037069,0.7459467,0.48227414,0.7389972,0.74993235,0.46091524,0.73243994,0.6392623,0.48398533,0.86069006,0.70252097,0.46682262,0.8460716,0.76292646
704,14,0.44059438,0.34519,0.6684868,0.48411247,0.40546173,0.6945209,0.44104987,0.41672307,0.67736834,0.49758568,0.50854605,0.71919405,0.4457143,0.5111665,0.55169946,0.4838637,0.60588336,0.530924,0.43443552,0.5824165,0.50160015,0.47151572,0.60648566,0.7573706,0.4474221,0.60379505,0.75440395,0.48185176,0.7383799,0.77647436,0.46125457,0.73377115,0.6563054,0.4850236,0.85977125,0.7584606,0.4667442,0.8483076,0.7833908
705,14,0.44103196,0.3452831,0.64970434,0.48348445,0.40495357,0.8612208,0.44125506,0.41657573,0.82418865,0.4959623,0.50891,0.7932917,0.44668058,0.51144236,0.6142218,0.4839103,0.6072987,0.5684325,0.4342797,0.5851486,0.45104334,0.47057757,0.60612816,0.70965254,0.4467633,0.60315496,0.71500725,0.48160008,0.7368704,0.7328426,0.45995575,0.731643,0.5835044,0.48459727,0.8617902,0.67999387,0.4675702,0.8463695,0.7682761
706,14,0.44123656,0.3460342,0.7569554,0.48428243,0.4061442,0.6987092,0.44084862,0.41728672,0.78218806,0.49597326,0.5095123,0.7644914,0.44588232,0.5105869,0.5474594,0.4840081,0.6059705,0.54905987,0.43556407,0.58070815,0.37378055,0.47030908,0.6073916,0.7194503,0.4469588,0.6036743,0.7394017,0.48138198,0.73855716,0.7269031,0.46068037,0.7325862,0.6404563,0.48522708,0.8592914,0.72390527,0.4671908,0.8466774,0.80314445
707,14,0.44083208,0.3468267,0.7193188,0.48370612,0.4044263,0.65578896,0.4405845,0.41600987,0.6590794,0.4980632,0.508302,0.758463,0.4462045,0.5090531,0.6166974,0.48512787,0.6048705,0.55956393,0.43569311,0.5818884,0.40121758,0.47087818,0.606341,0.7482063,0.4469219,0.60323215,0.73666286,0.4814618,0.738771,0.7676191,0.46085784,0.73360765,0.64859504,0.48499712,0.86017585,0.7552197,0.4668925,0.8478932,0.7990598
708,14,0.4403478,0.3479775,0.74568975,0.48318306,0.4052116,0.8912723,0.44031212,0.41557503,0.5415253,0.49677885,0.5117877,0.6721159,0.44606385,0.5104528,0.5750015,0.48467737,0.6066259,0.59265584,0.43433157,0.5841583,0.5359291,0.4698353,0.6079476,0.7118861,0.44653484,0.6051526,0.774693,0.48118737,0.7375721,0.75160736,0.45956135,0.7337197,0.60089535,0.4848175,0.8600849,0.7561395,0.4665369,0.84640825,0.7859168
709,14,0.44112957,0.34610403,0.75874203,0.4813163,0.4104302,0.8286307,0.44244403,0.4184926,0.5275567,0.49586743,0.5092321,0.70398575,0.4449386,0.5145008,0.4416803,0.48502752,0.6025276,0.662603,0.43394032,0.58384955,0.46615976,0.46922967,0.6067399,0.6134852,0.44733518,0.60423183,0.63976216,0.48184413,0.73846626,0.60479385,0.45986018,0.73288226,0.6070917,0.48698598,0.8575176,0.62956965,0.4669484,0.84628856,0.6812303
710,14,0.4395718,0.34362495,0.69308513,0.48333922,0.40653658,0.65720195,0.4407105,0.41686532,0.6788199,0.49780732,0.5069016,0.8176194,0.4463616,0.51117396,0.64907676,0.48521432,0.6035352,0.588633,0.43506974,0.5861371,0.41804785,0.47068116,0.60674953,0.76489794,0.44691092,0.6045564,0.7642215,0.48189545,0.73805416,0.7759834,0.4614322,0.7334876,0.693626,0.48521784,0.8635543,0.68317163,0.4671547,0.8481191,0.75191694
711,14,0.43967342,0.34577987,0.5957579,0.48237783,0.40563768,0.87653756,0.4404802,0.41698077,0.8469775,0.4970871,0.50872535,0.733482,0.44621554,0.51065946,0.64829457,0.48514158,0.60588855,0.5844508,0.4343007,0.58549035,0.5161118,0.4692693,0.60741645,0.69723016,0.44621366,0.60510874,0.7558752,0.48144257,0.7388633,0.773414,0.46047404,0.7346128,0.6641927,0.4848647,0.85883355,0.74677294,0.46657154,0.8468788,0.7644934
712,14,0.44030157,0.3459307,0.73863536,0.48147595,0.40747964,0.8794107,0.4408646,0.41883498,0.5609459,0.497225,0.5076265,0.6904272,0.44500795,0.5154315,0.5729554,0.48530138,0.60238785,0.54967946,0.43398553,0.5864278,0.50408256,0.46975315,0.6079179,0.6829341,0.4474212,0.60565096,0.72445613,0.4817542,0.7404887,0.69609606,0.46157584,0.73462796,0.586393,0.48659703,0.85764015,0.72231007,0.46688607,0.8465213,0.750773
713,14,0.43965408,0.34628287,0.582982,0.48336852,0.40458775,0.6173395,0.44022027,0.4151371,0.8649552,0.4975706,0.5070348,0.7745471,0.44643897,0.5089975,0.6962298,0.4854318,0.6021778,0.5591149,0.43485662,0.5840898,0.39233324,0.46923935,0.6057821,0.70426166,0.44563293,0.60291195,0.69160146,0.48050594,0.7386497,0.7504963,0.4599097,0.7334276,0.63663864,0.48570958,0.8576008,0.7589987,0.46740332,0.8462131,0.8054146
714,14,0.44032973,0.34678063,0.77349436,0.48326,0.4066531,0.7084082,0.4402224,0.41929662,0.6268049,0.49620858,0.508045,0.73406255,0.44515118,0.5136765,0.68435514,0.4846522,0.6048099,0.57518965,0.4331826,0.58631235,0.5805708,0.46942812,0.6064731,0.7365213,0.44632974,0.6044899,0.7733557,0.48071015,0.7371531,0.7433578,0.46100223,0.7330153,0.6332386,0.48439902,0.8601276,0.7493809,0.46677512,0.84715676,0.78900844
715,14,0.4396226,0.34699515,0.66847664,0.48315138,0.40532535,0.66576093,0.4401454,0.41699517,0.6422959,0.4964779,0.50708044,0.7393748,0.44585603,0.50920296,0.6177468,0.4849816,0.6035551,0.5720314,0.4348969,0.58116984,0.45578647,0.4693763,0.6068408,0.737678,0.44582483,0.60445887,0.7757307,0.48084584,0.73814446,0.78262013,0.46098578,0.73348796,0.6729197,0.4853317,0.8611387,0.7665989,0.46694344,0.84774643,0.81996
716,14,0.44030207,0.34633282,0.7348545,0.48085183,0.41060948,0.83513963,0.44114622,0.41957837,0.55645275,0.49445102,0.50889504,0.73385,0.44507897,0.5145641,0.55258214,0.48490754,0.60319483,0.537269,0.43397152,0.58493966,0.4810787,0.46930858,0.6078219,0.72395915,0.44683155,0.6060105,0.7315414,0.48051783,0.7385853,0.6735722,0.4609946,0.73502266,0.63287324,0.48569024,0.8594962,0.7373141,0.46801248,0.8482377,0.7519751
717,14,0.4388706,0.34373602,0.6490011,0.48278856,0.4068253,0.5876667,0.43990096,0.41690278,0.6184534,0.49788257,0.50708514,0.7558494,0.4461448,0.5108464,0.64001936,0.4849309,0.60197437,0.55218035,0.43524683,0.5845315,0.43420866,0.46955776,0.60640776,0.7198304,0.44642678,0.60346353,0.72032934,0.48087165,0.7378902,0.7512087,0.46132234,0.7339519,0.6605416,0.4847499,0.86224806,0.69679534,0.46799755,0.8472299,0.8105548
718,14,0.4392446,0.3461548,0.58968645,0.48155546,0.4051322,0.8555335,0.44021702,0.4167553,0.61040384,0.49691382,0.5072774,0.7261298,0.4451083,0.5107692,0.57281476,0.48378336,0.604896,0.55382514,0.43524984,0.5845881,0.42666236,0.46964055,0.60653836,0.7288591,0.44640294,0.60413784,0.765126,0.48095372,0.7375946,0.7902479,0.46099836,0.73205197,0.6842498,0.4848183,0.8606196,0.7083964,0.46788928,0.8469312,0.8006115
719,14,0.43909428,0.34780583,0.70807654,0.48133335,0.40636036,0.8911286,0.44000474,0.41801167,0.5540081,0.496723,0.5090002,0.6917989,0.44489256,0.5105854,0.6825716,0.48434305,0.6026391,0.52599525,0.43392128,0.58388704,0.55280435,0.46973184,0.60769904,0.7124593,0.4464302,0.6057357,0.76654875,0.48091957,0.738616,0.75411063,0.46079472,0.73357934,0.6402599,0.48595506,0.8592612,0.76244915,0.46719888,0.8476096,0.79794556
720,14,0.43998006,0.34603435,0.61871487,0.48021394,0.4109879,0.82755524,0.441543,0.4180234,0.4619601,0.49504185,0.5085916,0.733313,0.4445357,0.51049316,0.5357744,0.4840323,0.6045054,0.4758147,0.43401584,0.5841114,0.44325414,0.4693534,0.6072035,0.62514263,0.4476389,0.60386795,0.6266362,0.48161373,0.7409501,0.5746798,0.46096438,0.7350889,0.54750836,0.48608842,0.8593224,0.6120856,0.46659896,0.8463702,0.6638094
721,14,0.43821517,0.34520078,0.7089781,0.48324022,0.40463683,0.7361713,0.43998173,0.41603127,0.6071111,0.4977744,0.5071961,0.76986045,0.44643348,0.5097398,0.6470563,0.483594,0.60507303,0.54117525,0.4338694,0.58533245,0.55440795,0.47100672,0.6046044,0.74363756,0.4458792,0.6032982,0.7221988,0.4812701,0.73808885,0.7969087,0.46196356,0.73398066,0.7491877,0.4853354,0.86251533,0.7807875,0.4672837,0.8477478,0.7892121
722,14,0.43910822,0.34777802,0.67765087,0.48181948,0.4053368,0.8926786,0.4397956,0.41713297,0.5545126,0.49597532,0.50980026,0.58221185,0.4458179,0.51117474,0.6845647,0.48380348,0.6054202,0.58753175,0.4337176,0.5880053,0.601922,0.47033742,0.6076796,0.7269049,0.446341,0.6048001,0.7842823,0.48033637,0.73765564,0.76807624,0.4604932,0.7339581,0.6866271,0.48594266,0.857563,0.7267552,0.46763656,0.8460586,0.8176543
723,14,0.43893063,0.34819353,0.7128215,0.4820216,0.4048185,0.8718833,0.4401212,0.41711572,0.81000817,0.49515897,0.5085975,0.8188168,0.44555113,0.51205504,0.5706947,0.4838463,0.6056148,0.5282796,0.43525875,0.5865867,0.41767287,0.46975154,0.6082595,0.719476,0.4461727,0.6048697,0.7504474,0.4805598,0.7390356,0.7165823,0.4606004,0.7345817,0.6111903,0.48701,0.8576321,0.7979398,0.46715674,0.8464438,0.8085231
724,14,0.4394481,0.34707874,0.696686,0.48106003,0.40924066,0.8590037,0.4410263,0.4205145,0.5837636,0.49455467,0.5094783,0.77750766,0.44607845,0.5141628,0.56639016,0.48329648,0.6052375,0.5102574,0.4342437,0.5850247,0.44707847,0.46991605,0.60864294,0.6989713,0.4468628,0.6068173,0.70236284,0.48031774,0.7379479,0.5856186,0.45969313,0.732454,0.6335067,0.4862791,0.85934293,0.5264167,0.46710357,0.84452933,0.6763424
725,14,0.43898436,0.34554374,0.40842503,0.48276952,0.40507916,0.56246305,0.44026196,0.41537416,0.85397434,0.49644268,0.50854933,0.7219166,0.4454729,0.51087993,0.6513956,0.4831215,0.6028151,0.51947325,0.43423063,0.5855947,0.34497592,0.46982187,0.6062664,0.6960624,0.44591275,0.60269064,0.65721667,0.4813603,0.740217,0.7419842,0.46056753,0.73299336,0.60462576,0.48657826,0.8581465,0.7559485,0.46728128,0.844956,0.7895556
726,14,0.440006,0.34754413,0.7049457,0.48040205,0.41357297,0.720265,0.4416149,0.4217436,0.5372655,0.49474996,0.51030165,0.67234737,0.44530043,0.51321876,0.4518524,0.48251534,0.606609,0.552854,0.4339653,0.58256465,0.41624442,0.47047403,0.6081913,0.65888804,0.447807,0.60533583,0.67222005,0.48125866,0.73933446,0.6644061,0.46121505,0.7341175,0.5466045,0.48446974,0.8606173,0.59327483,0.46682352,0.8463474,0.70391214
727,14,0.4385509,0.34646994,0.7322375,0.48208067,0.40648198,0.91890323,0.44002113,0.41700533,0.5695507,0.4975148,0.5094759,0.7814216,0.4459813,0.5099756,0.6714141,0.484019,0.60284203,0.57611096,0.43296146,0.58284205,0.5521971,0.47052965,0.6056185,0.7128927,0.4470539,0.6036,0.69962496,0.48115745,0.73587996,0.7705736,0.46186352,0.7300208,0.7136882,0.48593232,0.8628385,0.7815449,0.46714726,0.84856874,0.75565255
728,14,0.4401037,0.34609705,0.54403627,0.48114434,0.40891096,0.86033213,0.4415845,0.41702133,0.4773319,0.49492362,0.509255,0.7442803,0.4467748,0.5118127,0.4485935,0.481888,0.6047375,0.5712482,0.43396854,0.5837727,0.41105425,0.46951362,0.60675263,0.6788087,0.4467347,0.6040362,0.67302203,0.48044166,0.7365508,0.6576503,0.46068993,0.7327994,0.5593932,0.48554847,0.8583017,0.5839182,0.46695423,0.84808403,0.68933666
729,14,0.43890545,0.3457006,0.39062396,0.48284853,0.40626714,0.59657866,0.4403183,0.41731545,0.622842,0.49656183,0.5087355,0.72218364,0.44603798,0.51131874,0.5621528,0.48284417,0.60562515,0.51717335,0.434055,0.5850797,0.49000347,0.46960488,0.607046,0.66834766,0.44702968,0.60351676,0.69948286,0.48023656,0.7368339,0.7176859,0.4604587,0.73358583,0.6451765,0.48510167,0.8608798,0.65114534,0.46688372,0.84676737,0.7549797
730,14,0.4402549,0.34613663,0.6026012,0.48021522,0.41200882,0.78903335,0.44177154,0.41878122,0.47562873,0.49474666,0.5096907,0.69712555,0.44578028,0.5113177,0.42807284,0.48242626,0.60431147,0.4951809,0.43408102,0.58524054,0.39164233,0.46999568,0.6079141,0.64486927,0.44783503,0.60493094,0.6484528,0.4808265,0.7386216,0.63340086,0.46036938,0.73490226,0.49039695,0.48550624,0.86058265,0.59697604,0.4669774,0.8476111,0.70992434
731,14,0.43947917,0.34578198,0.55882984,0.4816991,0.4081028,0.86025435,0.44063714,0.4174808,0.5882531,0.49642122,0.5084233,0.7019079,0.44643122,0.508896,0.6295251,0.48289552,0.60103816,0.5465852,0.4335005,0.58040494,0.4439283,0.4694701,0.60617936,0.6352203,0.4469937,0.60321623,0.64957184,0.48134258,0.73669887,0.68348414,0.46205798,0.732494,0.69049734,0.48628378,0.8610666,0.616029,0.4680845,0.84735185,0.72494495
732,14,0.4398046,0.34608772,0.45541707,0.4806237,0.41044977,0.8638216,0.44158185,0.41747594,0.72085154,0.49420872,0.5099215,0.71610725,0.4447907,0.5114468,0.52665186,0.48177242,0.60686713,0.58160573,0.43370354,0.5859047,0.42063883,0.46967146,0.6076876,0.67981786,0.44657996,0.6049496,0.6829768,0.48045743,0.7379101,0.6606736,0.4603689,0.73488307,0.6329451,0.48529932,0.86023176,0.5438454,0.467684,0.84665394,0.7469107
733,14,0.4395555,0.34629235,0.6441341,0.48310667,0.4092563,0.58353883,0.4409744,0.41828197,0.6227592,0.49662167,0.5094593,0.62107295,0.4456561,0.5118869,0.51864696,0.48289722,0.60426116,0.577373,0.43386105,0.585043,0.4277638,0.46960005,0.60694724,0.6473174,0.44765708,0.6031909,0.6419535,0.48014036,0.7360909,0.677201,0.46043766,0.7321988,0.58031565,0.4857109,0.85959744,0.651753,0.4667624,0.8466271,0.728485
734,14,0.43927747,0.34659413,0.5624039,0.4826943,0.40726504,0.56814826,0.44123772,0.41597924,0.83583474,0.49594784,0.5097078,0.6649202,0.44692108,0.509753,0.5550006,0.48275995,0.6055686,0.48435235,0.43522462,0.58401847,0.30342048,0.46930733,0.6070043,0.6312065,0.4470887,0.60414684,0.6993195,0.48082379,0.7356497,0.6684882,0.46118417,0.7315771,0.6479782,0.48650688,0.858352,0.6503285,0.46784592,0.84627163,0.7478387
735,14,0.4401549,0.34690097,0.6373156,0.48129806,0.4083842,0.88576174,0.4409136,0.41908026,0.5906075,0.49442527,0.50995165,0.78152835,0.44518152,0.5139169,0.48701262,0.48344696,0.60512346,0.5103003,0.4337265,0.5852883,0.43025106,0.46937558,0.60932976,0.64750594,0.44729218,0.6056532,0.70877445,0.48078042,0.73939085,0.7086996,0.46004716,0.7336945,0.5852528,0.48548654,0.85863125,0.6848733,0.4668732,0.84616405,0.76245433
736,14,0.4399596,0.34674284,0.57896775,0.48146597,0.40760565,0.8541513,0.44093475,0.41659936,0.8128924,0.49433675,0.50945044,0.7796761,0.44479144,0.5103582,0.6083134,0.48140156,0.6046076,0.57335997,0.43359706,0.58524,0.39696676,0.4701688,0.60746145,0.71307576,0.44633892,0.6042817,0.65672344,0.4808831,0.74029326,0.6644387,0.4599064,0.7335425,0.49069065,0.48543426,0.8564116,0.6788189,0.4662193,0.84519905,0.7270268
737,14,0.44005808,0.34655255,0.62430006,0.48180497,0.40764174,0.87102985,0.44029152,0.4181761,0.60847247,0.49403098,0.5098278,0.7944111,0.44548625,0.51267725,0.53087074,0.48322925,0.60610896,0.5009146,0.4338323,0.58515245,0.43856686,0.46977633,0.6084087,0.7388521,0.44693327,0.6053328,0.71312726,0.48121375,0.7406951,0.7358125,0.46018538,0.73538417,0.624347,0.48496348,0.8604944,0.674036,0.4666204,0.8467091,0.7369771
738,14,0.44050413,0.34700498,0.6533218,0.4813855,0.4091805,0.8765456,0.44106933,0.4171828,0.7690134,0.49421865,0.51004386,0.77779573,0.4447602,0.5112986,0.5660076,0.48199806,0.6044015,0.54572594,0.4335485,0.58531934,0.3835046,0.46985862,0.60811216,0.6989264,0.4465337,0.6048898,0.6595791,0.48029837,0.7395457,0.63304967,0.4598135,0.73360884,0.50105673,0.48477986,0.85806876,0.616564,0.46644032,0.8459599,0.7064017
739,14,0.43928164,0.34732842,0.59697217,0.48346913,0.4073192,0.668515,0.44045645,0.4171222,0.63715756,0.4961035,0.5105678,0.69637084,0.4460286,0.5095415,0.63035274,0.48326492,0.60524124,0.5127757,0.4339204,0.5852841,0.48897985,0.46971864,0.60760564,0.70841026,0.44674084,0.6032393,0.69853157,0.48135415,0.7412189,0.7745276,0.46071383,0.73574317,0.69739854,0.4851689,0.85849994,0.6907328,0.4669415,0.8465566,0.789435
740,14,0.44037887,0.3471489,0.6731015,0.4830689,0.40778735,0.6532699,0.44087055,0.41696128,0.62706226,0.4944973,0.51064306,0.7805713,0.44554016,0.51199967,0.51684505,0.48310432,0.6064611,0.5328993,0.43370026,0.5851392,0.46749434,0.46968028,0.6088926,0.68100923,0.4469926,0.60442924,0.7149227,0.48121548,0.73972493,0.75371987,0.4603828,0.73494124,0.6755432,0.4843767,0.85861015,0.6716159,0.4670054,0.84700406,0.77545625
741,14,0.44031417,0.34737906,0.66990954,0.4823447,0.40710375,0.86390644,0.4401446,0.41680172,0.63009286,0.49491283,0.5103037,0.80502254,0.4458217,0.50985205,0.63260865,0.4826778,0.60596573,0.5668044,0.43334103,0.5847734,0.46152732,0.46904314,0.60951686,0.6830372,0.4461424,0.60513014,0.7277708,0.48098665,0.740191,0.74490124,0.45992443,0.7355875,0.654806,0.4847568,0.85955924,0.72426367,0.46677148,0.8458996,0.76482064
742,14,0.44071406,0.34698677,0.6846541,0.47994873,0.41413456,0.7321002,0.44345042,0.41934392,0.4729956,0.49405277,0.5098392,0.6375406,0.44531873,0.5125143,0.39722046,0.48258966,0.60300905,0.5134477,0.4335505,0.5827432,0.3469622,0.46916473,0.60594666,0.5442151,0.44766387,0.6051444,0.71530765,0.48091736,0.7383754,0.45650774,0.46073133,0.73240674,0.601606,0.4861692,0.85653836,0.5497881,0.46716842,0.84416604,0.60864496
743,14,0.43988985,0.34587887,0.6374259,0.48385873,0.40630966,0.79961306,0.44008553,0.41636962,0.5652042,0.4971396,0.51002187,0.77436966,0.44564617,0.5086027,0.6913205,0.48327574,0.60625386,0.58792186,0.43304825,0.5813281,0.51591027,0.46906465,0.60536295,0.7280961,0.44534394,0.6024865,0.6646164,0.4809447,0.73700845,0.620581,0.46084303,0.7323114,0.7661207,0.48363104,0.86350584,0.80556715,0.46588877,0.84931684,0.80312806
744,14,0.44024554,0.34734893,0.71039397,0.48150074,0.4109207,0.81260884,0.44322157,0.41709775,0.5634715,0.4956397,0.51072615,0.55330473,0.4454712,0.5108027,0.48024553,0.4826681,0.6052259,0.5472158,0.43375504,0.58195424,0.43247816,0.4694578,0.6076647,0.47004306,0.4469004,0.6060971,0.72136253,0.48037723,0.7371744,0.65613836,0.4607093,0.7351985,0.6235629,0.48432037,0.85840154,0.68294686,0.4669637,0.8468099,0.68407935
745,14,0.44025943,0.34624815,0.694418,0.4835514,0.41028172,0.6432821,0.44139883,0.41831765,0.67288184,0.49641356,0.5102955,0.64491755,0.44617748,0.51138824,0.49683556,0.48346785,0.6050519,0.5404838,0.4337961,0.5831822,0.40465927,0.4694832,0.60873216,0.6613131,0.447204,0.6039764,0.65295213,0.48104426,0.73940146,0.71474975,0.4608366,0.7350348,0.65310186,0.4853344,0.86079997,0.59733355,0.4665973,0.84809136,0.710326
746,14,0.4397338,0.34628904,0.65432024,0.4832114,0.4082569,0.6236975,0.44063792,0.41819888,0.63997203,0.49612817,0.51081985,0.6645681,0.4458652,0.5109643,0.59508747,0.48306406,0.6067052,0.55610293,0.43373954,0.5854375,0.43255147,0.46982428,0.6087805,0.6776339,0.44724455,0.60447556,0.69245327,0.48089677,0.73918426,0.72642964,0.46110412,0.7351227,0.65678096,0.48506606,0.86078393,0.6096594,0.4669244,0.84763557,0.7581594
747,14,0.4402038,0.34717545,0.6032875,0.48231333,0.40736207,0.8608514,0.44059867,0.41662368,0.85024965,0.4948144,0.5105117,0.8083626,0.44531044,0.5110998,0.62274194,0.4828586,0.6081083,0.57176197,0.43356898,0.58600575,0.43098027,0.46930492,0.60950464,0.68313694,0.44595724,0.6054603,0.7158132,0.48062414,0.73929805,0.7521276,0.4597817,0.73604757,0.6532851,0.48517546,0.86000806,0.72147566,0.46685925,0.8469764,0.7680205
748,14,0.44054192,0.34715524,0.65846634,0.4808673,0.4123055,0.82159376,0.44331518,0.41734222,0.47198212,0.49422953,0.5105463,0.6953773,0.445114,0.51400036,0.42828983,0.48242915,0.6031736,0.5931515,0.43362573,0.5814215,0.36931866,0.46902382,0.6077031,0.5911341,0.44721892,0.6045423,0.58666366,0.48131165,0.73962843,0.5201274,0.46052969,0.7325365,0.6125088,0.4860157,0.8574258,0.6132225,0.4665364,0.84484714,0.582924
749,14,0.44060993,0.34481648,0.7285009,0.4831271,0.40773085,0.5973168,0.44078484,0.41862792,0.68300074,0.49666792,0.50987685,0.75320953,0.44650242,0.5105445,0.626691,0.48348013,0.60588765,0.59312034,0.434468,0.5846042,0.3340694,0.4701639,0.606647,0.7244681,0.4465916,0.6041902,0.7344361,0.4813231,0.7385804,0.75519556,0.46110788,0.7342801,0.736434,0.48464364,0.8611884,0.7663704,0.46641827,0.84815216,0.74031425
750,15,0.44029236,0.34649077,0.55938333,0.48349923,0.40790838,0.66295236,0.44146484,0.41706052,0.6660426,0.49487838,0.51029336,0.77618325,0.44569156,0.5118849,0.540477,0.48378998,0.6066475,0.5625093,0.43364677,0.58514893,0.44685575,0.46946052,0.6086983,0.69800586,0.44704622,0.60493577,0.74840474,0.48133072,0.7400011,0.5600285,0.46066913,0.7346477,0.71809286,0.48518294,0.8622754,0.64982027,0.4678037,0.8481739,0.8080059
751,15,0.44025102,0.34690413,0.6185068,0.48339754,0.40609735,0.6467082,0.441413,0.41604084,0.6821274,0.49632058,0.51040435,0.69855046,0.44608125,0.51002604,0.6066438,0.48357493,0.60648686,0.54912895,0.4337303,0.58440036,0.5111166,0.46933317,0.6083111,0.7187278,0.4463018,0.60455745,0.7363385,0.48109835,0.7402973,0.7382482,0.46043867,0.73431826,0.66594887,0.48592505,0.8602523,0.7731107,0.46705994,0.84796053,0.7799722
752,15,0.4403755,0.34630194,0.74363786,0.4825296,0.4070825,0.8643994,0.44205397,0.41844,0.67409927,0.49631914,0.51009864,0.6542776,0.4462314,0.51194686,0.570891,0.48384795,0.60655576,0.55029166,0.43381834,0.5813228,0.5240049,0.46935767,0.60960627,0.68625426,0.447177,0.60525274,0.71127325,0.4806846,0.74003035,0.64392084,0.461661,0.73457336,0.5959716,0.48589304,0.8581317,0.71620584,0.46673998,0.8459469,0.71013653
753,15,0.44082502,0.3472771,0.72326356,0.48193604,0.4080221,0.8698431,0.4422331,0.4184371,0.6662456,0.4949676,0.5101386,0.7960331,0.44629037,0.51376295,0.5391635,0.48326543,0.6046595,0.4849005,0.43562415,0.5838683,0.3390811,0.46956807,0.60792845,0.737322,0.44655028,0.60562736,0.684363,0.48125133,0.7388883,0.6455339,0.4601107,0.73342454,0.4649104,0.48660633,0.8598903,0.7337671,0.46649006,0.84600705,0.7529971
754,15,0.44056308,0.3465752,0.5405398,0.48157495,0.41079637,0.86065286,0.44352704,0.4182813,0.6512714,0.49452394,0.5105486,0.7238407,0.44551888,0.51274586,0.5060139,0.48337767,0.60362124,0.63282275,0.4355346,0.5827358,0.32121405,0.4695315,0.6081893,0.71370655,0.44745955,0.6048613,0.6541,0.4807623,0.74062616,0.6608145,0.46049032,0.73537093,0.5735051,0.48554617,0.8610473,0.7229055,0.4668334,0.8481693,0.7424985
755,15,0.44023845,0.34572434,0.71518594,0.48393804,0.40859482,0.686096,0.44110203,0.4166613,0.6489081,0.49672538,0.51037234,0.7336103,0.44728464,0.50951535,0.6190875,0.4837641,0.6063426,0.56947994,0.43467033,0.5831991,0.3461499,0.4694799,0.60705024,0.72078156,0.44635358,0.60342455,0.71425825,0.4807649,0.738525,0.7845883,0.46001035,0.7339927,0.699408,0.48424396,0.86198324,0.6306461,0.46672058,0.84782773,0.70147943
756,15,0.4400882,0.3466038,0.67446667,0.4836966,0.40721214,0.7135157,0.44161186,0.41672668,0.71607816,0.4968328,0.50977445,0.74560755,0.44668585,0.5101553,0.6206334,0.48351955,0.6058777,0.5728085,0.43576854,0.58139086,0.40060747,0.46927485,0.60852706,0.7201423,0.44668826,0.60521656,0.7723367,0.48075572,0.73757946,0.779902,0.46097103,0.73449856,0.71361834,0.48439267,0.86392945,0.64822686,0.46717224,0.84694564,0.7772576
757,15,0.44080105,0.34706053,0.67364407,0.48146376,0.41114694,0.8427026,0.44379377,0.4187718,0.58045626,0.49473885,0.51010484,0.7142902,0.4458586,0.51132226,0.49573356,0.48418343,0.60316443,0.6838252,0.43389496,0.5797699,0.48578382,0.46969235,0.6073659,0.6723771,0.44697762,0.6043151,0.624771,0.4811664,0.73994255,0.5704747,0.46107903,0.73371094,0.5491569,0.48622262,0.85708797,0.6241484,0.46741587,0.8468474,0.6951883
758,15,0.4404827,0.34616625,0.7265126,0.4838913,0.40805513,0.6836157,0.44149882,0.41849405,0.72582024,0.49711978,0.50978726,0.7749783,0.4470676,0.5105579,0.62163067,0.4836748,0.6061283,0.6007273,0.43484488,0.5842526,0.35451925,0.46952865,0.6074158,0.7161845,0.44648063,0.6045903,0.75295395,0.4815744,0.73852634,0.7681189,0.4616681,0.73464996,0.73309994,0.48539746,0.8631441,0.73856586,0.4672419,0.8479574,0.7160239
759,15,0.4414732,0.34657443,0.6312569,0.48177078,0.41123024,0.841722,0.44311938,0.41888687,0.6343039,0.49616534,0.5102874,0.58742607,0.44590026,0.5119985,0.4953849,0.4840321,0.6046134,0.5256446,0.43627217,0.58017576,0.33309528,0.46898788,0.6079383,0.69634825,0.44701493,0.60506207,0.6767382,0.48115227,0.739505,0.6767586,0.46065912,0.7362342,0.6097398,0.48549753,0.8585775,0.6836038,0.46678358,0.84807885,0.7401943
760,15,0.44077906,0.34600413,0.7329729,0.48388004,0.40815973,0.6898757,0.44156843,0.41873667,0.73477405,0.49702886,0.50993305,0.7633159,0.44679707,0.5109455,0.6072005,0.4842843,0.6054545,0.5683299,0.4359366,0.58149284,0.42073014,0.46999598,0.60768694,0.72502077,0.44691008,0.6043672,0.7230156,0.48084313,0.7365053,0.74488145,0.46076998,0.73262244,0.66822207,0.4846665,0.85873663,0.7307097,0.46713004,0.8456695,0.8070806
761,15,0.44125378,0.34653425,0.6439198,0.4824475,0.41003558,0.85892063,0.44206008,0.41933507,0.61230236,0.4946322,0.51039225,0.7334347,0.44614232,0.5134343,0.50933576,0.4841983,0.60571295,0.5617146,0.43580973,0.58359945,0.34062302,0.47031972,0.6082552,0.7182928,0.44779682,0.60573506,0.6969223,0.48184407,0.74090606,0.73662055,0.46096322,0.736095,0.62279636,0.48548058,0.8597644,0.65781367,0.46716607,0.84804684,0.7729861
762,15,0.4407398,0.34713358,0.61473936,0.4822261,0.41054183,0.8457132,0.44221178,0.42018932,0.58102167,0.49507135,0.511149,0.74913394,0.44694772,0.51341903,0.47974065,0.48443228,0.60611457,0.5289671,0.43597284,0.58381176,0.25750768,0.46947613,0.6086844,0.6877836,0.4474977,0.60538137,0.6519177,0.4810748,0.7396516,0.6396253,0.46164888,0.7346784,0.58648235,0.48473376,0.85974574,0.6141903,0.46719262,0.84803116,0.6990221
763,15,0.44057083,0.3466058,0.7039767,0.4840849,0.4085489,0.7037966,0.44122955,0.41871908,0.698937,0.4964575,0.5110973,0.7078209,0.44643345,0.511075,0.64445245,0.48425236,0.6059824,0.5826772,0.4349929,0.5849594,0.3829431,0.47015756,0.60769725,0.7311061,0.4463773,0.6049854,0.7296869,0.48162064,0.73999983,0.80035186,0.46144518,0.73482394,0.70785683,0.4856618,0.86122406,0.7052139,0.4675375,0.84824127,0.8211263
764,15,0.44094303,0.3464805,0.6729204,0.48351285,0.40968317,0.65690225,0.4426048,0.4186189,0.6748978,0.4961954,0.5106872,0.64382166,0.4470973,0.51185644,0.54288083,0.4842915,0.6041169,0.5408251,0.43688184,0.5797994,0.38434473,0.4694666,0.6080121,0.716933,0.44695827,0.6052028,0.6809997,0.48142472,0.74029166,0.6950077,0.46084616,0.7353881,0.6302267,0.4855741,0.8595693,0.64487064,0.46723816,0.8471961,0.7495693
765,15,0.44039717,0.34592238,0.71879625,0.4839486,0.40744478,0.70143414,0.44108862,0.41717082,0.69720906,0.49785906,0.5092152,0.7801044,0.44694483,0.5094113,0.6346178,0.48480016,0.60508627,0.59093827,0.4360538,0.58055776,0.4653105,0.469576,0.60828906,0.7278957,0.4466275,0.60488474,0.74468374,0.48160586,0.7399595,0.7816262,0.4609668,0.7353015,0.71221095,0.48524034,0.8609477,0.7048265,0.4674465,0.8476249,0.82561874
766,15,0.4404441,0.34686992,0.62464243,0.4837547,0.40773445,0.68374157,0.44220352,0.4179449,0.69602525,0.49698237,0.5097123,0.6729643,0.44555727,0.5132798,0.55019116,0.48457795,0.6036405,0.54512256,0.43604535,0.58325315,0.37050658,0.46956748,0.60818887,0.6845497,0.44719332,0.60470265,0.7041191,0.48080876,0.73957723,0.6952539,0.46049124,0.73385835,0.60977983,0.48601386,0.8597264,0.74915487,0.4669192,0.84700394,0.7465504
767,15,0.44047725,0.3460805,0.54064703,0.4839619,0.40769675,0.6899529,0.44266397,0.41707566,0.72126913,0.49679807,0.50890595,0.7002285,0.44656295,0.51121294,0.5887828,0.4844261,0.6052279,0.5462876,0.43442357,0.5818537,0.5255452,0.46946055,0.60789263,0.7077725,0.4469779,0.60402733,0.70697373,0.48121256,0.7404191,0.73823965,0.4606427,0.7345487,0.6275038,0.48550028,0.86015177,0.73125255,0.46711072,0.8474061,0.7684254
768,15,0.44048366,0.34600055,0.52195,0.4837473,0.40901524,0.6794051,0.44198316,0.41899905,0.6280808,0.49723637,0.50985605,0.64192325,0.4450568,0.51587355,0.47742894,0.48323384,0.6065345,0.5276768,0.4341598,0.5859659,0.51276845,0.47023183,0.6083823,0.67910963,0.44819844,0.6049984,0.7072496,0.481491,0.7410799,0.72979164,0.46075675,0.73602825,0.60970104,0.4856756,0.85985523,0.7052063,0.46720925,0.84691274,0.73515624
769,15,0.43921077,0.34631068,0.54257524,0.48399657,0.40601298,0.6221744,0.4410698,0.41691187,0.8670406,0.4977289,0.508985,0.7221237,0.44483623,0.5111417,0.63429385,0.48249066,0.6019077,0.5543862,0.4340499,0.5842406,0.55511665,0.4702713,0.6066165,0.6754448,0.4469675,0.60362417,0.6942927,0.47956803,0.73729545,0.69561493,0.4594327,0.7336639,0.5985417,0.48509008,0.8597705,0.72958034,0.4671583,0.8463296,0.77412856
770,15,0.44073424,0.34699988,0.7146922,0.4837006,0.40502635,0.67675394,0.4408007,0.41694504,0.82143587,0.49606034,0.50952184,0.7589644,0.44266874,0.51066023,0.58647877,0.48088825,0.6057734,0.59901226,0.4336067,0.58524686,0.57644415,0.47173423,0.6069955,0.70691806,0.44795513,0.60427606,0.7212162,0.48011875,0.73831064,0.74926114,0.46033582,0.7348813,0.6367614,0.48558843,0.8589659,0.72798944,0.46774995,0.84681463,0.7772344
771,15,0.4408057,0.34602383,0.61803347,0.48376417,0.40529338,0.87640285,0.4409904,0.41686413,0.7998897,0.4955714,0.50785446,0.78798395,0.44283307,0.5097907,0.5930497,0.47986257,0.60232055,0.53854203,0.43222126,0.5839465,0.5453845,0.47218722,0.6080441,0.6806498,0.44841152,0.60486925,0.7111582,0.47992212,0.7387267,0.60633016,0.46106595,0.7319239,0.5441529,0.48814338,0.8592677,0.7633174,0.46682957,0.8455678,0.71698403
772,15,0.44128427,0.34595484,0.53334635,0.48263633,0.41205794,0.79725564,0.44208068,0.4184568,0.68451416,0.4946696,0.5093248,0.68691385,0.4422785,0.5120324,0.4476021,0.4782963,0.60143006,0.5172283,0.4308929,0.58461565,0.4249468,0.4727802,0.60874915,0.5982656,0.4488765,0.6064159,0.62598664,0.4814331,0.74159956,0.5118699,0.46009433,0.73597664,0.4155258,0.48748475,0.8540143,0.68794787,0.46611854,0.8448225,0.55619234
773,15,0.43841374,0.34562665,0.8047547,0.48376408,0.40599716,0.9201904,0.44194075,0.41593793,0.81874084,0.49505964,0.50940776,0.8279312,0.4429305,0.5105344,0.6812851,0.47826946,0.59991366,0.5068902,0.43160948,0.58624125,0.7929709,0.47295552,0.6071025,0.7235885,0.44722542,0.6052054,0.64568967,0.47919554,0.73968166,0.6214893,0.45928064,0.73378646,0.621405,0.48704922,0.8584511,0.83289975,0.46714953,0.847367,0.6928179
774,15,0.4399486,0.34680012,0.46127737,0.48282108,0.40896222,0.85908854,0.44189128,0.41720304,0.6649797,0.4939691,0.5092879,0.7480514,0.44132048,0.5103847,0.49129236,0.4768254,0.6007308,0.64630085,0.43036684,0.58191293,0.45808005,0.47431162,0.6084387,0.64963627,0.44922855,0.60635006,0.67730814,0.47957197,0.7395495,0.5299304,0.46033892,0.7340579,0.4703536,0.48730004,0.8588853,0.717518,0.46661904,0.8444857,0.5707183
775,15,0.43779442,0.34752303,0.5950402,0.4835381,0.40441447,0.7745709,0.4401921,0.41579026,0.79487693,0.49252814,0.5110196,0.720918,0.44078624,0.50803214,0.6640585,0.4747885,0.6002622,0.48879585,0.4303926,0.5840672,0.77717686,0.47707465,0.6058866,0.7450259,0.44856358,0.60543007,0.67550945,0.47915116,0.7402223,0.5690673,0.45740744,0.735482,0.56041086,0.48732418,0.8577886,0.7103361,0.46769598,0.8462487,0.6947045
776,15,0.43773732,0.34786022,0.6918803,0.4832243,0.4078243,0.8170504,0.441374,0.41821972,0.6893464,0.491016,0.5123505,0.794516,0.44073746,0.506615,0.62989044,0.4732758,0.6000992,0.64375603,0.430601,0.5827899,0.74109125,0.47816214,0.6063618,0.72513896,0.45040607,0.6064367,0.70705575,0.47995156,0.74126905,0.8035595,0.4598231,0.7331412,0.64744955,0.48594424,0.8603137,0.8339308,0.46627218,0.8458408,0.5056925
777,15,0.43690354,0.34990638,0.67458916,0.48304272,0.40644255,0.73746675,0.43956253,0.41678038,0.8636741,0.49020094,0.5093838,0.84492236,0.43945247,0.508131,0.7007828,0.47069326,0.6011609,0.747445,0.43146503,0.5842423,0.7366946,0.47989053,0.6076175,0.776425,0.4513935,0.6082313,0.75694317,0.4789296,0.7387371,0.8078555,0.45864722,0.73577416,0.7515395,0.48683497,0.8596148,0.8159134,0.46662483,0.84944314,0.80754155
778,15,0.4359781,0.35156226,0.79532915,0.48285076,0.4070862,0.88965267,0.4393795,0.4173797,0.72548014,0.48934707,0.5124659,0.636374,0.43947467,0.50888085,0.75427514,0.47075087,0.6005872,0.7580867,0.4301133,0.58417773,0.616761,0.48199457,0.6052783,0.7403154,0.45416728,0.6089401,0.74021506,0.4787445,0.7379104,0.6592628,0.45732635,0.7349339,0.64793634,0.48568866,0.86224216,0.63712317,0.46581346,0.84690034,0.73388404
779,15,0.43441355,0.3546625,0.5911952,0.48117557,0.40693134,0.79950714,0.43801847,0.4189209,0.8111434,0.48771,0.51478624,0.8419844,0.4388085,0.5107967,0.7897094,0.46627134,0.60017824,0.6781962,0.4300812,0.5873256,0.78986114,0.48354146,0.60494614,0.78211397,0.45571992,0.6110218,0.80218965,0.4782138,0.73812276,0.77738076,0.45807144,0.73270094,0.67002505,0.4876233,0.8612371,0.9089377,0.46636313,0.84396905,0.66319025
780,15,0.43400893,0.35603,0.7051758,0.48177063,0.40717253,0.7118085,0.43840834,0.41888806,0.7980154,0.4869598,0.5162163,0.80510616,0.4392702,0.5097498,0.72956574,0.4622703,0.5996549,0.72349495,0.43014005,0.58713853,0.7297052,0.48700324,0.6002529,0.8483193,0.45790285,0.6078651,0.75720465,0.47625333,0.7387657,0.7129881,0.45726737,0.73319,0.7693661,0.48676032,0.8625755,0.89815295,0.46607134,0.84658027,0.8125859
781,15,0.43103006,0.3596032,0.65104127,0.47970548,0.41004476,0.84822094,0.43757287,0.42121994,0.76492566,0.4864346,0.5173949,0.8735775,0.43876788,0.5139781,0.8032258,0.46258888,0.60273796,0.71778566,0.42933857,0.59130824,0.6914897,0.48799106,0.59932476,0.782921,0.45961607,0.6058993,0.7887775,0.47694892,0.73568827,0.6613987,0.4584446,0.7316556,0.7502628,0.48290443,0.86190474,0.60360473,0.46851492,0.8443026,0.84848857
782,15,0.43021324,0.3621781,0.6260997,0.48009938,0.41227016,0.8208031,0.43754023,0.4236214,0.8341114,0.48556092,0.52025986,0.8263402,0.43849283,0.5149921,0.8388188,0.46047783,0.6055935,0.8228241,0.43091795,0.59264433,0.74654865,0.4917737,0.59273976,0.8610049,0.46228638,0.5991677,0.7128078,0.4775221,0.7308561,0.8590839,0.45826694,0.7287236,0.82435995,0.48456922,0.86528885,0.71785957,0.46880874,0.84456146,0.7956346
783,15,0.4298211,0.366832,0.6095807,0.48049605,0.41474375,0.68700343,0.4360164,0.42523944,0.8421404,0.4846758,0.5250295,0.6438981,0.43742937,0.51754814,0.89958,0.4588253,0.6075921,0.7939925,0.4300326,0.5948658,0.70389,0.49394336,0.59040856,0.81942475,0.46116033,0.5927154,0.78568465,0.47565058,0.73187643,0.8219155,0.455634,0.726749,0.817362,0.4851039,0.8632251,0.8751055,0.46885458,0.8454444,0.87125885
784,15,0.42853507,0.37020445,0.60233456,0.48017922,0.42004976,0.6974297,0.43552563,0.42992067,0.8330448,0.48415238,0.52735865,0.8181179,0.4379383,0.51818407,0.8863725,0.45789897,0.61220574,0.67273974,0.4315895,0.5964734,0.776111,0.4977005,0.5835932,0.9166937,0.46379295,0.5840178,0.7240319,0.4748197,0.72958094,0.7946564,0.45317018,0.72154987,0.6679256,0.48754293,0.8639886,0.7990526,0.4698866,0.84305656,0.9089758
785,15,0.42806312,0.37646016,0.70502657,0.47977158,0.42674264,0.7318837,0.4363216,0.43320158,0.8976985,0.482769,0.5349104,0.68007493,0.43790594,0.52527875,0.90846944,0.4572764,0.6166603,0.78465325,0.4326533,0.6062889,0.5851134,0.4992881,0.58039767,0.86721027,0.46450752,0.58240324,0.7229292,0.4752184,0.7336987,0.8998849,0.45235422,0.7294192,0.7808732,0.48759374,0.8662064,0.83317554,0.46802717,0.8474034,0.7325824
786,15,0.4288661,0.38272682,0.77429235,0.47999814,0.4320665,0.6587441,0.43637595,0.44229385,0.8899189,0.48096588,0.5388437,0.7616511,0.4381779,0.5306547,0.86489093,0.4560805,0.6188981,0.7291168,0.4344163,0.6079418,0.6415609,0.5006629,0.57875896,0.84364283,0.46510231,0.5787335,0.77085114,0.4741882,0.7312845,0.81220454,0.4503165,0.72642565,0.69200236,0.48729566,0.862428,0.8025767,0.46753785,0.8437355,0.7072554
787,15,0.4269597,0.38796097,0.72350967,0.4797339,0.43800655,0.89671546,0.4345198,0.44546384,0.836317,0.48061198,0.54394317,0.6294197,0.43951285,0.5331688,0.8213244,0.45654207,0.62444806,0.7389774,0.43627176,0.61367244,0.61357486,0.50274414,0.57883394,0.85177225,0.46351665,0.5805503,0.7485313,0.47389787,0.7366966,0.91649824,0.449686,0.72784185,0.7551379,0.48813677,0.8664185,0.77056324,0.46726644,0.8477285,0.8719226
788,15,0.42780507,0.39551565,0.69564384,0.48036367,0.44310874,0.88652486,0.43391925,0.45021155,0.72582096,0.47974828,0.5489014,0.6398258,0.44058806,0.53983635,0.8014726,0.4558202,0.6275283,0.6834865,0.43790904,0.61817527,0.6310903,0.50458276,0.5798989,0.8047116,0.46531454,0.5838193,0.7765859,0.47279194,0.7320496,0.8578563,0.44843224,0.7280401,0.6999619,0.48675737,0.8578949,0.73989046,0.4659933,0.8437905,0.76297504
789,15,0.42717057,0.40232188,0.6928039,0.47940272,0.44946754,0.83260614,0.433402,0.4563115,0.9050832,0.47875658,0.5554907,0.74158067,0.44162914,0.54431415,0.90401506,0.45417592,0.6359539,0.8076516,0.4391486,0.62620735,0.53564674,0.5065351,0.5882608,0.89596075,0.4681982,0.59205574,0.688519,0.47221074,0.73502773,0.81589586,0.44718048,0.72506803,0.7542239,0.48732454,0.86096585,0.73273885,0.4662474,0.84295815,0.8144603
790,15,0.4257057,0.40796882,0.6759996,0.4802003,0.4540427,0.7917714,0.43254796,0.4626211,0.8138548,0.4793874,0.5644515,0.71977913,0.44304016,0.5522016,0.8256578,0.45650986,0.64281976,0.66760653,0.44123128,0.6326661,0.53022486,0.5079557,0.5935262,0.8082627,0.46985453,0.5962946,0.81296426,0.47137606,0.73867524,0.8622504,0.4471155,0.72744685,0.6458039,0.4884127,0.8643963,0.72592974,0.46611276,0.84092313,0.8407997
791,15,0.42519763,0.41618764,0.71913326,0.4807295,0.4628558,0.890705,0.4337345,0.47029853,0.8838316,0.48019934,0.57059515,0.66343486,0.44428343,0.55706686,0.82843906,0.45676574,0.6478282,0.6180731,0.44316533,0.63882774,0.58954495,0.5095373,0.59945726,0.8010708,0.46955147,0.60015947,0.77238804,0.46985528,0.73524565,0.73913616,0.44676685,0.7273285,0.7027327,0.48684505,0.8589123,0.79261804,0.4661124,0.8393601,0.7042554
792,15,0.4273208,0.42355636,0.7596952,0.47962,0.46895775,0.8615221,0.43298814,0.47661343,0.8052834,0.48040837,0.5765948,0.76166517,0.44634575,0.5637478,0.7095166,0.4572452,0.65092105,0.7725246,0.44593543,0.6430146,0.5991109,0.5094918,0.6061223,0.90086055,0.4731892,0.606072,0.7724996,0.46970648,0.73880196,0.70056117,0.44627032,0.72817403,0.5694616,0.4854913,0.86126256,0.8519584,0.46559265,0.84549224,0.6390673
793,15,0.4272363,0.43019855,0.72813433,0.48110256,0.47640064,0.8734427,0.43235075,0.48074272,0.8379073,0.48158735,0.5854585,0.8061683,0.4468546,0.5722132,0.8470453,0.45901978,0.65477055,0.7989607,0.44775203,0.6466721,0.6002987,0.51135975,0.60516167,0.92348605,0.4726111,0.60555667,0.7108572,0.46849796,0.73728424,0.8480594,0.4452587,0.72713214,0.727856,0.48479113,0.8607665,0.77565473,0.465979,0.8397557,0.7735618
794,15,0.4266456,0.43558365,0.6893553,0.4816545,0.48364705,0.8455847,0.4324374,0.4866506,0.8858868,0.4823922,0.58964777,0.82345545,0.44798633,0.5755865,0.79116344,0.46067354,0.6622744,0.8125805,0.44787058,0.6527401,0.6366016,0.51321197,0.60859376,0.9292211,0.4754973,0.6094707,0.8193255,0.46889597,0.73916703,0.8043674,0.44495347,0.72607833,0.6673696,0.48678443,0.8625632,0.79969144,0.4665464,0.8376775,0.73892367
795,15,0.42747408,0.44222736,0.77363914,0.48251948,0.4890483,0.776259,0.4334202,0.49283227,0.7981985,0.4824446,0.5940899,0.71331644,0.4490464,0.5843424,0.7857333,0.46137366,0.66611826,0.72282666,0.44982728,0.65604204,0.5912323,0.514233,0.61719024,0.9136817,0.47839722,0.6173083,0.6889748,0.46842924,0.74092823,0.8327245,0.44421634,0.72461754,0.55904025,0.4852921,0.86616325,0.87283057,0.46653968,0.83840317,0.5093335
796,15,0.42853937,0.44918692,0.5973415,0.4831381,0.49509102,0.6316372,0.43378478,0.49949798,0.7092144,0.48425707,0.60101265,0.7377971,0.44962698,0.5853436,0.6441985,0.46218142,0.6701708,0.7172985,0.45182058,0.66187996,0.5849019,0.514371,0.6214437,0.94046825,0.47753626,0.6212461,0.824271,0.46817207,0.74351275,0.7956513,0.4433356,0.7275465,0.63874686,0.48518667,0.86585075,0.84144723,0.46621582,0.8364244,0.64344877
797,15,0.42894638,0.45591772,0.50106764,0.4840893,0.5015472,0.70529455,0.4340922,0.5041458,0.6732475,0.48579425,0.6049242,0.81656325,0.4506138,0.5890412,0.6750162,0.4632939,0.6726365,0.762299,0.4523133,0.6652298,0.5763492,0.51530856,0.6257591,0.9376503,0.47786874,0.62488997,0.82148254,0.4659287,0.74375564,0.6791491,0.44113573,0.7271746,0.80404437,0.48532447,0.8659575,0.8327036,0.46577922,0.8376218,0.6983925
798,15,0.42965212,0.46179017,0.76734376,0.4839241,0.50668085,0.66770315,0.4349867,0.5067286,0.8591357,0.48747954,0.61060643,0.8291032,0.45103094,0.59288514,0.7072333,0.46458906,0.6764486,0.76385516,0.45314008,0.66915214,0.6164886,0.5171307,0.62884474,0.9278318,0.4810539,0.62942123,0.8268522,0.46651605,0.74273485,0.9025874,0.43998864,0.7288304,0.78997463,0.486254,0.8677784,0.8019652,0.46435258,0.84084255,0.63173056
799,15,0.43077457,0.46643806,0.7658856,0.4837592,0.51247644,0.78618723,0.4352149,0.5117405,0.68766075,0.4886905,0.6153089,0.7566502,0.45275113,0.59895843,0.602209,0.46643162,0.6814458,0.71093774,0.4549036,0.6732861,0.58857185,0.5180641,0.634034,0.89685005,0.48163745,0.6355897,0.6413312,0.46659806,0.7450534,0.80597013,0.4404786,0.7300988,0.7869993,0.48635405,0.86689895,0.7161659,0.4642205,0.8393567,0.7991306
800,16,0.43064708,0.4700757,0.5074675,0.48356125,0.51681244,0.7944271,0.4364178,0.519314,0.91069585,0.48943475,0.62033814,0.82767206,0.45277908,0.60310566,0.8394642,0.46710727,0.6872873,0.6277356,0.455399,0.6791268,0.7061305,0.51889557,0.6374702,0.9365315,0.4820725,0.6379045,0.8209887,0.46641037,0.7450892,0.8646116,0.43819407,0.73150027,0.6732638,0.48623434,0.8665184,0.86852235,0.46370378,0.8389418,0.7768396
801,16,0.43116868,0.47611696,0.7579532,0.48462802,0.5210743,0.8076436,0.436503,0.5225036,0.85285985,0.49222538,0.6246148,0.7023593,0.45358032,0.6060442,0.8131347,0.4687546,0.68942744,0.67292374,0.45645693,0.681755,0.69999063,0.5195548,0.63918114,0.93111044,0.48242888,0.639811,0.8190161,0.46654278,0.7483039,0.8488298,0.4393937,0.7320988,0.7611556,0.4869906,0.86810607,0.88973576,0.46419036,0.8399162,0.6988327
802,16,0.43258813,0.4801077,0.7722678,0.4854444,0.52525824,0.8015491,0.43687493,0.52600265,0.88605934,0.49353662,0.629263,0.66019493,0.4543503,0.60808676,0.84655875,0.46943665,0.6930701,0.6718964,0.45832938,0.68204975,0.5623798,0.5201813,0.64032453,0.93155366,0.48310706,0.64118195,0.8405408,0.46703544,0.74675316,0.8186777,0.4395998,0.72917897,0.84322006,0.48689637,0.8683974,0.8506483,0.46395192,0.8391337,0.71953493
803,16,0.43404177,0.4832225,0.635309,0.48733476,0.52807236,0.8379361,0.4377058,0.5288086,0.8921767,0.4949964,0.63206977,0.74942106,0.4542827,0.6093673,0.7868297,0.4705694,0.69429827,0.69849765,0.4594837,0.6826854,0.50442916,0.5212203,0.6440251,0.8745969,0.4843102,0.64535576,0.6712175,0.46759093,0.74610966,0.8154488,0.4388872,0.7288861,0.818987,0.4875695,0.8691982,0.85879976,0.46462983,0.8401072,0.76963073
804,16,0.4345623,0.48742104,0.80750555,0.48770562,0.5320428,0.8134119,0.43954745,0.531838,0.88388634,0.4965445,0.6349487,0.7655782,0.45569524,0.6128315,0.71445227,0.47113317,0.69729877,0.64176756,0.4611551,0.6884313,0.519728,0.52163213,0.6475728,0.873089,0.48490778,0.6491924,0.64890456,0.46711066,0.7465911,0.71578115,0.4385928,0.73059994,0.7915724,0.48846298,0.87017035,0.79561657,0.46412238,0.8401432,0.8821803
805,16,0.4357883,0.49025974,0.7192553,0.48822385,0.5346151,0.82908916,0.44127002,0.532532,0.8839523,0.49801826,0.6374518,0.8576247,0.4566551,0.61467844,0.78899205,0.47232887,0.6961135,0.677784,0.46273568,0.68632245,0.5684424,0.52313143,0.64819646,0.90921277,0.485431,0.64944357,0.7925003,0.46670824,0.7493281,0.7440893,0.43812463,0.73168516,0.6189366,0.48726586,0.8671406,0.7490756,0.4653929,0.83963364,0.85038084
806,16,0.43762365,0.49237344,0.66180855,0.48926705,0.5364544,0.80037606,0.44402274,0.5337845,0.8764316,0.49900183,0.63919044,0.8082787,0.45759732,0.6140659,0.74018013,0.47344044,0.6971526,0.6772202,0.46388295,0.68766093,0.4497196,0.5236342,0.6524299,0.8580384,0.48669907,0.6520082,0.8218807,0.46686995,0.75103164,0.8621271,0.4401587,0.72993433,0.7687705,0.48608047,0.8676743,0.8446238,0.46490574,0.8389644,0.7257375
807,16,0.4397101,0.495295,0.8320299,0.49016857,0.53945357,0.76772857,0.4447429,0.5375153,0.92897725,0.5007624,0.6417819,0.8638024,0.4589683,0.6165386,0.6744935,0.47405103,0.6988313,0.59356284,0.46466208,0.6892887,0.40110883,0.5246775,0.6528023,0.90967166,0.487663,0.6522417,0.76404333,0.46659434,0.7515609,0.7971685,0.43897882,0.72954667,0.82895434,0.4858169,0.86754376,0.7875026,0.46677715,0.84008867,0.810706
808,16,0.4419987,0.49739143,0.7864352,0.49228343,0.54115283,0.84795046,0.4459265,0.54003465,0.9253666,0.5035147,0.64499366,0.8472119,0.46047875,0.6181114,0.7258535,0.47537714,0.69881964,0.6442005,0.46598065,0.69026047,0.47051764,0.52587205,0.6561012,0.8627733,0.48888892,0.6539714,0.8116052,0.4664798,0.7523189,0.7244381,0.43926945,0.72902536,0.77538335,0.48580074,0.86763394,0.7150438,0.46716097,0.83842605,0.83155143
809,16,0.4451643,0.498517,0.71458644,0.4946937,0.5441427,0.84244627,0.4476942,0.5420153,0.9137668,0.5048295,0.644886,0.8220696,0.46211135,0.6219511,0.70587903,0.47457063,0.7018599,0.6941855,0.46611583,0.6958557,0.62888426,0.5270806,0.66101307,0.8663653,0.49019825,0.65806377,0.78569156,0.46674353,0.7502844,0.81398517,0.44128674,0.7285489,0.90136135,0.48680195,0.86695176,0.8739625,0.46922076,0.83966553,0.51216465
810,16,0.44842675,0.49684414,0.5138425,0.49627954,0.5467593,0.79767686,0.45206672,0.543592,0.8406719,0.5058109,0.64662254,0.81028956,0.46311048,0.624334,0.7958443,0.47449028,0.7033975,0.44326493,0.46803567,0.6967287,0.54641986,0.5263407,0.66849375,0.8746261,0.4910834,0.66427964,0.7342125,0.4676324,0.75037533,0.7696705,0.4416505,0.7299547,0.80796915,0.48553473,0.86841035,0.69064355,0.4675814,0.8415772,0.797657
811,16,0.44964015,0.49875596,0.4985156,0.49974093,0.5458122,0.78904724,0.45256773,0.5422582,0.9247825,0.5064743,0.64721906,0.89126056,0.4639091,0.62424237,0.8238936,0.47568795,0.7034251,0.5894467,0.46875274,0.69760513,0.54803514,0.5275536,0.6685949,0.8701906,0.49280575,0.66607416,0.64747393,0.46824878,0.75319266,0.8644788,0.44180885,0.72934854,0.88732916,0.48591128,0.868028,0.7849679,0.46820962,0.8428993,0.89726233
812,16,0.45327753,0.49923044,0.7505266,0.50214154,0.5470452,0.81393975,0.455003,0.5425561,0.91500723,0.5080462,0.649201,0.87602603,0.4642826,0.6214699,0.76563346,0.47776005,0.70405644,0.6226436,0.47016686,0.6972439,0.50590324,0.5262684,0.6733214,0.8893235,0.49169105,0.6684071,0.6376582,0.46853787,0.7519078,0.8039726,0.44161364,0.7290862,0.8130726,0.48701012,0.8679086,0.86618584,0.46896493,0.84108526,0.7494566
813,16,0.45570853,0.49863067,0.73845917,0.5031823,0.5500748,0.731907,0.45837888,0.5447585,0.85264254,0.50954384,0.64870507,0.7617619,0.46633875,0.6223289,0.6890363,0.47971565,0.7017964,0.5604849,0.47064513,0.6969943,0.49826264,0.5246007,0.67254335,0.82593477,0.49221593,0.66697216,0.64518166,0.47054437,0.7508722,0.6762423,0.44388968,0.72939914,0.8260161,0.48695526,0.86924154,0.84481937,0.46900654,0.8396696,0.752796
814,16,0.45742425,0.49720356,0.50743043,0.5049398,0.54804224,0.8081933,0.45855337,0.54305726,0.84296834,0.51084644,0.6499729,0.6670833,0.46673444,0.6217875,0.71334493,0.4802942,0.7011226,0.69285667,0.47160146,0.695381,0.57061464,0.52702147,0.67023045,0.9081102,0.4930646,0.66641325,0.5560156,0.4699484,0.75273436,0.81055874,0.44353515,0.7291461,0.83310324,0.4861425,0.86867416,0.9189414,0.4689287,0.83803165,0.8881589
815,16,0.46005327,0.49533302,0.479981,0.50751525,0.5497777,0.70289797,0.46208277,0.54510015,0.79280347,0.5127129,0.64910495,0.80934894,0.46834958,0.6229049,0.594863,0.4810317,0.7007033,0.5047468,0.47226852,0.6957462,0.52159417,0.5273017,0.67732126,0.79890406,0.4954368,0.6714025,0.6635478,0.46983656,0.75093067,0.6239104,0.44443953,0.7274897,0.7139756,0.4873963,0.86792445,0.8494382,0.46889675,0.8416594,0.75641733
816,16,0.46264297,0.49526322,0.74599195,0.51017135,0.5485087,0.6277526,0.46336868,0.5433113,0.7605002,0.5134175,0.6486858,0.7652307,0.46951312,0.6234708,0.661268,0.4799843,0.7017109,0.50282073,0.4712064,0.69670063,0.44609275,0.52700335,0.6728629,0.86980253,0.49588358,0.6677435,0.66960377,0.47192967,0.75013036,0.6664702,0.4450116,0.7285544,0.7615313,0.48721594,0.86925024,0.89059705,0.46931666,0.84163207,0.7247789
817,16,0.46604165,0.49301666,0.6773124,0.5124566,0.55018324,0.6677534,0.4673273,0.5409827,0.6371388,0.51438266,0.64764714,0.65533394,0.47152522,0.6214488,0.601704,0.4831437,0.70015913,0.5835999,0.47289214,0.6945468,0.4714138,0.52662915,0.67630154,0.8273145,0.49531707,0.66908514,0.5664543,0.47241983,0.7528517,0.5397033,0.44599804,0.7281634,0.75568986,0.48747343,0.8671016,0.7667311,0.4704093,0.8393076,0.7754242
818,16,0.46787867,0.49192747,0.5730648,0.5155149,0.5482969,0.7626312,0.46899223,0.5373352,0.65644056,0.51670307,0.6484443,0.87926567,0.472205,0.62073916,0.7480679,0.4812861,0.7013126,0.63604814,0.47191054,0.6964421,0.6629579,0.529078,0.6691463,0.8527566,0.49581048,0.6628053,0.71377295,0.47236404,0.7481078,0.80366594,0.44523433,0.7268862,0.9017268,0.48675534,0.8675462,0.7334637,0.4693321,0.8394175,0.9044593
819,16,0.47041306,0.49113023,0.6660308,0.5174558,0.54634297,0.8609373,0.4712066,0.53715163,0.77083486,0.5169558,0.6468744,0.8661288,0.47365963,0.62149227,0.81082124,0.4836499,0.69664675,0.592365,0.4727003,0.69405633,0.49662268,0.53072697,0.6708382,0.9176581,0.49708447,0.66694915,0.6003856,0.4725938,0.7507902,0.7275358,0.44570774,0.72399384,0.88914514,0.48793685,0.8663991,0.81248516,0.46993437,0.840375,0.8427844
820,16,0.4734006,0.49073204,0.63310826,0.5196208,0.5482018,0.8232151,0.47407156,0.5384023,0.8882773,0.51937556,0.6478285,0.70697933,0.47387138,0.6201354,0.5512985,0.48357946,0.6994223,0.63308036,0.47374043,0.6942934,0.58526355,0.52838355,0.67243683,0.8437874,0.49668264,0.66721594,0.7160461,0.4737547,0.748715,0.7137491,0.44665807,0.72474366,0.87589955,0.48811504,0.865007,0.7649562,0.46974128,0.83920866,0.8998531
821,16,0.4743885,0.49005845,0.70610166,0.5218026,0.54316145,0.8800668,0.4738421,0.53655916,0.9014636,0.51851994,0.64587766,0.73605937,0.4750791,0.6196796,0.8662138,0.4837885,0.6988441,0.67316055,0.47537047,0.6942422,0.6923076,0.5310024,0.6714168,0.8787601,0.4967881,0.6642087,0.6564621,0.47374284,0.7466641,0.7812233,0.4463539,0.72505826,0.88873905,0.48739782,0.8656428,0.8562509,0.469826,0.8382037,0.8713534
822,16,0.4768685,0.48851475,0.703098,0.5230041,0.5423298,0.8419637,0.47660008,0.53736395,0.7976504,0.5192126,0.6452729,0.9035351,0.47556826,0.6225874,0.834662,0.48442847,0.6978344,0.57982725,0.47416255,0.6958684,0.5502295,0.53177726,0.6731541,0.8722275,0.49777782,0.66742414,0.7584548,0.47452718,0.7468631,0.74480236,0.44684306,0.72390723,0.9095675,0.4881768,0.8679936,0.86939245,0.46942034,0.84063584,0.88154453
823,16,0.4786051,0.48754916,0.6789101,0.5240182,0.54189605,0.8557572,0.47778562,0.53701335,0.8258642,0.5193806,0.6460447,0.84361994,0.47604904,0.6212355,0.78546363,0.48350632,0.700501,0.6596287,0.4752548,0.69557583,0.69756407,0.5321784,0.6731328,0.9022808,0.4990052,0.66610736,0.6712679,0.47416577,0.74420714,0.7074826,0.44747096,0.72467875,0.9138478,0.48782137,0.8672061,0.7864591,0.4692863,0.8404657,0.93473625
824,16,0.48079726,0.4866188,0.6219638,0.524898,0.54239196,0.839918,0.47973195,0.5374095,0.89626104,0.5195298,0.6467599,0.8325731,0.47686583,0.62133336,0.79930705,0.4840431,0.7002092,0.63860756,0.47539043,0.69505286,0.65752125,0.53160053,0.67569035,0.9131601,0.4988301,0.66917324,0.7610113,0.474649,0.7466103,0.6655957,0.4476864,0.72330976,0.91699624,0.48782876,0.865398,0.9181548,0.46906418,0.8397179,0.9261974
825,16,0.48246825,0.4871777,0.76118183,0.5264843,0.54160666,0.93054605,0.48083177,0.5356191,0.77376145,0.5218128,0.6445353,0.902986,0.47807074,0.621107,0.9015856,0.4845006,0.69966674,0.5161747,0.47608277,0.69374645,0.5917981,0.53214663,0.67202973,0.924996,0.49943084,0.664876,0.79998,0.4754682,0.74795973,0.78531593,0.44756418,0.7238347,0.9048157,0.48695913,0.8660958,0.8596888,0.46918023,0.8422108,0.78411305
826,16,0.4847402,0.48567024,0.4456848,0.52734786,0.5418018,0.65058297,0.4828103,0.53801453,0.8465066,0.5215252,0.6451985,0.6861735,0.47825262,0.6216616,0.874019,0.48493132,0.6988424,0.6615062,0.47626847,0.6932773,0.7053154,0.5323983,0.6747423,0.9072957,0.49924082,0.6680641,0.7782831,0.47572926,0.7446836,0.64797676,0.44819614,0.72377425,0.9181693,0.48789173,0.8655499,0.91726506,0.4686923,0.83806413,0.9327219
827,16,0.48559597,0.4846032,0.7941482,0.52873075,0.5409418,0.8664327,0.48364905,0.53662056,0.86306137,0.5214155,0.64466065,0.71600443,0.479408,0.6220707,0.9007387,0.4842828,0.6995689,0.64610904,0.47604403,0.6929505,0.7401793,0.5329208,0.67373496,0.9220955,0.49921778,0.66599214,0.7159711,0.47556102,0.74427557,0.773377,0.44824898,0.7226863,0.9192881,0.48730496,0.86562985,0.84104973,0.46946493,0.8398222,0.91885144
828,16,0.48689556,0.48410395,0.8160129,0.52937484,0.5405634,0.7595965,0.4847271,0.53653306,0.90742713,0.5222633,0.6439476,0.66387254,0.4795256,0.62138575,0.859469,0.48570886,0.6981858,0.52641803,0.476972,0.69258183,0.7509922,0.53215843,0.6758109,0.92219627,0.49881402,0.66773975,0.7909498,0.47543144,0.74458605,0.7218757,0.44855195,0.7229322,0.91574466,0.48675597,0.866319,0.794853,0.46919164,0.8397419,0.9317275
829,16,0.48856884,0.48361307,0.665908,0.53128475,0.5399815,0.55979806,0.48498246,0.5380909,0.93039906,0.52270305,0.6437627,0.83552295,0.47989863,0.6223699,0.7847005,0.48508728,0.698848,0.5727317,0.4772566,0.6930939,0.6405024,0.53277326,0.6746837,0.8621378,0.49929258,0.66800386,0.72638386,0.4765197,0.7418904,0.7243417,0.44918835,0.7227527,0.9260786,0.48674658,0.86652946,0.8482712,0.46925333,0.84211624,0.9080322
830,16,0.48945242,0.48237962,0.628217,0.532439,0.5388051,0.7944493,0.48652324,0.53825885,0.78436214,0.52349037,0.64315087,0.83698326,0.48077616,0.6230921,0.78128844,0.4856642,0.69819367,0.52080315,0.47712058,0.69147885,0.73674124,0.5329388,0.67581344,0.89177394,0.49974945,0.6690232,0.778738,0.4763254,0.74176466,0.77558386,0.4490321,0.72243506,0.91621584,0.48707038,0.8650332,0.8103497,0.46914107,0.8401687,0.9235482
831,16,0.4902832,0.48169613,0.6882745,0.53314745,0.53854823,0.8007629,0.48811334,0.53766537,0.8473332,0.5237844,0.64268357,0.8180255,0.4815026,0.6218379,0.8614796,0.48679906,0.6944467,0.65648675,0.47825497,0.688732,0.6666144,0.5330461,0.67701757,0.899496,0.49974003,0.6699658,0.7877154,0.4764209,0.74099,0.76028776,0.44911888,0.72276497,0.90123683,0.48730218,0.86525303,0.93837345,0.4695079,0.8412815,0.93234587
832,16,0.49103346,0.48146045,0.7999198,0.5339746,0.5393918,0.835446,0.48892745,0.5375832,0.88576293,0.52553385,0.64153945,0.7520822,0.48220113,0.6201081,0.88483757,0.48672536,0.694153,0.64281577,0.478296,0.6887436,0.73019415,0.53331465,0.6771637,0.87841535,0.49985257,0.66925246,0.73754203,0.47684532,0.74118644,0.7803477,0.44951263,0.72253364,0.9000423,0.48621422,0.8662314,0.7501745,0.46908614,0.84451574,0.8908739
833,16,0.49197587,0.48069802,0.74871457,0.53481686,0.5398932,0.8523705,0.4896316,0.53779733,0.88934153,0.5249421,0.6417722,0.76655245,0.48271656,0.61973107,0.88851064,0.48718604,0.69464505,0.6571104,0.47850704,0.6891042,0.72783303,0.5331707,0.6775638,0.890837,0.49964607,0.669177,0.75040233,0.47685254,0.74298686,0.78476226,0.44910997,0.7226995,0.8552722,0.48722115,0.86622,0.9046104,0.46887922,0.84459305,0.9175642
834,16,0.49288732,0.47970015,0.5542188,0.53528976,0.5405297,0.8567418,0.4902116,0.5376439,0.8812422,0.5254924,0.6412262,0.7371076,0.4833123,0.61974996,0.8855591,0.48722985,0.694821,0.6782466,0.47828493,0.68946785,0.73305035,0.53327686,0.677543,0.8852881,0.49963582,0.6693496,0.7419304,0.47683117,0.74175996,0.7714694,0.4490384,0.7223874,0.8378624,0.48715565,0.8665829,0.9064853,0.46883616,0.8446651,0.9157701
835,16,0.4936875,0.47785774,0.34500423,0.5351223,0.54096395,0.7730433,0.49163845,0.5382525,0.73175293,0.52542126,0.64089036,0.6824473,0.48365054,0.6194858,0.83295923,0.48722598,0.6952764,0.6504297,0.47841835,0.6901859,0.7140807,0.53275865,0.6786031,0.8898402,0.50032544,0.6697693,0.71479636,0.47669297,0.74105126,0.71002847,0.44979504,0.72199696,0.84040695,0.4870544,0.8669941,0.8847785,0.46896008,0.8453887,0.8933143
836,16,0.49441066,0.47902712,0.61815554,0.5354481,0.5398016,0.8458534,0.4915591,0.53756243,0.7281908,0.52486014,0.6410225,0.7797512,0.4841541,0.61937934,0.8406926,0.4869517,0.6955562,0.6345715,0.4781809,0.6912244,0.72544724,0.5328225,0.6776533,0.86895025,0.50197697,0.6701024,0.68253297,0.47632372,0.7415167,0.6946629,0.44957283,0.7217941,0.85526836,0.4857705,0.86796683,0.6452629,0.46890306,0.8451277,0.88667446
837,16,0.4948494,0.4785908,0.53180677,0.5358312,0.5403002,0.76509017,0.49217066,0.5386068,0.71884066,0.5259674,0.64127564,0.8582149,0.4841189,0.6195603,0.81337965,0.48713067,0.69468236,0.6015964,0.47871646,0.6892807,0.5934408,0.5332615,0.6809274,0.8947052,0.5014122,0.67224,0.73789364,0.47603258,0.7418182,0.6514351,0.44894832,0.7203307,0.7608983,0.48621717,0.8653581,0.8917389,0.46870562,0.84300274,0.8316492
838,16,0.495976,0.4777936,0.7432744,0.5362501,0.5391674,0.84566724,0.49184316,0.53757393,0.7315005,0.5241058,0.64104164,0.6692427,0.4845776,0.62037283,0.71562207,0.48691767,0.69512534,0.534671,0.478882,0.6884725,0.5504199,0.5343891,0.678662,0.92529625,0.5025975,0.6710297,0.6757901,0.4756845,0.74000436,0.7887383,0.44932503,0.7196413,0.90520036,0.48772243,0.86797565,0.80875516,0.46919987,0.84180397,0.8803281
839,16,0.49615288,0.47752494,0.62615293,0.5371389,0.53983516,0.80610716,0.49239063,0.53831077,0.7213213,0.5255017,0.6409183,0.8815767,0.48495382,0.61965525,0.8706939,0.48717803,0.69447935,0.51429343,0.47810787,0.687369,0.714569,0.5337603,0.67928654,0.87509286,0.50200707,0.671656,0.7901408,0.47626594,0.74045783,0.783567,0.44877318,0.7202544,0.8032971,0.48758376,0.86764675,0.89907813,0.46878546,0.8394793,0.8922195
840,16,0.49759632,0.47646084,0.74718684,0.536706,0.5406748,0.7381757,0.49364477,0.53927404,0.7476403,0.5252688,0.6402863,0.8588416,0.48541242,0.6195404,0.5793494,0.48687312,0.69469506,0.4758107,0.4791989,0.6891242,0.54332244,0.53285605,0.6798378,0.82901204,0.50185096,0.6726383,0.7421703,0.47571316,0.73980653,0.70227116,0.4491295,0.72069705,0.8432648,0.48804176,0.8677687,0.91086096,0.46962017,0.8404777,0.8788998
841,16,0.49697748,0.47631034,0.74678683,0.536622,0.54144484,0.7718905,0.49384117,0.53945315,0.7547408,0.5243584,0.63919383,0.7626019,0.48536018,0.6200131,0.6088227,0.48689467,0.69469696,0.4240339,0.47913414,0.68745387,0.58633983,0.532081,0.6807517,0.7871917,0.5017026,0.6727243,0.6413504,0.47598884,0.7394795,0.6546048,0.44950974,0.7211233,0.8319998,0.4880882,0.8687612,0.9062586,0.46891612,0.8432103,0.64740896
842,16,0.4980156,0.47629586,0.603388,0.53658,0.54232216,0.7772927,0.49400598,0.538824,0.74403524,0.52427804,0.6381436,0.72778285,0.48548314,0.6190625,0.6131706,0.48811638,0.69188344,0.55516917,0.47882408,0.68755287,0.59799784,0.5317341,0.6795346,0.7299843,0.50247025,0.6726181,0.5157338,0.47599417,0.74041927,0.6370888,0.45007116,0.7211922,0.8427162,0.48798102,0.8687929,0.9103487,0.46907935,0.84226173,0.8459502
843,16,0.4979835,0.4762091,0.6826493,0.53730357,0.54194903,0.8338786,0.49398506,0.537904,0.77250594,0.52406377,0.6393673,0.6165603,0.48548126,0.6194975,0.71966606,0.48697898,0.69492185,0.5464815,0.47928727,0.6889234,0.55202794,0.5329781,0.6793107,0.8318429,0.50232476,0.6722624,0.6530462,0.47549096,0.7397664,0.73648596,0.44963133,0.7202186,0.8860656,0.48793688,0.8676661,0.78463876,0.46914703,0.8414162,0.8839967
844,16,0.498104,0.47620845,0.6845538,0.5376267,0.54175824,0.76775455,0.49440643,0.53822047,0.8135208,0.5251721,0.6398025,0.82459855,0.48551348,0.6199147,0.69894,0.48683146,0.69463766,0.48129734,0.47946152,0.6887865,0.5088611,0.53204805,0.6808731,0.8357614,0.50125194,0.6730384,0.7392483,0.47574437,0.7398494,0.7363277,0.4494208,0.72070503,0.87879306,0.48795566,0.8683083,0.77805805,0.4694615,0.84008515,0.8802114
845,16,0.4990296,0.47549143,0.63824326,0.5375386,0.54315335,0.8013537,0.49431744,0.5375803,0.7929348,0.5242802,0.6387169,0.7508319,0.4859099,0.61874205,0.82624674,0.48816568,0.6920485,0.69340956,0.47844714,0.6862377,0.6103914,0.53201526,0.680825,0.7960853,0.5011089,0.672146,0.63378334,0.47591653,0.74151134,0.7447502,0.44959533,0.7211499,0.86572635,0.48737893,0.8697089,0.79916495,0.4680781,0.84152925,0.8226982
846,16,0.49957338,0.47585213,0.64866555,0.5376195,0.54401016,0.7148618,0.49453124,0.5377495,0.8230401,0.5245246,0.6383321,0.649484,0.48600104,0.6184907,0.7424622,0.4879625,0.6941155,0.49802962,0.47836193,0.6869395,0.5608285,0.53074807,0.68111223,0.70929134,0.5008845,0.6708565,0.4928256,0.4763209,0.741045,0.61539847,0.45017418,0.72173166,0.7900246,0.48713717,0.87127066,0.8923552,0.46868068,0.84332424,0.73303556
847,16,0.4998331,0.47599548,0.7263248,0.538173,0.54119056,0.6730825,0.49446398,0.5364444,0.5601325,0.5250292,0.6380545,0.7417713,0.4851808,0.618225,0.76828164,0.48744908,0.6941907,0.6886354,0.47900617,0.68743354,0.6411323,0.5318184,0.67951065,0.84675956,0.5014196,0.67243946,0.6739878,0.47534272,0.73921347,0.70496994,0.44942328,0.72047263,0.90513134,0.48724923,0.87077355,0.91883034,0.46800804,0.8428675,0.69773257
848,16,0.5000485,0.47646812,0.6070064,0.5381271,0.5436903,0.68702954,0.4945289,0.53794456,0.8711981,0.5251457,0.63895607,0.7301321,0.485597,0.6188861,0.6968439,0.4879155,0.694039,0.56282413,0.47840163,0.6870985,0.6004072,0.5307095,0.68113625,0.7482193,0.5007917,0.6720363,0.55910444,0.4764151,0.7414647,0.64585865,0.4499717,0.72139895,0.82012814,0.48734093,0.86976624,0.7712551,0.46854916,0.84459186,0.78377306
849,16,0.49995786,0.47595176,0.73238903,0.5383753,0.542221,0.6612842,0.49494594,0.5371655,0.59667635,0.5247862,0.63846266,0.6931426,0.48529586,0.6186537,0.7521107,0.487356,0.69370425,0.6655597,0.4779266,0.6862463,0.6934669,0.53171456,0.67897254,0.8097782,0.5016651,0.67248833,0.635273,0.47579774,0.7426943,0.8000903,0.44949323,0.72088903,0.88533235,0.4863622,0.8698563,0.67422277,0.4681276,0.84311616,0.6642613
850,17,0.49942017,0.47695318,0.7154162,0.5390549,0.53909636,0.8075435,0.49354103,0.5353135,0.871466,0.5242596,0.6385941,0.78230387,0.48514584,0.6188609,0.87684464,0.4870338,0.69347537,0.64893025,0.47952196,0.68690854,0.6113362,0.5343146,0.677781,0.926408,0.5024416,0.67006433,0.7080568,0.4755854,0.7378429,0.6911645,0.44915363,0.7204132,0.9231486,0.48676106,0.8694623,0.8243254,0.46793547,0.84296787,0.9193619
851,17,0.49970424,0.47591925,0.44152027,0.53823596,0.53969663,0.7349947,0.49476707,0.5370568,0.868549,0.5257769,0.64021814,0.87067264,0.48575935,0.61879396,0.7292455,0.48743737,0.693343,0.60732,0.47919205,0.6872463,0.5578002,0.53376377,0.67965424,0.87220776,0.50179344,0.67169213,0.768466,0.47553864,0.74012834,0.70535517,0.44807392,0.72247225,0.7876148,0.48841265,0.8697881,0.89459264,0.46928912,0.8409885,0.8817312
852,17,0.4998333,0.47593057,0.5617664,0.5385428,0.54277384,0.7694749,0.49474856,0.5382508,0.85568845,0.5250753,0.6401964,0.83888716,0.48556665,0.6193844,0.6454164,0.48710978,0.6937316,0.4641145,0.4791729,0.68598396,0.61066073,0.53130436,0.6812777,0.79364794,0.5005768,0.67350703,0.69183797,0.47585157,0.7405948,0.7117934,0.44937,0.7217319,0.83339936,0.48795807,0.87005544,0.90591925,0.46859843,0.8437335,0.6281546
853,17,0.5000751,0.47636515,0.77001196,0.53869873,0.54068106,0.74620515,0.4938869,0.5364371,0.8184225,0.5241984,0.6387454,0.76092434,0.48497465,0.61867416,0.8734731,0.48812065,0.6913067,0.7161974,0.47800514,0.6851264,0.66690385,0.5318649,0.67954165,0.7915956,0.5006076,0.6715456,0.6488072,0.47559664,0.74209005,0.78713083,0.44941938,0.7209892,0.89276123,0.48731264,0.8699163,0.8172742,0.46789756,0.8429927,0.7985721
854,17,0.50000346,0.4762871,0.69852597,0.5385955,0.5418748,0.82416767,0.49415213,0.53615284,0.8669963,0.52443266,0.63951164,0.7514446,0.48509252,0.6181425,0.78368175,0.4869322,0.69360816,0.61801916,0.479071,0.68739647,0.52893835,0.532669,0.67990553,0.8495831,0.50249356,0.6720027,0.61095476,0.4755607,0.7413612,0.74320614,0.44945553,0.72136545,0.8772431,0.48646018,0.86992204,0.786567,0.46799546,0.84614736,0.6670007
855,17,0.49970457,0.47542313,0.4227636,0.53830314,0.54265726,0.7235144,0.4946977,0.53751993,0.8699032,0.5249064,0.6412414,0.83070534,0.48534787,0.61922854,0.69697046,0.48782572,0.69094217,0.52687836,0.47819155,0.6867046,0.7301671,0.53226924,0.67829794,0.7415437,0.5015198,0.67094874,0.58875996,0.4760164,0.74106556,0.7161329,0.4497099,0.72157174,0.83107764,0.48819873,0.8698936,0.84256786,0.46821228,0.84219015,0.8136348
856,17,0.5000139,0.47529942,0.6832618,0.5377933,0.5435557,0.76573414,0.4946746,0.537574,0.8292797,0.5250553,0.64068943,0.8191587,0.485467,0.6189582,0.6776573,0.48703602,0.6942177,0.51041347,0.47858796,0.6890909,0.4651865,0.5322218,0.6813854,0.8372906,0.50170153,0.6727116,0.64608544,0.4763495,0.740132,0.5578438,0.44962063,0.72252053,0.7215363,0.4871458,0.86994505,0.70020926,0.4685181,0.8451368,0.78225285
857,17,0.49984825,0.475862,0.6766719,0.5380682,0.542526,0.8214485,0.4944155,0.536722,0.7988073,0.5245114,0.6398247,0.83292025,0.48535162,0.6179455,0.6883272,0.48782554,0.6919223,0.65064937,0.47846106,0.68600667,0.6188255,0.53257734,0.6797719,0.7684988,0.5016482,0.6716899,0.6153096,0.47556978,0.74157673,0.7588384,0.4493726,0.7210309,0.8468568,0.4875705,0.87214446,0.91879106,0.46823174,0.84251666,0.8154942
858,17,0.49967322,0.4767212,0.6320377,0.53834116,0.5421822,0.836892,0.4942414,0.53626114,0.8513021,0.5251227,0.640942,0.90193737,0.48511702,0.6189858,0.79880345,0.48695818,0.69358623,0.6021572,0.4793871,0.68679947,0.53476274,0.53178144,0.6796659,0.83997935,0.5002549,0.6715297,0.7483236,0.4753885,0.73867196,0.6557723,0.4488849,0.720518,0.89809734,0.4876927,0.8706254,0.9353376,0.46835902,0.8419251,0.8855894
859,17,0.49987262,0.47622377,0.6859904,0.5380299,0.5403961,0.51213473,0.49387488,0.53622085,0.8755807,0.52445996,0.6401634,0.75812536,0.48469326,0.6185078,0.801762,0.4865436,0.6943605,0.66306907,0.47854662,0.68805474,0.5765374,0.53193164,0.6801262,0.84370035,0.50168,0.67318815,0.6459274,0.47545108,0.7430714,0.740018,0.44946855,0.7207552,0.88274306,0.48661157,0.87147284,0.79418415,0.46819362,0.8433135,0.8272815
860,17,0.49967945,0.4760202,0.49801964,0.5377889,0.54242826,0.75831884,0.4942913,0.5368569,0.8578688,0.5249147,0.6401739,0.8234399,0.4852044,0.6182522,0.7098796,0.4880799,0.69225043,0.63675797,0.47768348,0.68618536,0.5995282,0.5317744,0.6799142,0.7427065,0.5008992,0.67142093,0.58855474,0.47624648,0.7427117,0.72879523,0.44922066,0.721015,0.84731406,0.48782238,0.87047523,0.79257065,0.46869418,0.8410052,0.6609054
861,17,0.49969876,0.47557193,0.7008594,0.5378033,0.54290766,0.7971977,0.4942954,0.53641963,0.830593,0.52426416,0.6405076,0.67783844,0.4853471,0.61810154,0.7417768,0.48666266,0.69424003,0.5965446,0.4781882,0.6860102,0.6653634,0.5316151,0.679473,0.8171005,0.50116515,0.67098343,0.61179787,0.47537944,0.74185586,0.718566,0.44917735,0.7212284,0.86565715,0.48748055,0.87102085,0.9143908,0.46822542,0.84649503,0.7067004
862,17,0.49972162,0.4762727,0.64829123,0.5378126,0.5430143,0.75829047,0.49440777,0.53683794,0.86353725,0.524589,0.6405795,0.66272736,0.48526913,0.61834764,0.72508484,0.48669946,0.69488674,0.61631966,0.4787261,0.6885456,0.55137753,0.5315636,0.67920285,0.8137633,0.50235814,0.6719622,0.5892398,0.47561586,0.7423611,0.7128033,0.44937202,0.72148234,0.8648856,0.48737806,0.87055916,0.91387033,0.46830833,0.8453996,0.6938936
863,17,0.49949953,0.4759594,0.59741205,0.5375036,0.5425225,0.7567893,0.49448913,0.5373159,0.8379851,0.52566177,0.6414768,0.83285755,0.48534045,0.6191153,0.699564,0.48691753,0.69435483,0.5070149,0.478884,0.68660575,0.72431666,0.52996045,0.6800103,0.7777499,0.5003661,0.6729029,0.6392077,0.47561625,0.74241143,0.630624,0.44968316,0.72093415,0.83449495,0.48782545,0.86976844,0.91451466,0.4685316,0.8428343,0.8308213
864,17,0.49946386,0.47595978,0.71211994,0.537418,0.5433655,0.7919105,0.49439245,0.5373184,0.6323538,0.52561754,0.63942957,0.7764742,0.484828,0.61903757,0.77141106,0.48680013,0.695427,0.6669298,0.4780659,0.688839,0.5794701,0.530758,0.67948747,0.80201626,0.50072676,0.6727561,0.6436681,0.4755704,0.74464345,0.7623764,0.44906673,0.7218565,0.90270686,0.48688883,0.86942714,0.6688565,0.4683586,0.8414289,0.7396768
865,17,0.49915472,0.47571626,0.73489094,0.5379141,0.54048705,0.69893116,0.493556,0.5363904,0.8454992,0.5255809,0.6398417,0.82886064,0.48451185,0.6193511,0.8026173,0.48690492,0.69537425,0.7018198,0.47802463,0.6888679,0.6640715,0.5312702,0.67934966,0.8448913,0.5009974,0.67259747,0.6807819,0.47549134,0.7430866,0.806678,0.44918835,0.7209815,0.92193395,0.4874482,0.87080437,0.9230328,0.46830234,0.842926,0.86503184
866,17,0.49855244,0.47583777,0.5665677,0.5381242,0.53930086,0.76392436,0.49324322,0.5357215,0.90278596,0.5244096,0.64066935,0.8220011,0.4844524,0.6194524,0.86291206,0.486771,0.69532484,0.70074874,0.47815612,0.6885453,0.68176323,0.5332185,0.6792417,0.8758085,0.5007746,0.67018616,0.7162368,0.47567394,0.7396548,0.7428034,0.44889003,0.7209996,0.93136847,0.48700282,0.8700047,0.8526466,0.46806577,0.8433076,0.87137353
867,17,0.49898046,0.47561306,0.4634198,0.5371451,0.5410506,0.719844,0.49415925,0.5376399,0.8870228,0.52450955,0.64131176,0.5615152,0.48520142,0.61881137,0.7658591,0.486854,0.69474345,0.6683208,0.47878706,0.6878526,0.5944903,0.53253746,0.68011826,0.8609246,0.50088185,0.67138886,0.6934671,0.47577313,0.7423967,0.737893,0.44895464,0.72226584,0.79666823,0.4879306,0.86817807,0.90994036,0.46840444,0.84385884,0.7433426
868,17,0.49901018,0.47564256,0.6188434,0.53720367,0.54366064,0.7343111,0.4942693,0.53779566,0.810411,0.5259842,0.642284,0.77193606,0.4852597,0.6191201,0.59756213,0.4873314,0.69452935,0.47655407,0.47857296,0.6861857,0.5645911,0.530495,0.68065035,0.7324013,0.50064343,0.67126083,0.5493518,0.47620007,0.74258006,0.6084142,0.44984236,0.7219396,0.81372344,0.48795623,0.86878926,0.8976596,0.468204,0.8458054,0.6665599
869,17,0.4991151,0.47545263,0.72441375,0.53699684,0.543641,0.8031314,0.49372387,0.5373376,0.8251157,0.5259601,0.6412061,0.8089572,0.48464793,0.61980796,0.75537485,0.48688745,0.69531655,0.6677853,0.47813827,0.6891776,0.60275286,0.52983516,0.67987555,0.8003371,0.49991667,0.6722861,0.6797336,0.47507563,0.7400363,0.65247613,0.44934756,0.7211856,0.9018082,0.4876608,0.86960113,0.9174204,0.46842116,0.8437172,0.6774099
870,17,0.49899614,0.47609016,0.76598626,0.5375679,0.54098046,0.7221987,0.49323812,0.53707373,0.6556982,0.5260962,0.6427713,0.8558128,0.48454577,0.61898565,0.84412277,0.48609877,0.69593203,0.6607602,0.47780985,0.6891742,0.6835582,0.53187484,0.6792519,0.8415079,0.5010172,0.6725096,0.7251584,0.47445014,0.7417363,0.72138745,0.44837755,0.720677,0.9297825,0.4870856,0.86885005,0.84910643,0.4683295,0.8427383,0.8442447
871,17,0.49875048,0.47618443,0.5651992,0.5371115,0.54384065,0.7126072,0.49378416,0.53804255,0.8543089,0.52581173,0.64276665,0.79170716,0.484793,0.6199488,0.67099684,0.48658007,0.6956247,0.5443111,0.47860342,0.6891109,0.50124687,0.53225917,0.6805453,0.816689,0.5020474,0.6728199,0.5974789,0.47603378,0.74205565,0.67284566,0.44936126,0.7208034,0.8456883,0.48687634,0.87040776,0.7742957,0.46818984,0.8456335,0.6256881
872,17,0.49850693,0.4751469,0.44154954,0.53615737,0.54384965,0.5352808,0.49425384,0.5383737,0.79832137,0.5258043,0.64300835,0.77241254,0.48511305,0.6197596,0.51017493,0.48748228,0.69539785,0.39137056,0.47870687,0.68710476,0.4842114,0.53040487,0.67949647,0.6241294,0.5001871,0.6713736,0.47644168,0.47632855,0.74173343,0.53003633,0.44943446,0.7220078,0.7349853,0.48774832,0.87014395,0.8919574,0.46918896,0.8434757,0.6450795
873,17,0.4988883,0.47535005,0.7195526,0.53646356,0.5439202,0.7978444,0.49350974,0.5375346,0.7969559,0.5264911,0.64304066,0.7477146,0.48461303,0.618998,0.7167873,0.486364,0.69575006,0.59427637,0.47778904,0.68997127,0.56923556,0.5300337,0.6816029,0.8204115,0.49956197,0.67334825,0.6799443,0.47575358,0.73967874,0.62004143,0.44872272,0.72223765,0.76757276,0.48704246,0.86868304,0.79502326,0.468412,0.8446934,0.77989286
874,17,0.49881274,0.47659037,0.7067615,0.5371277,0.54179955,0.64066476,0.49351805,0.5368564,0.62923115,0.5258478,0.64226145,0.8308869,0.48437756,0.61966527,0.8256463,0.48667628,0.6957766,0.67167956,0.47691286,0.68651927,0.71419924,0.53212804,0.67875093,0.9020661,0.5008337,0.6717083,0.5999145,0.47548255,0.7449706,0.79250985,0.4479938,0.7220849,0.91503525,0.48687714,0.8694068,0.791605,0.468074,0.84242207,0.69736856
875,17,0.49802628,0.47587937,0.3175704,0.53706104,0.5438234,0.71979576,0.49363425,0.53849757,0.8765942,0.5246609,0.64216477,0.5740317,0.48493937,0.6207809,0.7603152,0.48623905,0.696642,0.6176546,0.4777964,0.6908945,0.61430544,0.53184503,0.68158025,0.86605436,0.5011265,0.6735066,0.6874343,0.47596413,0.7424687,0.7143166,0.44907513,0.7208156,0.86471105,0.48737314,0.868996,0.80915153,0.46826696,0.84546274,0.77970695
876,17,0.4981972,0.47580358,0.52675545,0.5363214,0.54429805,0.6972632,0.49348322,0.538757,0.81195277,0.52558255,0.6435207,0.8104514,0.48484153,0.6208546,0.67873937,0.48824728,0.6932644,0.6174451,0.47799486,0.6874932,0.59640104,0.5315462,0.6788382,0.82601106,0.5018325,0.6716598,0.67553705,0.47687766,0.7427711,0.74517405,0.44929,0.7211808,0.8189861,0.48764977,0.86987156,0.8077042,0.4680537,0.84354633,0.8075249
877,17,0.49837488,0.47619623,0.5510304,0.53720194,0.5442622,0.7969076,0.4935794,0.538601,0.78652656,0.5255726,0.64342946,0.821908,0.48505625,0.62019014,0.7051772,0.48635867,0.696035,0.5828903,0.47843474,0.6908683,0.5993492,0.5323266,0.67903024,0.8295604,0.50090146,0.6712473,0.65745425,0.4759077,0.7437329,0.64186794,0.44907245,0.7206099,0.87144667,0.486832,0.8679846,0.752453,0.46901116,0.84130734,0.897371
878,17,0.49823382,0.476363,0.5563439,0.5371334,0.5446185,0.7485582,0.49372253,0.5387231,0.79782754,0.5254719,0.6433431,0.8019282,0.48502705,0.62030196,0.6711989,0.48627013,0.69614965,0.5423609,0.4780913,0.6899005,0.69139755,0.5311288,0.6808916,0.824729,0.5005516,0.67284644,0.65384454,0.47607976,0.7430502,0.61784047,0.44943148,0.7207243,0.8432963,0.4877161,0.86848825,0.91383874,0.46903744,0.8440499,0.7372724
879,17,0.4975012,0.47680274,0.5855614,0.5367355,0.5434154,0.86203,0.49315032,0.5378116,0.82803303,0.524717,0.6429011,0.80489737,0.4841848,0.62111354,0.8212984,0.48654947,0.6964944,0.70078874,0.47803482,0.6901564,0.65766853,0.532653,0.6788987,0.8361701,0.5013656,0.6724157,0.69362247,0.47521478,0.74052477,0.7313173,0.44845754,0.720525,0.91843885,0.4870159,0.869921,0.840945,0.46832702,0.8421027,0.8773106
880,17,0.49766383,0.47740066,0.6410291,0.53687465,0.5443818,0.6892792,0.49373978,0.53957105,0.8374066,0.5253523,0.6436999,0.7885968,0.48506942,0.62080985,0.6183931,0.48671338,0.6963942,0.5262724,0.47833806,0.6893117,0.6396889,0.5313627,0.6807823,0.78604996,0.5010029,0.6717974,0.5911903,0.47625896,0.74237865,0.6251896,0.44897062,0.7206713,0.8153357,0.48826286,0.8695029,0.9149043,0.4682087,0.8461561,0.7542107
881,17,0.49748045,0.4763768,0.65213525,0.5369368,0.5442384,0.8342571,0.4932583,0.53795195,0.76959956,0.5246635,0.643064,0.6361245,0.48463058,0.6215713,0.78849334,0.48597077,0.69692206,0.6512136,0.47785485,0.69124496,0.67762774,0.5325296,0.67848146,0.84204215,0.50161076,0.67206943,0.68600404,0.47571203,0.73970586,0.70258296,0.44867685,0.7195659,0.907397,0.48781157,0.869382,0.9288702,0.468079,0.8444348,0.82109904
882,17,0.4972781,0.47681952,0.71900064,0.5358605,0.5442831,0.5723061,0.4938001,0.5404044,0.83410865,0.52519155,0.64374536,0.7314531,0.4847706,0.6214412,0.73874646,0.48701394,0.69664377,0.47289833,0.47826296,0.69071275,0.6106829,0.5312453,0.6824609,0.76667017,0.50088936,0.6728997,0.56077254,0.47678888,0.7436668,0.51189846,0.4496847,0.721187,0.77795357,0.4884021,0.8688663,0.9056803,0.46854103,0.84613556,0.740906
883,17,0.49735364,0.47649232,0.621636,0.5363589,0.54444426,0.8199122,0.4931508,0.5392011,0.74832076,0.52451795,0.64271057,0.76041657,0.4847413,0.6220606,0.7259733,0.4868261,0.69658744,0.62680584,0.47842628,0.6902115,0.57474095,0.5321855,0.6787344,0.77567357,0.5005074,0.67219794,0.65321445,0.4760453,0.7400629,0.6867113,0.44897017,0.7206881,0.88264084,0.4870552,0.87041354,0.8386776,0.4678918,0.8455632,0.74387765
884,17,0.49743542,0.47667038,0.66435546,0.53683877,0.54502887,0.7636352,0.49352875,0.5392551,0.803834,0.52496666,0.6434571,0.63038063,0.48500735,0.6215194,0.69300765,0.4863014,0.696754,0.59622175,0.47791666,0.6915919,0.6091921,0.5314659,0.68050545,0.82975894,0.5005055,0.6730472,0.67325187,0.47640845,0.74471176,0.6807774,0.4490021,0.72089434,0.8516736,0.48777935,0.86831456,0.9141721,0.46905658,0.84360737,0.76843476
885,17,0.49731442,0.476683,0.57006234,0.5361748,0.5450801,0.70821786,0.49350944,0.53864133,0.77289337,0.52498156,0.6444613,0.7578959,0.484791,0.6217103,0.6751228,0.4867493,0.69701403,0.56707656,0.47810182,0.6913304,0.51809067,0.53011256,0.68003744,0.7001971,0.50141436,0.673502,0.5033579,0.47648814,0.74341816,0.65207493,0.44979393,0.72138196,0.81970376,0.487886,0.8702215,0.9000197,0.4683036,0.8467827,0.680176
886,17,0.49671382,0.47725362,0.5972884,0.5364474,0.54500973,0.75746125,0.49324894,0.5385228,0.8190729,0.52483803,0.6431688,0.6187817,0.48448664,0.6218078,0.7491863,0.4865927,0.69707483,0.6624954,0.47761056,0.6908544,0.6157437,0.53162175,0.67867005,0.79387844,0.501393,0.6728744,0.6423098,0.4756509,0.7411712,0.69888043,0.4489511,0.7205911,0.88748825,0.48681322,0.86886346,0.8350868,0.46794975,0.8443494,0.6729006
887,17,0.49656132,0.47681895,0.7546318,0.5358209,0.5442242,0.5891849,0.4936398,0.5399393,0.84256756,0.5250848,0.644193,0.76044095,0.4851388,0.62195855,0.6480613,0.4866678,0.696855,0.5235432,0.47813144,0.69172585,0.55163234,0.53008854,0.68316364,0.76949847,0.5000613,0.67443657,0.6046018,0.47676012,0.74423254,0.5992877,0.44965047,0.7212348,0.79345846,0.48774573,0.86941147,0.90403724,0.46802416,0.8459962,0.7675993
888,17,0.4972829,0.4764944,0.62140363,0.5359492,0.5446477,0.81153905,0.49295717,0.53825796,0.7334468,0.5249352,0.64361304,0.7587622,0.4844135,0.6217978,0.75517255,0.48683673,0.6979234,0.6438577,0.47758147,0.6912435,0.55324453,0.5319738,0.6791133,0.8730249,0.50079834,0.67257017,0.51582277,0.47629455,0.74478424,0.7374682,0.44869754,0.72164655,0.89330006,0.48605564,0.8683102,0.7275763,0.46816102,0.8436467,0.73813736
889,17,0.49634185,0.47733137,0.7394306,0.53690314,0.54354984,0.81728446,0.49330685,0.53861105,0.85210526,0.52438605,0.6429782,0.6828645,0.48477322,0.6216003,0.779708,0.48603222,0.6975757,0.6693077,0.47753042,0.6917275,0.69139206,0.53296113,0.6800836,0.86898685,0.5020036,0.6731329,0.71783984,0.47580993,0.74258095,0.7549046,0.44890946,0.71996367,0.91215265,0.48681277,0.8689878,0.82559717,0.46843663,0.8433611,0.9189053
890,17,0.49718317,0.47740746,0.73547465,0.53581417,0.54460573,0.52517927,0.4935862,0.5395939,0.773822,0.52528346,0.6444688,0.80082047,0.48532632,0.62159973,0.60078055,0.48677415,0.6969684,0.43387085,0.47805554,0.690577,0.64392126,0.5316807,0.6802256,0.71190244,0.5012399,0.67279655,0.5914258,0.47643006,0.74238145,0.6423402,0.44870517,0.7206131,0.81141895,0.4882444,0.8696262,0.9239785,0.46863753,0.8454646,0.64488673
891,17,0.49648285,0.4779237,0.76930934,0.53591573,0.545003,0.71258706,0.4933881,0.5394699,0.7861966,0.5253738,0.64415365,0.81353,0.4850897,0.6217206,0.68961275,0.4862412,0.6972859,0.5296341,0.47826475,0.6916958,0.56119347,0.5313794,0.6800236,0.7825011,0.5017353,0.67327964,0.56234384,0.47598845,0.7427158,0.6447861,0.44908768,0.72006124,0.84089106,0.48815295,0.86979866,0.9115033,0.46861637,0.8454139,0.77342397
892,17,0.49658534,0.47795925,0.75237834,0.53579986,0.54516655,0.666549,0.4934055,0.539767,0.79317224,0.5252919,0.6441983,0.757649,0.48504654,0.6214574,0.6121614,0.48674387,0.69737405,0.4798866,0.47865352,0.6915701,0.47152153,0.53039306,0.68200547,0.7270528,0.500427,0.67269665,0.5113373,0.47651464,0.7421575,0.5397902,0.44944063,0.72100455,0.79579175,0.48812473,0.86937755,0.88113403,0.46851057,0.8461729,0.68243295
893,17,0.49641532,0.47797507,0.6332548,0.53582096,0.54437065,0.792936,0.4930554,0.5383936,0.7574261,0.5247249,0.64402497,0.6627093,0.48426455,0.6222318,0.77782315,0.48648536,0.6976369,0.68491185,0.4776163,0.6912285,0.61486036,0.5316672,0.6792707,0.78708935,0.50068295,0.67287105,0.61628395,0.47583798,0.7443413,0.7693435,0.44870922,0.7204505,0.8912802,0.48690116,0.86864,0.8451475,0.46849203,0.84132564,0.85886174
894,17,0.49618912,0.47767293,0.68846893,0.5352751,0.5444814,0.5797853,0.49347,0.5399877,0.8572846,0.52536607,0.6439852,0.5884168,0.48486838,0.621527,0.64096564,0.48636577,0.6975357,0.4911844,0.47781575,0.6927157,0.5473487,0.5296329,0.6835725,0.7290689,0.5003914,0.6744434,0.58807933,0.47654146,0.741817,0.58413583,0.44976184,0.7205536,0.79559624,0.4879078,0.8700743,0.8912771,0.46818188,0.8448973,0.6409648
895,17,0.49577993,0.47794703,0.62372065,0.5359506,0.5449474,0.8177916,0.49286613,0.5385724,0.74694043,0.52520174,0.6453857,0.77423316,0.48433378,0.6217932,0.7691158,0.4869395,0.6978726,0.64839417,0.47775224,0.69059646,0.5715646,0.5324685,0.68005866,0.71076274,0.5005901,0.67368084,0.5872442,0.47617587,0.74511933,0.73735386,0.44856283,0.72034967,0.8841264,0.48649377,0.8696386,0.75256443,0.46793002,0.8434579,0.7589573
896,17,0.4963601,0.4776057,0.6954849,0.5351476,0.5447944,0.5563569,0.49315006,0.5402622,0.8343711,0.5255081,0.6452873,0.7248987,0.48495725,0.6219273,0.6706759,0.48642683,0.69748604,0.5291854,0.47798252,0.69162846,0.49915105,0.53173393,0.6817712,0.7731104,0.50193185,0.67414886,0.6579267,0.47718847,0.74236244,0.6373455,0.4497411,0.7202889,0.8090543,0.4874411,0.8696966,0.7874404,0.46789977,0.8467353,0.63262266
897,17,0.49649566,0.47804418,0.76048,0.5357271,0.54507726,0.69512874,0.4931281,0.5399352,0.74090815,0.5254708,0.6451536,0.8082059,0.48492473,0.62194943,0.6397186,0.4870247,0.6968284,0.4502458,0.47842,0.68868464,0.5855371,0.53119814,0.6813406,0.72626114,0.50041676,0.67342985,0.6107389,0.4766428,0.741569,0.66671675,0.4491314,0.72016,0.8117313,0.48721465,0.86962396,0.77862704,0.4680248,0.8429554,0.8368933
898,17,0.49603632,0.47864053,0.728964,0.5359307,0.54530096,0.77476346,0.49305943,0.5394565,0.79348195,0.5252321,0.64505374,0.7396989,0.48440823,0.6218861,0.7346836,0.4863545,0.6976455,0.634734,0.47796318,0.6911016,0.6436494,0.53230196,0.6793778,0.7997401,0.50163776,0.67329913,0.66033095,0.4758293,0.7403898,0.6928021,0.44898063,0.71957237,0.8875721,0.48710442,0.8701919,0.84659535,0.46782207,0.8463048,0.7686142
899,17,0.4968513,0.4785692,0.74675465,0.5359197,0.5448636,0.70772547,0.49315178,0.5399204,0.7608151,0.5243724,0.6445039,0.57284826,0.48510107,0.62163156,0.63830024,0.4863073,0.69754666,0.5161768,0.478197,0.6921285,0.53497434,0.5321421,0.68111163,0.81436765,0.5010043,0.6729603,0.65460414,0.47613066,0.7408456,0.65918434,0.44810355,0.7199251,0.854248,0.48780003,0.8685105,0.79665697,0.46843514,0.8449969,0.78930515
900,18,0.4963787,0.4785826,0.7506785,0.5362705,0.5452428,0.70749754,0.49317342,0.5401651,0.7737635,0.52549773,0.64576685,0.7333975,0.48513395,0.6216156,0.57708323,0.48651275,0.6971988,0.5126257,0.47844246,0.6913374,0.6631099,0.53094745,0.68127644,0.7423512,0.50033844,0.6726371,0.53486186,0.47648627,0.74247223,0.6007328,0.4489152,0.7202553,0.79577583,0.4881387,0.86656946,0.72246516,0.4683401,0.8451477,0.69332093
901,18,0.49580294,0.47904584,0.7515461,0.5358187,0.5447347,0.7972374,0.49295038,0.5393835,0.7745849,0.5253258,0.6452729,0.7588992,0.4846658,0.62075174,0.71540767,0.4862542,0.69769794,0.63119715,0.47785327,0.69120866,0.6582782,0.53161424,0.6798165,0.8249354,0.5009993,0.6726239,0.68584484,0.47525883,0.74166226,0.69957876,0.44854632,0.71967095,0.8917658,0.48700395,0.8688023,0.82921964,0.46859092,0.845196,0.8219526
902,18,0.4964261,0.47901836,0.71509176,0.5359265,0.54420835,0.7492403,0.49293453,0.54038364,0.8045941,0.52577525,0.6443307,0.719496,0.4850356,0.62168735,0.72144276,0.48604548,0.69773704,0.5820527,0.47772995,0.6923908,0.65336895,0.5318527,0.6801688,0.8304309,0.5014452,0.6734905,0.674075,0.4760809,0.7437559,0.7082009,0.44821283,0.7203142,0.84466904,0.48603287,0.86957836,0.75896174,0.46783412,0.8453247,0.83297664
903,18,0.49623135,0.47859475,0.74255854,0.5355616,0.54501164,0.68639374,0.493061,0.5400862,0.72308916,0.52550906,0.6459235,0.7555515,0.48508853,0.6213819,0.57949436,0.48638213,0.697135,0.47330856,0.47773468,0.6916417,0.6704467,0.5306975,0.68056846,0.7203199,0.50039697,0.6723157,0.53241587,0.47657102,0.74308795,0.6112914,0.44894382,0.72072685,0.80109817,0.48836753,0.8701623,0.90636224,0.46876818,0.84596604,0.77907634
904,18,0.4955875,0.4788538,0.75994015,0.5354086,0.54469204,0.74986553,0.49298507,0.5403528,0.7912059,0.5259729,0.645212,0.68053025,0.48467004,0.62110406,0.62155765,0.48636046,0.69833773,0.5384513,0.47762576,0.6931059,0.5752866,0.5297383,0.6802359,0.73210365,0.50052977,0.6728234,0.5299778,0.47585315,0.74500597,0.61237544,0.44916737,0.7202012,0.8386249,0.48807904,0.8688362,0.9013972,0.46863052,0.845029,0.77401537
905,18,0.4954003,0.47925788,0.7632776,0.5354136,0.54520816,0.78444076,0.49296746,0.5398903,0.7732637,0.5258785,0.6446591,0.6668917,0.48480126,0.62046796,0.6497927,0.48624042,0.6979502,0.5795485,0.4774834,0.6925244,0.58719957,0.53031504,0.6799816,0.7555453,0.5006603,0.672996,0.58670366,0.47607878,0.7420746,0.58888733,0.4489865,0.72070247,0.84762317,0.48670942,0.8682398,0.7791707,0.46822488,0.8443838,0.7857811
906,18,0.49562103,0.47915673,0.72882986,0.5352091,0.544948,0.7258347,0.49286717,0.5403317,0.7977817,0.5258687,0.6450928,0.6504065,0.48472676,0.6209683,0.6087958,0.486372,0.6984065,0.53890306,0.4775205,0.6930108,0.55668396,0.5293921,0.6804212,0.7031427,0.500407,0.6727246,0.49567956,0.47613278,0.7447435,0.5914434,0.4492366,0.72057486,0.8093828,0.4879373,0.8692951,0.8987686,0.46862766,0.84576166,0.74896765
907,18,0.4951062,0.4793618,0.7706111,0.5355909,0.54496306,0.8464634,0.49248034,0.53964394,0.79598486,0.52581555,0.6448686,0.8160208,0.484456,0.6216814,0.8140323,0.48561004,0.6980041,0.65257865,0.47701663,0.69230866,0.6834117,0.5319624,0.6783341,0.7918015,0.5006146,0.67235035,0.7086196,0.47570843,0.7415089,0.71713775,0.4486216,0.71988106,0.91732603,0.48685172,0.86868984,0.83893454,0.46810684,0.8452683,0.82229877
908,18,0.4960446,0.47905466,0.73066306,0.5358229,0.54437375,0.7566752,0.49261782,0.5404298,0.76019967,0.5257904,0.64555573,0.81394756,0.4848986,0.62197167,0.7197955,0.48597544,0.69678897,0.5832679,0.478045,0.69140166,0.67658657,0.53172374,0.68072605,0.87564796,0.4997802,0.6733714,0.76563954,0.47615144,0.74210906,0.70885783,0.44855598,0.7198089,0.8577149,0.48684502,0.86807907,0.7819995,0.46921504,0.844773,0.8562331
909,18,0.49565008,0.4791954,0.76601964,0.5354895,0.54412556,0.80943596,0.49236053,0.53930604,0.76646763,0.5255253,0.6456247,0.8126959,0.4846274,0.6218179,0.78347296,0.48612496,0.69794536,0.6696669,0.4777921,0.6908267,0.66684544,0.5323972,0.6783127,0.7996978,0.50118786,0.6719637,0.6922126,0.4757408,0.7434868,0.807917,0.4484488,0.7197208,0.9054681,0.4877637,0.8694497,0.85639566,0.4692837,0.8441204,0.9285843
910,18,0.4955224,0.4793621,0.6633084,0.5354197,0.5441023,0.73878825,0.4920483,0.5397612,0.7053695,0.5252157,0.64522266,0.80976164,0.48492846,0.6221015,0.70068735,0.4865259,0.69681996,0.6123785,0.47839597,0.69106644,0.69384116,0.531784,0.68210554,0.8899845,0.4997778,0.67441285,0.7776443,0.4761795,0.7408147,0.69092524,0.4480153,0.7203135,0.798238,0.48706537,0.8691049,0.92907894,0.46917725,0.84514576,0.8638203
911,18,0.49557593,0.47893953,0.69811356,0.5349858,0.5456271,0.68208325,0.49213427,0.5404066,0.79724437,0.5260808,0.64761126,0.66358674,0.48448613,0.6223826,0.7076525,0.48723358,0.6967959,0.6494756,0.47770646,0.6876033,0.648354,0.53256303,0.68073356,0.7854536,0.5010661,0.6743419,0.62439245,0.47636423,0.7428232,0.77637935,0.4488877,0.72056514,0.8545348,0.48639518,0.8681192,0.7345516,0.46842626,0.8437499,0.82881385
912,18,0.49522278,0.47906816,0.6551058,0.53494996,0.54575783,0.61355126,0.4922837,0.5405159,0.65716976,0.5255586,0.6457102,0.5987131,0.48473796,0.62230355,0.51627696,0.48671576,0.6966215,0.43090627,0.47847232,0.6893603,0.7054211,0.52997667,0.6828496,0.7441415,0.49944732,0.67399395,0.59143144,0.47631353,0.7431939,0.6080632,0.44876167,0.7209976,0.7988695,0.48825827,0.8665441,0.786351,0.46881548,0.84502745,0.6570822
913,18,0.49465403,0.47930416,0.743783,0.5346367,0.54498947,0.7752385,0.49174783,0.54000443,0.77487487,0.5268079,0.6471734,0.79420435,0.48417172,0.62219393,0.74087805,0.4866658,0.69690543,0.6621773,0.47710022,0.6881815,0.6936636,0.53273505,0.67838615,0.8693303,0.50152063,0.67175066,0.5683397,0.47592548,0.7444457,0.7531527,0.44834894,0.7208556,0.89187264,0.48692265,0.86706597,0.74968255,0.4685106,0.84276307,0.7687098
914,18,0.49388745,0.4807632,0.68730783,0.5350169,0.543881,0.7679656,0.4907202,0.54004735,0.85516024,0.52567184,0.64621145,0.8268208,0.48422557,0.62361145,0.851923,0.48674572,0.69612527,0.5758839,0.4772636,0.6901538,0.7439621,0.5312849,0.6838989,0.8924189,0.49929684,0.67540354,0.5779477,0.4768137,0.7416969,0.58781457,0.44797745,0.7202306,0.7912588,0.48649207,0.86717874,0.91682035,0.468784,0.8432327,0.8423084
915,18,0.49300024,0.4808943,0.73176134,0.53468734,0.5420843,0.8909583,0.489357,0.538023,0.77902126,0.52531296,0.64768726,0.61923313,0.48399884,0.62153715,0.8578214,0.48850402,0.6933345,0.69622475,0.47694114,0.68673104,0.7455421,0.53449047,0.6783507,0.88981396,0.50099283,0.6714996,0.7872375,0.4759035,0.74428743,0.7452047,0.44787616,0.72050214,0.9127489,0.48720437,0.8689235,0.80126184,0.46851045,0.83931637,0.814896
916,18,0.4937468,0.48117256,0.6645743,0.53374004,0.54381347,0.7523774,0.49033564,0.5412696,0.880869,0.52598643,0.64556724,0.77620316,0.48382398,0.6244578,0.861167,0.486837,0.6957636,0.5280291,0.47747117,0.69025934,0.7315962,0.53044015,0.6828032,0.8306734,0.49931592,0.6750994,0.5319951,0.47682616,0.74079764,0.501915,0.44823715,0.72058773,0.71845645,0.4873294,0.8661156,0.70301193,0.46911457,0.8411083,0.72309434
917,18,0.49250305,0.48091668,0.6578495,0.5338041,0.5425904,0.854616,0.48933068,0.5389423,0.7157564,0.52599496,0.6462467,0.6962981,0.48386207,0.620912,0.8121924,0.48711663,0.6969915,0.6954576,0.4770571,0.6872569,0.73959714,0.5331745,0.67994815,0.7602793,0.5002964,0.6730986,0.6991096,0.4759539,0.74364334,0.8051335,0.44858548,0.7203706,0.9041236,0.486658,0.8677547,0.86269873,0.46790874,0.84243274,0.76523876
918,18,0.49244708,0.48151827,0.6356396,0.5322905,0.544451,0.68846184,0.48925847,0.5420872,0.8727562,0.5268412,0.6459044,0.807705,0.48374304,0.6237933,0.8215658,0.4861093,0.695934,0.53339034,0.47832668,0.6898935,0.55489063,0.5317048,0.6820369,0.83527786,0.50000054,0.6741415,0.7225844,0.47602934,0.74134606,0.7315257,0.44845316,0.7202639,0.8075067,0.4874829,0.8673345,0.79731447,0.46848196,0.8418094,0.8915851
919,18,0.4914681,0.48260635,0.79515916,0.5332057,0.542536,0.8002728,0.48789036,0.5389636,0.76836854,0.526386,0.6469365,0.87628895,0.48330244,0.62363464,0.7430922,0.48639557,0.6956995,0.6392575,0.4780876,0.68882674,0.5769712,0.5326994,0.6787664,0.93451816,0.49955428,0.67101055,0.73316145,0.4761109,0.7417945,0.8319464,0.4483528,0.7194754,0.9032242,0.48720255,0.86734056,0.84070164,0.4683504,0.8414942,0.91184956
920,18,0.49033022,0.48177585,0.6795012,0.5320268,0.5449196,0.84861887,0.4877373,0.5406615,0.82327867,0.52720106,0.6482188,0.8715787,0.48302898,0.6227722,0.86365455,0.48587826,0.696152,0.6025808,0.4775795,0.6913202,0.69705385,0.531955,0.67947423,0.8875045,0.4993613,0.6716304,0.75322586,0.47655505,0.7402856,0.7356509,0.44819954,0.71980244,0.8014829,0.48676682,0.86661804,0.7992552,0.4696671,0.84046936,0.89248234
921,18,0.4886694,0.4818276,0.52182966,0.5316177,0.54304695,0.7554467,0.485683,0.53953385,0.73399276,0.52567124,0.64915717,0.6663806,0.48288837,0.62298596,0.88864124,0.48567513,0.6963931,0.64106804,0.47740784,0.69131523,0.70672846,0.5321175,0.6788025,0.8773327,0.49914473,0.6712833,0.76590306,0.47642645,0.74069357,0.7599738,0.44803897,0.7194744,0.79541916,0.48687115,0.86536944,0.8197107,0.46956334,0.8416981,0.9137803
922,18,0.48787594,0.48283905,0.63958275,0.53012085,0.5438746,0.8802188,0.48497632,0.5403411,0.92060655,0.5267478,0.6490907,0.8821683,0.48223484,0.62311053,0.8921876,0.48552087,0.69592977,0.6463686,0.47820565,0.68990993,0.5256996,0.53115183,0.67986053,0.8952635,0.49866602,0.67230344,0.7897023,0.47634766,0.74027133,0.7550632,0.44816336,0.7202631,0.80790955,0.4870423,0.8664519,0.82620126,0.46884486,0.84082144,0.9044689
923,18,0.48645774,0.48265094,0.59066784,0.5288688,0.5457664,0.79819,0.48421818,0.5409815,0.89246625,0.5252827,0.64924043,0.64716625,0.48210785,0.62368554,0.82274187,0.48560134,0.6965703,0.6374309,0.47705665,0.69107735,0.6827501,0.53168494,0.68001306,0.8447312,0.49921978,0.67241335,0.74886686,0.47608516,0.74205095,0.7538686,0.44839165,0.7208519,0.78910244,0.48670688,0.8655848,0.8074813,0.46870905,0.8405623,0.8870508
924,18,0.48505703,0.48316357,0.55846274,0.52728695,0.5479784,0.8065574,0.48355225,0.5419155,0.8650748,0.52612156,0.648548,0.84646004,0.48133343,0.6233542,0.8358632,0.4860068,0.69533855,0.6188812,0.47757217,0.6895409,0.6075204,0.53015524,0.68059456,0.8602738,0.49812254,0.67302495,0.76822746,0.47635797,0.73888445,0.71188945,0.4484272,0.71979237,0.83471614,0.486507,0.86653197,0.81641865,0.46868318,0.83992493,0.89694136
925,18,0.483713,0.48446366,0.56538403,0.5264489,0.5486933,0.5216497,0.4822983,0.5427361,0.85458195,0.5254967,0.6499356,0.70369214,0.4808721,0.6248605,0.8275744,0.48462182,0.69743663,0.59615797,0.476286,0.69261754,0.65585893,0.5304554,0.67854774,0.77773523,0.4992046,0.6716576,0.7006968,0.4757134,0.73962176,0.6825541,0.4484085,0.72103685,0.7735507,0.48702487,0.8658431,0.85968435,0.4690602,0.8403151,0.7863708
926,18,0.48224956,0.48570794,0.5676925,0.526598,0.54667884,0.7268116,0.479626,0.54188025,0.8569067,0.52559495,0.64935076,0.7582003,0.4802532,0.6234321,0.82268894,0.48513988,0.6956634,0.6551328,0.47649536,0.6906162,0.68007225,0.5318643,0.67803735,0.8393834,0.49861446,0.67185366,0.7859408,0.47621524,0.73990256,0.7432797,0.44801322,0.7213951,0.85451645,0.4874131,0.8652414,0.8478388,0.46901682,0.83956635,0.7948152
927,18,0.48023728,0.48551908,0.60149854,0.5242124,0.5458663,0.85620946,0.4781273,0.54193366,0.83271664,0.5248624,0.6496503,0.6087005,0.4789651,0.6224583,0.55727905,0.48524514,0.6958278,0.62837476,0.47558835,0.6904477,0.7688641,0.53227067,0.6788409,0.85907924,0.49931946,0.6723773,0.78479606,0.47629395,0.7392169,0.756251,0.4478839,0.72096115,0.85959876,0.4875372,0.8646699,0.84579486,0.46878943,0.8398861,0.7581338
928,18,0.47743785,0.48770657,0.86632407,0.5236668,0.548064,0.7382655,0.4757442,0.5413726,0.91284156,0.5251266,0.6513708,0.832146,0.47896737,0.6245817,0.8974118,0.48571908,0.6956738,0.5856696,0.47549817,0.68988264,0.74335617,0.5311114,0.6785523,0.8795941,0.49808413,0.6723495,0.7833211,0.47593257,0.7386599,0.7450721,0.44759494,0.7208008,0.8369253,0.48657718,0.8640892,0.7801743,0.4690358,0.839817,0.9267873
929,18,0.47640944,0.48987553,0.803024,0.52155083,0.549074,0.6640997,0.4745617,0.5428855,0.9364773,0.5262067,0.6524075,0.78795654,0.47733358,0.62343585,0.7363458,0.48492175,0.6964204,0.66130567,0.47499293,0.6913533,0.7805183,0.5314062,0.67984056,0.8987093,0.4986036,0.6723889,0.7768182,0.477006,0.73969215,0.7559245,0.44778064,0.7204094,0.888142,0.4867853,0.8645275,0.8176762,0.46935463,0.84112513,0.9217154
930,18,0.47365427,0.49056232,0.8648719,0.51952577,0.55178136,0.8399281,0.47285014,0.54327744,0.83083993,0.5233818,0.6519768,0.78083044,0.47570416,0.6237294,0.70372534,0.4853468,0.69521403,0.6279591,0.47552052,0.68985957,0.75014526,0.53129345,0.6769955,0.93407434,0.49834067,0.6706733,0.7304983,0.47592396,0.74129647,0.74055505,0.4478312,0.7207368,0.907505,0.48653167,0.86490566,0.7970592,0.46842897,0.84153396,0.887798
931,18,0.4720832,0.49160585,0.7861839,0.5180958,0.55141234,0.7751629,0.47055689,0.543977,0.8911859,0.52307105,0.65241814,0.85033643,0.47451952,0.62508893,0.6748399,0.48554152,0.6970888,0.6278975,0.47595322,0.6922128,0.57723457,0.53077775,0.6792918,0.90352273,0.4975769,0.67314816,0.77404135,0.4757883,0.7410586,0.75592816,0.44782826,0.72167176,0.8608029,0.4874088,0.86628014,0.8096104,0.46808138,0.84123707,0.8706716
932,18,0.4694451,0.49345523,0.78023183,0.51541656,0.5535568,0.60758156,0.46820983,0.5449747,0.847537,0.5207819,0.653085,0.65389216,0.47365314,0.6263798,0.8862496,0.4841952,0.696881,0.5769316,0.47355416,0.69295,0.70335287,0.52985984,0.6751164,0.9145906,0.4975293,0.668251,0.6026451,0.4751076,0.7442878,0.8152118,0.44727135,0.7224668,0.90209055,0.48678976,0.8652929,0.8317071,0.46974114,0.8391807,0.7576643
933,18,0.4679261,0.49216777,0.6137633,0.5125062,0.5549464,0.86847264,0.46661216,0.5454758,0.87011725,0.52048004,0.65338176,0.8784069,0.47100157,0.6247727,0.65338457,0.48305854,0.69924307,0.7338612,0.47563228,0.69435096,0.48920402,0.52838707,0.6794924,0.8993707,0.4947689,0.6723076,0.5520827,0.47494265,0.74405074,0.6682478,0.44693813,0.7239834,0.85746217,0.4875105,0.8651695,0.75120735,0.46916837,0.839664,0.9091785
934,18,0.46507066,0.49258655,0.76908046,0.51049906,0.55455947,0.71622884,0.46493128,0.54587203,0.89691865,0.5180045,0.6537387,0.5964716,0.47027665,0.6268983,0.56056005,0.48186034,0.7025198,0.7299324,0.4732326,0.6967807,0.61042947,0.5296961,0.67487735,0.85390663,0.49650243,0.66822094,0.5181064,0.4744645,0.74868566,0.7330845,0.44672716,0.72388417,0.89820355,0.48697335,0.868939,0.88508767,0.469166,0.84024084,0.87517285
935,18,0.46191508,0.49238718,0.5605279,0.5074099,0.5533992,0.75563115,0.4643568,0.54515004,0.82094526,0.517604,0.6507767,0.8531581,0.46859246,0.62704265,0.793515,0.48112482,0.69881296,0.64265835,0.47281742,0.69556737,0.5062649,0.5281042,0.6753513,0.8422284,0.4955054,0.66997284,0.62910295,0.47422117,0.74781144,0.6720891,0.4460561,0.7241854,0.8592972,0.4875828,0.86668116,0.8419227,0.46929982,0.84045684,0.7953016
936,18,0.4590462,0.4909248,0.6287066,0.5060612,0.55328965,0.82015216,0.46109092,0.54422426,0.7936714,0.51636356,0.65199417,0.6644647,0.46747717,0.6247497,0.83737916,0.47995237,0.69962025,0.5695597,0.47197482,0.69523054,0.48375544,0.52553517,0.6757019,0.7317783,0.49311015,0.66809046,0.52569044,0.47351277,0.74615276,0.6251539,0.4458845,0.7260288,0.8403244,0.4878,0.86705536,0.85357744,0.4691406,0.8390884,0.8020523
937,18,0.45653528,0.49014035,0.66183203,0.5039265,0.55160797,0.6847187,0.4583916,0.5439752,0.8458066,0.5132638,0.6507563,0.8224798,0.46554646,0.62256086,0.6304717,0.4774228,0.70017886,0.66800296,0.4687605,0.6956518,0.48449317,0.5269681,0.6668742,0.75026333,0.49362174,0.66196585,0.64894325,0.47284347,0.74853206,0.8009955,0.44510558,0.72705996,0.9040797,0.4866991,0.8670118,0.73732936,0.47011948,0.8365566,0.75160044
938,18,0.45503333,0.4893844,0.50706995,0.5013598,0.5481219,0.76589847,0.45578623,0.5436937,0.67329,0.5111081,0.65011775,0.8101987,0.46360102,0.62138104,0.8542114,0.4758678,0.7007512,0.692472,0.46646455,0.69550264,0.49850476,0.52900326,0.66659594,0.8742279,0.4942805,0.6625935,0.6550127,0.47140157,0.7498613,0.84020895,0.44316685,0.72598904,0.83789927,0.48586145,0.86612064,0.84077865,0.4693065,0.8399306,0.8599449
939,18,0.45353016,0.48727915,0.7614845,0.50151277,0.5448535,0.70797366,0.45488092,0.5420029,0.8668841,0.50951093,0.64682126,0.90915394,0.46163005,0.62215775,0.7712276,0.47467348,0.70342165,0.5879948,0.46461323,0.6990668,0.53046423,0.52919316,0.6616966,0.8959233,0.49227443,0.65998006,0.5305217,0.4707375,0.7483169,0.86434036,0.44318753,0.7246099,0.8868582,0.48641714,0.86502326,0.8413218,0.4683932,0.8407334,0.85277104
940,18,0.45131212,0.4848547,0.54219097,0.4984441,0.54363674,0.79031235,0.4553047,0.5397677,0.7444842,0.5081658,0.6460307,0.81113213,0.4609254,0.62221885,0.61793154,0.47253215,0.7056306,0.46172965,0.46159828,0.70041376,0.51269895,0.52731115,0.660756,0.918337,0.49313083,0.65828425,0.758838,0.46893552,0.7487727,0.74340135,0.44419435,0.7246619,0.8942712,0.48582923,0.86636895,0.84403735,0.46825078,0.8431531,0.7459027
941,18,0.4496704,0.48082644,0.49849194,0.49705428,0.53984344,0.7577781,0.4537155,0.5353762,0.69164145,0.50490344,0.64238125,0.7487696,0.45905465,0.61834717,0.77414525,0.47085178,0.70395756,0.4837692,0.45972678,0.69839704,0.52514803,0.52578855,0.6581281,0.7802424,0.49058178,0.655695,0.7381885,0.4685403,0.74799734,0.7768807,0.44404843,0.7274793,0.84147114,0.4851429,0.8678507,0.81881255,0.468376,0.84301215,0.6396088
942,18,0.4481851,0.47831082,0.7684067,0.4957716,0.53573775,0.7757479,0.45239544,0.53093433,0.7414717,0.5032594,0.63751453,0.8249331,0.45808753,0.61428785,0.59113604,0.46828714,0.7011461,0.6145525,0.4564857,0.69329315,0.5975205,0.5245295,0.6549601,0.8965074,0.48995936,0.6523442,0.76823723,0.4668272,0.7477215,0.8387826,0.44349372,0.73011535,0.88893735,0.4851046,0.86821836,0.7883478,0.46826363,0.8375295,0.8180427
943,18,0.44639465,0.47407916,0.8207151,0.4962253,0.52740407,0.703871,0.44881192,0.52514195,0.8506715,0.50227135,0.6334579,0.78760046,0.4556653,0.6128461,0.8900089,0.46853784,0.695818,0.6357632,0.45394388,0.6892965,0.61904395,0.52473485,0.6489267,0.9369978,0.48859882,0.64793277,0.8234127,0.46750715,0.74786896,0.8707551,0.44218603,0.73109096,0.7151118,0.48593995,0.86606705,0.90491325,0.4676595,0.8387075,0.9028396
944,18,0.44474214,0.46944928,0.75716084,0.49620506,0.5229789,0.74607235,0.4478646,0.52147204,0.91437227,0.5005955,0.62839454,0.86261255,0.45535317,0.60665095,0.7978256,0.46617478,0.6939313,0.76545066,0.45278066,0.68276924,0.62481683,0.52371824,0.6442454,0.896882,0.48674473,0.6444366,0.66678387,0.46543705,0.7476558,0.7201438,0.4416308,0.7317862,0.7421969,0.4858743,0.8684464,0.7760442,0.4681301,0.84248364,0.8096431
945,18,0.44331306,0.46378237,0.7952296,0.4945442,0.51671183,0.7125675,0.44653574,0.51629347,0.7364636,0.49977678,0.62427324,0.8583994,0.4528734,0.6021646,0.79644185,0.46768892,0.6896118,0.74777573,0.45000997,0.6790995,0.60458946,0.5225825,0.64229894,0.9081344,0.4869997,0.6422577,0.71624374,0.4655908,0.7446774,0.85561925,0.4422046,0.7326287,0.7907967,0.48647758,0.8669494,0.86842924,0.4654834,0.8393953,0.8515403
946,18,0.4435196,0.45606533,0.5137982,0.49426192,0.5124718,0.71808577,0.4462075,0.51085246,0.8163503,0.4985326,0.61762106,0.85260636,0.45189348,0.59481996,0.7245723,0.4663564,0.6875738,0.69878703,0.4485076,0.6753329,0.5260629,0.5209476,0.63895553,0.87917084,0.48439252,0.63967735,0.6646484,0.46507683,0.74337643,0.8626391,0.44205666,0.7336997,0.71795845,0.4859006,0.8667154,0.8507563,0.46490726,0.84118754,0.82162374
947,18,0.44345233,0.4487951,0.73676187,0.49275213,0.5079843,0.6895821,0.44689652,0.50925934,0.87368184,0.49826723,0.61170065,0.56314564,0.45041615,0.5905958,0.7468756,0.46718767,0.67872924,0.5935372,0.44625646,0.6680249,0.75667363,0.5184763,0.6356202,0.8623094,0.4842354,0.6365396,0.6312506,0.46548736,0.7413927,0.8992216,0.44280878,0.7333191,0.78995156,0.4877067,0.86780465,0.9155146,0.46405208,0.8405335,0.83382255
948,18,0.4426794,0.44122174,0.54700917,0.49212593,0.500202,0.7774117,0.44564998,0.5029886,0.81317914,0.49756023,0.6050652,0.7245516,0.44959342,0.58644813,0.91750276,0.46695462,0.67139053,0.7569721,0.44487116,0.6627761,0.7286156,0.5184583,0.63166493,0.9202303,0.4838375,0.63134915,0.5942705,0.4644388,0.74162894,0.8557247,0.44242436,0.7278793,0.7510911,0.48849028,0.8674424,0.8890188,0.46493635,0.83837336,0.8298371
949,18,0.44175607,0.43533036,0.43833685,0.4923429,0.4912184,0.81306666,0.44516245,0.4951984,0.72209287,0.49726918,0.59883356,0.7704508,0.44845325,0.5781757,0.6963686,0.4660963,0.66653365,0.7689346,0.44376394,0.6572625,0.7342657,0.51792526,0.62509954,0.9293694,0.48329422,0.6270311,0.62511003,0.46455395,0.73961055,0.87826735,0.44311914,0.729283,0.7891471,0.48682258,0.8664736,0.9057919,0.4646218,0.836589,0.83720523
950,19,0.4412619,0.42966053,0.7557509,0.49216098,0.4839373,0.8487929,0.44449586,0.48834512,0.7867544,0.49644667,0.593194,0.7235065,0.4479779,0.57271177,0.73388416,0.46535358,0.6637894,0.7425903,0.44214833,0.65192413,0.73417974,0.5170549,0.62015224,0.9351248,0.48223907,0.62095785,0.6210307,0.4646787,0.73814785,0.90278906,0.44352832,0.72930074,0.7423956,0.4867079,0.8656734,0.8688432,0.4642855,0.8371062,0.8529248
951,19,0.4416889,0.42295596,0.8339272,0.4920646,0.47624066,0.63736284,0.4442676,0.48180208,0.8536513,0.49601275,0.5865228,0.757807,0.44794828,0.56928873,0.87851214,0.4662852,0.6588155,0.76612294,0.4415837,0.6467831,0.6647634,0.5160348,0.61397904,0.9056762,0.4811858,0.61317736,0.79599476,0.46487862,0.7402025,0.9252513,0.44342658,0.7325095,0.8365386,0.48663133,0.8656703,0.91549647,0.46527687,0.83842087,0.5817167
952,19,0.44145882,0.41432542,0.7149803,0.49142832,0.46770805,0.6949018,0.4434734,0.47907352,0.8629401,0.49506965,0.5800127,0.7529232,0.44722402,0.5619997,0.8281649,0.46557853,0.65271884,0.65320694,0.4400671,0.64202744,0.7059481,0.51431316,0.6078674,0.92102796,0.47979087,0.60601705,0.7696707,0.4659149,0.73690426,0.8663082,0.44403207,0.7314238,0.7502469,0.4873067,0.860976,0.7570705,0.46704775,0.83661234,0.61731595
953,19,0.442409,0.4089459,0.78590494,0.49144503,0.46364757,0.7539991,0.44495898,0.473941,0.91602606,0.4958454,0.57313645,0.82145774,0.44726652,0.5587217,0.9022098,0.46583605,0.6485766,0.79793555,0.43914002,0.6375498,0.78761315,0.5129373,0.6052949,0.9022416,0.47842205,0.6013446,0.77566534,0.46542606,0.73664,0.7369572,0.44418097,0.7310384,0.79078007,0.48421344,0.86535895,0.7161733,0.46687987,0.83765835,0.6347065
954,19,0.44218117,0.40095285,0.79886514,0.49065572,0.4566856,0.80289924,0.4452719,0.46347904,0.77739936,0.49793035,0.56573236,0.844279,0.44674116,0.5520857,0.8803264,0.4662216,0.6451893,0.75933003,0.43724352,0.63608825,0.8212306,0.5118181,0.6037327,0.9029952,0.47717413,0.60093474,0.66522694,0.46590182,0.7367513,0.8306981,0.4448269,0.72886527,0.7508599,0.486075,0.85860074,0.7705237,0.46820843,0.8370392,0.6832834
955,19,0.4428703,0.39472172,0.79777306,0.4912593,0.4501128,0.84738475,0.4447303,0.4603733,0.84942317,0.49725735,0.55947137,0.7391041,0.44695148,0.54896426,0.89878625,0.46949777,0.6373524,0.86990595,0.43639034,0.6316116,0.743885,0.5112102,0.5975006,0.8880168,0.47622985,0.59323615,0.74074805,0.465949,0.7384403,0.8264575,0.44455388,0.7284234,0.72137046,0.485361,0.8626268,0.6226203,0.46785304,0.8401342,0.76347846
956,19,0.4425984,0.38891035,0.64461535,0.49185306,0.443281,0.6259523,0.44416225,0.45421007,0.9189346,0.49752522,0.5505336,0.7399351,0.44678053,0.54186636,0.92419523,0.47176626,0.63312143,0.8339346,0.43731394,0.6246617,0.63336647,0.51025134,0.59391934,0.8878989,0.47366694,0.588378,0.7632314,0.46677142,0.73885995,0.81747425,0.44577602,0.72771835,0.7806449,0.4852889,0.8645335,0.7286648,0.46803626,0.83905345,0.7904644
957,19,0.44326037,0.38163295,0.81009984,0.49193767,0.43817654,0.7949739,0.4448368,0.44813588,0.88199353,0.4983586,0.5430811,0.82237625,0.44633648,0.53781176,0.9097986,0.47292513,0.62804633,0.83540857,0.43870124,0.61673087,0.7475878,0.50775933,0.59078914,0.9068998,0.4702273,0.5893672,0.73089004,0.46776578,0.73632085,0.8707087,0.4473667,0.72851974,0.78249836,0.486088,0.86254185,0.8304679,0.468465,0.8446588,0.7205788
958,19,0.44395256,0.3754324,0.62401044,0.4932191,0.43217608,0.76423234,0.44535795,0.44376898,0.89265376,0.49850872,0.5399917,0.7185624,0.444646,0.53110725,0.8831557,0.47427627,0.62645817,0.68114156,0.437654,0.61294276,0.8301908,0.50489914,0.59210396,0.90493786,0.46723518,0.5920602,0.72631484,0.46908772,0.73844784,0.84028476,0.4483043,0.73151535,0.76155907,0.48770878,0.8630165,0.86255234,0.46725318,0.84504515,0.77830553
959,19,0.4441269,0.37275755,0.82536507,0.4922691,0.42911312,0.7883249,0.4453581,0.43843135,0.8967229,0.49930373,0.5341059,0.87171245,0.4435507,0.5276571,0.88553584,0.47679976,0.6252267,0.7232327,0.43652785,0.60686576,0.85944855,0.50168496,0.5900222,0.8644966,0.46485126,0.59332556,0.75593203,0.47097504,0.7376366,0.8993582,0.44904354,0.7296198,0.82824236,0.48825994,0.86471134,0.78041077,0.46893042,0.84554094,0.8412925
960,19,0.44437966,0.36528155,0.6076141,0.49333018,0.42367736,0.7944705,0.44444454,0.4354694,0.9049295,0.49855974,0.5290712,0.6735776,0.44361976,0.5245056,0.8248941,0.47929516,0.6173753,0.8055287,0.43521577,0.60299116,0.849994,0.49849156,0.5883253,0.8096181,0.46260157,0.5920424,0.75929016,0.47386217,0.7341563,0.8375209,0.4504659,0.72438794,0.8240932,0.48621127,0.85775924,0.67396516,0.4682685,0.8395327,0.8330395
961,19,0.44601917,0.3606467,0.69851387,0.49200237,0.41868156,0.8083751,0.4454912,0.4311087,0.8058011,0.49986276,0.52254105,0.88887435,0.44335496,0.5199282,0.8809729,0.48118037,0.6142007,0.61719495,0.435968,0.5960144,0.78705907,0.49398583,0.58710426,0.75595456,0.46053627,0.5890364,0.76536685,0.47274733,0.7328378,0.76676226,0.45219448,0.72600627,0.72368526,0.48531193,0.86177087,0.6950839,0.46757716,0.8435901,0.84777284
962,19,0.4460953,0.35784537,0.80781287,0.49357045,0.41624078,0.80058706,0.44558743,0.4263925,0.78334844,0.5008881,0.519477,0.8448754,0.44408303,0.5166669,0.85264945,0.485839,0.6128391,0.7087775,0.4372364,0.5940711,0.78455883,0.49040276,0.59441924,0.6978747,0.4598446,0.5931583,0.6490994,0.47514084,0.7321167,0.6322966,0.45483857,0.72642994,0.71419805,0.48624742,0.8629337,0.872084,0.4673274,0.845935,0.83000416
963,19,0.44668433,0.35404623,0.73843986,0.49375954,0.4147076,0.8497253,0.44536975,0.42576015,0.870577,0.50150865,0.5179074,0.87670964,0.44479015,0.51336884,0.8734573,0.48872614,0.6074379,0.71197224,0.4355906,0.5911144,0.7636433,0.48874182,0.59632725,0.80847234,0.4589239,0.59547424,0.82920444,0.47703454,0.7281322,0.7547943,0.45510218,0.72396946,0.63502145,0.48688492,0.8645014,0.85734576,0.46780378,0.8418555,0.8389602
964,19,0.4466037,0.35187364,0.80673707,0.49363056,0.4096241,0.7914265,0.44537818,0.42251557,0.7979062,0.50314176,0.5132705,0.7896822,0.44468597,0.50978476,0.8145036,0.49128154,0.6028693,0.63439447,0.43475762,0.5875954,0.7326247,0.48636156,0.5983642,0.7884449,0.457989,0.5975495,0.81212056,0.47832644,0.7305853,0.76899636,0.45902836,0.7249914,0.89388883,0.48481932,0.86446637,0.749045,0.46866736,0.8448624,0.84175783
965,19,0.44633737,0.347428,0.72330314,0.49387595,0.4069983,0.84095013,0.44500557,0.42028886,0.7479471,0.5041288,0.5126879,0.81278723,0.4453102,0.5092954,0.86638165,0.48997924,0.6002585,0.71127397,0.43487406,0.5850081,0.63113904,0.484083,0.6033949,0.76363957,0.45589507,0.60118407,0.83437103,0.480487,0.7288867,0.7922815,0.45823702,0.7259364,0.6620208,0.4871491,0.8610817,0.877106,0.46767274,0.84823644,0.7823061
966,19,0.44655856,0.3474084,0.6604879,0.49278137,0.40364206,0.8331594,0.44564667,0.41623077,0.7975386,0.50475925,0.5056683,0.87853175,0.44420364,0.5087998,0.7814287,0.49153554,0.60236514,0.66657597,0.43692774,0.5838024,0.8177357,0.48387584,0.60486406,0.78025126,0.45558792,0.6036348,0.7218416,0.48106316,0.735214,0.63206065,0.4599319,0.7308742,0.7866431,0.4846574,0.86052346,0.7021802,0.46734437,0.8466792,0.6554831
967,19,0.4469946,0.34781292,0.77133024,0.4927779,0.40353388,0.8857704,0.44556853,0.41643164,0.8493903,0.5048899,0.50588274,0.8794575,0.44382015,0.50836104,0.7864924,0.49366084,0.59999716,0.7330971,0.43694627,0.58173376,0.7688541,0.48143575,0.60767543,0.7532333,0.45479724,0.6069506,0.7711774,0.48189938,0.7313335,0.7672664,0.45953688,0.7277324,0.77878207,0.48608607,0.85853946,0.669948,0.46741655,0.8434078,0.6582475
968,19,0.44686273,0.34810144,0.71993273,0.49211633,0.4026516,0.8740122,0.4450222,0.41824183,0.7502052,0.5057859,0.5033081,0.8575696,0.44306526,0.50916535,0.8304812,0.49560344,0.5990639,0.74128133,0.43617794,0.5827614,0.81027293,0.4816536,0.60818285,0.76586896,0.45440972,0.608634,0.7275736,0.4825894,0.734203,0.7601345,0.45905966,0.73194885,0.71128374,0.48568204,0.857476,0.6490873,0.46769336,0.8443288,0.7588785
969,19,0.4470382,0.34655583,0.54264665,0.4921259,0.40284464,0.879613,0.44538862,0.4166301,0.76864016,0.50769883,0.5029259,0.72174335,0.44322422,0.5090723,0.77535343,0.49837145,0.5995007,0.7690491,0.43688112,0.5778626,0.8445782,0.4809204,0.6075829,0.72568196,0.45396978,0.60804194,0.6715387,0.48328117,0.73083717,0.72956955,0.45996666,0.72585315,0.6249916,0.48668438,0.8527327,0.69945896,0.46782324,0.8430241,0.7599847
970,19,0.44692275,0.3461423,0.5972707,0.49263903,0.40242916,0.8690081,0.44578087,0.4161933,0.8018362,0.50849897,0.5031558,0.8042765,0.4438767,0.50819474,0.77846205,0.49803093,0.5982144,0.79994845,0.43717468,0.57738024,0.8602198,0.48209438,0.6054578,0.72538537,0.45436737,0.6064808,0.6754902,0.48364213,0.7289386,0.772975,0.45987472,0.7238077,0.6129123,0.4867612,0.8515388,0.71409804,0.46726665,0.84378266,0.7844105
971,19,0.44666708,0.34734583,0.743837,0.49178544,0.4031148,0.8949144,0.44591329,0.41587627,0.7710651,0.50875354,0.5034623,0.7803142,0.4443112,0.5091823,0.68517166,0.4994436,0.5980039,0.7906984,0.4366203,0.5811987,0.7853299,0.48195317,0.6076022,0.7877141,0.4540666,0.60792327,0.729378,0.48645866,0.7369386,0.8078054,0.46228048,0.7321663,0.6677353,0.484666,0.8554694,0.6459926,0.4661393,0.84393275,0.73545843
972,19,0.44669333,0.3469978,0.69851255,0.4913492,0.403676,0.8889584,0.4469097,0.41503897,0.7465658,0.5088225,0.5062865,0.7909432,0.44571063,0.50930345,0.6718857,0.50053406,0.59866774,0.6751683,0.43794453,0.5773477,0.79850507,0.48072085,0.607111,0.74276626,0.4532552,0.60814005,0.6336679,0.48679993,0.7323017,0.8184494,0.46235853,0.7239156,0.63198143,0.48705176,0.8512113,0.72296196,0.4672708,0.84291697,0.73342776
973,19,0.4472346,0.3470343,0.689691,0.4917807,0.40497908,0.890412,0.446527,0.4161117,0.79380083,0.5080479,0.50515926,0.8069861,0.44641873,0.51197916,0.5944846,0.50152045,0.59843886,0.7770299,0.43664518,0.5765782,0.46933046,0.47991484,0.60514367,0.72112435,0.45307446,0.60724986,0.6353776,0.48578322,0.73564947,0.68315846,0.4616953,0.72780156,0.6227634,0.4868697,0.85403955,0.7458318,0.46625996,0.84403175,0.7831182
974,19,0.44768095,0.34485552,0.5627674,0.49044964,0.40850106,0.8860083,0.44759247,0.41763443,0.77520156,0.5077479,0.5055292,0.7912396,0.44586977,0.5124597,0.55696434,0.50211793,0.59763116,0.7914653,0.43758556,0.58531237,0.7284792,0.47986987,0.60352683,0.6888318,0.45465282,0.605455,0.6399525,0.48601016,0.73285604,0.6416638,0.4619762,0.728697,0.518577,0.4860497,0.8539767,0.646555,0.46650222,0.84327173,0.75589263
975,19,0.44645023,0.3454717,0.68082196,0.49100265,0.4037906,0.7846784,0.44640487,0.41753495,0.8178608,0.5078038,0.5052675,0.82384825,0.44480565,0.51128405,0.7090573,0.5011851,0.5970527,0.57691574,0.43889472,0.5853206,0.82749605,0.47983086,0.6023272,0.7373955,0.45471483,0.6036904,0.65985155,0.48726526,0.7322927,0.65394497,0.46162617,0.72957593,0.41414216,0.48547262,0.85194474,0.72667646,0.465032,0.8452996,0.7145568
976,19,0.44705194,0.34646794,0.5658349,0.49143583,0.40658027,0.90670675,0.44603056,0.4184421,0.7672973,0.50773793,0.505206,0.8173499,0.44756153,0.5154076,0.65540713,0.5013031,0.5999128,0.70922893,0.4391175,0.58498096,0.7974643,0.47972497,0.60405284,0.7445203,0.45386854,0.60559297,0.7158961,0.4869991,0.7325474,0.64070755,0.4620877,0.72792333,0.6139807,0.48481217,0.85079163,0.59402096,0.4648879,0.8427723,0.7405911
977,19,0.44752198,0.3453251,0.44966936,0.48985684,0.40744227,0.8646672,0.4477557,0.41506964,0.653297,0.5068203,0.5059001,0.76860094,0.4468698,0.5149509,0.54507667,0.5011941,0.5984869,0.8269509,0.43913698,0.5842697,0.5192955,0.4796262,0.6027166,0.6973147,0.45479375,0.60450923,0.65473235,0.4859638,0.72985774,0.7495505,0.46223995,0.7273117,0.65862334,0.48571345,0.8527245,0.59281504,0.46554363,0.8436989,0.7308425
978,19,0.44633782,0.34686226,0.5418073,0.49041623,0.4035323,0.82405466,0.44450706,0.41764712,0.79397905,0.50687474,0.50664115,0.8397918,0.44666106,0.51307595,0.72657263,0.5007827,0.6018217,0.7244369,0.43865776,0.5860883,0.73778963,0.47993928,0.6021789,0.7712512,0.45330092,0.60340273,0.68063796,0.48587352,0.7317925,0.64293987,0.46307886,0.7275542,0.712725,0.48522857,0.8518843,0.74330765,0.46563292,0.8442966,0.8042054
979,19,0.44680372,0.34662876,0.6251578,0.49080232,0.40512556,0.900423,0.44518128,0.41846058,0.7770854,0.506508,0.5104446,0.69944936,0.44809586,0.51597774,0.6829719,0.50076956,0.60188425,0.75097114,0.43934268,0.5872242,0.48772526,0.47863618,0.60410374,0.7472956,0.4527416,0.6054856,0.720347,0.48483998,0.734134,0.5502882,0.4627121,0.728988,0.6650733,0.4863098,0.85029477,0.72490513,0.4660184,0.84328747,0.8147071
980,19,0.4467314,0.34582096,0.64319915,0.49045765,0.40527967,0.87494004,0.44539002,0.4156768,0.7386418,0.5059697,0.50620025,0.815753,0.4486798,0.51281095,0.6750457,0.499768,0.5999936,0.6507218,0.43977508,0.58709973,0.56918997,0.47831625,0.6052835,0.7610884,0.45204824,0.6059854,0.7137569,0.48497564,0.7354402,0.63287437,0.46231413,0.7303162,0.6592128,0.48608208,0.85449964,0.7412762,0.4663414,0.84640616,0.8351895
981,19,0.4461964,0.346585,0.66712564,0.49038333,0.40376478,0.7069098,0.44529915,0.41724476,0.82213366,0.5056805,0.5054112,0.8223464,0.44843718,0.51175416,0.6330936,0.499694,0.60018337,0.6113565,0.43956527,0.5847428,0.53720254,0.4769913,0.60541075,0.7331545,0.4514414,0.6057953,0.7236618,0.48460442,0.7365769,0.64982516,0.46254689,0.73110914,0.5937158,0.48650596,0.8557831,0.78805304,0.46569392,0.84519595,0.78594995
982,19,0.4464524,0.34671178,0.7462769,0.49035296,0.40462896,0.73807544,0.4453544,0.41721636,0.8025159,0.5050439,0.5056175,0.80619603,0.44925112,0.51229227,0.6773167,0.4990134,0.59977293,0.56382126,0.4392794,0.58427453,0.58917207,0.4763585,0.6067779,0.7809478,0.45122242,0.6067689,0.7378342,0.48439044,0.7374161,0.64703023,0.46076614,0.73227006,0.4645119,0.48467687,0.85440004,0.7084326,0.4657114,0.84620404,0.7682628
983,19,0.4466307,0.34538513,0.7431124,0.49036518,0.4062766,0.7525122,0.44565052,0.4171073,0.7878808,0.50418264,0.5070338,0.76905173,0.44902948,0.5121568,0.6532848,0.49816945,0.6004388,0.7324022,0.44022292,0.58214283,0.4110015,0.4749136,0.6072004,0.7610334,0.4506014,0.6073412,0.7180858,0.48400408,0.7380349,0.6625897,0.4607958,0.7331196,0.4624794,0.4860182,0.85712814,0.8044548,0.46527207,0.84593475,0.7253822
984,19,0.44613403,0.34544092,0.7254852,0.490522,0.4039963,0.7994281,0.44419783,0.41746414,0.67775273,0.50521004,0.50553036,0.8111602,0.449383,0.5087973,0.6887257,0.4984521,0.60094684,0.758629,0.44042972,0.5809013,0.46505558,0.47487164,0.6072611,0.7351574,0.45026582,0.6063482,0.7587291,0.4829946,0.7368415,0.6226243,0.46146324,0.731193,0.5447386,0.48675054,0.8562084,0.836461,0.46743634,0.84338266,0.5982882
985,19,0.44652763,0.3458444,0.7490025,0.4900356,0.408147,0.75993234,0.4458783,0.4197776,0.62661856,0.50472414,0.50645703,0.74946636,0.44925874,0.5141996,0.4968611,0.496746,0.60142106,0.7018486,0.44130185,0.58066577,0.37641484,0.47382265,0.6093821,0.720983,0.45145983,0.60801786,0.7508277,0.483193,0.7391305,0.5429793,0.4608597,0.7329654,0.5932699,0.48603514,0.8554473,0.7434467,0.46524614,0.84375966,0.7648135
986,19,0.44578922,0.34582514,0.6109022,0.4893308,0.4038291,0.73739856,0.44422564,0.4169108,0.7178887,0.5048902,0.5068048,0.8075499,0.449938,0.50658166,0.7073446,0.49644935,0.6007629,0.7626621,0.43972975,0.5799133,0.43636215,0.47375843,0.6053067,0.675747,0.4491822,0.60425603,0.66948617,0.48249635,0.73698586,0.63132715,0.46008834,0.7320627,0.70883816,0.48751563,0.8576003,0.8739733,0.46771145,0.84306896,0.58928084
987,19,0.44562542,0.34667584,0.76223016,0.4891953,0.40435773,0.8126066,0.44463423,0.4170022,0.67064637,0.50390583,0.5063991,0.79798377,0.4485328,0.51247936,0.593616,0.4938069,0.6015486,0.58069533,0.4398624,0.5858464,0.4371827,0.47386897,0.6070443,0.7265125,0.45042172,0.60498214,0.7740432,0.48258176,0.7344479,0.6142189,0.4621827,0.7297285,0.60330766,0.48751566,0.8571235,0.8235792,0.4671623,0.84415203,0.6917337
988,19,0.44564936,0.3456462,0.7796877,0.48935923,0.40516657,0.8122762,0.44435877,0.41725475,0.64052093,0.5035114,0.50819904,0.79791844,0.44904345,0.51134914,0.57693976,0.49408486,0.60293454,0.49259272,0.4395928,0.5862174,0.41427472,0.4737831,0.608796,0.7257556,0.4498477,0.60720974,0.79423565,0.48316103,0.73920083,0.6899175,0.46156636,0.73354596,0.5821459,0.4871498,0.8564368,0.8439637,0.46747023,0.8438791,0.66093016
989,19,0.44577593,0.34500647,0.72307676,0.48852164,0.40576753,0.7438135,0.44468766,0.41787666,0.66576964,0.50288117,0.5090906,0.7569905,0.44720376,0.51135105,0.60104257,0.49256846,0.60253,0.7340526,0.43903816,0.5840439,0.36887473,0.47376728,0.6073085,0.7443435,0.449595,0.60623485,0.6953373,0.48242393,0.7400705,0.58241785,0.46119133,0.7321261,0.4123542,0.4877294,0.8593168,0.8360203,0.46728975,0.84365726,0.5454946
990,19,0.4453884,0.34623712,0.7548917,0.48847133,0.4045092,0.78739417,0.44384333,0.4171702,0.70733446,0.5032691,0.50892013,0.82211834,0.4480781,0.5087339,0.67004126,0.4913889,0.60207766,0.6250987,0.4393236,0.5822253,0.42649662,0.47362995,0.60723686,0.7441334,0.4495659,0.60425866,0.7428909,0.48286903,0.7375693,0.6514236,0.46246,0.73186994,0.5870025,0.48773733,0.8558646,0.840611,0.46735287,0.8440993,0.6576241
991,19,0.44530106,0.34609103,0.7809737,0.48840314,0.40483755,0.7925675,0.44443354,0.41729113,0.71367484,0.5016108,0.5091166,0.77056515,0.44828573,0.510737,0.585673,0.48800603,0.6066253,0.63516134,0.43872553,0.5816989,0.37580067,0.47307232,0.6080339,0.8043638,0.448099,0.60504615,0.72703403,0.4828977,0.737956,0.6871206,0.4611963,0.7323639,0.5775719,0.4876872,0.85712916,0.8425963,0.46715277,0.845867,0.68375206
992,19,0.44563422,0.34604234,0.70162076,0.48806426,0.40509275,0.8134283,0.44336876,0.4169975,0.7413282,0.5018027,0.50918883,0.7718965,0.4473025,0.51166975,0.57498014,0.48823467,0.60550886,0.6335536,0.4383913,0.5857642,0.44193953,0.47216007,0.6086137,0.73228663,0.44793186,0.60556847,0.7596418,0.4817988,0.74032813,0.6671298,0.4617789,0.7342074,0.6297874,0.48529655,0.85872656,0.7183518,0.466673,0.8460991,0.7016094
993,19,0.4457997,0.3463324,0.6379913,0.48751837,0.4058917,0.79671234,0.44359672,0.41643733,0.7643367,0.50146645,0.5094227,0.7672724,0.44745204,0.51171255,0.59279984,0.48785537,0.6047866,0.57727545,0.43616915,0.58448416,0.5395404,0.47161916,0.6090213,0.70932496,0.44831258,0.6058051,0.7582269,0.48235956,0.74071777,0.69853795,0.46194637,0.7327074,0.53187174,0.48534653,0.8596647,0.6923958,0.46646747,0.84510726,0.6445255
994,19,0.44546267,0.34615058,0.62113106,0.48739022,0.40611827,0.7786524,0.44297987,0.41750267,0.7380207,0.50119865,0.50879157,0.77756745,0.44696045,0.5130008,0.57313764,0.4883637,0.6046975,0.5499412,0.43581703,0.58432263,0.51794493,0.47175178,0.60863113,0.7121434,0.448391,0.60524255,0.73388696,0.48145524,0.73942924,0.659505,0.4615552,0.7327392,0.51173073,0.48532727,0.86026746,0.7336938,0.4666701,0.8445851,0.6534376
995,19,0.4453378,0.344668,0.5457437,0.48722348,0.40743765,0.73775625,0.44291565,0.4190814,0.6267028,0.5009228,0.50903153,0.74750465,0.44484285,0.51420945,0.5630964,0.48605543,0.6052443,0.525657,0.4356663,0.5849382,0.5350591,0.47191283,0.6081668,0.67377716,0.44857973,0.60451496,0.6859949,0.48146075,0.73965657,0.63428414,0.46144497,0.73324245,0.54359573,0.48613647,0.85779244,0.65880096,0.46704724,0.8451336,0.6755022
996,19,0.44448775,0.34501117,0.5416111,0.48734143,0.40700638,0.7757853,0.44261444,0.41862312,0.7115356,0.5007515,0.50965816,0.7762335,0.44645125,0.5120157,0.6542362,0.48481923,0.6070963,0.56094384,0.43582165,0.5843082,0.54111546,0.47282934,0.60747993,0.74372816,0.44860902,0.60382986,0.7404319,0.4801675,0.7379814,0.666717,0.4606313,0.73396516,0.6519031,0.4842533,0.8605916,0.7042458,0.4668976,0.8470681,0.730444
997,19,0.4447045,0.34425834,0.7023362,0.48709956,0.40607306,0.76785713,0.44364536,0.41675738,0.73689544,0.4998726,0.51003397,0.70553404,0.44703165,0.51076335,0.61587656,0.48472774,0.6078021,0.6204599,0.4361348,0.584027,0.557539,0.47263277,0.6078837,0.7225183,0.4482675,0.6029254,0.7340293,0.47982228,0.7388565,0.7478396,0.4615776,0.7325743,0.662592,0.48424166,0.85906696,0.60672325,0.4668141,0.8470839,0.7498444
998,19,0.44452915,0.34360328,0.5633527,0.48707098,0.40599003,0.76777035,0.4427328,0.4174001,0.67078966,0.49956506,0.5116571,0.540836,0.44524735,0.51126236,0.6468475,0.48358917,0.6060609,0.61495703,0.43580228,0.5846032,0.5275646,0.47274348,0.6078536,0.6957831,0.4486954,0.60284925,0.71325326,0.47970435,0.7376638,0.5649408,0.46150678,0.73137194,0.5997927,0.48463136,0.8589002,0.6255305,0.46693218,0.8470193,0.7320494
999,19,0.44469056,0.34346887,0.6772635,0.486947,0.40525794,0.73766327,0.44289628,0.41777948,0.66699135,0.49877924,0.51269734,0.54899514,0.44646925,0.5125514,0.70406866,0.48319444,0.6076268,0.65483236,0.43607813,0.5853068,0.5365272,0.47291565,0.60792065,0.7045646,0.44908714,0.6038746,0.7384718,0.47962195,0.7377183,0.54814565,0.46136892,0.7301709,0.56636775,0.48508567,0.85805947,0.6302472,0.46741733,0.84639925,0.72519547
1000,20,0.4441704,0.34360495,0.6647929,0.48712954,0.40585825,0.7367397,0.44285825,0.4163378,0.78247994,0.49823362,0.5121409,0.69688594,0.4449387,0.51273406,0.674779,0.48213086,0.60613143,0.59787524,0.43494433,0.5848661,0.5198281,0.47342917,0.60891867,0.70982724,0.44845834,0.6053139,0.7619703,0.48054725,0.738221,0.5714404,0.45983595,0.7325452,0.5176839,0.48790702,0.8572505,0.8396363,0.46643984,0.84571874,0.6920172
1001,20,0.4439503,0.34339905,0.6253303,0.48706272,0.4058559,0.72636026,0.44199228,0.41788796,0.8084235,0.4981743,0.51200646,0.6676066,0.44426665,0.5128695,0.613189,0.4823438,0.6064263,0.59476525,0.43436214,0.5843273,0.50961995,0.4736627,0.61152697,0.72506696,0.44817206,0.60768753,0.7659024,0.4803123,0.7415745,0.6121097,0.46001312,0.7344541,0.52324784,0.48450342,0.85638213,0.5800253,0.46698132,0.84449476,0.64839625
1002,20,0.4439368,0.3448293,0.74723786,0.4867364,0.40416247,0.6824051,0.44220105,0.41615644,0.6580095,0.49754232,0.50973773,0.81106937,0.44576627,0.5090549,0.6880379,0.4818017,0.6028057,0.7129218,0.43481603,0.58449274,0.5258105,0.47242114,0.61024857,0.7189236,0.44732067,0.6065991,0.6768656,0.4809662,0.7410634,0.6061016,0.45844173,0.73274875,0.61628205,0.48561716,0.85497123,0.6939683,0.4673208,0.8425477,0.67414373
1003,20,0.44365597,0.34426132,0.7616327,0.4870059,0.40535897,0.7720533,0.4424592,0.41632503,0.7243047,0.49846426,0.5131426,0.55626446,0.44588217,0.5112682,0.57039547,0.48166522,0.6037528,0.5449786,0.4343576,0.5852851,0.6071186,0.47280115,0.61010605,0.7425848,0.44728592,0.6058961,0.7223214,0.4806297,0.7390785,0.66233385,0.458468,0.73191994,0.65435046,0.48582268,0.8586933,0.6612013,0.4679936,0.84516144,0.7476155
1004,20,0.44353083,0.34430218,0.7317138,0.48679468,0.40630102,0.7605647,0.44222766,0.41718253,0.64950335,0.49773818,0.513655,0.50203836,0.44356412,0.5118024,0.6179587,0.48086065,0.6060669,0.5739424,0.4342095,0.58537066,0.56229657,0.47261506,0.61262757,0.71919334,0.44714653,0.6082179,0.7552739,0.48132834,0.7427251,0.73249936,0.46035773,0.73542446,0.49834973,0.48532212,0.8598704,0.62261283,0.46775752,0.8444465,0.7198596
1005,20,0.44327217,0.34439182,0.71382076,0.48603287,0.40439385,0.68139327,0.44190705,0.41655597,0.7133424,0.49662024,0.50996983,0.7969443,0.4443814,0.50970143,0.6727689,0.48203248,0.604284,0.71569556,0.43410602,0.58542186,0.5684027,0.47210056,0.61009747,0.7145062,0.44712386,0.6064904,0.69242364,0.47968718,0.7389315,0.56529695,0.458107,0.7320637,0.59941316,0.48689207,0.8536369,0.7272632,0.4682487,0.8426728,0.7405896
1006,20,0.4432157,0.34366482,0.76565087,0.48671573,0.40547937,0.767121,0.44211674,0.41657916,0.70578015,0.4967689,0.5108506,0.7773523,0.44550854,0.5115953,0.5759777,0.4811744,0.60244286,0.53477806,0.4340133,0.58490074,0.55829954,0.47294897,0.6104353,0.7406453,0.4470028,0.6067491,0.7481071,0.48081914,0.7406945,0.724417,0.45845458,0.73311126,0.6422669,0.48701394,0.8587948,0.6549933,0.468621,0.8454314,0.7867964
1007,20,0.44314867,0.34476674,0.75037163,0.48632964,0.40559265,0.73378676,0.4418662,0.41608182,0.67011935,0.49680915,0.5103544,0.8002292,0.44639066,0.5103698,0.6025794,0.4809006,0.60206264,0.5126234,0.4354456,0.5855243,0.40330797,0.4728669,0.610191,0.722799,0.44676027,0.6065849,0.7245025,0.47998887,0.73767406,0.61923397,0.45834655,0.73098165,0.60739297,0.48626006,0.8570405,0.6843205,0.46811014,0.8435936,0.74230796
1008,20,0.4430259,0.34459293,0.7380375,0.48610172,0.4055694,0.73464704,0.4417322,0.4157288,0.68068445,0.4963457,0.50999665,0.7974616,0.44648945,0.5100021,0.61777604,0.48091406,0.6029934,0.54608864,0.43474427,0.5860233,0.56928366,0.47221723,0.6102986,0.7144662,0.44671842,0.6066222,0.72293794,0.48035812,0.73981947,0.6600618,0.45801696,0.73246944,0.62695557,0.4860068,0.85756135,0.68148845,0.4680091,0.8446741,0.76483
1009,20,0.4427212,0.34438348,0.7255142,0.48615867,0.40630737,0.75716484,0.44159368,0.41646525,0.6730929,0.49649748,0.5108548,0.7784799,0.4457913,0.51036197,0.59014225,0.4808593,0.6036265,0.56035966,0.4341493,0.5847974,0.55403775,0.47172382,0.6099988,0.7155223,0.44677532,0.60618454,0.7304567,0.48065007,0.7414112,0.6932714,0.45792305,0.73377776,0.6256238,0.486607,0.8566401,0.6899118,0.46885854,0.84472567,0.7984208
1010,20,0.44311893,0.34302172,0.5330127,0.48540318,0.4078459,0.69807094,0.44250977,0.41781378,0.6427006,0.4958996,0.5108722,0.75800127,0.44557112,0.51302886,0.538026,0.48048,0.6024325,0.5073224,0.43399125,0.58486295,0.49678552,0.47146323,0.6093914,0.66151375,0.4475919,0.605781,0.6899545,0.48025832,0.7406665,0.6282058,0.45913252,0.7343963,0.6229034,0.4856521,0.8612382,0.58111423,0.46754983,0.84597254,0.7212637
1011,20,0.44291782,0.34359813,0.7593514,0.4854414,0.40684313,0.7185508,0.44199026,0.41570044,0.6728185,0.49599713,0.51115704,0.79548943,0.4467053,0.5108672,0.6057158,0.48062897,0.6030541,0.5482025,0.43465784,0.5860625,0.5605493,0.47195005,0.61012566,0.70672715,0.44697425,0.60621613,0.7418906,0.47930145,0.73934686,0.6116322,0.45867088,0.734929,0.5544973,0.48686817,0.8567318,0.7464517,0.46662754,0.84578776,0.78577775
1012,20,0.44270977,0.34399328,0.5639171,0.48575386,0.4070606,0.7270523,0.44182187,0.41594777,0.68542844,0.49599698,0.51074916,0.80131805,0.4468209,0.51065516,0.5718291,0.48053855,0.60468817,0.5550502,0.43413207,0.5855647,0.5026654,0.4712466,0.611293,0.67967314,0.44734478,0.6062639,0.70932215,0.47966453,0.74145126,0.5641969,0.46027663,0.7360442,0.5563907,0.48561758,0.86400944,0.7204915,0.46692976,0.84530514,0.6346878
1013,20,0.44235665,0.34440783,0.587006,0.48554924,0.40628117,0.73045033,0.44160074,0.41513857,0.683871,0.49619308,0.51043296,0.83463746,0.44680613,0.5086757,0.64667505,0.48111087,0.6041159,0.5596874,0.43434027,0.5813393,0.629525,0.4713615,0.6106499,0.7229174,0.44576555,0.606112,0.670289,0.48006254,0.73893386,0.6961031,0.45755273,0.7331284,0.64471155,0.48612022,0.8587945,0.67752653,0.467655,0.8433645,0.7706963
1014,20,0.44235796,0.34282494,0.55557597,0.48466584,0.406841,0.6719454,0.44175318,0.41809177,0.6556874,0.49570754,0.51174164,0.7688354,0.44542065,0.5148027,0.5773108,0.47971535,0.60724443,0.54325217,0.43408808,0.5877825,0.53101367,0.4710871,0.61042494,0.65876746,0.4471797,0.6073135,0.71147186,0.47968763,0.74114066,0.6312459,0.4575269,0.73545873,0.5772154,0.4874078,0.8575836,0.6489669,0.46820349,0.84346724,0.77637434
1015,20,0.44173723,0.3443664,0.5826761,0.48525637,0.40596148,0.7133925,0.44144413,0.4144407,0.6846863,0.49601778,0.5107626,0.823996,0.4468425,0.5078949,0.6454403,0.4810769,0.6042894,0.54886216,0.4343958,0.58243686,0.5717163,0.47148818,0.6091571,0.72405523,0.4459589,0.6046279,0.66753423,0.47945103,0.7382771,0.655239,0.4563976,0.7318128,0.6079142,0.48651898,0.85542977,0.7441387,0.4679019,0.8412219,0.7832769
1016,20,0.44311982,0.34374696,0.59174114,0.48235443,0.41076624,0.81439227,0.4443231,0.41776735,0.559699,0.49555588,0.51173466,0.6693809,0.44619194,0.51162165,0.40981838,0.48025313,0.6038055,0.48832944,0.4342903,0.585092,0.40290692,0.4712492,0.60561526,0.58406085,0.44766787,0.602933,0.5703568,0.47872174,0.7343255,0.56033474,0.45817497,0.73218644,0.51520276,0.48753753,0.85351354,0.46952027,0.46774033,0.8440681,0.59343547
1017,20,0.4420477,0.3409678,0.6809211,0.48453712,0.40770802,0.6360145,0.44249433,0.41771162,0.69855005,0.49659124,0.51145184,0.62978137,0.4462757,0.5124015,0.5793882,0.4817315,0.6065533,0.6447776,0.4344519,0.58493745,0.52316535,0.47108448,0.60799026,0.69248325,0.44722942,0.6047546,0.75009936,0.4790198,0.73681617,0.5561613,0.4601553,0.7345115,0.74304605,0.48560354,0.86113113,0.75999916,0.46765804,0.84856063,0.7745669
1018,20,0.44263357,0.3428708,0.7240561,0.4830038,0.41145983,0.8235469,0.44383326,0.41850144,0.62164706,0.49517554,0.51215243,0.68110764,0.44618955,0.5144001,0.4623024,0.4812218,0.606472,0.54896885,0.43627033,0.58524597,0.24553472,0.46952412,0.6098631,0.65136135,0.44743413,0.6056334,0.6408493,0.47846442,0.74001396,0.5900516,0.45848483,0.73374563,0.44557905,0.48731524,0.85946214,0.667413,0.46774596,0.84420854,0.6635915
1019,20,0.44148096,0.34255224,0.7749472,0.48445243,0.40722138,0.6622299,0.44215706,0.41673234,0.7284945,0.4972315,0.51181084,0.7123671,0.44616625,0.51065254,0.6288113,0.4810881,0.6050994,0.59616,0.43576786,0.5849573,0.4144539,0.46927273,0.60803705,0.686064,0.44574755,0.6029431,0.6669881,0.4772105,0.7374681,0.63234997,0.458713,0.7330816,0.6327525,0.48641986,0.86057985,0.73608553,0.4674841,0.8450574,0.7866387
1020,20,0.44263494,0.34358716,0.6676634,0.4841286,0.41195968,0.62267363,0.44435072,0.41648498,0.51908475,0.49641466,0.5103996,0.49253047,0.44521466,0.51551414,0.44048685,0.48157635,0.6064272,0.56404567,0.4337659,0.585408,0.42933378,0.46971214,0.6072285,0.59793824,0.44752166,0.6037749,0.58875334,0.47784004,0.7366808,0.4725998,0.46046135,0.7341173,0.53824836,0.4868737,0.85774213,0.5828679,0.46823165,0.84630114,0.58252656
1021,20,0.44150972,0.34312665,0.7818823,0.48569444,0.40580377,0.8419926,0.44263238,0.41635215,0.7534212,0.4967175,0.5106906,0.74621403,0.4465182,0.51108366,0.6458641,0.48220477,0.60755974,0.6551906,0.43445665,0.5883039,0.54275113,0.47066325,0.60863835,0.7449193,0.44638017,0.6051474,0.7805431,0.4793894,0.7395606,0.65638494,0.45993385,0.73357636,0.77638954,0.48611653,0.860332,0.8204925,0.46671054,0.84787506,0.7595889
1022,20,0.44214743,0.3439538,0.53948957,0.48161876,0.41377175,0.6980362,0.44508553,0.41658208,0.4846406,0.49488863,0.51144457,0.59062475,0.4460478,0.5096501,0.3881463,0.48202446,0.60282296,0.5827452,0.43415087,0.58360785,0.33022845,0.4696923,0.6057948,0.57477504,0.44700396,0.6024301,0.51921403,0.47823495,0.7349389,0.5414511,0.4585151,0.73285604,0.49325758,0.48757902,0.85689175,0.4663674,0.46823373,0.84550804,0.6377552
1023,20,0.44202346,0.34314838,0.6129296,0.48447487,0.40529576,0.8315918,0.4430189,0.41440395,0.6828318,0.49661192,0.509757,0.72014034,0.44519386,0.5126454,0.62866545,0.4819413,0.6070588,0.64849305,0.43399435,0.58853847,0.576871,0.4701218,0.6074404,0.7392521,0.4463754,0.60402524,0.7565475,0.47906965,0.7390297,0.70917606,0.46030578,0.73337513,0.63860124,0.4862813,0.8621409,0.79899865,0.4668928,0.84884125,0.81343234
1024,20,0.4417654,0.34331962,0.5917727,0.4828571,0.41049138,0.7985246,0.44445267,0.4158803,0.5331178,0.49505222,0.511304,0.6674546,0.44556922,0.51441324,0.46970677,0.48252556,0.6079366,0.5699778,0.43404338,0.5842397,0.38866398,0.4690429,0.60879683,0.66450816,0.44751757,0.60479814,0.6440229,0.47852248,0.7413497,0.579525,0.4599358,0.73538107,0.5509982,0.48528263,0.85929793,0.62225467,0.46757117,0.84612274,0.64379424
1025,20,0.44184193,0.3427586,0.7677286,0.48407492,0.4077228,0.6579859,0.44195887,0.41696835,0.71961766,0.4961073,0.5111916,0.64777064,0.44601667,0.5118892,0.59304625,0.48216847,0.60905415,0.59390664,0.43581614,0.58399206,0.37916562,0.46909103,0.60857636,0.6599534,0.44665065,0.6035583,0.68243694,0.47779566,0.7384486,0.6822319,0.45958164,0.7340427,0.64539486,0.48582062,0.8598229,0.7058561,0.467619,0.84617084,0.7483948
1026,20,0.44276536,0.34338063,0.7067991,0.4825422,0.4110204,0.7538396,0.44413167,0.41763583,0.64693284,0.49445125,0.51197517,0.6171325,0.44549128,0.51337737,0.4728087,0.48287752,0.60724235,0.5342252,0.43393794,0.5849189,0.40198648,0.46961376,0.60602397,0.61429137,0.44799832,0.6027001,0.5463116,0.47769597,0.7379203,0.53783244,0.46006373,0.7349435,0.5403178,0.48607132,0.85969585,0.58426297,0.4680337,0.847802,0.65685755
1027,20,0.4417018,0.34257656,0.769582,0.48503023,0.40660736,0.7097012,0.4415875,0.4175533,0.7195158,0.4965013,0.51164323,0.69455314,0.4459383,0.5122283,0.6097432,0.48341593,0.6078978,0.6417341,0.4341609,0.5857352,0.57578105,0.47038433,0.608654,0.60967326,0.44554335,0.60582083,0.76756495,0.4791589,0.739578,0.6764127,0.45977962,0.735926,0.6278273,0.48611972,0.86266434,0.81622106,0.46707338,0.8492226,0.7830852
1028,20,0.44179237,0.3437857,0.5613972,0.4843639,0.4065797,0.7146562,0.44237193,0.41704318,0.75299823,0.49469337,0.5104966,0.77629936,0.4457628,0.5146285,0.58571607,0.4825109,0.60868067,0.5813699,0.43354595,0.5866269,0.53321785,0.4700931,0.60907584,0.751051,0.44601038,0.60629934,0.7282042,0.4784899,0.7392172,0.57026994,0.4586691,0.73382556,0.45277846,0.4875222,0.85521966,0.72951454,0.46849477,0.84398633,0.73234284
1029,20,0.44274643,0.34370953,0.6239877,0.48402092,0.40858996,0.68098485,0.44308376,0.41783464,0.69720817,0.4949496,0.5109687,0.74066067,0.44554052,0.51562804,0.55406636,0.48280698,0.60771567,0.5356023,0.43370777,0.5865735,0.4863805,0.4699155,0.6104411,0.70975864,0.44700235,0.60723406,0.6997045,0.47837764,0.7421574,0.55690485,0.4598824,0.73813194,0.5493777,0.4868301,0.8594658,0.71928036,0.4675363,0.84591675,0.6474081
1030,20,0.4422453,0.3430145,0.767669,0.48471382,0.4069251,0.6879496,0.4423159,0.41667837,0.75131744,0.4965967,0.510647,0.6097822,0.44618192,0.5113611,0.6045885,0.4822412,0.60574716,0.551613,0.43398824,0.58286303,0.5425746,0.4697848,0.6108671,0.6767268,0.44650888,0.60563165,0.6829218,0.47879267,0.74279016,0.5801333,0.45918065,0.737265,0.5622693,0.48767167,0.8583781,0.69281715,0.46863765,0.84477484,0.7393408
1031,20,0.44302458,0.34379017,0.6167845,0.48419225,0.41007596,0.6536427,0.44323978,0.41868767,0.62515706,0.49486628,0.5112982,0.7146003,0.4458548,0.5157966,0.53159887,0.48339573,0.60651594,0.4508181,0.4338834,0.58715445,0.45983976,0.47035185,0.6103762,0.6719927,0.447394,0.6071808,0.66106206,0.4789861,0.7428711,0.5249935,0.46010202,0.7391831,0.571773,0.48812765,0.8630509,0.7079276,0.4682307,0.8470357,0.648737
1032,20,0.4423873,0.34283486,0.78076565,0.48480627,0.40732905,0.68795085,0.44191188,0.41536158,0.68688285,0.49657327,0.5109047,0.6543738,0.44611114,0.510135,0.62019265,0.48280105,0.605511,0.58195335,0.43391547,0.58362854,0.57636714,0.47000152,0.60971665,0.6968635,0.44584465,0.6049363,0.65948796,0.4787353,0.74250567,0.56930745,0.45854443,0.7360106,0.58494353,0.4876925,0.8564458,0.7432492,0.46834448,0.8454069,0.7827662
1033,20,0.44236046,0.3444171,0.6703205,0.48472577,0.40694466,0.75975543,0.44181874,0.41634884,0.7862414,0.49617904,0.51130813,0.6532369,0.4461718,0.5124311,0.63387954,0.4831645,0.6084356,0.57823175,0.43379217,0.5863972,0.5689453,0.46938553,0.61015993,0.72589904,0.44593826,0.6061687,0.75310636,0.47843137,0.7391366,0.61307603,0.45924196,0.73375064,0.5241246,0.4870079,0.856695,0.79615366,0.4672473,0.84416366,0.70711553
1034,20,0.44308013,0.34422174,0.5864623,0.4848923,0.40909508,0.75628996,0.44275755,0.41695076,0.7356826,0.49593437,0.511455,0.5955758,0.44609228,0.51367617,0.61699826,0.48343274,0.6074427,0.51452595,0.43432057,0.5849208,0.50903875,0.46905914,0.6112542,0.6641983,0.4467251,0.6067873,0.69827145,0.47952667,0.74280226,0.58806694,0.46010053,0.73734367,0.5635864,0.4872636,0.86111313,0.76737684,0.46808523,0.84576494,0.74600476
1035,20,0.4425111,0.34362835,0.73468536,0.4844293,0.4096705,0.6563573,0.44353783,0.41779733,0.74918944,0.49468276,0.5119666,0.7044892,0.44580486,0.5147738,0.54148215,0.4832931,0.60518044,0.5158982,0.4340192,0.5862471,0.46997085,0.46966365,0.6116675,0.684394,0.4467615,0.60789156,0.6704709,0.47949395,0.74382687,0.56285393,0.459938,0.7383319,0.5644497,0.48666668,0.8586881,0.7247596,0.4673718,0.8442048,0.5805937
1036,20,0.4421224,0.34243208,0.7890963,0.48443878,0.40731123,0.6536075,0.44278476,0.41744956,0.77992314,0.4963197,0.5107422,0.64597875,0.4468829,0.51339227,0.6327199,0.48341718,0.6065356,0.5263886,0.43449676,0.587248,0.54735005,0.46950072,0.61079496,0.6915405,0.4462461,0.6066367,0.68967944,0.4795009,0.7423721,0.6367411,0.45931855,0.7368004,0.53347754,0.48719463,0.86255753,0.7653407,0.46847847,0.8451676,0.75311583
1037,20,0.44336638,0.34446573,0.5739578,0.48462704,0.4098023,0.68955696,0.443607,0.41818032,0.6990109,0.49522036,0.51151,0.70075893,0.44543266,0.51490366,0.53187,0.48372576,0.60507256,0.47140065,0.43424994,0.5863871,0.49816966,0.4701633,0.60932076,0.65537196,0.44722757,0.6059249,0.61891466,0.4790951,0.7416366,0.52040327,0.46024743,0.7377209,0.51922303,0.48734072,0.86138576,0.71433383,0.46862552,0.8459991,0.7252613
1038,20,0.44269028,0.34261122,0.7877939,0.48493806,0.40965673,0.69146526,0.44285628,0.4178801,0.71919614,0.49489602,0.51162934,0.7478521,0.44523963,0.51221526,0.55094784,0.4829291,0.6071738,0.5458246,0.4347985,0.58520293,0.47895858,0.46999434,0.6087398,0.7171507,0.4469401,0.6049058,0.67394495,0.4789246,0.74157137,0.6430956,0.45970914,0.7345132,0.56134343,0.48442402,0.8597493,0.65692085,0.46725827,0.8443903,0.7000039
1039,20,0.44315356,0.34320906,0.7965525,0.4837206,0.41230622,0.7298898,0.4444181,0.4191077,0.67896366,0.49468994,0.5110821,0.61197,0.44559377,0.5116417,0.44789055,0.48311412,0.6067521,0.45647708,0.43451506,0.5828449,0.41311392,0.46954644,0.60665417,0.6140746,0.44747397,0.6023176,0.51833653,0.47863093,0.7390977,0.5016798,0.4592441,0.7329162,0.42701685,0.48582134,0.85916364,0.5519444,0.46696472,0.8452262,0.6282595
1040,20,0.44216397,0.3421454,0.73960525,0.48541078,0.40544268,0.8553055,0.44182822,0.41629437,0.71623605,0.49757603,0.5089211,0.76315105,0.44611886,0.5109631,0.64612687,0.48365387,0.60499847,0.57320386,0.4347472,0.5850263,0.64383507,0.47014707,0.6065612,0.7611569,0.44582558,0.6034105,0.7403348,0.47945994,0.7382172,0.7081194,0.45878732,0.73363084,0.7788401,0.485754,0.8613748,0.83600557,0.46714905,0.8479532,0.7548838
1041,20,0.44290283,0.34373513,0.53360116,0.48465735,0.4104445,0.6347848,0.44379717,0.4160371,0.5769972,0.49518824,0.5115134,0.61470467,0.4450555,0.5115645,0.47074705,0.48343495,0.60398674,0.48178545,0.43390897,0.5849048,0.50122267,0.46989813,0.60624135,0.65819985,0.4474621,0.6035348,0.62207973,0.47821778,0.7384436,0.60755885,0.46006584,0.7340934,0.5730957,0.4861382,0.85825115,0.65628886,0.46822435,0.84664494,0.65327156
1042,20,0.44215742,0.3426742,0.78847796,0.4851481,0.40661922,0.70634973,0.44211015,0.41574454,0.71706563,0.49742156,0.5094277,0.77438456,0.44609877,0.5109018,0.61989826,0.48364004,0.605536,0.56637615,0.43494365,0.5847936,0.5781752,0.47056398,0.60775787,0.73842454,0.4469525,0.60423857,0.7587778,0.4793057,0.73978883,0.6482705,0.45989066,0.7336687,0.7441363,0.4868707,0.862003,0.80861115,0.46709818,0.8474284,0.7343995
1043,20,0.4431338,0.34265956,0.69811594,0.4848194,0.4085724,0.6882313,0.442988,0.41733646,0.6201283,0.4954576,0.509514,0.71775186,0.44520804,0.51241714,0.48622894,0.48399645,0.6064786,0.52221864,0.43448284,0.58536977,0.4584665,0.4707387,0.6072669,0.6666895,0.447671,0.60338974,0.6327731,0.478731,0.7401626,0.56016886,0.4596294,0.732816,0.48977095,0.4854716,0.8573352,0.49901265,0.46733373,0.8443958,0.6431128
1044,20,0.44243917,0.34288484,0.77059615,0.48549345,0.40622982,0.7444699,0.44216183,0.41568303,0.7161312,0.4966951,0.5098209,0.6552961,0.44641653,0.50956863,0.6221465,0.48411623,0.6059415,0.5764098,0.43596968,0.5840063,0.42697558,0.4700719,0.6082985,0.7131667,0.44678032,0.6040735,0.74970114,0.4780088,0.73987633,0.52774394,0.45901588,0.7339269,0.70898163,0.48535797,0.85830593,0.66211325,0.4678067,0.8466513,0.77717537
1045,20,0.44368345,0.34343404,0.60264564,0.48366416,0.41054875,0.7622805,0.44363695,0.4174086,0.5546611,0.49516904,0.51009667,0.67141134,0.4453034,0.51356244,0.47857097,0.48415014,0.60568136,0.50806034,0.4341811,0.5860972,0.45057997,0.47013846,0.6069732,0.65852016,0.44760957,0.60389644,0.62402683,0.47924164,0.74138224,0.5539218,0.46005443,0.736007,0.5619411,0.48616305,0.85782206,0.6007648,0.46714815,0.8452728,0.6098225
1046,20,0.44222754,0.34255108,0.7729583,0.48550734,0.4076342,0.7240745,0.4420845,0.41726917,0.7203781,0.49784872,0.5092147,0.7356152,0.44493636,0.5122004,0.64858747,0.48426852,0.6052023,0.55650485,0.4348046,0.5855423,0.5773667,0.47007158,0.60662806,0.72548354,0.44685906,0.6034009,0.73815155,0.47881022,0.7391615,0.62120026,0.46093872,0.7346513,0.76339924,0.48651722,0.86437863,0.801391,0.46810073,0.848226,0.74049973
1047,20,0.44335654,0.34342268,0.7235881,0.4847807,0.41012275,0.69145936,0.44403452,0.41805997,0.67731565,0.49519888,0.51087,0.6577834,0.4449716,0.5163119,0.48528874,0.48379472,0.6051967,0.51845837,0.43428507,0.58683676,0.47908807,0.47021428,0.6077422,0.7125806,0.44835132,0.60555506,0.7060887,0.47862288,0.73970884,0.66619366,0.46086416,0.7356416,0.6917465,0.48571688,0.86469024,0.5869517,0.46778375,0.8475772,0.7413116
1048,20,0.4430191,0.34279263,0.7532451,0.48475882,0.40867314,0.59641045,0.44318065,0.4181836,0.6915517,0.49519256,0.5099219,0.7398627,0.44627717,0.51149124,0.5047568,0.4839141,0.6067333,0.54820114,0.4348589,0.5842711,0.44913512,0.47008818,0.6082837,0.69203216,0.44727904,0.6042978,0.63608646,0.47879067,0.73975927,0.6333955,0.46006966,0.7334417,0.57088953,0.48630092,0.857557,0.61069864,0.46836993,0.84619,0.7261702
1049,20,0.44345945,0.34295136,0.7798982,0.48303884,0.41176164,0.72898483,0.44432908,0.4191455,0.5647713,0.49501428,0.509357,0.571837,0.44491377,0.5146659,0.40498865,0.48391846,0.6042349,0.44056433,0.43460897,0.5856927,0.39089835,0.47055542,0.6046446,0.58680767,0.44808477,0.6041821,0.71337426,0.47884572,0.73901194,0.48325342,0.46004173,0.73362064,0.41215658,0.4861824,0.8587863,0.53126335,0.46728578,0.84552497,0.6114611
1050,21,0.44217777,0.34305963,0.7520907,0.4854725,0.40748918,0.70835316,0.4424037,0.41828707,0.7363186,0.49789327,0.5101396,0.7516478,0.44616884,0.51239306,0.6426096,0.48483804,0.6055799,0.63284457,0.43407094,0.5854256,0.5955607,0.47027025,0.6081578,0.7325603,0.44613534,0.6052822,0.74816644,0.47984263,0.7403335,0.7057272,0.46172774,0.7347054,0.61268,0.48647767,0.86867064,0.7535062,0.46714452,0.85149264,0.7738156
1051,21,0.44353923,0.3441519,0.64234996,0.48358306,0.41189763,0.71965224,0.44445044,0.4174978,0.5159272,0.4952297,0.5099528,0.590669,0.44571322,0.5131151,0.44679585,0.4839279,0.60324633,0.49074832,0.43405196,0.58462244,0.40145972,0.47019088,0.606891,0.6251478,0.44795412,0.6038658,0.5735855,0.47889906,0.7415962,0.53748345,0.46039608,0.736539,0.54865927,0.4861963,0.8607638,0.5964234,0.46691215,0.84711754,0.6175366
1052,21,0.4420867,0.34319592,0.78720516,0.48538914,0.40742058,0.70378697,0.44252282,0.41810548,0.7629796,0.49817288,0.5090254,0.7681246,0.44661123,0.5119839,0.6351192,0.48454848,0.60517526,0.58305347,0.43452924,0.5846651,0.58260995,0.47048768,0.6066758,0.74140054,0.44697818,0.6038598,0.74739075,0.4797205,0.7422785,0.687159,0.46045774,0.7334753,0.77312756,0.48674145,0.8639698,0.80263215,0.4676631,0.84901017,0.78763944
1053,21,0.44294837,0.3438485,0.71120894,0.48468322,0.40741032,0.685953,0.4434942,0.41727492,0.7230719,0.49476752,0.5093682,0.74365896,0.44616172,0.5141236,0.52211225,0.48406288,0.6051647,0.54637825,0.4349151,0.5841346,0.53684646,0.47034046,0.60608804,0.7374199,0.44742933,0.6031971,0.6963663,0.47826448,0.7391091,0.6894229,0.45982587,0.7340663,0.66005987,0.486516,0.85956305,0.65417,0.46829197,0.8459957,0.72477454
1054,21,0.44240144,0.3444853,0.73246765,0.48507783,0.40653917,0.7498063,0.4423234,0.41610956,0.7476067,0.49620646,0.509548,0.64382863,0.44630468,0.5114627,0.57827127,0.48426723,0.6055487,0.5840563,0.43486944,0.5833503,0.60299015,0.46957424,0.6074697,0.7051301,0.44645843,0.6034121,0.73450065,0.47857735,0.74148226,0.57493514,0.45995685,0.7334398,0.7149563,0.48574078,0.8591837,0.6519397,0.46754754,0.8467334,0.74382555
1055,21,0.44328824,0.34381673,0.6205743,0.48467457,0.4107427,0.6523501,0.4443243,0.41655782,0.56717026,0.4952552,0.51042175,0.64693713,0.44519392,0.5141109,0.48546326,0.4838824,0.6029638,0.5188604,0.43378067,0.5855858,0.49135286,0.46964824,0.60649174,0.6539941,0.44740403,0.60342526,0.6256264,0.47827783,0.73878366,0.58274597,0.4596244,0.7338653,0.5416196,0.48683003,0.85954803,0.6265392,0.46797565,0.84596324,0.68089384
1056,21,0.44185928,0.34287903,0.7712262,0.48503456,0.40647188,0.6979849,0.44238415,0.41757345,0.7628586,0.49783713,0.50847596,0.7729383,0.44619662,0.5115119,0.589522,0.4844803,0.6049329,0.588695,0.43474287,0.5836307,0.577376,0.46970457,0.6075992,0.72122383,0.44652626,0.6038227,0.75172406,0.47913736,0.74000007,0.65158284,0.46023524,0.7340807,0.76587677,0.48654643,0.862125,0.8265425,0.46720743,0.84789157,0.76823914
1057,21,0.44339576,0.34367818,0.62393147,0.4846586,0.41115633,0.63462245,0.4444745,0.41660503,0.5492801,0.49497935,0.5101204,0.650238,0.44481534,0.515967,0.44331795,0.48405874,0.60178393,0.49814546,0.43366,0.58499205,0.42652795,0.46979797,0.60662174,0.65261304,0.44788787,0.60369384,0.61013436,0.47849357,0.7408173,0.5626813,0.4596202,0.73337007,0.5321316,0.48586485,0.85772216,0.61937666,0.46821022,0.8444879,0.63839424
1058,21,0.44184908,0.34221053,0.76819515,0.48491275,0.40692532,0.676205,0.4424135,0.41756687,0.75572956,0.4979692,0.5093621,0.7644976,0.44651285,0.5124777,0.6004774,0.48446977,0.60450155,0.57880163,0.4346611,0.584325,0.555724,0.4704579,0.60772413,0.7277113,0.44707915,0.60454285,0.76453215,0.47969535,0.7417614,0.633888,0.46031302,0.73385394,0.7517764,0.48674265,0.86130744,0.7896702,0.46763504,0.8475792,0.7408992
1059,21,0.44238374,0.34450212,0.69902533,0.48480144,0.40615436,0.7095218,0.44278556,0.41630813,0.7541964,0.4970175,0.5088456,0.68470144,0.44647044,0.5115238,0.61059237,0.4843539,0.60591555,0.5631668,0.43466976,0.5839308,0.516403,0.46997645,0.60797495,0.7728293,0.44687265,0.6041235,0.72007656,0.4790495,0.7403011,0.6319263,0.45999154,0.7330728,0.60554564,0.4858343,0.8578974,0.63367474,0.4672397,0.8436331,0.69927615
1060,21,0.44304162,0.34350485,0.6324608,0.4841164,0.40810272,0.6474817,0.4439949,0.41797745,0.6569235,0.4949873,0.50875837,0.7372532,0.44568157,0.514681,0.5286886,0.48440513,0.605242,0.54953986,0.4340807,0.58353454,0.42666718,0.4697598,0.6082098,0.70717007,0.44740644,0.6046366,0.68507385,0.47878236,0.7418448,0.6163579,0.46020877,0.7355695,0.6206642,0.48604903,0.8587945,0.6734033,0.467244,0.8451735,0.66833895
1061,21,0.44252458,0.34408456,0.7432357,0.4846436,0.40656868,0.6974642,0.44235146,0.41676313,0.73663104,0.49483052,0.509192,0.7783005,0.44603926,0.5124666,0.5811372,0.48389548,0.60666627,0.5573229,0.43465266,0.5849524,0.49469122,0.46999112,0.60761017,0.73624676,0.44714397,0.6037208,0.67124516,0.47862777,0.74033624,0.62704194,0.45982215,0.7333238,0.59968406,0.48617706,0.85869956,0.6436416,0.46832594,0.84473675,0.699343
1062,21,0.44235662,0.3442403,0.6771974,0.48450655,0.40602246,0.6841946,0.44249776,0.4172386,0.72613853,0.4954153,0.5090783,0.7793821,0.44587725,0.51341856,0.53746396,0.48430353,0.6054802,0.5645505,0.43431282,0.58548564,0.5156176,0.47035155,0.6073708,0.6988062,0.44767958,0.6036889,0.67320657,0.4786136,0.7396403,0.58973134,0.46038494,0.73288065,0.587254,0.48585877,0.8588581,0.5710056,0.46769378,0.8457983,0.64820665
1063,21,0.44163877,0.34349358,0.55272114,0.4839469,0.40863118,0.8562544,0.4424308,0.41706198,0.63432044,0.49572462,0.51104736,0.7268284,0.44554794,0.51230425,0.4859225,0.4833212,0.6075311,0.5503355,0.43459213,0.58372056,0.47933865,0.4705467,0.6090434,0.6900132,0.44773445,0.604556,0.67516816,0.47925824,0.7427254,0.61323357,0.45861304,0.73370576,0.5034466,0.48574206,0.85875016,0.52856636,0.46848196,0.8439827,0.6753297
1064,21,0.44130802,0.3422157,0.73216313,0.48489806,0.40659788,0.6974872,0.44131723,0.41591156,0.665688,0.49581286,0.5101786,0.8003346,0.446097,0.5101344,0.6034613,0.48271242,0.606763,0.6039728,0.43447056,0.5821853,0.52767855,0.4696531,0.60808593,0.6820001,0.44649306,0.60316116,0.67681384,0.47852212,0.7420693,0.7365977,0.45792,0.7338843,0.5859322,0.4852138,0.8583607,0.70386577,0.4682253,0.84337574,0.75216156
1065,21,0.44136655,0.34434274,0.7033072,0.48439702,0.40525073,0.74063855,0.44144055,0.4152502,0.7420953,0.49613246,0.5094911,0.65977216,0.44531277,0.51114666,0.63483626,0.48279902,0.60587144,0.5541925,0.43424502,0.58532953,0.65300477,0.47062156,0.6068548,0.7453364,0.44667903,0.6027598,0.7327232,0.47750822,0.73755676,0.52260214,0.45970586,0.73369455,0.67261845,0.4868102,0.861042,0.76078224,0.46799263,0.84635246,0.78327924
1066,21,0.44088784,0.34444988,0.64869523,0.4843817,0.40558675,0.69167167,0.44161063,0.41696697,0.6415462,0.49544886,0.50907046,0.7619025,0.4455762,0.5119469,0.57300293,0.48119876,0.60567003,0.647247,0.43440807,0.5842144,0.553498,0.47094595,0.6094652,0.49463296,0.4483797,0.6055616,0.7212161,0.47852466,0.7409291,0.66441107,0.46010202,0.73366016,0.61486423,0.4856065,0.85872597,0.55485475,0.46861744,0.84351563,0.6455346
1067,21,0.44177544,0.34439078,0.6436291,0.48270983,0.41125038,0.82568,0.44308975,0.416464,0.6545662,0.4947838,0.50910145,0.6973636,0.4434665,0.5123036,0.4835461,0.48094708,0.60359377,0.6265748,0.43371746,0.58617747,0.39381808,0.4712678,0.6089715,0.54163164,0.44803888,0.6049522,0.5833732,0.47965112,0.74376595,0.5497264,0.4581627,0.7340243,0.5356033,0.48695895,0.8604551,0.6439226,0.46598136,0.8443137,0.574591
1068,21,0.44088653,0.34297714,0.59335697,0.48292688,0.40816852,0.8309378,0.4427019,0.4203957,0.79222304,0.49526826,0.50855523,0.7516466,0.44305336,0.513,0.5591355,0.47941953,0.60569686,0.53873414,0.43409577,0.5876092,0.5488698,0.47217268,0.608472,0.60615546,0.4491689,0.6043301,0.62452203,0.47811192,0.74027395,0.73580766,0.45885962,0.7359059,0.5832756,0.48742956,0.85867685,0.66123194,0.46754113,0.84842384,0.5169936
1069,21,0.43971926,0.34570557,0.63979167,0.4839662,0.40441012,0.8190527,0.44172284,0.41417468,0.856334,0.49529922,0.5094704,0.82385314,0.4437725,0.50950193,0.65157974,0.4787669,0.6051744,0.5740531,0.43294987,0.5856935,0.59178346,0.4725588,0.60672414,0.66938096,0.4484683,0.6029514,0.66770023,0.47799423,0.7390654,0.7599067,0.4580106,0.73287165,0.5780207,0.48825613,0.8573279,0.7743522,0.4675762,0.84570736,0.6546102
1070,21,0.44011554,0.34561768,0.5304467,0.48316154,0.40487522,0.88653076,0.44133848,0.4158691,0.74850976,0.49418348,0.5127404,0.72354156,0.4439687,0.51282597,0.68162644,0.47701415,0.6053764,0.6735176,0.4324541,0.5866567,0.63616073,0.4743169,0.607611,0.72867155,0.44866905,0.6056838,0.7740416,0.47828045,0.7405631,0.81197965,0.45761147,0.7317555,0.6502787,0.48854896,0.8593159,0.8059,0.46761692,0.8436261,0.68804836
1071,21,0.43841842,0.34734264,0.78410125,0.48284003,0.40532905,0.84933895,0.44066975,0.4147396,0.6742946,0.49249676,0.5130378,0.64656687,0.44135177,0.50927025,0.6499071,0.47509307,0.60254395,0.6541727,0.43188158,0.5854066,0.59472346,0.47443098,0.6088769,0.7134301,0.44844246,0.6076207,0.7293576,0.4782718,0.7435902,0.7565384,0.4575487,0.7332031,0.6774503,0.4869813,0.85956705,0.6987128,0.4676115,0.845231,0.6261454
1072,21,0.43803388,0.34831876,0.77930397,0.48324206,0.40574512,0.8582638,0.43987778,0.4155487,0.69208544,0.49207604,0.5145361,0.6581585,0.4419185,0.5110333,0.6118972,0.47485435,0.60212743,0.48992068,0.43203786,0.58448577,0.6059412,0.47756654,0.6081325,0.7578705,0.44957554,0.60654193,0.7392057,0.47875178,0.73988724,0.8033699,0.456953,0.7324782,0.73797095,0.48809236,0.8572569,0.8361327,0.4678224,0.84526014,0.6346584
1073,21,0.43743575,0.34693107,0.58338857,0.48316786,0.40692955,0.7568017,0.44132766,0.41577205,0.6042772,0.49042052,0.513608,0.7690182,0.44220167,0.5076052,0.582578,0.4735035,0.601044,0.72816545,0.4304701,0.5817698,0.4899169,0.47828797,0.6068535,0.71863073,0.4500513,0.605783,0.6245728,0.4770745,0.7374382,0.6857,0.4582091,0.733574,0.6047482,0.48723042,0.86155534,0.6336991,0.46633303,0.8474725,0.7181725
1074,21,0.43682316,0.3489394,0.48746392,0.48342878,0.40710625,0.7740776,0.4398821,0.4157709,0.8617969,0.49009526,0.5130586,0.7586525,0.4408441,0.50827783,0.6607333,0.47015056,0.60104245,0.7437882,0.4327336,0.5854716,0.80114496,0.48224032,0.6055705,0.8118247,0.4526002,0.60654384,0.77471226,0.47747484,0.7384066,0.71749973,0.456206,0.73549265,0.72027224,0.4854906,0.85959923,0.79162836,0.46720976,0.84809536,0.8339412
1075,21,0.43471473,0.35056773,0.6970968,0.48176003,0.40596172,0.8288085,0.43646178,0.4183973,0.5924672,0.489384,0.5118509,0.81512415,0.43968543,0.51065165,0.7944165,0.46992674,0.6019582,0.7548912,0.43420365,0.5867831,0.8055321,0.4831948,0.6066713,0.8203355,0.4538144,0.61038774,0.77132684,0.47797248,0.7402333,0.8322399,0.45738488,0.7366585,0.82052183,0.4878544,0.8616273,0.8844277,0.4673327,0.8452745,0.7551574
1076,21,0.43437523,0.35375977,0.5524545,0.4813703,0.40804264,0.7826302,0.4376484,0.41789314,0.78689337,0.48816904,0.5164893,0.84000784,0.44031087,0.51190877,0.7966409,0.46662754,0.60072744,0.70911694,0.43419042,0.5872842,0.7379382,0.48391992,0.60240006,0.7322455,0.45572692,0.60962296,0.74861926,0.47570807,0.7362744,0.77743876,0.4574158,0.7332509,0.7817922,0.48858923,0.8605165,0.8247323,0.4684498,0.84446126,0.76411
1077,21,0.43298066,0.3565679,0.75686705,0.48093322,0.40883878,0.66883093,0.4385982,0.4187452,0.7564628,0.48748344,0.518022,0.8334522,0.44201273,0.51419485,0.74500066,0.4617274,0.60276717,0.6977363,0.43316537,0.5891074,0.5318108,0.48646146,0.6017852,0.79081035,0.45721027,0.6082627,0.79741824,0.47548416,0.7396066,0.70002544,0.4567769,0.73565245,0.7331077,0.48864156,0.86252993,0.81019425,0.46763578,0.8456541,0.81003445
1078,21,0.43111387,0.35886517,0.69272006,0.47936928,0.4108722,0.84139913,0.43788397,0.4223106,0.7566771,0.48796788,0.52042586,0.88294077,0.4431624,0.51848847,0.76989216,0.46152344,0.60454977,0.77424455,0.43342838,0.5930825,0.66901493,0.4889628,0.5985027,0.7879357,0.45963705,0.606096,0.78696924,0.47557196,0.7344457,0.8052595,0.45680937,0.7308243,0.7590224,0.48384845,0.8619336,0.64819634,0.46821448,0.8436436,0.85351187
1079,21,0.42994642,0.36225635,0.60633576,0.48054296,0.4126209,0.79817593,0.437396,0.4287831,0.87645376,0.48840302,0.5226749,0.78831017,0.44076,0.521008,0.78313804,0.46174258,0.6065502,0.8495216,0.43237793,0.594336,0.78489465,0.4924266,0.590003,0.85807055,0.4617901,0.59541565,0.7639317,0.4758615,0.7329044,0.898706,0.45839426,0.72880656,0.8112161,0.48745334,0.8619753,0.86515033,0.46874058,0.8439871,0.71355873
1080,21,0.42941284,0.36571258,0.6223287,0.48010272,0.41900602,0.88454926,0.43591812,0.42905658,0.8751725,0.4859996,0.5265486,0.6147373,0.440739,0.5210751,0.794579,0.4610366,0.60668933,0.8182917,0.43498203,0.5961083,0.7595587,0.4946195,0.58411676,0.8698117,0.460903,0.5860449,0.72045726,0.47389883,0.73267066,0.87273854,0.4546068,0.72482276,0.76808286,0.48612073,0.8626466,0.5823815,0.4695945,0.8422231,0.8588704
1081,21,0.42862567,0.3714368,0.8103235,0.47993037,0.42421728,0.87119806,0.43602931,0.4327054,0.8513263,0.48525897,0.5319813,0.7642864,0.44098836,0.52202165,0.9035564,0.4592617,0.61518735,0.8231786,0.43678015,0.59984446,0.723615,0.49691898,0.5803932,0.84448373,0.46223596,0.5809037,0.7408168,0.4736117,0.7318517,0.86622554,0.4532372,0.7252848,0.7589015,0.48713705,0.86499536,0.8298631,0.46916237,0.8408942,0.74678576
1082,21,0.42832196,0.37674725,0.6217366,0.47849554,0.42937595,0.7752319,0.4367172,0.43746728,0.8407226,0.4850828,0.5364843,0.76145875,0.44209948,0.5250329,0.8838917,0.45968828,0.616556,0.74258816,0.4382885,0.6043037,0.6643207,0.49914798,0.58244115,0.85251987,0.46397254,0.5822355,0.7438822,0.47201335,0.7326285,0.85149044,0.4517237,0.72310317,0.76982796,0.4877826,0.8654534,0.7640159,0.46943215,0.8416646,0.7246318
1083,21,0.42750496,0.38062507,0.5607566,0.47992638,0.43608737,0.7292465,0.43595326,0.4453283,0.8924382,0.48453167,0.54316413,0.7323544,0.4427037,0.53185314,0.84348017,0.4589999,0.6191063,0.77565855,0.4407135,0.6081006,0.682341,0.5024021,0.58064914,0.75260687,0.4661258,0.5808423,0.6825595,0.47184315,0.73268634,0.9087616,0.45070904,0.7238655,0.7088995,0.48765182,0.86309564,0.79212433,0.46870816,0.84382796,0.7739431
1084,21,0.4270382,0.3876274,0.7753305,0.47907975,0.4407391,0.8376654,0.4344883,0.44549578,0.8436755,0.48208058,0.5478122,0.68387103,0.44198716,0.53354275,0.8369087,0.45921746,0.62356806,0.7068304,0.44135934,0.6121422,0.53052026,0.50438756,0.57792884,0.8197143,0.4670027,0.5797017,0.6518503,0.4725944,0.73401743,0.860531,0.44997615,0.7223681,0.7667665,0.48748976,0.8625849,0.7608306,0.46783474,0.8418058,0.75394815
1085,21,0.42678186,0.3956299,0.6785994,0.4789914,0.44634405,0.8197246,0.43320784,0.45216557,0.87430775,0.48383948,0.55406076,0.6276399,0.44265187,0.5410309,0.83267057,0.45904434,0.6295226,0.7425217,0.44293192,0.6195525,0.40047356,0.5071732,0.58175015,0.8160273,0.46872902,0.58361673,0.79595345,0.47092977,0.7339997,0.78036827,0.44963,0.72783655,0.70010185,0.4876115,0.8627685,0.7374108,0.46828705,0.8414896,0.6928112
1086,21,0.42605355,0.4025662,0.7943705,0.4792158,0.45385346,0.8934418,0.43390894,0.45969746,0.80929667,0.48348516,0.5607127,0.80274916,0.44425157,0.5463223,0.8597966,0.45842037,0.63479096,0.7935541,0.4442892,0.6246841,0.43881488,0.5087941,0.5899123,0.7946365,0.47128358,0.5917616,0.67857033,0.47051015,0.7371897,0.8601695,0.44917217,0.7256463,0.70706457,0.4886642,0.86258644,0.80117,0.46706116,0.8410932,0.7959921
1087,21,0.42435652,0.40912285,0.78540164,0.4788046,0.46046016,0.8464416,0.43248376,0.46533507,0.71783555,0.4846134,0.56741923,0.74047816,0.44726142,0.5545488,0.8149037,0.45910352,0.6405819,0.6306868,0.44599387,0.6319425,0.4910248,0.5109894,0.5941793,0.80190986,0.47378522,0.5943372,0.8085247,0.47075734,0.73741114,0.7493892,0.44882756,0.7223343,0.71683365,0.48641238,0.86188453,0.80806005,0.46606603,0.83829,0.5682896
1088,21,0.42496818,0.41440395,0.5504429,0.47971523,0.4681772,0.8244484,0.43186438,0.46877578,0.786837,0.48450992,0.5739176,0.7416022,0.44728783,0.5581847,0.6879881,0.4601212,0.6422278,0.7529833,0.44789562,0.6346365,0.49154672,0.51261586,0.5970163,0.8281378,0.47562963,0.5968576,0.7941281,0.47059053,0.7332225,0.8340385,0.4484698,0.72467256,0.66230655,0.48571977,0.86083066,0.73676014,0.4673557,0.83673096,0.8488107
1089,21,0.4250321,0.42338586,0.8107786,0.48015365,0.47614735,0.8770869,0.43293384,0.47856727,0.86488,0.48615488,0.5798309,0.6795013,0.44941527,0.5666218,0.5677266,0.462086,0.6478492,0.78713566,0.45065415,0.63879895,0.58063495,0.51291937,0.6062608,0.8987171,0.47725564,0.60363626,0.8042814,0.4718107,0.7340186,0.7449232,0.44721323,0.72412854,0.55570287,0.48651296,0.8587261,0.77425355,0.4674368,0.83820903,0.7143462
1090,21,0.4255874,0.43200096,0.46452647,0.48121175,0.48273292,0.8845585,0.43271637,0.4841356,0.79534245,0.48703763,0.5862236,0.6942237,0.45165303,0.57238984,0.806077,0.46274,0.65069604,0.7888346,0.45289707,0.6440088,0.6039174,0.5138325,0.6075234,0.93941975,0.47737354,0.60697395,0.77746755,0.47105592,0.7377988,0.72982347,0.44763628,0.7275768,0.5790346,0.4854733,0.85884815,0.830993,0.46778792,0.83696306,0.70477515
1091,21,0.42516413,0.43863946,0.74285907,0.48130742,0.49034372,0.8952844,0.43166268,0.4901666,0.68087375,0.4879051,0.5917048,0.7910475,0.45215982,0.5793167,0.638007,0.46385935,0.6587484,0.8104538,0.45441422,0.65111023,0.6364826,0.5156795,0.6090348,0.9427416,0.4790172,0.61048687,0.8388325,0.47015038,0.73632866,0.6740275,0.44685027,0.72845834,0.49508348,0.48609886,0.85981035,0.82777685,0.46787113,0.8382467,0.67427486
1092,21,0.42598954,0.44530955,0.81706953,0.48303315,0.49683443,0.8620423,0.43291658,0.49605793,0.85809195,0.4903352,0.5985869,0.7682786,0.45375216,0.58163464,0.67548496,0.46612054,0.6617737,0.8271345,0.45649764,0.65462625,0.5848908,0.5165335,0.613975,0.9368072,0.4787372,0.612733,0.8252658,0.4694418,0.73604083,0.84999746,0.44564977,0.72156,0.6351535,0.48565617,0.86401093,0.78211284,0.46712485,0.84099424,0.64885
1093,21,0.4255186,0.45334443,0.6694707,0.48224467,0.5041075,0.8679854,0.43338686,0.5000936,0.8340629,0.49302286,0.60512096,0.84302574,0.45447394,0.58895427,0.8656066,0.46739447,0.6679715,0.5500847,0.4574631,0.65901625,0.50441694,0.5182109,0.6179875,0.9263992,0.48088583,0.6180368,0.83208674,0.46999142,0.7391425,0.8842653,0.4442651,0.7242529,0.7146658,0.48515776,0.86861163,0.81823975,0.46674415,0.8386149,0.6441686
1094,21,0.42687473,0.4594265,0.7316658,0.48288614,0.51129043,0.7941597,0.43546122,0.5082155,0.81714374,0.49535096,0.60909694,0.8165024,0.4545359,0.5897503,0.8334186,0.46940708,0.6680675,0.6294472,0.45869672,0.66174823,0.5490428,0.5202158,0.6236985,0.91414875,0.48294216,0.6250913,0.7285163,0.46944255,0.74123263,0.8097789,0.44213665,0.7243712,0.66406864,0.48723596,0.8636329,0.8334196,0.46532652,0.8360495,0.68588614
1095,21,0.42682716,0.4666511,0.77157396,0.4823271,0.5170317,0.8216269,0.4344067,0.5136894,0.8402373,0.49630243,0.6144036,0.8078059,0.4565849,0.5931842,0.8115607,0.47146237,0.6747304,0.8033757,0.4599306,0.66746473,0.65446186,0.5207568,0.6249325,0.9372375,0.48398942,0.6253341,0.81010604,0.4715224,0.74010545,0.90132,0.4426761,0.7259065,0.71756864,0.48698935,0.8645969,0.8598118,0.46445954,0.836022,0.80547357
1096,21,0.42778775,0.47339487,0.6976766,0.48183283,0.52163625,0.7957808,0.43623918,0.52009404,0.77503586,0.5002682,0.61915135,0.81552106,0.45767373,0.60001934,0.7374857,0.47300535,0.68195325,0.5854361,0.46176186,0.67016554,0.6299278,0.52209175,0.6314119,0.89237046,0.4858331,0.6313332,0.67658806,0.47162583,0.74221915,0.84688795,0.44259307,0.7266214,0.60911113,0.4868297,0.8665329,0.7674777,0.465716,0.8352975,0.7885034
1097,21,0.42845267,0.48020732,0.722081,0.48276195,0.52788824,0.8578317,0.43616664,0.52265507,0.64061415,0.5018444,0.62326336,0.8533478,0.45825055,0.604009,0.6802135,0.47380957,0.68804514,0.76635754,0.46153456,0.6762998,0.53066236,0.5225726,0.633627,0.84144694,0.4864902,0.63532376,0.5844817,0.47004154,0.74224025,0.6996319,0.44277894,0.725398,0.7661772,0.48713315,0.8664787,0.75073195,0.46693483,0.8359858,0.7126235
1098,21,0.4297127,0.48518202,0.74744993,0.4832404,0.5320339,0.8432181,0.437308,0.52771425,0.62329566,0.50357246,0.62803817,0.8855821,0.45940167,0.6075385,0.6358763,0.47504917,0.6901244,0.7413303,0.46303952,0.6774613,0.52144873,0.52356184,0.6375587,0.84348947,0.48735598,0.63856405,0.5860515,0.47074473,0.74020225,0.6116079,0.44227487,0.72556025,0.6642269,0.4867856,0.8652275,0.72244436,0.46643454,0.8366412,0.8402429
1099,21,0.4312252,0.49024636,0.7829728,0.4837933,0.53628594,0.5820574,0.43754724,0.53116655,0.80519813,0.5053137,0.6323249,0.8877142,0.46070582,0.61168915,0.67071694,0.47561297,0.6945785,0.7481547,0.46478653,0.6847741,0.5334237,0.5246607,0.63964266,0.8265938,0.48765457,0.641222,0.5960067,0.4714275,0.741759,0.79149145,0.4435362,0.7250615,0.8003238,0.48638484,0.86750036,0.838922,0.4659418,0.8402736,0.76928186
1100,22,0.43305442,0.49448857,0.653078,0.4840123,0.5432679,0.78366864,0.44015315,0.5380634,0.7952953,0.50657856,0.6387608,0.7587528,0.46133804,0.6141123,0.491611,0.47685912,0.6946758,0.58023876,0.46564433,0.68175477,0.4102126,0.52418077,0.6463893,0.8181637,0.4893045,0.64669245,0.52573246,0.47269773,0.7430718,0.7852076,0.44518226,0.725552,0.62020904,0.48736477,0.86560893,0.73236036,0.4663952,0.8371316,0.6343225
1101,22,0.43410614,0.49865755,0.47895715,0.48486978,0.5505268,0.66376126,0.4414166,0.54103464,0.7051749,0.5064802,0.64112806,0.76068366,0.46286497,0.61825293,0.49662906,0.47829586,0.69442296,0.6798243,0.46729755,0.6859116,0.4742687,0.52665305,0.6478898,0.8677855,0.4904208,0.646362,0.6385301,0.47177503,0.74469703,0.7591257,0.44294384,0.7250861,0.7147071,0.48682895,0.86856294,0.84052986,0.46731034,0.83754313,0.84373987
1102,22,0.43584472,0.5020054,0.80638516,0.48682436,0.54911536,0.82643807,0.44137552,0.54239523,0.83089757,0.5071605,0.6434571,0.7857152,0.46355116,0.6198919,0.8043447,0.47853005,0.69594216,0.69333225,0.46823424,0.6877622,0.48073038,0.5290973,0.65114105,0.84258246,0.4921939,0.65136015,0.6461139,0.47172356,0.74587095,0.687173,0.444378,0.72466177,0.8902222,0.487584,0.8664915,0.8965071,0.46902063,0.8384698,0.6296403
1103,22,0.43798447,0.5050108,0.5038322,0.48671827,0.55084515,0.80165315,0.44285074,0.54673874,0.90849984,0.50810003,0.64497524,0.89574456,0.46536967,0.62591696,0.7010762,0.47628894,0.70886767,0.510306,0.46725196,0.6973022,0.49600908,0.52963203,0.6568573,0.8894647,0.4935593,0.6553818,0.62646616,0.47147676,0.7462373,0.77735853,0.44437015,0.7262154,0.86840546,0.48579875,0.8680489,0.7996644,0.4695936,0.8364365,0.8085592
1104,22,0.44053802,0.5070488,0.6728447,0.4880323,0.5511617,0.78906626,0.44507548,0.54769194,0.90693384,0.5090082,0.6466116,0.873586,0.46422,0.6245979,0.8725409,0.4779497,0.70211303,0.58682877,0.4690192,0.69486636,0.5802031,0.5305497,0.6579237,0.8218959,0.49532336,0.6558438,0.70902354,0.47155488,0.7464949,0.84349555,0.4460375,0.7271991,0.90540475,0.48623663,0.86691034,0.77063924,0.4698951,0.83835655,0.77348703
1105,22,0.4429207,0.5091794,0.72045255,0.4888788,0.5546291,0.7165867,0.44730097,0.550189,0.712671,0.5097787,0.6490648,0.9056045,0.4662382,0.62815917,0.74120575,0.4787136,0.7064397,0.58959603,0.46848834,0.7024701,0.563951,0.5311228,0.6635735,0.90299773,0.4941438,0.6598719,0.74316233,0.4707622,0.7466071,0.7805785,0.446386,0.7262511,0.90000236,0.4864392,0.8657049,0.7837057,0.4686993,0.8401115,0.83117354
1106,22,0.44528705,0.51089466,0.7532514,0.49200404,0.55545807,0.8318991,0.4497766,0.5508218,0.7139286,0.5117091,0.65106845,0.9123239,0.46646494,0.62582695,0.78932273,0.47964516,0.70065916,0.5369795,0.4708795,0.6949655,0.5045089,0.53183955,0.66779965,0.84145427,0.49684355,0.66479933,0.7169235,0.47235996,0.74705076,0.7932838,0.44533494,0.72582746,0.8566163,0.48693746,0.8651141,0.80213183,0.46916524,0.8406859,0.82937616
1107,22,0.44773853,0.50927573,0.4138606,0.49284977,0.5594703,0.72962034,0.45450538,0.5540351,0.70616317,0.5117839,0.65268105,0.8087922,0.46886545,0.6264026,0.55073696,0.4808294,0.70147014,0.4120819,0.47140464,0.69554925,0.5031466,0.5308948,0.67219925,0.8089403,0.4968071,0.6698142,0.5893816,0.47338012,0.7500681,0.73897296,0.44636106,0.72696143,0.71184695,0.48728552,0.8668326,0.7602704,0.4699628,0.8439814,0.7116618
1108,22,0.44949415,0.51028186,0.7480279,0.49775124,0.5569362,0.86497706,0.45248622,0.55175304,0.9160723,0.5121328,0.65408176,0.8737037,0.46992818,0.6286294,0.54439104,0.4807811,0.70756,0.50629556,0.47131577,0.7009168,0.45682755,0.53238404,0.6724009,0.84782165,0.49573708,0.669466,0.56704026,0.47272956,0.7483896,0.80460006,0.44569767,0.7263721,0.81142014,0.48745137,0.8669984,0.6885272,0.46979654,0.84185416,0.88826174
1109,22,0.45187572,0.508595,0.49966156,0.4998895,0.556839,0.7647641,0.45506456,0.5505878,0.881051,0.51452655,0.6561877,0.8955378,0.46907222,0.62666345,0.7213511,0.48039666,0.71040136,0.5573294,0.47166258,0.7015362,0.4520266,0.5330141,0.6725864,0.7592821,0.4970368,0.66930073,0.5872534,0.4730589,0.74822885,0.82410043,0.4466924,0.7245339,0.9300065,0.48743668,0.8679671,0.7347588,0.46998608,0.8418241,0.8641695
1110,22,0.45463336,0.5078657,0.53848684,0.5015237,0.5574361,0.68856764,0.4589939,0.55092025,0.74954224,0.51550585,0.6552176,0.81812674,0.46981123,0.6271574,0.6744828,0.48159832,0.70802647,0.5069144,0.4729156,0.7017067,0.48940286,0.5330403,0.6749448,0.7846387,0.49982816,0.67211235,0.6358932,0.47358343,0.7468864,0.7254879,0.44781634,0.72383463,0.8887769,0.48819047,0.8650406,0.88553196,0.46952718,0.8416849,0.880974
1111,22,0.45677322,0.50590545,0.55380136,0.5032988,0.557936,0.6747103,0.4611575,0.55221295,0.7174812,0.5159798,0.652626,0.78162473,0.4712027,0.6258166,0.5467905,0.48308966,0.70255613,0.5588973,0.47627008,0.69648767,0.41315535,0.53318787,0.6744956,0.83987176,0.49881527,0.67104965,0.54238975,0.47476736,0.74619734,0.7152882,0.4476796,0.7241106,0.84958214,0.4881325,0.86600536,0.871323,0.46908364,0.84137017,0.76251286
1112,22,0.45948294,0.5055381,0.5298033,0.50547165,0.5589555,0.70280135,0.4627736,0.55002826,0.7423495,0.51807505,0.65243214,0.78170127,0.47260678,0.62479454,0.7522066,0.48490995,0.7006001,0.6782924,0.47675166,0.69425714,0.4274517,0.5332758,0.67174256,0.8320988,0.5007002,0.6677444,0.69653016,0.47564995,0.74388176,0.70874035,0.4485382,0.7232208,0.86807734,0.48753497,0.8653565,0.8826616,0.46958673,0.8399623,0.8306947
1113,22,0.461686,0.50591904,0.8174722,0.50821745,0.5544028,0.86056054,0.46236923,0.54689336,0.90242285,0.51805943,0.6508064,0.93281597,0.47417364,0.62316203,0.7542456,0.484095,0.7051419,0.61283743,0.47604692,0.7000025,0.45291343,0.53557235,0.6700355,0.87780017,0.50141853,0.6666838,0.60593,0.47452626,0.7438107,0.7763286,0.4482964,0.7224162,0.93865037,0.48857746,0.8639978,0.87123686,0.46979797,0.8391015,0.73491955
1114,22,0.4644359,0.50460845,0.75299126,0.5096067,0.55402344,0.82687575,0.46530578,0.5441569,0.9105352,0.5183844,0.65039027,0.89344066,0.47546992,0.6240581,0.7484697,0.48560724,0.70311934,0.5881783,0.47803143,0.6976585,0.4532919,0.535867,0.67287177,0.865709,0.50073403,0.66825855,0.6791728,0.47557497,0.7465423,0.83321464,0.4482665,0.7228566,0.92710364,0.4878741,0.86569893,0.7651628,0.4699084,0.8416747,0.8952318
1115,22,0.46632382,0.50279254,0.76044255,0.51139367,0.554611,0.846072,0.4678075,0.5459857,0.91076607,0.52128917,0.650247,0.90829873,0.47650978,0.6262639,0.6935702,0.48717183,0.7028937,0.68156916,0.4791961,0.69971395,0.54660964,0.5355514,0.6741133,0.85846424,0.50283074,0.66968715,0.69269425,0.47684944,0.7441541,0.7984845,0.45033845,0.7217508,0.91279393,0.48789832,0.865408,0.86315924,0.46851316,0.84289193,0.88156015
1116,22,0.46893892,0.5016423,0.5062042,0.5130636,0.5536286,0.82559454,0.47077128,0.54577094,0.71564734,0.5219449,0.6507283,0.8765679,0.4777201,0.6225186,0.71455896,0.4865215,0.6998232,0.6270119,0.47975376,0.6942701,0.55571806,0.53541696,0.67441714,0.84542197,0.50321907,0.66980183,0.65903807,0.47741526,0.74318177,0.73624945,0.45037183,0.72172123,0.9033782,0.48827082,0.8663528,0.8131889,0.4694946,0.8414338,0.9049214
1117,22,0.47071615,0.5023547,0.75363994,0.51474965,0.5540916,0.7443517,0.4725744,0.54639584,0.8786784,0.5223246,0.6505766,0.8448393,0.47950464,0.625451,0.78209823,0.48767033,0.70004,0.60990864,0.47984686,0.6939589,0.51459336,0.53461343,0.67401314,0.9064091,0.5027554,0.66837823,0.62187064,0.47720596,0.74159306,0.7604181,0.45080057,0.7212813,0.8857164,0.48782355,0.8682503,0.9110245,0.46873426,0.84317744,0.80952454
1118,22,0.4735486,0.501608,0.56657815,0.5173677,0.55550504,0.66797805,0.4755608,0.54652095,0.76922816,0.5234354,0.65060383,0.8958314,0.48030388,0.6269124,0.73827296,0.48840266,0.7012374,0.70761275,0.48071948,0.6978852,0.57040983,0.5353234,0.67615503,0.8796908,0.5031946,0.6707717,0.7234849,0.477737,0.7429907,0.76632345,0.45142803,0.7208173,0.8812304,0.48758802,0.8639845,0.7874774,0.46865636,0.84310865,0.8716784
1119,22,0.4754233,0.5022196,0.7505075,0.51962686,0.55305433,0.7442475,0.4764822,0.54668695,0.8929993,0.52397126,0.650918,0.912654,0.48150405,0.6260945,0.8431,0.48703682,0.7010671,0.6067626,0.4790969,0.6947236,0.5534205,0.5363058,0.67606336,0.8638351,0.503644,0.66995406,0.69623137,0.47796032,0.7443453,0.7955816,0.45137423,0.71854174,0.8679468,0.48725587,0.8653828,0.80070853,0.46926796,0.84129614,0.91467375
1120,22,0.47769636,0.5004748,0.44912255,0.5218632,0.55237705,0.836877,0.4779403,0.54597616,0.88549954,0.5240825,0.65122455,0.91745985,0.48236746,0.62512726,0.695031,0.48739517,0.7000358,0.5684831,0.4796994,0.69307613,0.5174695,0.537305,0.6742299,0.92345154,0.5044604,0.6678613,0.6249852,0.47856453,0.74359536,0.8121054,0.45207778,0.7180683,0.8596095,0.48795864,0.86706275,0.89954907,0.46950504,0.84106773,0.9208749
1121,22,0.4792595,0.499473,0.45823663,0.52390283,0.5524545,0.8359413,0.48057902,0.54563224,0.8883654,0.5249266,0.6508068,0.9048129,0.48282388,0.62368685,0.6891309,0.48868567,0.6986144,0.62597966,0.48145106,0.6941865,0.6093722,0.53914106,0.6766225,0.89434284,0.5054147,0.6707249,0.73094434,0.47925943,0.7437864,0.72992414,0.4516486,0.71964586,0.89674485,0.4875943,0.86624676,0.85521764,0.4689987,0.8427572,0.89545494
1122,22,0.4803716,0.49990654,0.7179479,0.5247493,0.550788,0.7271656,0.4813301,0.5431439,0.7564639,0.52516854,0.6518076,0.918735,0.48333323,0.6234586,0.7097331,0.4864434,0.69866365,0.530295,0.48003075,0.69344175,0.708611,0.5382486,0.6768355,0.92653936,0.50429446,0.66994655,0.7332996,0.47934303,0.7420791,0.80645674,0.45254195,0.71798176,0.8961244,0.4876625,0.867301,0.89916015,0.46965015,0.84219474,0.8991404
1123,22,0.48227793,0.49864316,0.71235335,0.52744764,0.549366,0.87830263,0.4826107,0.541772,0.91583663,0.5262827,0.6520025,0.8521499,0.48422524,0.6232041,0.8930339,0.4890967,0.69429594,0.5494115,0.48033687,0.68920934,0.6246574,0.5385784,0.674916,0.9113479,0.5054597,0.66866624,0.67777044,0.47936133,0.73988885,0.7439033,0.45266905,0.71883774,0.8639983,0.48696503,0.86589515,0.7347386,0.46969515,0.8423744,0.89977664
1124,22,0.4837702,0.49728993,0.78838027,0.52880573,0.546546,0.7395256,0.48401597,0.5413456,0.93488675,0.5260378,0.6508247,0.92895603,0.48427323,0.6215875,0.7789129,0.4888276,0.69470245,0.5546835,0.48111093,0.6895613,0.6018492,0.53876215,0.6749465,0.86134106,0.50539833,0.6695381,0.72218096,0.47993967,0.7414547,0.8568059,0.45198303,0.71910334,0.86085624,0.4878372,0.86673176,0.87056595,0.46956494,0.84395164,0.8831094
1125,22,0.48553935,0.49706563,0.8090377,0.52942646,0.54608506,0.73072374,0.4854721,0.5419375,0.8372584,0.5268563,0.6506108,0.9215866,0.484713,0.62139404,0.7973745,0.4893446,0.69359773,0.5542775,0.48068509,0.68894327,0.6722938,0.53829944,0.67593575,0.87287956,0.50535965,0.6704124,0.7320488,0.4805496,0.7407594,0.82338965,0.4528646,0.71758455,0.85005987,0.4878153,0.8667082,0.90107864,0.46901178,0.84355026,0.84297925
1126,22,0.48721832,0.4945543,0.551613,0.53044665,0.54570454,0.85211694,0.48649865,0.54128283,0.9040597,0.52834624,0.6516926,0.85325116,0.4851137,0.6216673,0.77636325,0.48897794,0.69374037,0.5155576,0.48142496,0.68583184,0.451725,0.5386651,0.6771203,0.8611621,0.50583047,0.67144156,0.7340223,0.48044702,0.7402992,0.79950815,0.45375347,0.7172005,0.9129065,0.4868477,0.8664047,0.6948033,0.46899015,0.8426421,0.7308298
1127,22,0.48868877,0.4945638,0.728375,0.530778,0.54804116,0.6491983,0.48825213,0.54252166,0.890762,0.5285036,0.65243685,0.8149803,0.48627174,0.6239271,0.8394661,0.48952833,0.6938425,0.49374765,0.48117575,0.6882733,0.6087404,0.5383915,0.6787212,0.85470486,0.50575083,0.67209363,0.71597165,0.48082083,0.7386969,0.7604326,0.45359218,0.7173753,0.90449095,0.48804533,0.86688167,0.9150983,0.46905774,0.8420576,0.8507554
1128,22,0.49043712,0.49414045,0.5294082,0.53160065,0.54920775,0.6306882,0.48989487,0.5415473,0.7672439,0.52833515,0.6517101,0.8011725,0.48664227,0.6231437,0.62556994,0.48913506,0.6945774,0.39206243,0.4814827,0.6888344,0.52900535,0.53724873,0.67861384,0.75993335,0.5056368,0.67220336,0.5865229,0.48124155,0.73832625,0.66545403,0.45402783,0.7174355,0.85446244,0.48727468,0.86739796,0.894519,0.4693586,0.8418083,0.8188353
1129,22,0.49125466,0.49261758,0.5132182,0.5332909,0.5498527,0.5322156,0.49059817,0.5422637,0.87282276,0.5288888,0.6512834,0.77995384,0.48719025,0.62495434,0.6874328,0.48945057,0.6944943,0.43584222,0.4816829,0.68850344,0.5707105,0.53678215,0.6814749,0.79211175,0.5052894,0.6739898,0.6042845,0.4803592,0.7387378,0.60390204,0.45410687,0.7186809,0.7751286,0.487608,0.8635191,0.71329474,0.46952406,0.84326446,0.8125054
1130,22,0.49313176,0.49144885,0.66032845,0.53380406,0.5495394,0.5347094,0.4914585,0.5424937,0.8321304,0.52906704,0.65081954,0.7910104,0.48780563,0.6255073,0.73834044,0.49168548,0.6918681,0.4292858,0.48166353,0.68848,0.5727765,0.53569853,0.6806083,0.67379725,0.5045277,0.67255986,0.515306,0.48122522,0.73740715,0.6704032,0.45530623,0.7176203,0.78476214,0.48746565,0.8668169,0.7909375,0.4685996,0.8444486,0.64098585
1131,22,0.49492502,0.49003476,0.68484735,0.53523034,0.54882723,0.69078,0.4927686,0.54244596,0.79007655,0.52793,0.64982116,0.68133384,0.4879781,0.62476194,0.7528667,0.49073395,0.6949622,0.45380262,0.48186234,0.6881344,0.65802944,0.5388794,0.68116635,0.78632617,0.5069655,0.6739088,0.5853502,0.4800637,0.73899704,0.7313194,0.4551548,0.7175158,0.83585715,0.48738754,0.8663174,0.8438696,0.46846426,0.84366137,0.8182358
1132,22,0.49520442,0.48988646,0.6429407,0.53587765,0.5491578,0.5227669,0.4931091,0.5418313,0.81033874,0.52880067,0.6481841,0.8438737,0.48749048,0.6242286,0.67570287,0.49122754,0.6919485,0.43787122,0.4816274,0.6863402,0.6212381,0.53499204,0.6810932,0.6971924,0.5051312,0.673312,0.54567564,0.4808979,0.7398163,0.6244592,0.45526847,0.71634513,0.6981748,0.48758486,0.8686018,0.856455,0.4680792,0.84316564,0.62570876
1133,22,0.49624735,0.4895956,0.7569904,0.537668,0.54818755,0.54686004,0.4937561,0.54304534,0.87572634,0.5284749,0.64859426,0.75528425,0.48852456,0.6241151,0.7030751,0.49101162,0.69612867,0.5966657,0.4825283,0.68866295,0.5499216,0.538407,0.67864186,0.7121895,0.50625056,0.67162395,0.57668495,0.48002875,0.7385489,0.71326137,0.4546827,0.71682954,0.8508146,0.48721132,0.8669422,0.866292,0.4681106,0.8445706,0.77406085
1134,22,0.49700737,0.48729575,0.62160176,0.5391761,0.5454981,0.7738471,0.4939533,0.5404696,0.71603304,0.52851826,0.6479787,0.71585727,0.48785204,0.62317014,0.86166143,0.48957673,0.69463944,0.584065,0.48163816,0.68796706,0.6050544,0.5391053,0.67939657,0.86365026,0.50579554,0.67132324,0.72512895,0.4799871,0.7387683,0.6591571,0.45435104,0.71639854,0.92064166,0.48727268,0.8680541,0.763351,0.46827126,0.8446673,0.80372185
1135,22,0.49839753,0.4874444,0.7536092,0.53840965,0.5462596,0.64652604,0.49493277,0.54179835,0.8401141,0.5295198,0.646421,0.8666941,0.48805428,0.6227131,0.8132075,0.4897811,0.6949031,0.51017773,0.48228353,0.68753004,0.56578857,0.538699,0.6805197,0.8433431,0.5063613,0.67258936,0.6640866,0.48062453,0.7395558,0.75913507,0.45408925,0.71750736,0.8540049,0.4879852,0.86791193,0.70017296,0.46919507,0.8442921,0.8264584
1136,22,0.49833062,0.48628646,0.7217563,0.5397629,0.5452067,0.696511,0.4951608,0.54057586,0.8021442,0.5288813,0.64499986,0.8639952,0.48838693,0.62297726,0.8604753,0.4902701,0.69470656,0.5612817,0.48271185,0.6868759,0.6082179,0.53906274,0.67997336,0.8373428,0.5065058,0.6717884,0.68349385,0.48104078,0.73914796,0.79153514,0.454422,0.71650857,0.86930966,0.48796988,0.86774194,0.8942728,0.4687094,0.8440922,0.7990946
1137,22,0.4986016,0.48584446,0.7670939,0.5404718,0.54433715,0.74040765,0.4955682,0.5400658,0.8412182,0.52918977,0.6446351,0.89029545,0.48860738,0.6226844,0.87163806,0.49021408,0.69430435,0.562282,0.48271316,0.68692833,0.6207224,0.5393779,0.67849207,0.8398187,0.5066134,0.67054605,0.68856084,0.48096523,0.7391318,0.8182412,0.45419848,0.71679676,0.8932803,0.48802432,0.86756456,0.90251654,0.4690306,0.8435805,0.8182842
1138,22,0.49974564,0.4846027,0.58806807,0.5406058,0.54559755,0.6359074,0.49623242,0.5410878,0.86596584,0.5295312,0.64420426,0.87515986,0.48880675,0.6235639,0.82030135,0.49046808,0.69439965,0.54967356,0.48220667,0.6887814,0.6263905,0.5382736,0.67776555,0.82172006,0.5056637,0.6698902,0.65524465,0.48137406,0.74006355,0.7433838,0.4544364,0.7176385,0.8882557,0.4870178,0.8657769,0.8601373,0.4683873,0.844039,0.8432463
1139,22,0.49987704,0.48308197,0.37863594,0.5413833,0.54534584,0.8124687,0.4967395,0.5409861,0.84740627,0.529172,0.6439258,0.69484144,0.48945236,0.6228245,0.8861991,0.49186185,0.69395554,0.5410871,0.4818196,0.6889698,0.7125897,0.538474,0.67941326,0.88597363,0.5055624,0.6718176,0.76647323,0.48106062,0.7383279,0.7082035,0.45387596,0.71754164,0.7993273,0.4869102,0.8637995,0.66827065,0.46926978,0.8411624,0.89530045
1140,22,0.5004296,0.4831253,0.5008869,0.54120255,0.5450082,0.7480093,0.49780264,0.5415522,0.6738799,0.5297063,0.6451919,0.7881533,0.4896926,0.6225015,0.8102464,0.49070486,0.69510984,0.55675566,0.4825351,0.6902548,0.7227697,0.53863627,0.68021137,0.8008627,0.5067514,0.6721216,0.6075191,0.48068962,0.7385491,0.6981342,0.45427278,0.7180964,0.82181084,0.48804837,0.86630964,0.9076119,0.4684555,0.843277,0.76800895
1141,22,0.50117916,0.48356476,0.56293863,0.54174,0.5445611,0.79081726,0.49708515,0.54107404,0.7955436,0.5289291,0.6441692,0.85649073,0.4896803,0.6226657,0.8734442,0.4905952,0.6947845,0.5825543,0.4825308,0.6888915,0.63801813,0.53971356,0.6783214,0.7947728,0.50753635,0.67091626,0.6613412,0.4799072,0.73876965,0.7060215,0.45444953,0.71753246,0.8946285,0.48755524,0.8658573,0.680092,0.46929333,0.84350145,0.7945842
1142,22,0.5015433,0.48314673,0.4809571,0.5419104,0.5449071,0.7181241,0.49775216,0.54118586,0.83190495,0.52959883,0.6440954,0.86571836,0.489895,0.6215288,0.8309605,0.49096438,0.6951565,0.5694557,0.48276252,0.6897211,0.62202287,0.53825057,0.67883277,0.8285907,0.50600535,0.6714402,0.6769305,0.48174116,0.7406465,0.72874546,0.45452455,0.71772164,0.8980022,0.48725927,0.86564195,0.83698046,0.46815065,0.8446622,0.7717506
1143,22,0.5021748,0.48266748,0.7401842,0.5424099,0.5439192,0.87681353,0.49821013,0.54014826,0.7400041,0.5288759,0.64375955,0.62554365,0.4896892,0.6221388,0.9108545,0.49158904,0.69427705,0.49193883,0.48201734,0.6884858,0.7012226,0.5410032,0.67831486,0.8621849,0.5066416,0.6699045,0.709856,0.48097527,0.738988,0.77262384,0.45358756,0.7181272,0.7791037,0.48748195,0.86391807,0.74619555,0.4692199,0.8426666,0.8682019
1144,22,0.5020215,0.48180073,0.39591375,0.54215676,0.54493725,0.6980412,0.4982079,0.5406135,0.84900266,0.52943045,0.6436686,0.8720628,0.49015045,0.6216934,0.8416827,0.49095216,0.6951815,0.55990505,0.4826499,0.68975884,0.6293887,0.5384663,0.6800179,0.84991556,0.5062872,0.672622,0.7201453,0.4817271,0.74051726,0.7276597,0.4544983,0.71691334,0.9023823,0.48686698,0.86744744,0.90024954,0.46807548,0.8448517,0.7606521
1145,22,0.5031201,0.482445,0.5886187,0.5424252,0.54528254,0.7809402,0.4990628,0.5408972,0.7687972,0.52892804,0.64420974,0.83062327,0.4906259,0.622608,0.71009046,0.49069244,0.6954919,0.56162584,0.4820494,0.6890044,0.7111035,0.5393236,0.6800025,0.7952875,0.50700694,0.6724633,0.6390083,0.48066896,0.73838884,0.69809884,0.45449865,0.7179124,0.8185186,0.48792827,0.86489034,0.76370764,0.46854284,0.84363943,0.73527634
1146,22,0.5029476,0.48153386,0.73667693,0.5422769,0.5436796,0.78850454,0.49907774,0.5402383,0.6946708,0.5288806,0.6428893,0.82029694,0.4910119,0.6217981,0.74435544,0.49060598,0.69475514,0.5989291,0.48257273,0.68731254,0.7047757,0.53985244,0.67722476,0.7900554,0.5074694,0.6706475,0.6577805,0.48039615,0.73971474,0.7144202,0.45435286,0.71768767,0.8993716,0.48800853,0.866731,0.89823866,0.46884233,0.8435024,0.77729994
1147,22,0.5036937,0.4814136,0.7102753,0.5425416,0.5449903,0.71342665,0.4989128,0.539939,0.8084791,0.52953404,0.64277107,0.82018405,0.49058425,0.6201615,0.8004832,0.49127752,0.6947973,0.4980906,0.4824731,0.6894151,0.5588879,0.5363089,0.6810318,0.7868211,0.5044787,0.67271465,0.6971827,0.48206875,0.74033153,0.63072175,0.45465562,0.71709096,0.86121845,0.48676774,0.86727744,0.9000769,0.46818933,0.8450857,0.734624
1148,22,0.5030607,0.48179767,0.5459547,0.5433666,0.5440866,0.713749,0.49883208,0.5390363,0.82754576,0.5280853,0.64371496,0.74172175,0.49057665,0.62053853,0.87550944,0.49136904,0.6951206,0.680062,0.4822693,0.68870527,0.6020268,0.5379967,0.6777251,0.9033276,0.50692284,0.67156,0.65637064,0.48003414,0.74015504,0.7854292,0.454109,0.717231,0.91291577,0.48728737,0.8683787,0.7946377,0.46794188,0.84548926,0.7988952
1149,22,0.5032812,0.48132387,0.53694594,0.5428561,0.54477346,0.7777706,0.4997653,0.54001117,0.83089477,0.5291275,0.64246315,0.7831709,0.4913414,0.6208556,0.7258073,0.49096125,0.69527775,0.5727517,0.48237526,0.6905131,0.676388,0.5385134,0.6783616,0.7815726,0.5063714,0.6703017,0.5752558,0.48087838,0.7388577,0.6410384,0.4541763,0.7181437,0.81348246,0.48841143,0.86588484,0.8992872,0.46882722,0.8445215,0.80076
1150,23,0.5030753,0.48137861,0.708863,0.5432755,0.54330826,0.8816936,0.49953482,0.53905326,0.819126,0.52862966,0.6423944,0.880041,0.49126604,0.6204877,0.8481828,0.49033344,0.6937473,0.58481663,0.48241797,0.6878521,0.5407087,0.5402124,0.6779262,0.8522888,0.50676763,0.66999555,0.71470416,0.4801175,0.73902977,0.72452354,0.45381308,0.71728784,0.92616737,0.4877583,0.8642603,0.73837847,0.46934417,0.84311163,0.8979876
1151,23,0.50384206,0.4811372,0.6334672,0.543123,0.5435225,0.78581804,0.5000403,0.539772,0.7995639,0.52913547,0.6430185,0.8988014,0.49107137,0.62036484,0.90064836,0.4904336,0.69368786,0.5738462,0.48266575,0.68751687,0.6506676,0.5393227,0.677878,0.86293936,0.5068703,0.6704167,0.7020398,0.48119542,0.7399537,0.7840781,0.4540553,0.7162516,0.9091534,0.48718718,0.8655843,0.87374073,0.46827257,0.8437482,0.89033866
1152,23,0.50370514,0.48119134,0.72973144,0.54324526,0.54269636,0.88570684,0.49963608,0.5388747,0.820458,0.5290326,0.6429558,0.9168033,0.4916682,0.61980075,0.8385719,0.4901986,0.6936885,0.57080734,0.48239997,0.6873681,0.66749674,0.53984797,0.6763263,0.850416,0.506768,0.6683474,0.6703518,0.48079774,0.74023646,0.794525,0.45411187,0.71635175,0.9228121,0.48780692,0.86546564,0.8870521,0.46863574,0.8422899,0.8384421
1153,23,0.5040741,0.48055065,0.67092115,0.54307073,0.544385,0.76651764,0.5003098,0.5406739,0.80640906,0.5292209,0.641625,0.8608003,0.49173233,0.61965257,0.8582487,0.490335,0.69391763,0.56376404,0.48206368,0.6879679,0.6708337,0.53587914,0.6793851,0.8503952,0.5051084,0.67256117,0.7481891,0.4804866,0.7413208,0.7100785,0.45411712,0.7161445,0.89208466,0.48850045,0.86486244,0.80231184,0.4683444,0.8433127,0.8251847
1154,23,0.5035933,0.48174658,0.61181885,0.5433045,0.54416186,0.73844624,0.49938044,0.53986156,0.58965683,0.5279926,0.64400214,0.7238876,0.49098065,0.62060595,0.8741612,0.4914304,0.693144,0.6266486,0.48313847,0.6872811,0.571407,0.53825533,0.6791118,0.8075148,0.50715744,0.672624,0.7313305,0.4796215,0.73812413,0.6437171,0.45434067,0.71726376,0.9026982,0.4872813,0.866404,0.8736036,0.4682154,0.8442504,0.8701656
1155,23,0.50326544,0.48084283,0.6361442,0.54241955,0.5435768,0.8023451,0.500036,0.53969806,0.8174512,0.52918726,0.6439045,0.86140156,0.4912382,0.6210925,0.8070709,0.49027818,0.69360846,0.564558,0.48181915,0.6856973,0.7447556,0.5387741,0.6777201,0.80727863,0.5071277,0.67067146,0.65319794,0.4801719,0.73860526,0.7335769,0.45396507,0.7167158,0.8523861,0.48845717,0.8653677,0.9031951,0.46800485,0.8438218,0.77319956
1156,23,0.50353426,0.48056307,0.6977989,0.5426121,0.54424417,0.7982662,0.5001495,0.54044104,0.8389731,0.52910507,0.6428653,0.8676163,0.49178562,0.62000656,0.8028623,0.4904161,0.69395936,0.5902087,0.4823112,0.6874411,0.6435385,0.5388077,0.6775984,0.84127104,0.50642115,0.6696733,0.6704154,0.48067883,0.74008185,0.7740157,0.45403612,0.71557695,0.88683635,0.48702857,0.8660648,0.85483795,0.46814772,0.8440013,0.8834008
1157,23,0.50350034,0.481188,0.75340325,0.54251313,0.5439259,0.85975796,0.4999262,0.5402832,0.8186792,0.5290131,0.6426678,0.89614666,0.49171525,0.6201709,0.8547097,0.49035597,0.69355375,0.59871,0.4826981,0.6874792,0.55930984,0.5383734,0.67860365,0.8847085,0.50562215,0.67121506,0.76024324,0.48046905,0.7406006,0.7803774,0.45396814,0.7165102,0.9203751,0.48760235,0.8654547,0.8603725,0.4679708,0.8435611,0.7850884
1158,23,0.5031642,0.48127922,0.6177644,0.5419754,0.54545087,0.7416994,0.5001029,0.5408844,0.8057934,0.52938575,0.64355016,0.75253016,0.49145174,0.6208359,0.63343906,0.49076384,0.6944262,0.38964826,0.48175913,0.6886163,0.57804114,0.5366594,0.6814908,0.73453057,0.5057906,0.6722218,0.51413816,0.48120162,0.73931533,0.45967355,0.4543354,0.7186292,0.7236557,0.48847336,0.8658504,0.79061604,0.46892723,0.8450836,0.69067967
1159,23,0.5034304,0.4813818,0.52050114,0.5419394,0.54520637,0.82303464,0.49938595,0.5401315,0.7788535,0.52909106,0.6436624,0.85087156,0.49158585,0.61995745,0.7567725,0.49171084,0.69111544,0.5353158,0.48157614,0.68703586,0.7164273,0.53920907,0.67831594,0.6893017,0.508745,0.67207915,0.5354647,0.48032963,0.7387659,0.7037622,0.45456824,0.71784645,0.8275303,0.4873958,0.8663519,0.79897255,0.46855128,0.84534675,0.76858735
1160,23,0.5041467,0.4800745,0.7354431,0.5420162,0.5444394,0.65632594,0.50013274,0.54032505,0.70004183,0.5294906,0.6431977,0.78868735,0.4922058,0.62011254,0.61177695,0.49068296,0.6937977,0.4561472,0.48289517,0.6869518,0.62915057,0.5388167,0.6792128,0.7943467,0.5074316,0.6726396,0.6242699,0.4809967,0.7400557,0.70783293,0.45444825,0.71644795,0.82755554,0.48665294,0.86714417,0.79475135,0.4685908,0.8437113,0.8367093
1161,23,0.5036929,0.4806973,0.7105458,0.54224586,0.5431008,0.79059154,0.5000494,0.5397943,0.77698886,0.5288257,0.64316344,0.84785664,0.491635,0.62074286,0.8209662,0.4902088,0.693945,0.5763449,0.48239374,0.6849338,0.74007833,0.5389299,0.6780054,0.8321997,0.5069261,0.6707517,0.6848469,0.48078302,0.7398495,0.8306457,0.45404366,0.71636957,0.8929391,0.48825404,0.8676498,0.88825995,0.46843228,0.8430776,0.81126314
1162,23,0.5037634,0.48103622,0.67427,0.542499,0.54393697,0.79713845,0.5000158,0.5400837,0.8167027,0.52891153,0.64279634,0.86025614,0.4917192,0.62007445,0.8193749,0.49021748,0.69395304,0.5910388,0.4820968,0.68748295,0.61291707,0.5389448,0.67735505,0.8403121,0.5067857,0.6697109,0.676191,0.4802419,0.7381534,0.6968254,0.45410508,0.71547616,0.8923503,0.48782513,0.8654451,0.8731344,0.46849644,0.84266347,0.84167165
1163,23,0.503762,0.48097092,0.7339426,0.5424696,0.54473037,0.7947046,0.5000901,0.5400742,0.7946915,0.5289546,0.64261013,0.8671137,0.49181625,0.6196109,0.7856323,0.4900846,0.6939372,0.5910334,0.48202652,0.6874955,0.64834726,0.53803974,0.67827237,0.8498417,0.50548804,0.67098475,0.7284199,0.48118544,0.7391407,0.7341348,0.45382035,0.71646446,0.89603883,0.48863167,0.8644302,0.87905484,0.46854973,0.84363115,0.75554496
1164,23,0.50299394,0.48176828,0.5768751,0.54185015,0.5450815,0.78145844,0.49987382,0.54000175,0.79600704,0.5294516,0.64385074,0.75141984,0.49129453,0.6207575,0.72808576,0.4900711,0.6951444,0.4858535,0.4809554,0.68929124,0.54751456,0.53833234,0.68157506,0.80855495,0.5065972,0.67366517,0.6356405,0.4807337,0.7398343,0.5484409,0.4540342,0.71845883,0.809246,0.48853955,0.86540943,0.8849648,0.46881145,0.8441113,0.8283973
1165,23,0.5031355,0.48142582,0.5619292,0.5424997,0.5438498,0.8117577,0.49955449,0.53922933,0.79675704,0.52932537,0.6439241,0.897234,0.49123278,0.6209692,0.8013589,0.49182382,0.69178987,0.58166987,0.48139313,0.6873299,0.77144986,0.5387576,0.67735493,0.8966747,0.507923,0.67092746,0.56081206,0.48039398,0.73990476,0.7543672,0.4540057,0.7178136,0.84000784,0.48751423,0.86569095,0.71672624,0.4685302,0.84228873,0.8685386
1166,23,0.5041127,0.48092544,0.629758,0.5422185,0.5433371,0.7629641,0.49990854,0.5400398,0.78667486,0.52954984,0.6430031,0.8883631,0.49176532,0.61960655,0.77806765,0.4904648,0.69307566,0.55982935,0.48267326,0.68637955,0.58968556,0.5382385,0.6784965,0.84296954,0.5056952,0.6707195,0.70795953,0.4813556,0.7401192,0.76915145,0.45370314,0.7153697,0.89364094,0.48703548,0.8660296,0.855524,0.46828938,0.8436268,0.89343876
1167,23,0.50301075,0.4814899,0.616285,0.542003,0.5449788,0.8024116,0.49964133,0.5405984,0.82152504,0.5295126,0.6443073,0.80439353,0.4910877,0.6208927,0.76407534,0.49006474,0.69405967,0.54494244,0.48150194,0.6876528,0.6908457,0.5385329,0.6799448,0.81954545,0.50615376,0.6722749,0.67294836,0.48019212,0.7393969,0.6221767,0.45374483,0.71757597,0.859898,0.4881955,0.86569506,0.8903825,0.46845457,0.84370375,0.81433964
1168,23,0.50328237,0.4813207,0.64550334,0.5413437,0.54503286,0.7238178,0.4997206,0.5408244,0.7798426,0.52921635,0.6449726,0.79185593,0.49099475,0.621244,0.65545166,0.49034268,0.69347024,0.42847952,0.48149624,0.68544924,0.6160811,0.5372799,0.679227,0.7114225,0.5061207,0.6712346,0.5211615,0.48082694,0.739048,0.6231244,0.45412064,0.7174303,0.7351509,0.48823187,0.86614347,0.9048504,0.46832433,0.84339607,0.676143
1169,23,0.50334907,0.48164934,0.5743522,0.54176676,0.545676,0.7902381,0.49947128,0.54073316,0.770092,0.52970004,0.6443391,0.74334145,0.49104217,0.62082726,0.63724864,0.4904405,0.69417894,0.43295524,0.48170346,0.68746483,0.6341694,0.53707767,0.68086904,0.7532155,0.5059661,0.6724554,0.5318588,0.48080164,0.7387968,0.5284528,0.4540404,0.71764505,0.7343658,0.48838207,0.86608833,0.85401124,0.46924287,0.84492874,0.7805821
1170,23,0.50301665,0.48189077,0.42556795,0.5420582,0.54556805,0.8323237,0.49945214,0.53920037,0.749752,0.5296883,0.6452501,0.84827757,0.49065694,0.621376,0.76893175,0.49000034,0.6944041,0.5701846,0.48101002,0.68645436,0.7453676,0.5382936,0.67894316,0.77587545,0.5073712,0.6724158,0.6233183,0.48009476,0.73835224,0.74831486,0.45420715,0.717568,0.8462065,0.48756465,0.86674535,0.79917806,0.4681137,0.84465545,0.750308
1171,23,0.5033213,0.48107463,0.5094624,0.5424283,0.54479253,0.7472587,0.49962136,0.5402264,0.8195513,0.5295305,0.64319855,0.84617925,0.49100533,0.6210619,0.75294006,0.4902628,0.69376576,0.5541002,0.48159915,0.6851703,0.7212751,0.5384211,0.67826086,0.8024706,0.50647366,0.6711113,0.684426,0.48059666,0.73875725,0.7559465,0.4538193,0.7167423,0.8515651,0.48823982,0.86559355,0.77199423,0.46817848,0.8432399,0.7279591
1172,23,0.5031699,0.48136953,0.6633821,0.54233116,0.5457927,0.7694816,0.4999017,0.5399801,0.75805616,0.52942455,0.6435769,0.8074038,0.4913346,0.62068415,0.7081858,0.49040648,0.6940597,0.49988824,0.4820653,0.68694764,0.6730764,0.5381265,0.6797109,0.8039082,0.50606245,0.6725669,0.64240223,0.481087,0.73970526,0.65650403,0.4539908,0.71759737,0.8384808,0.487885,0.86552066,0.8740683,0.46879765,0.84373397,0.83368564
1173,23,0.50329125,0.48221102,0.486383,0.5421237,0.5457862,0.75966114,0.49974805,0.5403201,0.79719293,0.5295387,0.64459264,0.80632216,0.49099594,0.6210098,0.7302809,0.49053064,0.6938765,0.5023601,0.4812143,0.68551636,0.6665509,0.5380192,0.68075854,0.79215884,0.506264,0.6731759,0.6424201,0.48034593,0.7392355,0.6774354,0.45389953,0.7179323,0.7752328,0.48795566,0.86611277,0.75875473,0.46862692,0.8440262,0.749122
1174,23,0.5030746,0.4818307,0.53139526,0.5419782,0.54591155,0.74311745,0.49966258,0.54038954,0.77723074,0.5295827,0.6448995,0.8138789,0.4910431,0.6209422,0.6939044,0.49016303,0.69460714,0.47131956,0.48101708,0.68694794,0.6910612,0.5380615,0.6798983,0.7124829,0.5068936,0.67173105,0.5359836,0.4808211,0.7394459,0.6651736,0.45443553,0.71811503,0.78670365,0.48779088,0.8686986,0.9077051,0.4679739,0.84479344,0.60399204
1175,23,0.5029999,0.4813675,0.6499192,0.54221815,0.54530066,0.7787995,0.49982932,0.53972596,0.75158966,0.5292782,0.64391303,0.8305525,0.49080977,0.62082905,0.6982623,0.49027386,0.69385344,0.5203426,0.4817498,0.68516904,0.6997233,0.538326,0.6785021,0.7871489,0.5066758,0.6710755,0.6414072,0.4802252,0.7383472,0.6922009,0.4537633,0.71681124,0.8443988,0.48731723,0.86575794,0.7028164,0.46851483,0.84287167,0.7552708
1176,23,0.5032872,0.48134065,0.62195677,0.54240584,0.545462,0.772043,0.49974522,0.53956145,0.7798484,0.5295242,0.64353323,0.8266877,0.49109378,0.6204327,0.72592825,0.4905585,0.69339997,0.5051992,0.48210987,0.6851575,0.7017913,0.53827584,0.67787373,0.77710736,0.50638413,0.67101365,0.62335813,0.48028678,0.7385339,0.64957887,0.453777,0.7166497,0.837342,0.48808497,0.86513656,0.90042305,0.46869144,0.8439118,0.8146739
1177,23,0.50307316,0.4811957,0.6242431,0.5425119,0.5456277,0.769465,0.49972767,0.5397286,0.79336864,0.5294091,0.6435,0.8134344,0.49111864,0.62038094,0.7411762,0.49037126,0.69362307,0.5310115,0.48194322,0.68529665,0.7032959,0.53781074,0.67950094,0.81209975,0.5056591,0.67246175,0.67434317,0.48113087,0.7389234,0.7013681,0.45369148,0.71726495,0.84173644,0.48827392,0.8656658,0.88706464,0.46852976,0.8435999,0.81777745
1178,23,0.5029747,0.48124492,0.41140622,0.5421964,0.5461934,0.73371017,0.49949175,0.53954583,0.78570956,0.529545,0.64487046,0.77076524,0.4906557,0.6211421,0.70353633,0.4905912,0.6936723,0.47156587,0.4809097,0.6855301,0.65060675,0.536524,0.68142056,0.7622427,0.50542206,0.67364836,0.60628814,0.48055145,0.7379091,0.61989605,0.45446265,0.7182877,0.78535295,0.48786354,0.86708,0.89817834,0.46825844,0.8442454,0.69340897
1179,23,0.50356674,0.4817905,0.5490635,0.5423089,0.5471082,0.69785947,0.49886855,0.53926444,0.7986413,0.52991515,0.64470494,0.8128081,0.49055654,0.619857,0.72119164,0.49271432,0.69167536,0.64776236,0.48215148,0.685232,0.66616094,0.53761756,0.67807955,0.62681395,0.5061662,0.6711177,0.5103657,0.48013866,0.73868436,0.4874663,0.45422128,0.71611714,0.77264166,0.48741654,0.86964333,0.8284491,0.46740082,0.8464421,0.6253347
1180,23,0.5028261,0.481476,0.5402628,0.54206413,0.54601115,0.7055621,0.4996228,0.5395034,0.7973047,0.52895874,0.64361423,0.73584044,0.49090016,0.62076604,0.6710965,0.49005193,0.6954261,0.481803,0.48088443,0.6892652,0.56055623,0.5369354,0.6816353,0.7720111,0.50517637,0.67360514,0.6128501,0.48072034,0.73950297,0.5358681,0.45371988,0.71831757,0.7775347,0.488194,0.8669328,0.8762626,0.46877396,0.8437428,0.7565942
1181,23,0.503538,0.48165092,0.52916956,0.5413797,0.5451744,0.63629794,0.4988462,0.53892815,0.7791833,0.5299128,0.64461154,0.7962023,0.49062544,0.61865157,0.67758936,0.49284327,0.6915672,0.6236747,0.48168367,0.68540525,0.47156453,0.5371617,0.6792374,0.6634253,0.50650245,0.6728423,0.6395493,0.48103982,0.73839855,0.6458148,0.45421365,0.7165957,0.8258625,0.48693234,0.8696599,0.78943396,0.46730635,0.84682167,0.6102404
1182,23,0.50319546,0.48155025,0.4956466,0.5411691,0.54529756,0.62703574,0.499331,0.5396419,0.8268958,0.5292445,0.64515525,0.78464025,0.49066737,0.62061393,0.71506983,0.49044317,0.6943103,0.5519343,0.48108324,0.68551004,0.65350425,0.53606546,0.68126094,0.74561924,0.50493616,0.6733213,0.6194575,0.48052856,0.7373442,0.6392904,0.4533548,0.7183616,0.74500906,0.48805568,0.86531174,0.8370396,0.46798617,0.845527,0.6942868
1183,23,0.50326914,0.48154953,0.58708,0.54259604,0.5448587,0.62473553,0.49855277,0.5386087,0.80107695,0.52877015,0.64411527,0.6999675,0.4903964,0.61965126,0.8123756,0.4912474,0.6947053,0.60829395,0.4815925,0.68561035,0.667433,0.53729385,0.67583513,0.8742982,0.5062392,0.67022586,0.74961126,0.48050243,0.74003917,0.7752984,0.45357916,0.7166796,0.862897,0.48771125,0.86907685,0.8048686,0.46848214,0.8464428,0.76895505
1184,23,0.5025657,0.48086467,0.4553439,0.54162115,0.54431206,0.7367877,0.49913973,0.53977245,0.84285766,0.5288799,0.64408165,0.67175204,0.4907811,0.62039715,0.78802335,0.49100876,0.6931435,0.5548715,0.48133123,0.687105,0.67951363,0.5377062,0.68032855,0.7154489,0.50552106,0.67359203,0.5476178,0.48069623,0.7393298,0.66372985,0.45329294,0.71627414,0.9007817,0.48809364,0.8647388,0.8979154,0.46888348,0.8430556,0.8996
1185,23,0.5025802,0.4810452,0.44538558,0.5423355,0.5463272,0.7551157,0.4990224,0.5395873,0.7888096,0.528837,0.6452867,0.7596085,0.4902698,0.62202716,0.71390635,0.49013856,0.6958646,0.5295188,0.48065934,0.6873014,0.7129991,0.53697914,0.6806572,0.76094645,0.5057741,0.67290604,0.62647605,0.48052043,0.7390295,0.64669186,0.45436588,0.71816635,0.8155672,0.48749065,0.867717,0.79840845,0.4684436,0.8456318,0.68179166
1186,23,0.5027264,0.48167703,0.46172988,0.5422711,0.54636556,0.73926264,0.49900255,0.53890234,0.7772237,0.5286488,0.6452667,0.7715032,0.49027672,0.6218667,0.7566141,0.4896371,0.6958148,0.5409411,0.48043552,0.68826914,0.7387116,0.53589535,0.6809924,0.76830906,0.50533044,0.67309433,0.64127386,0.48030525,0.7388559,0.64912903,0.45423737,0.71782273,0.83527446,0.4872828,0.8675716,0.80282116,0.46819115,0.8464231,0.72520655
1187,23,0.5024573,0.48167136,0.5536003,0.5424713,0.544164,0.6616209,0.49831325,0.537435,0.8387218,0.5284441,0.6447344,0.7799945,0.4900176,0.62082565,0.87456584,0.49109757,0.6949968,0.65932137,0.48170152,0.6869858,0.5057791,0.5385371,0.6772789,0.9078742,0.5066183,0.67168117,0.6539759,0.4804212,0.738979,0.7771411,0.45335978,0.7166737,0.8982578,0.4878576,0.8696568,0.79416144,0.46843767,0.8465902,0.7570455
1188,23,0.50192523,0.48167995,0.788495,0.5417971,0.54284406,0.7242661,0.49910477,0.53824097,0.84961337,0.52897,0.64547205,0.69061285,0.49058422,0.62048405,0.8065323,0.48969632,0.6953029,0.6045303,0.480961,0.6881141,0.6853112,0.5383683,0.6788642,0.86964417,0.50521827,0.6708771,0.75296783,0.48027715,0.7387666,0.7370855,0.4527983,0.7180101,0.9258539,0.48830742,0.8645653,0.80742234,0.46923065,0.8419205,0.8838968
1189,23,0.5024332,0.48142645,0.59815216,0.5411624,0.5449068,0.66261953,0.49904805,0.5391592,0.8360567,0.5289501,0.6446154,0.58558816,0.49043915,0.6205964,0.69349253,0.49002367,0.69578636,0.53934175,0.480808,0.68847555,0.5696857,0.5376571,0.6814767,0.8271487,0.50571704,0.6736358,0.65927076,0.48066363,0.7385414,0.66194814,0.45329916,0.7184653,0.8114429,0.4881695,0.8668,0.9003746,0.4685632,0.8444128,0.7595246
1190,23,0.50180465,0.4819116,0.7302394,0.5422626,0.54429954,0.8526063,0.49826434,0.5375361,0.81124157,0.5285545,0.64511454,0.6825269,0.4899896,0.62141746,0.8315404,0.49087432,0.69595283,0.51628655,0.48057893,0.687212,0.7965609,0.5406803,0.67829704,0.79044634,0.50857764,0.6717195,0.64154434,0.48038682,0.7390001,0.77616364,0.4537091,0.715794,0.9210469,0.48733053,0.86870897,0.77237797,0.46812552,0.84421057,0.90559655
1191,23,0.50313544,0.4809832,0.6525825,0.5410974,0.5467784,0.7298296,0.49844763,0.53928715,0.85742486,0.52966535,0.64430034,0.82937086,0.49052817,0.6203704,0.7478682,0.49130267,0.6939459,0.44317737,0.48318735,0.68594056,0.638976,0.534961,0.6797832,0.7279861,0.50431955,0.67270756,0.6315278,0.48180428,0.74113744,0.6079027,0.4544088,0.717394,0.7408203,0.4871549,0.86818516,0.8432274,0.46789396,0.8441828,0.6906161
1192,23,0.50269616,0.48213762,0.6089693,0.54193836,0.5448891,0.4952672,0.49837807,0.5383348,0.80468804,0.52886635,0.6451542,0.76694703,0.49004456,0.6197418,0.7848263,0.49091586,0.6953018,0.6840031,0.4820254,0.6883028,0.47896892,0.53702724,0.67966014,0.75230646,0.5062718,0.673634,0.624602,0.47994506,0.7408915,0.7449912,0.4533282,0.7177424,0.84824777,0.48803264,0.86729795,0.9043316,0.4684323,0.8474137,0.8277465
1193,23,0.5016576,0.48212087,0.7050678,0.54099494,0.5443519,0.6346045,0.4986419,0.5396952,0.856627,0.52874404,0.6447312,0.6000518,0.48989207,0.6217549,0.7527268,0.49179307,0.69171256,0.5746945,0.48060614,0.6872647,0.73175,0.5384617,0.67881507,0.7449165,0.50746244,0.67282283,0.59529436,0.48047844,0.7385323,0.67745507,0.45409462,0.7171877,0.8436631,0.48751166,0.8678203,0.8561755,0.46775,0.8459405,0.7362874
1194,23,0.5017324,0.48142993,0.52186555,0.54129654,0.5452062,0.7035073,0.49854392,0.539253,0.6838002,0.52970433,0.64444536,0.8970471,0.49001133,0.62095344,0.8287274,0.49038798,0.69470644,0.57484585,0.4819308,0.68543243,0.72491276,0.538142,0.6770315,0.7814883,0.5060741,0.66986626,0.65647906,0.48075268,0.7406915,0.78267485,0.45348603,0.7167265,0.8732701,0.4882924,0.86599666,0.9121673,0.4679381,0.8428207,0.7364013
1195,23,0.50187945,0.48166952,0.47117805,0.5417211,0.5456142,0.7667189,0.49854866,0.5397577,0.74182045,0.5293039,0.6455858,0.6942492,0.48999485,0.62088025,0.86142826,0.49145657,0.69370604,0.5251437,0.48180905,0.68668157,0.644595,0.53731513,0.6806774,0.8877292,0.5051664,0.67323625,0.52832067,0.48049584,0.7409383,0.7197302,0.45339167,0.71635324,0.9029905,0.48830763,0.8641738,0.89318293,0.46826077,0.84424824,0.85923886
1196,23,0.50095546,0.48245743,0.7225997,0.5419554,0.54482806,0.87332255,0.49780846,0.5375329,0.7776199,0.52864534,0.6459696,0.7865992,0.4894166,0.62150383,0.83489156,0.49074066,0.69520855,0.5438871,0.48047474,0.68704534,0.80740595,0.5394663,0.6785138,0.7894668,0.5069294,0.6717491,0.6704918,0.47995657,0.73922807,0.7590764,0.45368734,0.7172396,0.8952964,0.48778743,0.86812294,0.8567906,0.46899697,0.8446879,0.89524144
1197,23,0.50179666,0.48237792,0.7433575,0.5416069,0.5447754,0.70313334,0.4971424,0.5384628,0.88051915,0.52998525,0.6459604,0.9272324,0.48948207,0.62064135,0.8377905,0.49013937,0.6943442,0.57106435,0.48212802,0.6858829,0.6096237,0.5368413,0.67917,0.8010926,0.5043153,0.67142475,0.7027806,0.48079503,0.7395778,0.76972395,0.45334357,0.7162903,0.8668023,0.48818052,0.86667347,0.9184796,0.4676976,0.8447473,0.7358144
1198,23,0.5003731,0.48354748,0.8364185,0.5416801,0.5436224,0.8908803,0.49718562,0.53719884,0.8568733,0.52941626,0.645952,0.88709754,0.4892867,0.619837,0.8750693,0.49103585,0.6942975,0.69959176,0.48212242,0.68704844,0.5614165,0.5384369,0.6772191,0.7979642,0.5062639,0.6701893,0.6729449,0.48011118,0.73866475,0.8371075,0.45369855,0.71662414,0.9116225,0.48790798,0.86618507,0.87982315,0.46917814,0.8466986,0.8934936
1199,23,0.5010122,0.48353526,0.78484124,0.5411508,0.5435221,0.7902128,0.4964743,0.5378002,0.9128102,0.5295483,0.6477833,0.75113624,0.48971894,0.6202926,0.8957471,0.49141133,0.6939211,0.53836375,0.48104355,0.6872913,0.67828375,0.53809166,0.6797343,0.88398534,0.5047586,0.6711177,0.7349127,0.48055735,0.73872983,0.65430665,0.45295942,0.7169683,0.90043396,0.48706907,0.86683667,0.72749454,0.4688821,0.8440532,0.8371277
1200,24,0.50089854,0.48364666,0.7604954,0.540203,0.54476315,0.6905472,0.4973821,0.5393044,0.7846105,0.5295543,0.6469588,0.81106114,0.48959243,0.6216266,0.78890526,0.49074364,0.69464904,0.51155025,0.48175353,0.6878101,0.4750078,0.5362417,0.6815206,0.8495228,0.5051476,0.67279786,0.709724,0.4796322,0.73805,0.7287124,0.45391604,0.7166875,0.8801875,0.48790643,0.86669725,0.83918715,0.46877167,0.84673756,0.78906256
1201,24,0.49937254,0.48356956,0.836732,0.54029596,0.54227835,0.89219064,0.49553564,0.53778446,0.81390804,0.52899617,0.6474804,0.9000533,0.48898724,0.6224632,0.8790947,0.4908283,0.69579965,0.61427647,0.48106098,0.6862333,0.6656289,0.5407441,0.6754123,0.9248402,0.50746083,0.66841125,0.79414773,0.48076347,0.738521,0.7993017,0.4535762,0.71469545,0.9362013,0.48774436,0.8685461,0.8935064,0.46946925,0.84411913,0.8086104
1202,24,0.49993134,0.48363608,0.74973446,0.5386373,0.5460878,0.76180845,0.49656743,0.53939253,0.8036414,0.52973133,0.6471518,0.8341514,0.48930413,0.6213272,0.71233666,0.49103385,0.6925871,0.4779078,0.4818131,0.6849629,0.6479673,0.53397906,0.6797352,0.60822636,0.5030619,0.6728532,0.520878,0.481405,0.7390458,0.6314294,0.45407408,0.7169786,0.7748485,0.4870716,0.86512023,0.8492044,0.46802327,0.84386486,0.7147992
1203,24,0.49767464,0.484575,0.8256365,0.54046744,0.54347825,0.783162,0.49514952,0.5378489,0.8666062,0.5294838,0.6476976,0.79017174,0.48849446,0.6209687,0.9001682,0.49050656,0.694905,0.768672,0.4808244,0.687215,0.604799,0.53947777,0.67910945,0.865275,0.506053,0.672132,0.7585602,0.48053092,0.73854995,0.6266814,0.45302346,0.7162532,0.9051045,0.4872392,0.86687326,0.7377418,0.4681916,0.8461159,0.8163557
1204,24,0.49860197,0.48468265,0.7622324,0.5377705,0.5462726,0.7549917,0.49511108,0.54118425,0.8556591,0.53005075,0.6472402,0.67807925,0.48862404,0.6222498,0.81699526,0.4901339,0.69353807,0.5235814,0.4819473,0.6845105,0.5193096,0.53643507,0.67998344,0.7864664,0.5049664,0.6727255,0.697885,0.48065895,0.7385042,0.74168897,0.45320407,0.7167085,0.80454034,0.48781317,0.8661648,0.7873517,0.46796113,0.8444677,0.6198703
1205,24,0.4963909,0.48586234,0.82251567,0.53889006,0.54327726,0.8703389,0.49381083,0.53841925,0.83808506,0.53029484,0.64820063,0.90455073,0.48858395,0.6218297,0.7956399,0.49109548,0.6946,0.5584333,0.48100698,0.6868778,0.6868284,0.5379273,0.67794096,0.8102046,0.50494236,0.66935164,0.7221519,0.47974816,0.7394678,0.7924248,0.4535248,0.7171574,0.9120235,0.48719552,0.86566144,0.85692954,0.4696431,0.8451987,0.88790566
1206,24,0.4967618,0.48585373,0.79196376,0.5381192,0.5436545,0.6312098,0.4934622,0.538682,0.86099625,0.5295762,0.648788,0.84281766,0.48844898,0.6214234,0.90982556,0.4907828,0.6936039,0.56835777,0.4808274,0.68746895,0.7277553,0.53851014,0.67924786,0.89639753,0.5054739,0.671408,0.7801682,0.47998878,0.7379925,0.7101283,0.45279363,0.7163955,0.92400473,0.48708186,0.8646254,0.7948895,0.46931165,0.8437495,0.88875854
1207,24,0.49656093,0.4846292,0.68671304,0.53527284,0.5473913,0.57364684,0.49358386,0.54070413,0.7233237,0.5296858,0.64818215,0.6084242,0.48786527,0.62061,0.6557615,0.48986715,0.6943303,0.36276326,0.48104942,0.68567544,0.6227255,0.53449845,0.6820246,0.69610125,0.5038773,0.67388856,0.5529783,0.480799,0.7379752,0.5394382,0.45382458,0.71799916,0.6520159,0.4877408,0.86607826,0.65335166,0.46885017,0.8450268,0.5440674
1208,24,0.49455696,0.48705694,0.76728773,0.53623307,0.54664576,0.4808958,0.4922889,0.5416855,0.8593774,0.5306707,0.64994675,0.8635828,0.48792776,0.62205106,0.7140962,0.49157342,0.6929563,0.6743391,0.48033032,0.68655545,0.6396894,0.5356812,0.6794261,0.73227906,0.5040212,0.6716631,0.6371906,0.4798712,0.7386359,0.7421286,0.45299593,0.7173173,0.8555562,0.48728472,0.8674911,0.9067975,0.4685792,0.84574157,0.8655786
1209,24,0.49367645,0.48584622,0.6099381,0.53618926,0.5463905,0.740101,0.49027947,0.54075617,0.7225075,0.5297846,0.6502445,0.65958077,0.48708636,0.6201228,0.864406,0.49048933,0.69326305,0.59744966,0.4815687,0.68460906,0.6698215,0.53896046,0.6791756,0.87144,0.50496197,0.6722828,0.7753241,0.48028633,0.7365405,0.7080267,0.45295006,0.71695864,0.8962021,0.48674813,0.8634538,0.84888154,0.46964297,0.84291786,0.77865046
1210,24,0.49185345,0.48816925,0.7255042,0.53398067,0.54739684,0.8205578,0.48982078,0.53953475,0.81543344,0.5293214,0.64920896,0.7188392,0.48597628,0.622478,0.69106936,0.48988757,0.6930937,0.4449314,0.48124465,0.6848993,0.6768452,0.5367619,0.6808322,0.8163002,0.5046891,0.67292935,0.6636258,0.48013255,0.73802906,0.69160026,0.45344952,0.71727556,0.8341208,0.48725727,0.86572313,0.6613229,0.46895504,0.8445637,0.7720558
1211,24,0.4900633,0.4891648,0.6571805,0.53342324,0.5449897,0.78867215,0.4882709,0.5393634,0.8840894,0.529692,0.6494839,0.8665889,0.4860564,0.62236077,0.86153007,0.4913365,0.6902857,0.6420305,0.481592,0.68302757,0.7520743,0.5365657,0.6786508,0.8203194,0.5037574,0.67192554,0.769713,0.4807305,0.7386894,0.852009,0.45239538,0.71729046,0.83472836,0.48729903,0.86805457,0.8744233,0.46815985,0.8427293,0.8885537
1212,24,0.48863223,0.4892291,0.6111408,0.53229994,0.54497415,0.6901982,0.48704153,0.5394172,0.8815629,0.5298795,0.6523223,0.8456167,0.48530325,0.6229152,0.8967459,0.49032748,0.6929171,0.61241835,0.4817404,0.68307626,0.6311096,0.5372097,0.6802872,0.8799301,0.50376385,0.67281836,0.7858168,0.47979304,0.7368986,0.822861,0.4521952,0.7168308,0.8832183,0.4874025,0.8650278,0.8902115,0.4691872,0.84312385,0.9020215
1213,24,0.48659572,0.4922665,0.834302,0.53053606,0.5449005,0.8240929,0.48526812,0.53994864,0.9241765,0.5286483,0.65037376,0.8354753,0.48511544,0.6241359,0.8630076,0.49097717,0.69147223,0.6355758,0.48046717,0.68634516,0.80324143,0.5374869,0.67974186,0.8423718,0.50441736,0.67241013,0.7725227,0.48046958,0.7387534,0.8312718,0.45204487,0.7180229,0.8823103,0.4876219,0.8675143,0.8881788,0.46943158,0.8417068,0.7634084
1214,24,0.48568925,0.49148968,0.7564494,0.5294991,0.54582906,0.7623961,0.4841805,0.5399816,0.90310323,0.52803737,0.6517836,0.76559496,0.48428792,0.62347937,0.904404,0.4905487,0.69466436,0.48330283,0.4803247,0.68650544,0.6901437,0.53749263,0.6795001,0.9200289,0.50449884,0.67183244,0.7364832,0.48053762,0.73833585,0.82950354,0.45243925,0.71776307,0.9194045,0.48752916,0.86643916,0.8650813,0.46871904,0.84260255,0.8882806
1215,24,0.48420417,0.4926118,0.66983753,0.5282328,0.54872644,0.6443992,0.48342857,0.54268754,0.84375817,0.52788293,0.653683,0.74508727,0.48381272,0.6241212,0.8902777,0.48882586,0.69463557,0.5421343,0.48040053,0.6858465,0.61133695,0.5372509,0.68031603,0.8826104,0.50480866,0.6733318,0.75723386,0.48063666,0.7366807,0.6944628,0.45236698,0.7175372,0.9005414,0.48729935,0.86515075,0.8391601,0.4690319,0.84116995,0.89852285
1216,24,0.48171195,0.49398828,0.69174516,0.5265915,0.5493258,0.802481,0.48197654,0.5423388,0.89258254,0.5276762,0.65392137,0.73365337,0.48230278,0.6230524,0.85027295,0.49087828,0.69063926,0.50249565,0.47996318,0.6847756,0.63954115,0.53649,0.67940074,0.8154167,0.5042685,0.6731572,0.7031694,0.4809471,0.7373975,0.68524027,0.45248038,0.71806526,0.8918951,0.48764426,0.867296,0.7876541,0.46876892,0.8433388,0.80192226
1217,24,0.47999236,0.49528807,0.61687785,0.524917,0.5494857,0.8279926,0.48017374,0.5416889,0.8949767,0.52684253,0.6550851,0.7798169,0.4817214,0.62078786,0.85085243,0.48880523,0.6952689,0.5645198,0.4793906,0.6867668,0.5937723,0.5372526,0.67887646,0.9117225,0.5042455,0.67079836,0.6622689,0.48034972,0.73819715,0.7464039,0.45206815,0.717922,0.9155557,0.4873835,0.8671357,0.87233675,0.46920395,0.84329927,0.88095635
1218,24,0.47856537,0.4963444,0.7975876,0.5237091,0.5519876,0.6969341,0.47909743,0.5455831,0.83766115,0.52740103,0.6529062,0.89489245,0.48015273,0.6228041,0.62729686,0.48806736,0.6960211,0.5816316,0.47905335,0.6906816,0.63223815,0.53618556,0.67865855,0.84940743,0.50437504,0.67175853,0.6973071,0.48091888,0.74017173,0.71296775,0.45208886,0.7182476,0.897187,0.48784557,0.8655114,0.8464331,0.46933466,0.8419921,0.8962402
1219,24,0.47598204,0.49825034,0.70303667,0.5228503,0.5533059,0.75767416,0.47559044,0.5460243,0.8614832,0.5260178,0.65473014,0.82002497,0.47945854,0.6241248,0.7356908,0.4879239,0.69614905,0.6208969,0.48023498,0.68997484,0.6874635,0.53619015,0.67855155,0.8712782,0.50182945,0.67127234,0.70512944,0.4797011,0.74103427,0.7671517,0.45132834,0.7187449,0.8824253,0.48761275,0.86519855,0.72623795,0.4694223,0.84295714,0.8123872
1220,24,0.47344986,0.49934235,0.7622094,0.52091134,0.55414957,0.7008833,0.47317302,0.5471912,0.80344725,0.5245107,0.6560357,0.7284108,0.47821176,0.6252641,0.78019404,0.48724368,0.70009786,0.5959717,0.4789075,0.6925971,0.6026851,0.53683513,0.67879444,0.8633714,0.5031174,0.6711965,0.68413734,0.4797182,0.74077713,0.7821732,0.45102012,0.7185583,0.91553074,0.48762956,0.8669603,0.86136776,0.46971348,0.84263974,0.8598765
1221,24,0.47120285,0.50122714,0.78259885,0.51914966,0.5551445,0.814629,0.47154218,0.5474423,0.8343359,0.5231341,0.6553026,0.899012,0.4771457,0.6252218,0.6634914,0.48718628,0.7008687,0.6709668,0.4790455,0.69071215,0.48316538,0.5365498,0.6785422,0.8526025,0.50230014,0.67227805,0.66487855,0.4798659,0.7425783,0.8067194,0.45050246,0.719882,0.879465,0.48715603,0.8671424,0.7611029,0.46951002,0.8409902,0.8516308
1222,24,0.46946582,0.5011554,0.63884705,0.5161228,0.55814296,0.8234282,0.46866223,0.5481497,0.8924726,0.52240676,0.6559516,0.8593755,0.47592023,0.62551033,0.5318538,0.48655927,0.70154476,0.6272121,0.47869378,0.6943513,0.65471035,0.5350612,0.6803847,0.86936486,0.50091577,0.67353225,0.65157884,0.47945186,0.7413467,0.72989714,0.4497658,0.72089946,0.8429805,0.48754057,0.86720806,0.8251587,0.46954638,0.84250253,0.8677062
1223,24,0.46751812,0.5015209,0.61271423,0.51336193,0.5586379,0.7536016,0.46656987,0.5479775,0.8582524,0.5214883,0.65782595,0.64498085,0.47431612,0.6273173,0.747999,0.48865584,0.6978039,0.5393513,0.4782547,0.69196427,0.49119055,0.5330935,0.68060905,0.84875375,0.49921972,0.6729647,0.6094394,0.478933,0.74176556,0.6631094,0.45040423,0.7210132,0.8103304,0.48760027,0.86677766,0.8737678,0.46902716,0.8431129,0.756007
1224,24,0.46528193,0.5007962,0.53713614,0.5108626,0.5599591,0.8512205,0.46437967,0.54907835,0.85009927,0.52024627,0.6563757,0.7573472,0.47143543,0.62678176,0.79903525,0.4876938,0.7009018,0.58260787,0.4774086,0.6986354,0.5200446,0.53292775,0.6769123,0.8899047,0.5001422,0.66866744,0.6610023,0.4789051,0.7423057,0.7300256,0.44916373,0.72082007,0.81066006,0.4878184,0.86681867,0.6733567,0.46935388,0.8411136,0.86263496
1225,24,0.46255535,0.5022641,0.6372082,0.50707126,0.55827975,0.6707091,0.46415296,0.5488704,0.8243837,0.5191167,0.65790254,0.73362476,0.47097084,0.62346023,0.53118056,0.48596823,0.70049447,0.55507237,0.47802112,0.69499636,0.49702492,0.53219736,0.6770635,0.76292896,0.49943495,0.6703249,0.48888895,0.47851482,0.74570346,0.6425559,0.4510207,0.7238843,0.7206034,0.48827308,0.86406505,0.7606195,0.46938658,0.8421902,0.85455847
1226,24,0.4599282,0.5030603,0.63293666,0.50526214,0.5576627,0.8761177,0.46228817,0.54802495,0.84562147,0.51711404,0.6575716,0.78752035,0.46943995,0.624619,0.7469122,0.48428443,0.7034246,0.5469335,0.47509295,0.6993267,0.55314815,0.5331489,0.67042947,0.7846783,0.50094277,0.6639925,0.5319981,0.4781913,0.74543417,0.65206623,0.4506129,0.72187895,0.86139804,0.48715797,0.865918,0.817578,0.46975937,0.8398485,0.7947682
1227,24,0.45759583,0.501302,0.75813794,0.5028908,0.5550915,0.6796373,0.45782587,0.54989547,0.8341813,0.5154994,0.6560203,0.91389906,0.47005185,0.6304031,0.71558106,0.4847805,0.7044191,0.49700055,0.47606832,0.6994754,0.47130653,0.5350621,0.66933614,0.7907573,0.49982795,0.66629356,0.5835458,0.47622764,0.74643296,0.8136333,0.44894123,0.72476375,0.7535945,0.48771438,0.86593956,0.81502575,0.47027752,0.8425178,0.8248947
1228,24,0.45439613,0.5005987,0.8107702,0.5007432,0.5532742,0.8708815,0.4544605,0.5485629,0.87812144,0.5120751,0.65538734,0.90757394,0.46733782,0.6293914,0.74144155,0.4833102,0.71121824,0.5397517,0.47403196,0.7044066,0.47054762,0.53444916,0.6714753,0.64109,0.49686897,0.66769826,0.6142978,0.47441638,0.74850917,0.75596285,0.44740173,0.72425574,0.8162606,0.4879062,0.8641211,0.80584157,0.4699214,0.8405978,0.7846774
1229,24,0.45174286,0.49814475,0.83471096,0.49865893,0.55115026,0.8152132,0.45309725,0.5459619,0.8908046,0.5096454,0.65217614,0.87787664,0.46565977,0.6278883,0.8055644,0.48332438,0.702324,0.617829,0.47576457,0.69641745,0.52413976,0.5320136,0.664946,0.6549135,0.49456018,0.6624405,0.6936645,0.47409782,0.7465236,0.76456946,0.4461412,0.7259785,0.72277325,0.4872525,0.86578006,0.8570219,0.46980384,0.8409894,0.8113698
1230,24,0.45045635,0.49571624,0.7105788,0.49766016,0.5513183,0.654379,0.45083085,0.54276353,0.811178,0.508271,0.6512061,0.9070136,0.46531022,0.6280572,0.79705894,0.47997767,0.70705914,0.5132151,0.47263896,0.69987386,0.47605196,0.53226906,0.657662,0.82552165,0.49511304,0.6557828,0.69956654,0.47281966,0.7485452,0.7987264,0.44702634,0.7256121,0.89978606,0.4878103,0.86480033,0.81487083,0.46985015,0.8407672,0.8225224
1231,24,0.4481416,0.49290675,0.54780126,0.49532261,0.54919267,0.8046266,0.4483171,0.53955185,0.65570176,0.5073926,0.64792186,0.8280018,0.46408707,0.62542397,0.7406304,0.47929966,0.7017184,0.48214096,0.47139776,0.6958804,0.47039875,0.5306912,0.6585327,0.7983537,0.49327403,0.6554111,0.6711458,0.4713316,0.7459598,0.78811896,0.4476853,0.72552174,0.8583298,0.48784587,0.86478454,0.7870523,0.4693453,0.8398912,0.8063672
1232,24,0.44522235,0.48922527,0.822635,0.49304256,0.54538023,0.7556048,0.44721583,0.53594303,0.7857507,0.505747,0.64520866,0.8879138,0.46225026,0.62028635,0.7638855,0.4778987,0.70731944,0.48167267,0.47095674,0.69497514,0.5617292,0.52934843,0.6517586,0.6994275,0.4920849,0.6502947,0.79314303,0.47114727,0.7460336,0.8541406,0.44663253,0.7255746,0.9030025,0.48641348,0.86684036,0.85196435,0.47098705,0.84039056,0.7411091
1233,24,0.44488972,0.4852691,0.8012342,0.49311632,0.54006726,0.8668252,0.4461618,0.530421,0.89252055,0.50310695,0.6415071,0.6976461,0.46053135,0.6154636,0.80777645,0.47660884,0.697792,0.576385,0.46898395,0.6906468,0.63531655,0.52849066,0.6498546,0.795982,0.4911126,0.6480217,0.65700006,0.46949813,0.746021,0.63536274,0.44514066,0.7262646,0.8754256,0.48556504,0.8678319,0.71387196,0.47026113,0.83455944,0.78810346
1234,24,0.44392097,0.4800333,0.8182876,0.49214017,0.5355864,0.8473346,0.44518718,0.52872306,0.6724284,0.50125134,0.638086,0.86458683,0.4598004,0.614519,0.84777486,0.47471973,0.7018869,0.5377161,0.46659285,0.69035804,0.62332547,0.526566,0.6454089,0.80250555,0.48960835,0.644116,0.62083316,0.46794763,0.74657285,0.63144517,0.44485706,0.7260596,0.8782173,0.4859297,0.86592156,0.8436335,0.46950042,0.83541983,0.78710204
1235,24,0.44300422,0.47288015,0.6743935,0.49163106,0.52964145,0.6603835,0.44461995,0.5242335,0.852921,0.49898776,0.63106024,0.84622306,0.45894083,0.6088651,0.6143269,0.47366902,0.6919244,0.63627934,0.4651089,0.6832762,0.6597516,0.52594745,0.64141935,0.9102928,0.48829967,0.6412684,0.665743,0.46725255,0.7452483,0.7765989,0.444137,0.7253728,0.8721262,0.48691887,0.866246,0.89224005,0.46817797,0.83312637,0.8038607
1236,24,0.44229186,0.46624568,0.7298759,0.49092674,0.52371293,0.82422805,0.4443145,0.5200363,0.90288603,0.4983703,0.62660295,0.81536,0.45810732,0.6049392,0.57781804,0.47253805,0.68948513,0.6253337,0.46356392,0.6814119,0.64699686,0.52454865,0.6393041,0.9047146,0.48887157,0.6381316,0.8065678,0.46688893,0.7433623,0.80951065,0.44329566,0.72954464,0.80670696,0.48664427,0.8658583,0.88586366,0.46700564,0.83757746,0.69983876
1237,24,0.44076046,0.4605124,0.7210893,0.48994574,0.5167706,0.6454291,0.44276226,0.5112668,0.86415535,0.49574313,0.6228621,0.83505267,0.45500147,0.5972392,0.8398875,0.47114995,0.6858325,0.60126436,0.4613771,0.675242,0.57660735,0.5227458,0.63507324,0.8551851,0.4847671,0.63402396,0.82728356,0.46611458,0.7432309,0.8618907,0.44317454,0.7294079,0.80883795,0.48560235,0.86588234,0.7619003,0.4660923,0.83719045,0.741918
1238,24,0.43986815,0.45265356,0.5969538,0.48871472,0.5100292,0.76181006,0.4416584,0.50734395,0.7155423,0.49540207,0.61614764,0.6244954,0.45482737,0.5916161,0.66155845,0.4708114,0.6834728,0.72537446,0.4595082,0.6727262,0.606277,0.52228063,0.6325294,0.91244835,0.48662013,0.6327334,0.6582924,0.4665644,0.74132526,0.856229,0.44300297,0.7291142,0.7100554,0.48583138,0.8657473,0.668854,0.46537063,0.8382533,0.82892364
1239,24,0.43921587,0.4447277,0.8547627,0.48921865,0.4998777,0.7498698,0.44091707,0.49825892,0.9216343,0.49425042,0.60953104,0.5461992,0.45342156,0.58548415,0.87318754,0.46933237,0.6733348,0.693298,0.4588925,0.664296,0.66170686,0.52079713,0.6285174,0.85366493,0.48312575,0.63006943,0.6492643,0.46607438,0.73952836,0.70891804,0.44316342,0.7305047,0.61643237,0.4867276,0.8655891,0.8866567,0.46449593,0.84061706,0.80878544
1240,24,0.43858358,0.43614933,0.7546106,0.4901983,0.49484625,0.63756496,0.44064564,0.4899137,0.83146423,0.4936222,0.6009374,0.6403632,0.4522401,0.5773207,0.7894926,0.4684197,0.6680578,0.688826,0.45626107,0.6554765,0.7114261,0.5189313,0.6234241,0.8062102,0.48320732,0.62577695,0.81065077,0.46648872,0.73753256,0.922789,0.44388852,0.73226666,0.6020774,0.48845914,0.8667104,0.8625055,0.46513003,0.8381214,0.7518412
1241,24,0.43816754,0.42724898,0.8072143,0.48934847,0.48615548,0.6635527,0.43984738,0.48260567,0.59844834,0.49306443,0.5928912,0.76284,0.45214707,0.57262033,0.86055285,0.46787778,0.6641528,0.56661177,0.4535707,0.65017146,0.5909048,0.5176787,0.6180695,0.8872949,0.48210144,0.6175251,0.7552001,0.46560633,0.7385365,0.78992903,0.4449463,0.73178184,0.77506155,0.4876245,0.86460686,0.88279384,0.46642786,0.837063,0.75459176
1242,24,0.43822506,0.41951126,0.7008954,0.48864257,0.47733825,0.6686875,0.4410856,0.4792963,0.8031359,0.49186784,0.5858296,0.7577665,0.45277146,0.56563383,0.732499,0.46646592,0.65213245,0.5632429,0.45018253,0.6415176,0.51050866,0.51472545,0.6165117,0.8950659,0.48077533,0.6166878,0.6005262,0.46973705,0.7376749,0.83175355,0.4461307,0.7299076,0.83300406,0.48699054,0.86575747,0.8393701,0.4648379,0.8401834,0.75812644
1243,24,0.4379545,0.41065136,0.6541544,0.4877326,0.47000563,0.80745107,0.44103438,0.47145668,0.8930377,0.49166057,0.5767431,0.7576278,0.45216548,0.5563612,0.8669314,0.46659774,0.6455768,0.76369846,0.44976234,0.63373506,0.51689005,0.5133032,0.60962194,0.90865344,0.4793005,0.60795414,0.6807775,0.4704827,0.7395766,0.9076404,0.44578266,0.7296039,0.8072783,0.4874635,0.86609393,0.90208375,0.4663097,0.83859175,0.7130771
1244,24,0.43850142,0.40224034,0.7787658,0.48757654,0.46075577,0.86063355,0.44106093,0.4650836,0.87243855,0.49267018,0.5687355,0.6631839,0.45208138,0.5527995,0.8761448,0.4665111,0.63934934,0.6163326,0.44915533,0.6227564,0.7557523,0.51265436,0.6017358,0.90614307,0.47906202,0.6005939,0.6961357,0.4695338,0.73640054,0.8722062,0.44470543,0.72551596,0.67109156,0.48611742,0.86343724,0.8838193,0.46766528,0.83452463,0.7183126
1245,24,0.43876275,0.39560238,0.77246267,0.48819846,0.4514016,0.8722905,0.44146702,0.4595692,0.7019784,0.4933872,0.55833775,0.74266744,0.45121238,0.54697526,0.89549637,0.46707076,0.63077164,0.75528526,0.4466449,0.6194725,0.5532965,0.51049465,0.5954943,0.92455703,0.4767331,0.59340465,0.71950567,0.4696003,0.7359618,0.88408923,0.44653314,0.7267433,0.7768673,0.4869889,0.86314946,0.863981,0.46861893,0.8394947,0.6870199
1246,24,0.43913537,0.38849396,0.7890667,0.48788947,0.4450883,0.80164087,0.44129983,0.44933254,0.8801326,0.4952683,0.552951,0.57672495,0.4503718,0.5385784,0.8179473,0.4686475,0.62574476,0.6925885,0.4456477,0.6075125,0.79124105,0.5101829,0.58802634,0.917363,0.4736894,0.58350784,0.7542868,0.47057143,0.7348331,0.8622099,0.446576,0.72669053,0.6526181,0.48670343,0.8602149,0.73440975,0.46730092,0.83863455,0.79413325
1247,24,0.4388263,0.38152698,0.7222297,0.48890552,0.44134825,0.87749726,0.4415106,0.44356072,0.8728167,0.4957484,0.54597694,0.76436865,0.44760844,0.5317656,0.83191425,0.4694182,0.61984146,0.8688645,0.44203547,0.6083388,0.747439,0.50775486,0.5833976,0.90082186,0.4703285,0.5819485,0.692183,0.47054946,0.73426354,0.91806185,0.44874394,0.72706026,0.566873,0.48588046,0.86060834,0.7264209,0.46886024,0.8438955,0.70820534
1248,24,0.4391573,0.37479156,0.79327935,0.48862973,0.43241245,0.83059394,0.44285384,0.43626732,0.80288625,0.49648649,0.536038,0.79922956,0.44549334,0.5281525,0.8990955,0.4689431,0.6155727,0.7444234,0.44128922,0.6023006,0.6102404,0.50501716,0.5814606,0.9059224,0.4681041,0.5806729,0.73729646,0.4709758,0.734846,0.85310346,0.45000562,0.7255586,0.83699936,0.48903513,0.86029243,0.78394556,0.46792474,0.84332985,0.85149133
1249,24,0.43872356,0.36928567,0.56617594,0.48981112,0.42785412,0.6705387,0.44219455,0.43548843,0.8946532,0.49542156,0.53166604,0.72529095,0.44524512,0.5232751,0.8961754,0.47083765,0.61266434,0.5859981,0.43940437,0.60067177,0.64846563,0.50223225,0.5801562,0.88870585,0.46583128,0.58096427,0.7353065,0.4734805,0.73378533,0.81856316,0.45122686,0.72563446,0.75223935,0.48868942,0.8599023,0.6788547,0.46855348,0.845129,0.79190296
1250,25,0.43975252,0.36437565,0.8160111,0.489844,0.4191687,0.8143873,0.4419406,0.42888123,0.88181245,0.4985482,0.5264644,0.9022548,0.44517264,0.52003074,0.8504206,0.47296205,0.608078,0.7934478,0.4381126,0.59241605,0.7921252,0.49994507,0.5846997,0.826873,0.46267873,0.5885766,0.7590287,0.47451603,0.7344065,0.8108544,0.45259768,0.72567046,0.7980218,0.48789153,0.8610835,0.7782343,0.46681836,0.8452218,0.8140196
1251,25,0.4397042,0.35875717,0.6749416,0.48917025,0.4168148,0.90126634,0.44148257,0.42887804,0.9190296,0.4991256,0.52056175,0.87372863,0.44403717,0.51717454,0.874798,0.4719802,0.60339385,0.78517896,0.4376846,0.5910673,0.86562175,0.4965596,0.5851647,0.87248534,0.46165594,0.5897574,0.8044471,0.47446096,0.7320064,0.7992398,0.4534958,0.7258455,0.7684739,0.4862714,0.863701,0.7589379,0.46763694,0.8454818,0.8804541
1252,25,0.44064018,0.35602224,0.757229,0.4897696,0.41339642,0.7808831,0.44107476,0.42683655,0.76152134,0.49923912,0.5179197,0.90508246,0.44446862,0.5124098,0.7816065,0.47592667,0.59813976,0.82336634,0.43751308,0.59036607,0.73578924,0.49494946,0.5868661,0.87607515,0.46213406,0.5901247,0.7924133,0.4759131,0.73212177,0.59791243,0.4550109,0.7264742,0.80257434,0.48646355,0.86224145,0.86571926,0.46852234,0.84605575,0.8457429
1253,25,0.44130185,0.3506336,0.7943985,0.48928654,0.40867147,0.69677377,0.44142824,0.42220095,0.73782915,0.49990895,0.51461136,0.81591046,0.44367835,0.5118377,0.83755994,0.4778354,0.596821,0.7105725,0.43726984,0.58862823,0.71603775,0.49353352,0.5859184,0.83830243,0.46033108,0.58946115,0.77855426,0.4772906,0.7280766,0.77387613,0.4571454,0.72009116,0.7992817,0.48612002,0.8559055,0.785335,0.46981716,0.8410425,0.83206767
1254,25,0.44077194,0.3487265,0.59189886,0.4897175,0.4082057,0.85297924,0.4421686,0.41834182,0.8279302,0.50166154,0.51065296,0.7328049,0.4435366,0.5086864,0.88797075,0.48012945,0.59670895,0.73939,0.4366403,0.5872241,0.72215235,0.49017918,0.5930771,0.7841834,0.45818952,0.5962141,0.687204,0.47959664,0.7292674,0.8435873,0.45823938,0.72429454,0.7654968,0.48650187,0.8618077,0.86665297,0.47020003,0.84341484,0.6385038
1255,25,0.44164243,0.3490572,0.7341187,0.4905529,0.40564615,0.64767665,0.44214484,0.41907462,0.8065454,0.5020747,0.50875473,0.86881965,0.44342995,0.5063045,0.822537,0.48102662,0.5979675,0.7836535,0.43745136,0.5849553,0.76309365,0.4888024,0.59978783,0.8213642,0.4563865,0.600807,0.8270436,0.4783081,0.73196363,0.7480294,0.45961037,0.72624683,0.86420494,0.4852883,0.86028004,0.73405427,0.4695594,0.8449552,0.80746496
1256,25,0.44145152,0.34655428,0.6247053,0.49029857,0.40488312,0.70558065,0.44175518,0.41636646,0.83180016,0.50313926,0.50896686,0.8476577,0.44295642,0.50757074,0.8275451,0.48254701,0.6004752,0.6514569,0.43582094,0.5839691,0.60193163,0.4874025,0.60440403,0.78413194,0.45545742,0.6050744,0.8211639,0.47924742,0.7318883,0.7759237,0.458605,0.73042685,0.78369546,0.48461282,0.85911065,0.66972613,0.46763465,0.8444899,0.792686
1257,25,0.4423048,0.3450549,0.7214985,0.48942623,0.40543953,0.8761281,0.44199702,0.41570055,0.6330672,0.50362957,0.50712156,0.7023721,0.44338378,0.50687957,0.7812264,0.48365974,0.5985773,0.6416663,0.43579292,0.580686,0.6262537,0.48313764,0.6058608,0.68816847,0.45431435,0.6051482,0.7086383,0.48089662,0.7328748,0.7030544,0.46051186,0.73145676,0.7205287,0.48567086,0.8572059,0.80507857,0.4671233,0.8441994,0.79509896
1258,25,0.44282347,0.34261134,0.40323734,0.48853207,0.40690595,0.7855172,0.4435542,0.41492388,0.6723577,0.50338095,0.50641364,0.809513,0.44263154,0.50902325,0.617706,0.48641014,0.5989771,0.63500893,0.4359743,0.58075005,0.66006225,0.4793819,0.6070792,0.6284779,0.45449144,0.6052178,0.6500135,0.48101285,0.73622495,0.41049063,0.4584171,0.7326946,0.49259657,0.4892629,0.8560366,0.7798678,0.4660783,0.8431031,0.53014904
1259,25,0.44251937,0.34302375,0.70079744,0.4879025,0.40481985,0.8068916,0.44272235,0.41622105,0.8517521,0.50326693,0.5058294,0.8370862,0.44225636,0.51119107,0.7246556,0.48850104,0.5999785,0.71270967,0.43604138,0.58458245,0.77667916,0.4780535,0.60759556,0.6879405,0.45313817,0.6066038,0.68118316,0.48224264,0.7347376,0.65706474,0.45968816,0.7304338,0.56480616,0.4871514,0.8562902,0.7501973,0.46617046,0.8420585,0.5943414
1260,25,0.4421303,0.3458473,0.7784586,0.48785907,0.40339682,0.8619311,0.44250092,0.41462752,0.78074986,0.50279117,0.5068739,0.85469276,0.44240162,0.5091224,0.7139748,0.4902792,0.60140955,0.6559208,0.4355323,0.58606476,0.73889977,0.47796503,0.6077526,0.74814856,0.45212832,0.6072567,0.7213199,0.4838765,0.73688775,0.7841191,0.46125615,0.7321636,0.73779625,0.48599654,0.855911,0.71799225,0.4667778,0.8428341,0.8020477
1261,25,0.44204643,0.3452601,0.7893499,0.4878648,0.40294495,0.884383,0.44312182,0.4130627,0.67354405,0.5025807,0.5076448,0.8596067,0.44283864,0.50942934,0.69780016,0.49445394,0.6007493,0.7782819,0.43663195,0.5840492,0.54879254,0.47731444,0.60749316,0.7517049,0.45109528,0.6083529,0.71377885,0.48320624,0.73403984,0.86417407,0.46032143,0.7283623,0.69220173,0.4857911,0.85259664,0.7407283,0.46700326,0.84387803,0.8248455
1262,25,0.44255334,0.3466658,0.7561873,0.487791,0.40323457,0.89171714,0.44314024,0.41404945,0.7179871,0.50219023,0.5066501,0.83728963,0.443119,0.5098643,0.64132094,0.49518913,0.60015804,0.8146116,0.437262,0.58280796,0.597427,0.47663048,0.60658425,0.749957,0.45113075,0.6074646,0.72466564,0.4832013,0.7348004,0.8164078,0.46044594,0.7280202,0.7154435,0.48608276,0.85267174,0.78060424,0.4672433,0.842955,0.82308286
1263,25,0.44225284,0.34566018,0.7503172,0.4878669,0.4032586,0.8899652,0.4430575,0.4140525,0.7035109,0.5012067,0.5081462,0.83696055,0.44505355,0.51082516,0.61456513,0.49701038,0.6002834,0.5413041,0.4384365,0.5863216,0.6858098,0.47667173,0.6070975,0.775232,0.45088595,0.6071894,0.7432741,0.48288554,0.7354884,0.5416686,0.46024677,0.7279723,0.634568,0.48595625,0.85463834,0.79520106,0.4671678,0.8421366,0.82824177
1264,25,0.4423339,0.34591386,0.7435007,0.48775128,0.40387192,0.89033175,0.4430345,0.41427368,0.83294547,0.5008083,0.5084588,0.82829386,0.44529045,0.51006156,0.64487034,0.49678212,0.6017742,0.76781744,0.43829677,0.585882,0.6988305,0.47599915,0.6078759,0.7689365,0.45008358,0.6075772,0.7294054,0.4835745,0.7365735,0.6259791,0.46062896,0.7277111,0.62166804,0.48600546,0.8541062,0.79613787,0.466939,0.8417756,0.84160614
1265,25,0.44288108,0.34406462,0.596615,0.4875141,0.40368822,0.8870782,0.44301683,0.41581047,0.81395257,0.50075716,0.50819594,0.6794796,0.44541317,0.5101377,0.6794226,0.49785003,0.59975797,0.5515057,0.438056,0.5864912,0.7165951,0.47560737,0.6083477,0.7813287,0.45057017,0.60899764,0.7721922,0.48346183,0.7391998,0.6594915,0.4581656,0.73209053,0.547405,0.48575914,0.853667,0.61144674,0.4683685,0.8412001,0.6737794
1266,25,0.44325778,0.34421322,0.63078016,0.48733664,0.40444323,0.890453,0.44308823,0.41568357,0.8054226,0.50027376,0.5090801,0.8116177,0.44579232,0.50980216,0.6581461,0.49837583,0.60278004,0.78902763,0.43822566,0.5869325,0.6774394,0.47431234,0.6079938,0.7194199,0.45026776,0.60768944,0.70593196,0.48221594,0.73957723,0.59473515,0.45838183,0.7329485,0.5493334,0.48745897,0.85414827,0.8462778,0.46796215,0.8429144,0.6450318
1267,25,0.4427831,0.3435606,0.6232854,0.48802775,0.40308842,0.70340306,0.44281366,0.41450068,0.86058205,0.5012485,0.5065136,0.7674845,0.44639128,0.5067729,0.72251946,0.4982303,0.6030127,0.6180047,0.4374108,0.5838014,0.49501428,0.4747986,0.60825527,0.77291656,0.4495035,0.6071384,0.74061793,0.48308086,0.7372838,0.65384275,0.458543,0.7312555,0.58609,0.48608106,0.8527021,0.6645245,0.4686143,0.83979017,0.6997912
1268,25,0.44245008,0.3448315,0.71069366,0.48804188,0.4031664,0.7010639,0.44306883,0.4145298,0.82964504,0.5011715,0.50701624,0.74038386,0.44699505,0.50738806,0.68228084,0.49799857,0.604155,0.64296,0.43706787,0.5826218,0.4916802,0.47402617,0.60986364,0.7597648,0.44954917,0.60846967,0.7706559,0.48245397,0.73806417,0.6219642,0.45908603,0.7326352,0.6088706,0.48628944,0.8506202,0.6637232,0.46868673,0.8413555,0.7057939
1269,25,0.4421039,0.3460687,0.73211104,0.48760578,0.40485936,0.88597214,0.4429743,0.41473424,0.81688863,0.5008884,0.508171,0.75953376,0.44905403,0.5061691,0.666998,0.4983247,0.6024308,0.60677755,0.43773508,0.57948405,0.48145774,0.47348973,0.6091222,0.79013956,0.448934,0.6081515,0.71184194,0.48165926,0.7401636,0.5986397,0.45856583,0.7343943,0.5791748,0.48684612,0.85329163,0.68574333,0.46842104,0.84216887,0.7245941
1270,25,0.44283777,0.3453301,0.74716824,0.48714706,0.40352738,0.71162045,0.44264236,0.4146883,0.85253936,0.50218636,0.5095518,0.77023816,0.44671753,0.5078787,0.6661952,0.49889645,0.60090476,0.560974,0.43683332,0.5842145,0.47750837,0.47351333,0.6061495,0.7151594,0.4487478,0.6054741,0.67989975,0.48139858,0.7388954,0.648871,0.4585946,0.7320976,0.608504,0.485676,0.85355437,0.6667952,0.46807295,0.84201264,0.70783997
1271,25,0.44263074,0.34491095,0.7476489,0.48731774,0.4045578,0.7614934,0.44247055,0.41516975,0.8212183,0.501874,0.50904757,0.78492576,0.4465912,0.508043,0.673158,0.49819958,0.60362065,0.63937396,0.4364448,0.5819517,0.5045508,0.47401127,0.6061516,0.78478557,0.44849655,0.6051586,0.7549752,0.48064226,0.7390045,0.62903804,0.4594174,0.73295987,0.54853964,0.48546493,0.85907245,0.66350085,0.46740493,0.8438969,0.6299246
1272,25,0.44235936,0.34365544,0.6392938,0.48713887,0.40472317,0.7444759,0.4427052,0.41485617,0.8487987,0.5017466,0.50844073,0.78557694,0.4470077,0.5079214,0.6790613,0.4978985,0.6042677,0.65868384,0.43626124,0.5811518,0.46111983,0.4737168,0.60557634,0.77050453,0.44839618,0.6048974,0.7515417,0.4803845,0.73612124,0.6002205,0.4590903,0.7314651,0.55576086,0.48790836,0.85547304,0.8514425,0.4671114,0.84470993,0.7167839
1273,25,0.4426964,0.3431718,0.61218923,0.48603287,0.4070487,0.8656051,0.44372135,0.41368526,0.70322394,0.5009893,0.508044,0.7267592,0.44550952,0.5125225,0.69017065,0.4969434,0.60533524,0.69082105,0.43606064,0.5846274,0.5415168,0.47212142,0.60426766,0.7409637,0.4485006,0.6041237,0.681533,0.48029545,0.7379337,0.67283404,0.4579071,0.73124987,0.4786228,0.48736432,0.8528674,0.786563,0.4671252,0.8426389,0.6095989
1274,25,0.4419055,0.34223336,0.6807588,0.48593387,0.406191,0.7257605,0.44310856,0.41621876,0.6998393,0.5008999,0.5079123,0.78712654,0.44697362,0.5117131,0.6127362,0.49702713,0.60430723,0.69208074,0.43510845,0.58271474,0.4677391,0.47104567,0.607339,0.784455,0.44810832,0.60572207,0.75706714,0.47869506,0.7381209,0.79342073,0.45967916,0.73571384,0.7046976,0.4854622,0.86097014,0.6649093,0.46773568,0.84835976,0.66420794
1275,25,0.44214916,0.34348416,0.52502257,0.48556396,0.40818885,0.68573624,0.4436704,0.41801754,0.653607,0.49989912,0.50711125,0.7094298,0.4463946,0.51323116,0.4607073,0.4964911,0.6029208,0.6001131,0.43607607,0.58334714,0.43927747,0.47086513,0.6067312,0.7102403,0.4488011,0.60586625,0.67414814,0.4797893,0.7398511,0.50012803,0.46011683,0.73478067,0.49888283,0.48646182,0.85576904,0.5453372,0.467121,0.8447304,0.70034605
1276,25,0.44225216,0.34171143,0.7212963,0.48570597,0.40775764,0.6797187,0.44367033,0.41802683,0.7142344,0.50013566,0.5087853,0.73827195,0.44597456,0.51444286,0.5645763,0.49459228,0.6063596,0.676634,0.43502185,0.58368677,0.4106461,0.47033146,0.6070196,0.74773186,0.44834176,0.6060091,0.7106668,0.47982413,0.7402301,0.63935053,0.45972973,0.7349781,0.58340806,0.4844113,0.860676,0.5948956,0.4670587,0.8452992,0.7075249
1277,25,0.44231924,0.34327507,0.72836,0.48550823,0.40721786,0.71149844,0.4434889,0.4170973,0.7485089,0.5003026,0.5088971,0.7607659,0.44641063,0.51356757,0.52660775,0.49365112,0.6061954,0.67117685,0.4356788,0.5827333,0.47461697,0.470789,0.6066813,0.7631756,0.44816035,0.6048592,0.7159765,0.479384,0.7389921,0.61426914,0.45852396,0.73364633,0.50021446,0.48595485,0.8560505,0.6869934,0.46724504,0.8432815,0.755276
1278,25,0.4417691,0.34424996,0.7087109,0.48582032,0.40636745,0.7729002,0.4430532,0.41633394,0.76930267,0.49988562,0.5079831,0.79543877,0.447405,0.5101848,0.6116955,0.49338183,0.6057417,0.6951831,0.4357776,0.5825159,0.51823354,0.47031674,0.6089196,0.8146685,0.44781482,0.60642403,0.79131943,0.47920832,0.73939794,0.5178678,0.45842406,0.73569494,0.6563984,0.48499206,0.85988647,0.7144628,0.46783537,0.8451176,0.7768922
1279,25,0.44147497,0.34545797,0.67595065,0.48602974,0.40493327,0.78011405,0.4424576,0.4156774,0.78081423,0.49965954,0.50961465,0.8054251,0.44709796,0.5081661,0.6376962,0.4922727,0.60764927,0.68893397,0.43461868,0.5825752,0.5236282,0.4703023,0.6084545,0.7431255,0.44623554,0.6057925,0.75401217,0.4799889,0.74014986,0.68992716,0.45981508,0.7345364,0.5650469,0.48756295,0.8603773,0.8088367,0.4677152,0.84404004,0.7053957
1280,25,0.44169506,0.345263,0.7588308,0.48555335,0.40540624,0.79775804,0.44241187,0.41561833,0.79667354,0.49935356,0.5099731,0.7733394,0.44591746,0.5107053,0.6121257,0.49162656,0.60699356,0.67659146,0.4341364,0.585485,0.6935733,0.47027335,0.6098178,0.74638385,0.4464986,0.60726136,0.800397,0.4803193,0.740417,0.7107603,0.4611225,0.7357553,0.64610404,0.48846015,0.86007005,0.81470084,0.46888167,0.8438466,0.81581384
1281,25,0.44196233,0.34489006,0.73377,0.48550323,0.4058208,0.7639079,0.44245684,0.41588297,0.78633696,0.49900964,0.509133,0.77966946,0.4455808,0.51181835,0.58655167,0.49126008,0.60440516,0.590605,0.4338922,0.5850527,0.64664406,0.47030365,0.6088993,0.7369619,0.44631198,0.60709673,0.74534667,0.48009974,0.7383144,0.60952044,0.45913538,0.7307359,0.64826566,0.4882253,0.85266906,0.73857147,0.46837506,0.8403373,0.7852025
1282,25,0.44226775,0.34514266,0.6937157,0.48508403,0.40554535,0.7450254,0.44262868,0.41604885,0.7832127,0.49842128,0.50836563,0.7620348,0.44484285,0.5122174,0.5420561,0.49141967,0.6034508,0.6563641,0.43349424,0.5835967,0.64610016,0.46975198,0.6085201,0.70567787,0.44607762,0.606225,0.7266322,0.47969925,0.73906773,0.6342631,0.46008986,0.73303443,0.44490248,0.48777568,0.8566458,0.7169801,0.4681497,0.84184086,0.8022754
1283,25,0.44232306,0.34415784,0.6075202,0.48514384,0.4081053,0.7644091,0.44377473,0.41646063,0.764536,0.49849528,0.5101523,0.7325425,0.4444874,0.51440763,0.5392979,0.4899754,0.6043692,0.6692935,0.43351826,0.586113,0.6116932,0.47029296,0.61042637,0.7808472,0.4468769,0.6079019,0.757016,0.48017025,0.74350554,0.63389957,0.4611581,0.7378635,0.63549155,0.48781282,0.86177176,0.7879059,0.4687376,0.8454807,0.7553376
1284,25,0.44235393,0.3451405,0.6960122,0.48569557,0.40552422,0.75904626,0.4420344,0.41482872,0.74630344,0.49763888,0.50824887,0.76123965,0.44561842,0.5067029,0.715096,0.48934686,0.6030663,0.7890205,0.43334967,0.5833698,0.6772122,0.470008,0.6081849,0.7315042,0.44507635,0.60579515,0.6545388,0.47985473,0.73757815,0.68361163,0.4587492,0.7308133,0.6553151,0.48840123,0.858979,0.81111324,0.46880373,0.8421691,0.83534634
1285,25,0.44246432,0.34417254,0.5731383,0.48517472,0.4090442,0.76613677,0.44370142,0.41695234,0.715394,0.4980931,0.5109095,0.6793147,0.44304535,0.5163588,0.4863657,0.48887628,0.6036811,0.64465475,0.43333095,0.58665806,0.6396333,0.47012243,0.6100566,0.75452477,0.44696298,0.6075827,0.7296626,0.48024693,0.7418823,0.661671,0.4602736,0.7363289,0.5895108,0.4882081,0.8577707,0.76369345,0.46890432,0.8446525,0.7763887
1286,25,0.4424258,0.34293604,0.7910681,0.48537925,0.4062436,0.7415713,0.44174626,0.41526788,0.73758125,0.4984737,0.5088824,0.7621333,0.44414362,0.50824255,0.71861345,0.48825485,0.60216933,0.6005544,0.43295172,0.5832909,0.669717,0.46974653,0.6096123,0.7298478,0.44496262,0.6066199,0.6685144,0.47998306,0.7411185,0.70042443,0.46021545,0.7346805,0.5630839,0.48798084,0.8588873,0.80902934,0.46735707,0.8445101,0.6936933
1287,25,0.44238383,0.34364295,0.522407,0.48497823,0.40926316,0.75588226,0.4434222,0.41762045,0.68467075,0.4978062,0.5108693,0.6671841,0.4427084,0.51606774,0.47068474,0.48788404,0.6038257,0.64171535,0.43295738,0.58691996,0.6058037,0.4695507,0.60918427,0.67878854,0.44655362,0.60663015,0.68186027,0.4802092,0.73991585,0.6022303,0.4606933,0.73442733,0.45795223,0.48883325,0.85504746,0.73719966,0.46862748,0.843297,0.7338125
1288,25,0.44238603,0.3429283,0.7865368,0.4846161,0.4093117,0.68757373,0.44324163,0.41774386,0.7401707,0.4977611,0.51012063,0.6839822,0.44257057,0.512016,0.659064,0.48727176,0.6017063,0.59266865,0.4326156,0.5854099,0.62367225,0.4686133,0.6075328,0.74116176,0.44474018,0.6056294,0.6267429,0.47890732,0.7375968,0.6314214,0.46035722,0.7333661,0.5489676,0.4870216,0.8565026,0.7423661,0.4674572,0.84274167,0.72835857
1289,25,0.44250545,0.34491733,0.6691627,0.48460197,0.4083392,0.7794836,0.44327232,0.4172633,0.8085456,0.49786606,0.50859004,0.7296302,0.44205734,0.5158432,0.5338062,0.48677984,0.6043879,0.7071488,0.432779,0.5864688,0.7026465,0.46948007,0.6080666,0.73635864,0.44632056,0.60597175,0.73926747,0.47952217,0.7393149,0.7434326,0.46043542,0.7347073,0.6947165,0.4875044,0.8599771,0.8150915,0.4676798,0.84574825,0.5271097
1290,25,0.44284722,0.3436234,0.70988613,0.4845218,0.41113144,0.66138625,0.44331524,0.4182641,0.6477012,0.49796003,0.51143163,0.5932197,0.44127643,0.5128297,0.5446962,0.48522758,0.6031425,0.57487637,0.4326517,0.5853348,0.5408412,0.46896508,0.60660285,0.6692787,0.44576022,0.6043592,0.5826611,0.47836462,0.7382322,0.4986778,0.45978844,0.73530775,0.5137596,0.48628932,0.85735613,0.67767996,0.46749082,0.8446288,0.62709
1291,25,0.44148624,0.342951,0.7928874,0.48480764,0.40672937,0.76308733,0.44191584,0.4171563,0.778883,0.49796543,0.50834745,0.7603535,0.4416768,0.5121118,0.6743941,0.48567626,0.60459954,0.70379186,0.4326385,0.58625025,0.6846516,0.4697258,0.60677093,0.75560975,0.44603807,0.60411364,0.7667758,0.48019907,0.7391467,0.6262573,0.46043473,0.73448974,0.77248853,0.4869676,0.8620917,0.8355633,0.4671451,0.8479246,0.76372975
1292,25,0.4419922,0.34429106,0.67806226,0.48536026,0.40727752,0.80461365,0.44137907,0.41668814,0.7319387,0.49834344,0.51027834,0.72896904,0.44189283,0.5114971,0.6402732,0.48526198,0.6055828,0.667064,0.43225586,0.58546156,0.63432294,0.469577,0.60780346,0.7163316,0.44606617,0.6045487,0.75077796,0.47889692,0.7381655,0.6774706,0.4598373,0.733744,0.68828833,0.4858275,0.8591669,0.7234787,0.46757576,0.8461373,0.77116
1293,25,0.44183508,0.34438682,0.68730605,0.48505783,0.40813679,0.7921013,0.4412938,0.41693163,0.72540754,0.49827087,0.5102466,0.7481738,0.44143322,0.5126664,0.62900317,0.48550612,0.6034532,0.6449285,0.43168724,0.58552516,0.62056345,0.46898854,0.6072888,0.7030403,0.4450761,0.6050955,0.72118413,0.47858647,0.7351054,0.63021016,0.45976678,0.73181874,0.5764986,0.4856163,0.85660625,0.7682023,0.46735257,0.84447867,0.7590009
1294,25,0.44233188,0.3437993,0.70159185,0.48400643,0.4106007,0.6757271,0.44312698,0.41916984,0.61627555,0.4978485,0.5099683,0.67217994,0.4410778,0.5148888,0.59269834,0.48502013,0.6052059,0.6320364,0.43192402,0.58684325,0.5403901,0.46949595,0.6081097,0.6505881,0.4466867,0.60602194,0.65157896,0.4798528,0.73926526,0.6285046,0.46030417,0.73473567,0.56034285,0.4873495,0.8593575,0.7353382,0.46748787,0.84750366,0.66577196
1295,25,0.44169128,0.34355637,0.76394546,0.4848793,0.40641114,0.7059525,0.4415767,0.41755244,0.7413223,0.4985323,0.5088432,0.76074183,0.44122526,0.5136732,0.6944546,0.4857507,0.60126084,0.61094946,0.4322414,0.58702075,0.6629757,0.47004715,0.6075712,0.7502185,0.44551378,0.6052589,0.7378538,0.47932395,0.7380164,0.7807175,0.45975322,0.7340252,0.68785393,0.4861355,0.85571563,0.7787328,0.46719304,0.84398365,0.77268916
1296,25,0.44120166,0.34405443,0.5755829,0.48493895,0.40742877,0.7700179,0.44160208,0.4174893,0.7004115,0.49745196,0.512989,0.6024561,0.44096902,0.5143269,0.5936165,0.48552018,0.6026368,0.6167634,0.43226215,0.58573365,0.64086694,0.46936718,0.60814035,0.69154865,0.4454556,0.6059188,0.72894746,0.4796179,0.7379232,0.6758074,0.4595408,0.73248124,0.5122375,0.48674005,0.85624456,0.7234274,0.4674445,0.844846,0.68414056
1297,25,0.44219765,0.34399012,0.65066206,0.48469797,0.41001412,0.71517026,0.44341868,0.41729546,0.5417979,0.4983572,0.50972944,0.7082463,0.4404363,0.51462597,0.59508055,0.48629934,0.6021701,0.8011888,0.43193638,0.58667344,0.6041509,0.4694258,0.607574,0.6489362,0.44580597,0.605455,0.67655784,0.48014495,0.7377857,0.6452166,0.45921972,0.73247033,0.5728179,0.4877861,0.85814327,0.7155545,0.467861,0.84527445,0.63667643
1298,25,0.44171974,0.34390277,0.7640339,0.4837368,0.4085291,0.6778088,0.4419958,0.4177649,0.7051857,0.49794838,0.50972885,0.738036,0.4409666,0.51369774,0.63209224,0.4863801,0.60188144,0.62408775,0.4326554,0.58723605,0.6639328,0.47001666,0.6062938,0.6972334,0.4463314,0.60440224,0.6926536,0.47950885,0.7366619,0.7235211,0.46029264,0.73219717,0.65114176,0.48756105,0.85852206,0.7807395,0.4675509,0.8475817,0.7327377
1299,25,0.44201347,0.34280157,0.74908364,0.48432085,0.40931284,0.6457975,0.44341755,0.41801944,0.65202177,0.49765676,0.5086087,0.6815537,0.44127172,0.51237535,0.58292514,0.48557714,0.6017979,0.6232961,0.4322584,0.5856423,0.57504624,0.46967173,0.6072878,0.7154493,0.4472465,0.6051678,0.7010346,0.48002586,0.7369701,0.63155544,0.46053746,0.73248297,0.5878228,0.48677608,0.8589918,0.6671587,0.46771756,0.8467367,0.6987124
1300,26,0.4425117,0.34362373,0.7369284,0.48403424,0.41069037,0.63396424,0.4434457,0.41873592,0.6286572,0.49491698,0.5095603,0.64936024,0.4410493,0.5133607,0.54603565,0.4857645,0.6030625,0.64067936,0.43225333,0.5861052,0.5196563,0.46960405,0.60590637,0.71205175,0.44648266,0.60404384,0.6329957,0.48000965,0.737405,0.6517941,0.4599342,0.73198915,0.5416032,0.4862335,0.85645354,0.6404706,0.46698081,0.8448228,0.66456074
1301,26,0.4415086,0.3432043,0.75988394,0.48452005,0.4056998,0.68938893,0.4420201,0.41692963,0.7407004,0.49740288,0.5092788,0.74756324,0.44154757,0.5113602,0.6933539,0.48678234,0.60546803,0.7147688,0.43240225,0.5860958,0.6209318,0.46992207,0.606231,0.7612005,0.44627145,0.60389984,0.7638976,0.48035637,0.73787636,0.7914483,0.46010298,0.73280144,0.74223495,0.48722643,0.8609618,0.8317671,0.46769086,0.84878504,0.7804665
1302,26,0.44057006,0.34479287,0.65962064,0.48458806,0.4052684,0.74749887,0.44140738,0.4159737,0.7229412,0.496632,0.50837934,0.6520751,0.44175842,0.5122091,0.6565844,0.48706588,0.6052897,0.6834445,0.43272164,0.58558124,0.65889126,0.46981183,0.605936,0.7481791,0.44612256,0.6037927,0.75177306,0.48044717,0.73741245,0.7562694,0.46039632,0.73178124,0.66010517,0.4870025,0.85855013,0.78096914,0.46725133,0.84668076,0.77884805
1303,26,0.44059244,0.34543547,0.7384863,0.48475236,0.4050252,0.782336,0.4408751,0.41530213,0.7100897,0.4963644,0.51110286,0.5663603,0.44175154,0.5125477,0.65245533,0.48713174,0.6060611,0.7153717,0.432778,0.5866978,0.6905668,0.46993777,0.6060124,0.7784976,0.4457145,0.6039073,0.76905394,0.48043376,0.73772097,0.7805429,0.46037477,0.73216915,0.7094012,0.48635846,0.8573727,0.7860273,0.46736822,0.84576666,0.80179906
1304,26,0.4408285,0.3457559,0.7728826,0.48476622,0.40522563,0.7920959,0.44078758,0.41522083,0.708514,0.49622256,0.51128507,0.5578202,0.4416195,0.5120679,0.6392526,0.4870996,0.60629153,0.72801274,0.4326119,0.5854454,0.651094,0.47001508,0.6057897,0.78145635,0.44557342,0.6033003,0.75938064,0.48057538,0.7389172,0.7810683,0.46042117,0.73209274,0.7145607,0.48655623,0.85649323,0.7874542,0.468224,0.845517,0.801499
1305,26,0.44096848,0.34527546,0.7339417,0.48469898,0.40549344,0.78423303,0.44109014,0.41513065,0.72950137,0.49596336,0.50830686,0.6400271,0.4419403,0.51204586,0.62954,0.4868334,0.6049312,0.683608,0.43269444,0.5853015,0.64636356,0.4695398,0.60516584,0.75121117,0.44582546,0.60314333,0.7497975,0.48056406,0.73722565,0.76681465,0.4605393,0.73113805,0.6642048,0.48689696,0.85584104,0.77662295,0.46818665,0.8450671,0.79821235
1306,26,0.44059822,0.34487888,0.6744177,0.48463154,0.4054416,0.79347825,0.44102556,0.41582823,0.7468402,0.49657902,0.50791353,0.71267045,0.44227844,0.51277965,0.6269055,0.4868557,0.60540605,0.70437455,0.43288714,0.5859689,0.6543808,0.47013867,0.6065816,0.77165097,0.44646612,0.60450226,0.7894137,0.48037538,0.7372347,0.79635304,0.46128795,0.73299515,0.69111013,0.48734042,0.85594314,0.7892558,0.4682711,0.8458566,0.8127971
1307,26,0.44089043,0.34461722,0.63848215,0.4844812,0.40608594,0.6811986,0.44231415,0.4163716,0.65756035,0.49494213,0.5093333,0.7464738,0.44343784,0.5119856,0.656323,0.4858422,0.6063253,0.675104,0.43301573,0.58557534,0.55038583,0.46995607,0.6077327,0.7522109,0.4465466,0.6053466,0.72287023,0.48024052,0.7380634,0.65009904,0.46073914,0.73467475,0.5995763,0.48630956,0.8552302,0.6972366,0.46679184,0.84458035,0.69442725
1308,26,0.44052818,0.34550074,0.6844602,0.4844066,0.40417826,0.71678734,0.44212857,0.41477594,0.7625474,0.49666658,0.5092509,0.6699831,0.44470596,0.5121314,0.58522457,0.48557937,0.606618,0.6714668,0.43316808,0.5853864,0.619351,0.46961927,0.60736245,0.7329354,0.44582576,0.6048339,0.7481608,0.48108158,0.7377472,0.7439586,0.46094695,0.73400617,0.6536185,0.4883355,0.85672414,0.7635798,0.4675215,0.84599394,0.7907702
1309,26,0.44180736,0.34374788,0.68002725,0.48435915,0.40824783,0.6809007,0.44309533,0.41660264,0.61198485,0.4948506,0.50974536,0.6855144,0.44244966,0.5139621,0.64759856,0.48596135,0.6059647,0.653527,0.4327458,0.5862839,0.5305614,0.46914348,0.60882294,0.64480424,0.44643852,0.6060202,0.70147437,0.48094788,0.7423899,0.6530254,0.46053895,0.7368763,0.5904124,0.48741007,0.85848004,0.7025226,0.46741936,0.84519684,0.66432685
1310,26,0.44113904,0.34548476,0.7103677,0.4846395,0.40621874,0.75745904,0.44113484,0.41490313,0.74148315,0.49595457,0.50917655,0.68684554,0.44287062,0.5113589,0.6831289,0.48660666,0.60314274,0.65719044,0.43292636,0.5862433,0.677979,0.46940047,0.6077492,0.7532992,0.44484022,0.60527503,0.723425,0.48129687,0.74051446,0.7726717,0.46040136,0.7334406,0.6731291,0.4870716,0.85635376,0.7989919,0.4675475,0.8443292,0.76053554
1311,26,0.44116184,0.3440071,0.56170726,0.48425972,0.40782902,0.7385024,0.4425184,0.41722536,0.7168897,0.49663544,0.5089047,0.68540573,0.44229805,0.5135899,0.66756946,0.48638767,0.6019919,0.6476962,0.43260536,0.58670044,0.6149432,0.4695017,0.60795754,0.7305356,0.44612074,0.60593575,0.7486988,0.48079318,0.7373561,0.70193404,0.46088955,0.73138404,0.5465941,0.48784003,0.8553756,0.79889566,0.46806824,0.8437143,0.77419674
1312,26,0.44123873,0.34529236,0.70595455,0.48462093,0.40528625,0.7465591,0.44121715,0.41460764,0.75071794,0.49570686,0.50877655,0.67342997,0.44420758,0.510999,0.5878122,0.48592478,0.6053418,0.67648023,0.43282548,0.5851583,0.6531018,0.46938553,0.60724884,0.75434023,0.44510266,0.60477316,0.73049295,0.48047912,0.73872864,0.75599724,0.4600441,0.73334044,0.64996845,0.4867997,0.8571231,0.80362535,0.4672676,0.8451606,0.7431938
1313,26,0.4415461,0.34473175,0.676628,0.48453093,0.40719697,0.77080745,0.44213647,0.41695315,0.7014042,0.49460316,0.5098051,0.7350518,0.44217077,0.5141392,0.6781322,0.48587856,0.60582715,0.68273586,0.43240732,0.5862532,0.616208,0.46894708,0.60819703,0.7286499,0.44530505,0.60597104,0.7592211,0.48052457,0.74019814,0.74655277,0.46023136,0.7334834,0.61368674,0.4882501,0.8578279,0.8208381,0.4673232,0.8464328,0.75763446
1314,26,0.4416893,0.3442865,0.6291136,0.4842764,0.40757164,0.7407804,0.44182262,0.41750744,0.726811,0.4965654,0.5082279,0.6754185,0.44203013,0.5130078,0.67827624,0.48631087,0.60052377,0.61574686,0.43248054,0.5864313,0.6096487,0.46943128,0.60786694,0.7071244,0.4457265,0.60550356,0.70756197,0.48062485,0.73808897,0.6891877,0.46016195,0.7320214,0.5494092,0.4878618,0.85653967,0.7884063,0.46798646,0.84358597,0.7703654
1315,26,0.44135958,0.344785,0.68611604,0.48456922,0.4059016,0.7613961,0.4414535,0.41528416,0.76804024,0.49601224,0.5093942,0.68970615,0.44402546,0.511753,0.5788525,0.48551387,0.6053522,0.67705536,0.43264288,0.5852936,0.656676,0.4691448,0.607356,0.7472105,0.44513905,0.6053464,0.7539141,0.48011807,0.73934287,0.7621196,0.4602012,0.7349488,0.6646883,0.48728594,0.8584804,0.8186409,0.46812516,0.84662974,0.79035705
1316,26,0.44153914,0.34436944,0.6117125,0.48426756,0.40806133,0.7406351,0.4425701,0.41730985,0.6919081,0.49569365,0.5091718,0.60036796,0.4419948,0.5134334,0.6514576,0.48553938,0.6043468,0.6618093,0.43245783,0.58604693,0.60786206,0.4690028,0.6086572,0.69386715,0.4456234,0.6061407,0.73133874,0.48024634,0.7383244,0.68321174,0.460201,0.7321618,0.5445642,0.48802808,0.855888,0.7697536,0.4681771,0.84373987,0.75365
1317,26,0.44127992,0.34505054,0.7039371,0.4842609,0.4059201,0.7540446,0.4416354,0.41428703,0.7730781,0.49640745,0.5084816,0.73310894,0.4423313,0.5121689,0.6749072,0.4862809,0.6039061,0.6739926,0.43263608,0.5862927,0.6979705,0.46946558,0.60848397,0.75660515,0.44473988,0.60591376,0.73672044,0.48063305,0.73835266,0.75697196,0.46032816,0.73205733,0.60722166,0.4879032,0.85508764,0.81228274,0.46856225,0.8428286,0.81788033
1318,26,0.4416359,0.3449599,0.6192185,0.4842966,0.4082687,0.7441612,0.44204447,0.41699156,0.68768865,0.4941754,0.50965744,0.72860974,0.44048974,0.51549256,0.5617408,0.48613206,0.601582,0.6425047,0.43213633,0.586408,0.6171994,0.46910056,0.6083808,0.6847985,0.44644025,0.6060486,0.69974315,0.48032978,0.7380833,0.65104663,0.4603133,0.73283684,0.6024773,0.48824003,0.85592973,0.7721795,0.46813124,0.8445193,0.7597168
1319,26,0.44154376,0.3452414,0.7178881,0.4843349,0.4058463,0.7508674,0.4412466,0.414119,0.75170624,0.4960505,0.50948066,0.6865457,0.44314036,0.5111426,0.6910676,0.48544425,0.6048039,0.6777252,0.43239582,0.5851507,0.67908317,0.46871394,0.60682124,0.7365454,0.44472066,0.6043125,0.71119,0.48057666,0.7399926,0.7529652,0.46037012,0.73369867,0.68173164,0.48715952,0.8570649,0.8242963,0.46734512,0.84486866,0.78077847
1320,26,0.4420948,0.34478128,0.5262105,0.48409876,0.40969402,0.6745506,0.44408283,0.4156814,0.5842553,0.49591655,0.50884235,0.56403613,0.44234136,0.5143824,0.39985704,0.48573405,0.604492,0.6749788,0.4320263,0.58554566,0.523335,0.46910906,0.60827583,0.6097912,0.4479637,0.60512275,0.6122262,0.4803987,0.7392212,0.54749435,0.46076006,0.73497754,0.49923748,0.4874218,0.85831267,0.6939954,0.46798712,0.8454502,0.64604354
1321,26,0.44172722,0.34381607,0.7462506,0.48409894,0.40517735,0.6802977,0.44192135,0.41402757,0.74279535,0.4960844,0.50828713,0.6855008,0.44305938,0.5079071,0.7415553,0.48485547,0.60494643,0.6194172,0.43189228,0.5846171,0.6122916,0.4687786,0.605824,0.7277428,0.44493043,0.6032585,0.6839293,0.47979292,0.7378742,0.7856799,0.45998353,0.73412544,0.7120282,0.48661867,0.8581369,0.77622515,0.4679181,0.8458367,0.8429257
1322,26,0.44187158,0.34491882,0.62267584,0.48429692,0.40651917,0.7784939,0.44196796,0.41625944,0.74544674,0.4957184,0.51134425,0.55139476,0.44131723,0.5130875,0.66436744,0.4861812,0.6059343,0.7252262,0.43210304,0.58523273,0.63707525,0.46968386,0.6082355,0.72367316,0.4467212,0.60534775,0.7511665,0.48060873,0.7390299,0.7502391,0.4604747,0.73449016,0.59436566,0.48656088,0.85766053,0.7698064,0.46771482,0.8447071,0.7095256
1323,26,0.4413354,0.34495133,0.6542777,0.48437482,0.40496585,0.7128711,0.4414794,0.41614878,0.7422874,0.4945083,0.5096669,0.8065242,0.44268575,0.51226467,0.6451947,0.4854005,0.6054163,0.61893046,0.4322935,0.5844936,0.5660088,0.46965763,0.6072631,0.79682165,0.4450947,0.60512614,0.7101722,0.4807603,0.7393133,0.7362751,0.4603483,0.73461723,0.6262942,0.48801735,0.8566438,0.76404035,0.46698502,0.84531003,0.77682847
1324,26,0.44132754,0.34428033,0.723297,0.48451623,0.4046677,0.7753564,0.44189993,0.41517073,0.7880966,0.49579018,0.5096909,0.6375834,0.44319454,0.5128305,0.55644906,0.4850032,0.6068391,0.6833376,0.4322853,0.58539146,0.6454669,0.46924794,0.6084017,0.75586396,0.44524163,0.6061317,0.7879378,0.48019752,0.73964864,0.7470932,0.4597489,0.73342353,0.6153239,0.4888812,0.85554326,0.7982831,0.46859062,0.8446688,0.79213685
1325,26,0.44189236,0.34419003,0.65820694,0.48415852,0.4062083,0.7128807,0.44324425,0.41643554,0.7096964,0.49441138,0.50998414,0.75040704,0.44232628,0.51547706,0.49664253,0.48545453,0.6061451,0.6398902,0.43207797,0.5864688,0.59409946,0.46897215,0.6086997,0.6962735,0.44601014,0.60611796,0.72579545,0.48052529,0.7365639,0.6096611,0.46040472,0.7331567,0.593616,0.48878613,0.8541995,0.7623273,0.47012717,0.8415534,0.61365336
1326,26,0.44148177,0.34397292,0.6086492,0.48415026,0.40573674,0.72556436,0.44303286,0.41581535,0.78586364,0.49579945,0.5092638,0.6155253,0.44353765,0.51534504,0.541688,0.48526642,0.6051463,0.6385085,0.43215528,0.5862032,0.6374379,0.46910757,0.6082369,0.776615,0.4451261,0.60612524,0.73462546,0.4806147,0.7411026,0.7041409,0.4608315,0.7353328,0.5300035,0.48786974,0.856428,0.75070125,0.4686637,0.8439567,0.77719086
1327,26,0.4421855,0.344811,0.5553828,0.48378462,0.40919778,0.66501665,0.44404837,0.41521037,0.53982055,0.49377587,0.50913393,0.66369426,0.44257882,0.5145922,0.42338732,0.48486853,0.6044535,0.59703267,0.4318379,0.58579034,0.52291256,0.46914646,0.6087519,0.6703794,0.44616205,0.60647357,0.6548674,0.48023018,0.740771,0.5784009,0.4610352,0.7353391,0.44108436,0.48835766,0.8577317,0.67754304,0.46881428,0.8459603,0.6251917
1328,26,0.4413571,0.34314752,0.7848546,0.48406747,0.40599006,0.7301268,0.4416504,0.41472128,0.76254714,0.4963482,0.5091988,0.69613975,0.44328946,0.5105706,0.69937605,0.48504356,0.6051637,0.65096515,0.43217024,0.5858269,0.670017,0.46895286,0.6071106,0.7535575,0.44449094,0.6049844,0.72461426,0.47977453,0.7389231,0.74931276,0.45977503,0.733575,0.6275596,0.48752055,0.8575606,0.82335013,0.46768522,0.8453467,0.778868
1329,26,0.44204056,0.3446045,0.4982655,0.48364392,0.41033617,0.61761,0.4441448,0.41574165,0.5458225,0.49561062,0.50866324,0.48533177,0.44199243,0.515083,0.40336666,0.48560005,0.60200506,0.6269467,0.431659,0.5865278,0.4614727,0.4694157,0.60785794,0.6010408,0.4474205,0.6059256,0.62762314,0.47979596,0.73828566,0.5246063,0.46026567,0.73369646,0.4707369,0.4873887,0.85614014,0.68506074,0.46748143,0.8441403,0.607777
1330,26,0.44185188,0.34351236,0.7638413,0.48362082,0.40541586,0.61906016,0.44223517,0.4143591,0.7420708,0.49671617,0.5088386,0.69352514,0.44266778,0.5100362,0.713109,0.4852864,0.6052832,0.64121723,0.43177482,0.58513796,0.6241411,0.46917805,0.60632294,0.72693837,0.44544938,0.6032484,0.6842044,0.47964755,0.73718274,0.75778335,0.46046188,0.7317496,0.65984267,0.48619777,0.8560766,0.7701165,0.46725285,0.8435206,0.80030113
1331,26,0.44109327,0.34557468,0.7362287,0.48433742,0.40486303,0.79116774,0.44184658,0.41434768,0.792555,0.4956628,0.5084811,0.67466724,0.44366807,0.51281387,0.5539137,0.48592752,0.6055865,0.7110373,0.4324721,0.58524185,0.67186373,0.46945328,0.6068906,0.7695725,0.44527367,0.60405487,0.7762349,0.4804856,0.7384111,0.78886455,0.4608584,0.73221457,0.72406167,0.487454,0.856512,0.8274567,0.46835944,0.84322816,0.59278387
1332,26,0.441521,0.34424564,0.6794429,0.4843608,0.40591788,0.7470516,0.44226664,0.4160371,0.7326859,0.49409097,0.50954044,0.7431063,0.44299787,0.51638764,0.4997545,0.48539078,0.6069978,0.6899135,0.43241432,0.58608013,0.5949004,0.46972752,0.60857964,0.7707479,0.44579658,0.60603595,0.76735955,0.48026645,0.7403576,0.70351225,0.4601165,0.73484147,0.64102936,0.48698002,0.85588616,0.7772031,0.46776754,0.8441985,0.6913826
1333,26,0.4413828,0.34566364,0.72414696,0.4841196,0.4048008,0.7076784,0.44248146,0.41607377,0.77437973,0.49436638,0.5097981,0.79130006,0.44371992,0.51487356,0.54259765,0.4856443,0.6056769,0.6389317,0.43238312,0.58616537,0.61220974,0.46917063,0.6083728,0.78863394,0.444922,0.6065041,0.7222641,0.48066548,0.742326,0.7275918,0.46048012,0.7370239,0.60691464,0.48770058,0.8592564,0.81084687,0.46883938,0.84481347,0.79652506
1334,26,0.44131997,0.3443143,0.70819986,0.483919,0.4046164,0.7256139,0.44213474,0.41594344,0.7734329,0.49549288,0.5083405,0.61143464,0.44084236,0.5137869,0.6077733,0.48600557,0.6052886,0.651658,0.43173936,0.587081,0.6203415,0.46891546,0.6087316,0.72658086,0.4451547,0.60638696,0.7462955,0.48024547,0.7354648,0.61457145,0.46054712,0.7332836,0.5916201,0.48826,0.8524074,0.7931262,0.47027537,0.83983755,0.6160858
1335,26,0.44132376,0.3445143,0.7216553,0.48402455,0.40459445,0.7234801,0.44236723,0.4148308,0.6512663,0.4941178,0.508958,0.778045,0.440757,0.5144076,0.5911215,0.48645884,0.6056157,0.6797296,0.4319025,0.5870462,0.617622,0.46907023,0.6093635,0.7347139,0.44532308,0.606886,0.7480518,0.48037973,0.7350613,0.7682705,0.4605557,0.7326127,0.60590386,0.48829067,0.85128623,0.768315,0.47044355,0.838393,0.6431944
1336,26,0.44116992,0.34536156,0.7641748,0.4840898,0.40416965,0.733457,0.4422117,0.41633153,0.77674395,0.49427262,0.50936085,0.7975219,0.44117108,0.51416534,0.6052148,0.48585647,0.60532385,0.6505667,0.43206647,0.58827585,0.61390275,0.46945006,0.6103136,0.75457203,0.44512743,0.60776514,0.77443486,0.48037064,0.7363923,0.624625,0.45994884,0.7307089,0.6340852,0.48748964,0.8489299,0.7524569,0.46913356,0.8386371,0.58430886
1337,26,0.44080126,0.3462989,0.789405,0.48443732,0.4048636,0.7504407,0.44174471,0.41673777,0.7609852,0.49390996,0.509335,0.81467044,0.44185612,0.5130467,0.636891,0.48636043,0.6022305,0.6020954,0.43226948,0.58839506,0.6080511,0.46926105,0.61174923,0.74692094,0.44497967,0.60935473,0.78355765,0.48009357,0.74094135,0.6676382,0.45961067,0.7338962,0.6636761,0.4871811,0.8530237,0.7419776,0.4679722,0.8410667,0.77576745
1338,26,0.4408553,0.345989,0.771188,0.48440933,0.40455323,0.7335367,0.44205868,0.41552588,0.81118673,0.49384105,0.50966394,0.80434114,0.44370696,0.5124394,0.60501325,0.4875379,0.60432875,0.78032774,0.4324058,0.58869684,0.5890878,0.46879533,0.60993165,0.7116876,0.44592533,0.6080746,0.7107633,0.47857812,0.7359295,0.52838963,0.4593558,0.7312566,0.596417,0.4870388,0.85366005,0.8118333,0.46734148,0.8399487,0.6508166
1339,26,0.44085217,0.34565973,0.7828411,0.48450005,0.40456975,0.7655308,0.4412411,0.41555282,0.76826566,0.49398842,0.50927734,0.8179157,0.44199565,0.51134115,0.67580885,0.48679817,0.6009487,0.5804865,0.4321428,0.5879588,0.6130358,0.46932232,0.61176145,0.75712293,0.44427586,0.6090581,0.77436537,0.4804738,0.7422967,0.6934776,0.45959842,0.7337276,0.6859105,0.4860855,0.8529975,0.7333142,0.46755022,0.84120935,0.78244245
1340,26,0.44060224,0.34688106,0.78498155,0.48414204,0.4038355,0.7334393,0.44262317,0.41491368,0.82821393,0.49379843,0.5092614,0.81476206,0.44465056,0.51161027,0.6619865,0.4874802,0.6036629,0.8212107,0.4323389,0.5876622,0.60943043,0.46784776,0.61035347,0.68931895,0.44587663,0.6073327,0.6905417,0.4784433,0.7375752,0.6719453,0.45958024,0.73105687,0.624971,0.48661566,0.85217243,0.7921989,0.46902925,0.8387263,0.4456568
1341,26,0.4404446,0.34727314,0.79404914,0.48404896,0.40392244,0.75899816,0.44162112,0.41548994,0.80231357,0.49400145,0.50930077,0.82099444,0.44382662,0.51205987,0.6271592,0.48658064,0.6006179,0.6145757,0.4319772,0.5873066,0.6694448,0.4686575,0.6108196,0.7509495,0.44505107,0.6082324,0.7714681,0.47981727,0.7389022,0.6485376,0.45992005,0.7340235,0.6742348,0.48754025,0.8491838,0.76463586,0.46956092,0.8403282,0.60947037
1342,26,0.44040948,0.34726766,0.7903183,0.4839665,0.4035163,0.7427937,0.44203505,0.4156441,0.80595124,0.49392426,0.509202,0.8338878,0.44441667,0.51132834,0.6650105,0.48754153,0.60260075,0.8348528,0.43215224,0.587236,0.6375205,0.4683066,0.6110638,0.72295856,0.44512904,0.60897356,0.76709634,0.47821438,0.736771,0.70712954,0.4596939,0.7329864,0.6710963,0.487617,0.8528513,0.8364318,0.46968594,0.83990395,0.5960439
1343,26,0.44024518,0.34644133,0.7934124,0.48368213,0.40336642,0.7300304,0.44249535,0.41500902,0.8051478,0.4941855,0.50893307,0.8230106,0.44490895,0.5115655,0.66630006,0.4876877,0.60306025,0.82721037,0.43216637,0.58730257,0.65826285,0.4678325,0.6108567,0.71533984,0.44612208,0.6080676,0.7344274,0.47885886,0.73694515,0.5569942,0.46022728,0.73295784,0.64666176,0.4870456,0.8549582,0.8285777,0.46755907,0.8422414,0.7366573
1344,26,0.44052142,0.34678644,0.798252,0.48365512,0.40326238,0.7230561,0.4415771,0.4163108,0.76562685,0.49410832,0.50855994,0.8333854,0.4440698,0.5121193,0.64072007,0.48725283,0.6000969,0.56805,0.43219325,0.587737,0.66329,0.46881148,0.6117687,0.74192506,0.4451195,0.61011124,0.7857466,0.47874546,0.7375729,0.5929154,0.45957166,0.73324764,0.6716244,0.48860925,0.8571844,0.8479048,0.46763906,0.84318024,0.78337204
1345,26,0.44058692,0.34649032,0.8004131,0.48374635,0.40344805,0.7045368,0.44210324,0.41631663,0.7630323,0.49406722,0.5093838,0.83933556,0.44430283,0.5118824,0.6305486,0.48749354,0.6045783,0.7819065,0.43172136,0.58577704,0.6365483,0.46833324,0.61156934,0.71197873,0.44479644,0.60992914,0.74765277,0.4795907,0.73928374,0.6274226,0.46016747,0.7348588,0.6636132,0.48752078,0.85623634,0.8005977,0.4663911,0.84208435,0.72863847
1346,26,0.44046268,0.3474345,0.78088784,0.48365262,0.4029508,0.7470552,0.44219577,0.41461977,0.8286992,0.4952078,0.50869775,0.592463,0.44463786,0.5084391,0.66750926,0.48724267,0.6040894,0.78321266,0.43129164,0.58462626,0.68144786,0.46764526,0.6105929,0.70609283,0.44481316,0.6083364,0.73424494,0.4790452,0.7385573,0.6044956,0.45970002,0.73256475,0.64667517,0.48750892,0.85531235,0.81625384,0.4680823,0.84099853,0.52916694
1347,26,0.44076893,0.3478681,0.7414037,0.48331586,0.4027302,0.7314874,0.44198984,0.41596732,0.7626392,0.4953764,0.50813,0.6543999,0.44318724,0.51234764,0.6206207,0.48578814,0.6003728,0.6004585,0.4314567,0.58758074,0.6834457,0.4681974,0.6102073,0.7279871,0.44543755,0.6080573,0.7421299,0.47788727,0.7383521,0.5832957,0.4588289,0.7323562,0.6214414,0.48641008,0.8550092,0.82696223,0.46638137,0.84238905,0.73756
1348,26,0.44060317,0.3464094,0.79470956,0.48378173,0.40296564,0.7327165,0.4417924,0.41547057,0.7579702,0.49399623,0.50815386,0.81360614,0.44379896,0.51050186,0.63054866,0.4852869,0.60393566,0.69973606,0.43205103,0.5871593,0.6878478,0.4690687,0.61139303,0.7356499,0.4456664,0.60854924,0.7684149,0.47870544,0.73722804,0.5943041,0.45940462,0.7325477,0.66729987,0.48846772,0.8562796,0.82885164,0.46749514,0.84310454,0.761128
1349,26,0.44090927,0.34552884,0.80890065,0.48408884,0.4023502,0.7066329,0.4420697,0.4159129,0.7430475,0.4942177,0.5084371,0.8264187,0.4412548,0.5107197,0.6370965,0.4829799,0.6040767,0.6361046,0.43171462,0.58698225,0.68738383,0.4703093,0.61020374,0.74863064,0.44663176,0.60704756,0.7254812,0.47920832,0.7395814,0.61529434,0.45979777,0.73093444,0.63226247,0.4883351,0.8511702,0.68304247,0.46792418,0.84176093,0.7579908
1350,27,0.44143662,0.34464997,0.76214975,0.48331213,0.40391845,0.89031047,0.440691,0.41553837,0.7904817,0.49393883,0.5101681,0.6275112,0.44129422,0.5126948,0.6560109,0.48009014,0.6037533,0.7064785,0.4305071,0.58589226,0.5856527,0.47022527,0.61179614,0.7154005,0.4459067,0.60897577,0.75563866,0.4790252,0.74099565,0.55707955,0.45817178,0.73217297,0.6392471,0.48744437,0.8481919,0.656553,0.46817982,0.84071815,0.7795276
1351,27,0.44069952,0.34430715,0.76761717,0.48301402,0.40292105,0.8469627,0.44141766,0.4145874,0.60220456,0.49377745,0.5086728,0.8137513,0.44058475,0.5131246,0.5912372,0.47948563,0.6030859,0.6722256,0.430344,0.5856764,0.5160604,0.46938512,0.61113024,0.69869643,0.44696662,0.6085282,0.70381045,0.47968924,0.74437505,0.6058023,0.45976114,0.7344262,0.6257163,0.48740762,0.8547865,0.72717255,0.46736386,0.842311,0.731495
1352,27,0.4407973,0.34530511,0.76050824,0.48319122,0.40257734,0.86222196,0.4403818,0.4155486,0.56397825,0.49329898,0.5079554,0.8002813,0.44038057,0.5108142,0.64328784,0.47734025,0.6023042,0.6572024,0.42958307,0.585639,0.57240635,0.46999186,0.6083243,0.69134563,0.44702342,0.60687834,0.68619007,0.47789866,0.7401583,0.58222836,0.45948976,0.7338157,0.67368966,0.48797664,0.85372066,0.5895736,0.46758372,0.8428797,0.76835155
1353,27,0.4402078,0.34553337,0.7584095,0.48340836,0.4044615,0.89527446,0.4402183,0.4165563,0.5855176,0.49215502,0.51238835,0.66452914,0.44057378,0.5123773,0.6608734,0.47636503,0.59880894,0.53401506,0.42879045,0.58306116,0.54792416,0.47168037,0.6095209,0.7548118,0.4474676,0.6079186,0.76377034,0.47863212,0.7387023,0.57153225,0.45972103,0.7316973,0.67059404,0.4863109,0.85665655,0.70240843,0.46797433,0.841207,0.7704187
1354,27,0.44008666,0.34530059,0.6617627,0.48308122,0.40480343,0.88860804,0.44093558,0.41379082,0.73072296,0.49150366,0.5120234,0.75551015,0.44003087,0.5101828,0.6253187,0.475701,0.6015875,0.67715603,0.4295153,0.5849179,0.7174438,0.4740661,0.6076579,0.75234216,0.4482767,0.60690624,0.7125733,0.4778407,0.7384564,0.595954,0.45749584,0.73235476,0.62762284,0.48815975,0.85586274,0.8421772,0.4672777,0.8422921,0.7326113
1355,27,0.43916026,0.34694046,0.7574928,0.48242602,0.4042004,0.8467715,0.44122517,0.4135823,0.6973935,0.49036,0.5133079,0.78931785,0.43864962,0.5090603,0.7388479,0.474911,0.60083336,0.5338379,0.4290435,0.58369756,0.7901433,0.4757484,0.60592514,0.71674424,0.44860214,0.60500175,0.69576615,0.4784647,0.73880863,0.8142534,0.45803368,0.7318712,0.60647637,0.4880429,0.8582636,0.79007417,0.46559137,0.84554905,0.7564942
1356,27,0.43828982,0.34576744,0.77810097,0.4828558,0.40503523,0.8395771,0.43997473,0.41435003,0.6898059,0.48897287,0.5130553,0.81555986,0.43858853,0.5083129,0.7372636,0.47325116,0.5993061,0.7148023,0.42946818,0.583344,0.773659,0.47824696,0.60369015,0.7525442,0.44961014,0.60417163,0.70074886,0.47900975,0.7368224,0.7972965,0.4577772,0.73069674,0.80842525,0.4875609,0.8545931,0.76480985,0.46771005,0.8446585,0.65499586
1357,27,0.43801224,0.3450352,0.5528236,0.4832096,0.40494734,0.80427617,0.4405159,0.414054,0.7621991,0.48781508,0.5120837,0.69891995,0.43835285,0.5069645,0.81206506,0.47122326,0.6034146,0.604364,0.43061155,0.5840983,0.727551,0.48085472,0.6063897,0.82903594,0.45192337,0.60840553,0.8129862,0.47774938,0.73632145,0.8111008,0.45848387,0.7351633,0.80548936,0.4880434,0.85601425,0.8398037,0.4668494,0.8482937,0.8233846
1358,27,0.43681717,0.34855026,0.82004225,0.48212215,0.40677047,0.8841008,0.4406933,0.41623557,0.7400066,0.48693058,0.51423746,0.8189457,0.43943214,0.5077435,0.80436856,0.46998507,0.6004301,0.78512293,0.42862132,0.58656555,0.79399115,0.48084605,0.6053156,0.7572855,0.45415258,0.6098383,0.7813058,0.47795907,0.73628956,0.80387807,0.45783094,0.7339349,0.71923566,0.48704642,0.8626777,0.8429985,0.46731555,0.844564,0.7712973
1359,27,0.43614182,0.35008287,0.7790351,0.48181838,0.40685362,0.8463847,0.43806997,0.41637453,0.8211201,0.48624212,0.51449406,0.7835308,0.43985936,0.50576365,0.88094205,0.46700865,0.6000346,0.7164619,0.4290036,0.58517903,0.7196175,0.4830826,0.60292065,0.7449478,0.4559306,0.6093988,0.781903,0.47787508,0.73520935,0.84574735,0.45799878,0.7315674,0.70622885,0.48660037,0.8613445,0.8135733,0.4676014,0.8443347,0.66036016
1360,27,0.4349388,0.35381955,0.7586582,0.4817056,0.40666994,0.74977434,0.43865123,0.41747504,0.7953495,0.48646873,0.51626563,0.8257723,0.43986273,0.50925475,0.79960066,0.46208718,0.5998016,0.72375286,0.4306647,0.58634573,0.7108638,0.48633844,0.5988184,0.84959453,0.45693842,0.606399,0.77172214,0.47683477,0.7338729,0.7158825,0.45669755,0.73101574,0.7656923,0.48758805,0.8610447,0.8783493,0.46886447,0.8426993,0.73012507
1361,27,0.4344125,0.3543644,0.739928,0.480708,0.4079639,0.87365085,0.4392749,0.41584438,0.75211716,0.48627904,0.51709574,0.88122904,0.43963632,0.50721806,0.79105777,0.46196303,0.6033079,0.7569681,0.43016255,0.58595353,0.809766,0.48809528,0.59811944,0.8028116,0.46002808,0.6043944,0.7951065,0.47685236,0.73493534,0.70464385,0.4589286,0.73046476,0.75178427,0.48541534,0.863464,0.85752743,0.46818492,0.8459558,0.83369863
1362,27,0.43341398,0.3573398,0.76573336,0.48060817,0.4108497,0.81581384,0.4382712,0.42055675,0.7203211,0.4840458,0.52039397,0.6051675,0.44010454,0.51342887,0.8375791,0.46103624,0.6040841,0.83262175,0.4306257,0.5908635,0.726172,0.49155313,0.59144926,0.8395671,0.46241868,0.5979256,0.7143553,0.4781184,0.7318394,0.8705285,0.4601772,0.7284502,0.8228241,0.48659566,0.8619555,0.8841467,0.46898943,0.84456503,0.78146696
1363,27,0.43200007,0.362012,0.75939935,0.48152256,0.41438162,0.772802,0.43681857,0.42539576,0.7597548,0.48431534,0.52193636,0.8876963,0.43938968,0.5145097,0.84040534,0.4606366,0.60490894,0.7854132,0.431122,0.5916677,0.53291863,0.4946724,0.58669895,0.8936258,0.4629121,0.589275,0.76248235,0.47620168,0.72981185,0.8753312,0.45826492,0.72249496,0.6929944,0.48449415,0.859297,0.67940223,0.4686545,0.8439646,0.8380095
1364,27,0.43203196,0.36370447,0.5223524,0.48153153,0.41954955,0.7112748,0.43799418,0.4285168,0.8579344,0.48424175,0.5274561,0.7948315,0.4400329,0.51862305,0.8981061,0.4595135,0.6096241,0.72990346,0.4318493,0.5959232,0.6414324,0.49669024,0.5806946,0.86300546,0.46305332,0.58173186,0.7448373,0.4751133,0.7315123,0.8569318,0.45523727,0.7259702,0.75767684,0.48630103,0.8680859,0.8078901,0.46860313,0.8484459,0.84899324
1365,27,0.43172532,0.36959207,0.6581313,0.48023668,0.4243411,0.83480257,0.43833062,0.43535483,0.8717533,0.48386255,0.53117234,0.77840567,0.44113216,0.52330923,0.8968577,0.45954743,0.61497056,0.69988334,0.43727893,0.6034688,0.6423253,0.499306,0.57715607,0.80741227,0.46472314,0.57935715,0.74394864,0.47495452,0.7312864,0.85827327,0.45386735,0.7259238,0.769998,0.48812148,0.8604743,0.7349782,0.46870428,0.8436481,0.74253595
1366,27,0.43267527,0.3760091,0.7619143,0.4805167,0.43074352,0.7140009,0.43888882,0.43865287,0.86367774,0.48385012,0.5379,0.6228976,0.4413657,0.52612585,0.8218146,0.45895514,0.61548096,0.81681514,0.43592516,0.6036689,0.74749386,0.5025846,0.5739032,0.8007462,0.46677715,0.5749913,0.7702494,0.474627,0.729547,0.873344,0.45285696,0.72170275,0.7095916,0.48804092,0.86263174,0.80101246,0.4690695,0.8439584,0.74132395
1367,27,0.4314814,0.3801526,0.70969963,0.4815275,0.43702123,0.6522492,0.43825462,0.44141576,0.8643037,0.48278224,0.5424701,0.7111412,0.44147226,0.5286073,0.86869866,0.45835856,0.621532,0.76459426,0.43632597,0.60883474,0.5887472,0.5041077,0.57619935,0.87016535,0.46674022,0.57899374,0.771023,0.47461605,0.73025185,0.91447705,0.45180836,0.7250623,0.72354037,0.4865927,0.8596517,0.7444723,0.46819606,0.8416894,0.7241442
1368,27,0.4313768,0.38653603,0.48158067,0.4823852,0.44190708,0.61707926,0.436255,0.44800746,0.845285,0.48325425,0.54911035,0.686024,0.44241542,0.53586245,0.8426387,0.45574665,0.6242245,0.82915336,0.43905976,0.6124581,0.6444884,0.50704914,0.57935894,0.7936429,0.4686883,0.58296454,0.7892914,0.4748418,0.73327273,0.91064346,0.45047563,0.7256215,0.71802336,0.48677343,0.85989213,0.7829419,0.46784166,0.8424061,0.85349566
1369,27,0.43138364,0.3943409,0.8020111,0.48172244,0.4485275,0.83065104,0.43798998,0.45120326,0.7361232,0.4833945,0.55585045,0.7746216,0.44393894,0.5426019,0.90044856,0.45764312,0.633098,0.7893329,0.44022027,0.62238544,0.4439292,0.51002914,0.58832294,0.7212026,0.47097015,0.5920346,0.71623844,0.4746563,0.7335699,0.8314122,0.44989693,0.7221151,0.7107853,0.48769778,0.8592257,0.767769,0.46755758,0.84244996,0.9024639
1370,27,0.43188614,0.40256444,0.83837926,0.48088914,0.45525327,0.8910398,0.4379002,0.46019557,0.8134139,0.4833536,0.56411684,0.74550366,0.44666216,0.54670614,0.7857543,0.4586503,0.6389905,0.5826426,0.4433478,0.62697923,0.71553594,0.5114911,0.59598804,0.7700887,0.47394425,0.5958083,0.8050385,0.47303873,0.73621875,0.8428806,0.45040944,0.7227922,0.7097647,0.48579928,0.85901767,0.78409696,0.46702376,0.837613,0.5980986
1371,27,0.43126914,0.40915707,0.5732441,0.4825368,0.46241376,0.879603,0.43820888,0.46670726,0.82816064,0.48478153,0.5737098,0.62826973,0.4486637,0.5546736,0.75559586,0.4577371,0.6419617,0.71872646,0.44563133,0.6371803,0.6165033,0.5123621,0.6000001,0.83174396,0.4759222,0.6000341,0.8126394,0.47239208,0.7359212,0.72894216,0.449152,0.7258257,0.56408113,0.48590475,0.8612322,0.73824865,0.46813306,0.8393705,0.8661671
1372,27,0.43192598,0.41836196,0.84836835,0.48353925,0.469626,0.8356088,0.43717188,0.47534993,0.8160567,0.48622736,0.5788916,0.65926015,0.4507623,0.5639541,0.6826872,0.45941857,0.6473573,0.7089661,0.4487709,0.6403155,0.5742296,0.5136071,0.6035431,0.9231697,0.47732157,0.6022382,0.7755036,0.47318548,0.734449,0.84807736,0.44711998,0.72141844,0.5245983,0.48512325,0.8629504,0.8842836,0.46678415,0.8369602,0.7579515
1373,27,0.43255767,0.4246349,0.8082405,0.48462856,0.47820243,0.82393503,0.43621913,0.4813841,0.7434998,0.48716062,0.58403254,0.7024025,0.452203,0.569617,0.62807924,0.46221772,0.6543372,0.78152704,0.4512781,0.6464743,0.6514835,0.515132,0.60631657,0.80274475,0.477614,0.605039,0.7822401,0.47286618,0.7349581,0.8805692,0.44805637,0.71545684,0.73395777,0.48544782,0.86133224,0.88505274,0.46762085,0.837117,0.75642145
1374,27,0.43321323,0.43168262,0.7407551,0.48527336,0.48601356,0.831784,0.43703797,0.484427,0.879822,0.4879418,0.5899871,0.7230955,0.4529724,0.57571495,0.6538088,0.4629926,0.65839064,0.7963975,0.45160595,0.65203834,0.5847722,0.5176084,0.61286914,0.90505004,0.4812299,0.6117341,0.83886945,0.4732849,0.7340813,0.79827,0.44668418,0.7190569,0.6518751,0.48599726,0.8609786,0.8013469,0.46766636,0.8357174,0.7916825
1375,27,0.43457684,0.44094494,0.8454641,0.48616123,0.49237564,0.6647057,0.43892625,0.49474555,0.8068152,0.48823968,0.5961799,0.79415077,0.4534561,0.5807121,0.7528168,0.46315435,0.66299146,0.8324021,0.45404005,0.65712553,0.63893825,0.51815957,0.6192809,0.9242985,0.48138115,0.61684066,0.8287314,0.47264072,0.7369486,0.8860566,0.44640148,0.72034824,0.70629334,0.48556107,0.8647999,0.8781389,0.46592146,0.83819896,0.6610863
1376,27,0.4354477,0.44799504,0.8375873,0.48694843,0.4990604,0.70104676,0.43937698,0.5015214,0.8148496,0.48896885,0.6016709,0.80328184,0.45458597,0.5873423,0.75716704,0.4660498,0.66712976,0.6977048,0.4561582,0.6617226,0.54450303,0.5193493,0.6244434,0.921578,0.4823824,0.62286896,0.83574545,0.47311762,0.73622423,0.869935,0.4449704,0.723958,0.7070547,0.4879762,0.8647444,0.8858789,0.4662894,0.8399895,0.58534324
1377,27,0.43735898,0.45480907,0.8042356,0.48582083,0.50500005,0.72356343,0.44125524,0.51052034,0.6355194,0.49116394,0.6070817,0.68831176,0.45642117,0.59396136,0.55715543,0.4677706,0.67070276,0.58120376,0.45804274,0.6654656,0.5316979,0.51914954,0.6292018,0.838761,0.48533884,0.62944406,0.784894,0.47253826,0.7375595,0.66127306,0.4476437,0.7252047,0.73181975,0.4864744,0.8655058,0.7153622,0.4659015,0.84145725,0.6926451
1378,27,0.43880707,0.46068597,0.54788256,0.48686573,0.51318854,0.64033914,0.4444248,0.5143015,0.72365886,0.4934564,0.6125974,0.6771192,0.45712903,0.59827054,0.46275124,0.4690581,0.676191,0.71614844,0.45914274,0.67081845,0.45227876,0.52059925,0.6349726,0.8289079,0.48789445,0.63573575,0.7674001,0.47412354,0.73686314,0.8709012,0.44761714,0.7242814,0.69286716,0.48776957,0.8673038,0.704313,0.46592087,0.8413516,0.6901943
1379,27,0.43972966,0.4663802,0.7435836,0.48862475,0.51850545,0.80492073,0.44403473,0.51922137,0.75577426,0.49522087,0.61910707,0.6994584,0.45806244,0.601064,0.6557876,0.47012493,0.6830632,0.70881605,0.45966014,0.67786473,0.57801205,0.52308095,0.64067686,0.89308465,0.4901938,0.6398527,0.7559812,0.47390664,0.7390453,0.79474634,0.44717944,0.7251941,0.71526223,0.48861402,0.864277,0.78239816,0.4662988,0.83757794,0.86362696
1380,27,0.4410707,0.47272792,0.63344437,0.4898761,0.51993483,0.85329,0.4438834,0.52139556,0.9306089,0.49720967,0.6233129,0.80604726,0.458611,0.6042048,0.643895,0.47149888,0.68729573,0.65881926,0.46216902,0.6809786,0.6482013,0.5253284,0.6398849,0.9206068,0.4888639,0.6415579,0.73766285,0.47328204,0.74113506,0.8800458,0.44577625,0.7240654,0.84771526,0.48650035,0.86553675,0.77073264,0.46762466,0.8383456,0.77255833
1381,27,0.44375023,0.47624844,0.76086056,0.48901626,0.52710754,0.7446735,0.4470988,0.5269562,0.8870004,0.49890703,0.6271272,0.48140708,0.45958728,0.605034,0.5071838,0.473107,0.68814427,0.6399971,0.46284562,0.6826646,0.60220575,0.5246714,0.64777595,0.87372935,0.49073187,0.6472621,0.52102107,0.47413403,0.741181,0.8246562,0.44694015,0.723796,0.70632577,0.48653767,0.86543435,0.72444767,0.46772102,0.8417796,0.5885407
1382,27,0.4457026,0.48096606,0.7175126,0.49043354,0.53219557,0.7211012,0.44770366,0.53097296,0.8896749,0.50060636,0.63161486,0.5821998,0.46062958,0.61104447,0.758147,0.4735393,0.69366026,0.58445346,0.46459422,0.687059,0.64358526,0.5273889,0.6493519,0.86498666,0.49193192,0.6476169,0.6338756,0.47449926,0.74135107,0.69134724,0.44546163,0.7230753,0.80195427,0.4864753,0.86596024,0.8399078,0.46813098,0.83842015,0.8140566
1383,27,0.4464426,0.48690814,0.6794077,0.49284163,0.5330096,0.8453448,0.44802406,0.5333165,0.8828809,0.50221884,0.6336087,0.7276056,0.46125525,0.61102396,0.7658408,0.47516996,0.6916036,0.55141705,0.46444562,0.6878546,0.5453024,0.5288154,0.6510152,0.90804446,0.49260405,0.65076566,0.7673824,0.47375146,0.7418242,0.71051115,0.44697425,0.72091776,0.8973144,0.4869254,0.86734056,0.8453514,0.468952,0.8385136,0.83435607
1384,27,0.448831,0.49099594,0.7793872,0.49283376,0.53571427,0.78073615,0.45040196,0.53752583,0.8879158,0.5041362,0.63569164,0.7418831,0.46377906,0.615808,0.5147844,0.47626993,0.6927758,0.5598135,0.46676877,0.6897055,0.6566237,0.52989244,0.6554069,0.8512838,0.49426186,0.6550022,0.78505623,0.47451985,0.7420092,0.85113657,0.44806805,0.72124916,0.8599811,0.4869915,0.86675984,0.77083427,0.46974075,0.83889467,0.80226856
1385,27,0.4521504,0.49278316,0.72109294,0.4952317,0.54050213,0.7630735,0.453846,0.53781456,0.80018574,0.5057967,0.6394429,0.645292,0.4633978,0.6147301,0.61910534,0.47916248,0.6931837,0.57400656,0.46868098,0.6872077,0.5242741,0.5285774,0.6613729,0.69974494,0.4927412,0.65878487,0.6284203,0.4732798,0.7429823,0.6297281,0.4483959,0.7210908,0.81633216,0.48675638,0.86627203,0.8350414,0.4700356,0.83763176,0.6762166
1386,27,0.45371684,0.49607578,0.6699689,0.49718347,0.5428112,0.6567478,0.4555747,0.54087305,0.68660283,0.5071189,0.64174914,0.76989925,0.4644855,0.6168751,0.8236362,0.4790941,0.6964362,0.6220243,0.4682786,0.6910192,0.504668,0.5308802,0.66654503,0.77547026,0.49606985,0.6634056,0.6515771,0.47485426,0.74291235,0.73817474,0.44827017,0.7218836,0.8024974,0.48614642,0.86813956,0.859178,0.4695859,0.83931273,0.7364635
1387,27,0.4571481,0.49750927,0.53258514,0.4997075,0.5457428,0.68635285,0.45829862,0.5408515,0.83887655,0.5086196,0.64297265,0.80148554,0.46555176,0.61703646,0.656386,0.4801323,0.6975568,0.6383143,0.46955433,0.69430506,0.41328925,0.5311601,0.667228,0.84921455,0.4976105,0.6657316,0.56024724,0.47570264,0.74289685,0.7302451,0.4492254,0.7219863,0.83295727,0.4877013,0.8666913,0.8281824,0.4689977,0.84041,0.7919583
1388,27,0.46002254,0.49899682,0.54125965,0.5024341,0.5469095,0.7723953,0.46020392,0.54243034,0.8740371,0.5104819,0.6454523,0.74586344,0.4668202,0.61686325,0.53181595,0.48067066,0.6981328,0.6010994,0.4716419,0.6954711,0.53442645,0.53113544,0.6694274,0.8350886,0.4965983,0.6665933,0.5693153,0.47573698,0.74093187,0.6371091,0.44951996,0.7211038,0.6434216,0.48777154,0.8644018,0.8391393,0.46874854,0.84109575,0.849151
1389,27,0.46243227,0.50001353,0.8106427,0.5046591,0.5441693,0.83013916,0.46023557,0.54273826,0.81238973,0.5108505,0.6460687,0.6862792,0.46742153,0.61816007,0.599276,0.48038146,0.6989061,0.702686,0.47252554,0.6960947,0.62050235,0.53273195,0.6680596,0.8581734,0.49862108,0.66438913,0.755199,0.47593558,0.74254024,0.7677358,0.4493149,0.72141385,0.9121461,0.48727754,0.86507297,0.79760015,0.4691857,0.8398235,0.899637
1390,27,0.46549097,0.5000701,0.5585613,0.5074946,0.54846793,0.82774204,0.46374366,0.54316527,0.8684587,0.51241046,0.6465177,0.7595837,0.46901533,0.6205214,0.7092739,0.4794349,0.70215446,0.4932529,0.47224063,0.69725645,0.52288127,0.53307396,0.67393064,0.8873658,0.49770606,0.6686137,0.71720785,0.47654125,0.74296117,0.73959166,0.45018885,0.7198437,0.91084665,0.48816484,0.8658161,0.8806793,0.46899018,0.8425234,0.8938739
1391,27,0.4682544,0.4994925,0.64090914,0.51071274,0.54812765,0.75714195,0.4659063,0.5407926,0.7544872,0.5132089,0.64703923,0.83490855,0.47047606,0.6219026,0.66407156,0.48234934,0.6980964,0.5806377,0.47622916,0.6967201,0.58079326,0.5335537,0.668278,0.8870639,0.49805468,0.6634794,0.70705277,0.47667804,0.739522,0.52286893,0.45018104,0.7217623,0.91863036,0.48750642,0.865689,0.7812354,0.4703183,0.8416678,0.88801664
1392,27,0.46998364,0.5002509,0.6016552,0.51362395,0.5480821,0.7249943,0.46862206,0.53981924,0.8958173,0.5140148,0.6474958,0.84539914,0.4726159,0.6223964,0.84026253,0.48177773,0.7007714,0.64911354,0.47440502,0.6976799,0.5244851,0.53553903,0.6675328,0.8393183,0.50088376,0.66542816,0.6868837,0.47916836,0.7393882,0.7812628,0.4514149,0.7179633,0.85768116,0.4876623,0.86629856,0.6925597,0.46930784,0.8439002,0.90332705
1393,27,0.47276655,0.49907112,0.72882134,0.51594895,0.5472897,0.6872799,0.47099468,0.5392712,0.8896828,0.5155125,0.64621055,0.8099684,0.47494516,0.62107646,0.7963635,0.48329538,0.69888455,0.6862726,0.47550705,0.69544995,0.5287,0.53582245,0.6693543,0.8641565,0.50105876,0.6667152,0.7028914,0.48007834,0.7370368,0.7006938,0.45264944,0.71669567,0.9098696,0.48921826,0.8656958,0.89865774,0.46969262,0.8417191,0.6436787
1394,27,0.47485885,0.4979158,0.7568177,0.5181116,0.5467988,0.8065875,0.4732505,0.53767693,0.77460754,0.51660264,0.6457846,0.80096585,0.47654992,0.62058187,0.71260107,0.48486948,0.69833356,0.5728689,0.47846428,0.6955868,0.6675595,0.536737,0.6704562,0.88527006,0.5027068,0.6667605,0.63196814,0.48092562,0.7356694,0.7034318,0.453271,0.7183796,0.89378166,0.48928583,0.8656973,0.8710869,0.4702215,0.8413901,0.9083297
1395,27,0.47687966,0.4968022,0.62649846,0.5191867,0.5460752,0.79046357,0.47549915,0.53661394,0.8788065,0.51791495,0.6450506,0.78416157,0.47808188,0.6207094,0.7280715,0.48619157,0.6983791,0.6787787,0.47970778,0.69506633,0.64878064,0.53782266,0.67148304,0.84843487,0.50384563,0.6678568,0.64659363,0.48160934,0.7385476,0.7484379,0.4539784,0.7186424,0.90442115,0.48741448,0.86564136,0.8637387,0.46972302,0.84274364,0.9023865
1396,27,0.4782383,0.49634206,0.72165495,0.52238077,0.5464473,0.6829696,0.47653687,0.5341435,0.8783282,0.51876944,0.644408,0.79876167,0.47971687,0.61908895,0.8558385,0.48654047,0.69923383,0.64330316,0.47953022,0.69573975,0.65600455,0.5381703,0.67023087,0.94014865,0.5042596,0.66525304,0.7840219,0.48184288,0.7400301,0.7487349,0.45447868,0.7166535,0.87373614,0.48741388,0.865844,0.8575016,0.47026822,0.8427852,0.90938514
1397,27,0.48005703,0.49621657,0.80149233,0.52458376,0.5446639,0.8198095,0.47813416,0.5340217,0.9362618,0.51991725,0.64465207,0.74459463,0.48093396,0.6198259,0.76631695,0.4876475,0.69777256,0.64878887,0.48070526,0.6946821,0.7024495,0.5382355,0.67180204,0.91879076,0.50436836,0.66632354,0.6730472,0.48237288,0.73888177,0.73790306,0.45469004,0.71625674,0.75602156,0.48743802,0.86476064,0.82842636,0.4703452,0.8441603,0.8832781
1398,27,0.48224008,0.49520302,0.7892058,0.52552193,0.5432046,0.8327737,0.4802186,0.5340625,0.92662174,0.52134985,0.6429104,0.6313131,0.48238233,0.6166923,0.8491799,0.48818976,0.69895816,0.66494197,0.48162574,0.6946063,0.71693325,0.5386836,0.67155504,0.9354553,0.50521505,0.66596645,0.66540426,0.4822815,0.7381338,0.70433867,0.45506403,0.71622145,0.90409875,0.48763576,0.8649321,0.86965036,0.47030583,0.84300345,0.91547847
1399,27,0.48410782,0.49629727,0.80735457,0.528085,0.5433061,0.65145874,0.4820831,0.53325486,0.9366789,0.5217434,0.6434448,0.55808073,0.4834474,0.6171587,0.84850645,0.48931557,0.6979597,0.67163825,0.48238698,0.69272316,0.6499598,0.5390818,0.67145914,0.9319783,0.5053829,0.6654592,0.64978987,0.4823395,0.7376423,0.75533456,0.45464188,0.7174229,0.88212514,0.48863873,0.8614967,0.90358025,0.46992347,0.8417771,0.912172
1400,28,0.48697358,0.4951322,0.7192466,0.52893937,0.5427146,0.71197444,0.4834132,0.5325509,0.939125,0.52337945,0.6430716,0.78753084,0.4845595,0.6176658,0.85341716,0.49020112,0.6984835,0.6537836,0.48300335,0.69296104,0.68481356,0.5398017,0.6728857,0.9110042,0.50587624,0.6658473,0.66666514,0.48229828,0.73792374,0.7525773,0.45513636,0.7170886,0.88498855,0.48765495,0.8604872,0.77227527,0.4700946,0.8415969,0.9019651
1401,28,0.48877606,0.4959064,0.7828056,0.53048366,0.5423819,0.78011906,0.4852408,0.5335132,0.8876237,0.5244599,0.6430421,0.8111755,0.4852908,0.6180655,0.74445117,0.49033406,0.69955164,0.6647752,0.48261687,0.6927085,0.7206999,0.5386013,0.67287284,0.9219669,0.50540316,0.66681623,0.66745526,0.48163667,0.73478687,0.6737787,0.45572752,0.7160535,0.9312396,0.4876846,0.86223876,0.77084506,0.46988955,0.84274864,0.8989244
1402,28,0.4905988,0.49374637,0.6308053,0.5309632,0.5405919,0.8171512,0.48662332,0.5339668,0.9399526,0.52632487,0.6427205,0.86625767,0.48581463,0.61779207,0.6474977,0.4914363,0.6998082,0.6660961,0.48348543,0.69191587,0.6217373,0.5402773,0.6734509,0.8986372,0.5063499,0.6663411,0.6824418,0.4809422,0.7355203,0.7559612,0.4557929,0.7165228,0.9393174,0.48742336,0.8633288,0.8126159,0.47016537,0.8441978,0.8527027
1403,28,0.4922164,0.49226612,0.5710916,0.53240454,0.54225427,0.786883,0.48817047,0.5350644,0.91275704,0.5264653,0.6420417,0.86220026,0.48725826,0.6184153,0.7908139,0.49115664,0.697538,0.60015434,0.48348394,0.68936193,0.67274374,0.53920597,0.6738381,0.8688361,0.5058939,0.66746,0.6847003,0.48230144,0.7373225,0.7410776,0.4550572,0.7164675,0.9124765,0.4881175,0.86266875,0.89972454,0.47028038,0.8420762,0.8937355
1404,28,0.49380735,0.49126497,0.79822516,0.53422713,0.5418609,0.6841542,0.48969564,0.5354875,0.8800683,0.52771455,0.64163387,0.9082429,0.48750412,0.6187977,0.70770335,0.4910856,0.6992148,0.6593583,0.48364618,0.6918466,0.69749916,0.5411386,0.6743322,0.84558284,0.5070529,0.6665484,0.69875115,0.4815884,0.73405194,0.72421664,0.45565408,0.715265,0.943649,0.48729804,0.86207193,0.770251,0.46972102,0.8422872,0.9015813
1405,28,0.4950398,0.490399,0.792463,0.5357009,0.54145056,0.6489681,0.4908671,0.53542054,0.83785987,0.5273573,0.64157057,0.8819508,0.48795167,0.6181801,0.80724496,0.49251574,0.6923006,0.5748259,0.48380777,0.6870915,0.7456926,0.540617,0.67591506,0.9054027,0.5069459,0.6681676,0.7104541,0.48261505,0.73472273,0.6786723,0.4549912,0.7159801,0.8978727,0.48689762,0.86516184,0.9177246,0.4698248,0.8420707,0.80293494
1406,28,0.4968031,0.48821732,0.60750955,0.53638774,0.5424687,0.7247585,0.49192017,0.5360198,0.92843103,0.5274481,0.6423182,0.8739121,0.4882763,0.6189826,0.8754207,0.49191618,0.694997,0.6230513,0.48417664,0.6862701,0.5782769,0.5402926,0.67644775,0.89327246,0.50756955,0.6676837,0.6766506,0.48244107,0.73509663,0.7702057,0.4559077,0.71576244,0.92559004,0.48703557,0.8656328,0.61307794,0.47045153,0.84315544,0.82632345
1407,28,0.49806175,0.48732132,0.6577128,0.5371784,0.54296035,0.73903346,0.4928751,0.53580314,0.9108867,0.5273678,0.64228857,0.86772996,0.48843566,0.6184359,0.8554029,0.49204344,0.69425803,0.61830646,0.4848551,0.6841389,0.5491834,0.5397982,0.6756523,0.91328406,0.507409,0.666581,0.6479302,0.48264682,0.7355908,0.792689,0.45550296,0.71634275,0.9025315,0.4867851,0.8647621,0.61190706,0.47020096,0.84256434,0.82839763
1408,28,0.49941203,0.48698017,0.60262024,0.5372843,0.544482,0.7168022,0.49396983,0.5376301,0.8771954,0.5281447,0.6412366,0.86470175,0.48931053,0.6195403,0.8371532,0.49149057,0.6966049,0.55754995,0.48470098,0.6875174,0.57546186,0.5382253,0.67592144,0.8053725,0.5068756,0.6676622,0.6107297,0.48230788,0.73443097,0.63830674,0.4563947,0.7148976,0.87237513,0.48764303,0.8649136,0.9167724,0.46926105,0.8420757,0.8284218
1409,28,0.49925587,0.48728698,0.7199121,0.53976566,0.5428408,0.63816947,0.4951581,0.5371962,0.8579942,0.52859753,0.6412745,0.9228843,0.4894067,0.61899996,0.9025649,0.49312037,0.6929379,0.62124336,0.48593542,0.686131,0.5557752,0.53970844,0.67287,0.9232486,0.50700694,0.6642566,0.59355175,0.48197147,0.73388946,0.68204683,0.45611963,0.71505445,0.9293284,0.48693702,0.8641129,0.6961837,0.47003037,0.8435633,0.9059437
1410,28,0.50034994,0.4872739,0.79242104,0.5404751,0.5426454,0.70843625,0.49602365,0.5369072,0.8438316,0.5284731,0.6414008,0.9127842,0.48928517,0.6203362,0.78335285,0.4911094,0.6950537,0.6315519,0.48409787,0.688465,0.6177744,0.5427542,0.6727005,0.8771959,0.5081839,0.6653797,0.6846671,0.48198515,0.7351768,0.6915135,0.45586345,0.7160951,0.9226529,0.48724902,0.863882,0.8766643,0.46970844,0.84469223,0.92121166
1411,28,0.5020991,0.48630062,0.770917,0.5403132,0.5437804,0.78898317,0.497232,0.5379255,0.77571195,0.5276162,0.6433902,0.83470935,0.4895086,0.6213549,0.5630708,0.49078387,0.69497174,0.48911622,0.48449945,0.68738115,0.63534087,0.54037696,0.6732596,0.841304,0.50783443,0.6668692,0.68309826,0.4813451,0.7348462,0.5602412,0.4547144,0.7160801,0.8736359,0.48713526,0.8632334,0.7805614,0.46944824,0.8415529,0.86271167
1412,28,0.50135535,0.4868219,0.77067554,0.5417061,0.54264134,0.7084378,0.49752253,0.53786135,0.89336455,0.52830964,0.6411265,0.9077966,0.48960236,0.62084585,0.8858994,0.49161252,0.69259644,0.622218,0.4844261,0.6853309,0.49807993,0.541532,0.6750897,0.86981887,0.5082687,0.6667169,0.6807186,0.4826178,0.7348457,0.6732993,0.45579812,0.7162478,0.88896996,0.48699054,0.8651334,0.87439287,0.46905714,0.8437413,0.89534795
1413,28,0.50220853,0.4858522,0.6723662,0.5416025,0.543647,0.58722764,0.49836266,0.5386969,0.8860642,0.52861,0.64201397,0.8961542,0.4901343,0.62027216,0.8543455,0.49185646,0.6919724,0.618283,0.4840543,0.68580174,0.62775844,0.54059815,0.67555225,0.8471475,0.5080918,0.6678418,0.66969573,0.483067,0.73377955,0.6959983,0.45550436,0.71569324,0.8260424,0.4870981,0.8650736,0.8624402,0.4691077,0.84216255,0.77198404
1414,28,0.50274193,0.4843576,0.6625655,0.5431936,0.54350233,0.8340258,0.4982273,0.53864115,0.89222693,0.52891403,0.6415935,0.9086898,0.49002343,0.62020624,0.91159505,0.49122685,0.69281584,0.5982229,0.4843054,0.68479156,0.48447245,0.54151934,0.67598206,0.8717142,0.50828016,0.6681288,0.694542,0.48270592,0.73490155,0.7598857,0.45417336,0.71541643,0.86255896,0.48660183,0.8655089,0.7791231,0.46888968,0.84349096,0.78780806
1415,28,0.50313413,0.48352757,0.5993724,0.5429,0.5436815,0.7626638,0.4986222,0.53885657,0.8817686,0.5290509,0.6418814,0.8948098,0.49049678,0.6199461,0.90711576,0.49176586,0.6918155,0.5989197,0.48401967,0.685678,0.62264574,0.54162514,0.6751882,0.84774905,0.50838965,0.66805875,0.6600929,0.48263082,0.73650247,0.79792494,0.45565033,0.7146687,0.9187734,0.48647586,0.8637216,0.8007493,0.46892157,0.844071,0.7865328
1416,28,0.50396603,0.48281178,0.5710604,0.5423996,0.54460543,0.55407256,0.49938005,0.5394394,0.8713929,0.529111,0.64184254,0.8691675,0.49102277,0.6196458,0.8728082,0.49201375,0.6914691,0.5447303,0.48476455,0.6859804,0.56881446,0.5405244,0.6766795,0.84660697,0.5084149,0.669281,0.67169523,0.48309946,0.7356618,0.7157102,0.45604402,0.71465355,0.8955084,0.48654822,0.8639746,0.7063513,0.46951383,0.8428506,0.784036
1417,28,0.5035803,0.4831403,0.5724294,0.54295385,0.5444029,0.72906685,0.50064105,0.5391654,0.6961139,0.5297687,0.64207697,0.859206,0.49139574,0.6193603,0.86196923,0.49161768,0.69257784,0.5270302,0.4839553,0.68665093,0.6224498,0.5401414,0.6766441,0.8326207,0.5078569,0.66897815,0.6606153,0.48329413,0.7367598,0.74237746,0.45558447,0.71492314,0.897983,0.48644954,0.8638703,0.80950874,0.4686489,0.8439971,0.76070327
1418,28,0.50398314,0.48265177,0.55443746,0.5430682,0.5443581,0.7400046,0.5007801,0.5393354,0.7696431,0.5297832,0.64115274,0.8310953,0.49134904,0.61948067,0.88926303,0.49151036,0.692789,0.58048403,0.4830065,0.6870416,0.63607496,0.5402676,0.6788945,0.8725138,0.5079358,0.67073935,0.69622207,0.48276508,0.73452216,0.64449495,0.45550168,0.7148224,0.9026585,0.4864786,0.8647312,0.8377082,0.46808255,0.8449376,0.7505188
1419,28,0.5038345,0.4828901,0.7791304,0.54342496,0.5414553,0.88389224,0.5001917,0.53684646,0.7874087,0.52852935,0.64165574,0.8944944,0.49207926,0.6193777,0.8399633,0.49146253,0.6935522,0.6215116,0.48353803,0.6865653,0.6526993,0.5427497,0.6748419,0.91466534,0.5106372,0.66809136,0.62452096,0.48273432,0.73485696,0.75700974,0.45536682,0.7151452,0.8935771,0.48685715,0.8644001,0.8970281,0.4684997,0.84383714,0.70219564
1420,28,0.5051623,0.48144555,0.57862383,0.54162335,0.54349774,0.6484611,0.50089645,0.5386858,0.87423927,0.52936786,0.6411683,0.6846181,0.4924474,0.61737907,0.7417968,0.49251816,0.6916858,0.41373774,0.48463172,0.68590343,0.39005113,0.5392241,0.67655605,0.7439609,0.5084385,0.6700797,0.5813509,0.48375836,0.73564386,0.6032492,0.456133,0.7147452,0.8259182,0.4877445,0.86554277,0.88057214,0.46812356,0.8437728,0.61667705
1421,28,0.5038901,0.48227397,0.70005536,0.54381204,0.5428113,0.87380344,0.5008716,0.5377399,0.8418019,0.5293595,0.64092493,0.8708792,0.4926014,0.61909103,0.8943365,0.4914279,0.6928513,0.6002288,0.4830581,0.6862681,0.6624118,0.5411921,0.67684996,0.8584122,0.50834435,0.66849816,0.6839132,0.48225442,0.7349526,0.73709863,0.45490164,0.71452725,0.8965948,0.4871406,0.8645029,0.9042696,0.46910298,0.8433106,0.816316
1422,28,0.5038746,0.48201203,0.7918462,0.54430497,0.5416308,0.8757963,0.50037247,0.5367607,0.82422286,0.52889603,0.6411179,0.89320284,0.4925133,0.6174524,0.92477405,0.49151736,0.6924716,0.5785277,0.4837508,0.68625116,0.668294,0.541178,0.6761776,0.8768475,0.5075571,0.66783404,0.68322927,0.48293626,0.73593986,0.7791886,0.4549795,0.7143792,0.9346758,0.48636183,0.86482215,0.86443466,0.46893302,0.84313726,0.91791415
1423,28,0.50420564,0.48188815,0.7332219,0.54275155,0.54375964,0.6786242,0.5014025,0.538841,0.8535384,0.52955234,0.6411558,0.8737201,0.49285215,0.61882997,0.79281306,0.4913821,0.6920967,0.5507412,0.48304716,0.6863744,0.63652056,0.53718966,0.6776617,0.8300273,0.506393,0.6701182,0.7098706,0.48328266,0.7356582,0.7154633,0.45531464,0.71406335,0.9050545,0.48785177,0.86543804,0.9322156,0.46859848,0.8437291,0.905317
1424,28,0.5044854,0.481722,0.637918,0.5441247,0.54098636,0.8275239,0.49979743,0.5362914,0.64881384,0.5291659,0.6417277,0.9034626,0.4922776,0.61829156,0.91587925,0.4923679,0.69276214,0.65209854,0.48379865,0.68609565,0.5959617,0.5419118,0.6753436,0.9387408,0.5088915,0.6672092,0.612543,0.48234877,0.73754644,0.8300962,0.455399,0.7151115,0.9244297,0.48779467,0.8648466,0.9269695,0.46924803,0.8438524,0.9244647
1425,28,0.50474143,0.48120683,0.74252516,0.5426887,0.5427156,0.5537683,0.50165766,0.5388455,0.7978539,0.5284834,0.64116484,0.8280189,0.49285504,0.6181572,0.8730841,0.4915619,0.6914911,0.5310721,0.48390424,0.68555415,0.5482691,0.5400681,0.67600226,0.8121118,0.5080593,0.66999286,0.681432,0.48302025,0.7365301,0.71405333,0.4553599,0.71514237,0.8953656,0.48762333,0.86442614,0.91778433,0.46817172,0.8438707,0.68081284
1426,28,0.5045526,0.48096442,0.6651936,0.5436751,0.54330647,0.8378327,0.5013639,0.53745896,0.8095136,0.52865005,0.64157593,0.8673568,0.4928675,0.6183403,0.8535314,0.4911553,0.69228417,0.5893248,0.4832859,0.6859799,0.64350647,0.54037315,0.6777099,0.88981575,0.50740564,0.66964245,0.7158935,0.4824558,0.73555434,0.73373294,0.4541165,0.71520793,0.880892,0.48714313,0.8644256,0.87753767,0.4689212,0.8429632,0.91913617
1427,28,0.50416535,0.48136434,0.7301605,0.54336613,0.54257315,0.8162696,0.50106835,0.5372939,0.86099184,0.5284419,0.6414195,0.8602553,0.4925049,0.61899406,0.8850769,0.49111837,0.69324875,0.6456186,0.482617,0.686006,0.6491391,0.54152316,0.6786778,0.8782885,0.5083629,0.6704181,0.7101296,0.48244157,0.73619556,0.7876358,0.45489308,0.71520007,0.9046592,0.48754445,0.8655924,0.91113704,0.4686652,0.8428744,0.7429812
1428,28,0.50382096,0.48102638,0.81309456,0.54327244,0.5409951,0.8077391,0.50043094,0.5365384,0.82773936,0.5281359,0.64039814,0.7775066,0.49274737,0.61926943,0.8400607,0.49154696,0.69285685,0.59600425,0.48349908,0.6851295,0.57594186,0.5424025,0.6755645,0.93323845,0.5112612,0.67027885,0.66551757,0.4825538,0.735496,0.7818339,0.4548806,0.7154514,0.88277185,0.48716417,0.866339,0.9113429,0.4684106,0.84302646,0.6666796
1429,28,0.5049756,0.48020008,0.6170275,0.5420884,0.54190516,0.70236415,0.5004906,0.5380771,0.8906071,0.52849215,0.6417205,0.7095632,0.49204978,0.61780995,0.8523224,0.49232534,0.69090146,0.46918222,0.48340613,0.6829297,0.73185897,0.5410101,0.67540735,0.74719644,0.5088589,0.66974044,0.66718507,0.4837696,0.73652154,0.7938529,0.4546419,0.7154965,0.7936421,0.4872387,0.86771023,0.9303077,0.469162,0.8430857,0.8869971
1430,28,0.50418216,0.48005766,0.48500437,0.5427665,0.54357874,0.68049943,0.50110036,0.5384467,0.76334435,0.528693,0.6405926,0.83415085,0.49244052,0.6182256,0.8911182,0.49169984,0.6928244,0.5641955,0.48328882,0.68706316,0.6001106,0.5399767,0.677142,0.8283343,0.5074521,0.6703115,0.7112838,0.48283824,0.7377473,0.7480172,0.45581013,0.71428865,0.90369153,0.48740998,0.8651123,0.91119504,0.468153,0.84386915,0.7205375
1431,28,0.50440276,0.48005828,0.61024696,0.5427144,0.5435829,0.7335963,0.50111234,0.53810334,0.8032976,0.5285356,0.6407365,0.7724418,0.49241275,0.6191765,0.7835486,0.4910995,0.6932607,0.58094835,0.48286057,0.68676,0.6098679,0.5400664,0.6797957,0.857156,0.5079209,0.67202264,0.66031194,0.4819938,0.73530275,0.6653584,0.45564872,0.7143904,0.8327685,0.48775184,0.8648414,0.8729625,0.4686895,0.8449741,0.8710808
1432,28,0.503692,0.4804371,0.7295733,0.54311883,0.54113823,0.8302879,0.5005661,0.53694147,0.83414114,0.5282042,0.640623,0.9004018,0.49209186,0.6197271,0.85802245,0.4912969,0.6942217,0.6109842,0.48251116,0.68548095,0.77864647,0.5411637,0.6770726,0.8036714,0.50977373,0.67081356,0.6462964,0.48202565,0.7372582,0.7513225,0.4551079,0.7148455,0.8636652,0.4871556,0.86550736,0.9309443,0.468849,0.8416765,0.8518792
1433,28,0.50412774,0.47983545,0.70167875,0.54269147,0.54285735,0.5803747,0.50053406,0.53859496,0.75344276,0.52901965,0.64083695,0.772783,0.49225086,0.6190746,0.878303,0.49128255,0.69288105,0.56448144,0.4838445,0.68634504,0.54734355,0.54114723,0.6775993,0.8297235,0.5100227,0.6714897,0.6814383,0.48270276,0.7365335,0.7139435,0.45466235,0.71474487,0.81219727,0.48680708,0.8665539,0.85181725,0.46821144,0.84317726,0.81640327
1434,28,0.5037673,0.47951892,0.46078378,0.5427481,0.5430504,0.6235215,0.50045276,0.53824186,0.67524874,0.5293352,0.6407564,0.761512,0.49224007,0.61906195,0.853835,0.49148268,0.6931158,0.5484321,0.48386475,0.6865394,0.4970881,0.5411074,0.6762368,0.78732497,0.5098124,0.67061245,0.6506994,0.4828389,0.7373984,0.7180913,0.45382294,0.7168579,0.79068285,0.4868164,0.86721766,0.8079973,0.46873856,0.84405136,0.85307825
1435,28,0.5034987,0.47971383,0.51099,0.54303426,0.54258716,0.71592414,0.5001357,0.5381585,0.7168327,0.52951366,0.6413723,0.8643713,0.49225643,0.61856383,0.8862152,0.4917001,0.69264007,0.55406183,0.4833633,0.6865595,0.6022859,0.54025,0.67511845,0.78894377,0.50789887,0.66978705,0.6850172,0.4831957,0.73756325,0.7967886,0.45554012,0.7140044,0.9012234,0.48746857,0.86654514,0.93091804,0.46877995,0.8437462,0.90320045
1436,28,0.50362104,0.4804779,0.66033524,0.54337734,0.5429082,0.80444336,0.50050104,0.5382499,0.8088866,0.5303043,0.6409611,0.88711125,0.4918417,0.6181199,0.9084716,0.4910827,0.69267875,0.58713675,0.4827141,0.68614054,0.64037365,0.54005224,0.6767768,0.872142,0.50698197,0.6693079,0.7199251,0.48302448,0.73697394,0.7511626,0.4549572,0.7145198,0.9197015,0.48745412,0.8658689,0.92400044,0.46822262,0.84454674,0.7722207
1437,28,0.5034966,0.47994515,0.69332606,0.54320157,0.54322326,0.808108,0.500564,0.53833085,0.8318514,0.5299768,0.6419674,0.626761,0.49150726,0.6180154,0.8972514,0.4909825,0.69259703,0.6033283,0.48251444,0.68564445,0.633322,0.54018795,0.67770636,0.8673835,0.50724065,0.6706481,0.7508019,0.48215598,0.7358248,0.73216945,0.45463565,0.71489745,0.9245501,0.48795608,0.86372906,0.90839744,0.4689659,0.8426154,0.83485854
1438,28,0.5031819,0.48001507,0.6587518,0.54331994,0.5430311,0.8162427,0.5003933,0.5384024,0.84050965,0.53017306,0.6416414,0.8568966,0.49167427,0.6190871,0.8123317,0.49179822,0.6911069,0.6136147,0.4821331,0.6824884,0.75897425,0.53993905,0.677975,0.86245453,0.5070165,0.671095,0.7610046,0.48273945,0.73685193,0.801904,0.45488533,0.71343225,0.88220507,0.48779207,0.86383206,0.91647786,0.46837476,0.84259886,0.7426213
1439,28,0.5033055,0.47981235,0.636757,0.54285276,0.5438489,0.7412496,0.5005154,0.53892666,0.81806266,0.5309552,0.6422282,0.8662509,0.4916931,0.6191521,0.7295073,0.49339458,0.68886656,0.57333136,0.48176372,0.68344665,0.7103866,0.5385981,0.6783036,0.80516183,0.5068185,0.67138577,0.7075264,0.48250756,0.7367339,0.7430953,0.45495048,0.7152163,0.84650624,0.48753995,0.86377317,0.9026214,0.46825212,0.843832,0.7585558
1440,28,0.50308466,0.47957984,0.7095146,0.54286563,0.5434006,0.8453589,0.4997778,0.53825617,0.8101901,0.5302057,0.64219135,0.6298482,0.49125654,0.6190149,0.83599275,0.49328214,0.6896901,0.645986,0.48152217,0.6842431,0.76816857,0.5387835,0.6773379,0.8234025,0.50608695,0.6701591,0.7420092,0.48234162,0.7376005,0.7830894,0.45470503,0.7156313,0.8739606,0.48790094,0.86434627,0.9246594,0.46814755,0.8442382,0.7750775
1441,28,0.5022582,0.48021206,0.57703257,0.5433673,0.5409976,0.7111553,0.4994946,0.5372149,0.8586356,0.5296846,0.6419436,0.7674695,0.49107286,0.6190737,0.8816647,0.49259678,0.69235456,0.62286454,0.48203912,0.6851749,0.6504768,0.5398784,0.67651117,0.82707244,0.5062049,0.6698156,0.73233443,0.4826905,0.7372526,0.8196603,0.45452645,0.71540254,0.90389395,0.48752528,0.8645716,0.7748135,0.46879593,0.8441451,0.8637834
1442,28,0.5017347,0.48029807,0.66347617,0.543181,0.5430338,0.81867385,0.4998972,0.5385055,0.87503314,0.53039443,0.64125234,0.65860045,0.49162433,0.6182863,0.8255239,0.49122703,0.6933234,0.6245687,0.4812948,0.68648696,0.68187124,0.53819764,0.67927825,0.87249935,0.5055006,0.67255497,0.58213264,0.48254317,0.73715425,0.7865393,0.45439872,0.71533644,0.91666245,0.48831657,0.8653229,0.90500957,0.46855003,0.84476703,0.842148
1443,28,0.5017825,0.47992203,0.57166755,0.5427082,0.54389423,0.8295759,0.4993438,0.53856057,0.84182185,0.5295969,0.64202815,0.74110645,0.49107087,0.61700875,0.767413,0.49306166,0.69072956,0.6771575,0.48147127,0.6846103,0.7357238,0.537042,0.6762234,0.6839244,0.50554526,0.6694057,0.5926634,0.48216325,0.73502266,0.65664285,0.4552881,0.7160147,0.83987856,0.48808175,0.86446214,0.87308836,0.46854153,0.8438923,0.64744407
1444,28,0.50230044,0.4806717,0.5840617,0.5419896,0.5449717,0.75077397,0.49990213,0.5391527,0.8428535,0.5310453,0.641587,0.6714649,0.49123,0.61704326,0.75465226,0.49193552,0.69257706,0.49222738,0.4823082,0.6863153,0.67337894,0.5361405,0.6798707,0.79007775,0.5055893,0.6729221,0.6560355,0.48281157,0.7380967,0.6546352,0.45562744,0.71625894,0.82550305,0.48728305,0.86367697,0.72725487,0.46862328,0.845323,0.7122358
1445,28,0.50164884,0.4816964,0.6360474,0.54275125,0.5408576,0.7468128,0.4987374,0.5377553,0.6542671,0.5290454,0.64228106,0.84486264,0.49106807,0.6173938,0.85703737,0.49189004,0.6945222,0.69179183,0.48173466,0.6883812,0.5424927,0.5386408,0.675396,0.89027137,0.5066199,0.6691229,0.59293836,0.48187172,0.73525125,0.6726998,0.45484498,0.71354336,0.9318231,0.48733294,0.8659684,0.80858374,0.4684927,0.843901,0.90117633
1446,28,0.50122756,0.4808531,0.6186015,0.54294497,0.5435394,0.83316433,0.49966326,0.53856015,0.86667514,0.5296895,0.6418471,0.73899686,0.4915747,0.6183667,0.8513223,0.49233234,0.6931701,0.56363744,0.48133403,0.68769336,0.70228326,0.5386546,0.6779594,0.8886331,0.5056022,0.6703982,0.7626432,0.4827378,0.73836434,0.772491,0.45443106,0.7152435,0.924267,0.4870459,0.8632791,0.6797554,0.46956176,0.84215873,0.88382435
1447,28,0.50168985,0.48050475,0.5051524,0.54221207,0.5444198,0.7710122,0.49955437,0.54026663,0.8705346,0.5294886,0.64171547,0.5810627,0.49120036,0.6200752,0.81358624,0.4920155,0.6929971,0.52473456,0.48178625,0.6861351,0.5875197,0.5379299,0.6784721,0.81605136,0.5059684,0.67224133,0.7023663,0.48233765,0.7380101,0.7447615,0.45489115,0.71666515,0.84444773,0.48788708,0.86396223,0.93318504,0.46882117,0.8431737,0.8028104
1448,28,0.5022072,0.48073494,0.7228295,0.5419261,0.54438555,0.82532907,0.49927965,0.53959817,0.7989849,0.52940166,0.64249563,0.7057963,0.49121535,0.62024856,0.8175064,0.4920275,0.6939189,0.5035565,0.48157942,0.6864104,0.64737564,0.5391665,0.67615896,0.8961888,0.50753415,0.6700746,0.6100974,0.48256174,0.73816967,0.7765759,0.45462483,0.71684426,0.8850883,0.4874336,0.8639108,0.820722,0.46913186,0.84265816,0.7780321
1449,28,0.5015659,0.481408,0.52897125,0.5417606,0.54380244,0.74208266,0.5001006,0.5385104,0.72992563,0.5300981,0.6416389,0.80293405,0.49137866,0.6184836,0.8570525,0.49074277,0.69412285,0.5234974,0.48200563,0.6880516,0.6290428,0.5379973,0.6791696,0.854327,0.5059211,0.67224705,0.76658225,0.48295832,0.73665404,0.73205197,0.4552699,0.71498543,0.908717,0.48724297,0.8642168,0.87321097,0.4693297,0.84352106,0.8923627
1450,29,0.5004313,0.48160627,0.7791927,0.5420082,0.5421392,0.88859993,0.49860054,0.5377235,0.8856396,0.5290299,0.6429729,0.714464,0.49120492,0.6184063,0.8812539,0.49246898,0.69358003,0.5876321,0.48112395,0.6855529,0.79508424,0.53964704,0.6767911,0.92301005,0.5065928,0.6690344,0.6959434,0.48233703,0.7362986,0.76728624,0.4550705,0.71399915,0.924297,0.48710647,0.8632696,0.7896541,0.46881685,0.8427306,0.8875429
1451,29,0.5012688,0.48168692,0.73682404,0.54220164,0.54039806,0.89502144,0.4983905,0.5377206,0.8484648,0.5298868,0.6419076,0.75059736,0.49153996,0.6187777,0.8572685,0.4926308,0.69344056,0.5447435,0.48139805,0.688732,0.7095972,0.54031783,0.6770084,0.87616473,0.5063442,0.66944534,0.75185853,0.48282677,0.7378626,0.7824051,0.45394447,0.71568036,0.91604334,0.4880245,0.8629847,0.91937387,0.46880227,0.84332424,0.85065436
1452,29,0.5014088,0.4811829,0.6290433,0.5421892,0.54225975,0.8139208,0.49921924,0.53885156,0.8430788,0.5299004,0.6421183,0.63361484,0.49140325,0.6192431,0.9050643,0.49090892,0.6948084,0.62841445,0.48121825,0.688438,0.68303925,0.539526,0.6800067,0.90548474,0.50627154,0.6724398,0.77685404,0.4824035,0.73711765,0.7497546,0.45454645,0.7152245,0.91635174,0.4879937,0.86405224,0.90132016,0.46840945,0.8432899,0.8279332
1453,29,0.5012503,0.48129827,0.6707848,0.5416601,0.5437785,0.7541619,0.499469,0.5384482,0.82380587,0.53080225,0.64261466,0.8828196,0.49147028,0.6198294,0.8068567,0.49293727,0.6910679,0.60228026,0.48165825,0.6859045,0.7856816,0.5388697,0.6757339,0.89268506,0.507275,0.669597,0.6404217,0.4821296,0.7351164,0.748376,0.45534483,0.71631,0.85431486,0.48691037,0.86362123,0.73469275,0.46867725,0.84279746,0.86653733
1454,29,0.5012264,0.48118156,0.56236416,0.5424555,0.54260665,0.8576212,0.49939308,0.5382372,0.8304626,0.5300177,0.6415099,0.6994904,0.49131155,0.6182282,0.9073934,0.4917958,0.6940755,0.60065234,0.48157218,0.6878166,0.6878912,0.5383431,0.6781294,0.8881503,0.50504476,0.67047775,0.76721597,0.4830975,0.7380178,0.75631577,0.4545273,0.7151442,0.9338173,0.48780698,0.8625591,0.9089419,0.46868932,0.84366614,0.8999282
1455,29,0.50060624,0.48174596,0.71065396,0.54157627,0.54403615,0.7554924,0.4993152,0.53973967,0.869931,0.5302695,0.64284813,0.8100404,0.4913401,0.6185865,0.7893196,0.49228612,0.6931165,0.50530416,0.48213068,0.6858954,0.6928691,0.5371601,0.67794925,0.73705125,0.50540346,0.67084384,0.5748427,0.48264128,0.73816544,0.65100104,0.45543,0.7164304,0.8108121,0.48728693,0.86292386,0.7699816,0.46891233,0.84419304,0.7844365
1456,29,0.5008938,0.48199734,0.5970716,0.5408598,0.54475075,0.73256123,0.4992677,0.5397384,0.8000933,0.52919346,0.6428211,0.55004114,0.49141008,0.6174513,0.6974848,0.4922301,0.6932815,0.44709226,0.4823859,0.68683904,0.6435614,0.5354435,0.6785852,0.6834433,0.5048947,0.67101985,0.5347092,0.48262087,0.73913777,0.5899713,0.45561615,0.71748394,0.8007588,0.4878803,0.8641364,0.8997508,0.4693495,0.843783,0.83713347
1457,29,0.5009821,0.48208907,0.5633302,0.54156417,0.54582727,0.7624409,0.49942943,0.53976417,0.82961446,0.52941304,0.6430829,0.69954807,0.49128893,0.61713994,0.72906184,0.49240035,0.6940425,0.6961309,0.4822294,0.6881461,0.47833335,0.53543216,0.6796706,0.7758627,0.5045978,0.6718722,0.6460854,0.48186868,0.737685,0.6294313,0.4547887,0.7161638,0.86694694,0.4873258,0.8635757,0.86049867,0.46876222,0.84470487,0.85477775
1458,29,0.5000521,0.48223215,0.57281005,0.5418152,0.54318327,0.63837093,0.499123,0.53912306,0.8306978,0.5294139,0.6425753,0.81141657,0.49101508,0.6178857,0.7918521,0.49191493,0.69487447,0.7156509,0.48164627,0.6888003,0.57035875,0.53614694,0.6784135,0.784562,0.5045525,0.670309,0.68340784,0.48128814,0.7351476,0.67012286,0.45436987,0.7149792,0.8915422,0.48807296,0.86172134,0.88494045,0.46858203,0.8447838,0.8192506
1459,29,0.5000921,0.48193064,0.5568127,0.54139453,0.5463731,0.683168,0.4995317,0.53939724,0.81643194,0.5297542,0.64215344,0.6097837,0.49120647,0.6174174,0.71069974,0.4926733,0.6934049,0.587833,0.4824938,0.68766356,0.6027779,0.53510284,0.6803774,0.70973235,0.5046922,0.67215973,0.558185,0.4829888,0.73688304,0.51737833,0.45534098,0.71691227,0.8105236,0.4879368,0.86461836,0.88469267,0.46880764,0.8456562,0.76439774
1460,29,0.50026304,0.48285145,0.63848126,0.5412121,0.5463513,0.7198757,0.49921295,0.5391365,0.8068172,0.5296965,0.64226747,0.7217194,0.4911048,0.617695,0.6876938,0.49241439,0.6943411,0.6261589,0.48215133,0.6888475,0.44341448,0.5341752,0.6789813,0.60914963,0.50389606,0.6704713,0.52855265,0.4824292,0.73523176,0.4799912,0.45455506,0.7155678,0.8001043,0.4875816,0.8646327,0.7624103,0.46847183,0.845321,0.6596965
1461,29,0.50043905,0.4825826,0.5014967,0.5411485,0.54478407,0.5704473,0.49957466,0.5403985,0.68749696,0.5298717,0.64170194,0.656219,0.49151298,0.6164462,0.62952435,0.49119127,0.6937643,0.5313112,0.4819717,0.6868499,0.5146999,0.53628117,0.6806865,0.7013947,0.5053443,0.672536,0.5141047,0.4826476,0.7363314,0.5043879,0.45508832,0.7156291,0.69343185,0.4873651,0.8633079,0.80986786,0.4688153,0.8452043,0.64211965
1462,29,0.5000081,0.48179418,0.47887215,0.5409458,0.54538023,0.7795821,0.498931,0.53958887,0.77801186,0.5291898,0.64240533,0.70659745,0.49088478,0.6178628,0.6901303,0.4926653,0.69409496,0.561272,0.48257393,0.6874193,0.6902727,0.5349325,0.6785652,0.6067934,0.5040424,0.6709301,0.54601914,0.4822262,0.7375908,0.5888891,0.45512012,0.7160388,0.8088205,0.4874764,0.8636407,0.70902973,0.46835926,0.84557784,0.74378026
1463,29,0.50008786,0.48268777,0.593113,0.5412264,0.54425883,0.61277926,0.49897835,0.5395886,0.82921016,0.530028,0.64219123,0.77663803,0.49088043,0.61856985,0.7877424,0.4914485,0.6945381,0.6844556,0.4818223,0.6883469,0.5304306,0.53676975,0.6815563,0.8148035,0.5061297,0.67548543,0.69017065,0.48167387,0.73669153,0.65732026,0.4547181,0.71570987,0.85637814,0.48665527,0.8636087,0.8553224,0.46924478,0.8442378,0.55482554
1464,29,0.5001938,0.48232615,0.75834006,0.54093057,0.54420686,0.77476615,0.4983308,0.5394833,0.82491994,0.5291544,0.6438976,0.7010189,0.49088925,0.61848766,0.7510394,0.49244595,0.6934836,0.70116526,0.4822654,0.6887835,0.7238062,0.5387003,0.6780444,0.8720274,0.5081263,0.67118406,0.4942284,0.48115066,0.73694324,0.6317292,0.45530298,0.714484,0.89976674,0.48777297,0.8663876,0.809419,0.4688118,0.84430003,0.82842135
1465,29,0.50091475,0.4814967,0.36617985,0.54080045,0.5445781,0.6210798,0.4994957,0.53868127,0.6877058,0.5294426,0.6423088,0.7979403,0.49120197,0.6183457,0.7735341,0.49096155,0.6937204,0.5017481,0.48239625,0.6847158,0.6899022,0.5372044,0.67889386,0.7621555,0.50579697,0.6715258,0.64162487,0.48260102,0.73723507,0.7069308,0.45504066,0.7147102,0.80347085,0.48783556,0.864191,0.89935,0.46821645,0.8442519,0.81396174
1466,29,0.50053096,0.482551,0.7594579,0.5413765,0.54450715,0.79866755,0.49881518,0.53966695,0.86599493,0.5298208,0.64348096,0.8663859,0.49090728,0.6195449,0.83007604,0.49230257,0.69382054,0.6050718,0.4816011,0.68579113,0.771112,0.5373522,0.67705655,0.76501834,0.50561213,0.66984844,0.61214256,0.4823513,0.73666346,0.716855,0.4555169,0.71420896,0.86921537,0.4875241,0.8651818,0.9376331,0.46834564,0.84466606,0.8045307
1467,29,0.49983692,0.48192653,0.4200653,0.54065424,0.5448486,0.73583,0.4991583,0.53988355,0.79984695,0.5295588,0.64262944,0.5830739,0.491126,0.6192628,0.6968653,0.49185765,0.6936209,0.4341497,0.4822653,0.6875228,0.56031436,0.5351797,0.6797301,0.7153262,0.5048995,0.6725259,0.59435874,0.48263654,0.7385402,0.5374456,0.4546299,0.7168344,0.68089324,0.48857763,0.86362207,0.8790698,0.46894377,0.8463102,0.66658014
1468,29,0.49933755,0.48245057,0.6681651,0.5418133,0.5420513,0.71115685,0.4982907,0.53889614,0.8574337,0.52829736,0.64348763,0.82052994,0.49063104,0.6178817,0.84247655,0.49183792,0.6948217,0.73517585,0.4817223,0.68853736,0.58373886,0.53698105,0.6769243,0.73771,0.5042058,0.66887254,0.6492639,0.48195654,0.73641807,0.67905265,0.454445,0.71408814,0.9172955,0.48797384,0.8635219,0.8183686,0.46849817,0.8446278,0.8266257
1469,29,0.49963412,0.48177767,0.519867,0.54095495,0.5453871,0.7209006,0.49886495,0.5401181,0.85080683,0.53036374,0.64241946,0.67017376,0.49077398,0.61864513,0.7691267,0.49176502,0.69333684,0.4913803,0.48250294,0.68676996,0.6096778,0.53556335,0.68084097,0.7370737,0.5041825,0.67279106,0.596778,0.48263007,0.73920786,0.5552399,0.45581087,0.7169835,0.81283605,0.48817152,0.8631326,0.89165086,0.46848488,0.84556377,0.68193686
1470,29,0.4992623,0.4826048,0.6579377,0.54195386,0.54265547,0.7092674,0.4982959,0.53887105,0.8372376,0.5291246,0.6428237,0.84748936,0.49076983,0.61817604,0.8142312,0.49179617,0.6954544,0.72341424,0.48125207,0.68973815,0.5664645,0.53676224,0.6782677,0.75259197,0.5047513,0.67197293,0.63467664,0.4819718,0.73534375,0.624003,0.45464572,0.7130605,0.9315061,0.48818615,0.86518806,0.8511296,0.46864325,0.8443282,0.90389055
1471,29,0.49963614,0.48226103,0.74801296,0.54132307,0.54399675,0.84576696,0.49833554,0.53907657,0.86503917,0.5294358,0.643574,0.7716072,0.49060085,0.6192164,0.86048025,0.49207386,0.69489026,0.7341255,0.48154703,0.6885114,0.5586052,0.5357381,0.6788808,0.8076141,0.5038681,0.67107105,0.7166143,0.48170376,0.73672223,0.71058404,0.45459718,0.71495837,0.90547353,0.4878507,0.86409533,0.93732303,0.46808276,0.8451499,0.83441097
1472,29,0.49916375,0.48273197,0.7199042,0.541379,0.542688,0.66368353,0.49854034,0.5384678,0.8574341,0.5295105,0.6432858,0.80677766,0.49037233,0.61842936,0.86667466,0.4915022,0.6945367,0.7326773,0.48131952,0.6885498,0.60643375,0.53717655,0.6788112,0.81876075,0.50533104,0.6720874,0.721215,0.481727,0.737691,0.76730746,0.45427978,0.7152678,0.9166083,0.4873846,0.86421835,0.9088828,0.46847585,0.8449321,0.84780324
1473,29,0.500259,0.48273548,0.7761688,0.54109883,0.5439728,0.79826236,0.49833438,0.5395483,0.88249993,0.52896374,0.6427781,0.6632471,0.49055228,0.6202785,0.8648892,0.49198422,0.69477123,0.65357786,0.48140234,0.68759054,0.6759488,0.53772265,0.67815995,0.7936907,0.50532144,0.6707293,0.67070484,0.48190588,0.7356425,0.6973414,0.4547095,0.71422523,0.8835055,0.48775944,0.8653657,0.8723913,0.46831366,0.84581834,0.7874295
1474,29,0.5001872,0.4824131,0.59023184,0.53973734,0.5446516,0.65353215,0.49866155,0.5405173,0.81159633,0.53023905,0.6426873,0.7301482,0.4910753,0.6193803,0.68011135,0.4923888,0.69360703,0.4140998,0.4826008,0.6871483,0.61043495,0.5367765,0.67757857,0.6386338,0.5056759,0.6708432,0.61808735,0.48302776,0.73827696,0.52821296,0.4559082,0.71717787,0.7764366,0.48770162,0.8636298,0.86404705,0.4692004,0.8448001,0.7287231
1475,29,0.4999439,0.4831986,0.54623425,0.54030734,0.54417485,0.76564366,0.49862763,0.5400029,0.75477177,0.5305873,0.6423904,0.5640676,0.4909411,0.61991847,0.6646739,0.49208814,0.6939197,0.4392361,0.48239914,0.6880206,0.58577895,0.53587145,0.6787778,0.69702435,0.50508666,0.67139757,0.5408166,0.4827876,0.73792297,0.56840557,0.45533526,0.71668416,0.796879,0.48764023,0.86213195,0.8905916,0.46964654,0.84449995,0.83095604
1476,29,0.49905923,0.4826556,0.5699038,0.5408657,0.5447938,0.83763397,0.49795455,0.5400056,0.83834594,0.52949065,0.6433098,0.7644249,0.49024576,0.6201343,0.8547601,0.49218088,0.69440126,0.74849534,0.48192662,0.6880841,0.5566707,0.5361234,0.67863303,0.8229693,0.50445384,0.6708814,0.70965445,0.48189119,0.7376941,0.7469366,0.45483539,0.7156407,0.9097014,0.48746115,0.86345863,0.8667981,0.46873823,0.8442099,0.8553645
1477,29,0.498817,0.48264793,0.56050175,0.540739,0.54455733,0.8534341,0.49767968,0.54000676,0.8441303,0.5297286,0.6436396,0.8254619,0.4900741,0.6203947,0.86015517,0.49225292,0.6945733,0.7703044,0.48218745,0.6882649,0.59484315,0.5390217,0.67790604,0.8103736,0.5063169,0.671687,0.70442533,0.4818853,0.738423,0.7557013,0.45474082,0.7157063,0.9216958,0.4873089,0.8636254,0.86220247,0.47001117,0.8434756,0.77370924
1478,29,0.49916965,0.48362592,0.6231683,0.54050106,0.54364556,0.7541426,0.49748045,0.53921676,0.8514061,0.5294576,0.6434665,0.6923858,0.49032497,0.6208565,0.88547564,0.49173966,0.69388473,0.61503494,0.481897,0.68687564,0.63713956,0.53960884,0.6762987,0.7890194,0.5067495,0.66926813,0.67999995,0.48274902,0.736737,0.7721426,0.45449564,0.7154261,0.88361406,0.4881382,0.86369336,0.93157184,0.46931377,0.84402215,0.85028875
1479,29,0.49864072,0.48468143,0.838408,0.54078937,0.54133606,0.86191237,0.49628028,0.5376351,0.867163,0.5297632,0.6435207,0.8055708,0.4899504,0.6184103,0.91087395,0.49164164,0.6929721,0.59439087,0.48233095,0.68681955,0.6553739,0.5387873,0.6763268,0.87471443,0.50534606,0.6684743,0.7244777,0.48322874,0.7358242,0.7161672,0.4548291,0.71538556,0.93104947,0.48707777,0.8638225,0.88770056,0.46955925,0.84478873,0.91684425
1480,29,0.49817073,0.4853679,0.8422558,0.5404504,0.5410913,0.738991,0.49567527,0.5381472,0.9215295,0.53047925,0.64305717,0.8748872,0.49017888,0.6190874,0.8177942,0.49216387,0.6927393,0.5867225,0.48214257,0.68671644,0.7277263,0.5384263,0.6775484,0.8858216,0.5052473,0.66986233,0.7538903,0.4828684,0.73716813,0.7914835,0.4549946,0.71512985,0.91859263,0.48724157,0.8630239,0.7659036,0.4690903,0.8441887,0.8772189
1481,29,0.49778894,0.48502836,0.79917616,0.53926396,0.54324025,0.61154526,0.4959439,0.53972405,0.9043076,0.5310353,0.64364517,0.85652655,0.4898774,0.62048477,0.75847316,0.49196833,0.6931956,0.5661762,0.48200557,0.68654037,0.6475939,0.53779894,0.6784622,0.8583311,0.50506514,0.67062324,0.72770435,0.48280117,0.7360286,0.7852603,0.4551831,0.7155663,0.9015195,0.48699978,0.8642505,0.8087079,0.46897036,0.843826,0.8636448
1482,29,0.49716866,0.4848748,0.7452095,0.538356,0.54538804,0.7994098,0.496057,0.54058546,0.87693775,0.5305347,0.6440876,0.7984523,0.48979652,0.6203932,0.70691806,0.4920607,0.6930217,0.53785956,0.4820205,0.6865054,0.6129474,0.5384843,0.6791687,0.809231,0.50618356,0.67164576,0.7025703,0.48270485,0.73440474,0.72633415,0.45564073,0.7147341,0.88041645,0.48723647,0.86374307,0.8186393,0.46902302,0.84366727,0.8669011
1483,29,0.4966996,0.4851025,0.74342555,0.53880084,0.5419787,0.7692584,0.49419075,0.539035,0.8320939,0.5295578,0.64469403,0.80306923,0.48808518,0.61997616,0.8714741,0.49044535,0.6937854,0.598883,0.48185953,0.6860112,0.6415845,0.5398147,0.6780688,0.8056986,0.5061882,0.67078406,0.71024394,0.48292965,0.7341894,0.76822394,0.4549722,0.71571237,0.8897739,0.48772943,0.86385983,0.77639824,0.4687284,0.8436008,0.80774397
1484,29,0.49537608,0.48673362,0.709969,0.5374162,0.5438063,0.857177,0.49348924,0.5380527,0.76299584,0.5295813,0.6445698,0.76387787,0.48790425,0.61944807,0.86984736,0.4928911,0.6882347,0.5791913,0.4822846,0.6833578,0.5573587,0.5384801,0.67756706,0.84832215,0.5055104,0.6701789,0.7482032,0.4832525,0.7356372,0.80056095,0.45460612,0.7159375,0.8878762,0.48736936,0.8634927,0.7326193,0.46875265,0.8442089,0.7958348
1485,29,0.49505156,0.48596424,0.5243252,0.5356636,0.5456806,0.6535835,0.49352884,0.5405117,0.7885293,0.5302293,0.6442856,0.7817791,0.48780236,0.6202387,0.82003474,0.49221915,0.69184196,0.4382244,0.48206142,0.6838762,0.7098616,0.536328,0.67935675,0.7856802,0.50498956,0.6725315,0.66562086,0.48329076,0.7349693,0.70914567,0.4560266,0.7154637,0.830309,0.48729762,0.86350834,0.79464364,0.46857575,0.84423196,0.8257162
1486,29,0.49345425,0.48793274,0.514479,0.535971,0.54498714,0.8883886,0.49189007,0.5396465,0.780056,0.53021723,0.64564246,0.8693628,0.48704177,0.62118745,0.86234117,0.4914793,0.6945474,0.5898411,0.4822473,0.68797934,0.6686881,0.53571826,0.6772738,0.8883604,0.5042108,0.6692105,0.6650295,0.48258916,0.7337216,0.72102207,0.45546785,0.7131575,0.9195498,0.4876366,0.86336243,0.88916546,0.4690074,0.84395415,0.89218235
1487,29,0.49190977,0.4888261,0.7600292,0.5357298,0.54513156,0.52618885,0.49057692,0.5407338,0.7413554,0.53057736,0.6456865,0.89588726,0.4868634,0.62115955,0.87568957,0.49154994,0.6928268,0.6852832,0.4821591,0.6869883,0.632711,0.5371742,0.6760259,0.79692227,0.50394756,0.669521,0.7202264,0.48266608,0.7345072,0.6719384,0.45531908,0.71430576,0.9058464,0.4874007,0.8625107,0.86248976,0.46964136,0.84447336,0.915689
1488,29,0.4900461,0.4902454,0.6703953,0.5345873,0.5442152,0.90500367,0.48909602,0.53899163,0.8526804,0.53035885,0.64521325,0.8982748,0.48597986,0.62099636,0.85948294,0.49098846,0.69266325,0.55987245,0.48263866,0.68637633,0.6859207,0.5366951,0.6764521,0.8428882,0.5032698,0.66873306,0.7179688,0.48264018,0.73255,0.71043557,0.45441952,0.71547467,0.77125514,0.48781967,0.86207986,0.8195296,0.47006887,0.84297633,0.9272402
1489,29,0.48931292,0.48977458,0.51752484,0.5326233,0.5455524,0.6561988,0.48852518,0.54200745,0.89580745,0.5308596,0.645718,0.87497365,0.4848804,0.62252414,0.7269213,0.49065787,0.6932566,0.5905363,0.48210087,0.6887657,0.59745115,0.5357761,0.67620564,0.80967134,0.50321656,0.66936535,0.6870412,0.48270464,0.734191,0.6905069,0.4555076,0.71436656,0.90532863,0.48722705,0.8619122,0.8332594,0.46929267,0.8440722,0.88650334
1490,29,0.48747012,0.49201185,0.7466253,0.5316476,0.5454626,0.7450282,0.48657912,0.54199374,0.74533033,0.53078574,0.647627,0.8769794,0.48438406,0.6214324,0.57969624,0.49047336,0.6930654,0.5463329,0.48231152,0.6881816,0.4540826,0.53648156,0.6763878,0.7926585,0.50319016,0.6690568,0.7042436,0.48280963,0.7340545,0.67629397,0.45459965,0.7156746,0.78062683,0.4872968,0.8629419,0.8901587,0.46955377,0.8422911,0.9056021
1491,29,0.4853269,0.493015,0.46330792,0.52982056,0.54695857,0.86631614,0.4849586,0.54313225,0.91014826,0.53034294,0.6471658,0.8714438,0.48369032,0.62171406,0.5192787,0.48938996,0.69274133,0.6239774,0.4816695,0.6880758,0.7021563,0.53604144,0.6783205,0.8569835,0.5035142,0.6722875,0.5495635,0.48233065,0.73529166,0.7065474,0.45497242,0.7156337,0.8774582,0.48733348,0.8635029,0.8741093,0.4696375,0.8432012,0.905062
1492,29,0.48365104,0.4943274,0.60532826,0.52764434,0.5495148,0.5055694,0.48402068,0.5440287,0.8475083,0.52942276,0.6459063,0.69062346,0.4829896,0.6207524,0.7293563,0.48896578,0.68679863,0.44070596,0.48177823,0.6815432,0.6231012,0.53486115,0.67970026,0.7366511,0.50426465,0.6737484,0.56438446,0.48385227,0.7358464,0.58638835,0.4560792,0.7171771,0.7813594,0.48677585,0.8616984,0.6927637,0.46932444,0.84434575,0.80480653
1493,29,0.480705,0.49573082,0.6200693,0.52756464,0.54927605,0.66454154,0.48243478,0.5447644,0.766682,0.52995807,0.6476461,0.838532,0.48279813,0.624532,0.80003387,0.48766086,0.6900421,0.59140104,0.47979584,0.68486035,0.5341933,0.53527904,0.6793553,0.87135166,0.50419307,0.67298263,0.6413329,0.4827479,0.7328929,0.66762227,0.45540375,0.7159562,0.89008045,0.48775023,0.86179787,0.87924737,0.47006658,0.8429822,0.8733061
1494,29,0.47857946,0.4978661,0.7337186,0.52591723,0.5502258,0.85865486,0.4801931,0.5449373,0.8780361,0.5269082,0.64897233,0.79484606,0.48060873,0.62375575,0.8097506,0.4860373,0.68765825,0.5726731,0.4790491,0.68384784,0.7286347,0.53708416,0.6757453,0.8811162,0.50534797,0.67164326,0.59302264,0.48289573,0.73379916,0.7603169,0.45483997,0.71544266,0.8927662,0.48810464,0.863059,0.8926652,0.46975726,0.8433066,0.9044513
1495,29,0.4765166,0.49901846,0.79734087,0.52470857,0.5486106,0.8246376,0.47648633,0.5467273,0.8557552,0.5260704,0.6510298,0.9089988,0.4795672,0.6253114,0.8286914,0.4823394,0.6887986,0.6680161,0.47416458,0.6886497,0.5998717,0.5374448,0.6768269,0.8506746,0.5038357,0.67189205,0.69453436,0.4823911,0.7346445,0.6747672,0.45388225,0.713232,0.8171018,0.4874095,0.8631292,0.7567002,0.46909758,0.8432293,0.89960355
1496,29,0.47385722,0.49986142,0.58777696,0.5230718,0.549925,0.75923944,0.47392842,0.5457004,0.90324956,0.52406543,0.6536007,0.84598786,0.4779286,0.6245799,0.7409351,0.4806673,0.6882277,0.64263594,0.47231612,0.68840516,0.60656637,0.53704756,0.67632145,0.9234236,0.5033093,0.6723312,0.7105009,0.48198432,0.73567724,0.7174519,0.45340225,0.71265686,0.781662,0.4879649,0.8648427,0.7846002,0.4695056,0.8417624,0.8769402
1497,29,0.4710755,0.5013197,0.80585605,0.5209083,0.5515098,0.84945256,0.47192433,0.548216,0.90128475,0.5208738,0.65348905,0.77906245,0.476667,0.62600756,0.7259136,0.47807378,0.6919619,0.52350444,0.47003278,0.6893654,0.546176,0.53651685,0.67797244,0.8757165,0.5019271,0.6743825,0.72941375,0.48154128,0.7366109,0.7697986,0.4524845,0.71329695,0.7971172,0.48843864,0.86492175,0.79919493,0.46936843,0.8422855,0.8978592
1498,29,0.46895924,0.5025609,0.706834,0.5183911,0.5525444,0.7901139,0.46880367,0.54835945,0.7259975,0.5171573,0.65415275,0.8662064,0.4745199,0.6248187,0.7412302,0.47625244,0.6921243,0.6338927,0.4671399,0.6899073,0.58503574,0.5365734,0.67647976,0.91485137,0.5019261,0.6738285,0.5981184,0.48127893,0.7389756,0.7797583,0.4525726,0.7131577,0.6998397,0.48788533,0.8661535,0.82658625,0.46920517,0.8428579,0.91260785
1499,29,0.4675759,0.5014732,0.64950997,0.514562,0.5542374,0.6929904,0.46741453,0.54860604,0.8080694,0.5169689,0.6548787,0.91221946,0.4714812,0.62606835,0.76009846,0.47321388,0.6925457,0.6044154,0.46495667,0.6912844,0.5997143,0.53632146,0.67343086,0.89493555,0.5024185,0.67184234,0.5461153,0.48151836,0.73716265,0.6054305,0.451475,0.7143286,0.7107161,0.48807418,0.8662725,0.85960215,0.46952453,0.8423554,0.9137737
1500,30,0.46428576,0.50218254,0.7918773,0.51262444,0.55213153,0.9054719,0.46537897,0.54601306,0.85278946,0.51327544,0.6553709,0.8021011,0.46898335,0.626173,0.8888889,0.47155395,0.6914668,0.62553996,0.46075934,0.688691,0.6832208,0.53630894,0.67061174,0.91020083,0.5020841,0.6701462,0.6355432,0.48028502,0.7356183,0.67249894,0.44871673,0.71438545,0.8002727,0.4881625,0.864837,0.8109892,0.46858394,0.8424644,0.87656736
1501,30,0.46219552,0.50221515,0.758383,0.50944424,0.5520442,0.6780652,0.46646765,0.54681647,0.87617266,0.5098219,0.6546992,0.8198262,0.46607694,0.6260691,0.8992733,0.46828347,0.6934013,0.5369029,0.45741427,0.6900673,0.55553,0.5352814,0.66937953,0.9264947,0.502807,0.6677541,0.6453151,0.4796495,0.738252,0.7596516,0.4493388,0.71011186,0.6511303,0.48859024,0.8660794,0.85862124,0.4688198,0.84139097,0.9274887
1502,30,0.46000013,0.5006923,0.73921794,0.5070773,0.5501266,0.83368295,0.46433935,0.548531,0.7203403,0.50601727,0.6537348,0.80165124,0.4632447,0.6272775,0.92060786,0.46379948,0.6942697,0.6632393,0.45276892,0.68950945,0.43778923,0.5338121,0.66809046,0.8271984,0.50276446,0.66737413,0.6853471,0.47847387,0.73828745,0.72131944,0.45003796,0.7171135,0.35100478,0.48857334,0.8669428,0.78668374,0.46901998,0.84160596,0.92066115
1503,30,0.45706043,0.49976915,0.826343,0.50614,0.5464644,0.81625855,0.4594107,0.5454124,0.80727416,0.5037812,0.6533912,0.8880145,0.46040502,0.62477964,0.7927556,0.4605683,0.6968473,0.6776714,0.45006818,0.6933118,0.40146446,0.5333101,0.6640145,0.9137289,0.5013437,0.665421,0.7371973,0.4775353,0.73794264,0.7460711,0.4511924,0.7223101,0.32351312,0.48800346,0.8666882,0.83997816,0.4685481,0.84134066,0.9384388
1504,30,0.45427114,0.4972601,0.6192184,0.5042664,0.54425263,0.809872,0.4570163,0.5436835,0.8811355,0.49942297,0.65019417,0.8539652,0.45726272,0.6211278,0.8169107,0.45736334,0.69688195,0.60451514,0.44470513,0.6900146,0.59500706,0.5305157,0.65926456,0.8836371,0.49740264,0.66238755,0.62654716,0.47648507,0.74056613,0.8619106,0.450965,0.7274618,0.33274662,0.4885657,0.86594677,0.6783672,0.47039944,0.8402898,0.9222178
1505,30,0.45223516,0.4944158,0.8303623,0.5020065,0.5411466,0.8793701,0.4556723,0.5410051,0.65942615,0.49722958,0.64693606,0.71200186,0.4544674,0.61951035,0.8794894,0.45642403,0.6977242,0.62618876,0.4408897,0.68893117,0.6969103,0.5293446,0.6557208,0.8050659,0.4965159,0.65916896,0.723979,0.475719,0.7407655,0.89270806,0.45017153,0.73260003,0.45569792,0.48783112,0.86489046,0.79894644,0.47020066,0.8390242,0.85533506
1506,30,0.45067045,0.4908724,0.84335923,0.5010184,0.53675264,0.89007753,0.45411137,0.5367028,0.71371716,0.49373686,0.64423805,0.80713916,0.452609,0.6172247,0.90381056,0.45647717,0.6959239,0.56816965,0.43812096,0.68421686,0.6871446,0.5281199,0.6555492,0.85445076,0.4946736,0.65852004,0.81165725,0.47409275,0.7410532,0.8671577,0.4508011,0.7369111,0.4663584,0.48686638,0.86416906,0.8288059,0.4691562,0.83826274,0.87929827
1507,30,0.449881,0.48672327,0.54315454,0.49911538,0.53267926,0.8411595,0.452635,0.532076,0.8090251,0.49190775,0.64110065,0.7439965,0.45077288,0.61432475,0.8344509,0.45442197,0.69574213,0.5608199,0.43591976,0.6824808,0.63222307,0.5261165,0.654015,0.84699625,0.4931199,0.65646505,0.77260774,0.47307995,0.74166375,0.8837967,0.45071527,0.73809904,0.42915606,0.4860878,0.86536133,0.54419553,0.46997198,0.8374955,0.6603667
1508,30,0.44807473,0.4808439,0.47466502,0.49687386,0.5299123,0.7880056,0.4524856,0.528772,0.7619499,0.49044457,0.6349943,0.60928667,0.44880992,0.61109275,0.7085322,0.45437562,0.6953921,0.6417738,0.43377843,0.680826,0.6789594,0.52322745,0.6507799,0.8706934,0.4911843,0.6520599,0.6390829,0.4712005,0.74306834,0.8870682,0.44854024,0.7365831,0.40151098,0.4865387,0.86731845,0.86498356,0.4687243,0.83539385,0.8213087
1509,30,0.44558656,0.47648337,0.81974375,0.49665746,0.5233153,0.73700756,0.4489626,0.52328783,0.74728096,0.49011394,0.628985,0.87283343,0.44697,0.60919344,0.7123964,0.45333296,0.69443786,0.69866496,0.43109876,0.67930466,0.8073087,0.5253352,0.6465446,0.89717996,0.49243462,0.6473772,0.83317196,0.47063553,0.7403318,0.85395956,0.44485542,0.7255682,0.5700261,0.48643622,0.86588174,0.87679344,0.46746132,0.8371369,0.8876249
1510,30,0.44506434,0.46889725,0.73151344,0.4965594,0.5181171,0.6205773,0.44831577,0.5199769,0.9314113,0.488619,0.6235401,0.7586887,0.44555673,0.6024562,0.83884454,0.4539067,0.6933339,0.729629,0.42984688,0.67862403,0.6836088,0.52495474,0.64204186,0.83304244,0.49214554,0.64434737,0.75620717,0.46929312,0.7393685,0.67125344,0.44514462,0.73146695,0.59272736,0.48586935,0.8683784,0.8508878,0.46732026,0.83482915,0.7231972
1511,30,0.44450042,0.4612992,0.7582475,0.49433148,0.5119279,0.8063533,0.44791996,0.51434743,0.9064908,0.48739347,0.6184687,0.83356225,0.44453657,0.5972394,0.7908206,0.45503536,0.69165695,0.7761817,0.42909414,0.6720435,0.8548055,0.52322125,0.6399752,0.87754875,0.49101353,0.641751,0.72220427,0.46810725,0.7372959,0.76478326,0.44505018,0.7280433,0.5760673,0.4858096,0.8664682,0.79519266,0.46614653,0.83830637,0.8655179
1512,30,0.44306278,0.45537338,0.77922195,0.4936078,0.50373054,0.7883962,0.44653317,0.5082647,0.7752049,0.4868102,0.61256826,0.8294166,0.44353306,0.59234345,0.92029923,0.45521784,0.6919305,0.7694636,0.4277652,0.66832244,0.8952918,0.52212495,0.6360197,0.8758995,0.48831928,0.63876456,0.7068124,0.4671504,0.7375833,0.853721,0.444502,0.72845435,0.65957534,0.48673487,0.8623975,0.7932583,0.46662125,0.8333116,0.83607364
1513,30,0.4426876,0.4479606,0.8566482,0.49399,0.49573585,0.7697224,0.44566628,0.5014014,0.7578479,0.4871025,0.60460216,0.70059454,0.44244522,0.58643484,0.8999279,0.45607328,0.6875451,0.6541077,0.42645988,0.6630567,0.7847672,0.52033466,0.63072026,0.9158708,0.48553148,0.6331162,0.66831803,0.4670763,0.7367696,0.9159717,0.445559,0.7255384,0.7601425,0.48760304,0.8643201,0.8602606,0.4659924,0.83557063,0.8292992
1514,30,0.442136,0.43764898,0.80883104,0.49274048,0.48792103,0.83766425,0.44481978,0.49208567,0.86346364,0.48598614,0.5966575,0.7815624,0.44313443,0.5799466,0.9048453,0.45888346,0.6786606,0.72223353,0.42701557,0.6569197,0.81069523,0.5180982,0.62651855,0.92865103,0.4828122,0.630151,0.82363963,0.4665307,0.7366058,0.8958664,0.44595727,0.7261573,0.6468137,0.48732454,0.8662166,0.9137183,0.46625784,0.83541465,0.8563528
1515,30,0.4412218,0.4297816,0.7092751,0.4915381,0.4818071,0.8832621,0.44436452,0.48682806,0.8809349,0.4868701,0.59167486,0.82801473,0.44262448,0.5723596,0.8830829,0.46261647,0.6784151,0.73150617,0.42878687,0.6522449,0.7310573,0.51674527,0.62255394,0.91360795,0.47972557,0.62604594,0.8270034,0.4654373,0.7368823,0.8118701,0.4455159,0.7276693,0.70792896,0.48722464,0.8638666,0.77172476,0.46665588,0.8375425,0.7982651
1516,30,0.4406952,0.42201644,0.8461557,0.49032766,0.47437638,0.9103064,0.44416794,0.48231065,0.9156022,0.48723373,0.58341134,0.8442919,0.4423656,0.56742847,0.8632819,0.46620712,0.6709431,0.7277696,0.42979985,0.6446544,0.6348814,0.51396096,0.61645204,0.910506,0.47710803,0.6180542,0.8093036,0.46680814,0.73491377,0.6992327,0.44497156,0.7259633,0.8697593,0.48744902,0.864417,0.9125856,0.46715727,0.8375027,0.50345504
1517,30,0.44041225,0.41321185,0.7238875,0.49000293,0.4673242,0.7247385,0.44344574,0.47576565,0.92775106,0.48678195,0.5752846,0.79899865,0.44231448,0.5589645,0.85944587,0.46736726,0.66359997,0.6328575,0.43123394,0.6383131,0.8978078,0.51285005,0.6066363,0.85751545,0.47775662,0.6081293,0.7344334,0.46855697,0.73208785,0.64155525,0.4461506,0.72255385,0.86017567,0.48614934,0.8638289,0.7250546,0.4662338,0.8344827,0.6195728
1518,30,0.44105676,0.40379617,0.48584026,0.48919228,0.45685947,0.8023511,0.44372386,0.4676754,0.91458476,0.48757604,0.5662825,0.8222852,0.4437217,0.5540771,0.9345756,0.47208723,0.65887487,0.68328965,0.4327111,0.63144815,0.5225361,0.51113266,0.6025417,0.9159944,0.47637576,0.60124594,0.78903383,0.46775326,0.7285696,0.8532332,0.44703236,0.7223787,0.85275584,0.48614013,0.8585538,0.7698172,0.46700987,0.83553624,0.6732234
1519,30,0.44086635,0.39857495,0.6784472,0.48819828,0.4500502,0.821934,0.44312674,0.46078256,0.8344791,0.4889096,0.5586706,0.6696637,0.4436051,0.54690474,0.932482,0.47372165,0.65360546,0.39996746,0.43431702,0.62529343,0.80394036,0.50945705,0.59551233,0.91137034,0.4750002,0.59682703,0.79345846,0.46909487,0.73037225,0.7881394,0.44692975,0.72250366,0.64396983,0.4851357,0.86288756,0.6426235,0.466761,0.8401309,0.7599452
1520,30,0.44069785,0.3900736,0.8190048,0.4893023,0.44338107,0.9084543,0.4421214,0.45411474,0.9407461,0.48810264,0.54957706,0.7241485,0.44377607,0.5403483,0.8977097,0.47833782,0.6466208,0.7381661,0.4343624,0.62011087,0.7340312,0.50757366,0.5919135,0.8665296,0.47252613,0.5952727,0.7320694,0.46889776,0.72780704,0.83125323,0.44862556,0.72243845,0.79988235,0.48502293,0.85849017,0.63621384,0.4668633,0.8392301,0.7817267
1521,30,0.4407615,0.383562,0.6584985,0.48930886,0.43824968,0.8067922,0.44208935,0.44630483,0.8839451,0.49179628,0.5440565,0.6128907,0.4445797,0.5362498,0.8914273,0.48178965,0.6400713,0.68348485,0.43585244,0.6129434,0.666875,0.5041821,0.59277284,0.7691516,0.4690021,0.59666514,0.7548301,0.47167486,0.7311122,0.7797044,0.44973308,0.72629255,0.61402714,0.4870538,0.86083347,0.7699591,0.46672586,0.84348685,0.6682649
1522,30,0.44098428,0.37422222,0.62122875,0.49000606,0.43286362,0.7512327,0.44286734,0.44174424,0.9100281,0.49453914,0.5359729,0.6573203,0.44381836,0.52656466,0.88889337,0.48326713,0.6297639,0.7442079,0.43764192,0.6048566,0.83194363,0.5009548,0.5949386,0.8582905,0.46599433,0.60017586,0.6450291,0.4725179,0.7315269,0.7337281,0.45112786,0.7259437,0.75758153,0.48757762,0.859206,0.6875183,0.46744218,0.8411464,0.7502682
1523,30,0.4420908,0.37016162,0.78378516,0.48895508,0.42560855,0.8761554,0.4435239,0.4361222,0.8546392,0.4981125,0.53061825,0.7731597,0.4430245,0.52377635,0.9112577,0.48762983,0.6249868,0.71200264,0.43819097,0.59949195,0.72634023,0.4957313,0.59433866,0.754545,0.46373978,0.5973233,0.7784701,0.47371763,0.7295913,0.69225883,0.45093945,0.72117585,0.7075104,0.48566756,0.86129886,0.62117064,0.4665521,0.83817613,0.8584419
1524,30,0.4411639,0.36270526,0.6451301,0.4900056,0.42103028,0.674827,0.44264355,0.43379042,0.76598567,0.49914664,0.5232694,0.87026757,0.44462225,0.52037776,0.88718176,0.49026325,0.6181425,0.7056651,0.4403455,0.5959005,0.7540867,0.49103412,0.5967846,0.8052795,0.4614425,0.60065174,0.83394563,0.47469038,0.729422,0.8269191,0.45305696,0.7204991,0.7155128,0.4865509,0.8603632,0.66767037,0.46845564,0.84039295,0.7597849
1525,30,0.4423588,0.35772642,0.75290376,0.4900664,0.41730303,0.83045596,0.44289798,0.42840052,0.76809245,0.50095016,0.5195427,0.8546582,0.44581127,0.5165161,0.8291322,0.49210015,0.61387926,0.7516088,0.44116402,0.5903497,0.7532266,0.4886422,0.60034317,0.8109823,0.46064526,0.602038,0.84062165,0.47607657,0.7282198,0.73888147,0.45501158,0.7202775,0.7734799,0.48643544,0.85937697,0.8646932,0.46744373,0.84206057,0.86782336
1526,30,0.44223532,0.35436484,0.83561957,0.49088213,0.41287062,0.6364259,0.4432799,0.4250013,0.8987768,0.50356984,0.51433206,0.6223742,0.44882056,0.5155424,0.7616979,0.49227077,0.60831165,0.73609895,0.442419,0.5880853,0.6605236,0.4884041,0.6049108,0.8035152,0.46010455,0.6043881,0.8447396,0.47864878,0.7292921,0.629857,0.4565032,0.72478956,0.7036903,0.48603222,0.862421,0.7542359,0.46889105,0.84614605,0.7777579
1527,30,0.44254664,0.3514708,0.61477613,0.49098155,0.40865943,0.5956112,0.4429752,0.42241016,0.8940204,0.50563216,0.51030105,0.83073026,0.44856226,0.51055115,0.71857595,0.49375615,0.60502964,0.7025526,0.4443595,0.58461046,0.77790844,0.4860307,0.60657,0.7726539,0.458538,0.60544646,0.8019979,0.47970006,0.7295895,0.65549016,0.45809427,0.72463095,0.7472034,0.48445192,0.8612818,0.77793676,0.46680012,0.84427387,0.76458365
1528,30,0.4423059,0.34992257,0.7760084,0.49062246,0.4068377,0.717998,0.4424209,0.41908658,0.6094523,0.50623256,0.5054381,0.87008876,0.44822267,0.5101463,0.6985921,0.49593958,0.60085994,0.7261238,0.4433986,0.58037436,0.6689455,0.48341686,0.6056295,0.7184161,0.45693126,0.60400116,0.7177154,0.47929397,0.7290204,0.61930853,0.45684937,0.7283474,0.6155804,0.48592582,0.8611387,0.7772296,0.4674425,0.8446965,0.84523964
1529,30,0.44311255,0.34673706,0.43221226,0.4904447,0.40552112,0.81422544,0.44227645,0.4177584,0.8230928,0.50811225,0.50316435,0.73122984,0.44633293,0.5073492,0.7189775,0.49943307,0.5977701,0.7470545,0.44185722,0.5801606,0.53637034,0.48234424,0.6036185,0.71200407,0.45613536,0.603324,0.6776942,0.48031363,0.72888106,0.83780295,0.45950186,0.7257905,0.67753184,0.48549703,0.85809064,0.64176023,0.46628004,0.8434814,0.85724735
1530,30,0.44309774,0.3454027,0.48833743,0.49017856,0.40430638,0.8383057,0.44427496,0.41544256,0.87593555,0.50858337,0.5025472,0.7944537,0.4484635,0.5050335,0.6822903,0.49966845,0.5962808,0.75471807,0.44284505,0.57752967,0.5710603,0.4823789,0.60207486,0.71359104,0.4563546,0.6008477,0.6796375,0.48198974,0.7305585,0.5639612,0.46014398,0.7239381,0.637985,0.48753268,0.85790306,0.7233431,0.46584374,0.8478976,0.7794007
1531,30,0.4430469,0.3448406,0.47579026,0.49021453,0.4024447,0.8331015,0.4439254,0.41444063,0.8833283,0.5093145,0.49979034,0.84806114,0.45068437,0.50131947,0.6895569,0.50079334,0.5944199,0.6785674,0.4425155,0.5736381,0.52862096,0.48014343,0.6007216,0.7009829,0.45445505,0.59958756,0.7080421,0.48354453,0.733539,0.5913176,0.45984733,0.7269971,0.7089934,0.48640585,0.8564686,0.7265462,0.466539,0.8482202,0.7740132
1532,30,0.4445867,0.3453277,0.75238234,0.48882198,0.41165414,0.6303161,0.4470027,0.41934377,0.6260251,0.50796854,0.5020396,0.7526366,0.45017788,0.50638914,0.5073,0.5013245,0.59346473,0.64605284,0.44241092,0.57498217,0.38763347,0.47808066,0.5986883,0.60913,0.45489952,0.5993102,0.5086393,0.48413593,0.7333441,0.60917234,0.46150854,0.7308913,0.6153997,0.4876111,0.85612375,0.5289752,0.4655743,0.84912664,0.5035143
1533,30,0.44367316,0.344405,0.74030906,0.4904782,0.40111628,0.743919,0.44425628,0.41379315,0.7388953,0.5097563,0.4994019,0.7962972,0.45125973,0.5052165,0.74393153,0.5023219,0.5942818,0.6498246,0.44249916,0.57938075,0.64486057,0.4786573,0.5944829,0.69338655,0.45308366,0.5947503,0.67866135,0.48418373,0.7296049,0.70559937,0.4590592,0.7228962,0.6318339,0.48710874,0.8558856,0.8709872,0.46610487,0.84739536,0.7908189
1534,30,0.44374382,0.34691012,0.7685204,0.49075204,0.4041417,0.76741415,0.44530284,0.41454107,0.7590719,0.5085196,0.502423,0.84101206,0.4518914,0.5041263,0.67148584,0.50424725,0.595285,0.5640134,0.4420786,0.5749106,0.68280107,0.47868797,0.5974312,0.75486684,0.45294857,0.5972461,0.74029744,0.4852927,0.72942966,0.64040816,0.46155766,0.72276986,0.61853164,0.48524016,0.8556632,0.7460108,0.46637827,0.84349906,0.7605353
1535,30,0.44301304,0.34645617,0.76344186,0.49054325,0.4045648,0.74408513,0.44431597,0.41511768,0.81394917,0.50817597,0.50425327,0.8453153,0.45052174,0.50574446,0.6272613,0.50512946,0.598231,0.5631145,0.44065347,0.57917625,0.66267806,0.47822762,0.5984775,0.7634336,0.45215335,0.59842676,0.76231045,0.48440784,0.7326524,0.64972323,0.461125,0.7274914,0.62030566,0.48550504,0.85683864,0.7989883,0.46659437,0.8442331,0.82928133
1536,30,0.442943,0.34740385,0.77412564,0.49025849,0.40525347,0.7846222,0.44476026,0.41475597,0.85792476,0.5076286,0.506898,0.8559605,0.45273775,0.505469,0.6598167,0.5053337,0.59903336,0.6291146,0.44119886,0.5790913,0.5674481,0.47788104,0.60043454,0.78341705,0.4517195,0.6014317,0.76237786,0.48476437,0.72973675,0.5729826,0.46219653,0.7295993,0.6460471,0.48626232,0.853668,0.8611237,0.46684557,0.8451107,0.8512561
1537,30,0.44275054,0.34725693,0.7428315,0.49000832,0.40545258,0.7620089,0.44574052,0.41485733,0.8888134,0.50686747,0.50861984,0.83988166,0.45305234,0.5079447,0.6198342,0.50495553,0.60037357,0.5797426,0.44189516,0.5819632,0.57561845,0.47659218,0.6018881,0.7296367,0.45223725,0.6021026,0.73995286,0.48464546,0.7310582,0.52655673,0.462091,0.72876465,0.6858112,0.48672614,0.8514357,0.81397843,0.46652886,0.8465618,0.7567569
1538,30,0.44367212,0.34691972,0.582157,0.48816398,0.41138232,0.81498766,0.4481245,0.4158856,0.648217,0.50616443,0.50876343,0.7490853,0.45146734,0.50989866,0.5658886,0.50512284,0.59759,0.5448143,0.44195372,0.5838816,0.4271857,0.47573978,0.6011806,0.6709758,0.45363122,0.6021467,0.65921366,0.48408172,0.73298067,0.61013603,0.4608776,0.7303979,0.47656718,0.4869791,0.8547684,0.63269204,0.46681437,0.8476739,0.6114395
1539,30,0.44315645,0.34694746,0.82238406,0.4903085,0.4051986,0.84996474,0.44573727,0.41523567,0.8482683,0.50663656,0.5086325,0.7401142,0.45223635,0.5066913,0.7020686,0.5054143,0.6024289,0.6473391,0.44062883,0.58235335,0.67528707,0.47701976,0.60006636,0.7532919,0.4516222,0.6003767,0.7093586,0.48475975,0.7307444,0.68017364,0.46277887,0.7285069,0.7626991,0.4844109,0.85777485,0.5749397,0.46784142,0.84478116,0.8849929
1540,30,0.44283625,0.3486209,0.7507941,0.4893823,0.4046477,0.75070435,0.44533417,0.41558713,0.86582506,0.5053978,0.507484,0.841396,0.45049068,0.5096871,0.6172451,0.50437504,0.60112906,0.60163754,0.43925813,0.58550006,0.639669,0.47641036,0.5999929,0.75424016,0.45068246,0.6008808,0.7248096,0.48491013,0.7319727,0.63758516,0.4608385,0.72895133,0.7041976,0.4848996,0.8542933,0.8516015,0.46588388,0.84547096,0.8089857
1541,30,0.44307894,0.3491389,0.7333041,0.4894848,0.40500703,0.8096168,0.4450448,0.41628006,0.8358616,0.5048364,0.5068267,0.8459986,0.45182845,0.5085352,0.62739164,0.50334734,0.60134184,0.5671656,0.43887118,0.5856549,0.51502746,0.47547638,0.5999493,0.7489791,0.449985,0.6016484,0.7478177,0.48436514,0.7316187,0.6297449,0.4614425,0.7293047,0.73378557,0.4854251,0.85419303,0.7751461,0.4653917,0.84641725,0.835571
1542,30,0.44288662,0.348178,0.57180214,0.4894187,0.40511504,0.8251044,0.44491664,0.41607288,0.6515431,0.5050782,0.50734013,0.81323785,0.45114872,0.5068365,0.65162444,0.50364184,0.6030258,0.56006217,0.43850824,0.58424985,0.5906997,0.4748457,0.6023989,0.7536237,0.4498223,0.6031987,0.7757546,0.48417193,0.7340219,0.6590273,0.46264985,0.73051375,0.79106826,0.4841809,0.8536872,0.59171635,0.4658896,0.84763986,0.8269867
1543,30,0.44307312,0.34757692,0.6365569,0.48938286,0.40551558,0.8279861,0.44509256,0.4163981,0.60824114,0.5051107,0.5062261,0.8264494,0.448501,0.5106841,0.5935347,0.50010234,0.60227853,0.61849165,0.43721226,0.58455855,0.70772177,0.4742038,0.6030235,0.7398995,0.45013046,0.6035889,0.7747514,0.48250973,0.7350819,0.73811316,0.46284884,0.73028564,0.730205,0.4841,0.8579987,0.5597286,0.46611786,0.8469858,0.8497894
1544,30,0.44339123,0.34683365,0.6388814,0.48863748,0.40632573,0.80216414,0.4449046,0.41513413,0.73387134,0.50427413,0.5062858,0.80577165,0.4468202,0.5106784,0.680172,0.49873787,0.60374486,0.6182002,0.4368237,0.58701986,0.63343126,0.47406074,0.6021003,0.6931531,0.45020592,0.60313886,0.75232345,0.48150054,0.73463506,0.6474788,0.4628573,0.72917694,0.68511367,0.4881261,0.85678333,0.8141816,0.46570665,0.8470503,0.8236966
1545,30,0.4430905,0.34751645,0.63068974,0.48896983,0.40562034,0.81561655,0.44407913,0.4171421,0.79063123,0.50404555,0.5052802,0.82135755,0.44759235,0.51331383,0.7253735,0.49668267,0.60009056,0.6764489,0.43611643,0.5850966,0.6113925,0.47446665,0.60382956,0.77204937,0.44945818,0.60391504,0.7792996,0.48169068,0.73454434,0.73391175,0.4624173,0.72778434,0.75214535,0.48470446,0.85382116,0.5973317,0.46751115,0.8444189,0.7317282
1546,30,0.44324195,0.34690183,0.66328317,0.48874274,0.4057286,0.81722724,0.4440532,0.4166739,0.5525798,0.50406086,0.5062477,0.8131977,0.44741848,0.5112436,0.70088726,0.49467844,0.6024751,0.6298749,0.4366471,0.58504695,0.6274657,0.47386327,0.605431,0.7398155,0.44962415,0.60442144,0.7894687,0.48123774,0.73573506,0.68959737,0.46126395,0.72973645,0.63877594,0.48467323,0.8559879,0.62403286,0.46665728,0.84586364,0.68730396
1547,30,0.44348824,0.346836,0.71061635,0.48845986,0.4061109,0.8048677,0.4440131,0.41665506,0.78157496,0.50357604,0.5054441,0.8105388,0.44580454,0.5126117,0.71043116,0.49400124,0.5990784,0.749893,0.4358137,0.58598286,0.63077253,0.47370073,0.60541016,0.7496044,0.4499179,0.6047734,0.7707943,0.48161608,0.73613256,0.6529775,0.4615418,0.7304507,0.6399313,0.48840243,0.8571767,0.8536786,0.46650937,0.84416187,0.6866411
1548,30,0.4433384,0.34651372,0.6800391,0.48827076,0.40594456,0.796752,0.44318357,0.4170043,0.77680975,0.503217,0.5067896,0.80627716,0.4453784,0.51353586,0.7023705,0.493004,0.599662,0.76558,0.43489125,0.58710235,0.48247212,0.47385177,0.6055961,0.7618325,0.44940668,0.60560006,0.77755654,0.4813855,0.7350604,0.637856,0.4601673,0.7301929,0.59191847,0.48473942,0.858112,0.6409046,0.46673676,0.84441733,0.7011781
1549,30,0.44341353,0.34699577,0.7255233,0.48821583,0.406138,0.80686796,0.4431769,0.41788974,0.79348797,0.5028511,0.5076523,0.80507565,0.44521162,0.5128841,0.70810187,0.4921002,0.5993776,0.7579503,0.43446255,0.58630145,0.5658793,0.47406852,0.6064297,0.74756867,0.44929522,0.60556597,0.7662218,0.48146302,0.7356382,0.65325236,0.46223238,0.7299454,0.5713934,0.48694092,0.8535511,0.8492939,0.46651554,0.84371555,0.6787632
1550,31,0.44317183,0.34780568,0.7226872,0.4878475,0.40442622,0.770923,0.4430585,0.41796547,0.83919275,0.50311637,0.5071948,0.82954526,0.44406083,0.51112854,0.6541152,0.49103844,0.5987364,0.801557,0.43298396,0.5856143,0.7610603,0.47355708,0.606781,0.76298517,0.44813064,0.6066998,0.72965765,0.4816107,0.7368497,0.67794186,0.4614227,0.73110926,0.5884088,0.48675856,0.85560054,0.8708912,0.4663173,0.8438954,0.684916
1551,31,0.44362783,0.34862986,0.78227466,0.48815778,0.405458,0.8199314,0.44257337,0.41838846,0.59024626,0.50229573,0.50773495,0.7826869,0.44389698,0.51202196,0.66864777,0.49018177,0.6001883,0.78040653,0.43294105,0.58613175,0.6261701,0.47350356,0.6085906,0.7689434,0.44815794,0.606979,0.75678396,0.48152474,0.73562723,0.65044963,0.46298793,0.7309913,0.72139883,0.48435545,0.8575365,0.6106357,0.4668116,0.8435902,0.66138923
1552,31,0.44378746,0.34833834,0.78702515,0.4874443,0.40418577,0.7737398,0.44287503,0.41740298,0.70414007,0.5020736,0.50720316,0.78239864,0.44289842,0.5119952,0.62973505,0.48781452,0.6024266,0.5587404,0.43168724,0.58631116,0.5963967,0.47344702,0.60727674,0.7385785,0.4481439,0.6060982,0.73940116,0.48119533,0.73570037,0.61279804,0.46236724,0.7307395,0.70220554,0.48449695,0.85710156,0.6267122,0.46760857,0.8452744,0.7068632
1553,31,0.44359818,0.34788728,0.77775335,0.48765704,0.4047348,0.7954011,0.4424916,0.41798836,0.5833955,0.50145584,0.5067514,0.7836118,0.44292733,0.51260966,0.6634021,0.4875422,0.60115707,0.7772838,0.4316962,0.58727777,0.72499925,0.4729238,0.6075564,0.74809897,0.4480091,0.6060046,0.73706686,0.48114184,0.73640275,0.5935801,0.4624733,0.73097104,0.70354116,0.48450345,0.85727954,0.6203713,0.46724817,0.8438655,0.6857233
1554,31,0.44377986,0.3486129,0.7912049,0.48767382,0.40491235,0.8166303,0.44300467,0.41627115,0.59936064,0.501332,0.5070368,0.7713202,0.4420791,0.51256317,0.5900777,0.4875891,0.6005596,0.75603807,0.4308632,0.58586866,0.6077018,0.4734232,0.60661983,0.7462846,0.4476118,0.6052776,0.7227957,0.48167133,0.7347981,0.64717335,0.4617709,0.7281851,0.70668113,0.48489335,0.853745,0.6870215,0.46661282,0.84293836,0.71652126
1555,31,0.4434255,0.3475859,0.78213614,0.4876972,0.4060123,0.823464,0.44288883,0.41577324,0.78651124,0.50086486,0.510493,0.560614,0.44280288,0.51084054,0.6546477,0.48601598,0.60033804,0.48621815,0.43175635,0.5862214,0.7980825,0.47256547,0.6070482,0.754227,0.44733506,0.60597944,0.7233349,0.48128632,0.7367072,0.6835414,0.46247387,0.7306558,0.59203464,0.48480612,0.8552175,0.66341573,0.46754214,0.84561926,0.7447092
1556,31,0.4429198,0.347444,0.7870543,0.48697102,0.40623078,0.7793628,0.4429351,0.41659117,0.5720129,0.5011122,0.50746036,0.7757664,0.4417534,0.5139376,0.5625355,0.48656252,0.6003347,0.7092099,0.43058035,0.58453584,0.60316306,0.47256115,0.6065791,0.7225885,0.4475501,0.60465044,0.7028001,0.48224714,0.73649794,0.7185217,0.46175754,0.7307084,0.6917874,0.4853493,0.8583318,0.59632033,0.4675916,0.8449135,0.7718874
1557,31,0.4429859,0.3476406,0.78739744,0.4871568,0.40647358,0.79294765,0.44314638,0.41557148,0.78739256,0.50073063,0.50733817,0.76103944,0.44204196,0.51234853,0.64860845,0.4857654,0.59988654,0.71143687,0.43087864,0.5846657,0.6060588,0.47263974,0.60645604,0.7285508,0.4477722,0.60479146,0.7252313,0.48190245,0.7363973,0.735088,0.46261984,0.731995,0.6507207,0.48509747,0.85703814,0.5902408,0.46771207,0.84536994,0.7910394
1558,31,0.4425864,0.34628075,0.71325296,0.48710316,0.40658727,0.7898751,0.44298613,0.41529235,0.75961494,0.50072455,0.5093936,0.5345673,0.44219372,0.5128514,0.6605436,0.48499745,0.5996703,0.6954537,0.43163747,0.5861623,0.7842248,0.47260144,0.60675997,0.7217605,0.44781777,0.6050078,0.72648054,0.48152414,0.73724717,0.719972,0.46223924,0.7319979,0.65527093,0.48608124,0.85618395,0.7119725,0.46783435,0.84505725,0.7900781
1559,31,0.44247845,0.34563214,0.6651333,0.4870543,0.40698704,0.7828491,0.4427691,0.4150431,0.73299587,0.50064385,0.507873,0.75872266,0.4419619,0.5132899,0.6337446,0.48444954,0.59993273,0.6573431,0.43160897,0.5860511,0.77305186,0.4728321,0.6065761,0.7191988,0.4479226,0.6049677,0.7212199,0.4818576,0.73665726,0.7239748,0.46216813,0.7323106,0.65261376,0.48507646,0.85529554,0.58914936,0.46807602,0.8447537,0.77958244
1560,31,0.44228858,0.3455008,0.6046997,0.48709348,0.40714523,0.786259,0.4426605,0.4169155,0.83701384,0.50056636,0.50819147,0.77563626,0.44196233,0.5136392,0.581581,0.48466358,0.59960824,0.67550135,0.43154648,0.58579856,0.76935834,0.4725446,0.60654026,0.7089416,0.44758695,0.6043696,0.6968103,0.48122394,0.7364252,0.6964729,0.46185705,0.73127383,0.6235925,0.48543435,0.85553026,0.68995684,0.4676401,0.84526795,0.75722593
1561,31,0.4431262,0.34577876,0.6172262,0.4868918,0.4096575,0.7419616,0.44387105,0.41656587,0.6966705,0.5003142,0.5077267,0.73885,0.4425667,0.51276374,0.5721867,0.48457825,0.5997779,0.66229004,0.43193576,0.58608544,0.68860084,0.47195026,0.60608214,0.6465191,0.44800425,0.6043632,0.672351,0.48116452,0.7368057,0.63396364,0.46131077,0.73269427,0.5723995,0.48795757,0.8585137,0.7862399,0.4667488,0.8458982,0.7146664
1562,31,0.44325605,0.34585002,0.71411306,0.48643616,0.41130638,0.7235572,0.44407558,0.41880018,0.66635394,0.500021,0.5087497,0.72379035,0.44196948,0.51568586,0.53521925,0.48503837,0.5994857,0.6936701,0.43188572,0.58679074,0.7169246,0.47207782,0.60465664,0.6325382,0.44857508,0.603377,0.64087516,0.4814006,0.73462117,0.67381024,0.4623354,0.7314266,0.57366633,0.48547465,0.8561351,0.5961506,0.46686417,0.84812665,0.7182316
1563,31,0.4429553,0.34426293,0.70094305,0.4858445,0.4115027,0.64867264,0.44438002,0.42137557,0.71160114,0.49937683,0.5097961,0.7252838,0.4420768,0.51378953,0.5733646,0.484966,0.59941655,0.6944216,0.43276232,0.58566976,0.74151146,0.4713705,0.60485506,0.618527,0.44804153,0.6042529,0.641577,0.48188868,0.73553276,0.672712,0.46296665,0.7328297,0.7114986,0.4842096,0.8611634,0.6736811,0.46707407,0.8475075,0.6883581
1564,31,0.44295838,0.34470874,0.7374158,0.48541734,0.41056192,0.6740406,0.44344935,0.42043936,0.7948616,0.4995643,0.5095659,0.76114094,0.4425358,0.51391363,0.6029334,0.48576647,0.5992767,0.7572111,0.43243027,0.5866222,0.7525191,0.47234553,0.60408914,0.6823186,0.44762424,0.6037584,0.6830229,0.48303652,0.73479396,0.71018505,0.46296197,0.729941,0.6670999,0.48692977,0.85640556,0.65050226,0.46685788,0.84581953,0.70759827
1565,31,0.4430086,0.34532642,0.722841,0.48579204,0.4114527,0.67573494,0.44366714,0.41990468,0.72053236,0.49919388,0.509516,0.7398151,0.44208068,0.51213336,0.55582684,0.48530075,0.5989197,0.7139949,0.43237337,0.5854228,0.74290663,0.4719416,0.6049296,0.6427276,0.44781896,0.6042613,0.65190035,0.48299286,0.73504287,0.6966964,0.46236336,0.7310184,0.648962,0.48695788,0.8563951,0.5692817,0.4675639,0.84563273,0.7021246
1566,31,0.44206795,0.34448949,0.70603716,0.48608056,0.4080892,0.7169311,0.44294345,0.41867152,0.86620635,0.4993262,0.5086428,0.7908622,0.44197375,0.51348954,0.5995953,0.48622206,0.5995869,0.536509,0.43261608,0.58596194,0.77677864,0.4724668,0.60487163,0.73128873,0.44727716,0.6043883,0.73011845,0.48279426,0.7349286,0.7817577,0.46298632,0.72972697,0.71923685,0.4866431,0.85928947,0.6352159,0.4672404,0.8460717,0.7745807
1567,31,0.44160634,0.34651738,0.61649704,0.4860045,0.40764192,0.7424607,0.4423108,0.4177641,0.83003443,0.49967435,0.5079019,0.77783704,0.44203717,0.5129188,0.57921153,0.48634824,0.60027057,0.55180985,0.4319891,0.58350223,0.5596277,0.47218093,0.6048289,0.71482044,0.44738153,0.60321873,0.6960463,0.48096645,0.7361516,0.74159455,0.46201816,0.73093045,0.6850198,0.4847953,0.85789,0.6774099,0.46682963,0.84565055,0.8098768
1568,31,0.4410631,0.34672344,0.58113366,0.4861044,0.40736824,0.77615654,0.4424508,0.41649067,0.85103047,0.49950212,0.50785667,0.7819066,0.4427066,0.5119259,0.62738264,0.4861604,0.6029908,0.5985771,0.43211457,0.5851911,0.73595256,0.47206715,0.6059333,0.74622893,0.44705683,0.6041652,0.7484925,0.48115692,0.7371104,0.7706012,0.46181744,0.7314646,0.74135786,0.48513454,0.85786325,0.6932201,0.46662173,0.84545887,0.78871024
1569,31,0.44111985,0.34500104,0.44985768,0.48605108,0.40791607,0.7586251,0.44244727,0.41734535,0.8138192,0.49933356,0.5076528,0.77694046,0.44323316,0.51286894,0.59522545,0.48651212,0.60155207,0.5753213,0.433082,0.5842396,0.5778514,0.471093,0.6050004,0.6879223,0.44727904,0.6031103,0.69156295,0.48090962,0.7359034,0.69792384,0.46184185,0.7321937,0.6242075,0.4858195,0.8564496,0.6964409,0.46720645,0.8452457,0.79727703
1570,31,0.44071022,0.34610504,0.63858163,0.48570532,0.407768,0.80371535,0.4418888,0.41785732,0.68893176,0.49942297,0.50947464,0.7855844,0.44292405,0.5130448,0.6150482,0.48620442,0.60307854,0.6236871,0.43313125,0.5850952,0.6719429,0.4719033,0.60656136,0.7598735,0.44692153,0.6047269,0.7740543,0.48251393,0.7370282,0.80688965,0.46223417,0.731748,0.74334174,0.4864124,0.8594688,0.6874379,0.46758842,0.84647465,0.80917156
1571,31,0.44071993,0.34550115,0.48715162,0.48561305,0.406792,0.7624221,0.44156775,0.41735393,0.6441844,0.49969018,0.50754386,0.7904213,0.44357926,0.5116264,0.63788235,0.48689026,0.60202193,0.62117904,0.43354586,0.5844854,0.6256787,0.471377,0.60565776,0.75457036,0.44702655,0.6038808,0.742462,0.48125732,0.73707086,0.7648063,0.46156615,0.732363,0.6773724,0.48576292,0.8576322,0.73888296,0.46754703,0.8452126,0.80060995
1572,31,0.4408963,0.34529912,0.55266744,0.485757,0.4067277,0.7628503,0.44151995,0.4180074,0.8012693,0.49932402,0.50798225,0.7774193,0.44370618,0.51181394,0.6816707,0.48672053,0.60242766,0.62025917,0.4333531,0.58542603,0.6458428,0.47202268,0.6055186,0.736594,0.44803277,0.6040827,0.741131,0.48204318,0.73778325,0.78142947,0.46215254,0.7326737,0.6618821,0.48679698,0.856766,0.736795,0.46747336,0.8469123,0.8018849
1573,31,0.4412514,0.34712008,0.60728943,0.48559394,0.4057537,0.72149354,0.44163486,0.4168753,0.83100545,0.49870625,0.51141727,0.5888114,0.44241804,0.5126392,0.59786606,0.48656508,0.60437477,0.62588495,0.43192852,0.58407,0.57550544,0.47166348,0.60486484,0.7316743,0.44722125,0.60344285,0.70736885,0.48072928,0.73607475,0.717321,0.4620782,0.7314635,0.6339891,0.48481724,0.8582362,0.6974344,0.4670014,0.84463793,0.76302457
1574,31,0.44166762,0.34626198,0.6932663,0.48561153,0.40571895,0.7467044,0.44121513,0.41764536,0.7939627,0.49908015,0.50766915,0.74717695,0.4434345,0.5108114,0.65099627,0.48665896,0.6042864,0.6684672,0.4328013,0.5838951,0.60911834,0.47156745,0.60478485,0.72589034,0.44700566,0.6035233,0.7336261,0.48119003,0.7355245,0.73137325,0.4620386,0.7300182,0.6504646,0.48646858,0.85600495,0.73710257,0.46753758,0.8454189,0.7962856
1575,31,0.44154376,0.34614676,0.70837885,0.48571488,0.4064176,0.7657649,0.44169557,0.4166852,0.76759034,0.49904412,0.50752,0.75525016,0.44315702,0.513472,0.6571138,0.48670375,0.60418725,0.66533387,0.4327864,0.5846348,0.60748625,0.47174612,0.60577965,0.72364086,0.4475965,0.60449153,0.75176823,0.48147142,0.7361628,0.7627477,0.46249974,0.73127747,0.6411915,0.48643875,0.85489964,0.7260318,0.46764502,0.84597725,0.7759369
1576,31,0.44162002,0.3465617,0.6469011,0.48543558,0.40621212,0.707744,0.44186166,0.4162132,0.8130357,0.49830145,0.5120464,0.5536569,0.44268137,0.51354426,0.5880379,0.4863261,0.6051861,0.62519914,0.4324612,0.58456284,0.5420328,0.4712221,0.6057888,0.71246606,0.44735375,0.60445106,0.7262575,0.48066133,0.7349785,0.68973,0.46111533,0.73085314,0.59578466,0.4851553,0.8592153,0.72362256,0.46690184,0.8446538,0.75269926
1577,31,0.44173875,0.34627995,0.6890488,0.48540077,0.4069389,0.7081465,0.44226342,0.4153646,0.7001308,0.49842617,0.5085132,0.68476325,0.44366422,0.51388013,0.66803735,0.4866928,0.60394,0.627246,0.43278787,0.5852397,0.5456799,0.47088966,0.60569906,0.6976995,0.4471883,0.6048831,0.7279783,0.48092243,0.73683983,0.7113706,0.46107605,0.7321027,0.5877414,0.48571554,0.85785455,0.73309124,0.46668318,0.84603214,0.74622184
1578,31,0.4409249,0.3449312,0.47903126,0.48542774,0.40818983,0.71927357,0.44135574,0.41848642,0.7388286,0.4985212,0.508136,0.7365503,0.44360632,0.51438725,0.64544815,0.48651817,0.6034407,0.60880685,0.43316203,0.5856144,0.5405531,0.4709724,0.60644686,0.6811989,0.44759032,0.6050894,0.71238226,0.48153776,0.7386945,0.72432655,0.46111763,0.73483896,0.5973868,0.4860133,0.8575269,0.72922367,0.46712086,0.8468063,0.75503933
1579,31,0.44008222,0.3459695,0.56269246,0.4852021,0.40722114,0.7005665,0.44131926,0.4185931,0.82186776,0.49893248,0.50879335,0.7486685,0.4435233,0.5138511,0.66268474,0.48636565,0.60325074,0.5864849,0.4325355,0.58552605,0.5747915,0.4713513,0.60544986,0.7204533,0.4471704,0.60490084,0.72052634,0.48115978,0.73744416,0.7583096,0.46065795,0.73333955,0.618628,0.48595327,0.8578713,0.7396786,0.46733534,0.84604573,0.7814614
1580,31,0.44054937,0.34534127,0.52334625,0.48525316,0.40620613,0.74576956,0.44142202,0.41685745,0.84228855,0.49870104,0.5085413,0.7588426,0.44374034,0.51208097,0.7046809,0.48599625,0.6048202,0.64611524,0.4328574,0.5850058,0.6242947,0.47149542,0.6053467,0.7540004,0.44699827,0.6040743,0.75521415,0.4816109,0.7377887,0.78792596,0.46109134,0.7338616,0.6927892,0.48648947,0.85811394,0.76450765,0.46787873,0.84631526,0.81210154
1581,31,0.4411648,0.34592408,0.65693027,0.48528412,0.40555352,0.7421827,0.44151255,0.4167642,0.81791234,0.49852103,0.5091796,0.71363765,0.44408754,0.5116767,0.6936589,0.48607573,0.6049921,0.66187024,0.43284118,0.5846459,0.6128944,0.47135204,0.60547876,0.7351145,0.44723147,0.603814,0.743266,0.48145136,0.7380554,0.76641196,0.46166795,0.7334694,0.680223,0.48622996,0.8581012,0.73393375,0.467891,0.84623194,0.81858915
1582,31,0.4413326,0.3470718,0.72627527,0.48546487,0.4050018,0.755993,0.44104204,0.417217,0.8175088,0.49762002,0.5109305,0.5941645,0.4432993,0.5136691,0.6121605,0.4857437,0.60444677,0.6070242,0.43289724,0.5850245,0.62394845,0.47133425,0.6055742,0.741748,0.4465762,0.6041427,0.7509022,0.48095715,0.7381272,0.7455973,0.460858,0.73321533,0.6779248,0.48593032,0.85877085,0.7655578,0.4673765,0.8455604,0.8036873
1583,31,0.44191292,0.34626415,0.7383435,0.48520464,0.40999883,0.67151606,0.44242096,0.41735175,0.70066535,0.49619362,0.5103815,0.66840273,0.44293085,0.5137232,0.5776968,0.48551577,0.6024492,0.5278969,0.43329895,0.58555555,0.52350897,0.4705232,0.60639876,0.61955047,0.4475387,0.6046391,0.66282,0.48083922,0.7376897,0.61810106,0.4612552,0.7329868,0.5209667,0.48689574,0.85545945,0.68016624,0.467866,0.845081,0.7402033
1584,31,0.44092184,0.34439746,0.7094422,0.48475885,0.40887898,0.7041411,0.44165263,0.4180181,0.85736877,0.4976994,0.5074601,0.72493076,0.4420875,0.51628065,0.5619365,0.4853615,0.6031532,0.5793491,0.43256512,0.58562464,0.60104096,0.47090262,0.6065876,0.701136,0.44710198,0.60477966,0.71311754,0.48192754,0.7369966,0.7281932,0.46167514,0.73158985,0.61295295,0.4859517,0.8577916,0.690396,0.4667347,0.8467103,0.74775195
1585,31,0.441265,0.34519508,0.6773711,0.4850846,0.4091613,0.6681446,0.44199672,0.41950107,0.754589,0.49798653,0.5083683,0.69122034,0.44343948,0.5146826,0.6164405,0.48587412,0.6021878,0.5817781,0.4336795,0.5860864,0.5676904,0.47103938,0.60726625,0.6678257,0.44763502,0.60575265,0.6988437,0.48245516,0.73886865,0.7347276,0.46235898,0.73424196,0.63204765,0.48648962,0.85696334,0.7253816,0.46772087,0.8470869,0.7773889
1586,31,0.44050115,0.3452358,0.65991205,0.4852513,0.40705553,0.7164399,0.44169167,0.41745767,0.857666,0.4985151,0.51022243,0.6981797,0.44301465,0.51417893,0.64777803,0.4848433,0.60499924,0.5489985,0.4337285,0.5853395,0.60894686,0.47128952,0.6064055,0.7477971,0.44653904,0.6040533,0.7005382,0.48163623,0.73988205,0.76918256,0.46094736,0.7333401,0.6651208,0.48568994,0.8583001,0.74609405,0.46783218,0.8460459,0.79168826
1587,31,0.4403004,0.34505785,0.52105457,0.48521236,0.40602875,0.76193774,0.44110256,0.41719168,0.6442396,0.49866536,0.5083078,0.7575783,0.44381988,0.5125736,0.60498935,0.48505306,0.6044462,0.61179614,0.434047,0.5851609,0.64749056,0.4723497,0.6068719,0.76507294,0.4473776,0.6048041,0.7642687,0.48173696,0.74145305,0.8105796,0.46133068,0.7355322,0.7449157,0.48607942,0.8589032,0.7455842,0.46847972,0.8469324,0.8114566
1588,31,0.4410741,0.34635824,0.6517538,0.48534912,0.40508148,0.69561493,0.4412157,0.41677698,0.82965916,0.49655136,0.5088989,0.81589544,0.44292298,0.513333,0.60386395,0.48493582,0.60439783,0.52857983,0.43285432,0.5843445,0.5578216,0.47195238,0.6076607,0.7279968,0.44701514,0.6053546,0.7298493,0.4816152,0.7380343,0.73508537,0.46126258,0.731833,0.62580746,0.4855394,0.85575426,0.5662918,0.46729028,0.84436506,0.7772845
1589,31,0.44130147,0.34604254,0.74696505,0.4853209,0.40422606,0.7248929,0.44115955,0.41637447,0.8337805,0.49654803,0.50885767,0.81819445,0.4444117,0.5108966,0.64599705,0.4849485,0.60399485,0.52159137,0.43315685,0.58433783,0.5899676,0.47186553,0.60809386,0.7461727,0.4463555,0.6061876,0.7380833,0.48180428,0.7396559,0.72149086,0.46013862,0.7337091,0.5192699,0.48633507,0.85879666,0.7743492,0.4685599,0.84387404,0.75926334
1590,31,0.44168788,0.34724572,0.7607681,0.48499006,0.40652278,0.8597517,0.44184667,0.41838214,0.56794316,0.49606216,0.5091042,0.7821629,0.4435759,0.513823,0.6697364,0.48380443,0.6019616,0.5852492,0.43302143,0.58523935,0.55092007,0.4720658,0.60906667,0.710421,0.44721234,0.6065255,0.71425587,0.48202255,0.7400851,0.67286974,0.46096107,0.7330105,0.6539821,0.4863779,0.8563489,0.6782232,0.46808445,0.84283084,0.7401283
1591,31,0.4417972,0.34602696,0.7019174,0.4847503,0.40626788,0.8514558,0.44230825,0.4161287,0.7882955,0.49620378,0.5098331,0.7889516,0.44418457,0.51391244,0.5907123,0.4844541,0.59874684,0.45083055,0.43315187,0.58516026,0.53596485,0.4717111,0.6070356,0.67771053,0.44762185,0.60456985,0.66237766,0.48154405,0.7387999,0.6569756,0.46079963,0.73103225,0.6393761,0.48522794,0.85584223,0.64345187,0.46647084,0.8445569,0.6950815
1592,31,0.44164503,0.3460173,0.6665208,0.48517928,0.405899,0.68759465,0.44202414,0.41720328,0.78279954,0.49585342,0.509298,0.7899981,0.44415978,0.5138296,0.65139556,0.48408967,0.6016868,0.5671914,0.43282095,0.5846164,0.5343213,0.47194305,0.6063321,0.7052963,0.44751456,0.60376745,0.69390136,0.48096618,0.73626494,0.70222896,0.46156338,0.732187,0.5902041,0.48577124,0.8554091,0.57147074,0.46759415,0.8449891,0.77491647
1593,31,0.44113228,0.34682477,0.6828028,0.48528513,0.40397125,0.71306425,0.44126797,0.415792,0.86145204,0.49619836,0.50842524,0.8268903,0.44388333,0.51203805,0.61941767,0.48446006,0.60296655,0.50397956,0.43281958,0.5850908,0.5899942,0.47229487,0.6046702,0.7387116,0.44681022,0.6032157,0.72452414,0.4806398,0.7355288,0.7497572,0.4607015,0.73160064,0.6053517,0.48595682,0.85865384,0.7537714,0.4676026,0.84545106,0.79884887
1594,31,0.44115257,0.34710562,0.76066476,0.48542106,0.40376663,0.748112,0.44157875,0.4153073,0.5273131,0.496687,0.510622,0.5726452,0.44362906,0.51235193,0.6283255,0.48440927,0.6045349,0.57370126,0.4333744,0.5851562,0.6072868,0.47288525,0.60614246,0.7633,0.44743627,0.60397524,0.77185583,0.48141775,0.73731565,0.78027874,0.4618432,0.73343563,0.6881882,0.48604396,0.85851777,0.7493823,0.4674853,0.8454639,0.801699
1595,31,0.44067904,0.34772095,0.72219986,0.48526084,0.40470967,0.88432306,0.44167855,0.41495243,0.49021298,0.49699822,0.5109769,0.7224753,0.44524354,0.5117137,0.68145627,0.48279205,0.6044966,0.6333461,0.43252552,0.58563626,0.55260676,0.4723784,0.6074304,0.7281372,0.447378,0.60524666,0.7460891,0.4818384,0.73967767,0.7430571,0.46180755,0.7338508,0.6381108,0.48636243,0.8571769,0.7188907,0.4678217,0.8461364,0.7688639
1596,31,0.44129363,0.34734306,0.76065755,0.48542994,0.40406793,0.6900898,0.44130936,0.4167142,0.81039387,0.49613255,0.50925314,0.79325205,0.44390252,0.51315784,0.59755427,0.4831171,0.6015713,0.540074,0.4325584,0.5861212,0.6013236,0.47277367,0.60718745,0.73567283,0.44746217,0.6062458,0.7409738,0.48158932,0.73962605,0.7349857,0.46117577,0.7351049,0.5712708,0.48489684,0.85942584,0.60459894,0.4677249,0.84593225,0.73897696
1597,31,0.44115174,0.3474098,0.754818,0.48543516,0.40398264,0.875417,0.4415343,0.41639262,0.80232733,0.49629155,0.50895226,0.8233841,0.44453323,0.5126813,0.60184413,0.4830366,0.60113144,0.5494372,0.43270555,0.58635354,0.5977111,0.47281072,0.60716206,0.7397359,0.4471629,0.60573447,0.7214998,0.48217112,0.73818475,0.7404426,0.46209285,0.73172075,0.5069603,0.48542538,0.85384905,0.65453905,0.46756732,0.8443305,0.74502546
1598,31,0.44166598,0.34693062,0.7499804,0.48519403,0.4051677,0.8806208,0.44245678,0.41539872,0.5517418,0.49592915,0.5090018,0.8096364,0.44513538,0.5126829,0.66155607,0.48348027,0.60151017,0.5468537,0.43312633,0.5862748,0.57219374,0.47231284,0.60763323,0.7062655,0.4476999,0.6061206,0.7292439,0.48208326,0.73998785,0.68421704,0.46165216,0.7327432,0.5090254,0.48601037,0.8554864,0.6323462,0.4667743,0.8446316,0.699448
1599,31,0.44177163,0.3464269,0.7314697,0.4848931,0.40469828,0.8657455,0.4423062,0.41563126,0.81063914,0.4959245,0.5095545,0.8023445,0.4447872,0.5134759,0.58859247,0.48324114,0.60269165,0.54349315,0.43331993,0.58597517,0.5729901,0.47181618,0.60693,0.7024896,0.44735107,0.60530585,0.7000206,0.4818602,0.7405848,0.68965715,0.46087596,0.73296195,0.4961125,0.48430264,0.85807836,0.5959702,0.46689355,0.84567297,0.6604985
1600,32,0.44173595,0.34644678,0.7683052,0.48555106,0.40406555,0.73978156,0.4417937,0.41636872,0.55697465,0.49645558,0.5092183,0.803714,0.44515678,0.5139744,0.67332816,0.48446694,0.603098,0.566833,0.4336268,0.5867669,0.6061012,0.47299638,0.6070755,0.76190865,0.4478478,0.6059454,0.7563204,0.4822134,0.7402349,0.74563456,0.4621635,0.7358091,0.62938046,0.48678213,0.85794884,0.7701277,0.46730646,0.8458857,0.7568544
1601,32,0.44118184,0.34699902,0.7468172,0.48610073,0.4048064,0.87844235,0.44190356,0.41562426,0.5179989,0.497109,0.5111024,0.73351806,0.44523564,0.51241004,0.68328774,0.48322666,0.60228527,0.57962924,0.43249264,0.5854127,0.5613835,0.47212607,0.60832417,0.72907394,0.4469889,0.6066327,0.74762976,0.48213807,0.7388873,0.7164153,0.46136537,0.7325887,0.5430715,0.4861079,0.8540377,0.66637945,0.4678033,0.8459097,0.69667345
1602,32,0.44194645,0.34559393,0.7810448,0.48550883,0.40395582,0.72781956,0.4416907,0.4169471,0.8001038,0.49658075,0.50903124,0.8076721,0.44472104,0.5132279,0.6769388,0.4841716,0.6026331,0.5254994,0.4338684,0.5867573,0.61364377,0.47302768,0.6079307,0.752211,0.4470542,0.60619193,0.7452328,0.48233312,0.7411178,0.75665575,0.46197924,0.73313123,0.5650178,0.48542467,0.85798806,0.6417415,0.4676911,0.8452126,0.7672067
1603,32,0.44150585,0.34715492,0.7625966,0.48608696,0.40437233,0.7457791,0.44179818,0.41582587,0.5466034,0.4970842,0.5110566,0.7102,0.44532588,0.5130228,0.6786966,0.48395926,0.6032568,0.564826,0.43400782,0.58658934,0.6131228,0.47336277,0.6078748,0.7564915,0.44765317,0.6066716,0.75487036,0.48242086,0.7392247,0.7376578,0.46215078,0.7306077,0.48087633,0.48495787,0.85763276,0.5943554,0.46740863,0.845257,0.7230776
1604,32,0.4416064,0.34655738,0.7547922,0.48587063,0.40522483,0.88390505,0.44230348,0.41569072,0.7770315,0.49626732,0.50809544,0.82017636,0.44466007,0.51356816,0.6700798,0.48341814,0.6015749,0.55554986,0.43312398,0.58644974,0.55856097,0.4734503,0.6083061,0.74520177,0.44797027,0.6062294,0.74016565,0.48188877,0.73852336,0.6994767,0.46188197,0.73206186,0.5103137,0.4869141,0.8541319,0.6736868,0.4683937,0.84381396,0.75855875
1605,32,0.4417271,0.34528378,0.65577877,0.48628458,0.40549788,0.87110466,0.4419712,0.41718265,0.80537575,0.49640238,0.50824165,0.8161756,0.4450144,0.5137033,0.6668247,0.48363483,0.6010518,0.52536047,0.4332074,0.5865079,0.5234516,0.47280777,0.60821366,0.72567904,0.44786835,0.60644805,0.725663,0.48220196,0.7393659,0.7081638,0.46195656,0.7320153,0.47427756,0.48571634,0.85466623,0.6718502,0.46726137,0.84465164,0.7113334
1606,32,0.44166374,0.34594676,0.70152456,0.4858478,0.404367,0.6892943,0.44147116,0.41531795,0.85545564,0.49636656,0.50946176,0.8208702,0.44371292,0.5133796,0.5885045,0.48372632,0.6020956,0.52126426,0.4328984,0.58569324,0.58005875,0.47282752,0.6064726,0.73310375,0.4471912,0.6045583,0.6754907,0.48212436,0.7371601,0.7309341,0.46078622,0.73044395,0.6766556,0.48537192,0.8539826,0.66814494,0.46714917,0.8439104,0.7105729
1607,32,0.44170725,0.3463848,0.76250875,0.4857554,0.40392467,0.73441017,0.44157675,0.41602528,0.8281316,0.49736232,0.5110737,0.7268996,0.4445901,0.5133762,0.5995388,0.48445484,0.6050831,0.5980443,0.43306047,0.5859751,0.5999951,0.4729547,0.60777396,0.76001555,0.44716543,0.60588783,0.7673737,0.4823434,0.74039614,0.74856186,0.4623113,0.73301053,0.6353831,0.48600975,0.85681987,0.7373195,0.46687084,0.8436555,0.7274454
1608,32,0.441639,0.34698582,0.7550205,0.48612377,0.40424633,0.7438223,0.44194916,0.41439748,0.7564726,0.49716663,0.5119232,0.744888,0.44526252,0.5128982,0.59031713,0.48403293,0.605542,0.5924854,0.43401343,0.5854873,0.62596565,0.47345284,0.6086325,0.77057403,0.44701344,0.60640746,0.7485983,0.48290494,0.74066615,0.7601672,0.4621217,0.73310876,0.6008255,0.48518175,0.8552497,0.63227373,0.4677925,0.8445478,0.73255897
1609,32,0.4416901,0.34702787,0.75650465,0.48610497,0.40397826,0.723952,0.4420213,0.41448173,0.757738,0.4964409,0.50943446,0.8205335,0.44499752,0.5139061,0.5995955,0.48412368,0.60363543,0.5486957,0.43382168,0.5857688,0.58784175,0.4731507,0.60860866,0.7551576,0.44696793,0.60654855,0.7195574,0.4821168,0.73845375,0.74564606,0.4618915,0.73094666,0.518342,0.4858052,0.85449934,0.6643838,0.46832836,0.84392464,0.756241
1610,32,0.4418244,0.34712687,0.76103365,0.4860569,0.40401104,0.7288115,0.4420647,0.41455624,0.7636286,0.49712119,0.51201266,0.73646504,0.44534856,0.5128533,0.5968436,0.48416445,0.60557365,0.5757586,0.43427327,0.58636135,0.60191476,0.47253335,0.6084573,0.74535036,0.44687602,0.6057665,0.7099889,0.48222286,0.7383042,0.73448175,0.4623889,0.7313524,0.51546884,0.4858796,0.85536885,0.6775322,0.46853188,0.8436346,0.7663715
1611,32,0.44200936,0.34688744,0.7619472,0.48608634,0.4045513,0.7543604,0.44209912,0.41652483,0.6498767,0.4962721,0.50987345,0.7870113,0.4462078,0.5122741,0.5094163,0.4852637,0.60399663,0.482062,0.43432042,0.58494174,0.58753055,0.4726678,0.60775644,0.74198836,0.447811,0.60522157,0.72100365,0.4824174,0.7386719,0.7246518,0.46276504,0.731421,0.52844596,0.48513812,0.8560559,0.6487486,0.4673254,0.84445924,0.7361146
1612,32,0.44190273,0.3464092,0.76444143,0.48602068,0.40483746,0.72811186,0.44163895,0.4164988,0.8041679,0.49720246,0.5122198,0.73963714,0.44481474,0.5124402,0.6531273,0.48486602,0.60436356,0.58706236,0.4338859,0.5857589,0.5963362,0.4725657,0.6074399,0.7421591,0.44729567,0.60511553,0.7204098,0.4824171,0.74015117,0.74407136,0.46163622,0.7333122,0.5892158,0.48453712,0.8575921,0.5860009,0.4677032,0.8448023,0.6967109
1613,32,0.44199932,0.3457736,0.74572384,0.4859005,0.40423307,0.73387665,0.4421091,0.41621825,0.6580618,0.4975366,0.5120679,0.5833465,0.44556668,0.5124431,0.67016155,0.48554638,0.6057613,0.5556782,0.43442506,0.5859497,0.6172158,0.47280928,0.6071644,0.75396985,0.44785696,0.6047821,0.74104846,0.48193672,0.74011624,0.72810656,0.46234134,0.733594,0.6035873,0.48557994,0.86133903,0.7370129,0.46738565,0.84461683,0.73255724
1614,32,0.44183388,0.34641185,0.76221967,0.48636773,0.4053581,0.7422305,0.44235662,0.4151839,0.77018464,0.4971806,0.5125931,0.7542368,0.445271,0.51300275,0.6585058,0.48566893,0.6039349,0.5145539,0.4342718,0.58567053,0.57138544,0.47312382,0.6080832,0.754807,0.44768286,0.6056918,0.7485339,0.48254216,0.7402339,0.74751973,0.4612741,0.7330529,0.6027806,0.4846185,0.8571871,0.60560286,0.46698856,0.8438566,0.66321856
1615,32,0.4417972,0.34657535,0.7258508,0.4861301,0.40471044,0.7139668,0.44200644,0.41666916,0.8193997,0.49732432,0.5119017,0.72242546,0.44473636,0.51401615,0.57597864,0.48554152,0.6026979,0.46761888,0.43369496,0.5850238,0.5675328,0.4723426,0.6075093,0.7393539,0.44731382,0.60519916,0.7018513,0.48235783,0.7382879,0.7198772,0.46123028,0.7319713,0.529807,0.48503152,0.85504985,0.6506307,0.4671943,0.84420043,0.6701502
1616,32,0.44211665,0.34593716,0.7719428,0.48626047,0.40435994,0.7745037,0.44200274,0.41641325,0.6749966,0.49731743,0.51208854,0.6149271,0.4458507,0.511138,0.5963623,0.48626137,0.606069,0.5831559,0.43451563,0.58501923,0.58027977,0.4727377,0.607135,0.7704533,0.44762364,0.6048412,0.75328237,0.48204905,0.7399326,0.72183955,0.46177658,0.7329545,0.57722974,0.48539063,0.86093485,0.73741984,0.4671369,0.8434331,0.71477306
1617,32,0.4417929,0.3461962,0.7587144,0.4861542,0.40440956,0.73931056,0.4426632,0.41622773,0.689324,0.49671072,0.509341,0.8051114,0.44670233,0.51179296,0.58197963,0.4859075,0.6062042,0.55926526,0.43456566,0.58466804,0.58530974,0.47304136,0.60749865,0.76729274,0.44800487,0.6050354,0.76157594,0.482489,0.7408305,0.74832267,0.46079674,0.7333244,0.6136957,0.48565972,0.8582496,0.71616256,0.46703446,0.8447392,0.6859138
1618,32,0.4417909,0.3458404,0.74070776,0.48652247,0.404858,0.7398889,0.44223887,0.41643485,0.8120189,0.4975317,0.5123681,0.7589895,0.4457168,0.51186144,0.59277374,0.48535576,0.60516673,0.52846366,0.43447018,0.58440953,0.5941457,0.47293186,0.60741854,0.7504922,0.44770458,0.6045261,0.7270882,0.48170432,0.73793316,0.7394589,0.46191698,0.73237705,0.5748346,0.48565656,0.85337204,0.6618242,0.46767914,0.84335804,0.6507887
1619,32,0.44172657,0.345789,0.71136045,0.48609847,0.4035881,0.7268922,0.4421868,0.4156974,0.83915085,0.49694234,0.5087743,0.8142439,0.44624758,0.50953084,0.63098717,0.4855085,0.6061439,0.5487922,0.43456897,0.58356696,0.59590036,0.4728391,0.60638857,0.7555583,0.44787848,0.6034106,0.73077714,0.4810559,0.7386457,0.70588255,0.46204382,0.7327392,0.61366373,0.48674467,0.8548245,0.72786325,0.46757278,0.8448879,0.7593667
1620,32,0.4415121,0.34566423,0.743181,0.48638406,0.4046059,0.75191534,0.44294575,0.41448528,0.5896026,0.4975879,0.5119016,0.6152509,0.44515494,0.5106388,0.7010193,0.4856966,0.60637355,0.59575033,0.43453974,0.5835779,0.57260793,0.47284326,0.6077519,0.7659428,0.44755134,0.60460556,0.7634466,0.48064944,0.7388107,0.7091822,0.46062508,0.7330476,0.64598554,0.4848524,0.8548334,0.59233594,0.46689066,0.84506464,0.75616676
1621,32,0.44136378,0.34508687,0.68841225,0.4860977,0.4036397,0.7351458,0.4419487,0.4152559,0.83624995,0.49695718,0.5090448,0.7890095,0.44287568,0.5113522,0.6021068,0.48527873,0.6059525,0.5461515,0.43369526,0.5843906,0.64339453,0.47378972,0.6079012,0.7829265,0.44742355,0.6057789,0.7537994,0.48022756,0.7409325,0.71165925,0.46082947,0.7354005,0.6870119,0.48504892,0.85694706,0.6325376,0.4669037,0.84456706,0.664918
1622,32,0.44098085,0.34527764,0.7026089,0.48627785,0.4039899,0.8713089,0.44218007,0.41583574,0.5242786,0.49724254,0.5102925,0.69522923,0.44424617,0.51261413,0.6348724,0.4837674,0.60407346,0.5662409,0.43395406,0.5854731,0.60632235,0.473513,0.60853326,0.7459939,0.4482152,0.60596347,0.74898005,0.48033276,0.7394906,0.6222936,0.45911083,0.732693,0.6527327,0.48501053,0.85555893,0.63566774,0.46766725,0.8434843,0.691944
1623,32,0.44101503,0.34495822,0.637977,0.48626202,0.40316358,0.86898535,0.44240794,0.4153603,0.76845556,0.4973627,0.5115809,0.703997,0.44414532,0.51374197,0.6388037,0.48280948,0.60509425,0.60215306,0.43394548,0.5864466,0.67811745,0.47402427,0.6084775,0.7535067,0.44788584,0.607011,0.74903303,0.4800375,0.7423152,0.60250306,0.4575689,0.73384863,0.46164086,0.48825866,0.85603714,0.84292334,0.46761483,0.8440917,0.6910004
1624,32,0.44074878,0.34540644,0.63673383,0.486203,0.40496233,0.8897192,0.4425501,0.4177791,0.80707794,0.49708596,0.51131386,0.693128,0.44415385,0.51331246,0.6138322,0.4816063,0.60390955,0.55222774,0.43375006,0.58619374,0.623168,0.47405002,0.60983896,0.7358917,0.44919345,0.6078249,0.7382685,0.48064622,0.7417808,0.74480844,0.45724696,0.7329105,0.5709872,0.48894337,0.8534672,0.7991292,0.4672092,0.84190035,0.6883621
1625,32,0.44012344,0.346216,0.69138193,0.48511854,0.40454012,0.869315,0.4428849,0.41639587,0.7290029,0.49675715,0.5083173,0.8049232,0.44430128,0.5116741,0.57900757,0.48041812,0.6024734,0.6690774,0.4328165,0.58357805,0.5890624,0.4736509,0.60803515,0.68382555,0.4491773,0.6066191,0.65060735,0.47992563,0.7383153,0.79850113,0.45779595,0.732624,0.52349716,0.4885085,0.8532603,0.83508205,0.4681554,0.8420805,0.691993
1626,32,0.44022205,0.34553233,0.6404813,0.48533738,0.4090989,0.8845733,0.44291866,0.41876203,0.7445602,0.49593762,0.5091036,0.74153644,0.4443434,0.5102295,0.43317816,0.48085734,0.60152745,0.4895515,0.43361256,0.5817845,0.55420315,0.4755546,0.60671484,0.6438729,0.45070726,0.60327464,0.58844775,0.47971705,0.736601,0.6944784,0.45805386,0.73197484,0.44193003,0.4879896,0.8543693,0.75991046,0.4649763,0.8432626,0.72353286
1627,32,0.4393183,0.34473976,0.7436593,0.48539296,0.40640998,0.81938756,0.44261402,0.41702265,0.7890499,0.49570897,0.5144628,0.6780676,0.44476175,0.510574,0.58992606,0.47925836,0.6034916,0.5773298,0.4336385,0.5835194,0.71938425,0.47861454,0.60624176,0.71998817,0.4524411,0.60338044,0.678232,0.4797985,0.7382668,0.8088452,0.45886484,0.7299982,0.6460883,0.48706743,0.8553984,0.72177935,0.46592847,0.8453381,0.7128424
1628,32,0.43814728,0.34853363,0.69433016,0.48522535,0.40755832,0.82894146,0.44148406,0.41843605,0.79697,0.49435526,0.515371,0.87628037,0.44306093,0.507315,0.6725767,0.47833073,0.6067467,0.64093614,0.43450987,0.58284897,0.8058008,0.48198354,0.6090185,0.7959065,0.4526523,0.60830295,0.7779791,0.47900686,0.7390978,0.79596466,0.45677528,0.73516893,0.7688921,0.48623484,0.8582783,0.7803179,0.46693292,0.8451571,0.79111564
1629,32,0.4377584,0.34984922,0.76413065,0.48432454,0.41019195,0.8827284,0.44161385,0.42337167,0.7820668,0.49344242,0.51440406,0.7457208,0.4420369,0.5116635,0.5748967,0.47834778,0.6027799,0.7436547,0.43420836,0.584163,0.647614,0.48102334,0.60725445,0.6731724,0.45399684,0.6081155,0.61019593,0.4781896,0.7361612,0.7765589,0.45811546,0.73634326,0.5036211,0.4889282,0.85900617,0.7711358,0.4670288,0.8447652,0.70043397
1630,32,0.43593234,0.35372487,0.7399979,0.4854604,0.40970132,0.65718687,0.43951404,0.42382494,0.7497655,0.49338946,0.5156102,0.79014224,0.44081464,0.5114794,0.7357075,0.47541577,0.6038248,0.77270365,0.43476632,0.5868094,0.7814327,0.4842785,0.60566074,0.7519856,0.45497885,0.6071748,0.711708,0.47687653,0.7361309,0.7277615,0.45799956,0.735175,0.7225443,0.4886549,0.8601428,0.8868102,0.46752676,0.8436244,0.7664616
1631,32,0.4348507,0.3561542,0.82230794,0.48329607,0.41155234,0.84435934,0.43933874,0.42592722,0.8756883,0.49290606,0.51818997,0.78093004,0.44227633,0.5151016,0.81067115,0.4711497,0.6091227,0.69284236,0.43516177,0.58883166,0.54180264,0.48719126,0.602932,0.7824213,0.45710036,0.6078366,0.7799466,0.4745343,0.73573136,0.6346909,0.455565,0.7349058,0.6984281,0.48859245,0.8613912,0.85703707,0.46883255,0.84631425,0.7105199
1632,32,0.433092,0.35881382,0.6032564,0.48359093,0.4138214,0.73193467,0.44019452,0.42538902,0.7985846,0.49285457,0.5210607,0.88772196,0.4435186,0.5155971,0.772579,0.4662674,0.6079045,0.7232455,0.43377286,0.5918034,0.6725972,0.49160603,0.59742683,0.86738116,0.46132973,0.60196716,0.72999835,0.47577187,0.73422617,0.62936854,0.45668295,0.73142904,0.82207775,0.48485565,0.8627444,0.8547252,0.467685,0.8464091,0.8015334
1633,32,0.43173695,0.36573085,0.6752371,0.48266444,0.41721106,0.841462,0.43869394,0.4310717,0.8481696,0.4921419,0.52421063,0.77031475,0.4428772,0.5168786,0.83262783,0.4670686,0.6069874,0.7996005,0.43437594,0.59032,0.760389,0.49534398,0.5921515,0.87977254,0.4644449,0.5962137,0.74964786,0.47536677,0.73197216,0.76731145,0.455922,0.7284677,0.74084455,0.4867096,0.86118627,0.8830291,0.46808493,0.84683645,0.815812
1634,32,0.43155003,0.3693374,0.7314837,0.48292777,0.42250562,0.71969146,0.438644,0.42961878,0.8361872,0.49331984,0.5291476,0.8508159,0.44216233,0.5182008,0.8626124,0.4659533,0.61159885,0.7389155,0.43217564,0.59201545,0.72502166,0.49784622,0.58698887,0.71981215,0.46403387,0.5890127,0.73694336,0.47504413,0.7333926,0.8981456,0.45454386,0.7280976,0.7267555,0.48605072,0.8639625,0.7728477,0.4684676,0.8443845,0.8593287
1635,32,0.4314915,0.37456557,0.8020709,0.4834252,0.42693406,0.6322007,0.43838105,0.43516162,0.7850282,0.4908048,0.5342854,0.7790034,0.442748,0.5231296,0.9030099,0.46359774,0.6190926,0.83394235,0.4342109,0.59842753,0.7403016,0.5006615,0.58415824,0.8619894,0.46454448,0.5857746,0.73637915,0.47556227,0.73545426,0.89830536,0.45376208,0.73102874,0.839523,0.48707104,0.86520624,0.8538126,0.46775645,0.8476299,0.81789654
1636,32,0.4312788,0.38219872,0.7944341,0.48396143,0.4352115,0.8718675,0.43966165,0.44210905,0.87544245,0.49099654,0.5412516,0.77611816,0.44386604,0.53059876,0.9036723,0.4630511,0.622446,0.75722265,0.4349341,0.6048479,0.6462341,0.5031634,0.579676,0.9063547,0.46680456,0.5794895,0.75417286,0.47506067,0.7312939,0.8407061,0.45246175,0.72891074,0.7676633,0.48678106,0.8634322,0.8604641,0.4665608,0.84648645,0.853127
1637,32,0.42987907,0.3877993,0.6255397,0.48367432,0.4412392,0.7433565,0.43691745,0.4439068,0.8193133,0.48878714,0.5476808,0.7149004,0.44337395,0.5307971,0.8570555,0.46092853,0.62546057,0.8068326,0.43389943,0.61103547,0.7236348,0.5072378,0.57785904,0.9150815,0.4696717,0.57716954,0.65835905,0.4744937,0.73115474,0.90963835,0.45107773,0.72494173,0.73969746,0.48659527,0.85790914,0.75861126,0.46749273,0.8423335,0.72861874
1638,32,0.43023968,0.39542472,0.7270929,0.48271132,0.44582784,0.8615468,0.43754196,0.4474512,0.73280126,0.48934025,0.55362856,0.65927094,0.44414178,0.5392026,0.90904367,0.45955235,0.6296537,0.8466085,0.43607056,0.6198419,0.5791741,0.5101246,0.5829807,0.7559154,0.47212657,0.58311516,0.7997302,0.47456983,0.7339429,0.72093064,0.44980997,0.7228726,0.7234167,0.48598862,0.86109734,0.6797809,0.467114,0.84310585,0.85558635
1639,32,0.43009663,0.40221873,0.8265736,0.48306292,0.45350528,0.7575934,0.43647736,0.459375,0.80039,0.48707154,0.56322163,0.81916565,0.44517866,0.54369175,0.7332366,0.4580704,0.6360892,0.840877,0.4374495,0.6257436,0.6506111,0.5124404,0.5883301,0.9311758,0.47536278,0.58715445,0.81977296,0.4735152,0.7327756,0.8446595,0.4499412,0.72308487,0.56950265,0.485514,0.8638298,0.8363159,0.46760973,0.841027,0.68265426
1640,32,0.42998677,0.4100007,0.52435327,0.48261574,0.46120363,0.83126247,0.4377429,0.4666632,0.8380211,0.48632145,0.57239366,0.77739036,0.44593805,0.5498845,0.7613903,0.45450565,0.64066726,0.7216298,0.43957153,0.6293769,0.59910697,0.51374805,0.59954304,0.92374426,0.47882748,0.5972415,0.72851187,0.47388542,0.732914,0.74352664,0.4487348,0.72030956,0.72927916,0.48546645,0.85967416,0.60184133,0.46748152,0.84052116,0.81531847
1641,32,0.43075788,0.41823542,0.73058,0.48500106,0.4705941,0.7632677,0.4362343,0.46940923,0.83541775,0.48654106,0.57973754,0.59267426,0.44528294,0.559464,0.90023786,0.45469174,0.6475038,0.61953413,0.4403476,0.63838196,0.59049404,0.514196,0.6049594,0.9243556,0.47821447,0.60272884,0.8343933,0.47354004,0.73487544,0.8674245,0.44859514,0.72348845,0.75897676,0.48559958,0.86219966,0.87228966,0.46816888,0.83971715,0.75873125
1642,32,0.4309984,0.4257445,0.6775943,0.48569626,0.47933394,0.8138701,0.4361684,0.47898284,0.8598947,0.4851159,0.5872119,0.8089102,0.4455638,0.56783164,0.88552254,0.45571563,0.6563761,0.70463794,0.44239065,0.6468907,0.65118074,0.51496524,0.60949814,0.9086927,0.47811508,0.60671306,0.7830988,0.47282046,0.73494625,0.8048761,0.44941443,0.7233844,0.63642544,0.48530063,0.8634718,0.84341884,0.46784872,0.8376843,0.6423841
1643,32,0.43117037,0.43377557,0.7424251,0.48542005,0.4864282,0.8081225,0.43621522,0.48525012,0.86601645,0.48461124,0.5951773,0.67272794,0.44689882,0.573376,0.66975665,0.45688307,0.66191906,0.7720644,0.44530824,0.6552994,0.59200776,0.51711804,0.61495054,0.90714115,0.48128903,0.6119117,0.8300413,0.47216702,0.7366371,0.7673548,0.447937,0.7173036,0.4551183,0.48583895,0.86342627,0.83394915,0.46850032,0.8358671,0.5850578
1644,32,0.43308625,0.44319353,0.73639506,0.4845175,0.4937482,0.7768308,0.43852627,0.49379528,0.67292845,0.4852389,0.6005616,0.696749,0.44723433,0.57854736,0.5615571,0.4565532,0.6660615,0.6864032,0.44597855,0.66201955,0.67923826,0.5168425,0.6214253,0.84693646,0.4812369,0.61914957,0.7877911,0.47261748,0.73864037,0.80346787,0.4474012,0.71634316,0.53531975,0.48612612,0.86626494,0.8201721,0.4648733,0.8388394,0.4275496
1645,32,0.43356597,0.451899,0.79108864,0.4851577,0.49945158,0.80209917,0.43868732,0.5006183,0.6391334,0.48585302,0.6069669,0.7907723,0.44749638,0.5849775,0.6245581,0.4581694,0.67245924,0.778984,0.4473693,0.66908413,0.7356268,0.51979315,0.6233948,0.8869951,0.48500776,0.62197524,0.7696717,0.473704,0.73688847,0.7456863,0.44814795,0.7172281,0.544284,0.48729965,0.8638327,0.81606835,0.46578655,0.8415791,0.41902098
1646,32,0.4343104,0.45674998,0.82452047,0.4854493,0.5037873,0.69366306,0.43737307,0.50444114,0.6636131,0.48563993,0.6127281,0.62921,0.4481549,0.58897346,0.80128026,0.45836177,0.6792501,0.72456145,0.44983783,0.67376006,0.6621488,0.52055436,0.6286268,0.80313927,0.48411337,0.6281301,0.84367037,0.47316074,0.7378611,0.8854222,0.4488174,0.72234726,0.6572905,0.48766786,0.8653692,0.877887,0.4670845,0.839105,0.8125174
1647,32,0.43501195,0.46420798,0.81440914,0.4857207,0.51031613,0.7459456,0.43853033,0.51152647,0.67557395,0.4858008,0.6183502,0.6357865,0.4489718,0.5946596,0.81092894,0.45941108,0.68342525,0.76051736,0.4504465,0.6809301,0.5814016,0.5220055,0.6310877,0.93102974,0.48582458,0.6319803,0.85005575,0.4725041,0.73731035,0.8171985,0.44831413,0.72645265,0.7688307,0.4874532,0.86520344,0.78436935,0.4659654,0.8374642,0.8002505
1648,32,0.4361338,0.46975097,0.71216315,0.48550433,0.515937,0.7722432,0.44023743,0.5162257,0.8045416,0.48626775,0.6238496,0.7453449,0.45048147,0.6011687,0.69212836,0.4595857,0.6913594,0.59902215,0.45115808,0.68824345,0.6473334,0.5220204,0.63801724,0.8630018,0.4863449,0.63989437,0.7519873,0.4719616,0.73880744,0.67482567,0.45110956,0.7346189,0.5010293,0.48715904,0.86581224,0.77013075,0.4673537,0.8406735,0.58334064
1649,32,0.436535,0.47498152,0.62635976,0.4841304,0.52374834,0.59580857,0.44346133,0.5274411,0.790578,0.48756677,0.62969494,0.6105431,0.45205963,0.6058821,0.60489315,0.46139666,0.69569355,0.53526366,0.45120913,0.69393754,0.5546309,0.5212885,0.6458131,0.8128894,0.48779362,0.6464806,0.5927317,0.47324005,0.73956203,0.77135336,0.44985667,0.7334842,0.46059915,0.48646542,0.8663842,0.63758147,0.46652386,0.84193724,0.47494087
1650,33,0.43820235,0.4819061,0.59437,0.4854056,0.5288233,0.62685984,0.44396394,0.53135467,0.7498835,0.48882347,0.63285667,0.5110794,0.45306313,0.6100485,0.57155174,0.46199623,0.7004851,0.47850153,0.4521233,0.696587,0.5543806,0.52400106,0.64853454,0.840418,0.4899133,0.64939934,0.74008954,0.4721363,0.7423815,0.7551262,0.44815713,0.73393816,0.54546344,0.48694554,0.8624851,0.60994744,0.4667699,0.8366922,0.75813526
1651,33,0.4384623,0.48784056,0.7208036,0.4877367,0.5297508,0.7454278,0.4430589,0.5298951,0.8478657,0.49012804,0.6366886,0.80643004,0.45461172,0.6127702,0.8164771,0.4658661,0.704693,0.6358351,0.45409966,0.69699764,0.5116153,0.525873,0.645456,0.8410559,0.49089628,0.6474168,0.7394766,0.4715475,0.7424911,0.690045,0.44824922,0.7324144,0.6211196,0.48745057,0.86536145,0.90306437,0.46734798,0.8418603,0.8545951
1652,33,0.43950832,0.4903249,0.61706984,0.48796716,0.5329596,0.74748874,0.44494578,0.53456366,0.7426574,0.49095201,0.63998604,0.6145363,0.4564408,0.6169564,0.7544309,0.46594003,0.7092573,0.5051447,0.45503065,0.69941,0.59944034,0.5276991,0.65036297,0.8457595,0.49271405,0.65116054,0.7162381,0.47191414,0.74297696,0.6365586,0.44627127,0.72855145,0.75127846,0.48634657,0.86450565,0.8647906,0.46797436,0.8385375,0.8662097
1653,33,0.44148576,0.49598384,0.82862294,0.4905255,0.53530043,0.77265215,0.44559902,0.53645563,0.79823345,0.4915959,0.642944,0.7969221,0.45684472,0.61771876,0.72330123,0.4682139,0.70684457,0.61408424,0.4567233,0.69871837,0.48874688,0.5283471,0.6555128,0.9299125,0.4938928,0.6556901,0.8050491,0.47206074,0.74478805,0.70072705,0.44832572,0.7274576,0.7436954,0.48663113,0.8665297,0.7527912,0.46976617,0.8363437,0.8160829
1654,33,0.44353643,0.4996694,0.7272659,0.4921367,0.5395739,0.824273,0.44709027,0.53974205,0.86663336,0.49369463,0.6460532,0.7965463,0.45775428,0.6199217,0.8018354,0.46871722,0.7113316,0.5294439,0.45872104,0.70330316,0.6098994,0.52888066,0.6566366,0.9248509,0.49275365,0.65759295,0.7919967,0.47160465,0.7443429,0.8174288,0.44754237,0.7253625,0.8661648,0.48617554,0.86818624,0.70812345,0.4693491,0.8382792,0.7997322
1655,33,0.44633147,0.49991524,0.65550816,0.49219847,0.54462165,0.6568756,0.45117426,0.54645884,0.7571226,0.49532744,0.64716893,0.57344836,0.46047154,0.62283504,0.5517058,0.47037697,0.7153824,0.500945,0.45960376,0.70724577,0.56570244,0.5292945,0.6631125,0.84092224,0.4961405,0.6618425,0.75018066,0.47105706,0.74158204,0.54731756,0.44697097,0.7222753,0.80230725,0.48611996,0.8678016,0.75837845,0.47025928,0.8368442,0.65447724
1656,33,0.44892377,0.5016158,0.5651431,0.49341667,0.5481899,0.5652182,0.45319188,0.54554945,0.854035,0.49722296,0.6512333,0.7167425,0.46073756,0.62175196,0.6490678,0.46998894,0.71222997,0.3976228,0.46163794,0.70537597,0.4031122,0.52819484,0.66472024,0.59952605,0.4941535,0.6645946,0.65611535,0.4718336,0.7423603,0.6098504,0.44777152,0.7233225,0.7588233,0.48650274,0.86576337,0.6443327,0.46860674,0.8410198,0.6630196
1657,33,0.4506833,0.50405,0.806826,0.49734488,0.54822487,0.7776839,0.4540711,0.5454416,0.7985923,0.4974058,0.6522064,0.78287375,0.462445,0.6245465,0.8418527,0.47061017,0.71458304,0.5016755,0.46157923,0.7094161,0.50839734,0.53036535,0.6697999,0.7992948,0.49606782,0.667467,0.75072175,0.4728323,0.74466306,0.75034356,0.44697526,0.7235136,0.81777775,0.48633203,0.8646988,0.81382215,0.46927324,0.8391431,0.79018676
1658,33,0.45405933,0.50562274,0.73877305,0.49922067,0.5511451,0.69834894,0.45585802,0.54619867,0.8886751,0.49856186,0.6541977,0.6705066,0.463582,0.62480325,0.7583442,0.47008923,0.7131272,0.51208097,0.4623947,0.7091777,0.5793048,0.5290896,0.67074573,0.76182246,0.49497208,0.6672565,0.6080691,0.47302186,0.7459384,0.8287503,0.4459762,0.723557,0.7199449,0.4876259,0.8688227,0.81550384,0.46907723,0.8417234,0.88123417
1659,33,0.45576,0.5072169,0.8251003,0.5019558,0.55051094,0.7650169,0.4566988,0.5473156,0.80059826,0.5004557,0.65471494,0.8429481,0.46540758,0.6262662,0.6996428,0.4713278,0.7181002,0.6272393,0.46211568,0.7138861,0.50602263,0.53080976,0.67378956,0.84088206,0.49505487,0.67061067,0.6625897,0.47388256,0.7446975,0.73383915,0.4470114,0.72140557,0.89111066,0.48714942,0.8671606,0.86572546,0.46966648,0.84045297,0.82831997
1660,33,0.4585586,0.50707453,0.63594383,0.50410295,0.55227685,0.7992733,0.45888937,0.5469497,0.92111915,0.5015364,0.6559256,0.80711824,0.46676716,0.62772673,0.8038608,0.47155342,0.71471786,0.63532215,0.46324274,0.70928437,0.4512983,0.5308873,0.6745254,0.89127356,0.4958482,0.67108935,0.5986666,0.47517923,0.7444944,0.747925,0.44652715,0.72213495,0.88586897,0.48774475,0.8674194,0.8846836,0.46977806,0.8406232,0.8978768
1661,33,0.46144235,0.5064903,0.78588825,0.50653386,0.5540358,0.64404076,0.46118498,0.54754263,0.85778606,0.50184494,0.6556119,0.86164576,0.46701786,0.62789404,0.77702975,0.47200367,0.71545047,0.63736403,0.4634014,0.7105544,0.43535253,0.5307747,0.6751589,0.8927882,0.49587017,0.67104876,0.5888317,0.47597232,0.744497,0.66620505,0.4474405,0.72160023,0.8510373,0.48758805,0.8665367,0.858561,0.46954665,0.8416885,0.9134991
1662,33,0.46322986,0.50360715,0.64602953,0.5081313,0.552621,0.7384291,0.4631624,0.5459418,0.88248557,0.5016867,0.6568146,0.6858197,0.46718138,0.62920827,0.7341843,0.47254816,0.7136994,0.7297906,0.46351558,0.7098226,0.45913708,0.5308613,0.67587984,0.9073381,0.49764723,0.66913664,0.81157964,0.47685573,0.74414283,0.60512054,0.44758818,0.7196439,0.9068572,0.48751014,0.86704385,0.8833239,0.46911818,0.8438833,0.88268465
1663,33,0.465484,0.5029488,0.7772433,0.51046157,0.5513213,0.7741771,0.46736938,0.54380196,0.85475355,0.5025702,0.6549109,0.75113153,0.46942002,0.62781566,0.75065833,0.4739942,0.71388334,0.68042296,0.46450755,0.70938635,0.44445786,0.53096706,0.67239153,0.91492146,0.49868786,0.6662999,0.786726,0.47943306,0.74206996,0.6025276,0.4480693,0.7194051,0.894129,0.48792708,0.8653492,0.7881567,0.47015408,0.84194475,0.891471
1664,33,0.46732035,0.5015973,0.81576914,0.51352715,0.55016613,0.7517879,0.46839315,0.5429595,0.908047,0.5040332,0.65268636,0.808344,0.4713151,0.6280044,0.83393645,0.4741742,0.7098585,0.60106695,0.46633938,0.7067017,0.5405976,0.5320474,0.6744159,0.92054,0.49729702,0.6686217,0.73032933,0.47930893,0.74108785,0.682681,0.44812185,0.71754944,0.89259017,0.48828274,0.86582744,0.8399523,0.46946412,0.8428433,0.86860734
1665,33,0.47001907,0.4998986,0.8142677,0.5165339,0.5496981,0.6510161,0.4705759,0.5404971,0.82344157,0.5066758,0.6509643,0.743211,0.4720872,0.62706226,0.68805903,0.47483236,0.71017617,0.63584584,0.46558627,0.70828867,0.47481444,0.5325884,0.6742464,0.8964816,0.49965706,0.66864645,0.6302616,0.48082048,0.74057597,0.63168263,0.44876587,0.7176035,0.9142936,0.4880724,0.86768395,0.8522014,0.47010955,0.8443838,0.7051722
1666,33,0.47238973,0.49794713,0.6524587,0.5181057,0.5473202,0.6601639,0.47218564,0.53904945,0.8846576,0.5080651,0.6491713,0.7395437,0.474026,0.62527996,0.77535266,0.47678223,0.706489,0.6964225,0.4678283,0.7032307,0.5835791,0.53312665,0.67060196,0.9270512,0.500516,0.6655981,0.7749259,0.4807422,0.7418415,0.75698954,0.44997138,0.7166713,0.82258695,0.48809054,0.8673594,0.87368387,0.4691047,0.84633166,0.8276602
1667,33,0.47446802,0.4967597,0.7550567,0.5197852,0.5467281,0.7730583,0.4741414,0.5384563,0.91951793,0.50936973,0.64797175,0.7601292,0.47522646,0.62503684,0.84480864,0.47700322,0.7062448,0.74845946,0.46899578,0.70456094,0.6048649,0.5350436,0.673337,0.8895945,0.5020696,0.6687275,0.7347746,0.480507,0.7399413,0.71593153,0.4501789,0.7175931,0.88545376,0.48801765,0.866266,0.7196077,0.4707226,0.84522,0.8611987
1668,33,0.47671548,0.49551183,0.790859,0.521269,0.5453577,0.67646074,0.477627,0.5367811,0.8417364,0.5109717,0.6449984,0.7659792,0.47739556,0.62149274,0.7653356,0.479634,0.7039467,0.69088906,0.47073153,0.7011759,0.53442955,0.5351241,0.6740628,0.9158431,0.50390977,0.6681116,0.6141781,0.4805282,0.7412153,0.7066863,0.4512698,0.71645623,0.86452174,0.48896667,0.86784273,0.8885879,0.46938762,0.8461045,0.85192704
1669,33,0.47904935,0.49399906,0.3997954,0.52334917,0.54625595,0.7351181,0.4795584,0.5369426,0.91001457,0.5122765,0.64509135,0.7194783,0.47880206,0.6229543,0.70153606,0.4819992,0.70376194,0.6520186,0.47276956,0.6998502,0.621261,0.5354111,0.6749607,0.8509617,0.50424236,0.6702602,0.63642347,0.4804836,0.74206257,0.68299556,0.45129,0.71801573,0.8418041,0.48866865,0.8648073,0.89161134,0.46999055,0.8477635,0.8757164
1670,33,0.4807053,0.49392694,0.6932076,0.5249468,0.54505897,0.7398543,0.4812968,0.53839046,0.7495966,0.5140013,0.64267117,0.8161881,0.48079318,0.62081385,0.7435964,0.482426,0.701786,0.5456698,0.47594684,0.6962235,0.52627754,0.53437924,0.6767635,0.77409065,0.5034076,0.67234,0.63313884,0.47979164,0.74037874,0.6428963,0.45122737,0.7177975,0.9100515,0.4883489,0.8626905,0.8920104,0.4701757,0.8467199,0.86331296
1671,33,0.4829828,0.49212727,0.60141927,0.52673566,0.5444923,0.51069134,0.482122,0.5380258,0.87241167,0.51564527,0.6443706,0.6118232,0.48189342,0.623688,0.7475789,0.48374766,0.7037772,0.48391253,0.47571522,0.69934833,0.63006175,0.533808,0.6782306,0.876538,0.502168,0.67302877,0.6209704,0.47980654,0.74138296,0.54695946,0.45111814,0.7183094,0.9144823,0.48795062,0.8655176,0.8984459,0.47002828,0.8458341,0.78589106
1672,33,0.4845622,0.49105123,0.70607346,0.5264711,0.54748714,0.5513965,0.48468015,0.538893,0.7811787,0.5171331,0.64510393,0.61233306,0.48347887,0.62216806,0.48821786,0.48437303,0.7073276,0.45945966,0.4761373,0.703196,0.60448223,0.53167784,0.6779576,0.70976865,0.50204647,0.6716517,0.64268863,0.48020524,0.7404671,0.40073094,0.4523531,0.719169,0.839519,0.4875906,0.86642176,0.8418226,0.46856183,0.8466355,0.5420175
1673,33,0.48591185,0.48988223,0.62445664,0.52954674,0.5421972,0.7878314,0.48455605,0.53718066,0.8713799,0.51788217,0.6465211,0.72648275,0.482925,0.6211221,0.5530868,0.48391506,0.7077027,0.6864911,0.47672546,0.70279473,0.7313793,0.53607047,0.67641014,0.9199361,0.50395834,0.67106485,0.6061204,0.479646,0.74068433,0.64952505,0.4517472,0.7173565,0.93999463,0.48687142,0.8670338,0.7322921,0.46952537,0.84356153,0.8523704
1674,33,0.48727655,0.490483,0.7483251,0.5304442,0.54211193,0.7860764,0.48579028,0.53607357,0.7985057,0.519905,0.6459707,0.60035205,0.4836906,0.61963606,0.45689008,0.48463425,0.7092683,0.6579562,0.47824064,0.70361733,0.7102784,0.53557396,0.6780161,0.8697291,0.50346816,0.6723785,0.712359,0.47883126,0.7398504,0.63093066,0.45121276,0.7172715,0.84482056,0.4880843,0.86454535,0.88764846,0.4701617,0.84429765,0.73857397
1675,33,0.4891172,0.4891298,0.8176816,0.53126734,0.5424614,0.6325927,0.48678052,0.5361492,0.9082925,0.52064735,0.64656675,0.7494684,0.48399645,0.6215728,0.62285036,0.48650715,0.70602924,0.70270693,0.4786536,0.6994655,0.743434,0.5373757,0.67742944,0.9252377,0.506035,0.6726496,0.70603406,0.47967693,0.73846185,0.7000502,0.45237345,0.7156736,0.9340921,0.4868752,0.86587685,0.9056458,0.4695729,0.8441955,0.81127316
1676,33,0.49025238,0.48739862,0.70639235,0.5322501,0.542656,0.8118251,0.48810118,0.53569967,0.8535986,0.5221335,0.64581406,0.62501657,0.485072,0.6205831,0.6672518,0.4870243,0.7082991,0.6813799,0.47930196,0.7013309,0.6884682,0.53718406,0.6799632,0.8710502,0.5051233,0.6729871,0.70753694,0.47949067,0.73734313,0.64460343,0.45201012,0.7173879,0.9168047,0.48771074,0.8675632,0.8769103,0.4685669,0.84424734,0.85063505
1677,33,0.49105185,0.48739114,0.8253611,0.5337412,0.5424814,0.68361443,0.48826313,0.5357784,0.9238021,0.5232203,0.6461051,0.81545657,0.48541343,0.6206086,0.7807303,0.48769686,0.70530903,0.65606284,0.48046747,0.697239,0.7073502,0.53766894,0.67943704,0.923807,0.5056194,0.67207766,0.69767445,0.47968486,0.73668313,0.69136083,0.45258415,0.71686023,0.92076147,0.48918912,0.86834943,0.88222885,0.46898282,0.8451774,0.7191774
1678,33,0.4931828,0.4858802,0.5085811,0.53244025,0.54524493,0.79387546,0.48980576,0.5386249,0.89137644,0.52421737,0.64590293,0.77597034,0.48616067,0.62130314,0.7389603,0.49084193,0.6972333,0.5006806,0.48254332,0.6954405,0.7367439,0.5346987,0.6790089,0.87017256,0.50488055,0.6717194,0.6355317,0.47951666,0.7374228,0.6426085,0.453492,0.71783876,0.880085,0.48736927,0.8678454,0.8876647,0.46885905,0.8463769,0.8373748
1679,33,0.49381402,0.48576096,0.7255994,0.534829,0.54323405,0.84845495,0.49077186,0.5382704,0.7852115,0.52562773,0.64354855,0.8820556,0.48615092,0.6217465,0.8317751,0.48995513,0.70091075,0.62872493,0.48155227,0.6960804,0.6105797,0.5373439,0.6777624,0.9134406,0.5060824,0.6717667,0.68659335,0.4800318,0.73975676,0.6902397,0.45377758,0.7167793,0.9268198,0.48742625,0.8666963,0.63590395,0.46933648,0.846405,0.7299246
1680,33,0.4945591,0.48450324,0.5540416,0.5342981,0.54359245,0.7048356,0.49084705,0.5379983,0.88955957,0.52616554,0.643189,0.86108446,0.48625022,0.6209135,0.8373116,0.4893921,0.69899166,0.6037634,0.48155886,0.6916426,0.6560025,0.5377826,0.67727166,0.9153626,0.5057351,0.6702843,0.6944252,0.4805905,0.7398618,0.68182355,0.4539887,0.71731025,0.9017834,0.4877385,0.8647835,0.8498702,0.4687504,0.84377474,0.76566565
1681,33,0.49532127,0.48406592,0.63466567,0.53502613,0.5440343,0.68967897,0.491942,0.53806347,0.73160464,0.5263694,0.6433535,0.8929887,0.48634398,0.6211679,0.8224395,0.49112937,0.6954221,0.5254454,0.48161602,0.69091314,0.6418823,0.5381239,0.67610306,0.84516704,0.5058095,0.6688535,0.68569237,0.48057747,0.738337,0.6555524,0.45338953,0.71632344,0.8904468,0.48697042,0.8658056,0.8098293,0.46927536,0.84414214,0.8559391
1682,33,0.4960308,0.48340896,0.6136615,0.53568846,0.5437673,0.7031644,0.49213126,0.5377347,0.893028,0.5259248,0.6433921,0.88453895,0.4866676,0.6207749,0.8223391,0.48924524,0.699685,0.5893779,0.48117784,0.69120926,0.58936346,0.5381108,0.6747811,0.9193043,0.5061552,0.66622394,0.5969001,0.48046845,0.7403827,0.7101143,0.45259753,0.7164226,0.87984806,0.4882372,0.8638901,0.7856074,0.46916667,0.8419866,0.8697242
1683,33,0.49645892,0.48329902,0.67027706,0.53645164,0.54234177,0.7843699,0.49226812,0.5374341,0.9114873,0.5256014,0.6432073,0.8832062,0.48620397,0.62135553,0.8219811,0.48904383,0.6978317,0.54507095,0.48108095,0.6906912,0.54834205,0.53868616,0.67443854,0.87732005,0.50525534,0.66750556,0.7220706,0.48073435,0.7387621,0.74976367,0.4533421,0.71663743,0.8640982,0.48756936,0.86442417,0.77269506,0.46829265,0.8433598,0.82278913
1684,33,0.49687016,0.4834876,0.7787545,0.53765005,0.5420256,0.5698064,0.4933541,0.5369789,0.8084717,0.52557266,0.64284307,0.90460235,0.48712683,0.62138605,0.85193,0.4889235,0.6983486,0.5838938,0.48094574,0.6910537,0.5983128,0.53782576,0.6736743,0.9232161,0.5051186,0.6659521,0.6821279,0.4809908,0.7396831,0.75208366,0.45189074,0.719035,0.83044404,0.48748383,0.8645225,0.78894246,0.46950462,0.8418934,0.88295954
1685,33,0.4968212,0.4834809,0.8124683,0.5381897,0.54121315,0.6436951,0.49408504,0.5367862,0.8703023,0.5250924,0.6433533,0.88896865,0.4868487,0.6202531,0.7768389,0.48907578,0.6970729,0.6195481,0.48066628,0.6899251,0.6289904,0.53870463,0.6764771,0.9063278,0.50518095,0.66861296,0.7685561,0.48066607,0.73869425,0.7586065,0.45303586,0.7176355,0.90486,0.48729786,0.86522245,0.82284564,0.46843228,0.8431617,0.8424451
1686,33,0.4977167,0.4834671,0.7616739,0.5369911,0.5434105,0.6945007,0.49486685,0.53840196,0.8749698,0.5255587,0.64278823,0.8113025,0.48783004,0.6206281,0.7737917,0.48889524,0.70032734,0.47333485,0.48070487,0.6917419,0.53899413,0.5368458,0.6782559,0.79135585,0.505414,0.66982603,0.58926135,0.48112467,0.74000305,0.57780015,0.45325586,0.7166809,0.84090877,0.48762113,0.8629201,0.7250152,0.46902433,0.84345025,0.8405234
1687,33,0.49752337,0.48272908,0.6328182,0.5383031,0.54489803,0.71884733,0.49497795,0.53928876,0.8783484,0.5267465,0.64176905,0.81390786,0.4881944,0.6198668,0.7877539,0.48928395,0.6970283,0.5421296,0.48051533,0.6916058,0.7242959,0.538071,0.67784244,0.7923837,0.50757533,0.67093843,0.5817406,0.4813189,0.7384669,0.6609386,0.4548683,0.71634287,0.8599555,0.4873805,0.86537844,0.8247982,0.46895376,0.84356326,0.8466495
1688,33,0.49782592,0.4823133,0.64761376,0.5379532,0.54335725,0.8228629,0.4951118,0.53830105,0.81042725,0.52587056,0.6426081,0.7971061,0.48799905,0.6192834,0.7972998,0.48893133,0.69574255,0.5150324,0.48084977,0.69005084,0.6597846,0.5386238,0.67732227,0.83695227,0.5067232,0.6699187,0.668772,0.48110902,0.7377187,0.71624947,0.45354652,0.7158603,0.9079181,0.48813686,0.86477435,0.89856726,0.46930447,0.8439536,0.8339312
1689,33,0.49818286,0.4822178,0.6776532,0.5381731,0.54417205,0.76758087,0.4956202,0.5394847,0.8736905,0.5257696,0.64266527,0.7858837,0.48821938,0.61948997,0.8036035,0.48886144,0.6954646,0.48340067,0.48088235,0.68983924,0.6671826,0.53728336,0.67778647,0.80966246,0.50606555,0.6699636,0.63906044,0.48092955,0.737909,0.6460406,0.45362768,0.71627927,0.8830061,0.48825392,0.8643751,0.9058689,0.46908182,0.8437116,0.8178054
1690,33,0.4984398,0.4818303,0.5784664,0.53831273,0.5437204,0.8192038,0.49553972,0.540003,0.8645968,0.5256754,0.64151806,0.7935053,0.4883084,0.6202036,0.827408,0.48867914,0.69561404,0.5700983,0.48055497,0.68974936,0.6959435,0.53857476,0.67889756,0.8581378,0.50747776,0.6721881,0.70167977,0.48074615,0.738909,0.69194806,0.45299596,0.716161,0.87055874,0.48743808,0.8627899,0.78101826,0.46923593,0.84290004,0.86959773
1691,33,0.49954683,0.48194614,0.59692216,0.5372668,0.5430473,0.7620713,0.4955503,0.5395157,0.799804,0.5258168,0.64080024,0.7540254,0.48814148,0.6199946,0.76734406,0.4893401,0.69574845,0.5520697,0.48162207,0.68949765,0.6159112,0.53795904,0.6781582,0.7931556,0.50682425,0.67067987,0.6133546,0.48110664,0.73893625,0.744171,0.45317563,0.7167789,0.84763896,0.48779303,0.8664674,0.8913397,0.46841508,0.84382796,0.76649225
1692,33,0.4991911,0.48188335,0.57964957,0.537782,0.5430396,0.80349,0.49544942,0.54029155,0.85664153,0.5257787,0.64056164,0.79148126,0.4886556,0.6208713,0.858066,0.4894295,0.6952941,0.597782,0.48112532,0.6895768,0.6778462,0.5389282,0.67766875,0.8371881,0.5067821,0.67078733,0.65742904,0.4808132,0.7373261,0.6949765,0.45327404,0.7160802,0.8472202,0.48828495,0.86525655,0.9076036,0.46894747,0.8440389,0.83801293
1693,33,0.4993913,0.48140678,0.70491946,0.53763425,0.5431303,0.8072643,0.49572337,0.54015934,0.81588024,0.52599597,0.64082503,0.67582357,0.4887233,0.62055165,0.84062874,0.4890819,0.6954252,0.5364287,0.48138908,0.68997294,0.64254403,0.53828067,0.6786899,0.8408339,0.50657386,0.67190564,0.70077044,0.48059887,0.7366609,0.6415,0.45319176,0.71541727,0.85048795,0.4876369,0.86419034,0.8973913,0.4690916,0.84409,0.86713487
1694,33,0.49901602,0.48144147,0.6557176,0.537932,0.5434345,0.81348455,0.49557754,0.5408057,0.85241604,0.5256359,0.640248,0.8224133,0.48896992,0.6218481,0.8383006,0.48946163,0.69582886,0.6193264,0.48183662,0.6900651,0.68714994,0.53831226,0.6767333,0.79041845,0.5068503,0.6704514,0.6223783,0.4805956,0.7373575,0.7066085,0.45377696,0.7165004,0.85176384,0.48817122,0.8643392,0.91788334,0.46855488,0.8437648,0.76118886
1695,33,0.4992123,0.48146424,0.7558447,0.53803635,0.5434421,0.7920827,0.49606574,0.54090273,0.8016938,0.5259988,0.63966584,0.7432191,0.4891426,0.6201199,0.76834255,0.4892725,0.69428235,0.44049254,0.4815351,0.68944496,0.57649046,0.5364316,0.67929167,0.79366654,0.5055227,0.6729482,0.6720236,0.4806191,0.7382868,0.5239692,0.4543684,0.71665436,0.862291,0.4875592,0.8658255,0.9134209,0.46809044,0.84397936,0.7602539
1696,33,0.49834168,0.4806059,0.50897187,0.5382656,0.5420114,0.6491227,0.495998,0.54104775,0.6533537,0.52503365,0.6392241,0.84995806,0.489301,0.62187374,0.6666647,0.48905218,0.6960926,0.5888475,0.48086458,0.689989,0.7212708,0.53727764,0.6761004,0.8962732,0.5073903,0.6708554,0.57235533,0.4804311,0.7379946,0.7342955,0.45478684,0.7171608,0.8845414,0.4872995,0.86627173,0.8299358,0.4689018,0.8443799,0.7968655
1697,33,0.49890175,0.4807108,0.7627004,0.53778285,0.54291993,0.8321405,0.49598944,0.54132265,0.83279836,0.5256335,0.63911486,0.8233576,0.4889143,0.62103516,0.8417276,0.48941442,0.6941776,0.5363944,0.4815284,0.6893739,0.6381132,0.5374536,0.6777339,0.84336287,0.50635624,0.6714148,0.7279324,0.48106554,0.7375764,0.6229755,0.45353577,0.71654564,0.78870153,0.48805806,0.8645245,0.873613,0.46831483,0.844288,0.805038
1698,33,0.4986965,0.48041642,0.7267226,0.5378221,0.5431037,0.8311676,0.4960394,0.541871,0.8439799,0.5252461,0.6392531,0.82502943,0.48872072,0.6222479,0.8477486,0.48957458,0.6946341,0.5871914,0.4816737,0.689627,0.66086537,0.5382153,0.6791573,0.85194653,0.5064128,0.672522,0.69814146,0.48079765,0.7375944,0.6879545,0.45383874,0.71722317,0.8984622,0.4884405,0.86425036,0.9029554,0.4693384,0.8426722,0.8760602
1699,33,0.49876925,0.48033974,0.7352452,0.537711,0.54291224,0.7729838,0.49589667,0.54240537,0.821622,0.5252799,0.6391577,0.6923444,0.48861456,0.62160504,0.7792696,0.48987263,0.69509107,0.5203444,0.4821078,0.6899094,0.5581568,0.5366517,0.67925406,0.73997265,0.5062592,0.673116,0.5757922,0.48085868,0.73758805,0.6128809,0.45363912,0.71758157,0.7920885,0.48844135,0.86478126,0.8971758,0.46893632,0.8436482,0.7978418
1700,34,0.49782422,0.48054528,0.8393826,0.53867644,0.53883344,0.68052393,0.49440956,0.54018945,0.82623464,0.52501434,0.6385414,0.8724772,0.48840854,0.6218178,0.90438,0.48948595,0.6946982,0.611224,0.4816194,0.6888952,0.6821727,0.53915673,0.6759704,0.92156005,0.5067467,0.66938835,0.63852286,0.48060858,0.7373236,0.7871025,0.45334402,0.7168949,0.89263797,0.48800188,0.8644006,0.9425642,0.46834087,0.84396416,0.83622235
1701,34,0.4991179,0.4807577,0.70708704,0.5380694,0.5398815,0.8592289,0.4958301,0.5397444,0.88402385,0.5258453,0.6393046,0.70203996,0.4886293,0.62115777,0.8819068,0.48955375,0.6937707,0.5637334,0.48205727,0.687967,0.49022165,0.5379513,0.6781762,0.8853846,0.5060882,0.67078716,0.73890465,0.48105705,0.73711056,0.6169647,0.4538838,0.7161063,0.9292106,0.4877472,0.8637719,0.8879671,0.46838734,0.84474134,0.7745961
1702,34,0.49841207,0.48072898,0.7530037,0.5386585,0.5382884,0.66917574,0.49519163,0.5395713,0.8873589,0.5249803,0.6388043,0.8461521,0.48838362,0.62169313,0.9149877,0.48955974,0.694246,0.60903037,0.4810939,0.68894845,0.69894946,0.5395434,0.67800426,0.8575758,0.5070321,0.670722,0.7057953,0.48043522,0.7364155,0.74914134,0.45300284,0.71637225,0.88702196,0.48847142,0.8633505,0.93576324,0.46900314,0.84400994,0.8531794
1703,34,0.49846396,0.4802359,0.5979181,0.53763145,0.53905743,0.83714384,0.49545676,0.54006326,0.88727736,0.5247954,0.6386468,0.723908,0.48854098,0.6212675,0.8882116,0.48920363,0.6947735,0.5515309,0.48180595,0.6899071,0.6701016,0.53926915,0.67689395,0.8553252,0.50771326,0.6703119,0.67529035,0.48037222,0.73744005,0.5736077,0.45263118,0.7173356,0.88691795,0.4880431,0.86566895,0.90685153,0.4684964,0.8443914,0.75333685
1704,34,0.4989815,0.4803485,0.721815,0.5375283,0.53990996,0.79037225,0.49602798,0.53987646,0.8665923,0.52525055,0.6405929,0.5727606,0.48892438,0.6214238,0.8674998,0.48947552,0.69577354,0.52274895,0.48172605,0.6915403,0.6522804,0.53856903,0.67915064,0.8780849,0.5071845,0.67240816,0.72335255,0.48122704,0.7389176,0.7427166,0.45378366,0.71576685,0.92813396,0.4870413,0.8656186,0.886995,0.46762943,0.84448934,0.7340072
1705,34,0.49888593,0.48020583,0.70589185,0.5371832,0.5409769,0.7671729,0.49579722,0.54089165,0.8730641,0.52477735,0.6385403,0.70900846,0.48907408,0.6224197,0.86539835,0.48949775,0.6949347,0.5966241,0.48186606,0.6889749,0.6312922,0.53806764,0.6760871,0.90401834,0.50712246,0.66928947,0.57980615,0.48011005,0.7379483,0.7121634,0.45289904,0.71670556,0.8430484,0.48875445,0.86202234,0.866185,0.46797723,0.8426448,0.71541417
1706,34,0.4987015,0.47984454,0.7688422,0.5370478,0.54280025,0.77091324,0.49671468,0.5417232,0.8354136,0.52528924,0.638642,0.60832983,0.48950538,0.6202361,0.7786573,0.48952547,0.6937075,0.4155541,0.48212412,0.68966854,0.58623505,0.53620684,0.67992824,0.7704019,0.50594413,0.67368245,0.66540384,0.48087636,0.7376212,0.5287045,0.45459074,0.71661335,0.8423049,0.48713318,0.86596894,0.9038735,0.46873826,0.8445606,0.84793437
1707,34,0.49837887,0.47950286,0.6070687,0.537612,0.54261786,0.7822419,0.4960244,0.5427174,0.66226035,0.5248875,0.63808954,0.74264205,0.48961058,0.6223706,0.5965609,0.4888715,0.6970413,0.52929294,0.48062384,0.6913112,0.6311369,0.53668904,0.67750216,0.8576879,0.50726336,0.67169064,0.65959704,0.48088187,0.739014,0.66100574,0.45418486,0.71731734,0.8224194,0.48748225,0.86485785,0.84154934,0.468636,0.84406793,0.7622971
1708,34,0.4985554,0.47983027,0.6786058,0.5373033,0.54186887,0.73121583,0.49621817,0.5427022,0.80906445,0.52486175,0.6386247,0.7106012,0.4892952,0.6218103,0.8174833,0.4896459,0.6942912,0.5064274,0.48229033,0.68977827,0.59581435,0.537965,0.67925876,0.828394,0.5066087,0.6726769,0.6538911,0.48033425,0.73747617,0.57418776,0.4539359,0.7164934,0.8675829,0.48827448,0.8640232,0.88898546,0.46838745,0.8451129,0.81969935
1709,34,0.49812996,0.47972625,0.76141304,0.53712285,0.54219276,0.74592006,0.4962768,0.5429306,0.8413081,0.524836,0.63912845,0.653758,0.48910922,0.6219532,0.7903424,0.48989004,0.6947383,0.5489123,0.4823822,0.6895936,0.56954366,0.53694993,0.6780791,0.715554,0.5064508,0.6714218,0.53749955,0.47984868,0.73821366,0.61355215,0.45330164,0.7173347,0.76988,0.48806107,0.86325234,0.9141114,0.46908525,0.84370726,0.79024655
1710,34,0.49822494,0.4799595,0.757088,0.5381019,0.5403884,0.5925252,0.49561566,0.54193413,0.8445437,0.52453804,0.63919544,0.8190113,0.48898715,0.6216562,0.90656537,0.48961413,0.69401604,0.6280441,0.48135275,0.68875283,0.664188,0.5390385,0.677633,0.8292001,0.50692564,0.67062956,0.6827957,0.48013029,0.7369757,0.69235253,0.45258006,0.716073,0.8573634,0.48820558,0.86271316,0.92095375,0.4691958,0.8431246,0.8940072
1711,34,0.49870664,0.4800919,0.7747358,0.53824335,0.53921074,0.8408802,0.49563885,0.5407764,0.87224376,0.52482575,0.639038,0.89218163,0.48916882,0.62130296,0.90224516,0.48909798,0.6947403,0.5618267,0.48138836,0.69018984,0.6315733,0.5390586,0.67768073,0.86521643,0.50695,0.67108065,0.7077026,0.47991517,0.737369,0.6331552,0.45191386,0.7164329,0.85583663,0.48688498,0.86454105,0.87816185,0.468794,0.8442143,0.9095807
1712,34,0.49880826,0.4802854,0.73551995,0.53780776,0.5395324,0.832396,0.49565703,0.5401516,0.8875233,0.52506626,0.6389851,0.89541316,0.48919296,0.6207303,0.8819601,0.48944315,0.69438225,0.56556237,0.481603,0.6892387,0.6716334,0.53847426,0.6764684,0.8321144,0.5070865,0.6701469,0.67147857,0.4801193,0.73797333,0.66465694,0.45291418,0.71608526,0.85999,0.48751336,0.8644454,0.88754004,0.46942866,0.8435707,0.80704975
1713,34,0.4987375,0.4804504,0.79541093,0.53889275,0.537926,0.6537015,0.49562377,0.5395494,0.8844145,0.5252011,0.6400457,0.68618315,0.48917136,0.62122655,0.9075537,0.48925433,0.69412005,0.5722373,0.4813752,0.6892542,0.66142523,0.5390384,0.67666626,0.8799154,0.50695497,0.6695603,0.7126155,0.4808198,0.7376521,0.637421,0.45208347,0.71653026,0.87425965,0.48794985,0.8631273,0.8977291,0.46889442,0.84376603,0.90550494
1714,34,0.4983085,0.48058274,0.7024605,0.5382116,0.53786916,0.8704143,0.49576446,0.5396644,0.9276854,0.52525413,0.6402005,0.6992146,0.48936215,0.6216602,0.9100135,0.489096,0.69431996,0.51179093,0.4814695,0.6900732,0.68233794,0.5391229,0.6776818,0.89882463,0.50735915,0.67043775,0.7399548,0.48014227,0.73719555,0.6568823,0.4523266,0.71659684,0.8921917,0.48809054,0.8644495,0.9069711,0.46898925,0.84307694,0.82477653
1715,34,0.4985016,0.4801405,0.6374161,0.5376757,0.5397578,0.84690607,0.49585563,0.54087806,0.9142622,0.5253768,0.6404928,0.6410706,0.4894819,0.62196404,0.89594513,0.4894956,0.6946981,0.52545494,0.48171148,0.6901547,0.66076344,0.5392371,0.6771626,0.8651988,0.5078987,0.67047256,0.6963828,0.4812991,0.7384257,0.7332996,0.45293373,0.7162023,0.86823326,0.48798838,0.86564475,0.9115025,0.4689117,0.8443512,0.743565
1716,34,0.4988748,0.48029265,0.7311747,0.53753126,0.54068476,0.79756796,0.4964075,0.5405702,0.8739662,0.52524126,0.6416071,0.6040169,0.48960045,0.62065893,0.8790124,0.48938954,0.6953458,0.5131838,0.4817337,0.6902096,0.6253041,0.53957933,0.67930907,0.8992291,0.508007,0.6717033,0.73118514,0.48138008,0.739537,0.77517533,0.4536881,0.71495664,0.9168573,0.4867411,0.86539316,0.8619978,0.46861035,0.8438339,0.9101749
1717,34,0.4990184,0.47944352,0.7125731,0.5374219,0.54196876,0.7187213,0.4963408,0.5417426,0.847615,0.52519494,0.6410343,0.8389998,0.48957092,0.62080055,0.8042962,0.48979032,0.6952175,0.51056534,0.48272482,0.69004005,0.56348956,0.53785044,0.6773089,0.75444525,0.5075435,0.67151415,0.62530947,0.48096025,0.7402944,0.7406573,0.45381123,0.7162481,0.84907734,0.48692176,0.8664034,0.86427766,0.46858406,0.8435031,0.6879835
1718,34,0.4984623,0.47950885,0.7617023,0.53797466,0.5409182,0.79975015,0.49625033,0.5422224,0.84549046,0.525101,0.6402449,0.7554554,0.48957202,0.6219165,0.8794216,0.4891348,0.69495577,0.5454798,0.48158705,0.69005334,0.631323,0.53814566,0.67842114,0.8523688,0.50662917,0.67175895,0.7299422,0.48054552,0.73897445,0.59080076,0.45382443,0.7155388,0.90565014,0.48769316,0.8638448,0.88416165,0.4682897,0.84467983,0.802684
1719,34,0.49830994,0.47956452,0.78110605,0.5380258,0.5421311,0.8236427,0.49622646,0.54221183,0.8773121,0.5249157,0.6408153,0.7329844,0.48948467,0.6227015,0.858736,0.48902053,0.6957431,0.5660679,0.48135197,0.69106454,0.6661918,0.5380373,0.6789688,0.8423641,0.5067176,0.67271954,0.712368,0.48054743,0.7372226,0.6524249,0.4536115,0.7165304,0.89243156,0.488428,0.864545,0.9067657,0.4693637,0.84415734,0.836076
1720,34,0.4984457,0.47930247,0.73457265,0.53789365,0.54273653,0.8030097,0.49626985,0.54233366,0.8297945,0.52488583,0.64138985,0.72289795,0.4892596,0.6228789,0.847254,0.4896048,0.69530874,0.547766,0.48188782,0.6903756,0.63630015,0.5380462,0.6785803,0.8047824,0.5067407,0.67211586,0.6454898,0.48066047,0.73769635,0.64229435,0.45401287,0.71571904,0.8545585,0.48827904,0.8647456,0.9073228,0.46901682,0.8445654,0.8208675
1721,34,0.4981699,0.47899923,0.7794525,0.53894204,0.54111886,0.631954,0.49554756,0.5412914,0.8131548,0.52508765,0.6409665,0.839596,0.48893732,0.6219265,0.88826513,0.48927492,0.69505966,0.5612119,0.4816964,0.6902347,0.64775187,0.5397817,0.67871124,0.83115417,0.5072838,0.671449,0.6926539,0.48069635,0.7377222,0.6724605,0.45254758,0.7164178,0.85042334,0.48827997,0.8637133,0.9150542,0.46898824,0.8444165,0.91084516
1722,34,0.4982089,0.47818258,0.8166035,0.53939223,0.53894454,0.6040507,0.49531478,0.53968704,0.8219492,0.52564234,0.64154005,0.686409,0.48896185,0.62149423,0.8841427,0.4896287,0.6958491,0.5643332,0.4829275,0.6893104,0.46756032,0.5399622,0.6765979,0.9352096,0.5082324,0.67031914,0.6736061,0.48111457,0.7383864,0.5898981,0.45287475,0.71621174,0.8480915,0.48632857,0.8661474,0.86025214,0.4686431,0.84433615,0.8986521
1723,34,0.49885336,0.47743982,0.7746993,0.53814644,0.5399518,0.8484352,0.4957417,0.53935707,0.83986944,0.52579963,0.6414078,0.69548774,0.48937708,0.6208425,0.90154475,0.48967877,0.69411236,0.53565913,0.48194057,0.6890155,0.61944664,0.5388812,0.6784335,0.879117,0.5073478,0.6715412,0.7606118,0.48154786,0.73913366,0.76358163,0.45434654,0.7144948,0.91172844,0.48603052,0.86508757,0.83468956,0.46857154,0.84385514,0.9170807
1724,34,0.49855623,0.4774905,0.81163543,0.53868747,0.5405727,0.87265337,0.4956748,0.54029334,0.8915559,0.5256631,0.64020216,0.792192,0.4889308,0.6220542,0.9076264,0.48919067,0.69524467,0.5304864,0.48144153,0.6904176,0.64761436,0.5398899,0.6772124,0.8449778,0.50792724,0.67057645,0.71208465,0.48131606,0.73846865,0.73088825,0.45273653,0.7164328,0.8672642,0.48805338,0.865707,0.9193395,0.46888503,0.8448136,0.76346
1725,34,0.4987172,0.47623324,0.7281631,0.5379985,0.5416947,0.823755,0.49622715,0.5406685,0.84017235,0.5260288,0.6416147,0.6853844,0.489224,0.6212844,0.88443506,0.48945516,0.694797,0.4874753,0.48209447,0.6895239,0.5794056,0.539458,0.67851907,0.87073153,0.5077414,0.67202926,0.7609313,0.481306,0.73984957,0.7393823,0.45399424,0.71544915,0.9074604,0.4863132,0.8661773,0.8098881,0.46925178,0.8445187,0.91368854
1726,34,0.4983934,0.47566363,0.7792013,0.5392872,0.53992593,0.6264448,0.49511927,0.53947085,0.8211205,0.5261551,0.64087135,0.69685805,0.48876506,0.6215988,0.8919553,0.48956373,0.6956202,0.5821843,0.4822661,0.6907402,0.6617916,0.53982735,0.67638344,0.9332094,0.50833243,0.67052287,0.68528074,0.48135445,0.7394163,0.7521059,0.4538632,0.7156118,0.9128114,0.48675016,0.8662069,0.8720518,0.46840948,0.8444706,0.8660814
1727,34,0.49908534,0.47572416,0.73851424,0.53787893,0.54322064,0.7123265,0.496615,0.54152673,0.8470721,0.5259802,0.64184165,0.56634355,0.48990354,0.6215837,0.80813074,0.49016076,0.69453377,0.41452393,0.48241755,0.6894526,0.52707666,0.5357391,0.6786065,0.7953072,0.5066294,0.67272395,0.667885,0.48154804,0.7413843,0.60752827,0.45463258,0.71672916,0.8514479,0.48645937,0.8656832,0.7676823,0.46814576,0.8445591,0.6890005
1728,34,0.49891663,0.47470212,0.43054485,0.5386272,0.5422135,0.7028368,0.4960183,0.54138225,0.662721,0.5250597,0.641817,0.8706447,0.48943466,0.6221777,0.7411027,0.4890124,0.6961103,0.6101709,0.48125514,0.6902534,0.72003055,0.5382821,0.67802113,0.80710924,0.50751513,0.6720384,0.6792356,0.48059872,0.7385935,0.7177904,0.45344657,0.71706194,0.87961745,0.4877218,0.8644129,0.8339756,0.4688915,0.8439114,0.87754536
1729,34,0.49982017,0.47635746,0.5899774,0.5378002,0.5444937,0.7740663,0.49625129,0.5423773,0.8304498,0.5263291,0.64206207,0.8143777,0.4893142,0.62157005,0.78783584,0.48977312,0.69518626,0.4474542,0.48193255,0.69043285,0.5389011,0.5364968,0.67807496,0.6471342,0.50650275,0.6718726,0.58379096,0.48123354,0.7390932,0.62991285,0.453421,0.7167494,0.78531814,0.487794,0.86424714,0.8873276,0.4681184,0.8447122,0.63153434
1730,34,0.49885982,0.47834608,0.567059,0.53876424,0.5428206,0.702281,0.4957641,0.5419262,0.8267296,0.52592367,0.6413841,0.7622188,0.48897374,0.6224214,0.8853008,0.48912653,0.695799,0.6009465,0.48109955,0.6906288,0.7062915,0.53855795,0.67772436,0.8194305,0.506711,0.6708313,0.6960818,0.48052037,0.7378671,0.6814777,0.45368278,0.71594477,0.9020506,0.48847458,0.86319894,0.91999096,0.46871632,0.8442327,0.6837771
1731,34,0.4990252,0.47885945,0.6814287,0.5377801,0.5454383,0.7747066,0.49661228,0.5419297,0.79901963,0.5257689,0.6417535,0.58408135,0.4893652,0.62129825,0.7946526,0.4896974,0.69454765,0.43171254,0.4820055,0.6897862,0.5435981,0.53711575,0.6793239,0.7762296,0.5065563,0.6732431,0.6329402,0.4815937,0.7394033,0.6102577,0.45446295,0.7163845,0.8322897,0.4881191,0.86510533,0.9011434,0.46873483,0.8434573,0.7141652
1732,34,0.49828276,0.48075885,0.7522383,0.53777224,0.5461749,0.7406178,0.49680316,0.54206246,0.80693334,0.52552086,0.641396,0.6910359,0.48950395,0.6224326,0.7060047,0.48967916,0.6964853,0.39839247,0.48132184,0.6911622,0.5138996,0.5356959,0.67947114,0.6193396,0.5056494,0.67285377,0.6180436,0.4812012,0.73686117,0.462452,0.45447004,0.71838367,0.7371077,0.48847875,0.864583,0.85049057,0.46876815,0.8449383,0.59686244
1733,34,0.49826735,0.48332927,0.46447483,0.5380906,0.54380363,0.6666386,0.49698597,0.5420677,0.7129496,0.5256556,0.64180773,0.79787606,0.4898532,0.62272143,0.7263597,0.48891512,0.6964423,0.525558,0.48063448,0.69076437,0.64778715,0.5370618,0.6767791,0.6428673,0.507252,0.6707846,0.48442855,0.48075753,0.73848593,0.678509,0.45415497,0.7177966,0.8270341,0.48735434,0.86450183,0.8360017,0.46882343,0.84349453,0.82040393
1734,34,0.4989973,0.48417145,0.6882461,0.538148,0.5452128,0.7875155,0.49691382,0.5414428,0.76960224,0.52566624,0.64168674,0.6843727,0.48958778,0.6210769,0.74545115,0.4895514,0.6946078,0.41276568,0.48170784,0.6898022,0.55000025,0.5363047,0.6808699,0.73252743,0.5052488,0.67333406,0.5798969,0.4814417,0.7401548,0.51558995,0.45432737,0.71764827,0.7953796,0.48726836,0.86550045,0.88282746,0.46853524,0.8448284,0.7788503
1735,34,0.4972,0.48634565,0.7094184,0.53876716,0.54075265,0.7606462,0.4958665,0.53939426,0.7599699,0.525411,0.6418875,0.9082275,0.48945397,0.6227014,0.8601112,0.48912603,0.69754523,0.613995,0.48027325,0.69110197,0.72611517,0.53894514,0.6743086,0.86956793,0.507584,0.66858226,0.7619977,0.48067617,0.7389957,0.76725155,0.45398042,0.71715945,0.90454143,0.4881825,0.8638403,0.7971326,0.4693078,0.8452423,0.88284117
1736,34,0.49875695,0.48495123,0.7095419,0.53862786,0.5448819,0.7892364,0.49674648,0.540423,0.85568774,0.52581316,0.6425663,0.7818322,0.4900106,0.6210693,0.8320297,0.4890823,0.6977134,0.55887604,0.48224694,0.68858504,0.6107346,0.53750837,0.6786791,0.83926016,0.5059676,0.6720776,0.7001271,0.48150298,0.74032795,0.7019944,0.45372856,0.7160525,0.8528133,0.48692828,0.8651975,0.8843789,0.46846896,0.84349287,0.8831432
1737,34,0.4977997,0.4866343,0.7486704,0.53843653,0.5450922,0.78361607,0.49650818,0.540953,0.84017074,0.5258108,0.64290386,0.71155643,0.48957297,0.6227096,0.7757068,0.48874673,0.6970109,0.48527715,0.48039818,0.6912644,0.6356304,0.53709257,0.6787703,0.7465361,0.50602525,0.6713519,0.53931063,0.4807936,0.7370523,0.6092541,0.45386127,0.71719724,0.8048406,0.4879748,0.86417145,0.9048083,0.46858847,0.8437746,0.7836828
1738,34,0.4975172,0.48640227,0.69071823,0.5381517,0.5452448,0.7867195,0.49674746,0.5411967,0.8216102,0.5260189,0.64227617,0.6777994,0.4897243,0.62313026,0.7711334,0.48895583,0.6970616,0.44482547,0.4803488,0.69190586,0.6346162,0.53745675,0.6801961,0.77168185,0.50624883,0.67234755,0.54081273,0.48109835,0.73723656,0.56427395,0.45390558,0.7172761,0.8137462,0.48770687,0.86191046,0.8948571,0.46903554,0.84375,0.812897
1739,34,0.49755362,0.48633394,0.7049451,0.5376471,0.5454491,0.7792443,0.49684125,0.5410761,0.80346054,0.525605,0.6429425,0.665098,0.48974654,0.62289834,0.72534996,0.4890255,0.6978063,0.414667,0.48026678,0.692136,0.57023776,0.53661597,0.6794069,0.6323385,0.50577474,0.6712315,0.45799232,0.48148453,0.73735803,0.5384718,0.45440328,0.71784735,0.78596103,0.48750356,0.8653947,0.880939,0.46842384,0.8439391,0.6351236
1740,34,0.4971677,0.48612812,0.71433896,0.53866094,0.5424506,0.7289775,0.49624765,0.5404952,0.70830536,0.5262999,0.64296794,0.83382684,0.48987618,0.62212753,0.7629166,0.48870575,0.6961888,0.5766391,0.4806339,0.69005734,0.6967161,0.53758585,0.6784484,0.821696,0.50583786,0.6710249,0.67367566,0.48118803,0.73885685,0.7148852,0.45320526,0.7172817,0.8677257,0.48747864,0.8635366,0.9132554,0.46878806,0.8433303,0.8417239
1741,34,0.49765384,0.48568416,0.6910178,0.5378706,0.545188,0.7664475,0.4964723,0.54126203,0.8361343,0.52599794,0.6425701,0.7283339,0.4900066,0.6221485,0.75946236,0.48907033,0.6969056,0.42819014,0.48038977,0.6915244,0.59740096,0.5370615,0.68034637,0.7658366,0.50605434,0.67222685,0.54014623,0.48117685,0.7378636,0.5605711,0.45363992,0.71733695,0.8084996,0.4878783,0.8619223,0.88196355,0.46936598,0.8437667,0.81126595
1742,34,0.49724612,0.48553094,0.67680407,0.538122,0.54409826,0.8451192,0.49627036,0.5406083,0.81162006,0.5261722,0.6436852,0.80132705,0.4894623,0.62307703,0.8256777,0.48873594,0.69692457,0.5243001,0.48053113,0.69064367,0.66823226,0.53662163,0.67782,0.72253203,0.5057786,0.67097193,0.5943238,0.48076132,0.7386393,0.64818084,0.45348105,0.7174678,0.8230286,0.48770386,0.86449707,0.91855866,0.46844494,0.8437734,0.7736779
1743,34,0.49714425,0.48504424,0.6443539,0.53840774,0.54282236,0.7046345,0.4961731,0.54031104,0.704754,0.52657825,0.6420618,0.84667534,0.48961937,0.62222874,0.8855845,0.4892792,0.6966918,0.61394894,0.48044068,0.6910215,0.7130547,0.53877646,0.6772661,0.8103419,0.50751436,0.6711934,0.6684248,0.481182,0.7383052,0.7157254,0.45332396,0.71645844,0.88703096,0.4869304,0.86241347,0.7901378,0.4693125,0.84348553,0.9027093
1744,34,0.49801973,0.4842028,0.63571244,0.53761023,0.5440467,0.7971795,0.49607414,0.5411509,0.8517524,0.52628905,0.64245445,0.7552912,0.4896497,0.6221586,0.87018085,0.4893446,0.69505244,0.5050474,0.48192915,0.6891352,0.57575464,0.53865606,0.6778987,0.8250739,0.50684994,0.6710153,0.6791813,0.48084357,0.73743045,0.62906975,0.45375997,0.7154185,0.88489294,0.4872338,0.8637883,0.8894741,0.46860483,0.84425193,0.8962116
1745,34,0.497865,0.483983,0.46547216,0.5371543,0.543887,0.78441733,0.49622872,0.5412367,0.80510503,0.52614695,0.6426948,0.72445774,0.48955327,0.62225443,0.8277834,0.48939404,0.6951391,0.48586434,0.48163176,0.68971205,0.52710795,0.5380581,0.6782213,0.78799945,0.5069191,0.67090684,0.59902453,0.48107034,0.7374237,0.5870551,0.4538217,0.7156309,0.84834784,0.4880289,0.86334985,0.9034803,0.4680678,0.8447004,0.72644603
1746,34,0.49774107,0.4839642,0.50238746,0.5376532,0.54421604,0.826587,0.4956633,0.5414465,0.8131896,0.52585584,0.6428704,0.7531099,0.4892435,0.62275314,0.86293536,0.48905697,0.695554,0.5026226,0.48128498,0.6897992,0.59303665,0.53830725,0.6789051,0.83861,0.5065156,0.67159325,0.67154497,0.4812526,0.738003,0.7084888,0.45355996,0.71525294,0.8744433,0.48820737,0.8628332,0.90480965,0.4686878,0.84460723,0.9093768
1747,34,0.49737385,0.48395357,0.5925115,0.5388436,0.54178464,0.6947479,0.49497432,0.540347,0.82219315,0.52531755,0.6429252,0.7666348,0.48880702,0.622143,0.8897231,0.48900262,0.69548094,0.55178815,0.4811834,0.6894738,0.62702507,0.5385853,0.6773557,0.92455506,0.5060413,0.67014843,0.67446023,0.4806548,0.7376448,0.7036011,0.45340976,0.71540654,0.89311075,0.4884014,0.8637626,0.90825385,0.46924976,0.84314555,0.87134373
1748,34,0.497544,0.48366377,0.617007,0.5387203,0.5425246,0.68434423,0.49542582,0.5411073,0.8695102,0.52565956,0.64288074,0.8386624,0.48915327,0.6223842,0.892182,0.48877266,0.6949768,0.55020034,0.48119587,0.6895283,0.63592017,0.53873813,0.67857647,0.8754321,0.5058849,0.6709805,0.7163803,0.48089755,0.7375758,0.6631807,0.45359993,0.7153579,0.9118644,0.48731485,0.86170673,0.73531556,0.46866342,0.84278846,0.87035185
1749,34,0.49867964,0.48349044,0.63389707,0.5376652,0.5447339,0.81505376,0.49600762,0.541662,0.84248096,0.52551496,0.64311004,0.7383757,0.48931646,0.6225003,0.83471215,0.4885861,0.6956431,0.48454076,0.48111057,0.6899977,0.6080585,0.53808254,0.67984074,0.8479761,0.50597346,0.6723605,0.69608194,0.48070875,0.7374672,0.64389884,0.45359096,0.71587455,0.86914897,0.48822662,0.863503,0.9056373,0.46928957,0.8434382,0.8893788
1750,35,0.4983607,0.48289353,0.7128557,0.5383558,0.5426259,0.67522424,0.49505642,0.5409662,0.84062874,0.524938,0.64362466,0.75094587,0.4888016,0.6237067,0.89339006,0.48886386,0.69623506,0.5936867,0.48058414,0.6904046,0.6695539,0.53897536,0.679457,0.8377847,0.5062439,0.67286694,0.7188531,0.48028895,0.73691845,0.7039331,0.453296,0.7149796,0.88274616,0.48867768,0.86407214,0.92583674,0.46865514,0.8453975,0.8572071
1751,35,0.49793407,0.4828205,0.687063,0.53767484,0.5430369,0.86077684,0.49520177,0.54102814,0.8579067,0.5250777,0.64360416,0.75900614,0.48884693,0.6233536,0.8993589,0.48912385,0.6958844,0.578404,0.48098814,0.690325,0.64545405,0.53848916,0.67774993,0.92344236,0.50666773,0.6712972,0.683705,0.4809278,0.7375924,0.7318391,0.4525471,0.7164276,0.83377415,0.48803082,0.8632598,0.92619085,0.46816123,0.8448835,0.81464994
1752,35,0.49865535,0.4814184,0.72382337,0.5372098,0.54503906,0.7389163,0.49614367,0.54147357,0.82118183,0.5253301,0.64388925,0.7045581,0.48917052,0.6228471,0.80144995,0.48922625,0.6956405,0.42097458,0.48137984,0.6907858,0.5478179,0.5366736,0.68099886,0.80451167,0.5057006,0.673655,0.6204209,0.4810072,0.7376987,0.54133064,0.4537901,0.71603245,0.8337222,0.48811802,0.8627885,0.89630103,0.46848348,0.84450066,0.6890795
1753,35,0.49767792,0.48243952,0.66093236,0.53782564,0.5443756,0.86287206,0.49521127,0.54189384,0.8699626,0.5245084,0.64364165,0.8238676,0.48864764,0.6244425,0.8613228,0.4889305,0.6980844,0.6269748,0.48012707,0.6919137,0.6941658,0.5382206,0.67796147,0.91169053,0.50785035,0.67230463,0.61839896,0.4811125,0.7387341,0.6592049,0.4537101,0.7155256,0.89786756,0.48783806,0.86422986,0.7355443,0.46888572,0.8437499,0.88678485
1754,35,0.49855122,0.48092985,0.7138932,0.5369866,0.54527986,0.7155006,0.49588397,0.5420492,0.77495515,0.5257241,0.6441659,0.78558296,0.48928854,0.622241,0.7675479,0.49020162,0.6970477,0.49006268,0.48173434,0.69151014,0.52017796,0.536003,0.67982924,0.688568,0.50605214,0.67362434,0.5818764,0.4816,0.7388766,0.53224057,0.4545574,0.71692395,0.8389393,0.48708445,0.86337215,0.86572516,0.46898955,0.8445679,0.8696618
1755,35,0.497553,0.4824728,0.74202883,0.5382391,0.5425693,0.727981,0.4950778,0.5414379,0.85001904,0.5249226,0.64352393,0.8226352,0.4886156,0.62434953,0.90025055,0.48863557,0.6974973,0.6393249,0.48005384,0.69147295,0.73500985,0.5380367,0.67659277,0.91658497,0.50696886,0.6712923,0.62648106,0.48075593,0.73820734,0.7089932,0.4533613,0.71621704,0.87397856,0.48743448,0.8651428,0.8404302,0.46860057,0.84492415,0.8302412
1756,35,0.49852428,0.48122904,0.7323743,0.53724366,0.54565156,0.7482056,0.4959727,0.5420194,0.81554735,0.5253864,0.6435219,0.6959261,0.489261,0.6228269,0.77478075,0.4898027,0.69666994,0.46219712,0.48174018,0.6905997,0.5459091,0.5363633,0.68101424,0.7532698,0.5057247,0.67426246,0.60766476,0.48114106,0.7383713,0.4252113,0.45455748,0.71640116,0.8151312,0.48763856,0.864677,0.9000514,0.46837854,0.84494513,0.7661082
1757,35,0.49735785,0.48225212,0.723066,0.5382513,0.5430247,0.71886855,0.49509132,0.54147553,0.85184103,0.52441555,0.6439237,0.84956723,0.48911476,0.62392926,0.76057947,0.4885219,0.69865566,0.5901456,0.47996148,0.69281596,0.71017015,0.53864306,0.6767758,0.8965702,0.5077067,0.6712267,0.60997564,0.4807758,0.73833114,0.7060888,0.45372865,0.7165812,0.8768527,0.48757678,0.8664021,0.73842543,0.46903908,0.8446568,0.8724249
1758,35,0.4984249,0.48131207,0.6915975,0.53698486,0.54513425,0.72008705,0.4960644,0.5417454,0.7799442,0.5250861,0.644236,0.62785167,0.4892607,0.6222185,0.7623241,0.49034935,0.695309,0.44605067,0.48201218,0.6893042,0.49522883,0.53588384,0.680016,0.74623716,0.50583553,0.67403257,0.62588245,0.48194203,0.74134374,0.58708125,0.45475882,0.717203,0.8171818,0.48713318,0.86535543,0.8789495,0.4684946,0.8446963,0.77637863
1759,35,0.4971268,0.48217174,0.7348959,0.53833133,0.5432558,0.77427226,0.4949185,0.5405659,0.8506288,0.52487683,0.64409876,0.8391719,0.48898092,0.62370163,0.8054418,0.48856938,0.69815,0.6058778,0.47960714,0.69230133,0.73145,0.5383821,0.67602044,0.9054587,0.50751376,0.67028546,0.6221235,0.48117054,0.7394935,0.74236643,0.45406464,0.71623546,0.89379925,0.4874262,0.86561304,0.8708542,0.4695596,0.8456999,0.88498133
1760,35,0.49852315,0.48126736,0.69686455,0.5375025,0.5461329,0.69308716,0.4958752,0.5416678,0.8040726,0.5249937,0.64482284,0.63709754,0.4893623,0.6221681,0.74773735,0.49055332,0.6960083,0.44019872,0.48169854,0.68926674,0.48730898,0.53470016,0.681784,0.74262327,0.5036138,0.67360735,0.63947254,0.4829833,0.7397011,0.5446885,0.45455563,0.7172774,0.7824159,0.48668855,0.8649962,0.8474146,0.46852487,0.8454682,0.76534104
1761,35,0.49783573,0.4820281,0.6409199,0.5373405,0.5442037,0.71547353,0.49570996,0.54188687,0.794952,0.5246639,0.6426738,0.82959145,0.48880705,0.6227707,0.7865843,0.49008292,0.6966926,0.58705646,0.48093638,0.6907205,0.60993063,0.5356772,0.67934054,0.71464753,0.506112,0.67381793,0.54310364,0.48050296,0.7392673,0.6334969,0.45375192,0.71589434,0.8556363,0.48694468,0.8651624,0.76382023,0.46778086,0.8462115,0.7275383
1762,35,0.49771473,0.48221108,0.68424326,0.5377966,0.5443049,0.6601814,0.49526432,0.5414372,0.8297478,0.52491766,0.64364785,0.8196891,0.48875841,0.6241929,0.8485491,0.4888136,0.6970893,0.6056397,0.48022148,0.69070685,0.71099365,0.53673935,0.67602193,0.8892239,0.50546885,0.6694659,0.5953964,0.4808016,0.73864824,0.70319265,0.45357037,0.7166626,0.8567852,0.4870536,0.8656563,0.81462586,0.468598,0.8449899,0.85877633
1763,35,0.4978743,0.4821966,0.7752003,0.5377204,0.5446899,0.64143986,0.4956939,0.541981,0.84530216,0.5252712,0.6429299,0.85435414,0.48884243,0.6238155,0.8763655,0.48859492,0.6989771,0.53695655,0.48110315,0.6902269,0.63961,0.53682005,0.68114525,0.89429724,0.50517356,0.67403823,0.5497558,0.48074198,0.7383284,0.66250294,0.45354927,0.7158013,0.8961362,0.48720247,0.86420435,0.8011271,0.46835116,0.844108,0.8419992
1764,35,0.49753064,0.4827036,0.68935066,0.5383663,0.54370433,0.73781836,0.49475333,0.5409944,0.8347799,0.5244176,0.64366144,0.86337906,0.488349,0.62369794,0.85494167,0.4885608,0.6984687,0.61345243,0.47987372,0.69230485,0.69768864,0.53769356,0.67786235,0.91256833,0.5060059,0.671394,0.6492658,0.4808689,0.7379523,0.69338936,0.45417944,0.7162348,0.86529744,0.48672545,0.8639499,0.7264208,0.46861348,0.84356385,0.88233197
1765,35,0.49852988,0.48222956,0.6847619,0.53741395,0.54610777,0.76618147,0.4957573,0.5420317,0.84836304,0.5253783,0.6435681,0.7604871,0.48916113,0.62330717,0.7808274,0.48886445,0.6970692,0.42950016,0.48098162,0.6923054,0.5936198,0.53683776,0.68069196,0.79140717,0.50524735,0.67345613,0.5843733,0.4809364,0.73818207,0.5349991,0.45398903,0.71687216,0.83375186,0.48786587,0.86353576,0.8920383,0.46917912,0.8435892,0.84858674
1766,35,0.49747416,0.48258668,0.74069756,0.53861415,0.5427854,0.78575385,0.49481532,0.5405279,0.84193057,0.5243834,0.6437316,0.8709523,0.4889585,0.62311983,0.75738174,0.48874596,0.69764227,0.6242655,0.4799244,0.6912226,0.7096912,0.53815776,0.6762747,0.9110098,0.5060108,0.67002267,0.64301383,0.48089632,0.73938227,0.72966975,0.45379192,0.7151546,0.8700582,0.48737037,0.86417055,0.7506814,0.4688653,0.8420321,0.893112
1767,35,0.49872243,0.48222363,0.69360375,0.5375444,0.54611915,0.76124144,0.49602282,0.5416328,0.8538489,0.5253188,0.6439011,0.76952785,0.4892596,0.6230136,0.81596154,0.4892508,0.69448274,0.4310695,0.48125973,0.68942237,0.5641712,0.53550875,0.68194073,0.7299767,0.50487936,0.6750374,0.6458424,0.48108122,0.7402829,0.5537168,0.45390612,0.7171485,0.8188655,0.4876713,0.8643943,0.9104229,0.46821263,0.84446955,0.77685535
1768,35,0.49753132,0.48225108,0.48867074,0.53721887,0.5464666,0.7664891,0.49605104,0.5423077,0.7265791,0.5249201,0.6440066,0.7422058,0.48890626,0.62359947,0.66358536,0.49123636,0.6965662,0.45830357,0.48031858,0.69468856,0.63353235,0.5370883,0.6804937,0.8086703,0.50733846,0.67371714,0.6333971,0.48105767,0.7390177,0.47506,0.4543979,0.717026,0.82048035,0.48781604,0.8668949,0.70425355,0.46779698,0.84490925,0.82308733
1769,35,0.49857748,0.48212072,0.74291575,0.53722674,0.54606724,0.7604501,0.49558452,0.54247063,0.79192895,0.52509654,0.64284766,0.63335407,0.48866737,0.6234608,0.74904794,0.48898783,0.697508,0.41202188,0.48073027,0.69207436,0.4900423,0.5373816,0.68122905,0.71533096,0.5061788,0.6737178,0.52154857,0.48154464,0.73871964,0.59287417,0.45402706,0.71735513,0.7331473,0.48744848,0.8634391,0.8998017,0.4682216,0.84460944,0.6784292
1770,35,0.49826834,0.48252568,0.72084266,0.53770405,0.5463066,0.8259075,0.4952329,0.54255384,0.8084201,0.52522177,0.64450556,0.6684338,0.48874864,0.6242504,0.8323635,0.48879272,0.6972989,0.56323284,0.48087513,0.69049454,0.6068295,0.53698415,0.6790363,0.7343486,0.5060741,0.6726821,0.6192418,0.48073596,0.7383087,0.7120775,0.45354462,0.717211,0.79924184,0.48808277,0.86227137,0.87006277,0.46819732,0.8439233,0.7227258
1771,35,0.49822223,0.48197255,0.7347299,0.5375129,0.546154,0.79644126,0.49561968,0.542527,0.7819462,0.52513033,0.6427355,0.58526134,0.48884925,0.622523,0.7498187,0.48874018,0.69586396,0.4090897,0.4811819,0.69013417,0.50964147,0.53714305,0.68205196,0.7958578,0.5057045,0.6748859,0.58914137,0.48091584,0.73737645,0.6038303,0.45348364,0.7175402,0.7823418,0.4877439,0.862133,0.88941234,0.4691222,0.84427446,0.84770745
1772,35,0.49779683,0.4825951,0.7036715,0.53809863,0.544078,0.62869495,0.49538603,0.5420456,0.8044038,0.52463406,0.6434111,0.7703482,0.48897702,0.624194,0.76514655,0.48870352,0.6990233,0.5579395,0.48041403,0.69248796,0.62103933,0.538295,0.67772794,0.88491017,0.5080052,0.6720597,0.7061512,0.48134816,0.736899,0.6297101,0.45332545,0.71623296,0.85783464,0.48790094,0.86423475,0.8879129,0.4680943,0.8444558,0.6544111
1773,35,0.49862078,0.48111045,0.71313906,0.5370427,0.54478395,0.72500426,0.4958156,0.5410827,0.71619076,0.525841,0.64349854,0.7680258,0.4890036,0.6222316,0.7264807,0.49025238,0.6954181,0.40358207,0.4818897,0.6905122,0.48227075,0.5361602,0.68008727,0.71588707,0.50597805,0.6738995,0.60769814,0.481852,0.7403135,0.5894755,0.4545886,0.7173304,0.8289945,0.48703733,0.86422735,0.8337939,0.46825925,0.8453751,0.7496716
1774,35,0.4978763,0.4826174,0.582211,0.537635,0.54475063,0.8337424,0.49549142,0.54101515,0.8376983,0.5245167,0.6425062,0.7931295,0.48869193,0.6238028,0.80450433,0.48928007,0.6984122,0.59222984,0.4802269,0.6917908,0.66540974,0.5373441,0.6768057,0.8804873,0.5076406,0.6709324,0.5368737,0.48066133,0.73838276,0.64584076,0.4543334,0.71568584,0.83667934,0.48704198,0.86438066,0.71296144,0.46845198,0.8453223,0.75439656
1775,35,0.49866188,0.4813148,0.72889847,0.5373455,0.5454814,0.7476011,0.49603695,0.54097515,0.7923327,0.525175,0.6431689,0.68461424,0.48890483,0.6216694,0.7793659,0.4895334,0.6947757,0.44307628,0.48162085,0.6893773,0.53412706,0.535843,0.68017286,0.7503376,0.50532985,0.6737915,0.6420802,0.481453,0.7383396,0.61409175,0.45410913,0.7162269,0.8408937,0.48782647,0.8622111,0.87171334,0.4680436,0.8440085,0.7571632
1776,35,0.49788585,0.48075578,0.3413019,0.53764546,0.5461578,0.7651436,0.49579328,0.5412937,0.70598465,0.5250627,0.64378613,0.7263907,0.48898396,0.6231548,0.6966656,0.48898646,0.6976614,0.5282162,0.48029467,0.69035405,0.650222,0.536425,0.67705655,0.66118616,0.50555,0.6704384,0.5288728,0.48051098,0.7379224,0.6342192,0.4542761,0.7160249,0.82688767,0.48782414,0.8640642,0.7399548,0.4681498,0.84535235,0.7493352
1777,35,0.49782792,0.48243612,0.77154833,0.5382627,0.5422829,0.7773689,0.4954117,0.5404614,0.84656084,0.5247408,0.6426859,0.8522513,0.48872298,0.62289405,0.8979849,0.48946762,0.6960457,0.6629518,0.48038447,0.6897886,0.68171495,0.53811735,0.6786802,0.87169284,0.50513136,0.6711249,0.72740644,0.4808524,0.7391399,0.72209173,0.45295188,0.7169005,0.924015,0.488792,0.86206424,0.91969377,0.46889082,0.8424003,0.91275454
1778,35,0.4984134,0.48202142,0.6438389,0.5374079,0.5459564,0.7480075,0.49560797,0.5419831,0.8687247,0.52512765,0.6424214,0.64245254,0.48891172,0.6230372,0.7290514,0.4890925,0.69657683,0.40513486,0.4807387,0.69084847,0.5490216,0.53689885,0.67977744,0.729911,0.5057058,0.67247766,0.5327156,0.48087066,0.73801506,0.54922193,0.45370442,0.71752006,0.796092,0.48779306,0.8627202,0.87672037,0.46866,0.8449679,0.7977037
1779,35,0.4980008,0.48201227,0.730261,0.53777885,0.546146,0.8022903,0.4957422,0.5423225,0.8169088,0.52532387,0.6429117,0.6291652,0.48880687,0.62327427,0.7488333,0.4889426,0.69656074,0.47592795,0.48089913,0.6903303,0.58160603,0.5368325,0.6798053,0.7514177,0.50538474,0.6730528,0.5716496,0.4810826,0.73717856,0.60567415,0.45377097,0.7172395,0.7945467,0.48802584,0.8641602,0.92056715,0.4679901,0.8442766,0.803578
1780,35,0.49784854,0.48158106,0.7458938,0.5377904,0.54470235,0.6243252,0.49539736,0.54179496,0.7944158,0.5246004,0.64301497,0.769488,0.48867515,0.6236215,0.8054472,0.48886058,0.6969998,0.5548581,0.4804886,0.6902182,0.6269115,0.53688496,0.678912,0.75687915,0.5050001,0.67252976,0.6269276,0.48105475,0.7382385,0.6670993,0.45290598,0.71755856,0.81223625,0.48786503,0.8643991,0.927975,0.46751356,0.8444227,0.8180911
1781,35,0.4974817,0.48215756,0.7632583,0.53833807,0.5430355,0.7728175,0.4950463,0.54069275,0.83460194,0.52527267,0.64307964,0.8319251,0.48883432,0.6231226,0.86701447,0.4888651,0.6975031,0.5903886,0.48035872,0.69115406,0.68809474,0.5374288,0.678021,0.8175356,0.50522786,0.6712443,0.7104417,0.48104173,0.73988295,0.72750634,0.45277038,0.7168449,0.8708981,0.48772392,0.86364836,0.9332236,0.468488,0.84408975,0.8657551
1782,35,0.49823648,0.48191026,0.66861546,0.53736687,0.54586226,0.74063265,0.49600697,0.54198676,0.84560806,0.5256331,0.6424958,0.6488065,0.48911,0.62211645,0.70864815,0.4894416,0.69765127,0.40600565,0.48037642,0.69194955,0.5538897,0.53678495,0.6822309,0.763876,0.50523275,0.67349875,0.5511043,0.48149166,0.73858243,0.4905304,0.45409098,0.7170623,0.79269683,0.4874798,0.86318916,0.86640173,0.46823758,0.84474045,0.7494967
1783,35,0.49756786,0.4822831,0.6560438,0.5379665,0.5440157,0.6455758,0.49522576,0.5416731,0.81635356,0.5245294,0.64313674,0.80800176,0.48878384,0.6231944,0.7780088,0.48881036,0.6987234,0.5618979,0.48033294,0.69254464,0.6626413,0.5377845,0.67884284,0.8974119,0.507927,0.6726433,0.560012,0.48094186,0.73753196,0.6147102,0.45365208,0.71612966,0.8604326,0.48769853,0.86482745,0.7801176,0.46844372,0.8435321,0.8599977
1784,35,0.49838975,0.48162225,0.72740847,0.53723335,0.5438777,0.81480557,0.49519882,0.5406209,0.7717071,0.52472806,0.64388,0.6541071,0.48875138,0.6219523,0.85094124,0.488944,0.6966762,0.56273633,0.481314,0.6908964,0.5958742,0.5386485,0.6782639,0.81925917,0.50666744,0.6716676,0.67404115,0.4806083,0.7395082,0.75406253,0.45329303,0.7155802,0.8724146,0.48785385,0.86358905,0.9079764,0.46848142,0.8451452,0.8778706
1785,35,0.49859282,0.48142192,0.7159741,0.53724116,0.54506177,0.719529,0.49570423,0.5412015,0.8256527,0.5251402,0.6433746,0.61402,0.48887974,0.62186205,0.7834986,0.48936743,0.69620204,0.44264886,0.48139152,0.69102615,0.542777,0.53550035,0.6795555,0.7046754,0.50561464,0.67263603,0.5696001,0.48063007,0.73827916,0.53681105,0.4540325,0.71653533,0.7891393,0.4880739,0.8633362,0.88771987,0.4691857,0.84478736,0.80242014
1786,35,0.49712807,0.48257163,0.69477147,0.53836936,0.5417275,0.80088913,0.49463302,0.5395256,0.68329525,0.5243946,0.6432048,0.83700234,0.4887374,0.6224852,0.8089947,0.49016973,0.6951651,0.51369303,0.48057538,0.68915427,0.73701704,0.53835654,0.6757304,0.9168895,0.5075288,0.67013586,0.6410459,0.48020416,0.7387831,0.73188055,0.45416546,0.7159317,0.8885876,0.48723385,0.86491996,0.8554757,0.46916124,0.8454669,0.87697077
1787,35,0.49864587,0.48160037,0.6851087,0.537597,0.5450447,0.7251648,0.4957133,0.5409301,0.8463035,0.5249156,0.64387816,0.70315754,0.48914495,0.6218164,0.7957026,0.48876408,0.6985122,0.485022,0.48146203,0.6902038,0.55771446,0.53515047,0.68005943,0.8270811,0.50493157,0.6736256,0.69210416,0.48157832,0.7391701,0.6173772,0.4536443,0.7163626,0.8763788,0.4881506,0.8626573,0.8690388,0.4682722,0.844459,0.7953497
1788,35,0.49729306,0.4818916,0.5614588,0.5382681,0.542154,0.8070357,0.49488285,0.5406046,0.7749811,0.52400905,0.64245987,0.8732397,0.48862758,0.62286425,0.83347124,0.48988375,0.6972993,0.57829845,0.47945842,0.6915519,0.75889814,0.5377258,0.676033,0.905632,0.50655115,0.670614,0.62426364,0.48021272,0.73967475,0.7263201,0.45379508,0.7158366,0.91020614,0.48780206,0.8646943,0.7846231,0.46842015,0.84618676,0.88299674
1789,35,0.4984956,0.48126265,0.7432751,0.53767306,0.5451764,0.82694584,0.4957103,0.5410405,0.83002776,0.5250809,0.6430403,0.79816437,0.48872906,0.62257296,0.8372196,0.48898104,0.69498664,0.51351494,0.48135242,0.6898502,0.63950837,0.5359876,0.679602,0.8356957,0.50484616,0.67293257,0.7238883,0.48132852,0.73796904,0.6520296,0.45358664,0.7158923,0.8922169,0.48811817,0.8631539,0.88521254,0.46799648,0.84473747,0.82749206
1790,35,0.49729958,0.48224628,0.60703975,0.53776866,0.54319423,0.69697034,0.49532565,0.5407861,0.70488864,0.5243813,0.64326,0.808828,0.48877668,0.62267447,0.7864179,0.49014586,0.6955651,0.51862186,0.48032716,0.6884897,0.67805415,0.5375374,0.67613614,0.91097236,0.5064178,0.6709237,0.6424846,0.47997624,0.7396703,0.72332287,0.4537812,0.7165522,0.86685526,0.4877973,0.8642014,0.9313343,0.4680559,0.8456946,0.86050487
1791,35,0.4985784,0.48166922,0.7359913,0.53777975,0.544804,0.8267404,0.49578258,0.54161876,0.84979653,0.5248299,0.64337385,0.8006139,0.48886433,0.62293506,0.83660555,0.48878133,0.6947497,0.51167184,0.48109213,0.6892511,0.63257337,0.53662884,0.681788,0.86402816,0.5050593,0.6745757,0.72333574,0.48075372,0.7377918,0.6044172,0.45354095,0.71644855,0.8829385,0.4877924,0.86513245,0.937393,0.4680624,0.8448351,0.8146822
1792,35,0.49742132,0.48260266,0.60711867,0.53785414,0.5437396,0.6383469,0.4953169,0.5412166,0.82696307,0.5243616,0.643013,0.8033891,0.48838565,0.62379706,0.78455454,0.4910265,0.6958738,0.49803948,0.48019487,0.6924633,0.67353004,0.5376945,0.67828584,0.88664025,0.50783294,0.672341,0.51301193,0.48051015,0.73893446,0.58834803,0.4543247,0.71595997,0.8678676,0.48792425,0.86490726,0.7614975,0.46869552,0.8454764,0.87140095
1793,35,0.498406,0.48169953,0.72166944,0.53725606,0.54405856,0.7834978,0.49534112,0.5405726,0.79429454,0.5248165,0.6434606,0.6376019,0.4886777,0.62175375,0.81112474,0.48880482,0.69643563,0.50894225,0.48142013,0.6910881,0.6055906,0.53795916,0.6784624,0.80068153,0.50641066,0.67156607,0.6490781,0.48090097,0.73952705,0.7112975,0.45351553,0.71582186,0.85723466,0.4880833,0.8635806,0.9051891,0.46908864,0.84422165,0.8175972
1794,35,0.4989997,0.4824368,0.61301863,0.5375504,0.5457938,0.7164265,0.49551812,0.54172736,0.848056,0.5247843,0.64322716,0.6095708,0.4889703,0.6224036,0.74060506,0.4890428,0.69642943,0.383481,0.48080322,0.6910007,0.513145,0.5353456,0.6811576,0.699031,0.5043438,0.6737577,0.5474013,0.4810821,0.7374818,0.48801792,0.45334226,0.7171616,0.72165287,0.48824584,0.8631706,0.874988,0.4691774,0.84383047,0.73085845
1795,35,0.49753055,0.4825174,0.5331295,0.5375483,0.54354423,0.6980074,0.4955906,0.5421041,0.7376985,0.52404106,0.6433158,0.8349577,0.48870862,0.62333274,0.78015196,0.4897659,0.6977767,0.5622475,0.48023856,0.6918826,0.7096657,0.53680503,0.67859,0.8879531,0.5067714,0.672549,0.57187194,0.48043594,0.739124,0.65507454,0.45390218,0.7157604,0.8786209,0.48827082,0.86588866,0.775877,0.46885675,0.8450541,0.8767946
1796,35,0.49843976,0.48253936,0.7353908,0.5377443,0.5463275,0.79292685,0.4954624,0.5426357,0.82374614,0.5250325,0.6433689,0.6212771,0.48845673,0.622549,0.78527784,0.48846084,0.69656765,0.44175705,0.48083597,0.6917196,0.5475235,0.53751737,0.6808279,0.76879853,0.50586534,0.673973,0.58609384,0.48108757,0.73812044,0.5802081,0.45317897,0.7173679,0.7600731,0.48799413,0.86266625,0.9122358,0.46879742,0.8432471,0.82466936
1797,35,0.4983053,0.48333538,0.6846005,0.53818434,0.5462703,0.8212966,0.49527735,0.5418915,0.7735087,0.52449715,0.64391094,0.6900453,0.48865685,0.6237592,0.8135769,0.48839605,0.6980078,0.5665692,0.48055407,0.6917095,0.6129038,0.5373453,0.678189,0.7008877,0.5064271,0.6718253,0.5658104,0.4808122,0.73867434,0.6715462,0.45301616,0.71641594,0.7730711,0.48796558,0.8625553,0.8619989,0.4678601,0.8436171,0.72781974
1798,35,0.4989244,0.4842705,0.6350345,0.5386095,0.54360723,0.6902408,0.49524525,0.54145575,0.82905275,0.5248434,0.6436286,0.78117245,0.4887361,0.62271404,0.8793163,0.48839086,0.69584554,0.5758886,0.48085654,0.6903706,0.6617782,0.53905463,0.6789495,0.8362726,0.5063189,0.6716732,0.6853384,0.48075053,0.73776054,0.6759286,0.45319784,0.715814,0.90046,0.4883471,0.8618102,0.9309662,0.46903,0.8430847,0.8806621
1799,35,0.4977733,0.4851623,0.69322366,0.53935796,0.54197127,0.7109685,0.4953648,0.5403478,0.82927674,0.5248724,0.64375883,0.75716674,0.48843023,0.62172407,0.8849239,0.488525,0.6960459,0.5397293,0.48122132,0.69070303,0.6478574,0.5384423,0.6785916,0.8472376,0.5061227,0.67118245,0.6810139,0.4810159,0.7390323,0.7551367,0.45198053,0.7165532,0.8222023,0.487788,0.8635132,0.9189777,0.46842468,0.8445801,0.87220746
1800,36,0.4980666,0.48750114,0.83684385,0.5399091,0.53934103,0.8020766,0.4950768,0.5388551,0.87686175,0.5247851,0.6427591,0.8075458,0.48883685,0.622171,0.9244559,0.4885592,0.6951547,0.57588536,0.48084286,0.6894391,0.67617273,0.5393206,0.6781022,0.93607897,0.505996,0.66987556,0.67358696,0.48041493,0.737768,0.69493216,0.45169935,0.7158753,0.84496737,0.48811388,0.8629912,0.93353903,0.46871445,0.8429479,0.8570014
1801,36,0.49845937,0.4887832,0.7363524,0.54017186,0.5406468,0.8074655,0.49556372,0.5391556,0.89914715,0.5252029,0.6439476,0.8321808,0.48881862,0.6215847,0.93585247,0.48855054,0.69493824,0.5699005,0.4808187,0.6891328,0.6586094,0.5383545,0.6781064,0.86851555,0.5056881,0.6706255,0.6951163,0.48067415,0.7392501,0.734001,0.45243284,0.7145604,0.89426684,0.4881072,0.86383456,0.9129096,0.46913677,0.84337,0.8728438
1802,36,0.49817002,0.4900014,0.59460694,0.54027385,0.541325,0.8027305,0.49617624,0.5407352,0.9113317,0.52528363,0.64305484,0.82209134,0.48925212,0.62218636,0.92971486,0.48829263,0.69575006,0.5919659,0.4802468,0.68965334,0.6836961,0.53846383,0.67862874,0.86614996,0.5053103,0.6707759,0.6929399,0.48055503,0.73852277,0.7092147,0.45215067,0.7158176,0.8940873,0.48787245,0.8635738,0.9266475,0.46856555,0.8439755,0.8550978
1803,36,0.4983966,0.4921983,0.6269819,0.5407145,0.54041815,0.8444064,0.49670377,0.54037464,0.9079342,0.52510995,0.64297277,0.8166056,0.48936608,0.6217308,0.93853176,0.48832014,0.6949455,0.58041507,0.48065886,0.68890667,0.6712172,0.53864616,0.6771268,0.9302807,0.5054842,0.6687859,0.64142686,0.480512,0.7390859,0.74731135,0.45225498,0.71653724,0.9096288,0.4881851,0.86262614,0.9314371,0.46889356,0.8431777,0.869377
1804,36,0.49869284,0.4939683,0.60601264,0.54085433,0.54380095,0.7931193,0.49815145,0.5431778,0.7615907,0.5252177,0.64413995,0.77412075,0.48960748,0.62265044,0.8903585,0.48863593,0.69484764,0.4576369,0.4805994,0.6899851,0.69691336,0.5369641,0.6813492,0.8430871,0.50519735,0.67312974,0.682397,0.48110402,0.7390202,0.5988785,0.45199993,0.7162938,0.84649867,0.4877488,0.8620212,0.8709626,0.46813932,0.8440274,0.7841392
1805,36,0.49928063,0.4968273,0.7600565,0.5427035,0.54047453,0.7124338,0.49743387,0.54132426,0.8570196,0.52461064,0.6431618,0.89493763,0.49011478,0.62363106,0.8832322,0.48827872,0.69830924,0.6165744,0.47977847,0.69158065,0.71614194,0.53888416,0.674511,0.8859355,0.5058754,0.66607815,0.75816,0.48043796,0.7385496,0.6657235,0.4503325,0.7184642,0.8594926,0.4880169,0.86136895,0.8921703,0.46901023,0.8434117,0.8879005
1806,36,0.49998626,0.49908978,0.66871727,0.54327214,0.5435826,0.8735189,0.4991038,0.54351234,0.8385387,0.5259886,0.6427785,0.86473304,0.49047995,0.6232555,0.92277217,0.48816597,0.6986591,0.5364044,0.48011562,0.6910153,0.56575996,0.539664,0.6787967,0.8963088,0.50648725,0.6703455,0.744144,0.481482,0.739446,0.71543336,0.44986692,0.7194232,0.8429194,0.4870491,0.86353993,0.8703029,0.4682197,0.84386545,0.72785294
1807,36,0.50058705,0.5021335,0.640339,0.54447454,0.5445091,0.88893896,0.49977484,0.5431737,0.8102996,0.52642477,0.64492196,0.85658485,0.49081746,0.6233857,0.9278362,0.48921153,0.6956995,0.5181308,0.48010483,0.6882598,0.67096347,0.53766984,0.6781201,0.83430564,0.50508106,0.66850543,0.6441906,0.4812242,0.738391,0.74023235,0.45141646,0.7174033,0.92858255,0.48679924,0.8637014,0.7883436,0.46884304,0.8426759,0.9386915
1808,36,0.5009464,0.50426155,0.7194213,0.54551345,0.5441247,0.8896765,0.49965858,0.54420555,0.93742037,0.5265959,0.645165,0.6593474,0.49161053,0.62558544,0.8805743,0.4900256,0.6961741,0.62284535,0.48110017,0.6901479,0.67312896,0.54135406,0.677489,0.91231745,0.5081467,0.669725,0.72608614,0.4808777,0.7383206,0.7211441,0.4506851,0.71734643,0.92047024,0.48814812,0.8615292,0.89393353,0.46879947,0.8443717,0.92524916
1809,36,0.5013673,0.5076147,0.80266756,0.54627866,0.54495287,0.5758244,0.5007835,0.54333985,0.9264473,0.5273802,0.646498,0.87597805,0.49211013,0.6240913,0.9214366,0.48815843,0.6995082,0.5301373,0.47999915,0.6915031,0.5886578,0.5404724,0.67712015,0.91796327,0.50719726,0.66835135,0.67474186,0.48086926,0.7386245,0.74728274,0.4499801,0.7161424,0.93703496,0.48730615,0.86445946,0.79184014,0.4694912,0.84195155,0.91869974
1810,36,0.5019976,0.50790125,0.6393966,0.5470721,0.5468188,0.8914675,0.5017072,0.54609954,0.92742693,0.52776724,0.6468033,0.9200124,0.49288538,0.62502056,0.92774194,0.489202,0.6990562,0.43793175,0.48034737,0.6901942,0.6501088,0.54160184,0.67941505,0.8954843,0.50766444,0.67031026,0.7412981,0.4817353,0.73647934,0.7426346,0.45123902,0.7158297,0.9370132,0.48853302,0.8630362,0.80150163,0.4686852,0.8444706,0.90989286
1811,36,0.5018753,0.5098297,0.75596195,0.5470901,0.54693806,0.87474704,0.50262934,0.54549897,0.90562284,0.52839243,0.6479525,0.9317048,0.49340343,0.6256466,0.93187207,0.49062073,0.6959077,0.47641918,0.48146418,0.6897115,0.4453657,0.541812,0.67895204,0.91316444,0.50874126,0.66829467,0.8074553,0.4815914,0.7352684,0.67383826,0.45118734,0.7146976,0.9432987,0.48789674,0.86268425,0.8782411,0.4688835,0.8426815,0.9008282
1812,36,0.5025233,0.51060677,0.79540205,0.5485885,0.5475667,0.90991956,0.50323206,0.546489,0.92603505,0.52877724,0.6482827,0.9305442,0.4937459,0.6275369,0.92921144,0.49147493,0.6947249,0.48985034,0.48146087,0.69019115,0.58809924,0.5435694,0.6775321,0.9419893,0.5097116,0.6679608,0.6931816,0.4815836,0.7348464,0.7105741,0.45082515,0.7145116,0.9425779,0.48882654,0.86155754,0.8318792,0.46893024,0.8428647,0.8569661
1813,36,0.50322974,0.5093774,0.78425217,0.5489302,0.5473799,0.8924484,0.5039262,0.5472869,0.8890614,0.52918226,0.6482699,0.89907414,0.4945214,0.62723625,0.90504587,0.4896434,0.6983115,0.5383416,0.4814612,0.69166857,0.52734756,0.5446243,0.6770389,0.92257005,0.5105294,0.6687071,0.73266196,0.48268527,0.7354867,0.6958193,0.45092353,0.715085,0.9235826,0.48842487,0.8610773,0.8094143,0.46912634,0.8436634,0.9372813
1814,36,0.5041279,0.5093889,0.74357414,0.5495177,0.5472559,0.8917317,0.5046272,0.5466211,0.85234666,0.5300744,0.6487959,0.90570074,0.49505824,0.6264079,0.89992243,0.4913742,0.69319797,0.6613626,0.48320922,0.6872702,0.5586199,0.545425,0.67707413,0.9482791,0.5115187,0.667712,0.70403826,0.48254162,0.73588413,0.6991653,0.45129362,0.71391475,0.88580227,0.48761222,0.86083066,0.70579123,0.46902063,0.84269863,0.92483747
1815,36,0.5052033,0.5084419,0.6809119,0.5501918,0.5478839,0.690223,0.5056747,0.54730093,0.8652861,0.5309091,0.64808583,0.7591178,0.49595082,0.6272577,0.8687914,0.4920414,0.69573987,0.5759311,0.4841634,0.6871989,0.53580713,0.5456257,0.6781605,0.91814613,0.5118184,0.6692811,0.71179044,0.4817193,0.7366706,0.66005677,0.45195204,0.7134047,0.87507963,0.48793572,0.8600171,0.6289334,0.4687069,0.84225476,0.8819193
1816,36,0.50680715,0.507073,0.67217606,0.55053395,0.5502126,0.83846545,0.50733984,0.547881,0.8798615,0.53115565,0.6482334,0.83473474,0.49663544,0.6267707,0.89217085,0.49179325,0.69673973,0.46079776,0.48380938,0.68927586,0.49908227,0.5458327,0.67948616,0.9029974,0.5122858,0.6702955,0.7002918,0.48278323,0.73496085,0.5843317,0.45217645,0.71383095,0.8794978,0.48897502,0.86054486,0.88139844,0.46902865,0.84288406,0.88246
1817,36,0.5071396,0.5075171,0.697862,0.55158216,0.5482051,0.85745025,0.50809133,0.54709494,0.8956469,0.5319485,0.6473452,0.8848639,0.498849,0.6261392,0.782852,0.49273676,0.69332796,0.6279772,0.4864046,0.68661445,0.49994618,0.5456515,0.6799478,0.9195891,0.5118142,0.67016435,0.707405,0.48259565,0.7338295,0.55096406,0.45189515,0.7139786,0.8612981,0.48865706,0.86153567,0.93272805,0.46879354,0.8430465,0.8981135
1818,36,0.5089733,0.50796914,0.706075,0.553709,0.5483444,0.910592,0.50841624,0.5471713,0.93765575,0.53204924,0.64615506,0.88607734,0.4976577,0.62500995,0.93682384,0.49258628,0.69288814,0.59954906,0.48679608,0.6862957,0.39114892,0.5464931,0.6769775,0.9352675,0.5126962,0.6675868,0.8360388,0.4837216,0.73264635,0.7559261,0.4522668,0.7140407,0.90022665,0.48860228,0.860219,0.87080026,0.46928585,0.84274596,0.9350707
1819,36,0.5104317,0.50694495,0.7574806,0.5540921,0.548515,0.911155,0.5096494,0.5475192,0.9368285,0.5327801,0.6459918,0.90179247,0.49803,0.6247924,0.9291577,0.49329412,0.692266,0.66027176,0.4860308,0.6860821,0.57402056,0.54648703,0.6766611,0.91337085,0.5120843,0.66645896,0.83835775,0.48319414,0.7350904,0.6830174,0.45280114,0.71337074,0.8313623,0.48891965,0.861243,0.7714785,0.46842366,0.8440149,0.9310979
1820,36,0.51147753,0.5062888,0.78115696,0.5542497,0.54963464,0.830587,0.5104659,0.54807746,0.92451817,0.53349394,0.6451945,0.91327,0.49867293,0.62384015,0.9222763,0.49378026,0.6915417,0.69778836,0.4870854,0.68481886,0.5897067,0.54699767,0.67842,0.9068268,0.51288766,0.6689408,0.74850607,0.48313618,0.7340602,0.70423347,0.45376614,0.7127366,0.9327629,0.4887344,0.8619052,0.6792677,0.4686383,0.8443391,0.95522517
1821,36,0.512015,0.5065018,0.76324517,0.55548817,0.5495912,0.8402619,0.51122254,0.5481995,0.9113773,0.5332539,0.6453302,0.85140944,0.49891338,0.6242358,0.91510046,0.49478403,0.68967783,0.6310956,0.48680583,0.68142474,0.64637977,0.54661804,0.677345,0.9073847,0.5112664,0.6684455,0.7486266,0.48383242,0.73255706,0.6098851,0.45319325,0.71398807,0.8248297,0.48897788,0.8616412,0.81858903,0.46850047,0.8437162,0.9431515
1822,36,0.5130182,0.5061129,0.6148113,0.5546179,0.5527225,0.5836094,0.51247436,0.54968196,0.8691951,0.5335982,0.6445073,0.8114204,0.5005838,0.6247992,0.7334815,0.49412256,0.6909243,0.5645056,0.48671392,0.6847804,0.5285449,0.5451834,0.68100226,0.88434994,0.5123085,0.6720978,0.69532,0.48295927,0.7322084,0.5975755,0.45540172,0.71371335,0.8757105,0.48892912,0.8590171,0.7896316,0.46780592,0.8437466,0.89882404
1823,36,0.5145079,0.5064677,0.6971886,0.5557896,0.5548456,0.783318,0.5135733,0.5498293,0.8234594,0.534036,0.6449219,0.7843331,0.5011387,0.62486005,0.6288411,0.49491876,0.68819684,0.59885305,0.4866028,0.6801168,0.52813196,0.5445998,0.68301517,0.80687237,0.5125914,0.6741066,0.51197475,0.4844371,0.730094,0.56386405,0.45513302,0.712283,0.79123414,0.4882687,0.85961854,0.7633314,0.468503,0.8443433,0.9000299
1824,36,0.5158953,0.50586104,0.6156809,0.55725825,0.55251545,0.87857664,0.51374567,0.54966885,0.8770508,0.5337854,0.6448285,0.9169952,0.50000966,0.6248864,0.88587815,0.49379668,0.68888146,0.7541183,0.48743185,0.680624,0.60666287,0.54676396,0.6796365,0.9168184,0.514998,0.66950387,0.706083,0.4849213,0.72851616,0.6446859,0.452003,0.7123517,0.85639006,0.48793596,0.85871625,0.82029384,0.468411,0.843056,0.93891937
1825,36,0.516395,0.50710356,0.7452962,0.55823624,0.5521562,0.8855301,0.51439434,0.54863447,0.87771386,0.5332377,0.6429461,0.6175231,0.49975803,0.6243621,0.9014329,0.49470213,0.68753326,0.7738234,0.48779202,0.6814729,0.7284078,0.54765755,0.6777084,0.8844155,0.51277256,0.6676719,0.82731515,0.48309764,0.73110926,0.8330693,0.45359802,0.7116456,0.90201885,0.48949814,0.85644114,0.67360103,0.46889183,0.84095764,0.9050219
1826,36,0.51804787,0.50666714,0.7023107,0.55915654,0.5516572,0.63870025,0.51507586,0.5491474,0.92874366,0.53355306,0.6423234,0.7401801,0.50064665,0.62214714,0.90085256,0.49455217,0.68708384,0.68194664,0.48761398,0.6797571,0.7212929,0.5473588,0.67753524,0.9000212,0.51366967,0.6681974,0.7084287,0.483212,0.7301154,0.5484327,0.4531902,0.7121554,0.92029935,0.49008924,0.8575575,0.7649999,0.46875528,0.841586,0.9320252
1827,36,0.51920253,0.5068113,0.8060534,0.5603522,0.55134934,0.7565349,0.5157846,0.54727817,0.9175277,0.5329985,0.64190084,0.68616563,0.500837,0.62316483,0.90718734,0.49437678,0.68691236,0.6112583,0.4871319,0.68015695,0.75011575,0.54809856,0.6764262,0.89756364,0.51392615,0.66713876,0.85107696,0.48273912,0.7302505,0.8308297,0.4529252,0.7120417,0.918532,0.49030957,0.85730475,0.79710793,0.4688334,0.8419416,0.9509557
1828,36,0.5203264,0.5069798,0.79261816,0.560661,0.55132157,0.7841055,0.5175342,0.5466588,0.8857051,0.5336002,0.6403531,0.6298659,0.50165594,0.6197281,0.91377753,0.4938484,0.68634856,0.59404933,0.48792315,0.67935807,0.7819796,0.5496424,0.677786,0.8969737,0.5155464,0.66761285,0.74813986,0.48289195,0.73005617,0.8384919,0.45293456,0.71124583,0.91525763,0.49017408,0.85693794,0.81267625,0.4686542,0.841935,0.9459594
1829,36,0.5225772,0.5059635,0.71097165,0.5604723,0.55486244,0.8012116,0.5194876,0.5499341,0.80860585,0.53341573,0.64146215,0.8578102,0.50211793,0.62218076,0.7912521,0.49275848,0.6872597,0.6763098,0.48700076,0.6796344,0.7566872,0.5491346,0.68150747,0.7557633,0.51686305,0.67189777,0.7258473,0.48207024,0.7312303,0.7038048,0.4530353,0.71082914,0.7875908,0.48936203,0.8566922,0.8610783,0.4690527,0.84154063,0.94590807
1830,36,0.52278006,0.506955,0.7863706,0.5621411,0.55306226,0.734637,0.5199622,0.5477865,0.8360733,0.53358525,0.63992256,0.8294714,0.5023603,0.6210127,0.9006362,0.49279305,0.6870387,0.6506181,0.48807222,0.68135434,0.68289024,0.55285496,0.6835607,0.9268926,0.52053326,0.6729612,0.80047214,0.48266712,0.7284236,0.69413173,0.4530412,0.71091616,0.7759749,0.48903397,0.85841066,0.8654126,0.46941382,0.84192574,0.95585537
1831,36,0.5244886,0.50575566,0.5829449,0.56160176,0.5563396,0.70829177,0.5209271,0.549912,0.7871691,0.53367805,0.6399464,0.5829647,0.5040373,0.6193646,0.79940885,0.49274272,0.68502986,0.62302744,0.48711252,0.67634904,0.60664475,0.54884183,0.6809174,0.67866856,0.5174058,0.6709196,0.5912516,0.4828755,0.7257663,0.59454274,0.4549827,0.7127789,0.8031687,0.48940918,0.8572054,0.82357144,0.46963462,0.84393525,0.93190277
1832,36,0.52517754,0.50516444,0.52205163,0.5636643,0.5556932,0.7633479,0.52088255,0.54907167,0.8246838,0.53412944,0.63945824,0.7948784,0.5041238,0.62095094,0.8692324,0.4926091,0.686303,0.748109,0.4892001,0.6789686,0.6397377,0.55163157,0.6831701,0.84996235,0.52005935,0.67347294,0.7019302,0.48414513,0.7271092,0.7287682,0.45309627,0.7112977,0.82505894,0.48905125,0.857139,0.83437425,0.4681701,0.84141403,0.7965636
1833,36,0.52599347,0.50594074,0.78048414,0.56367666,0.5548899,0.6997409,0.52221894,0.54962873,0.7912369,0.533305,0.6388387,0.72735155,0.5041157,0.61937267,0.88522595,0.4924921,0.6825217,0.73097104,0.4882839,0.6767563,0.68241894,0.55212516,0.6833587,0.8688938,0.5195843,0.6737308,0.78703344,0.4832667,0.7233836,0.7643305,0.45353696,0.7101402,0.7252487,0.48929036,0.85615957,0.8095909,0.46952972,0.84330356,0.90580475
1834,36,0.52765745,0.5052345,0.5508999,0.564262,0.5554534,0.6594058,0.5229385,0.54984,0.81249684,0.5334551,0.6378169,0.8868377,0.504641,0.61904436,0.863628,0.49216896,0.6830098,0.70897794,0.48817074,0.67713726,0.6777899,0.5508148,0.6822163,0.7744026,0.5188119,0.67259145,0.786324,0.483188,0.7234689,0.7738424,0.45377252,0.7095703,0.7570234,0.48925114,0.85600495,0.8185004,0.46938094,0.8433465,0.9015201
1835,36,0.52805245,0.5059324,0.7006462,0.5645204,0.5556296,0.5926748,0.52350956,0.54849756,0.80018026,0.5337906,0.6372209,0.88797736,0.5055711,0.6182632,0.7693659,0.49253878,0.68331695,0.60543543,0.48822954,0.6764134,0.7558063,0.5517236,0.68592674,0.90010285,0.5194614,0.67478716,0.67909086,0.48259145,0.724729,0.7606616,0.45417866,0.71029973,0.7527353,0.48896238,0.858104,0.89534694,0.46806043,0.84327793,0.87831444
1836,36,0.5293183,0.50588536,0.6905283,0.5661381,0.55616015,0.70597464,0.5242979,0.5490112,0.80684245,0.53367394,0.6367492,0.8703666,0.50562316,0.618749,0.8071106,0.4934147,0.6832505,0.71173257,0.4900369,0.6760777,0.65544266,0.5538147,0.68351644,0.87167317,0.5217479,0.67378044,0.79107475,0.48433134,0.72392964,0.83337647,0.45485163,0.706954,0.6742324,0.48808086,0.85830486,0.85792446,0.4683195,0.84309006,0.9403124
1837,36,0.5301109,0.50576156,0.64536047,0.5665113,0.55717635,0.72480756,0.525346,0.549667,0.80673283,0.5347143,0.6364094,0.84010786,0.5055992,0.618641,0.7569759,0.49302742,0.680391,0.72135925,0.48975766,0.67243344,0.7363885,0.5511965,0.6825175,0.7787242,0.51822823,0.6731575,0.7883694,0.48383293,0.7241775,0.7491161,0.4545279,0.71030056,0.6089589,0.4870308,0.85695076,0.86411905,0.46825722,0.8455387,0.9380422
1838,36,0.5310719,0.50641,0.65934515,0.566873,0.556784,0.7511899,0.5256303,0.54926145,0.79218227,0.5351099,0.63608587,0.82866985,0.5066621,0.61744964,0.8475589,0.493359,0.68011373,0.66832095,0.4899236,0.67377126,0.6329751,0.55260825,0.68394446,0.87320375,0.5197463,0.6735963,0.81582224,0.484013,0.7227657,0.81447816,0.45421752,0.709259,0.85469717,0.4881991,0.8566425,0.77699196,0.46888626,0.843547,0.88210404
1839,36,0.5314266,0.5065545,0.74573106,0.567865,0.55537057,0.7574259,0.5257067,0.54885423,0.85135967,0.535411,0.6356528,0.8010916,0.5069314,0.61698836,0.8715753,0.494305,0.67891395,0.59611744,0.4892694,0.6720568,0.7680838,0.55328304,0.6827758,0.87971693,0.5205479,0.67161447,0.820342,0.48380515,0.7229551,0.70885444,0.4554054,0.70877004,0.8867608,0.48875082,0.85572046,0.8919606,0.46867716,0.84348553,0.92004216
1840,36,0.53226995,0.50707877,0.69616455,0.56839395,0.5563058,0.78119683,0.5266412,0.55001104,0.85184765,0.5361404,0.6348236,0.7878349,0.5073793,0.6171454,0.8287071,0.49362305,0.67641556,0.72397435,0.48962414,0.6708891,0.7333028,0.55438054,0.68291694,0.8835655,0.52063507,0.67225385,0.82343197,0.48300898,0.7247161,0.72154844,0.45509624,0.71008277,0.7634189,0.487201,0.857509,0.83021224,0.4693121,0.8426723,0.8345132
1841,36,0.53299445,0.5067865,0.5764957,0.5694093,0.555662,0.7917882,0.52771753,0.549109,0.8209895,0.5351867,0.6352041,0.89264077,0.5083295,0.6158615,0.8798715,0.49400023,0.67390347,0.6639064,0.49053976,0.66969025,0.6827114,0.55344373,0.68247104,0.9122695,0.52067095,0.67150116,0.84676874,0.48312092,0.7251545,0.844116,0.4552491,0.7090043,0.6965955,0.4884097,0.856079,0.8090087,0.46882114,0.843306,0.86468774
1842,36,0.5333796,0.5073422,0.7112669,0.570504,0.5568065,0.8367669,0.5281829,0.5489544,0.8559736,0.536794,0.6346832,0.83497226,0.50785816,0.6160132,0.87102365,0.4943275,0.67280614,0.71560955,0.4901961,0.6688014,0.63451755,0.55481476,0.6827815,0.89673644,0.52150553,0.67257196,0.83093804,0.4831691,0.7240557,0.7243451,0.4553594,0.70789593,0.78337693,0.4876267,0.8565485,0.7940399,0.46846625,0.84291166,0.8565782
1843,36,0.5343018,0.5069691,0.6498811,0.5704449,0.55742204,0.8254488,0.5283833,0.5489921,0.84144175,0.5360424,0.63565886,0.8709179,0.5087297,0.6147605,0.865272,0.4951069,0.6720939,0.82220167,0.49077743,0.664512,0.67569214,0.5534232,0.68347645,0.83976805,0.5207543,0.6740874,0.84391814,0.48411474,0.7223841,0.7862727,0.45556515,0.7076313,0.7792154,0.48655823,0.857001,0.8606285,0.46869192,0.84370965,0.8850127
1844,36,0.5351774,0.506922,0.7630106,0.5718435,0.5582065,0.8024821,0.5287747,0.54858905,0.8707243,0.53719103,0.63523644,0.7773553,0.5086223,0.61404294,0.8940779,0.4954967,0.66676885,0.7727912,0.4901418,0.6619988,0.721718,0.5549438,0.684278,0.888965,0.5218061,0.67356855,0.82874465,0.4829154,0.7220937,0.8127213,0.4551663,0.708729,0.85759574,0.48755983,0.855503,0.8908465,0.46868283,0.8429292,0.9121583
1845,36,0.5362425,0.50672245,0.72541296,0.5714859,0.55725664,0.8134436,0.52962554,0.54940945,0.86274546,0.5386406,0.63283515,0.83041984,0.50963676,0.61305946,0.86019033,0.49731165,0.6637677,0.68033147,0.49101517,0.65876716,0.67504126,0.55217856,0.68159676,0.7814516,0.52085894,0.67330045,0.8079784,0.48324573,0.72314286,0.7014064,0.45539346,0.70901674,0.7822096,0.48678684,0.85604125,0.733204,0.46865776,0.84403384,0.880143
1846,36,0.53640723,0.50734836,0.5818584,0.5712086,0.55634385,0.74832153,0.5293246,0.5494027,0.8870107,0.5403708,0.6317007,0.6329318,0.5090136,0.6125832,0.891981,0.49588746,0.6649838,0.6127854,0.49084988,0.6579939,0.71235025,0.5534683,0.68298465,0.8911559,0.52138364,0.67270464,0.82573485,0.4833596,0.7230477,0.7180883,0.45551503,0.7107081,0.78655106,0.48760843,0.8560117,0.8443258,0.46846613,0.84415215,0.9372153
1847,36,0.53724885,0.50650656,0.5720817,0.5716732,0.5556005,0.7208684,0.5300974,0.54855025,0.8577702,0.54189646,0.6304861,0.9039521,0.5096101,0.61212033,0.874658,0.49761778,0.66280466,0.80008435,0.49198145,0.65563804,0.6238853,0.55364126,0.681329,0.8867442,0.52197295,0.67170036,0.83065665,0.48374143,0.72239745,0.8466551,0.45530158,0.70994085,0.75774056,0.48684838,0.8554432,0.8849384,0.4685523,0.8430064,0.8856536
1848,36,0.53796834,0.50683445,0.74837446,0.5729543,0.5544209,0.85411346,0.5302178,0.54793406,0.92974794,0.5431374,0.63043183,0.78745127,0.5092852,0.6122687,0.9078659,0.49789733,0.661336,0.78812176,0.4920917,0.6545148,0.6075621,0.5542983,0.68422854,0.9353683,0.52186435,0.6738442,0.82085884,0.48373115,0.72484106,0.87140596,0.45453727,0.71053916,0.7410293,0.4864569,0.85521543,0.8294517,0.46910095,0.8432379,0.9468068
1849,36,0.5389768,0.5055669,0.75538105,0.57328147,0.55461884,0.8084123,0.530804,0.54772127,0.9338438,0.544665,0.62938434,0.9230316,0.51121,0.6118697,0.74205375,0.4985569,0.6598538,0.78895867,0.49251133,0.6524237,0.71851295,0.5533379,0.68220466,0.83842146,0.5194259,0.6716035,0.82563823,0.48349813,0.7236399,0.8519739,0.45409206,0.71085346,0.8055161,0.48670846,0.8549184,0.8504315,0.46799183,0.8428858,0.9435246
1850,37,0.54016477,0.50610465,0.7984866,0.5749236,0.5524409,0.8815473,0.530492,0.54752856,0.89338166,0.546754,0.62943983,0.7381995,0.509134,0.60995066,0.9114674,0.49979103,0.65771455,0.7650977,0.493961,0.6519132,0.6855905,0.5561284,0.6830571,0.88629824,0.5219458,0.671914,0.8666361,0.48195353,0.7278426,0.8196982,0.4538696,0.712069,0.85615844,0.48620227,0.85539067,0.74746174,0.46886528,0.843685,0.8950046
1851,37,0.5414108,0.5052731,0.84264565,0.57415,0.55397195,0.8388142,0.5313662,0.5479463,0.94369817,0.5492771,0.627475,0.9269688,0.51065254,0.6087504,0.8401162,0.5035961,0.655779,0.87650365,0.49479878,0.6469085,0.66489244,0.554506,0.68334705,0.85394126,0.5222401,0.67378944,0.87841874,0.48164228,0.7293214,0.79593486,0.45353788,0.71196204,0.91313964,0.48596376,0.85461867,0.8732471,0.46854708,0.84264606,0.9208654
