frame,time,nose_x,nose_y,nose_z,nose_visibility,nose_presence,left_ear_x,left_ear_y,left_ear_z,left_ear_visibility,left_ear_presence,left_shoulder_x,left_shoulder_y,left_shoulder_z,left_shoulder_visibility,left_shoulder_presence,right_shoulder_x,right_shoulder_y,right_shoulder_z,right_shoulder_visibility,right_shoulder_presence,left_elbow_x,left_elbow_y,left_elbow_z,left_elbow_visibility,left_elbow_presence,right_elbow_x,right_elbow_y,right_elbow_z,right_elbow_visibility,right_elbow_presence,left_wrist_x,left_wrist_y,left_wrist_z,left_wrist_visibility,left_wrist_presence,right_wrist_x,right_wrist_y,right_wrist_z,right_wrist_visibility,right_wrist_presence,left_hip_x,left_hip_y,left_hip_z,left_hip_visibility,left_hip_presence,right_hip_x,right_hip_y,right_hip_z,right_hip_visibility,right_hip_presence,left_knee_x,left_knee_y,left_knee_z,left_knee_visibility,left_knee_presence,right_knee_x,right_knee_y,right_knee_z,right_knee_visibility,right_knee_presence,left_ankle_x,left_ankle_y,left_ankle_z,left_ankle_visibility,left_ankle_presence,right_ankle_x,right_ankle_y,right_ankle_z,right_ankle_visibility,right_ankle_presence,left_heel_x,left_heel_y,left_heel_z,left_heel_visibility,left_heel_presence,right_heel_x,right_heel_y,right_heel_z,right_heel_visibility,right_heel_presence,left_foot_index_x,left_foot_index_y,left_foot_index_z,left_foot_index_visibility,left_foot_index_presence,right_foot_index_x,right_foot_index_y,right_foot_index_z,right_foot_index_visibility,right_foot_index_presence,nose_source,left_ear_source,left_shoulder_source,right_shoulder_source,left_elbow_source,right_elbow_source,left_wrist_source,right_wrist_source,left_hip_source,right_hip_source,left_knee_source,right_knee_source,left_ankle_source,right_ankle_source,left_heel_source,right_heel_source,left_foot_index_source,right_foot_index_source
290,5.8,0.6384809598367689,-1.1058315245431978,-0.2355896830558776,0.9999791383743286,0.9999918937683104,0.077328085899353,-0.5955075025558472,-0.2232053130865097,0.9999830722808838,0.9999910593032836,0.7898909328140236,-0.06284404812671417,-0.1819044053554535,0.9999962449073792,0.9999988079071044,-0.7898909328140236,0.06284404812671027,0.1070909723639488,0.9999562501907348,0.9999916553497314,0.5324989158849132,0.1241426976716855,-0.2239389419555664,0.9992390275001526,0.9999831914901732,-1.5446894133442457,-1.4456113670974475,0.1005266830325126,0.6508854627609253,0.9999606609344482,-0.21228696230861938,0.20936439039593074,-0.1690581887960434,0.9980170726776124,0.9999970197677612,-0.8270487683751769,-0.5138748618912916,-0.0085496520623564,0.7744384407997131,0.9999874830245972,-1.3666821839074232,0.7471042227703534,-0.0497858934104442,0.9999929666519164,0.9999994039535522,-1.0924781440592801,0.9964600957395264,0.0513680800795555,0.999989092350006,0.9999994039535522,-0.6576919667610983,-0.7919444334344575,-0.3529631793498993,0.9990152716636658,0.9999974966049194,-0.7503193016055123,-0.7371251719750462,-0.1885192990303039,0.9924582839012146,0.9999957084655762,-0.4148963399363786,-0.6712866565705791,-0.169648677110672,0.9965819120407104,0.9999731779098512,-0.6957125224204136,-0.7725229836465556,-0.0328985042870044,0.9824053645133972,0.9999895095825196,-0.37106563658890956,-0.6853878906100975,-0.1444800943136215,0.9753849506378174,0.9999061822891236,-0.42135150619600636,-0.615937640265504,-0.0536176636815071,0.9624668955802916,0.9999839067459106,-0.26122418309809287,-0.7558862385781621,-0.1860458105802536,0.9964657425880432,0.9996695518493652,-0.29968887023629665,-0.5649115043079298,-0.0757965072989463,0.9851473569869996,0.9998328685760498,mediapipe,mediapipe,mediapipe,mediapipe,mediapipe,mediapipe,mediapipe,mediapipe,movenet,movenet,mediapipe,mediapipe,mediapipe,mediapipe,mediapipe,mediapipe,mediapipe,mediapipe
291,5.82,0.6671345557758441,-1.1057754945962233,-0.2378166317939758,0.9999796152114868,0.9999951124191284,0.0779031664133071,-0.5955411195755005,-0.223160371184349,0.9999833106994628,0.9999939203262328,0.8061035064882154,-0.06815524112872033,-0.1815002411603927,0.9999962449073792,0.9999990463256836,-0.8061035064882154,0.0681552411287301,0.1067268252372741,0.999955713748932,0.9999923706054688,0.5338993520594622,0.12441636674555961,-0.2235529720783233,0.9992350339889526,0.9999817609786988,-1.5444468592899732,-1.4448768621730967,0.1000318676233291,0.6471748352050781,0.9999561309814452,-0.21204329605523348,0.2094578593682879,-0.1692125350236892,0.9979913234710692,0.999996781349182,-0.8269656203731484,-0.5137460478769804,-0.0089535871520638,0.7690120935440063,0.999984622001648,-1.3659828127562534,0.7478163158152105,-0.0497005172073841,0.9999929666519164,0.9999995231628418,-1.0923154870409524,0.9951229050550522,0.0512899160385131,0.9999890327453612,0.9999995231628418,-0.6541613815656876,-0.7914459804004731,-0.3533833026885986,0.9990341663360596,0.9999980926513672,-0.748998478487542,-0.7346102667300461,-0.1891999244689941,0.992606282234192,0.999996781349182,-0.40649932941652245,-0.670388549024581,-0.1696202456951141,0.9966079592704772,0.9999761581420898,-0.6967610666774492,-0.76243636502381,-0.0354715883731842,0.9828765988349916,0.999990701675415,-0.36212837482771953,-0.684416169574073,-0.1444216966629028,0.975513219833374,0.9999146461486816,-0.42393906941541626,-0.6042452504286339,-0.0565217547118663,0.9631896018981934,0.9999849796295166,-0.24718501524086373,-0.7562220460062956,-0.1859523057937622,0.9964777231216432,0.9997017979621888,-0.3067873465143865,-0.5629197938414187,-0.0805569067597389,0.9854589104652404,0.9998360872268676,mediapipe,mediapipe,mediapipe,mediapipe,mediapipe,mediapipe,mediapipe,mediapipe,movenet,movenet,mediapipe,mediapipe,mediapipe,mediapipe,mediapipe,mediapipe,mediapipe,mediapipe
292,5.84,0.647785958346312,-1.105242538194943,-0.2336257845163345,0.9999799132347108,0.9999958276748656,0.0791012644767761,-0.5956677794456482,-0.2218549847602844,0.9999837875366212,0.9999959468841552,0.7648318948135744,-0.044407455187763706,-0.1811758279800415,0.999996304512024,0.9999992847442628,-0.7648318948135744,0.04440745518775979,0.1111763343214988,0.999955713748932,0.9999936819076538,0.5403664837089147,0.1225629585245896,-0.223384752869606,0.9992538690567015,0.999988317489624,-1.5451066757745289,-1.4449730868338573,0.1054662466049194,0.6374574303627014,0.999961256980896,-0.2133117767276938,0.20546412191505234,-0.1673558801412582,0.9980328679084778,0.9999977350234984,-0.8299154734072862,-0.5125831073012904,-0.0039382008835673,0.7592333555221558,0.999987006187439,-1.3784302284358878,0.7541645798389565,-0.049765720963478,0.999993085861206,0.9999996423721312,-1.1035704144204934,1.001182060286986,0.0513431616127491,0.9999891519546508,0.9999995231628418,-0.6603896123686159,-0.7958151151898879,-0.3554072082042694,0.9990678429603576,0.9999986886978148,-0.7453572836729603,-0.7340849617464944,-0.1925781816244125,0.99282044172287,0.9999974966049194,-0.404999125587761,-0.667894139094449,-0.174770101904869,0.9967228174209596,0.9999847412109376,-0.681600226418312,-0.7634955728495872,-0.0428250953555107,0.9833295345306396,0.9999940395355223,-0.35962867798170867,-0.6814518344283329,-0.150036945939064,0.9762958884239196,0.9999446868896484,-0.4032065208200569,-0.6058037971820883,-0.0643121972680091,0.9642273783683776,0.999990463256836,-0.2453086339373376,-0.7551107594029762,-0.1921606659889221,0.9966009855270386,0.9998076558113098,-0.28911508575616446,-0.5680470294978865,-0.0883134976029396,0.9859018325805664,0.9999024868011476,mediapipe,mediapipe,mediapipe,mediapipe,mediapipe,mediapipe,mediapipe,mediapipe,movenet,movenet,mediapipe,mediapipe,mediapipe,mediapipe,mediapipe,mediapipe,mediapipe,mediapipe
293,5.86,0.6149589088726842,-1.096370023497279,-0.2328727096319198,0.9999796748161316,0.9999935626983644,0.0776242613792419,-0.5953559279441833,-0.2220364511013031,0.999983549118042,0.9999922513961792,0.7583736253330451,-0.038618653446982246,-0.1811775863170623,0.999996304512024,0.9999990463256836,-0.7583736253330451,0.03861865344697834,0.1107593700289726,0.999955713748932,0.9999934434890748,0.5344937276206193,0.12271649667014553,-0.2232897281646728,0.9992513060569764,0.9999858140945436,-1.5515082282926191,-1.4451774124891053,0.1035148650407791,0.6389694213867188,0.99996817111969,-0.21369152102272324,0.20574739410881568,-0.1672272682189941,0.9980342388153076,0.999997615814209,-0.8346333836626829,-0.5137497040115021,-0.0062516028992831,0.7595856785774231,0.9999899864196776,-1.3754896826686211,0.752617455178451,-0.0497487112879753,0.9999929666519164,0.9999995231628418,-1.100117108205302,0.9993217237514287,0.0513282418251037,0.9999890327453612,0.9999995231628418,-0.658569688161764,-0.8044372058399876,-0.354820191860199,0.9990400075912476,0.999997854232788,-0.7449224229552069,-0.7328158546109751,-0.1923108696937561,0.9925890564918518,0.9999964237213136,-0.4231421982366026,-0.6652710991853934,-0.1788001060485839,0.9966970682144164,0.9999748468399048,-0.6838344843408802,-0.7640652859020405,-0.0434858724474906,0.982808232307434,0.999991536140442,-0.3836519556089743,-0.677496816745697,-0.1551526039838791,0.9761778712272644,0.9999102354049684,-0.4066688719211696,-0.6065281378975976,-0.0652557760477066,0.9636544585227966,0.9999871253967284,-0.2811703688562015,-0.756029418856331,-0.2005344182252884,0.9965801239013672,0.9997060894966124,-0.29335538114902837,-0.5699218151297301,-0.0897819250822067,0.9855676889419556,0.999875783920288,mediapipe,mediapipe,mediapipe,mediapipe,mediapipe,mediapipe,mediapipe,mediapipe,movenet,movenet,mediapipe,mediapipe,mediapipe,mediapipe,mediapipe,mediapipe,mediapipe,mediapipe
294,5.88,0.6150424341575489,-1.0985674357509547,-0.2312089651823043,0.9999801516532898,0.9999959468841552,0.0778627917170524,-0.5954110026359558,-0.22083280980587,0.999984085559845,0.9999958276748656,0.7516843577646821,-0.028727364940515893,-0.1806247383356094,0.9999963641166688,0.9999992847442628,-0.7516843577646821,0.028727364940511986,0.1133534461259841,0.9999555945396424,0.9999936819076538,0.5382910945720127,0.1219813809961562,-0.2229022681713104,0.9992715120315552,0.9999879598617554,-1.5507249351021395,-1.4451545121069513,0.1070691049098968,0.6324317455291748,0.9999618530273438,-0.21292532237313264,0.20402230036160604,-0.166166752576828,0.9980818629264832,0.999997854232788,-0.834833208955956,-0.5134119708049905,-0.0023386359680444,0.7519617080688477,0.9999868869781494,-1.3765592556894628,0.752729517977632,-0.0498139336705207,0.999993085861206,0.9999996423721312,-1.1003644721960786,0.9999183242982845,0.0513871014118194,0.999989092350006,0.9999995231628418,-0.6583844205947242,-0.8052917777412152,-0.3558042049407959,0.999074399471283,0.9999986886978148,-0.7417456042487404,-0.7347076464232063,-0.1939201056957245,0.9928061366081238,0.9999974966049194,-0.41622380567552364,-0.6653058026704018,-0.1799625307321548,0.9968030452728271,0.9999827146530152,-0.6785629973281867,-0.7662896346504683,-0.0468850322067737,0.983292043209076,0.9999936819076538,-0.3753038013609942,-0.6774175238911296,-0.1562187373638153,0.9768806099891664,0.9999372959136964,-0.4001781232207673,-0.6090297145738055,-0.0687996596097946,0.9646875858306884,0.9999897480010986,-0.2729103247277012,-0.7597607009026837,-0.2011787146329879,0.9966894388198853,0.9997870326042176,-0.29062374644416494,-0.5792209633893591,-0.0935713052749633,0.9859989881515504,0.9998948574066162,mediapipe,mediapipe,mediapipe,mediapipe,mediapipe,mediapipe,mediapipe,mediapipe,movenet,movenet,mediapipe,mediapipe,mediapipe,mediapipe,mediapipe,mediapipe,mediapipe,mediapipe
295,5.9,0.6117963227300796,-1.0927797048283676,-0.2311865091323852,0.999980092048645,0.9999939203262328,0.0780534297227859,-0.5954815149307251,-0.2208589166402816,0.9999840259552002,0.999992609024048,0.7437272860524518,-0.02630262563767063,-0.1806892603635788,0.9999963641166688,0.9999990463256836,-0.7437272860524518,0.026302625637666725,0.1132209971547126,0.9999561309814452,0.9999936819076538,0.5349669309923207,0.1231562248061484,-0.2235550433397293,0.9992874264717102,0.9999831914901732,-1.551928061114169,-1.4450374392061596,0.1069175079464912,0.6391873955726624,0.9999672174453736,-0.2146678596360922,0.20464391884883945,-0.1677343696355819,0.9981334805488586,0.9999972581863404,-0.8360183635983368,-0.5135895118438621,-0.002595470752567,0.7614611387252808,0.9999922513961792,-1.3791101922121276,0.7540108528707601,-0.0498223304748535,0.999993085861206,0.9999995231628418,-1.1025457796429103,1.0011023538754877,0.0513923242688179,0.999989092350006,0.9999995231628418,-0.6585470989448222,-0.7979487540993916,-0.3557749986648559,0.9990986585617064,0.9999979734420776,-0.7413149034759604,-0.733551150799306,-0.1938060075044632,0.9929850697517396,0.9999970197677612,-0.4173254108527248,-0.6612882269428193,-0.179069235920906,0.9968876838684082,0.999980092048645,-0.680612812014454,-0.7601103444148539,-0.0464453287422657,0.9837248921394348,0.999992609024048,-0.3765256715374227,-0.6737435665093767,-0.1550983786582946,0.9773794412612916,0.999930500984192,-0.402807092101081,-0.6009989146001283,-0.0683651715517044,0.9654671549797058,0.9999884366989136,-0.27455764893004675,-0.748680180193783,-0.1987831592559814,0.9967748522758484,0.9997593760490416,-0.2933920133868074,-0.5646956937298092,-0.0931604132056236,0.9863764643669128,0.9998787641525269,mediapipe,mediapipe,mediapipe,mediapipe,mediapipe,mediapipe,mediapipe,mediapipe,movenet,movenet,mediapipe,mediapipe,mediapipe,mediapipe,mediapipe,mediapipe,mediapipe,mediapipe
296,5.92,0.6293889064402768,-1.0617832552607107,-0.2317191362380981,0.9999797344207764,0.9999933242797852,0.0779469832777977,-0.5947223901748657,-0.2209062129259109,0.999983549118042,0.9999916553497314,0.780282182809923,-0.016428235781598657,-0.1797346621751785,0.999996304512024,0.999998927116394,-0.780282182809923,0.01642823578159475,0.1111294105648994,0.9999562501907348,0.9999929666519164,0.5402552572867755,0.12753433232223585,-0.2199672609567642,0.9992815852165222,0.9999841451644896,-1.5566905093194172,-1.4455538455574226,0.1036810353398323,0.6459927558898926,0.9999651908874512,-0.21165913857651514,0.21083314381278515,-0.1653136610984802,0.9981388449668884,0.9999977350234984,-0.8382086469417444,-0.5149488541735195,-0.0052991188131272,0.7672851085662842,0.9999903440475464,-1.3740791288556662,0.7513600790322047,-0.0495189353823661,0.9999930262565612,0.9999995231628418,-1.0973966721304313,0.9983904931280347,0.0511170551180839,0.9999890327453612,0.9999995231628418,-0.6488925936847428,-0.7992029548780784,-0.3555793762207031,0.9990782141685486,0.999997854232788,-0.7392631017538128,-0.7306238658018898,-0.1955126821994781,0.9929251074790956,0.9999966621398926,-0.4156528686072748,-0.6605778247074354,-0.1789573282003402,0.9968555569648744,0.9999779462814332,-0.6842373341181079,-0.7561343647776806,-0.0465846918523311,0.9836525321006776,0.9999921321868896,-0.3763188102951244,-0.6724693147552576,-0.1549623608589172,0.97706401348114,0.9999237060546876,-0.4098395248236603,-0.5962523872229951,-0.0683542788028717,0.9651885628700256,0.9999880790710448,-0.2744950099468792,-0.7449538772568622,-0.1991623491048813,0.9967465996742249,0.9997270703315736,-0.2977924157365745,-0.5549157218529013,-0.09410060942173,0.986330270767212,0.9998725652694702,mediapipe,mediapipe,mediapipe,mediapipe,mediapipe,mediapipe,mediapipe,mediapipe,movenet,movenet,mediapipe,mediapipe,mediapipe,mediapipe,mediapipe,mediapipe,mediapipe,mediapipe
297,5.94,0.6619389184723439,-1.0572752582076796,-0.2348763793706894,0.9999804496765136,0.9999960660934448,0.0779268518090248,-0.5947340726852417,-0.2209346294403076,0.9999840259552002,0.9999942779541016,0.829163267447038,-0.02192905520143146,-0.1794299334287643,0.999996304512024,0.9999990463256836,-0.829163267447038,0.021929055201427555,0.1099679246544838,0.9999569654464722,0.999994158744812,0.5484084735087567,0.12793768609283143,-0.2196705490350723,0.9992856979370116,0.9999827146530152,-1.5570299031318704,-1.4456345927857088,0.1015582010149955,0.6561263799667358,0.9999691247940063,-0.20750477896495922,0.2113322199032719,-0.1655534356832504,0.9981722831726074,0.99999737739563,-0.8379877045501134,-0.5160997537293378,-0.0086675705388188,0.7772473692893982,0.999991774559021,-1.3680183805780464,0.7483172749397733,-0.0495276562869548,0.9999929070472716,0.9999994039535522,-1.0914894715518604,0.9951128167878842,0.0511284098029136,0.9999889731407166,0.9999994039535522,-0.6442703401792017,-0.8036166925305507,-0.3546987473964691,0.9990742802619934,0.9999974966049194,-0.7389135782221111,-0.7317643507792336,-0.1911320686340332,0.9929747581481934,0.9999959468841552,-0.410898976299726,-0.6705364723922326,-0.1788478344678878,0.996840238571167,0.9999690055847168,-0.6807446881730768,-0.7606809079307055,-0.0460152588784694,0.9838006496429444,0.9999899864196776,-0.3715891607181157,-0.6826151005641778,-0.1548050642013549,0.9769881963729858,0.9998897314071656,-0.4052117892526516,-0.6017847479313065,-0.0680621415376663,0.965448260307312,0.9999840259552002,-0.2694762579086445,-0.7647181169122942,-0.1988895982503891,0.996734857559204,0.9996190071105956,-0.2928877152064208,-0.5612628927376873,-0.0939488187432289,0.986423134803772,0.99983012676239,mediapipe,mediapipe,mediapipe,mediapipe,mediapipe,mediapipe,mediapipe,mediapipe,movenet,movenet,mediapipe,mediapipe,mediapipe,mediapipe,mediapipe,mediapipe,mediapipe,mediapipe
298,5.96,0.6372684447099565,-1.0564691961030421,-0.2357387840747833,0.9999792575836182,0.9999898672103882,0.0762493088841438,-0.5946682691574097,-0.2246219664812088,0.9999831318855286,0.9999896287918092,0.8287763221538498,-0.045346834366799725,-0.1832091510295868,0.999996304512024,0.9999988079071044,-0.8287763221538498,0.04534683436679582,0.1058494225144386,0.9999560713768004,0.9999908208847046,0.5445484216060694,0.13272357785085956,-0.2225436568260193,0.9992614984512328,0.99998140335083,-1.5560804098842567,-1.444469152906434,0.0967423692345619,0.6496725678443909,0.9999570846557616,-0.21344687762685363,0.21718486606699053,-0.1667960435152053,0.998055338859558,0.9999966621398926,-0.8389637604088032,-0.5134559678307635,-0.012882555834949,0.7659423351287842,0.9999825954437256,-1.3641900364473967,0.7457471360764332,-0.0494794361293315,0.9999929666519164,0.9999996423721312,-1.08706959964432,0.9933886258506772,0.0510877706110477,0.9999890327453612,0.9999995231628418,-0.6418777127889244,-0.7419164207343188,-0.3538481891155243,0.99903005361557,0.9999977350234984,-0.7431378859288426,-0.6906785951892028,-0.1852446496486663,0.9926021099090576,0.9999960660934448,-0.41057647421579596,-0.6167469110741199,-0.1683525741100311,0.9966093301773072,0.999970555305481,-0.6958371284203007,-0.6987278935168872,-0.0296274181455373,0.9830770492553712,0.999988317489624,-0.3713961324243505,-0.6307867361173534,-0.1429093331098556,0.9754838347434998,0.9998995065689088,-0.4271189082432468,-0.5324647214432084,-0.0506087727844715,0.9640496373176576,0.9999827146530152,-0.2665891363838533,-0.7003097001184149,-0.184814453125,0.9964604377746582,0.9996654987335204,-0.32071398422456004,-0.4927112955182974,-0.0745799615979194,0.9856818914413452,0.9998243451118468,mediapipe,mediapipe,mediapipe,mediapipe,mediapipe,mediapipe,mediapipe,mediapipe,movenet,movenet,mediapipe,mediapipe,mediapipe,mediapipe,mediapipe,mediapipe,mediapipe,mediapipe
299,5.98,0.6644322041139649,-1.0662398024998132,-0.2422768771648407,0.9999799728393556,0.9999961853027344,0.0776812359690666,-0.5947307348251343,-0.225658431649208,0.999983549118042,0.9999940395355223,0.8675740544717072,-0.048922342420159755,-0.18346007168293,0.9999963641166688,0.9999990463256836,-0.8675740544717072,0.048922342420170496,0.1039397716522216,0.9999578595161438,0.9999957084655762,0.5446539794421139,0.13269025062787546,-0.2247491925954818,0.9992637038230896,0.9999819993972778,-1.5562266064031742,-1.4444033470594801,0.0952948480844497,0.6622897386550903,0.9999746084213256,-0.20662533672210692,0.2166336957261388,-0.1781624406576156,0.9981013536453248,0.9999972581863404,-0.8330532895295828,-0.513810969985014,-0.0177008658647537,0.7805171608924866,0.9999948740005492,-1.3691863571946252,0.7467365499224266,-0.0494596883654594,0.9999929666519164,0.9999995231628418,-1.090539711059553,0.9970606541133579,0.0510684549808502,0.9999891519546508,0.9999995231628418,-0.644011404328667,-0.7212301780352329,-0.3541357815265655,0.9990196228027344,0.9999979734420776,-0.7422951448843536,-0.6960509257286808,-0.187057226896286,0.9926873445510864,0.9999972581863404,-0.4142306415656795,-0.6149654822739471,-0.1634047180414199,0.996516764163971,0.9999765157699584,-0.6982812262761189,-0.7027818973192209,-0.0298676341772079,0.9831225275993348,0.9999922513961792,-0.37523886985879656,-0.630567352554957,-0.1369198262691497,0.9748950600624084,0.9999182224273682,-0.4304368195036869,-0.5375533252119146,-0.0507574453949928,0.9637375473976136,0.9999877214431764,-0.26852632654106634,-0.7009978897912963,-0.1774429678916931,0.9963910579681396,0.9997298121452332,-0.32258479009788454,-0.5038061789941177,-0.0750487893819809,0.9857347011566162,0.9998701810836792,mediapipe,mediapipe,mediapipe,mediapipe,mediapipe,mediapipe,mediapipe,mediapipe,movenet,movenet,mediapipe,mediapipe,mediapipe,mediapipe,mediapipe,mediapipe,mediapipe,mediapipe
300,6.0,0.6571208688577295,-1.063373442379742,-0.2422208338975906,0.999981164932251,0.9999977350234984,0.0773088783025741,-0.5946717262268066,-0.2257540822029113,0.9999845027923584,0.9999966621398926,0.8199877719047276,-0.04908059809014888,-0.183525413274765,0.9999964237213136,0.9999992847442628,-0.8199877719047276,0.049080598090144964,0.10469800978899,0.9999592900276184,0.9999964237213136,0.5427142163179642,0.12999043740644015,-0.2256482541561126,0.9992647171020508,0.999987244606018,-1.5532943743885448,-1.44510005748819,0.0965238660573959,0.6668848395347595,0.9999781847000122,-0.20387295246902734,0.2131870754926047,-0.1787905246019363,0.9981613159179688,0.9999980926513672,-0.8316009563554416,-0.5164191578369725,-0.0174873601645231,0.7902612090110779,0.9999947547912598,-1.3633752956521419,0.7432686738047142,-0.049929603934288,0.999992847442627,0.9999995231628418,-1.0855035456233286,0.9949574181640404,0.0515080578625202,0.999989092350006,0.9999995231628418,-0.6644604233560015,-0.7734745184527233,-0.3535508215427398,0.998990535736084,0.999997615814209,-0.7575361988961687,-0.7395286834444529,-0.1763896644115448,0.9923714399337769,0.9999958276748656,-0.41667651015047,-0.6762448060080071,-0.1673401445150375,0.9964739084243774,0.9999749660491944,-0.692042014902113,-0.7843287503169367,-0.0274513717740774,0.9824076890945436,0.9999916553497314,-0.37640983265472533,-0.6935477179716112,-0.1418616622686386,0.9749974608421326,0.9999110698699952,-0.41710270017096457,-0.6312481894895768,-0.0490780249238014,0.9627647995948792,0.9999876022338868,-0.27876490783364444,-0.7931443364062831,-0.1811272054910659,0.9964019656181335,0.9997101426124572,-0.2939911420825285,-0.5845988332034454,-0.0720095559954643,0.9853383898735046,0.9998784065246582,mediapipe,mediapipe,mediapipe,mediapipe,mediapipe,mediapipe,mediapipe,mediapipe,movenet,movenet,mediapipe,mediapipe,mediapipe,mediapipe,mediapipe,mediapipe,mediapipe,mediapipe
301,6.02,0.6778264834482011,-1.0632619791401703,-0.2421621829271316,0.9999808073043824,0.9999929666519164,0.0783288851380348,-0.5947595238685608,-0.225731149315834,0.9999839663505554,0.999990463256836,0.8200434519289432,-0.051754247950451866,-0.1835017651319503,0.999996304512024,0.9999984502792358,-0.8200434519289432,0.051754247950461636,0.1046984121203422,0.9999582171440125,0.999991536140442,0.5417487215393929,0.13197057597684414,-0.225675031542778,0.9992462992668152,0.9999748468399048,-1.5537608207253306,-1.4447931479854794,0.096560887992382,0.6630763411521912,0.9999593496322632,-0.20764637900438246,0.2145056316978378,-0.1781264543533325,0.9980328679084778,0.999995231628418,-0.8339083052146258,-0.5151810211994902,-0.0171559117734432,0.7862759828567505,0.9999866485595704,-1.3656494966028512,0.7465964471723545,-0.0499143488705158,0.9999927878379822,0.9999995231628418,-1.0903533862743429,0.9951945547387553,0.051492553204298,0.9999890327453612,0.9999995231628418,-0.6655439311181959,-0.7540193929726084,-0.3532291650772095,0.9990073442459106,0.999997615814209,-0.7587415461900526,-0.7308202943321355,-0.1766333878040313,0.992430567741394,0.9999964237213136,-0.4083204848618365,-0.658159190506214,-0.165584310889244,0.9965113401412964,0.9999730587005616,-0.6991538325625197,-0.764334151495027,-0.0266633331775665,0.9826221466064452,0.9999905824661256,-0.36577493578769626,-0.6744596811169119,-0.1398790329694748,0.975136935710907,0.9999072551727296,-0.427984802475729,-0.6073942046822417,-0.0479784980416297,0.963089644908905,0.9999855756759644,-0.2620683452857632,-0.7552204167629953,-0.1780617088079452,0.9964035153388976,0.9996739625930786,-0.31246139044218313,-0.5586526481082197,-0.0704521387815475,0.9853838086128236,0.999840259552002,mediapipe,mediapipe,mediapipe,mediapipe,mediapipe,mediapipe,mediapipe,mediapipe,movenet,movenet,mediapipe,mediapipe,mediapipe,mediapipe,mediapipe,mediapipe,mediapipe,mediapipe
302,6.04,0.6629542496493822,-1.0747158249750906,-0.2405831515789032,0.9999814629554749,0.999996304512024,0.0774131715297699,-0.5950949788093567,-0.2247036397457122,0.9999845623970032,0.9999955892562866,0.8126120732775868,-0.05321667715410852,-0.1830427497625351,0.9999963641166688,0.9999992847442628,-0.8126120732775868,0.05321667715410461,0.1065036654472351,0.9999581575393676,0.999994158744812,0.5433604597041587,0.12968018273895943,-0.224884033203125,0.9992546439170836,0.999985694885254,-1.553539273606391,-1.4447650102751963,0.0973646938800811,0.6591807007789612,0.9999666213989258,-0.2066989021192412,0.21382662331643315,-0.1757474243640899,0.9980595707893372,0.99999737739563,-0.8333829592853725,-0.5170766552305769,-0.0170751847326755,0.7835403680801392,0.9999892711639404,-1.3623504174719698,0.7482333881072825,-0.0500790327787399,0.999992847442627,0.9999995231628418,-1.092779951475691,0.992937334709262,0.051668494939804,0.9999890327453612,0.9999995231628418,-0.66436631947767,-0.7724731344748441,-0.352947860956192,0.9990178346633912,0.9999979734420776,-0.7617399219099806,-0.7344053672963254,-0.1765835732221603,0.992472231388092,0.999996304512024,-0.42076055677735946,-0.6628298436242609,-0.168891504406929,0.9965710043907166,0.9999749660491944,-0.6970875928027517,-0.7801241002270113,-0.0269124507904052,0.9826886653900146,0.9999918937683104,-0.3808344613487197,-0.6783308161726387,-0.1438825875520706,0.9755955934524536,0.9999099969863892,-0.4238146562756441,-0.6262788842610465,-0.0485072173178195,0.9634808897972108,0.999987244606018,-0.2814111414142741,-0.768475597983319,-0.1837871521711349,0.9964665174484252,0.999685525894165,-0.30875040144790206,-0.5815204920902244,-0.0706280022859573,0.985467493534088,0.999866247177124,mediapipe,mediapipe,mediapipe,mediapipe,mediapipe,mediapipe,mediapipe,mediapipe,movenet,movenet,mediapipe,mediapipe,mediapipe,mediapipe,mediapipe,mediapipe,mediapipe,mediapipe
303,6.06,0.6602464961677954,-1.0523700334809638,-0.2405219823122024,0.9999814629554749,0.9999945163726808,0.0778258964419364,-0.5951135754585266,-0.2247710078954696,0.9999846816062928,0.9999939203262328,0.79454270788343,-0.07129125448716483,-0.183090329170227,0.9999963641166688,0.9999990463256836,-0.79454270788343,0.07129125448716092,0.1065117344260215,0.999957263469696,0.9999923706054688,0.5451602821416042,0.12786422270130052,-0.2248810976743698,0.9992589950561525,0.9999842643737792,-1.5500095082271867,-1.4436972788968792,0.0976151451468467,0.6509778499603271,0.9999589920043944,-0.2100612851370494,0.2118432602400991,-0.1735814362764358,0.998052418231964,0.9999970197677612,-0.8342714619174084,-0.5140995227221133,-0.0148368952795863,0.7737717032432556,0.9999847412109376,-1.3726222229331282,0.7534563150587621,-0.0500874742865562,0.9999927878379822,0.9999995231628418,-1.102750166798107,0.9983869972246369,0.0516707487404346,0.999988853931427,0.9999995231628418,-0.6686559410617516,-0.774618506047839,-0.3530115187168121,0.9990284442901612,0.9999979734420776,-0.7649194861211219,-0.7338211572795075,-0.1766915619373321,0.9924936890602112,0.9999960660934448,-0.41558344473558007,-0.6592953184464403,-0.1696555316448211,0.9965955018997192,0.9999738931655884,-0.6944696474705967,-0.776977347798645,-0.0282085537910461,0.9826599955558776,0.9999905824661256,-0.37320963741949165,-0.6745559431316385,-0.1447304189205169,0.975833535194397,0.9999070167541504,-0.4179034001605662,-0.6225334785801488,-0.0499904230237007,0.9635708928108216,0.9999853372573853,-0.27258921703800176,-0.7657094828141551,-0.1842478066682815,0.9964802265167236,0.9996761083602904,-0.3029935091528548,-0.5787062605954169,-0.0713810622692108,0.9854080677032472,0.9998469352722168,mediapipe,mediapipe,mediapipe,mediapipe,mediapipe,mediapipe,mediapipe,mediapipe,movenet,movenet,mediapipe,mediapipe,mediapipe,mediapipe,mediapipe,mediapipe,mediapipe,mediapipe
304,6.08,0.6525567622874312,-1.0603626441194614,-0.2408606559038162,0.99998140335083,0.9999946355819702,0.0774593204259872,-0.5951164364814758,-0.2248018682003021,0.999984622001648,0.9999938011169434,0.8017129770292553,-0.08282042910642275,-0.1828597635030746,0.999996304512024,0.999998927116394,-0.8017129770292553,0.08282042910641885,0.1063628047704696,0.9999562501907348,0.9999912977218628,0.5470207518591573,0.1287749403820485,-0.2241758406162262,0.9992459416389464,0.9999805688858032,-1.5509719514199003,-1.442870607666605,0.0976717844605445,0.6460636258125305,0.9999544620513916,-0.2086699319913667,0.2132191101784772,-0.1734369248151779,0.9980329275131226,0.9999969005584716,-0.8404828419563838,-0.5142496291032,-0.0144242839887738,0.7704007625579834,0.9999855756759644,-1.3680521078570096,0.7535131984786672,-0.0499553121626377,0.9999926686286926,0.9999995231628418,-1.1041444227746342,0.9967065396088353,0.0515513233840465,0.9999885559082032,0.9999994039535522,-0.663298575432086,-0.7679964589295498,-0.352927953004837,0.9990041851997375,0.9999971389770508,-0.7642013419341412,-0.7279514764359658,-0.1770545244216919,0.992281138896942,0.9999946355819702,-0.4140642043500802,-0.6525095851391107,-0.1680427938699722,0.99648916721344,0.9999691247940063,-0.6992291693020274,-0.7744331407722241,-0.0205662045627832,0.9820440411567688,0.9999879598617554,-0.3718622024808188,-0.6675812134121782,-0.1426943242549896,0.975153148174286,0.9998972415924072,-0.42536716469230507,-0.6198165079634324,-0.0407539047300815,0.9622145891189576,0.9999830722808838,-0.271116827600343,-0.742037454595841,-0.1817731410264969,0.9963661432266236,0.9996397495269777,-0.30304213270806196,-0.562840756048237,-0.0611397437751293,0.984825849533081,0.9998257756233216,mediapipe,mediapipe,mediapipe,mediapipe,mediapipe,mediapipe,mediapipe,mediapipe,movenet,movenet,mediapipe,mediapipe,mediapipe,mediapipe,mediapipe,mediapipe,mediapipe,mediapipe
305,6.1,0.6448267940335952,-1.0604543259245083,-0.2404197752475738,0.9999808073043824,0.9999918937683104,0.0773616358637809,-0.5951460599899292,-0.2247132509946823,0.9999842047691344,0.999990940093994,0.7947278681552901,-0.09242309541611307,-0.1828452199697494,0.9999962449073792,0.9999986886978148,-0.7947278681552901,0.09242309541612381,0.1067161262035369,0.9999550580978394,0.999990463256836,0.5506893893408988,0.128221480152138,-0.2244304716587066,0.99923837184906,0.9999796152114868,-1.5481238012578273,-1.4425041774296825,0.0994421392679214,0.6385993957519531,0.9999549388885498,-0.2080724861293215,0.21316185573221638,-0.1733511835336685,0.9980041980743408,0.9999961853027344,-0.8405574398582457,-0.5137578205839965,-0.011638662777841,0.7652080655097961,0.9999852180480956,-1.3719940074462829,0.754058817746679,-0.0499853827059268,0.9999925494194032,0.9999994039535522,-1.1074399952032827,1.0002178700559052,0.0515740290284156,0.999988317489624,0.9999992847442628,-0.6732636554584066,-0.787333222070119,-0.3528665900230407,0.9989845752716064,0.9999970197677612,-0.7656730776864658,-0.7272161125510656,-0.1771550476551056,0.9920920133590698,0.999994158744812,-0.4118372025565165,-0.6788502811701776,-0.1678128838539123,0.9964084029197692,0.9999669790267944,-0.6996129241079442,-0.7753571124869972,-0.0201639402657747,0.981409192085266,0.9999866485595704,-0.36689092774894616,-0.692443639119517,-0.1423497200012207,0.9749274253845216,0.99988853931427,-0.4254310988427913,-0.6211018314295726,-0.0404004342854023,0.9612647294998168,0.9999808073043824,-0.26435369434968536,-0.7543547768554573,-0.180210679769516,0.9962846636772156,0.9996132254600524,-0.3006590328881689,-0.5605235082428449,-0.0603379532694816,0.984243631362915,0.9998051524162292,mediapipe,mediapipe,mediapipe,mediapipe,mediapipe,mediapipe,mediapipe,mediapipe,movenet,movenet,mediapipe,mediapipe,mediapipe,mediapipe,mediapipe,mediapipe,mediapipe,mediapipe
306,6.12,0.6017985418239354,-1.0549865569052903,-0.2384250164031982,0.9999805092811584,0.999992847442627,0.0754312574863433,-0.5952982902526855,-0.224291518330574,0.9999842047691344,0.9999927282333374,0.7615765227069526,-0.10954439095294492,-0.1828301548957824,0.9999962449073792,0.9999990463256836,-0.7615765227069526,0.10954439095294102,0.1080707460641861,0.9999539256095886,0.9999908208847046,0.5529528712490537,0.12565224970794875,-0.2245942503213882,0.999245584011078,0.999983549118042,-1.5458759841050258,-1.4421194609547014,0.1013500988483429,0.6311013102531433,0.9999544620513916,-0.20843877051975934,0.21214942329393607,-0.173184260725975,0.9980217218399048,0.9999970197677612,-0.8399500634043212,-0.513179092968679,-0.0091493297368288,0.7566579580307007,0.9999825954437256,-1.3679883611353663,0.7521541063047279,-0.0500927753746509,0.9999925494194032,0.9999994039535522,-1.103248389166085,0.9977539283301271,0.0516740307211875,0.9999881982803344,0.9999994039535522,-0.6739870854879195,-0.8010943452766756,-0.3526963591575622,0.9989844560623168,0.9999972581863404,-0.7655168827312331,-0.727026676416333,-0.174981489777565,0.9920166730880736,0.9999945163726808,-0.4103357966014576,-0.6905385451787258,-0.1678699105978012,0.9964078664779664,0.9999687671661376,-0.6968212652236551,-0.7771241890968279,-0.0192409977316856,0.9811910390853882,0.999987244606018,-0.3649879966471103,-0.7033497397696583,-0.1424208283424377,0.9750654101371764,0.999891996383667,-0.42153830103370105,-0.6232572690901191,-0.0397783368825912,0.9610690474510192,0.99998140335083,-0.263979733213192,-0.7640956707790154,-0.1803910881280899,0.9962801337242126,0.99962317943573,-0.29658206846849366,-0.5611222938299884,-0.0597295090556144,0.9840286374092102,0.999811589717865,mediapipe,mediapipe,mediapipe,mediapipe,mediapipe,mediapipe,mediapipe,mediapipe,movenet,movenet,mediapipe,mediapipe,mediapipe,mediapipe,mediapipe,mediapipe,mediapipe,mediapipe
307,6.14,0.6132690156256365,-1.034652990250393,-0.2389614284038543,0.9999807476997375,0.9999946355819702,0.0739297419786453,-0.5953460335731506,-0.2242878973484039,0.9999842643737792,0.999993085861206,0.7810091901493427,-0.1224156270483437,-0.1827897131443023,0.9999961853027344,0.9999988079071044,-0.7810091901493427,0.12241562704833979,0.1078385785222053,0.9999536275863647,0.999992609024048,0.5592314722146784,0.12474746510883329,-0.2241570502519607,0.9992300868034364,0.9999790191650392,-1.5420642090915015,-1.4421757293218436,0.1013348549604415,0.6283450126647949,0.9999629259109496,-0.20600733642193952,0.21242775298916963,-0.1707657426595688,0.997922420501709,0.9999955892562866,-0.8363354704578277,-0.5130807772413052,-0.0087081026285886,0.7527629733085632,0.999985933303833,-1.3603994488795434,0.7485687490333403,-0.0500929802656173,0.9999924302101136,0.9999994039535522,-1.0961028970872697,0.9935336988149213,0.0516737885773181,0.9999880790710448,0.9999994039535522,-0.6705747722730774,-0.8014453030232813,-0.3523378670215606,0.9989730715751648,0.9999970197677612,-0.7662726781855156,-0.7307087075759937,-0.1749319583177566,0.9919452667236328,0.999995231628418,-0.4036649159794463,-0.6885818236983368,-0.1664011180400848,0.9963091611862184,0.9999624490737916,-0.6987322521645982,-0.774696633775013,-0.0197942871600389,0.9810261726379396,0.9999866485595704,-0.35808018726190816,-0.7007860392130698,-0.1407672464847564,0.9745587706565856,0.9998716115951538,-0.42381876556667325,-0.6187595895733501,-0.0404143780469894,0.9606256484985352,0.9999797344207764,-0.2559075353498136,-0.7611921485461355,-0.1778489798307418,0.9961601495742798,0.9995580315589904,-0.30086398856691915,-0.5561131865480222,-0.0607067681849002,0.9837486743927002,0.9997827410697936,mediapipe,mediapipe,mediapipe,mediapipe,mediapipe,mediapipe,mediapipe,mediapipe,movenet,movenet,mediapipe,mediapipe,mediapipe,mediapipe,mediapipe,mediapipe,mediapipe,mediapipe
308,6.16,0.5800392447773285,-1.0115847297629263,-0.2421288639307022,0.9999812841415404,0.9999951124191284,0.0710556507110595,-0.595333993434906,-0.2277987599372863,0.9999847412109376,0.999994158744812,0.7931317394398141,-0.13204152409915282,-0.1853283792734146,0.9999961853027344,0.9999990463256836,-0.7931317394398141,0.13204152409914893,0.10438222438097,0.9999534487724304,0.9999929666519164,0.5658087507409485,0.12336115984977127,-0.2255269140005111,0.999242901802063,0.9999833106994628,-1.5356094103967266,-1.442418549983463,0.0967200323939323,0.6306561231613159,0.999963402748108,-0.20773435038496893,0.21186741957082922,-0.1707673072814941,0.9979354739189148,0.9999970197677612,-0.8303957527689195,-0.5134080463169132,-0.0130659025162458,0.7510610222816467,0.9999847412109376,-1.3471277053288702,0.7419540156274115,-0.0501660592854023,0.9999924302101136,0.9999994039535522,-1.0837238453243938,0.9865923316494877,0.0517474561929702,0.9999880194664,0.9999994039535522,-0.6648257654943039,-0.7906375077393101,-0.3508922457695007,0.9989965558052064,0.999997615814209,-0.7744063408088414,-0.738728749871084,-0.1690801084041595,0.9920285940170288,0.9999958276748656,-0.394221320088011,-0.6636083525645006,-0.1660451591014862,0.9963802695274352,0.9999667406082152,-0.7161019138101289,-0.7693036950850547,-0.0184751693159341,0.9814578890800476,0.999988317489624,-0.3485222777041364,-0.6749546896429716,-0.1405669301748275,0.9748891592025756,0.9998791217803956,-0.44901487462868317,-0.6091167597474769,-0.0398068651556968,0.9614050984382628,0.9999817609786988,-0.24653660773035116,-0.7485803924463105,-0.1780620366334915,0.9962097406387328,0.999578297138214,-0.3563348811162675,-0.5561525017949084,-0.0606969110667705,0.9840220808982848,0.9998005032539368,mediapipe,mediapipe,mediapipe,mediapipe,mediapipe,mediapipe,mediapipe,mediapipe,movenet,movenet,mediapipe,mediapipe,mediapipe,mediapipe,mediapipe,mediapipe,mediapipe,mediapipe
309,6.18,0.5635263733421211,-0.9553012769232788,-0.2440986037254333,0.9999814629554749,0.9999940395355223,0.0647360309958458,-0.5952598452568054,-0.2289680242538452,0.9999849200248718,0.9999927282333374,0.8758523317448704,-0.15016641675190964,-0.1860835701227188,0.9999961853027344,0.999998927116394,-0.8758523317448704,0.15016641675190573,0.1011017709970474,0.9999529123306274,0.9999922513961792,0.5841522467514587,0.11980770983337172,-0.2271968275308609,0.999237596988678,0.99998140335083,-1.5271448851478373,-1.4432111628235953,0.0911283493041992,0.630418598651886,0.9999624490737916,-0.20489380338597482,0.20628081303023607,-0.1729488223791122,0.9979119896888732,0.999996781349182,-0.8205271060226665,-0.5151553059780792,-0.0198475215584039,0.7469466328620911,0.9999827146530152,-1.3181899929670315,0.7273314902398935,-0.0502560548484325,0.9999922513961792,0.9999994039535522,-1.0555841320552803,0.9707648336162576,0.0518431067466735,0.9999878406524658,0.9999994039535522,-0.6627321569923734,-0.788676516089739,-0.3469248712062835,0.9989710450172424,0.9999971389770508,-0.7739952500275686,-0.738504332013434,-0.1641601324081421,0.9918404817581176,0.9999948740005492,-0.3852218927142099,-0.664442115284995,-0.1646707952022552,0.996304988861084,0.9999599456787108,-0.7159710407864797,-0.7645072127701948,-0.0153253050521016,0.9812119007110596,0.9999864101409912,-0.33949609016939614,-0.6757858544493125,-0.1394696682691574,0.9744786620140076,0.9998570680618286,-0.44978581741981216,-0.6032748109113628,-0.0371653512120246,0.9611821174621582,0.9999793767929076,-0.24446587081115592,-0.7526741848402984,-0.1773680597543716,0.9961199164390564,0.999509334564209,-0.37011036279823173,-0.5572272471314111,-0.0580478496849536,0.9837282299995422,0.9997813105583192,mediapipe,mediapipe,mediapipe,mediapipe,mediapipe,mediapipe,mediapipe,mediapipe,movenet,movenet,mediapipe,mediapipe,mediapipe,mediapipe,mediapipe,mediapipe,mediapipe,mediapipe
310,6.2,0.5665334974705025,-0.8814497002914002,-0.2465632110834121,0.9999820590019226,0.9999961853027344,0.0596874728798866,-0.5950634479522705,-0.2305967807769775,0.9999853372573853,0.9999947547912598,0.8736871051478714,-0.1703332393621437,-0.186638057231903,0.9999961853027344,0.999998927116394,-0.8736871051478714,0.1703332393621398,0.0997265204787254,0.9999529123306274,0.9999939203262328,0.5857921672950902,0.11991695206861881,-0.2272593080997467,0.9992241263389589,0.9999812841415404,-1.516319871638625,-1.4429993143107813,0.090443804860115,0.6313814520835876,0.9999672174453736,-0.19673268670736266,0.20724065980981482,-0.1726912409067154,0.9978492259979248,0.9999966621398926,-0.8074161257853658,-0.5158009179588862,-0.0203283932060003,0.7456192374229431,0.999987244606018,-1.2810876779797482,0.7065902124613134,-0.0503130778670311,0.9999920725822448,0.9999994039535522,-1.018106146141084,0.95153629551394,0.0519014373421669,0.9999876022338868,0.9999994039535522,-0.638067495434256,-0.7942138364169573,-0.3462174534797668,0.9989844560623168,0.9999977350234984,-0.7690856241297983,-0.742251777047083,-0.1627646386623382,0.9918566942214966,0.9999964237213136,-0.3568148914327896,-0.6552583450177406,-0.1659851968288421,0.9963730573654176,0.9999675750732422,-0.7157556149190423,-0.7648124027286066,-0.0158294644206762,0.9815306663513184,0.9999896287918092,-0.3109572845008033,-0.6635533870389092,-0.1414613574743271,0.9747848510742188,0.9998801946640016,-0.45197627782482297,-0.6029001925728298,-0.0377045385539531,0.9617937207221984,0.9999837875366212,-0.21464650410919991,-0.7583654775112888,-0.1817964315414428,0.9961729049682616,0.9996044039726256,-0.3807774100165752,-0.5685673451378723,-0.058573629707098,0.9839279055595398,0.9998283386230468,mediapipe,mediapipe,mediapipe,mediapipe,mediapipe,mediapipe,mediapipe,mediapipe,movenet,movenet,mediapipe,mediapipe,mediapipe,mediapipe,mediapipe,mediapipe,mediapipe,mediapipe
311,6.22,0.4979462775380711,-0.7741964827532402,-0.249072179198265,0.9999820590019226,0.9999949932098388,0.0558043047785759,-0.5942546129226685,-0.2338180094957351,0.9999851584434508,0.9999934434890748,0.8869457219346297,-0.21366416662034513,-0.1886389255523681,0.9999961853027344,0.999998927116394,-0.8869457219346297,0.2136641666203412,0.0973048061132431,0.9999533295631408,0.9999942779541016,0.601153124197106,0.11653262636184698,-0.2290995419025421,0.9991961717605592,0.9999810457229614,-1.5077814413810136,-1.441710577116213,0.0892863050103187,0.6285973787307739,0.9999674558639526,-0.19039220679395386,0.20724555517491888,-0.1733912676572799,0.9977262020111084,0.9999964237213136,-0.8000577581882599,-0.5130292604186335,-0.0205004345625638,0.7421258687973022,0.9999871253967284,-1.2633069335870812,0.6943428317342462,-0.050316497683525,0.9999920725822448,0.9999995231628418,-0.996964383673583,0.9428803392556611,0.051904622465372,0.9999876618385316,0.9999995231628418,-0.6279614388721029,-0.7934834434505892,-0.3464470505714416,0.9989803433418274,0.9999982118606568,-0.7619682220567779,-0.7474643631923569,-0.1634968817234039,0.9918517470359802,0.9999972581863404,-0.34225843909493925,-0.6556407598830217,-0.1660488545894622,0.9963701963424684,0.9999760389328004,-0.7180026512238362,-0.764623027028914,-0.019487764686346,0.9817965626716614,0.999991774559021,-0.2962091094544831,-0.6643471466501939,-0.1415454894304275,0.9747106432914734,0.9999128580093384,-0.4576969911233227,-0.6015245527307207,-0.0419354885816574,0.9620932936668396,0.9999868869781494,-0.19895413334588108,-0.76197065134632,-0.182111769914627,0.996160924434662,0.999691128730774,-0.3852051068034686,-0.5738546873913144,-0.0656149014830589,0.9840850234031676,0.9998477697372437,mediapipe,mediapipe,mediapipe,mediapipe,mediapipe,mediapipe,mediapipe,mediapipe,movenet,movenet,mediapipe,mediapipe,mediapipe,mediapipe,mediapipe,mediapipe,mediapipe,mediapipe
312,6.24,0.3810415786536838,-0.7280391943520987,-0.2495072185993194,0.9999825358390808,0.9999969005584716,0.0545528195798397,-0.593838632106781,-0.2369430214166641,0.9999854564666748,0.9999955892562866,0.8511754202016847,-0.21693744028847692,-0.1910237967967987,0.9999962449073792,0.9999992847442628,-0.8511754202016847,0.216937440288473,0.0967117324471473,0.9999548196792604,0.999996304512024,0.6026226283492117,0.11708351595611668,-0.2326016575098037,0.9991835951805116,0.9999841451644896,-1.5046785129476978,-1.4421625730526308,0.0891464799642562,0.6278210878372192,0.9999767541885376,-0.18861181630839036,0.2097820291669896,-0.1755826473236084,0.9976848363876344,0.9999972581863404,-0.7983801471137192,-0.512103097547937,-0.0206117630004882,0.7452748417854309,0.999992609024048,-1.2612902331370628,0.6917437609355844,-0.0504151172935962,0.9999921321868896,0.9999996423721312,-0.9941002738205758,0.9430474608369654,0.0519910492002964,0.9999878406524658,0.9999996423721312,-0.6258750795563354,-0.7805321607963811,-0.3468790054321289,0.998992383480072,0.9999986886978148,-0.7593940759742602,-0.7490414145180527,-0.1640945822000503,0.9918532371520996,0.9999980926513672,-0.3367583598040237,-0.6442052357213687,-0.169847697019577,0.9964653253555298,0.9999852180480956,-0.7155091975445605,-0.7662359464698454,-0.020232880488038,0.9820599555969238,0.9999951124191284,-0.29046053232715735,-0.6540893997087048,-0.1460070759057998,0.975267231464386,0.999944806098938,-0.454351151231658,-0.6034448160092637,-0.0429315119981765,0.962515950202942,0.9999921321868896,-0.19586767528774254,-0.7599354510405146,-0.1883693188428878,0.9962722063064576,0.9998061060905457,-0.3776608224559486,-0.5779912363486812,-0.067382700741291,0.9843959212303162,0.9999152421951294,mediapipe,mediapipe,mediapipe,mediapipe,mediapipe,mediapipe,mediapipe,mediapipe,movenet,movenet,mediapipe,mediapipe,mediapipe,mediapipe,mediapipe,mediapipe,mediapipe,mediapipe
313,6.26,0.3154852676974711,-0.6907165798470447,-0.2488215118646621,0.9999824166297911,0.9999953508377076,0.0531773753464221,-0.5938230752944946,-0.2376404553651809,0.9999854564666748,0.9999946355819702,0.8318642906127611,-0.26450084237264293,-0.1916224062442779,0.9999963641166688,0.9999992847442628,-0.8318642906127611,0.26450084237263904,0.0968479514122009,0.999955415725708,0.9999949932098388,0.6282737423728377,0.11513386929402146,-0.2348887175321579,0.9991925358772278,0.9999853372573853,-1.5015906045148486,-1.441543510189779,0.0896365493535995,0.6236551403999329,0.9999713897705078,-0.1584473257940429,0.210702862764381,-0.1799984872341156,0.997727870941162,0.999997615814209,-0.7962125268569208,-0.5113101939493803,-0.0195295792073011,0.7462174892425537,0.9999914169311525,-1.267992645295016,0.6923382708820895,-0.0505689680576324,0.9999921321868896,0.9999995231628418,-0.9942490643488165,0.9461807123101764,0.0521261692047119,0.999987781047821,0.9999995231628418,-0.622535305039796,-0.7649704581237832,-0.346904844045639,0.9989966750144958,0.9999983310699464,-0.757391408520125,-0.7484328466173081,-0.1646592020988464,0.991805911064148,0.9999972581863404,-0.32955941982315373,-0.6323383648889809,-0.1706688553094864,0.9965112209320068,0.9999804496765136,-0.71154752289067,-0.7641987195849741,-0.0222413074225187,0.982170045375824,0.999993085861206,-0.2833814330419866,-0.6439529667546182,-0.1470556110143661,0.9755845069885254,0.9999287128448486,-0.44941228445088344,-0.6013579178554985,-0.0455009303987026,0.9628428816795348,0.9999891519546508,-0.19425386322139995,-0.7537942639721209,-0.1894382983446121,0.9963279962539672,0.9997695088386536,-0.37075763460581035,-0.5800798469685907,-0.0697594135999679,0.984590709209442,0.9998910427093506,mediapipe,mediapipe,mediapipe,mediapipe,mediapipe,mediapipe,mediapipe,mediapipe,movenet,movenet,mediapipe,mediapipe,mediapipe,mediapipe,mediapipe,mediapipe,mediapipe,mediapipe
314,6.28,0.25804958863357647,-0.6401466535368446,-0.246689572930336,0.9999824166297911,0.9999954700469972,0.0516661927103996,-0.5941560864448547,-0.2376530915498733,0.9999856352806092,0.9999951124191284,0.7872279059404912,-0.3290100216337703,-0.192028060555458,0.9999964237213136,0.9999992847442628,-0.7872279059404912,0.3290100216337664,0.0996397584676742,0.9999560117721558,0.9999946355819702,0.6463110474914983,0.11200791782244424,-0.2350753545761108,0.9992213249206544,0.999986171722412,-1.4958314202840552,-1.4407849973382307,0.0980462282896041,0.6214777231216431,0.999970555305481,-0.1489608895483782,0.2125068632655856,-0.1797527521848678,0.9978177547454834,0.999997615814209,-0.7935784467220606,-0.5098037360903621,-0.0059852949343621,0.7515022158622742,0.9999923706054688,-1.2674574962106353,0.6929192424460406,-0.0507172793149948,0.9999920725822448,0.9999995231628418,-0.993858150248241,0.9449321367565692,0.0522361248731613,0.9999876618385316,0.9999994039535522,-0.6141220441489641,-0.7567879660398857,-0.3484560847282409,0.999005913734436,0.999997615814209,-0.749408619671564,-0.7445794665201277,-0.1685309559106826,0.9918524026870728,0.999996304512024,-0.30916191801700027,-0.6348023506180557,-0.1721021980047226,0.9965366125106812,0.9999767541885376,-0.6971728273291551,-0.7614530826994969,-0.0293445941060781,0.9821906089782716,0.9999908208847046,-0.2611813485032216,-0.6467006104406818,-0.1484813243150711,0.9758976101875304,0.9999194145202636,-0.4287620759256155,-0.5988893710721865,-0.0524979569017887,0.9629574418067932,0.999985933303833,-0.16965547738759126,-0.7554996544909336,-0.1901036500930786,0.9963765740394592,0.9997462630271912,-0.33142608162465637,-0.5730888159928247,-0.076594054698944,0.9847408533096312,0.9998672008514404,mediapipe,mediapipe,mediapipe,mediapipe,mediapipe,mediapipe,mediapipe,mediapipe,movenet,movenet,mediapipe,mediapipe,mediapipe,mediapipe,mediapipe,mediapipe,mediapipe,mediapipe
315,6.3,0.028160088242772614,-0.5980472135197715,-0.2338705956935882,0.9999810457229614,0.9999908208847046,0.0421134755015373,-0.5946240425109863,-0.2373262643814087,0.9999852180480956,0.999991536140442,0.5895280014960551,-0.3981682610110254,-0.1919244825839996,0.9999964833259584,0.9999992847442628,-0.5895280014960551,0.39816826101102154,0.1058294922113418,0.9999563097953796,0.9999945163726808,0.6682427420521433,0.09810283056103414,-0.2349297851324081,0.9992450475692748,0.999987244606018,-1.4842935899572012,-1.4404782985876974,0.1093550249934196,0.6199584603309631,0.9999716281890868,-0.13329002842046891,0.20996691580410246,-0.1791265308856964,0.9979206919670104,0.9999979734420776,-0.7832441739231176,-0.5094822570263358,0.0059363250620663,0.758049488067627,0.999993085861206,-1.2469093298186367,0.6828164267713037,-0.0508964955806732,0.9999920129776,0.9999994039535522,-0.9760234009757484,0.9341204740058042,0.0523755587637424,0.9999874830245972,0.9999992847442628,-0.598020580526702,-0.7651658756327647,-0.3485584259033203,0.9990154504776,0.9999972581863404,-0.7358134419895547,-0.7564143609892751,-0.1687658876180648,0.9918702840805054,0.9999953508377076,-0.2905393174690743,-0.6542221503348551,-0.1726350635290146,0.9965745806694032,0.9999730587005616,-0.6749588509249546,-0.7768414368505506,-0.0331577584147453,0.982176661491394,0.999988317489624,-0.24250688806039522,-0.667626682435964,-0.1490999162197113,0.9762577414512634,0.9999070167541504,-0.3965964545307557,-0.6155075204364754,-0.0569774881005287,0.9629621505737304,0.9999827146530152,-0.15041744648333508,-0.7669519551959937,-0.1903047114610672,0.9964370727539062,0.999717652797699,-0.28769697693455876,-0.5828284374141328,-0.0807161480188369,0.9848638772964478,0.9998441934585572,mediapipe,mediapipe,mediapipe,mediapipe,mediapipe,mediapipe,mediapipe,mediapipe,movenet,movenet,mediapipe,mediapipe,mediapipe,mediapipe,mediapipe,mediapipe,mediapipe,mediapipe
316,6.32,-0.1528114745553777,-0.5813546271841737,-0.230830579996109,0.9999811053276062,0.9999953508377076,0.0362586006522178,-0.5946569442749023,-0.2386180311441421,0.9999852776527404,0.9999942779541016,0.47253538753670504,-0.42309896963109533,-0.1937512159347534,0.9999966025352478,0.9999994039535522,-0.47253538753670504,0.42309896963109145,0.1058864146471023,0.9999581575393676,0.9999972581863404,0.6818306931994601,0.09795739260663694,-0.2355279922485351,0.9992586374282836,0.9999878406524658,-1.4776581103389053,-1.4417427444113056,0.109274685382843,0.6261906027793884,0.999984860420227,-0.12076489930228677,0.2132330208246553,-0.1775292605161667,0.9979654550552368,0.9999982118606568,-0.7758661584941681,-0.5083122030274652,0.0064152837730944,0.7682087421417236,0.999996542930603,-1.2347703064440505,0.67635698896607,-0.051033928990364,0.9999920725822448,0.9999995231628418,-0.9648289381372087,0.9278348411985914,0.0524822175502777,0.9999876618385316,0.9999996423721312,-0.5867825443857202,-0.7491509749685112,-0.3486028015613556,0.9990339875221252,0.9999983310699464,-0.7270700746632484,-0.7579811126724676,-0.1689437329769134,0.9918817281723022,0.9999980926513672,-0.2668622457703842,-0.6435656728926361,-0.173479214310646,0.9966391324996948,0.9999834299087524,-0.6624609573655521,-0.7659757584267805,-0.0452645532786846,0.9824697971343994,0.9999939203262328,-0.2178247002217562,-0.6589728158465158,-0.1503120362758636,0.9766854643821716,0.9999408721923828,-0.38079793869270673,-0.6003356454817205,-0.0708133652806282,0.963513195514679,0.9999901056289672,-0.1344095375090921,-0.7645679033104485,-0.191383808851242,0.9965221881866456,0.9998362064361572,-0.27419181379319246,-0.5839621016807097,-0.0963790118694305,0.9852757453918456,0.9999123811721802,mediapipe,mediapipe,mediapipe,mediapipe,mediapipe,mediapipe,mediapipe,mediapipe,movenet,movenet,mediapipe,mediapipe,mediapipe,mediapipe,mediapipe,mediapipe,mediapipe,mediapipe
317,6.34,-0.4069715648749807,-0.5180531244129561,-0.2299975752830505,0.9999788999557496,0.9999895095825196,0.0236637983471155,-0.5941916704177856,-0.2412226945161819,0.999983847141266,0.9999891519546508,0.36262718776498465,-0.4890810429945878,-0.1959003061056137,0.9999966025352478,0.9999992847442628,-0.36262718776498465,0.48908104299458394,0.1051025837659835,0.999958336353302,0.9999955892562866,0.712032110210993,0.07910546220212092,-0.2382559925317764,0.9992267489433287,0.9999860525131226,-1.4587859638050693,-1.4417908347362343,0.1091378033161163,0.6158720850944519,0.9999769926071168,-0.09705913077593666,0.21105813711658772,-0.1792799532413482,0.9978858828544616,0.999997615814209,-0.7581485565101306,-0.507852861166433,0.0052982317283749,0.7636221051216125,0.9999932050704956,-1.1945839750952572,0.6567525474674575,-0.051053661853075,0.9999920725822448,0.9999995231628418,-0.9291721928500182,0.9054346009751588,0.0524969026446342,0.9999876618385316,0.9999996423721312,-0.559596617599353,-0.755947261194641,-0.3483059108257293,0.9989970922470092,0.9999983310699464,-0.7073363833925242,-0.7652461979131533,-0.1691240966320037,0.9914982318878174,0.9999974966049194,-0.23629956449229206,-0.6565759490916071,-0.1734230518341064,0.9965737462043762,0.9999827146530152,-0.6371832072664579,-0.7757326855844026,-0.046800423413515,0.9820706248283386,0.999993085861206,-0.1872667211258208,-0.6727022067639119,-0.1502708345651626,0.9764339923858644,0.9999376535415648,-0.34689315855410285,-0.6114371493369314,-0.0724808946251869,0.9628275036811828,0.99998939037323,-0.10387980619467557,-0.7798916597035448,-0.1913342773914337,0.9964695572853088,0.9998098015785216,-0.24015956512248468,-0.598000603984937,-0.0978968292474746,0.9850572347640992,0.99989652633667,mediapipe,mediapipe,mediapipe,mediapipe,mediapipe,mediapipe,mediapipe,mediapipe,movenet,movenet,mediapipe,mediapipe,mediapipe,mediapipe,mediapipe,mediapipe,mediapipe,mediapipe
318,6.36,-0.35546841516647243,-0.3815272992422279,-0.2303729951381683,0.999977707862854,0.9999923706054688,0.0193965267390012,-0.5940159559249878,-0.2413592189550399,0.99998277425766,0.9999905824661256,0.38289399319879364,-0.5505839336371267,-0.195897176861763,0.999996542930603,0.999998927116394,-0.38289399319879364,0.5505839336371369,0.1052595004439354,0.9999588131904602,0.9999955892562866,0.745362936189797,0.07105022462890292,-0.2390435934066772,0.9992042183876038,0.999979853630066,-1.449492418051854,-1.4441339726810971,0.1106170192360878,0.6115238666534424,0.9999772310256958,-0.07543546805862587,0.210691552053514,-0.179636925458908,0.9978106021881104,0.999996542930603,-0.747508324785081,-0.5077840082507152,0.0093684857711195,0.766948401927948,0.9999943971633912,-1.1649340013216678,0.6422434487762123,-0.0512240193784236,0.9999917149543762,0.9999992847442628,-0.9044301567427124,0.8896449926113276,0.0526405721902847,0.999987244606018,0.9999994039535522,-0.5362952630659834,-0.760745017328011,-0.3503930270671844,0.9989789128303528,0.9999979734420776,-0.6912196253765017,-0.7783315897089408,-0.1701413244009018,0.9912399053573608,0.9999974966049194,-0.21175063907756173,-0.6669039178591732,-0.1777364164590835,0.9965550303459167,0.999980926513672,-0.6176249246496834,-0.7840525997953367,-0.0484230034053325,0.9818752408027648,0.999992847442627,-0.16263297462070994,-0.6832755908864141,-0.1550527513027191,0.9764249324798584,0.9999326467514038,-0.3209788024920158,-0.6204335891163557,-0.073742389678955,0.9625802636146544,0.9999887943267822,-0.07902543644303087,-0.790117299513244,-0.1971038430929184,0.996468186378479,0.9998067021369934,-0.21596747882718484,-0.6126205032265747,-0.099844716489315,0.9850167632102966,0.9998990297317504,mediapipe,mediapipe,mediapipe,mediapipe,mediapipe,mediapipe,mediapipe,mediapipe,movenet,movenet,mediapipe,mediapipe,mediapipe,mediapipe,mediapipe,mediapipe,mediapipe,mediapipe
319,6.38,-0.44074007682496785,-0.2925748947508357,-0.2282567322254181,0.9999773502349854,0.9999940395355223,0.0112748518586158,-0.5941348671913147,-0.2411476522684097,0.9999826550483704,0.999992847442627,0.2413896939506419,-0.63891254131749,-0.1960167735815048,0.9999966025352478,0.9999992847442628,-0.2413896939506419,0.6389125413174861,0.1065490543842315,0.9999598264694214,0.999996542930603,0.7829200143911957,0.05286295472228128,-0.239107146859169,0.999205768108368,0.9999847412109376,-1.43189359932061,-1.451810567821276,0.1123055517673492,0.6094257235527039,0.9999806880950928,-0.052878587838411935,0.20635572337630492,-0.1773496270179748,0.9978238940238952,0.999997615814209,-0.7291407992412832,-0.5097125546471254,0.0099933799356222,0.7732157707214355,0.9999955892562866,-1.1313122630418957,0.6243067038850416,-0.0515534728765487,0.999991536140442,0.9999992847442628,-0.8753801353694243,0.872528856716118,0.0529330447316169,0.999987006187439,0.9999994039535522,-0.5138456912952428,-0.7703701978399736,-0.3503941595554352,0.9989908933639526,0.9999982118606568,-0.671085200104731,-0.7935633391975622,-0.168856143951416,0.991149127483368,0.9999977350234984,-0.18005548761558904,-0.7088887428521257,-0.177966222167015,0.9966148138046264,0.999984622001648,-0.5936030788118196,-0.7962418727177407,-0.0479359924793243,0.9820910692214966,0.9999933242797852,-0.1295885467088969,-0.7274773269716981,-0.1552956700325012,0.9769989252090454,0.9999457597732544,-0.2890118323865775,-0.6330848363396516,-0.0732571110129356,0.9630946516990662,0.99998939037323,-0.04707975132804608,-0.8262766681551775,-0.1968358159065246,0.9965484738349916,0.999841570854187,-0.18635265079507138,-0.6289793913381113,-0.0988449603319168,0.985306680202484,0.9999058246612548,mediapipe,mediapipe,mediapipe,mediapipe,mediapipe,mediapipe,mediapipe,mediapipe,movenet,movenet,mediapipe,mediapipe,mediapipe,mediapipe,mediapipe,mediapipe,mediapipe,mediapipe
320,6.4,-0.5640726788173787,-0.07643800481356423,-0.2311155050992965,0.9999743700027466,0.999986171722412,0.0013855689903721,-0.5930873155593872,-0.246582806110382,0.9999804496765136,0.9999842643737792,0.22241462120006264,-0.6655700479198697,-0.201068639755249,0.9999964237213136,0.9999984502792358,-0.22241462120006264,0.6655700479198658,0.1046307161450386,0.9999575018882751,0.9999924898147584,0.8397776482401433,0.04530444430813796,-0.2466165125370025,0.9991556406021118,0.999969244003296,0.3329975610043485,0.7790495136453148,0.1108502671122551,0.5875696539878845,0.9999611377716064,-0.022382295167343115,0.2024771505079108,-0.181115910410881,0.9975669384002686,0.9999942779541016,-0.7112431126173494,-0.5124309279516492,0.0089666256681084,0.7575414180755615,0.99998676776886,-1.0778561409147394,0.5965210788648048,-0.0517539493739604,0.9999911189079284,0.9999992847442628,-0.8284726728268076,0.8431814890238356,0.0531122907996177,0.9999863505363464,0.9999992847442628,-0.48605139675376935,-0.7761438456448719,-0.3492146730422973,0.998965322971344,0.999997854232788,-0.6503780710859236,-0.7979004978540761,-0.1665091216564178,0.9905890226364136,0.9999970197677612,-0.13285081937333318,-0.728741465653145,-0.1750381141901016,0.9966046810150146,0.9999817609786988,-0.5635633709277048,-0.8054040733234686,-0.0394895859062671,0.9816030263900756,0.9999921321868896,-0.07882618243975847,-0.7480257415518282,-0.1521900743246078,0.9770597219467164,0.999935746192932,-0.24975704359579343,-0.64274192779058,-0.0642130970954895,0.9624376893043518,0.9999881982803344,0.007945455566731605,-0.8436843091982505,-0.1919890940189361,0.996525228023529,0.9998018145561218,-0.15312766360699392,-0.6366303664076071,-0.0880232006311416,0.9848722815513612,0.9998883008956908,mediapipe,mediapipe,mediapipe,mediapipe,mediapipe,movenet,mediapipe,mediapipe,movenet,movenet,mediapipe,mediapipe,mediapipe,mediapipe,mediapipe,mediapipe,mediapipe,mediapipe
321,6.42,-0.508492384208958,0.07329276013905628,-0.2324643433094024,0.9999744296073914,0.9999946355819702,-0.0047357589937746,-0.5925388932228088,-0.2461155503988266,0.9999802708625792,0.9999927282333374,0.3433095473455626,-0.6959347445720816,-0.2007444351911544,0.999996304512024,0.9999986886978148,-0.3433095473455626,0.6959347445720776,0.1046264246106147,0.9999566078186036,0.999994158744812,0.9008694577290214,0.03578931598673972,-0.2466052621603012,0.9991037249565125,0.9999713897705078,0.3567333948036592,0.7738274501772651,0.1105473339557647,0.5723165273666382,0.9999673366546632,0.013028067685309805,0.19839161709029315,-0.1817595511674881,0.997339963912964,0.9999947547912598,-0.6877113554786275,-0.5155089798552726,0.0069873048923909,0.7493505477905273,0.9999902248382568,-1.0219873289794226,0.5674670207396065,-0.052075657993555,0.9999906420707704,0.9999991655349731,-0.7795942396141384,0.8116002799604162,0.0534396208822727,0.999985694885254,0.9999992847442628,-0.4558986918068794,-0.7853807884830868,-0.3465803563594818,0.9989068508148192,0.999997854232788,-0.6252985782347782,-0.796948117037899,-0.1577553451061248,0.9897420406341552,0.9999970197677612,-0.09294386792575482,-0.7469579422614538,-0.1750251948833465,0.9965506196022034,0.9999815225601196,-0.5326693813892909,-0.8119579916839857,-0.0246865469962358,0.9806904792785645,0.9999923706054688,-0.03813795272073848,-0.7656723063829498,-0.1521887630224228,0.9770434498786926,0.9999346733093262,-0.20965200264504225,-0.6510294774827611,-0.0489332675933837,0.961198091506958,0.9999886751174928,0.0511712732560261,-0.8614944152159822,-0.1920405328273773,0.996486246585846,0.9997944235801696,-0.10987839504262237,-0.6347000935610491,-0.0729720965027809,0.984175741672516,0.9998983144760132,mediapipe,mediapipe,mediapipe,mediapipe,mediapipe,movenet,mediapipe,mediapipe,movenet,movenet,mediapipe,mediapipe,mediapipe,mediapipe,mediapipe,mediapipe,mediapipe,mediapipe
322,6.44,-0.7192404228875279,0.22854167429314284,-0.2331577092409134,0.9999721050262452,0.9999884366989136,-0.0199159178882837,-0.5904707908630371,-0.2517608404159546,0.9999790787696838,0.9999876022338868,0.1366226279044299,-0.711232616806005,-0.2063708752393722,0.9999961853027344,0.9999986886978148,-0.1366226279044299,0.7112326168060011,0.1044579446315765,0.9999547004699708,0.9999936819076538,0.9772177601081768,0.024962399906121494,-0.2517603635787964,0.9990751147270204,0.9999746084213256,0.3869811913118493,0.7657705857887158,0.1113884150981903,0.5512576103210449,0.9999635219573976,0.05893148964091512,0.19259661638491202,-0.1821375638246536,0.9971798062324524,0.9999951124191284,-0.653601276025761,-0.5172200438301395,0.0084534417837858,0.734542191028595,0.9999885559082032,-0.9393741697209254,0.5242023341840556,-0.0523175671696662,0.9999902248382568,0.9999991655349731,-0.7062770803576107,0.7626035016105515,0.0536363534629344,0.9999849200248718,0.9999992847442628,-0.42171102535098315,-0.8006099468296954,-0.346977025270462,0.9989265203475952,0.9999982118606568,-0.6008914361903837,-0.8038977087172919,-0.156762033700943,0.9895118474960328,0.99999737739563,-0.030662024810272557,-0.7850039735019885,-0.1779381334781646,0.9966822266578674,0.9999868869781494,-0.4893464929520221,-0.8308330257479456,-0.0221796669065952,0.9808165431022644,0.9999934434890748,0.025231142261458558,-0.8032994588437015,-0.1555871367454528,0.9778422713279724,0.9999538660049438,-0.15312044325650684,-0.6725511488957407,-0.0462677776813507,0.96141517162323,0.999990463256836,0.11630316876392037,-0.8901496936544492,-0.1965492963790893,0.996618151664734,0.9998606443405152,-0.0492312825323598,-0.6559524683497335,-0.0705536156892776,0.9842865467071532,0.9999186992645264,mediapipe,mediapipe,mediapipe,mediapipe,mediapipe,movenet,mediapipe,mediapipe,movenet,movenet,mediapipe,mediapipe,mediapipe,mediapipe,mediapipe,mediapipe,mediapipe,mediapipe
323,6.46,-0.7973520301534517,0.4654813861399764,-0.2373610585927963,0.9999679327011108,0.999984860420227,-0.0320937596261501,-0.5854206681251526,-0.2605974078178406,0.9999762773513794,0.999983549118042,0.14425025253097873,-0.642612298492659,-0.2152842581272125,0.9999959468841552,0.9999983310699464,-0.14425025253097873,0.6426122984926551,0.1005088835954666,0.9999524354934692,0.9999936819076538,1.041743843933777,0.020302897176109294,-0.2618187963962555,0.9989457726478576,0.999962568283081,0.415125682701041,0.7576927350959684,0.1082934290170669,0.5216847062110901,0.9999576807022096,0.0979613439763901,0.18642856010352798,-0.1889387220144271,0.9965353608131408,0.9999920129776,-0.6206967374506183,-0.5240193750088841,0.0013933044392615,0.7081491351127625,0.9999865293502808,-0.861899688973933,0.4823987182979815,-0.0523919612169265,0.9999896287918092,0.9999991655349731,-0.6372750485033268,0.7158167891911726,0.053697433322668,0.9999839067459106,0.9999992847442628,-0.38234046505058,-0.793220440001751,-0.3470089137554168,0.9988523721694946,0.9999982118606568,-0.5717351373072836,-0.8089567797953761,-0.1567519009113311,0.9880518913269044,0.999997615814209,0.02502134482978884,-0.7915255897438592,-0.1748167425394058,0.9965524077415466,0.9999868869781494,-0.4458021578536952,-0.8359451403345328,-0.0126167805865406,0.9790151715278624,0.9999935626983644,0.08116344320668005,-0.80897585130267,-0.151922270655632,0.977241575717926,0.9999552965164183,-0.09554120789113935,-0.6787151608265578,-0.035383827984333,0.9583919048309326,0.9999910593032836,0.1741603284134394,-0.8782373288294066,-0.1927452236413955,0.996504008769989,0.999881148338318,0.012400060927797421,-0.6651347851770004,-0.0601717121899127,0.982969045639038,0.9999327659606934,mediapipe,mediapipe,mediapipe,mediapipe,mediapipe,movenet,mediapipe,mediapipe,movenet,movenet,mediapipe,mediapipe,mediapipe,mediapipe,mediapipe,mediapipe,mediapipe,mediapipe
324,6.48,-0.8901152339308206,0.6567524377613029,-0.2411265671253204,0.9999566674232484,0.9999715089797974,-0.0430325008928775,-0.5785438418388367,-0.2646533846855163,0.9999687671661376,0.999969244003296,0.2792168223009191,-0.6091567428492568,-0.2191198021173477,0.9999953508377076,0.9999971389770508,-0.2792168223009191,0.6091567428492529,0.0971410498023033,0.9999464750289916,0.9999887943267822,1.1151774222304813,0.0012439516672165627,-0.2705201804637909,0.998708963394165,0.9999450445175172,0.44827106737412,0.7542932566388723,0.103360615670681,0.4875692427158355,0.9999278783798218,0.14001407792037257,0.1736194560858521,-0.2007724493741989,0.9952041506767272,0.9999865293502808,-0.5852808613731294,-0.5326418185095212,-0.0088838143274188,0.6663815975189209,0.999969244003296,-0.7704305022404387,0.4326909858154184,-0.0523723252117633,0.999988853931427,0.9999990463256836,-0.5575027755096192,0.6595432232489953,0.053682554513216,0.9999825954437256,0.9999991655349731,-0.3360013545561254,-0.8250504672933751,-0.3489130735397339,0.9987626671791076,0.9999980926513672,-0.5358906429823235,-0.8334332388767258,-0.1591369658708572,0.986593782901764,0.99999737739563,0.08442273697184516,-0.8446375152074136,-0.1751241236925125,0.9964383840560912,0.9999855756759644,-0.39800096529057255,-0.8736268352629699,-0.0124663701280951,0.9773864150047302,0.9999922513961792,0.14147950355075897,-0.8603122940694595,-0.1521289497613906,0.9766733050346376,0.9999508857727052,-0.03300427654611092,-0.7211193988425926,-0.0347292236983776,0.9556924700737,0.99998939037323,0.23763974432595814,-0.9160219940515115,-0.1938803642988205,0.9963783025741576,0.9998630285263062,0.07783323427283213,-0.7079597857014177,-0.0603920444846153,0.9815579056739808,0.9999184608459472,mediapipe,mediapipe,mediapipe,mediapipe,mediapipe,movenet,mediapipe,mediapipe,movenet,movenet,mediapipe,mediapipe,mediapipe,mediapipe,mediapipe,mediapipe,mediapipe,mediapipe
325,6.5,-0.9318116939772771,0.8506817173089881,-0.2469648271799087,0.999951958656311,0.999982476234436,-0.0577494204044342,-0.5737113952636719,-0.2682608067989349,0.9999653100967408,0.9999790191650392,0.391281525395309,-0.6839208979782333,-0.2235987186431884,0.999994933605194,0.9999974966049194,-0.391281525395309,0.6839208979782435,0.0951264798641204,0.9999442100524902,0.9999927282333374,1.180140991167538,-0.022759442176206898,-0.276822954416275,0.9985087513923644,0.9999369382858276,0.487458714585052,0.7399158865240772,0.1007353886961937,0.4614454209804535,0.9999445676803588,0.18675493804518467,0.1624281751796373,-0.2097610235214233,0.9938805103302002,0.9999812841415404,-0.546981248610083,-0.5410628431534235,-0.0198641791939735,0.6406917572021484,0.9999796152114868,-0.6658438962705366,0.3744496117176402,-0.0524742826819419,0.9999881982803344,0.999998927116394,-0.46743689248819603,0.5942027514569143,0.0538165979087352,0.9999818205833436,0.9999992847442628,-0.2703997474469808,-0.8443241573118239,-0.348962128162384,0.9987114071846008,0.9999977350234984,-0.49413702925514774,-0.8435528009549802,-0.1591550558805465,0.9858046174049376,0.999997615814209,0.13302484623789407,-0.8720353043989214,-0.1700773239135742,0.9963376522064208,0.999983549118042,-0.34611570093661204,-0.8803597432612018,-0.0023399663623422,0.9767069220542908,0.999991536140442,0.18642987654337537,-0.8847076588175664,-0.1458719223737716,0.9760006070137024,0.9999462366104126,0.03278865445724955,-0.7278034055469478,-0.023206491023302,0.954258143901825,0.9999886751174928,0.28349281243666014,-0.9086369935923552,-0.1883220672607422,0.9962642788887024,0.9998569488525392,0.1465165006500834,-0.7075970217843486,-0.0505961291491985,0.9808753132820128,0.9999126195907592,mediapipe,mediapipe,mediapipe,mediapipe,mediapipe,movenet,mediapipe,mediapipe,movenet,movenet,mediapipe,mediapipe,mediapipe,mediapipe,mediapipe,mediapipe,mediapipe,mediapipe
326,6.52,-1.0756104818473695,0.9965277084799155,-0.2583835422992706,0.9999533295631408,0.9999942779541016,-0.0677235275506973,-0.5666355490684509,-0.2777472138404846,0.9999663829803468,0.9999927282333374,0.49169507317662947,-0.7567085768321264,-0.2314283847808838,0.999994933605194,0.9999988079071044,-0.49169507317662947,0.7567085768321226,0.0895328521728515,0.99994558095932,0.999996781349182,1.236096439006842,-0.040661078586910565,-0.2819755971431732,0.9983936548233032,0.9999598264694214,0.5106784471430796,0.740606246454344,0.0953429490327835,0.4400008618831634,0.999967098236084,0.21815080560373984,0.15259262122872697,-0.2152113765478134,0.9930931329727172,0.9999887943267822,-0.5254719371555414,-0.5518686685880722,-0.0320626571774482,0.6241698861122131,0.9999878406524658,-0.5971005112708647,0.335322881656113,-0.0525618195533752,0.9999876618385316,0.9999990463256836,-0.40941237781188056,0.5511145353413095,0.0539281778037548,0.9999812245368958,0.9999992847442628,-0.23418998002736877,-0.828637140606358,-0.3489772975444793,0.9986468553543092,0.9999977350234984,-0.47714426904227125,-0.8177098692933338,-0.1561934798955917,0.9846150875091552,0.999997615814209,0.08430705101535561,-0.826193394827043,-0.1700510829687118,0.9961764216423036,0.9999822378158568,-0.31892503412307005,-0.8180030007800606,-0.000106807485281,0.9754796624183656,0.999990701675415,0.12150803034887477,-0.8323272276112899,-0.1458224952220916,0.9753437042236328,0.9999396800994872,0.06914661858418712,-0.6582143705996082,-0.0213848240673542,0.9519667029380798,0.9999866485595704,0.19597965841483186,-0.8628379764832067,-0.1884874254465103,0.9961278438568116,0.9998503923416138,0.18209674807814877,-0.6462758075702145,-0.0509332790970802,0.9799309372901917,0.9999104738235474,mediapipe,mediapipe,mediapipe,mediapipe,mediapipe,movenet,mediapipe,mediapipe,movenet,movenet,mediapipe,mediapipe,mediapipe,mediapipe,mediapipe,mediapipe,mediapipe,mediapipe
327,6.54,-1.0663661332687087,1.253444697391727,-0.260446697473526,0.9999547600746156,0.9999954700469972,-0.0754022821784019,-0.5609405040740967,-0.2770993113517761,0.999967873096466,0.9999953508377076,0.5940796540065068,-0.7452257232318156,-0.2299388796091079,0.9999950528144836,0.9999991655349731,-0.5940796540065068,0.7452257232318117,0.0898984521627426,0.99994695186615,0.9999970197677612,1.292522448867474,-0.05884964933192246,-0.2783638536930084,0.998390018939972,0.9999736547470092,0.5287498700962496,0.7321422884749786,0.0989978909492492,0.4229620099067688,0.9999655485153198,0.2502065913553848,0.1506597104814291,-0.212462767958641,0.9931330680847168,0.999993085861206,-0.4930472654370293,-0.5612717590537272,-0.0247445292770862,0.6178544759750366,0.9999901056289672,-0.5424265572103059,0.3028952499802335,-0.0525722727179527,0.9999871850013732,0.9999990463256836,-0.3627204024815631,0.5168402848338907,0.0539391338825225,0.9999803900718688,0.9999992847442628,-0.2000293698947955,-0.8437480886791437,-0.3572070598602295,0.9986486434936525,0.9999983310699464,-0.4564193044814476,-0.82247962461394,-0.1658858805894851,0.9845779538154602,0.999997854232788,0.09610984939712108,-0.8331008071817065,-0.1744588911533355,0.99617999792099,0.9999871253967284,-0.2864440531866569,-0.8257097905687069,-0.0009562444756738,0.9752140641212464,0.9999921321868896,0.12862835261747738,-0.8365677096696257,-0.1497899144887924,0.9755244851112366,0.9999566078186036,0.11010097096190953,-0.6669404867723878,-0.0232566073536872,0.9509704113006592,0.9999889135360718,0.21074747287812867,-0.8566057896584999,-0.1939526051282882,0.996161937713623,0.9998781681060792,0.24127112051840718,-0.6395891503919562,-0.0520553402602672,0.97981059551239,0.9999221563339232,mediapipe,mediapipe,mediapipe,mediapipe,mediapipe,movenet,mediapipe,mediapipe,movenet,movenet,mediapipe,mediapipe,mediapipe,mediapipe,mediapipe,mediapipe,mediapipe,mediapipe
328,6.56,-1.1606744181717614,1.355331083786229,-0.2742645740509033,0.9999576807022096,0.9999980926513672,-0.0837637856602668,-0.5502442121505737,-0.2895127534866333,0.9999700784683228,0.9999977350234984,0.6564489348150986,-0.6904451159078323,-0.2391808182001114,0.9999952912330629,0.9999995231628418,-0.6564489348150986,0.6904451159078283,0.0805301442742347,0.9999496936798096,0.9999984502792358,1.3659876265253539,-0.06674348697616218,-0.2806580066680908,0.9983448386192322,0.9999781847000122,0.5568297208488812,0.7199603912297005,0.0890370607376098,0.4047921299934387,0.9999738931655884,0.28901457511366324,0.14904342895291092,-0.2125167548656463,0.9928139448165894,0.9999938011169434,-0.46114490307600914,-0.5742209949861979,-0.0378232076764106,0.6074314117431641,0.9999914169311525,-0.4608980720880369,0.2550471122784349,-0.0525822080671787,0.9999869465827942,0.9999992847442628,-0.2938220636657233,0.46375927302207876,0.0539604090154171,0.9999800324440002,0.9999994039535522,-0.16134646049387397,-0.8483608114438586,-0.3593374192714691,0.9985843896865844,0.9999984502792358,-0.43320147331475195,-0.8268520745561201,-0.1658988744020462,0.983694314956665,0.9999982118606568,0.11148627402479665,-0.8358794204481598,-0.1742403209209442,0.995832622051239,0.9999871253967284,-0.24344299733938732,-0.8125829629131205,-0.0020382159855216,0.9740379452705384,0.9999923706054688,0.13857958991723288,-0.8376417324757343,-0.1492562592029571,0.9739912152290344,0.999956488609314,0.16415364935516832,-0.6503254557392733,-0.0238930191844701,0.948437750339508,0.9999889135360718,0.2130343540239802,-0.8562085522102416,-0.1932501941919326,0.9959030151367188,0.9998927116394044,0.292122853241816,-0.6268082039306229,-0.0531751401722431,0.979026198387146,0.9999277591705322,mediapipe,mediapipe,mediapipe,mediapipe,mediapipe,movenet,mediapipe,mediapipe,movenet,movenet,mediapipe,mediapipe,mediapipe,mediapipe,mediapipe,mediapipe,mediapipe,mediapipe
329,6.58,-1.2636358510338241,1.3136351229673315,-0.2757183611392975,0.99996018409729,0.9999974966049194,-0.1050599664449691,-0.5427680611610413,-0.2921401858329773,0.99997216463089,0.9999972581863404,0.6177628251872972,-0.837035100158948,-0.2415169924497604,0.9999954700469972,0.9999995231628418,-0.6177628251872972,0.8370351001589441,0.0803267210721969,0.999951720237732,0.9999983310699464,1.495952786393868,-0.1029148344981615,-0.2793833017349243,0.9983561635017396,0.99997878074646,0.6155137438214793,0.7107799893221022,0.0895106941461563,0.3874998092651367,0.999969720840454,0.35752709794281035,0.13324434531700222,-0.210924431681633,0.9928312301635742,0.9999951124191284,1.2758921129332836,1.4844335942774292,-0.0360052585601806,0.5964989066123962,0.9999910593032836,-0.3002415096900503,0.1584505054149835,-0.0526167228817939,0.9999863505363464,0.999998927116394,-0.15442412538328004,0.3521035582877081,0.0540000014007091,0.9999789595603944,0.9999992847442628,-0.06662381493007688,-0.8979500533093967,-0.3590890169143677,0.9985995292663574,0.9999984502792358,-0.38153832882279143,-0.8587129481830175,-0.1659157574176788,0.9835647344589232,0.9999982118606568,0.17373742223879227,-0.8978119092652057,-0.171127587556839,0.9958325624465942,0.999985694885254,-0.16053137374274432,-0.871483459181728,-0.0004304804606363,0.9738314151763916,0.999991774559021,0.19776332166558822,-0.9002650316085712,-0.145446166396141,0.9742062091827391,0.9999512434005736,0.27334276876371455,-0.7161042952840098,-0.0214553941041231,0.947739839553833,0.999988317489624,0.24825601326091512,-0.9279199606275218,-0.1888329684734344,0.9959150552749634,0.9998838901519777,0.4033503111954028,-0.693221459766759,-0.0510157197713851,0.9788769483566284,0.9999253749847412,mediapipe,mediapipe,mediapipe,mediapipe,mediapipe,movenet,mediapipe,movenet,movenet,movenet,mediapipe,mediapipe,mediapipe,mediapipe,mediapipe,mediapipe,mediapipe,mediapipe
330,6.6,-1.212517781499941,1.2808417438811797,-0.2986049354076385,0.9999587535858154,0.9999920129776,-0.111812800168991,-0.537674069404602,-0.3101493120193481,0.9999716877937316,0.9999923706054688,0.6523951857010825,-0.7516435204970537,-0.2567198574542999,0.9999955296516418,0.9999991655349731,-0.6523951857010825,0.7516435204970499,0.065454214811325,0.9999508857727052,0.999996304512024,1.5606016350265663,-0.1274610619027126,-0.2863302230834961,0.9982337355613708,0.9999641180038452,0.6372863375659087,0.7030334149960881,0.0797287374734878,0.3591158390045166,0.9999427795410156,0.39733068041076514,0.12249953190265853,-0.2144070863723755,0.9921422004699708,0.999992847442627,0.011478714757205535,-0.012921436608350363,-0.052843939512968,0.5654124617576599,0.999981164932251,-0.23786195679918898,0.1194276001275393,-0.0528484471142292,0.9999854564666748,0.9999990463256836,-0.10212076110223318,0.3095721451747147,0.0542563870549202,0.9999767541885376,0.9999991655349731,-0.03272234673797479,-0.8522104844672975,-0.3507734835147857,0.99850332736969,0.9999982118606568,-0.3709914219947732,-0.7560055547294836,-0.1391290128231048,0.979621648788452,0.9999971389770508,0.20393845251082518,-0.8175074418929534,-0.1596186012029647,0.9956700801849364,0.9999884366989136,-0.13559767226683123,-0.8292890591202619,0.041188932955265,0.970559298992157,0.9999924898147584,0.2281934572771363,-0.8098785722588645,-0.1333065778017044,0.9735066294670104,0.999962329864502,0.3038170962983071,-0.6790870500869989,0.0226814486086368,0.9419755339622498,0.999990940093994,0.2808667622805434,-0.8124662634472472,-0.1766379326581955,0.9957491159439088,0.9998993873596193,0.4308746745033318,-0.6622984044318164,-0.0061733992770314,0.9763602614402772,0.9999428987503052,mediapipe,mediapipe,mediapipe,mediapipe,mediapipe,movenet,mediapipe,gpr,movenet,movenet,mediapipe,mediapipe,mediapipe,mediapipe,mediapipe,mediapipe,mediapipe,mediapipe
331,6.62,-1.4082275500043486,1.3084759427265908,-0.3039886057376861,0.9999576807022096,0.9999914169311525,-0.1276202499866485,-0.5345853567123413,-0.3127664625644684,0.9999718070030212,0.999991774559021,0.5746469373353434,-0.6475766706668579,-0.2573063671588897,0.9999954700469972,0.999998927116394,-0.5746469373353434,0.647576670666854,0.0659365132451057,0.9999499917030334,0.9999966621398926,1.6608452630706092,-0.15164780430480027,-0.2842828333377838,0.9980673789978028,0.999948501586914,0.6711334295885977,0.6913284507327848,0.0804312974214553,0.3303912580013275,0.9999349117279052,0.44643786907602767,0.1169649770929245,-0.2114351689815521,0.9908939003944396,0.99998676776886,-0.4515670305605339,-0.31585734113940045,-0.0500790812075138,0.5350391268730164,0.9999799728393556,-0.14552311060299222,0.06074727807160595,-0.053070779889822,0.9999839067459106,0.9999984502792358,-0.023887122463396665,0.24445825984688102,0.0544482953846454,0.9999738931655884,0.999998927116394,0.03138550698289514,-0.8844872893431912,-0.3525328934192657,0.9985083937644958,0.9999979734420776,-0.3291482164924831,-0.7839288020182091,-0.1406098753213882,0.979154407978058,0.999997615814209,0.269563243147126,-0.8527609734674783,-0.1620477735996246,0.995749533176422,0.9999853372573853,-0.07321540166427895,-0.8602949719343204,0.0358364321291446,0.970306932926178,0.9999921321868896,0.29230548327437506,-0.8450869978405094,-0.1361908912658691,0.9740734100341796,0.9999476671218872,0.38047911267857737,-0.7129789893024728,0.0159375201910734,0.9411823153495787,0.9999885559082032,0.30782444699023187,-0.8734951593468417,-0.1841589361429214,0.9957984685897828,0.9998639822006226,0.49781101364481345,-0.7094881689236149,-0.0109185390174388,0.9760687947273254,0.9999268054962158,mediapipe,mediapipe,mediapipe,mediapipe,mediapipe,movenet,mediapipe,gpr,movenet,movenet,mediapipe,mediapipe,mediapipe,mediapipe,mediapipe,mediapipe,mediapipe,mediapipe
332,6.64,-1.4364766437005412,1.5323114747884945,-0.3354039788246155,0.999958872795105,0.9999966621398926,-0.1377568393945694,-0.5139998197555542,-0.3450866341590881,0.9999731779098512,0.9999971389770508,0.5469114595616154,-0.03756569054848643,-0.2800944149494171,0.9999955296516418,0.9999995231628418,-0.5469114595616154,0.03756569054848252,0.0432912334799766,0.9999504685401917,0.9999980926513672,1.7529121281578939,-0.1882693953443294,-0.2960058748722076,0.9980452060699464,0.999969482421875,0.7109986281463823,0.6761782807419324,0.0814143940806388,0.3055524528026581,0.9999576807022096,0.4916171488048703,0.1119231972897942,-0.2172285914421081,0.99061381816864,0.9999918937683104,-0.28875079333165016,-0.5955389851085138,-0.0148933138698339,0.5075109601020813,0.9999853372573853,-0.036928094743526825,-0.008771869965328317,-0.0532229579985141,0.9999833703041076,0.9999991655349731,0.06828560169721351,0.1643466786341037,0.0545205324888229,0.999972403049469,0.9999992847442628,0.07794308893011342,-0.8196841709627721,-0.3471949398517608,0.9985315799713136,0.9999983310699464,-0.31704587396091405,-0.7590271742760436,-0.1334715187549591,0.9788472652435304,0.9999979734420776,0.3261941918935637,-0.7309272435891511,-0.1615882068872451,0.9959306716918944,0.9999886751174928,-0.03982384032916409,-0.898056837445475,0.0448490940034389,0.9704753756523132,0.9999947547912598,0.34940451011459905,-0.7122784548467105,-0.1363109946250915,0.9748351573944092,0.9999597072601318,0.42325110773877767,-0.758244514820347,0.0272027868777513,0.9405716061592102,0.9999929666519164,0.3675609577866488,-0.6961589925845391,-0.1842427104711532,0.9959563612937928,0.9998860359191896,0.5400121332082352,-0.7575951282488153,-0.0009738170774653,0.9761960506439208,0.9999531507492064,mediapipe,mediapipe,mediapipe,mediapipe,mediapipe,movenet,mediapipe,gpr,movenet,movenet,mediapipe,mediapipe,mediapipe,mediapipe,mediapipe,mediapipe,mediapipe,mediapipe
333,6.66,-1.8121599869584273,1.4998296566540428,-0.3287781178951263,0.9999600648880004,0.9999940395355223,-0.1527966558933258,-0.5076999068260193,-0.3487241268157959,0.9999744296073914,0.9999945163726808,0.38527622111940835,0.07570954085946299,-0.285674899816513,0.9999956488609314,0.9999995231628418,-0.38527622111940835,-0.07570954085945225,0.0386989302933216,0.9999523758888244,0.999998927116394,1.8131185168339756,-0.2237092667055114,-0.2942801117897033,0.9980471134185792,0.9999706745147704,0.7386794684829551,0.6654394276248452,0.0777413770556449,0.2845273017883301,0.999974250793457,0.533479081181419,0.10676362700319475,-0.2136077582836151,0.9902676343917848,0.9999903440475464,-0.279966051526705,-0.6889020735970642,-0.0230716690421104,0.4956104755401611,0.999990940093994,0.03662067787519213,-0.0573591018942351,-0.0537890493869781,0.9999828934669496,0.999998927116394,0.13056043823788088,0.10954205189144581,0.0550247207283973,0.9999713897705078,0.9999992847442628,0.11245546712183714,-0.8048836527174733,-0.3188276588916778,0.9985764026641846,0.9999977350234984,-0.28832856002918494,-0.7671108080179473,-0.1211315095424652,0.977641463279724,0.9999977350234984,0.3629687005192834,-0.7357487598551656,-0.1269262582063675,0.9960464239120485,0.9999830722808838,0.005266179316543156,-0.9030184034222426,0.0545209124684333,0.969074010848999,0.999990940093994,0.3855480336068108,-0.7167877434026646,-0.100976824760437,0.9754830002784728,0.9999423027038574,0.4797807189065978,-0.7629934675868053,0.03605817258358,0.9375216364860536,0.9999876022338868,0.3826545403286409,-0.6962827584722614,-0.1405882835388183,0.9960355162620544,0.9998568296432496,0.5877887082372827,-0.7631525095509758,0.0113074090331792,0.9753937125205994,0.9999284744262696,mediapipe,mediapipe,mediapipe,mediapipe,mediapipe,movenet,mediapipe,gpr,movenet,movenet,mediapipe,mediapipe,mediapipe,mediapipe,mediapipe,mediapipe,mediapipe,mediapipe
334,6.68,-1.8802805310033424,1.7393709454589885,-0.3265743851661682,0.999955415725708,0.9999853372573853,-0.1677065640687942,-0.4971465468406677,-0.3504546880722046,0.9999732971191406,0.9999899864196776,0.44425281670485456,-0.14687144336151353,-0.2860720753669739,0.9999955296516418,0.9999991655349731,-0.44425281670485456,0.14687144336150962,0.0327836424112319,0.99994957447052,0.9999970197677612,1.8977049034156068,-0.27153730707609813,-0.2951742112636566,0.9977928400039672,0.9999533891677856,0.7774733098106126,0.6429315037933003,0.0696548447012901,0.2594693303108215,0.9999290704727172,0.5929329650850601,0.09862904395401237,-0.2123726904392242,0.9878021478652954,0.9999845027923584,-0.2359261163622363,-0.6699192684287055,-0.0275675021111965,0.4551186561584472,0.9999597072601318,0.15061549321943815,-0.1334770009430648,-0.0539060458540916,0.9999821186065674,0.999998927116394,0.22870297003404166,0.02004241005656344,0.0551395341753959,0.9999688267707824,0.9999991655349731,0.1758315440326832,-0.8675720503920927,-0.3224965631961822,0.9986083507537842,0.9999983310699464,-0.2447880773751682,-0.7858090474113496,-0.1124680191278457,0.9746881127357484,0.9999972581863404,0.44250326535747264,-0.8019345691241915,-0.1318103373050689,0.9961395859718324,0.9999849796295166,0.07158439194304894,-0.9421119682543709,0.0664795935153961,0.96609628200531,0.9999898672103882,0.4671069586319017,-0.7817381452703989,-0.1060584932565689,0.9760342836380004,0.999943733215332,0.5651268974530655,-0.8039364806433911,0.047915268689394,0.932399332523346,0.99998676776886,0.4678545904253084,-0.7681858065905797,-0.1443424224853515,0.9960641264915466,0.999840259552002,0.6642249468960404,-0.8265172055261523,0.0249779261648654,0.9729893803596495,0.9999223947525024,mediapipe,mediapipe,mediapipe,mediapipe,mediapipe,movenet,mediapipe,gpr,movenet,movenet,mediapipe,mediapipe,mediapipe,mediapipe,mediapipe,mediapipe,mediapipe,mediapipe
335,6.7,-1.9873273773222093,1.664854960781245,-0.3347893953323364,0.9999542236328124,0.9999938011169434,-0.1731461584568023,-0.4908359050750732,-0.3587218523025512,0.999973475933075,0.9999949932098388,0.3952072760054985,0.05337247433761081,-0.2886200845241546,0.9999953508377076,0.9999992847442628,-0.3952072760054985,-0.05337247433760006,0.0269316472113132,0.9999484419822692,0.9999979734420776,1.9545983770368442,-0.3132991355687289,-0.2932993471622467,0.9974163174629213,0.9999489784240724,0.805294531585022,0.6250559156217794,0.0681596100330352,0.2360670119524002,0.9999316930770874,0.6372588595548059,0.0820301097888284,-0.1926044970750808,0.9844053983688354,0.9999847412109376,-0.194850233848134,-0.6386176363510927,-0.0260234549641609,0.4179167747497558,0.999967098236084,0.23348607407571462,-0.19125188120461312,-0.0539665780961513,0.9999812841415404,0.999998927116394,0.29918597903697297,-0.04443948714119273,0.055187489837408,0.999966323375702,0.9999992847442628,0.22121448206726455,-0.9127403000709541,-0.3250043094158172,0.9986847639083862,0.9999988079071044,-0.21439287030199602,-0.8049094495619017,-0.108179748058319,0.9733651280403136,0.9999983310699464,0.48680238299992223,-0.8499498607071622,-0.137069895863533,0.9963916540145874,0.999992609024048,0.1118954719596792,-0.9881674347129553,0.0814420208334922,0.965768039226532,0.9999953508377076,0.5063426466615815,-0.8281303169846267,-0.1124805212020874,0.9773401618003844,0.9999724626541138,0.6148586608449778,-0.8631838561236952,0.0647744163870811,0.931160807609558,0.9999939203262328,0.47953222259097433,-0.8198236013546926,-0.1560389101505279,0.996286153793335,0.999915599822998,0.713393472791779,-0.9077443449793606,0.0466259196400642,0.9728010296821594,0.9999641180038452,mediapipe,mediapipe,mediapipe,mediapipe,mediapipe,movenet,mediapipe,gpr,movenet,movenet,mediapipe,mediapipe,mediapipe,mediapipe,mediapipe,mediapipe,mediapipe,mediapipe
336,6.72,-2.3134919399562857,1.6529154725152635,-0.3309456408023834,0.9999556541442872,0.9999945163726808,-0.1951771676540374,-0.4840340912342071,-0.3599194884300232,0.9999749064445496,0.9999955892562866,0.2473998115059337,0.038052517970925716,-0.2894877791404724,0.9999953508377076,0.9999992847442628,-0.2473998115059337,-0.03805251797092962,0.0281344298273324,0.999949276447296,0.9999985694885254,2.003330679894861,-0.3649592885719909,-0.290085881948471,0.9972748756408693,0.9999526739120485,0.8602658168638613,0.6198600553630329,0.0692587196826934,0.2168532907962799,0.9999510049819946,0.6960403124863407,0.0626662559356854,-0.1631003320217132,0.983178436756134,0.9999898672103882,-0.14705848962982526,-0.6612263519537268,-0.0237873643636703,0.3926899433135986,0.999980092048645,0.38171704803652273,-0.29646011760418617,-0.0545769929885864,0.9999799132347108,0.9999979734420776,0.42825157765934385,-0.1671696823074392,0.0557677559554576,0.9999629855155944,0.9999986886978148,0.26545590995853563,-0.958771324364644,-0.3207043707370758,0.998764157295227,0.9999982118606568,-0.1700937958027428,-0.842172351153767,-0.0805712789297103,0.9715639352798462,0.9999972581863404,0.5558930527660384,-0.9191621483695144,-0.1393091231584549,0.996617078781128,0.9999881982803344,0.18539790183730293,-1.070542705958597,0.1093518957495689,0.9648939371109008,0.999990701675415,0.5743477536427539,-0.8982728708129109,-0.114904336631298,0.9786580204963684,0.9999555349349976,0.7085172114197495,-0.9580051839161173,0.0919781476259231,0.929754912853241,0.9999887943267822,0.5162391398972873,-0.8962392297495616,-0.157122254371643,0.9964868426322936,0.9998799562454224,0.7931319948990598,-1.014264168015779,0.0821895152330398,0.9723107814788818,0.9999412298202516,mediapipe,mediapipe,mediapipe,mediapipe,mediapipe,movenet,mediapipe,gpr,movenet,movenet,mediapipe,mediapipe,mediapipe,mediapipe,mediapipe,mediapipe,mediapipe,mediapipe
337,6.74,-2.297293343212983,1.6160922529217423,-0.3456615507602691,0.9999533891677856,0.9999902248382568,-0.210450991988182,-0.4796670079231262,-0.3657541275024414,0.9999743103981018,0.9999908208847046,0.5997672591530739,-0.14923531950937002,-0.29831263422966,0.9999948143959044,0.9999983310699464,-0.5997672591530739,0.14923531950936614,0.0208049211651086,0.9999433755874634,0.9999960660934448,2.029885696179741,-0.4292910203002754,-0.2992554008960724,0.9969558119773864,0.9999138116836548,0.9292478637067905,0.5917680274619407,0.0513265803456306,0.1974486708641052,0.9998899698257446,0.7310683530674004,0.037645332056576816,-0.1804574429988861,0.9801484942436218,0.999976634979248,-0.11155336065809023,-0.7095855134980196,-0.0516743883490562,0.359965056180954,0.9999333620071412,0.56240434500754,-0.42795322788029316,-0.0558585785329341,0.999978005886078,0.9999979734420776,0.586498186417124,-0.3259946387878985,0.0571547374129295,0.9999581575393676,0.9999986886978148,0.3052116394954985,-0.993371864630702,-0.3148218393325805,0.998806655406952,0.9999982118606568,-0.10479381395959457,-0.8387031735515371,-0.0537981390953063,0.9664671421051024,0.9999970197677612,0.5980722039054347,-0.9868820899506262,-0.1380480229854583,0.9967723488807678,0.9999898672103882,0.2500039737649027,-1.12568726083712,0.1455439925193786,0.9634799957275392,0.9999910593032836,0.615774181972772,-0.9605296243711942,-0.1134539619088172,0.9795796871185304,0.9999628067016602,0.7780192714214249,-1.018202182266287,0.1290628612041473,0.9279183149337769,0.9999896287918092,0.5655160713002955,-0.9339777448253944,-0.1546833664178848,0.996604025363922,0.999897003173828,0.8222909496356455,-1.0758714512487826,0.1218175441026687,0.9710860252380372,0.999942660331726,mediapipe,mediapipe,mediapipe,mediapipe,mediapipe,movenet,mediapipe,gpr,movenet,movenet,mediapipe,mediapipe,mediapipe,mediapipe,mediapipe,mediapipe,mediapipe,mediapipe
338,6.76,-2.193427136283523,1.5592976251144492,-0.3569892346858978,0.999950110912323,0.9999878406524658,-0.220553383231163,-0.4732047915458679,-0.3703283071517944,0.9999720454216005,0.9999850988388062,0.5496272512192456,-0.013560615192885447,-0.3026898503303528,0.9999938011169434,0.9999969005584716,-0.5496272512192456,0.013560615192895215,0.00828293338418,0.9999378323554992,0.9999953508377076,2.0556259302782025,-0.5020390335766619,-0.3049453794956207,0.9960428476333618,0.9998430013656616,0.9664976671872386,0.5636095599557757,0.0351453721523284,0.1795652955770492,0.9998725652694702,0.7546360364584516,0.013834112134670519,-0.1937024593353271,0.9726752042770386,0.99994957447052,-0.10535806316964706,-0.6903683666711956,-0.065639890730381,0.3317215740680694,0.9999402761459352,0.6753948629864314,-0.5130801297825606,-0.0560030005872249,0.9999743103981018,0.999996781349182,0.6840819524355579,-0.4274087721235044,0.0573048144578933,0.9999501705169678,0.9999980926513672,0.36025834235045356,-0.9832591667337475,-0.3071007132530212,0.9987337589263916,0.9999966621398926,-0.06807783079515208,-0.8334436254972134,-0.0477512031793594,0.952485740184784,0.9999960660934448,0.6652575289755401,-0.9506096463724062,-0.1377437114715576,0.9967072010040284,0.9999853372573853,0.29231849154288114,-1.1501768822044738,0.1406634002923965,0.956759750843048,0.9999876022338868,0.683187695544435,-0.9074388583776812,-0.1134708970785141,0.9795821905136108,0.999947190284729,0.8269802965746149,-1.0423584056444033,0.123068630695343,0.9188815951347352,0.9999853372573853,0.6480950889133694,-0.827615988685556,-0.1534497588872909,0.9964563846588136,0.9998691082000732,0.8652035640071751,-1.1077785829549556,0.1141219809651374,0.9659361839294434,0.9999330043792723,mediapipe,mediapipe,mediapipe,mediapipe,mediapipe,movenet,mediapipe,gpr,movenet,movenet,mediapipe,mediapipe,mediapipe,mediapipe,mediapipe,mediapipe,mediapipe,mediapipe
339,6.78,-1.930292495495349,1.4964909605786998,-0.3831736147403717,0.9999462962150574,0.9999911785125732,-0.2215706706047058,-0.4518269002437591,-0.3882367312908172,0.9999697804450988,0.9999902248382568,0.5177788179283148,1.310572466526757,-0.3117744922637939,0.9999921321868896,0.9999959468841552,-0.5177788179283148,-1.310572466526761,-0.0099473716691136,0.9999347925186156,0.999996542930603,2.0957547463715533,-0.5894123778511924,-0.3040286898612976,0.9952548146247864,0.9998181462287904,1.0001564738053574,0.5510069953154497,0.0658656731247901,0.1633029133081436,0.99990975856781,0.7794582373702503,-0.013529173078940677,-0.1883082538843155,0.9648052453994752,0.9999258518218994,-0.07951866778500118,-0.525812018854656,0.0977167040109634,0.3067438900470733,0.999970555305481,0.7707865823919277,-0.5864837145928181,-0.0559695586562156,0.999967396259308,0.9999935626983644,0.7640506179278084,-0.5128358429984055,0.0570825561881065,0.9999374747276306,0.9999966621398926,0.3884262854243943,-0.9709300526036617,-0.3085525035858154,0.9986237287521362,0.9999922513961792,-0.04051078639391254,-0.8444850978052686,-0.0618024952709674,0.9454538226127625,0.9999946355819702,0.7556268547416087,-0.937661517972598,-0.1390664726495742,0.9965969920158386,0.9999680519104004,0.3220030960969229,-1.173861081655531,0.1178012639284133,0.9528749585151672,0.9999804496765136,0.7759664625100413,-0.8890107546448162,-0.1137353405356407,0.97947758436203,0.9998875856399536,0.8509317679011615,-1.0614135111152834,0.1004635989665985,0.9133812189102172,0.9999746084213256,0.7393510493097669,-0.7613133729041474,-0.1556041538715362,0.9962474703788756,0.9997377991676332,0.885072780757515,-1.1368899151140108,0.0904245153069496,0.962453544139862,0.9998927116394044,mediapipe,mediapipe,mediapipe,mediapipe,mediapipe,movenet,mediapipe,gpr,movenet,movenet,mediapipe,mediapipe,mediapipe,mediapipe,mediapipe,mediapipe,mediapipe,mediapipe
340,6.8,-1.841202492018319,1.563646789844697,-0.3884245753288269,0.9999415278434752,0.999990463256836,-0.2358335554599762,-0.4507829248905182,-0.3915989995002746,0.9999659061431884,0.9999878406524658,0.48870211574240574,0.9810700720504367,-0.3170984089374542,0.9999909996986388,0.9999970197677612,-0.4887021157423988,-0.9810700720504406,-0.0131284985691308,0.9999266266822816,0.9999954700469972,2.122671934813004,-0.6206641204746132,-0.3087766766548157,0.9944955706596376,0.9998806715011596,1.0447528897443052,0.5392258890790336,0.0597798824310302,0.1481457501649856,0.9998958110809326,0.8436364128324605,-0.024626272658443825,-0.1977146416902542,0.957907736301422,0.9999337196350098,0.17209486998056428,-0.1608945141637079,0.0704353600740432,0.2806685268878937,0.9999492168426514,0.8888773304288325,-0.6813252603434224,-0.0559886246919631,0.9999629855155944,0.9999961853027344,0.8674930048701606,-0.6240656116352611,0.057084672152996,0.9999276995658876,0.999997854232788,0.4917769038251349,-0.8473172094819863,-0.2916853129863739,0.9984952211380004,0.9999938011169434,0.04736875420966281,-0.7292336584411072,-0.0538515858352184,0.9349383115768432,0.9999951124191284,0.8803800240126627,-0.8082441931944673,-0.134731039404869,0.9964671730995178,0.9999715089797974,0.38480058388943283,-1.0548805495549805,0.1229197457432746,0.9486990571022034,0.9999827146530152,0.8988801408929121,-0.7509595236751764,-0.1112910956144332,0.9788021445274352,0.9999032020568848,0.9325983102462267,-0.9266436351023664,0.1062467023730278,0.90687495470047,0.9999791383743286,0.8530714647108703,-0.5979071674745063,-0.1515349745750427,0.9960004091262816,0.9998103976249696,0.9630232533511723,-1.0464400509276461,0.0961590483784675,0.9587187767028807,0.9999175071716307,mediapipe,mediapipe,mediapipe,mediapipe,mediapipe,movenet,mediapipe,gpr,movenet,movenet,mediapipe,mediapipe,mediapipe,mediapipe,mediapipe,mediapipe,mediapipe,mediapipe
341,6.82,-2.1630726960031477,1.543648692970523,-0.3805832266807556,0.9999370574951172,0.9999884366989136,-0.2462344467639923,-0.4525859951972961,-0.3864857256412506,0.9999619126319884,0.9999849796295166,0.6377743578311063,0.4544980974992804,-0.3182588517665863,0.9999904036521912,0.9999970197677612,-0.6377743578311063,-0.4544980974992843,-0.0104880603030323,0.9999260306358336,0.9999966621398926,2.087973483602702,-0.640092958077519,-0.3109591007232666,0.9938098788261414,0.9998900890350342,1.060555427882904,0.5388245355165284,0.0558788925409317,0.1355108916759491,0.9999278783798218,0.8610140567040082,-0.027273182554600667,-0.2010205239057541,0.9528445601463318,0.9999508857727052,0.8315362076236886,0.31721804206536175,0.0511236973106861,0.2637105584144592,0.9999748468399048,0.9303167410041456,-0.7137225138274338,-0.0559914968907833,0.9999600648880004,0.9999959468841552,0.8993889220184119,-0.6607410638288447,0.0570816844701767,0.9999225735664368,0.999997854232788,0.5886218320849125,-0.6899804153565857,-0.2924823760986328,0.9982977509498596,0.9999940395355223,0.0822637606434955,-0.6919904617632487,-0.0639307796955108,0.923353910446167,0.9999961853027344,0.9568484971813888,-0.6549751963090152,-0.1280685812234878,0.9959496259689332,0.99997079372406,0.3914878372900269,-0.988350038711187,0.1117103174328804,0.941057562828064,0.9999822378158568,0.9719548895533059,-0.5967214223246764,-0.1043898612260818,0.9766911268234252,0.9999040365219116,0.9300317685087757,-0.846516080923351,0.0948457196354866,0.8964575529098511,0.9999780654907228,0.927625250238095,-0.43529395363571805,-0.1408362090587616,0.9953159093856812,0.9998384714126588,0.9286974950077058,-0.9751481793132406,0.0828462615609169,0.9530839920043944,0.9999227523803712,mediapipe,mediapipe,mediapipe,mediapipe,mediapipe,movenet,mediapipe,gpr,movenet,movenet,mediapipe,mediapipe,mediapipe,mediapipe,mediapipe,mediapipe,mediapipe,mediapipe
342,6.84,-2.4342919131041048,1.6263989769426317,-0.3708689510822296,0.9999394416809082,0.999994158744812,-0.2571409046649933,-0.4538637697696686,-0.3792104423046112,0.999963104724884,0.999990940093994,0.7060481459521721,-0.0520367369608937,-0.313228577375412,0.9999905228614808,0.9999979734420776,-0.7060481459521721,0.05203673696088979,-0.0033517484553158,0.999929904937744,0.9999985694885254,2.111509020908348,-0.6559905523621964,-0.3057624399662018,0.9934420585632324,0.9999217987060548,1.0847291070786886,0.5337932610162207,0.0557535290718078,0.1263598799705505,0.9999642372131348,0.9005949370548999,-0.030882030253542234,-0.1773211807012558,0.9507739543914796,0.9999666213989258,1.3821011919147164,0.7666995105592366,0.0248128995299339,0.2664393484592438,0.9999908208847046,0.9918306852099076,-0.764788371801881,-0.0563388466835022,0.9999576807022096,0.9999942779541016,0.9517464451152725,-0.7185426389522236,0.0574182532727718,0.9999197125434875,0.99999737739563,0.649799186068702,-0.6828986826416641,-0.2872718870639801,0.9981481432914734,0.9999922513961792,0.13605918273147086,-0.6803335785450699,-0.0647897645831108,0.9114784002304076,0.999995231628418,1.0344779437843037,-0.6352733449377457,-0.1285329610109329,0.9955634474754332,0.9999552965164183,0.4285490626066258,-0.9289604677652941,0.1061250194907188,0.9328463077545166,0.999970555305481,1.0528779770738774,-0.5741843470523094,-0.1054062470793724,0.9755626320838928,0.9998457431793212,0.9713258572549407,-0.7759239934388585,0.0886319875717163,0.8873465657234192,0.9999618530273438,0.9937512422730634,-0.4044298614253621,-0.1423054486513137,0.9949150681495668,0.9997468590736388,0.969767411235694,-0.879156173422227,0.0751074627041816,0.94828200340271,0.9998761415481568,mediapipe,mediapipe,mediapipe,mediapipe,mediapipe,movenet,mediapipe,gpr,movenet,movenet,mediapipe,mediapipe,mediapipe,mediapipe,mediapipe,mediapipe,mediapipe,mediapipe
343,6.86,-2.611200058775411,1.8192333325971888,-0.3655546307563782,0.9999395608901978,0.9999951124191284,-0.2615279257297516,-0.4542615115642547,-0.3761994838714599,0.999962568283081,0.9999920129776,0.6623180825267128,-0.21736954627881724,-0.3108217120170593,0.999990463256836,0.9999979734420776,-0.6623180825267128,0.21736954627881333,0.0011599016143009,0.99993234872818,0.9999982118606568,2.110403919395698,-0.6597348242409226,-0.3050653338432312,0.9925004839897156,0.9999270439147948,1.0869586565742868,0.5320729232525202,0.0563065148890018,0.1166310608386993,0.9999608993530272,0.9073187786597059,-0.02784800897848317,-0.1761175841093063,0.9466949701309204,0.9999667406082152,0.9773194142882087,1.0835494577330307,0.021499928086996,0.2571591138839721,0.999988317489624,1.0059405016926646,-0.7772208314754951,-0.0566894002258777,0.9999544620513916,0.9999947547912598,0.9613905569028129,-0.7284919713669111,0.0577262863516807,0.9999148845672609,0.9999974966049194,0.7128087250664175,-0.6322995621899724,-0.2902686893939972,0.997755229473114,0.999992609024048,0.16378968797320584,-0.6347112381897724,-0.0581124760210514,0.8906503915786743,0.9999948740005492,1.0763236811204462,-0.5508327975405756,-0.1420992314815521,0.9949784874916076,0.9999489784240724,0.4526168306616549,-0.8822286828035097,0.1059998869895935,0.9204472899436952,0.9999699592590332,1.0911579819928425,-0.48612777247841865,-0.122586965560913,0.9736384153366088,0.9998205304145812,0.9945182096480093,-0.72618947784846,0.0880786031484603,0.8743686676025391,0.9999616146087646,1.007349962241134,-0.3530121129307635,-0.1653352081775665,0.99425607919693,0.999739110469818,0.9765924524293054,-0.8474432322171387,0.0742403343319892,0.9395490884780884,0.9998962879180908,mediapipe,mediapipe,mediapipe,mediapipe,mediapipe,movenet,mediapipe,gpr,movenet,movenet,mediapipe,mediapipe,mediapipe,mediapipe,mediapipe,mediapipe,mediapipe,mediapipe
344,6.88,-2.6612827555030107,1.9195180591141427,-0.3616515696048736,0.9999433159828186,0.9999970197677612,-0.2696308195590973,-0.4526786208152771,-0.3728435039520263,0.9999646544456482,0.9999955892562866,0.678518665683514,-0.4660048796713136,-0.3084162771701813,0.9999907612800598,0.9999988079071044,-0.678518665683514,0.46600487967130966,0.004443334415555,0.9999359250068665,0.9999988079071044,2.1247424263347288,-0.6765386066835561,-0.3038083016872406,0.9921625256538392,0.9999500513076782,1.1064439316702903,0.5217069445325494,0.0575544089078903,0.1085598021745681,0.9999696016311646,0.9331245332346709,-0.028776134839431027,-0.1767383068799972,0.946455180644989,0.9999799728393556,0.8810308519387275,1.1736784165400578,0.0154486401006579,0.2533052265644073,0.999991774559021,1.0648441852622552,-0.8255407325830069,-0.056860327720642,0.9999533891677856,0.999996542930603,1.0103733748431527,-0.7851452992665141,0.0578486584126949,0.99991375207901,0.9999983310699464,0.7495397012605113,-0.6220102311918689,-0.2791813313961029,0.997350811958313,0.9999940395355223,0.20538555131771208,-0.5962447923382449,-0.0560604259371757,0.8742167353630066,0.9999958276748656,1.1226367932200154,-0.5208380916108916,-0.1402511745691299,0.9943649768829346,0.9999629259109496,0.4992862082569157,-0.8198060649905975,0.1023619249463081,0.907861053943634,0.999976396560669,1.140180611421101,-0.45460356705702604,-0.1210313364863395,0.9721865057945251,0.9998682737350464,1.0555589614214838,-0.6596253454415474,0.0841417983174324,0.8610429167747498,0.9999688863754272,1.0531383042542453,-0.3033710803678413,-0.1629957109689712,0.9937353134155272,0.9997894167900084,1.025744770143728,-0.7644833648661978,0.0694121122360229,0.9321933388710022,0.9999090433120728,mediapipe,mediapipe,mediapipe,mediapipe,mediapipe,movenet,mediapipe,gpr,movenet,movenet,mediapipe,mediapipe,mediapipe,mediapipe,mediapipe,mediapipe,mediapipe,mediapipe
345,6.9,-2.6162871182021354,2.021435380830213,-0.359001100063324,0.9999452233314514,0.999994158744812,-0.2826718688011169,-0.4460685551166534,-0.3704020082950592,0.9999659061431884,0.9999939203262328,0.6531460262623995,-0.7784946575983597,-0.3079454004764557,0.9999911189079284,0.9999990463256836,-0.6531460262623995,0.7784946575983558,0.0067289983853697,0.9999381303787231,0.9999983310699464,2.078994962620935,-0.6955037862671156,-0.3100009262561798,0.9923108220100404,0.9999626874923706,1.1449234686453498,0.501528224475032,0.0661728382110595,0.1017973721027374,0.9999622106552124,0.9501393012586302,-0.0294704216708474,-0.2089923918247223,0.9495135545730592,0.9999868869781494,1.5820677856752943,0.9828924800167187,0.0204376764595508,0.2484858185052871,0.999988317489624,1.1736929997719663,-0.9164411133552447,-0.0570076443254947,0.999952793121338,0.999996542930603,1.1018013884862845,-0.8930559957472454,0.0579374283552169,0.9999129176139832,0.9999979734420776,0.8281637509358742,-0.5698386132066667,-0.2690186500549316,0.9970170855522156,0.9999938011169434,0.2542176662914079,-0.5834916804697738,-0.0566960535943508,0.8643167614936829,0.9999949932098388,1.2036792512822763,-0.4569678418308383,-0.1316059678792953,0.993904173374176,0.9999567270278932,0.5514312910148488,-0.7300431600272712,0.1004128158092498,0.9001790881156921,0.9999666213989258,1.224379971810684,-0.3898402198252428,-0.1124259829521179,0.9711788892745972,0.999846577644348,1.1252086887255912,-0.5542591319180462,0.0827469006180763,0.8513447046279907,0.9999561309814452,1.1506694657996561,-0.24190386656316523,-0.1540623307228088,0.9933555722236632,0.9997615218162536,1.0951750416749657,-0.6512605139025568,0.0673915445804596,0.927672803401947,0.9998670816421508,mediapipe,mediapipe,mediapipe,mediapipe,mediapipe,movenet,mediapipe,gpr,movenet,movenet,mediapipe,mediapipe,mediapipe,mediapipe,mediapipe,mediapipe,mediapipe,mediapipe
346,6.92,-2.232348051287776,1.8913419300690382,-0.3626627922058105,0.9999494552612304,0.9999983310699464,-0.2921160161495209,-0.4359670579433441,-0.3714086413383484,0.9999684691429138,0.9999971389770508,0.8256597538081137,-0.873803502884756,-0.3094407618045807,0.9999914765357972,0.9999991655349731,-0.8256597538081137,0.8738035028847521,0.0079751648008823,0.9999417662620544,0.9999991655349731,2.021886193864512,-0.6766614247468237,-0.3129935264587402,0.9927279949188232,0.999969244003296,1.2068127918956766,0.46817390371716117,0.0769164338707923,0.1043430045247078,0.9999821186065674,0.9556728058846211,-0.022806447573555162,-0.2175687104463577,0.953886330127716,0.9999912977218628,1.4553569994105957,0.50771397553475,0.0389002561569213,0.2825444936752319,0.9999964237213136,1.3442020977731601,-1.0662696482600156,-0.0576205924153327,0.9999484419822692,0.9999924898147584,1.2468824364221267,-1.0664467243491769,0.0583080723881721,0.9999083876609802,0.999996781349182,0.931610543986598,-0.58738019746274,-0.235927551984787,0.9967020153999328,0.9999886751174928,0.3032944179045342,-0.6004236596676809,-0.0445865504443645,0.8566576242446899,0.9999934434890748,1.295575259202649,-0.472601282754662,-0.1262733787298202,0.9939427375793456,0.9999150037765504,0.619351362878393,-0.7937573525294387,0.0983181446790695,0.8950096368789673,0.9999587535858154,1.315839217758441,-0.399133803772214,-0.1092298254370689,0.9717904329299928,0.9996891021728516,1.2166421200843887,-0.629104160491043,0.0803176015615463,0.8461414575576782,0.9999444484710692,1.2392243275328279,-0.28452004906058037,-0.1522034257650375,0.9934552311897278,0.9996035695075988,1.1876624647555813,-0.7441599565410857,0.0645913854241371,0.9250984191894532,0.999858260154724,mediapipe,mediapipe,mediapipe,mediapipe,mediapipe,movenet,mediapipe,gpr,movenet,movenet,mediapipe,mediapipe,mediapipe,mediapipe,mediapipe,mediapipe,mediapipe,mediapipe
347,6.94,-2.108735146356712,1.77550867239071,-0.3614129722118377,0.9999497532844543,0.9999908208847046,-0.2949540019035339,-0.4370172023773193,-0.3626239001750946,0.9999679327011108,0.9999849796295166,0.7748471651911187,-1.3988968271991584,-0.3004086911678314,0.9999912977218628,0.999996781349182,-0.7748471651911187,1.3988968271991544,0.0153567250818014,0.9999450445175172,0.9999983310699464,1.9413925773863179,-0.6802888933133836,-0.3027609586715698,0.9927118420600892,0.9999301433563232,1.220961898345072,0.4595649002145108,0.1284331083297729,0.1112800315022468,0.9999792575836182,0.9095352577161224,-0.012420673176381604,-0.2081063836812973,0.9573150873184204,0.9999865293502808,0.24633834618329742,-0.08616170963659747,0.1231358349323272,0.3329800963401794,0.9999977350234984,1.3892287618802004,-1.1069390713426808,-0.0575546287000179,0.999935746192932,0.9999698400497437,1.2825031697334661,-1.109905129154879,0.0581060871481895,0.9998986124992372,0.9999884366989136,0.9492483200041686,-0.6275747397047314,-0.240242063999176,0.9956184029579164,0.9999604225158693,0.3138854325085956,-0.5990475516476086,-0.0481441207230091,0.8515961170196533,0.9999841451644896,1.3175658366284995,-0.5539599206699422,-0.1055565476417541,0.9918869733810424,0.9997517466545104,0.6261595529007233,-0.7475251073173961,0.0808511897921562,0.8867640495300293,0.9998509883880616,1.3400644318029116,-0.4909063253042542,-0.0865979343652725,0.9669146537780762,0.9992344379425048,1.2124997982505037,-0.5649740572799724,0.0626062080264091,0.8355267643928528,0.9998077750205994,1.2695833984128444,-0.39231529459712494,-0.1192730814218521,0.9916847348213196,0.999207079410553,1.1827371806192888,-0.6774130645811557,0.0458326078951358,0.9193468689918518,0.9995493292808532,mediapipe,mediapipe,mediapipe,mediapipe,mediapipe,movenet,mediapipe,gpr,movenet,movenet,mediapipe,mediapipe,mediapipe,mediapipe,mediapipe,mediapipe,mediapipe,mediapipe
348,6.96,-1.7877586570083561,1.6857800712397388,-0.3596439361572265,0.9999513030052184,0.9999935626983644,-0.2946363091468811,-0.4389531016349792,-0.358902096748352,0.9999682307243348,0.9999876022338868,0.9478403651627405,-1.7845510535931237,-0.2975471317768097,0.999991238117218,0.99999737739563,-0.9478403651627405,1.7845510535931197,0.0183462630957365,0.9999481439590454,0.9999984502792358,1.9502960008619927,-0.6655333431484768,-0.3024260699748993,0.99298757314682,0.9999295473098756,1.2385662047082837,0.4488494119524782,0.1259511411190033,0.1283377408981323,0.99997878074646,0.8919937409155371,-0.0015237966347321733,-0.211477905511856,0.9609546065330504,0.9999905824661256,-0.1037355118085087,-0.5793586211577094,0.0975477546453476,0.385791152715683,0.9999977350234984,1.4424441303940194,-1.1533656464494628,-0.0575798563659191,0.9999234080314636,0.9999711513519288,1.3244395099762165,-1.164229340683416,0.0581076741218566,0.999888241291046,0.9999890327453612,1.002357896345331,-0.6249394662692583,-0.239162266254425,0.9952349662780762,0.9999680519104004,0.32870664612819295,-0.5646156487112102,-0.0508387088775634,0.849945068359375,0.9999858140945436,1.3473499925493884,-0.6000678247004982,-0.1058667078614234,0.9915061593055724,0.9998032450675964,0.6437369312545268,-0.7028559807982991,0.0767057165503501,0.8853878378868103,0.9998924732208252,1.368706427444272,-0.5363136550691865,-0.087013266980648,0.966099202632904,0.999360740184784,1.229896182354738,-0.5170563428023474,0.0571918152272701,0.8331645131111145,0.9998606443405152,1.298178803553002,-0.4299436876025237,-0.1219980046153068,0.9913619756698608,0.9993119239807128,1.1924513890596506,-0.6395531811879409,0.0376419126987457,0.9184119701385498,0.9996572732925416,mediapipe,mediapipe,mediapipe,mediapipe,mediapipe,movenet,mediapipe,gpr,movenet,movenet,mediapipe,mediapipe,mediapipe,mediapipe,mediapipe,mediapipe,mediapipe,mediapipe
349,6.98,-1.7234086317772916,1.536551152132138,-0.3488754034042358,0.9999496936798096,0.9999827146530152,-0.2972990274429321,-0.4416402280330658,-0.3440228998661041,0.9999666213989258,0.9999752044677734,1.0678559161277914,-2.060781836328442,-0.2880247235298157,0.9999911785125732,0.9999966621398926,-1.0678559161277914,2.060781836328438,0.0246169082820415,0.999950647354126,0.9999979734420776,1.9472985256360515,-0.6677340143405031,-0.2951826453208923,0.9932413101196288,0.999924659729004,1.2491991078363103,0.44035918095243637,0.1213841661810875,0.145019456744194,0.999975085258484,0.8953128851006714,0.014798552289917971,-0.210700049996376,0.9641945362091064,0.9999902248382568,0.02269401259844205,-0.7205065027919644,0.0796082466840744,0.4337275922298431,0.9999974966049194,1.472349396428698,-1.1794089799846343,-0.0576012469828128,0.999915897846222,0.9999747276306152,1.3472512844593338,-1.194433420473322,0.0581165291368961,0.9998809695243835,0.9999891519546508,1.030830590669837,-0.6461036131913701,-0.2459705024957656,0.9951703548431396,0.9999735355377196,0.3438486776687636,-0.5372859807749021,-0.0503628365695476,0.8474186658859253,0.9999853372573853,1.3829856520789254,-0.5918246885297179,-0.1055842936038971,0.9911317229270936,0.9998200535774232,0.6547254921728723,-0.6404355229131283,0.0768227949738502,0.882629930973053,0.999866247177124,1.4049322288159047,-0.5195852402962651,-0.0858508273959159,0.9655358791351318,0.9994319081306458,1.2456191989101113,-0.44329949629581444,0.0572023950517177,0.8294232487678528,0.9998371601104736,1.34288170893794,-0.3753108189571147,-0.1202958822250366,0.9910067319869996,0.9993059635162354,1.2093784182781016,-0.5326541028413786,0.0376316308975219,0.9168877005577089,0.9995887875556946,mediapipe,mediapipe,mediapipe,mediapipe,mediapipe,movenet,mediapipe,gpr,movenet,movenet,mediapipe,mediapipe,mediapipe,mediapipe,mediapipe,mediapipe,mediapipe,mediapipe
350,7.0,-1.7198549548180286,1.5135456472585953,-0.3439117670059204,0.9999496936798096,0.9999790191650392,-0.3007795810699463,-0.4443334639072418,-0.3383670151233673,0.9999665021896362,0.9999690055847168,1.0115514005151196,-2.151132775415768,-0.2848654389381408,0.9999911189079284,0.9999961853027344,-1.0115514005151196,2.151132775415764,0.0298109222203493,0.9999523162841796,0.9999974966049194,1.895122566473515,-0.6620488324703915,-0.2886159718036651,0.9936226010322572,0.9999210834503174,1.2596068075055853,0.4419382320735235,0.1163476333022117,0.1662455797195434,0.9999688863754272,0.8611201358424647,0.026170240360384574,-0.2003827840089798,0.9673330187797546,0.9999897480010986,-0.10724186898904273,-0.4338917166544911,0.0731686577200889,0.4793712794780731,0.999996304512024,1.497220640243658,-1.203041572712076,-0.0579499676823616,0.999912679195404,0.9999772310256958,1.3678739705142937,-1.2195757362439965,0.0584690980613231,0.999878227710724,0.9999902248382568,1.06464759578895,-0.6276049590809296,-0.247727945446968,0.9954382181167604,0.9999773502349854,0.356002171910639,-0.4783845103113003,-0.043572686612606,0.8516101837158203,0.9999866485595704,1.4119764558316072,-0.5659374424745717,-0.1032749786972999,0.9914764165878296,0.9998420476913452,0.6632592018483104,-0.5373266462453802,0.0816370099782943,0.8860427141189575,0.9998693466186525,1.4345165760562784,-0.4893443736980484,-0.0828234702348709,0.9670191407203674,0.9994884729385376,1.2555853465872837,-0.32626821689973307,0.0604862309992313,0.8339299559593201,0.999841332435608,1.3732670023124667,-0.3288748259025621,-0.117829792201519,0.9913457036018372,0.9993404746055604,1.1913632011652675,-0.39921683738225827,0.0395312085747718,0.919641137123108,0.9995859265327454,mediapipe,mediapipe,mediapipe,mediapipe,mediapipe,movenet,mediapipe,gpr,movenet,movenet,mediapipe,mediapipe,mediapipe,mediapipe,mediapipe,mediapipe,mediapipe,mediapipe
351,7.02,-1.5955027263700474,1.4468135556596147,-0.3422835767269134,0.9999474883079528,0.9999747276306152,-0.299665629863739,-0.446262776851654,-0.3372648358345032,0.9999648928642272,0.9999675750732422,1.0687337525037082,-2.1644616630009965,-0.284885972738266,0.999991238117218,0.9999970197677612,-1.0687337525037082,2.1644616630010067,0.0305887255817651,0.9999538064002992,0.9999971389770508,1.8744762036156906,-0.6541579132476499,-0.2886945903301239,0.9940215349197388,0.9999483823776244,1.2616048997730083,0.426132500218209,0.1155222728848457,0.1906850934028625,0.99997079372406,0.8566627361399953,0.042493429973733135,-0.2018745243549347,0.9703028798103333,0.9999934434890748,0.2488831835110821,0.0971109217423194,0.0547093376517295,0.521196722984314,0.999996304512024,1.5141034423884703,-1.2206599295208287,-0.0581187009811401,0.9999095797538756,0.9999812841415404,1.3828722922314645,-1.236188981697365,0.0586560480296611,0.9998752474784852,0.9999908208847046,1.1199954930931444,-0.5575970794706883,-0.238426923751831,0.9954879283905028,0.999976396560669,0.38358316896372635,-0.4196755692274585,-0.040378775447607,0.8517299890518188,0.9999845027923584,1.4375269538165778,-0.4755375515867014,-0.084005132317543,0.991399586200714,0.9998124241828918,0.6739699075046911,-0.4344044321589076,0.0876346826553344,0.8855933547019958,0.9998555183410645,1.4580518976581136,-0.39475933066647634,-0.0623987913131713,0.9671035408973694,0.9994288086891174,1.2710618790988741,-0.2145393035315121,0.0658602491021156,0.8329416513442993,0.999829649925232,1.4003647306188711,-0.24926081965351815,-0.0997140035033226,0.9912646412849426,0.9993225336074828,1.2060930586416416,-0.279632659618725,0.0420770309865474,0.919674813747406,0.9995686411857604,mediapipe,mediapipe,mediapipe,mediapipe,mediapipe,movenet,mediapipe,gpr,movenet,movenet,mediapipe,mediapipe,mediapipe,mediapipe,mediapipe,mediapipe,mediapipe,mediapipe
352,7.04,-1.5750292655615963,1.4225220789589672,-0.339556872844696,0.9999493360519408,0.9999884366989136,-0.2936845123767853,-0.4467886686325073,-0.3365940749645233,0.9999662637710572,0.9999865293502808,1.1016798033674693,-2.2548714922491975,-0.285176932811737,0.9999915957450868,0.9999983310699464,-1.1016798033674693,2.2548714922491935,0.0322085246443748,0.9999553561210632,0.999997615814209,1.7789690253140822,-0.6167864368309197,-0.2887611985206604,0.9944135546684264,0.9999737739562988,1.251131285837769,0.43244675470548444,0.1062354817986488,0.2124881446361541,0.9999749660491944,0.8324070591496294,0.07012871163289545,-0.2017799466848373,0.9730037450790404,0.9999955892562866,1.8630618047782068,1.2537005856440486,0.0128377834334969,0.5520932078361511,0.9999951124191284,1.499599490639668,-1.2082105540245864,-0.058750957250595,0.9999093413352966,0.999987006187439,1.3699038788792515,-1.218568654088573,0.0594012439250946,0.9998745322227478,0.9999929666519164,1.1597303754050203,-0.5204992588106045,-0.239760160446167,0.9955247044563292,0.9999799728393556,0.38348786979547306,-0.3610557257498872,-0.0349670425057411,0.8451430797576904,0.99998140335083,1.451137667487711,-0.3648513379695219,-0.0901985466480255,0.991320252418518,0.9998237490653992,0.6620470565779101,-0.35314155442023804,0.1005657240748405,0.8786354660987854,0.9998538494110109,1.4678204290099497,-0.27656470546356954,-0.0684886425733566,0.9669889807701112,0.9994506239891052,1.2572286356821214,-0.12968693383148183,0.0784434601664543,0.8264623284339905,0.9998407363891602,1.4049628743613678,-0.13097256948572722,-0.1030948311090469,0.9912148714065552,0.9993675351142884,1.1864359623141563,-0.18251050357129536,0.0543511360883712,0.9161114692687988,0.999621033668518,mediapipe,mediapipe,mediapipe,mediapipe,mediapipe,movenet,mediapipe,movenet,movenet,movenet,mediapipe,mediapipe,mediapipe,mediapipe,mediapipe,mediapipe,mediapipe,mediapipe
353,7.06,-1.5745375967154913,1.053030552653742,-0.3301670849323272,0.9999526143074036,0.999992847442627,-0.2887018322944641,-0.4594025611877441,-0.3316555023193359,0.9999685883522034,0.999991536140442,1.0678232088426147,-2.6775914083629337,-0.2852179408073425,0.9999920725822448,0.9999988079071044,-1.0678232088426147,2.6775914083629297,0.0356390476226806,0.9999566674232484,0.9999977350234984,1.669112331784349,-0.5605362229308826,-0.2884041965007782,0.99485445022583,0.9999831914901732,1.2386455463927069,0.4397181146875878,0.0894097611308097,0.2411045730113983,0.9999794960021972,0.7886340450169006,0.0929954755441662,-0.1973513215780258,0.9755262136459352,0.99999737739563,1.849356383237195,1.2654877079268905,-0.028568847104907,0.5756029486656189,0.9999929666519164,1.4611345000417566,-1.1753154225188076,-0.059970136731863,0.9999122619628906,0.999990701675415,1.3361020655446953,-1.1729717619773852,0.0607626065611839,0.9998772144317628,0.9999943971633912,1.1499900901247433,-0.42293855751240705,-0.2357797175645828,0.9957635998725892,0.999986171722412,0.38062760651001104,-0.27179930406050545,-0.0068078725598752,0.8378382921218872,0.9999794960021972,1.4278284953192952,-0.20345298174361767,-0.0930510684847831,0.9917367696762084,0.999858021736145,0.6645068452903415,-0.28796084886707335,0.1495613604784011,0.8724992871284485,0.9998661279678344,1.4441637919203543,-0.11335155619545424,-0.0706486999988555,0.9683579802513124,0.9995287656784058,1.2719037338113863,-0.06829838393476068,0.1279193311929702,0.8218044638633728,0.999863862991333,1.380656681011052,0.031621222242115346,-0.1076428368687629,0.9916182160377502,0.9994033575057985,1.207258393630441,-0.09416721162212173,0.1102122068405151,0.9130224585533142,0.9996728897094728,mediapipe,mediapipe,mediapipe,mediapipe,mediapipe,movenet,mediapipe,movenet,movenet,movenet,mediapipe,mediapipe,mediapipe,mediapipe,mediapipe,mediapipe,mediapipe,mediapipe
354,7.08,-1.6743451365652386,0.8534218521443684,-0.3275057971477508,0.9999564290046692,0.9999966621398926,-0.2846454381942749,-0.472425639629364,-0.3316073417663574,0.9999711513519288,0.9999953508377076,1.0594564339055716,-3.331196621071858,-0.2863682210445404,0.9999925494194032,0.9999991655349731,-1.0594564339055716,3.331196621071854,0.0356820523738861,0.999958634376526,0.9999986886978148,1.5780771286873436,-0.49338702547338836,-0.2888048887252807,0.9952772855758668,0.9999901056289672,1.2141820343369654,0.4516506752035185,0.0673680379986763,0.2792302072048187,0.9999885559082032,0.7676478430451431,0.11334599894765988,-0.1973458528518676,0.977840542793274,0.9999980926513672,-0.07435313102711717,-0.48152879597950377,-0.06131012737751,0.6016933917999268,0.9999954700469972,1.4068040651310711,-1.126837243475039,-0.061758667230606,0.9999168515205384,0.9999945163726808,1.289937639360139,-1.1142450701473032,0.0627405419945716,0.9998831152915956,0.9999971389770508,1.143586280676029,-0.20320778147155538,-0.2034607827663421,0.9959181547164916,0.99998676776886,0.363362551330508,-0.15992233164126005,0.0217680968344211,0.8298702239990234,0.9999810457229614,1.403468985986847,-0.029131238583456325,-0.0783006250858306,0.9920576810836792,0.9998432397842408,0.65777264973352,-0.18545878827366183,0.1968598514795303,0.8631893992424011,0.9998927116394044,1.4194664991456385,0.053131864987388554,-0.0572302639484405,0.9691823720932008,0.9994890689849854,1.275813771205796,0.03243407355407898,0.1770418137311935,0.8148877024650574,0.9998946189880372,1.3535524293181367,0.20531182592852584,-0.0967113077640533,0.9919383525848388,0.9993707537651062,1.2281703126804422,0.06013081067535601,0.168612390756607,0.9079350233078004,0.9997287392616272,mediapipe,mediapipe,mediapipe,mediapipe,mediapipe,movenet,mediapipe,mediapipe,movenet,movenet,mediapipe,mediapipe,mediapipe,mediapipe,mediapipe,mediapipe,mediapipe,mediapipe
355,7.1,-1.4697215914481845,0.6293810783806357,-0.3278737962245941,0.9999597072601318,0.9999972581863404,-0.2811461985111236,-0.4816445112228393,-0.3334691226482391,0.9999732375144958,0.9999957084655762,1.0610957650133233,-3.751671307502806,-0.2948625087738037,0.9999930262565612,0.9999992847442628,-1.0610957650133233,3.7516713075028156,0.0354410298168659,0.9999608397483826,0.9999988079071044,1.541574654593564,-0.4559383286221985,-0.2985067367553711,0.995636522769928,0.9999916553497314,1.199096698991456,0.46332227856517283,0.0577877834439277,0.3097893595695495,0.9999910593032836,0.764945808890859,0.14230765786706032,-0.2070005238056183,0.9798994660377502,0.9999982118606568,-0.08080704644040536,-0.4644232788866979,-0.0623604245483875,0.6254183053970337,0.99999737739563,1.3743608373862726,-1.0985647227854385,-0.0625701546669006,0.99992036819458,0.9999954700469972,1.2627699382498099,-1.0795460182280858,0.0636069476604461,0.9998881816864014,0.999997615814209,1.1886044751698697,-0.10800867028080217,-0.1883921027183532,0.9954206347465516,0.9999852180480956,0.3900750200085899,-0.11018786787762253,0.0170351322740316,0.8124539256095886,0.9999858140945436,1.4300313870869228,0.0950968349844666,-0.0752493664622306,0.9916768074035645,0.9998254179954528,0.7095019496147295,0.005201165099528558,0.1737795621156692,0.8506069183349609,0.9999074935913086,1.4426396996327446,0.17449329007909842,-0.0561139397323131,0.9673948884010316,0.99942147731781,1.356321577277693,0.24830636449583265,0.1529677659273147,0.8039151430130005,0.9998928308486938,1.358369493062031,0.2837004251892062,-0.1011431813240051,0.9916683435440063,0.9994194507598876,1.311833804689938,0.2575649392561994,0.1374938189983368,0.901003897190094,0.9997410178184508,mediapipe,mediapipe,mediapipe,mediapipe,mediapipe,movenet,mediapipe,mediapipe,movenet,movenet,mediapipe,mediapipe,mediapipe,mediapipe,mediapipe,mediapipe,mediapipe,mediapipe
356,7.12,-0.9029202959956445,0.5461147975022971,-0.3279821574687958,0.9999633431434632,0.9999990463256836,-0.2686895132064819,-0.4898831248283386,-0.3345737755298614,0.9999756217002868,0.9999985694885254,0.9465612154808766,-3.685499867152772,-0.2994612157344818,0.9999935626983644,0.9999996423721312,-0.9465612154808766,3.6854998671527817,0.0357868373394012,0.9999628067016602,0.999998927116394,1.534300346363863,-0.40307984462708046,-0.3048173189163208,0.9959954023361206,0.9999946355819702,1.185262880793935,0.4659458078456088,0.0598684214055538,0.3298098742961883,0.999991774559021,0.762470910007695,0.17694093963653282,-0.211045816540718,0.9818004369735718,0.9999988079071044,-0.08851867386124515,-0.44135589289807886,-0.0492890588939189,0.6403725147247314,0.99999737739563,1.330862324442924,-1.0614404760222957,-0.0638243779540062,0.9999240636825562,0.999996542930603,1.226708281972771,-1.0333166081407654,0.0648164823651313,0.9998924732208252,0.9999979734420776,1.2102390674947479,0.028175780984544672,-0.181328073143959,0.9951822757720948,0.9999905824661256,0.4111633772631591,-0.035032873071585154,0.0317658223211765,0.7935178875923157,0.9999885559082032,1.4358630369760792,0.28071032256967665,-0.0806341767311096,0.991766631603241,0.9998713731765748,0.7223934836534619,0.1645865720356896,0.1791047304868698,0.8404424786567688,0.9999291896820068,1.445125371699963,0.3582482710230045,-0.0607638321816921,0.9673568606376648,0.9995273351669312,1.3750211646442543,0.4266993639700148,0.1570730060338974,0.7966549396514893,0.9999141693115234,1.3381674659353902,0.4368011869221387,-0.1064727455377578,0.9918287396430968,0.9995118379592896,1.3107323506948478,0.40880419905954996,0.1369267702102661,0.8961238861083984,0.9998026490211488,mediapipe,mediapipe,mediapipe,mediapipe,mediapipe,movenet,mediapipe,mediapipe,movenet,movenet,mediapipe,mediapipe,mediapipe,mediapipe,mediapipe,mediapipe,mediapipe,mediapipe
357,7.14,-0.5062172678213124,0.48100100872363283,-0.3302146196365356,0.9999668598175048,0.9999996423721312,-0.2498540133237838,-0.4953836500644684,-0.3380785882472992,0.9999779462814332,0.9999994039535522,0.5890165014469911,-3.4625551959521093,-0.303622156381607,0.9999940991401672,0.9999997615814208,-0.5890165014469911,3.4625551959521195,0.0357085689902305,0.9999651908874512,0.9999991655349731,1.480487129164996,-0.3428545075785116,-0.3123198449611664,0.9963517785072328,0.9999964237213136,1.1559928162907547,0.4736359550910079,0.0607382506132125,0.3595001995563507,0.9999939203262328,0.7244844977291836,0.2146513814989134,-0.2209877520799636,0.983571231365204,0.9999994039535522,-0.11753023093974786,-0.41670201484925445,-0.0413593240082263,0.6631259918212891,0.9999984502792358,1.2494793499706953,-0.9908738533099396,-0.0645172297954559,0.9999279975891112,0.9999971389770508,1.157692202557644,-0.9486908393898228,0.0654364824295044,0.9998972415924072,0.9999982118606568,1.2219471480165331,0.14676739960004057,-0.1786836832761764,0.9949780106544496,0.9999924898147584,0.39666183784905434,-0.009403513591895748,0.0303173288702964,0.7812817692756653,0.9999911785125732,1.435586684192386,0.4482401510702746,-0.0837341174483299,0.9919091463088988,0.9998871088027954,0.7099440235027521,0.27800461183438224,0.1714298129081726,0.8346037268638611,0.9999420642852784,1.4402296146501719,0.5232890937462557,-0.0614228770136833,0.9674789905548096,0.9995529055595398,1.3606918254890634,0.5584919917711976,0.1487562358379364,0.7932255864143372,0.9999231100082396,1.3151147139713657,0.5561994397382768,-0.1193894818425178,0.9920508861541748,0.9995373487472534,1.2712073501595085,0.5241909678172041,0.1265405863523483,0.8943292498588562,0.999817192554474,mediapipe,mediapipe,mediapipe,mediapipe,mediapipe,movenet,mediapipe,mediapipe,movenet,movenet,mediapipe,mediapipe,mediapipe,mediapipe,mediapipe,mediapipe,mediapipe,mediapipe
358,7.16,-0.332571392064052,0.6609273853594614,-0.3303856551647186,0.9999699592590332,0.9999995231628418,-0.237802118062973,-0.5058742761611938,-0.3387095034122467,0.9999799728393556,0.9999991655349731,0.37208304785554164,-3.2766240375571787,-0.3044390678405761,0.9999945759773254,0.9999997615814208,-0.37208304785554164,3.276624037557175,0.0359805673360824,0.999967873096466,0.9999994039535522,1.3675072096043444,-0.23609613311828462,-0.313737004995346,0.9966607093811036,0.9999959468841552,1.1181203016672692,0.49092521281786194,0.0620625875890255,0.4013843238353729,0.9999961853027344,0.6793788961680677,0.2683979903565747,-0.2224596291780471,0.9851580858230592,0.9999992847442628,-0.14822122138942698,-0.3759279650686106,-0.0374634116888046,0.6924694776535034,0.9999994039535522,1.140669519655104,-0.8993766413334541,-0.0649153366684913,0.9999319911003112,0.9999972581863404,1.0646677465976069,-0.8361158229231839,0.0658212751150131,0.9999032020568848,0.9999985694885254,1.191034219480381,0.3047156431548157,-0.1682018488645553,0.9948071241378784,0.9999910593032836,0.39071929379899445,0.07884922714262085,0.0288870595395565,0.7825234532356262,0.9999929666519164,1.403481371928862,0.5703695175768075,-0.0601745471358299,0.9917827248573304,0.9998924732208252,0.683262516299521,0.4381302636238426,0.1714433878660202,0.8346892595291138,0.9999476671218872,1.4089176469567801,0.6339726435041156,-0.0413804538547992,0.9660987257957458,0.9995965361595154,1.3274553958562918,0.7358185427559794,0.1488207280635833,0.7927658557891846,0.9999277591705322,1.2933528612490808,0.6754532162452416,-0.0961246788501739,0.992074728012085,0.9995811581611632,1.2323492609034923,0.7293190505667603,0.1250573098659515,0.8959829211235046,0.9998008608818054,mediapipe,mediapipe,mediapipe,mediapipe,mediapipe,movenet,mediapipe,mediapipe,movenet,movenet,mediapipe,mediapipe,mediapipe,mediapipe,mediapipe,mediapipe,mediapipe,mediapipe
359,7.18,-0.31823596578766,0.7122671086987595,-0.3283751904964447,0.9999727606773376,0.9999995231628418,-0.2226140946149826,-0.5187242031097412,-0.338846355676651,0.9999818205833436,0.9999991655349731,0.26126904829551983,-3.0197930545468616,-0.3046940863132477,0.9999950528144836,0.9999997615814208,-0.26126904829551983,3.019793054546872,0.0365114100277423,0.9999704957008362,0.9999995231628418,1.2490261610256055,-0.12209699605908536,-0.3156317472457886,0.9969322085380554,0.999996542930603,1.0599838788830522,0.5126276288611752,0.0631413012742996,0.4420862793922424,0.9999970197677612,0.6384648893786492,0.31730504811728216,-0.2262658923864364,0.9865731596946716,0.9999992847442628,-0.19465969249256881,-0.336061115604723,-0.0336574390530586,0.719550371170044,0.9999996423721312,0.9888754916095892,-0.774434884671106,-0.0650698170065879,0.9999364018440248,0.9999983310699464,0.9331320931423208,-0.6829976120575373,0.0659676045179367,0.99990975856781,0.9999990463256836,1.1640908827305996,0.4502089048774579,-0.1598766297101974,0.9944539666175842,0.9999927282333374,0.39862914458454707,0.17723318482939723,0.0304381065070629,0.7819353342056274,0.9999946355819702,1.331325167865212,0.7337984430661509,-0.046811893582344,0.9914997220039368,0.9999164342880248,0.6578828499530238,0.5594835614117275,0.1734345406293869,0.8322792053222656,0.9999616146087646,1.3323648640808021,0.7917342069520099,-0.0293281450867652,0.9639768600463868,0.9996814727783204,1.294520101815387,0.8643312613197199,0.1506326794624328,0.7894612550735474,0.9999446868896484,1.224604754833729,0.7996135823745802,-0.0844991505146026,0.9919722080230712,0.999678373336792,1.2077407963696114,0.8489480979352348,0.1245477497577667,0.8963857293128967,0.999853014945984,mediapipe,mediapipe,mediapipe,mediapipe,mediapipe,movenet,mediapipe,mediapipe,movenet,movenet,mediapipe,mediapipe,mediapipe,mediapipe,mediapipe,mediapipe,mediapipe,mediapipe
360,7.2,-0.22094577964038375,0.590888891487866,-0.3372226357460022,0.999975323677063,0.9999997615814208,-0.2018418163061142,-0.527675986289978,-0.3433892726898193,0.999983549118042,0.9999995231628418,0.36068297680362527,-2.564773949622361,-0.3071736097335815,0.9999954700469972,0.9999997615814208,-0.36068297680362527,2.564773949622357,0.0339938960969448,0.9999728202819824,0.9999995231628418,1.1508292221679723,-0.05234669857695885,-0.3178142011165619,0.9971554279327391,0.9999954700469972,1.0152848219643837,0.5323626533054501,0.060531161725521,0.4784169495105743,0.9999961853027344,0.63736840348783,0.36985504005663544,-0.2308732718229293,0.9878256320953368,0.9999990463256836,-0.2427339689360061,-0.3054053693795749,-0.0314771644771099,0.744064211845398,0.9999995231628418,0.8589410094033851,-0.6692538821889362,-0.0650876387953758,0.9999406337738036,0.9999988079071044,0.8182572949945386,-0.5556692363410525,0.0659838020801544,0.9999159574508668,0.9999992847442628,1.2268465446065246,0.5888477815628,-0.1557261496782302,0.9941019415855408,0.999993085861206,0.3912350162905275,0.2958566380034564,0.0277481973171234,0.7845209836959839,0.9999951124191284,1.2814843547475148,0.9911238443775454,-0.0461574830114841,0.9915608167648317,0.9999408721923828,0.6388044034180065,0.7286252716396011,0.1700850427150726,0.8360440731048584,0.9999773502349854,1.269086426301182,1.0542942904861143,-0.0299840383231639,0.962708592414856,0.9997599720954896,1.2694152423872804,1.0468276325649717,0.1473397761583328,0.7911381125450134,0.9999639987945556,1.15851495772297,1.0355550385431027,-0.0892264172434806,0.9921194911003112,0.9997184872627258,1.1874687650285047,1.0284860117798926,0.1195343062281608,0.9000377655029297,0.999887228012085,mediapipe,mediapipe,mediapipe,mediapipe,mediapipe,movenet,mediapipe,mediapipe,movenet,movenet,mediapipe,mediapipe,mediapipe,mediapipe,mediapipe,mediapipe,mediapipe,mediapipe
361,7.22,-0.25073204281896916,0.6902560567852178,-0.3351065218448639,0.9999775886535645,0.9999996423721312,-0.1909680962562561,-0.5411519408226013,-0.3428073823451996,0.9999850392341614,0.9999992847442628,0.33720488073476806,-2.4787986061790734,-0.3070408701896667,0.9999958276748656,0.9999997615814208,-0.3372048807347611,2.4787986061790694,0.0345710590481758,0.9999749660491944,0.9999995231628418,1.0495668260331743,0.03231974596734588,-0.3169198930263519,0.997377634048462,0.999996304512024,0.9590331035655405,0.5576771727592598,0.0609686747193336,0.5160145163536072,0.9999969005584716,0.6184316925712597,0.40607642188381715,-0.230149045586586,0.988981544971466,0.9999994039535522,-0.2853364569171113,-0.267515736070383,-0.0278181917965412,0.7673152089118958,0.9999996423721312,0.7059873305370621,-0.5502160886294862,-0.0651426315307617,0.9999446272850036,0.9999988079071044,0.6861250473270804,-0.4130866426631679,0.0660274401307106,0.99992173910141,0.9999992847442628,1.2087292511255723,0.6806027201661748,-0.1520195603370666,0.9939576387405396,0.9999938011169434,0.40825689385441727,0.4119174739023829,0.0304000694304704,0.7897031307220459,0.9999954700469972,1.2577007708238106,1.059741999120066,-0.0375855304300785,0.991632640361786,0.9999490976333618,0.6168214793960899,0.8448033392917337,0.1744272708892822,0.8395417928695679,0.9999775886535645,1.242384967329664,1.11618635103636,-0.0215626619756221,0.9619643688201904,0.9997925162315368,1.2382187789576997,1.1706690673721758,0.1516338586807251,0.7939455509185791,0.999963879585266,1.1340456333326234,1.1060963457258868,-0.0816024839878082,0.992290496826172,0.9997631907463074,1.1422418519851503,1.1551421464186937,0.1209839954972267,0.9037889838218688,0.9998931884765624,mediapipe,mediapipe,mediapipe,mediapipe,mediapipe,movenet,mediapipe,mediapipe,movenet,movenet,mediapipe,mediapipe,mediapipe,mediapipe,mediapipe,mediapipe,mediapipe,mediapipe
362,7.24,-0.32535046713553234,0.6142360957056533,-0.3312569856643677,0.9999796748161316,0.9999996423721312,-0.1754361093044281,-0.5548194646835327,-0.3401775956153869,0.9999864101409912,0.9999995231628418,0.4317261120687617,-2.2224823061376244,-0.3049416840076446,0.9999961853027344,0.9999998807907104,-0.4317261120687617,2.2224823061376204,0.0378556437790393,0.999976933002472,0.9999995231628418,0.911119624649211,0.0731552126208363,-0.3162353336811065,0.9975894689559937,0.9999972581863404,0.8949523698052873,0.5808906874588114,0.0637482181191444,0.5500221848487854,0.9999970197677612,0.5956764504249443,0.43751448678490756,-0.2293287217617035,0.9900318384170532,0.9999995231628418,-0.3246805967416193,-0.24080649240674631,-0.0253280941396951,0.7882168292999268,0.9999997615814208,0.5409593358986393,-0.4268064160726781,-0.0653222948312759,0.9999488592147828,0.9999991655349731,0.5432859423996316,-0.2641904239399287,0.0661804750561714,0.999927580356598,0.9999994039535522,1.155646110808131,0.7824648494407699,-0.1475171744823455,0.994057297706604,0.9999966621398926,0.4122255869520457,0.4857588849092756,0.0379725992679595,0.7978993654251099,0.99999737739563,1.2308385366737995,1.1749122454607697,-0.0421070903539657,0.9920856952667236,0.999975323677063,0.613068475371587,0.9539726823670805,0.1742309331893921,0.8478638529777527,0.9999889135360718,1.2181033816564895,1.2255349181881814,-0.0271005481481552,0.9630409479141236,0.9998881816864014,1.2345927015166056,1.29100043607371,0.1503682881593704,0.8025528192520142,0.999979853630066,1.1118290842339866,1.1699705613794775,-0.0863919705152511,0.9927626252174376,0.999866247177124,1.0990348197778734,1.244844061494376,0.1180149912834167,0.9099469780921936,0.9999396800994872,mediapipe,mediapipe,mediapipe,mediapipe,mediapipe,movenet,mediapipe,mediapipe,movenet,movenet,mediapipe,mediapipe,mediapipe,mediapipe,mediapipe,mediapipe,mediapipe,mediapipe
363,7.26,-0.3146059655812058,0.7324141006130939,-0.3198085427284241,0.9999815225601196,0.9999996423721312,-0.1606792211532592,-0.5719948410987854,-0.3216754496097564,0.9999876618385316,0.9999994039535522,0.4162561079936997,-1.7815924584546743,-0.2862771153450012,0.9999964833259584,0.9999997615814208,-0.41625610799370666,1.7815924584546705,0.0512766502797603,0.9999785423278807,0.9999992847442628,0.8137338136382559,0.09965481354752342,-0.303372174501419,0.9977381825447084,0.9999955892562866,0.8395032923517901,0.6051115317792036,0.0739811360836029,0.5741929411888123,0.9999959468841552,0.5792483774400946,0.47654968208076126,-0.2186171412467956,0.9909141063690186,0.9999990463256836,-0.35050982401754316,-0.28134179109885,-0.0221753343939781,0.8063562512397766,0.9999996423721312,0.37281107431738564,-0.30875750008695774,-0.0654490143060684,0.9999523162841796,0.999998927116394,0.3998070519419272,-0.116927141208166,0.0663058534264564,0.9999324083328248,0.9999992847442628,1.0820634658652548,0.8300596611764217,-0.145446240901947,0.9940099716186525,0.9999959468841552,0.41288612466486907,0.5388912560517997,0.0427331253886222,0.8033878207206726,0.9999972581863404,1.1805339071756078,1.2328071192816916,-0.044186495244503,0.992419421672821,0.9999748468399048,0.6172648316034365,1.0312974414626692,0.1750150918960571,0.8550206422805786,0.99998939037323,1.170746109526315,1.2793396177590157,-0.0299344677478075,0.963695228099823,0.999884843826294,1.2435262864993464,1.3754004518162641,0.1502319723367691,0.810096800327301,0.9999793767929076,1.065444827317788,1.209988416986459,-0.0898713171482086,0.9931395053863524,0.9998600482940674,1.0947090840579348,1.3134550022165896,0.1159270703792572,0.915314257144928,0.9999396800994872,mediapipe,mediapipe,mediapipe,mediapipe,mediapipe,movenet,mediapipe,mediapipe,movenet,movenet,mediapipe,mediapipe,mediapipe,mediapipe,mediapipe,mediapipe,mediapipe,mediapipe
364,7.28,-0.3732982262882709,0.8174019853942655,-0.3006726503372192,0.9999831318855286,0.9999995231628418,-0.1445805579423904,-0.5823282599449158,-0.2998916208744049,0.9999887347221376,0.9999991655349731,0.46350858186054567,-1.4766972618102074,-0.2635111212730407,0.9999967217445374,0.9999997615814208,-0.46350858186054567,1.4766972618102037,0.0671237409114837,0.9999799132347108,0.9999990463256836,0.7368319874721714,0.09389984196326327,-0.2853594720363617,0.9978519082069396,0.9999949932098388,0.7822149416084978,0.62456812971128,0.0847729593515396,0.5960153341293335,0.999995231628418,0.5395752472911919,0.4928383141051657,-0.2044185101985931,0.991683840751648,0.999998927116394,-0.37753603388942075,-0.330208671572839,-0.0168973933905363,0.8227242827415466,0.9999996423721312,0.21615938012572067,-0.2026301470026619,-0.0655417665839195,0.9999557733535768,0.9999991655349731,0.26409519733571735,0.01664171606243027,0.0664078742265701,0.9999372959136964,0.9999994039535522,1.0137783927140573,0.8651541703227215,-0.1472788900136947,0.9939196705818176,0.9999961853027344,0.3944323101076356,0.5821853325475422,0.0498101897537708,0.809392511844635,0.9999972581863404,1.1539908842498487,1.2736989284953257,-0.0465921312570571,0.9927582740783693,0.9999802112579346,0.641385566561463,1.0828520978799783,0.1822024434804916,0.8627538681030273,0.9999916553497314,1.1478656538731649,1.3181409209843362,-0.0325909107923507,0.9642381072044371,0.9999089241027832,1.2877150173180145,1.4307583853654802,0.1564206331968307,0.8180190920829773,0.9999837875366212,1.0600480265333403,1.2624622633347764,-0.0919425785541534,0.9935038089752196,0.9998699426651,1.1706198706343287,1.3895164461599758,0.1175769343972206,0.920630693435669,0.9999452829360962,mediapipe,mediapipe,mediapipe,mediapipe,mediapipe,movenet,mediapipe,mediapipe,movenet,movenet,mediapipe,mediapipe,mediapipe,mediapipe,mediapipe,mediapipe,mediapipe,mediapipe
365,7.3,-0.28740126086550616,0.5342089136514517,-0.2986044287681579,0.9999845027923584,0.9999991655349731,-0.1308261156082153,-0.5870144963264465,-0.2957593202590942,0.9999896287918092,0.999998927116394,0.5339630169311166,-1.3448304552594736,-0.2577168047428131,0.9999969005584716,0.9999995231628418,-0.5339630169311166,1.3448304552594834,0.0677558556199073,0.9999806880950928,0.9999982118606568,0.7293995124341626,0.09687484628014044,-0.2803989350795746,0.9979515671730042,0.9999929666519164,-1.3055192365152632,-1.4312580930618073,0.0849075391888618,0.6113436222076416,0.9999914169311525,0.5045485367280288,0.49700185888381043,-0.2018996179103851,0.9923523664474488,0.9999986886978148,-0.40678448515582727,-0.331258290706896,-0.0166373737156391,0.8352583646774292,0.9999991655349731,0.12582925587484217,-0.14346090173565582,-0.0655544996261596,0.999959111213684,0.9999992847442628,0.18455831825430927,0.09285285600783999,0.0664336308836937,0.9999419450759888,0.9999994039535522,0.9976792690062396,0.9033885766239371,-0.1418907791376114,0.9939625263214112,0.999996542930603,0.38560541559153905,0.6070497447130281,0.0565119609236717,0.8157876133918762,0.99999737739563,1.1279728579841553,1.3026589102726842,-0.0418038330972194,0.9931825399398804,0.9999850988388062,0.6235070706672248,1.1208797342722818,0.1925539672374725,0.8718037605285645,0.9999938011169434,1.1218762281155514,1.3449896078507366,-0.0285699665546417,0.965336263179779,0.9999337196350098,1.2644198541197798,1.4743805682350233,0.1667054295539856,0.8279450535774231,0.9999880790710448,1.0724886325270713,1.3025051011099467,-0.0929179564118385,0.9939066171646118,0.999885320663452,1.1683291136803269,1.4664934251037893,0.1227653175592422,0.9262893795967102,0.9999507665634156,mediapipe,mediapipe,mediapipe,mediapipe,mediapipe,mediapipe,mediapipe,mediapipe,movenet,movenet,mediapipe,mediapipe,mediapipe,mediapipe,mediapipe,mediapipe,mediapipe,mediapipe
366,7.32,-0.3631714640175931,0.4700811450021926,-0.2917819023132324,0.9999854564666748,0.9999984502792358,-0.1194517910480499,-0.5886507034301758,-0.2916201055049896,0.9999902844429016,0.9999982118606568,0.5746684959786436,-1.2547931708048181,-0.2517087161540985,0.9999970197677612,0.9999995231628418,-0.5746684959786436,1.2547931708048141,0.0685420334339141,0.99998140335083,0.999997854232788,0.6902232635436193,0.10675282739431836,-0.2751989066600799,0.9980167746543884,0.999992609024048,-1.332347778340104,-1.4277703892467715,0.086314745247364,0.6267245411872864,0.9999905824661256,0.4579571309501196,0.5023761401858298,-0.1987695395946502,0.9929348230361938,0.9999986886978148,-0.4469635764290239,-0.3212325799819589,-0.0122328223660588,0.8470452427864075,0.9999991655349731,0.011906884034835214,-0.07191568329040415,-0.0654554069042205,0.9999622106552124,0.9999992847442628,0.08464395911119522,0.18771937816656534,0.0663483589887619,0.9999462366104126,0.9999994039535522,0.9767584641357634,0.9484550817457131,-0.1422620415687561,0.9939541816711426,0.9999969005584716,0.3974097821101081,0.6185096223986584,0.0666240975260734,0.8200511932373047,0.99999737739563,1.0942232537493537,1.3523411791623667,-0.0423350222408771,0.9935647249221802,0.9999881982803344,0.572548563262052,1.1552482150457204,0.2097490578889846,0.8797812461853027,0.9999936819076538,1.0878678247131286,1.3926903919647196,-0.0292988568544387,0.966111421585083,0.9999465942382812,1.190926187725127,1.5175024655996445,0.1842131614685058,0.8357893228530884,0.9999881982803344,1.0858198426153645,1.3698751730809413,-0.0940908193588256,0.9942652583122252,0.999891996383667,1.119299980988401,1.537826058034944,0.1360111087560653,0.9312772750854492,0.9999488592147828,mediapipe,mediapipe,mediapipe,mediapipe,mediapipe,mediapipe,mediapipe,mediapipe,movenet,movenet,mediapipe,mediapipe,mediapipe,mediapipe,mediapipe,mediapipe,mediapipe,mediapipe
367,7.34,-0.3160644776563802,0.3632238999533814,-0.2797749042510986,0.9999863505363464,0.999998927116394,-0.1020251438021659,-0.5988985300064087,-0.2797712981700897,0.9999908804893494,0.9999985694885254,0.5506745713255925,-1.066440069781304,-0.2385981678962707,0.9999971389770508,0.9999995231628418,-0.5506745713255925,1.0664400697813141,0.0768647864460945,0.9999819397926332,0.9999977350234984,0.6823636363231891,0.09862915596224295,-0.2648688852787018,0.99808269739151,0.9999923706054688,-1.347154929242698,-1.4249120586149184,0.0948354974389076,0.6398689150810242,0.9999908208847046,0.4391107839546079,0.4992486849741698,-0.1945499330759048,0.9934772849082948,0.9999988079071044,-0.47948676241103505,-0.3179545472709993,-0.0010054976446554,0.8584457635879517,0.9999994039535522,-0.13795659522302264,0.020768728645670493,-0.0653622150421142,0.9999651312828064,0.9999995231628418,-0.044166910904033324,0.3043388606433753,0.0662694126367569,0.9999501705169678,0.9999995231628418,0.9711614368262595,0.9957085278736998,-0.135462686419487,0.9941422939300536,0.999997854232788,0.40289266796538564,0.6333161959696453,0.0827985405921936,0.8272376656532288,0.9999980926513672,1.138418484282895,1.383125896727576,-0.0345017500221729,0.9940087795257568,0.9999910593032836,0.6047156363630449,1.157724116037514,0.2435097843408584,0.8881439566612244,0.9999960660934448,1.137150773552396,1.423446255013939,-0.0221285950392484,0.9673953056335448,0.999958872795105,1.2396246165641889,1.5194643104493109,0.2195795178413391,0.845131516456604,0.9999927282333374,1.1572835984611276,1.4207362584299277,-0.0925084874033927,0.9946642518043518,0.9999197721481324,1.1818665628944824,1.5341292597287068,0.175487607717514,0.936352550983429,0.9999685287475586,mediapipe,mediapipe,mediapipe,mediapipe,mediapipe,mediapipe,mediapipe,mediapipe,movenet,movenet,mediapipe,mediapipe,mediapipe,mediapipe,mediapipe,mediapipe,mediapipe,mediapipe
368,7.36,-0.2833590810652932,0.4384613732768744,-0.2781111001968384,0.9999874234199524,0.9999995231628418,-0.0822663903236389,-0.6053047776222229,-0.2739993035793304,0.9999915957450868,0.9999994039535522,0.35895810968988895,-0.8447426014868711,-0.2306436747312545,0.9999972581863404,0.9999996423721312,-0.35895810968988895,0.8447426014868672,0.0862559452652931,0.9999816417694092,0.999996542930603,0.684818508540378,0.054814690346333864,-0.2591625452041626,0.998178780078888,0.9999932050704956,-1.340061155731777,-1.4282852200230483,0.104089930653572,0.6326549053192139,0.999985694885254,0.40812333494155273,0.49266659393070406,-0.1928367018699646,0.9939811825752258,0.9999986886978148,-0.5133158976081713,-0.32781974618661,0.0104349795728921,0.8615837097167969,0.9999988079071044,-0.29696586610928527,0.11625052642623238,-0.065437912940979,0.9999675154685974,0.9999994039535522,-0.18243864154232642,0.42373158084803025,0.0663591846823692,0.9999529123306274,0.9999992847442628,1.034951761721709,1.0466678490572268,-0.1214968934655189,0.9941955804824828,0.9999966621398926,0.4457747025123442,0.6503465428358338,0.1123176962137222,0.8267777562141418,0.9999966621398926,1.1841476717859423,1.4288840901360267,-0.0328637287020683,0.9943479299545288,0.999983549118042,0.5859334279879022,1.1887954548876871,0.2794109582901001,0.8939109444618225,0.9999934434890748,1.178322764485538,1.4668938312735085,-0.02178112603724,0.968102753162384,0.9999253749847412,1.205194270697111,1.5556766737559398,0.2558592855930328,0.8520103693008423,0.9999873638153076,1.1634080222716827,1.4539647873416213,-0.0935544520616531,0.9949663281440736,0.9998691082000732,1.1299579895548597,1.5558829398246712,0.2144625782966613,0.9401140213012696,0.9999542236328124,mediapipe,mediapipe,mediapipe,mediapipe,mediapipe,mediapipe,mediapipe,mediapipe,movenet,movenet,mediapipe,mediapipe,mediapipe,mediapipe,mediapipe,mediapipe,mediapipe,mediapipe
369,7.38,-0.27132067135416765,0.27975898667138666,-0.2735485732555389,0.999988317489624,0.9999996423721312,-0.0622032284736633,-0.6140264868736267,-0.2614796757698059,0.9999921321868896,0.9999994039535522,0.37931526737623505,-0.6312686366313487,-0.2167414873838424,0.9999973177909852,0.9999995231628418,-0.37931526737623505,0.6312686366313448,0.1000632867217063,0.9999815225601196,0.9999969005584716,0.7258781905582471,0.01610971126121185,-0.2489111870527267,0.9982227683067322,0.9999922513961792,-1.358615802217669,-1.4345359318234276,0.1233268603682518,0.6220316290855408,0.999987244606018,0.388914679285994,0.48486226392833187,-0.1904699355363845,0.9943124055862428,0.9999979734420776,-0.5452632432718525,-0.3272614255465438,0.0319672338664531,0.8630520701408386,0.9999988079071044,-0.4384675395097142,0.19781865813061622,-0.0652614459395408,0.9999699592590332,0.9999996423721312,-0.30539508801036175,0.5261930951748495,0.0662261545658111,0.99995619058609,0.9999995231628418,1.048510196178437,1.1251947195890006,-0.0976446568965911,0.9940864443778992,0.9999964237213136,0.41933547435385177,0.6767530841471318,0.111802190542221,0.8315832018852234,0.9999974966049194,1.2289744753514449,1.4866500489107028,0.0121070435270667,0.9945277571678162,0.9999829530715942,0.5520351979991711,1.2214396722517376,0.2776322066783905,0.9004406929016113,0.9999943971633912,1.2283535111486563,1.5180094968800477,0.024452993646264,0.9676038026809692,0.999929666519165,1.1622053333396232,1.5902654167854278,0.2544088065624237,0.859137773513794,0.9999889135360718,1.290810981996151,1.4966242156660314,-0.0516663491725921,0.9951103925704956,0.9998750686645508,1.1305886971738968,1.5817517081392485,0.2102779000997543,0.9439324140548706,0.9999529123306274,mediapipe,mediapipe,mediapipe,mediapipe,mediapipe,mediapipe,mediapipe,mediapipe,movenet,movenet,mediapipe,mediapipe,mediapipe,mediapipe,mediapipe,mediapipe,mediapipe,mediapipe
370,7.4,-0.4251807057340505,0.2571809319910957,-0.2598509788513183,0.9999891519546508,0.9999995231628418,-0.0519473105669021,-0.6194005012512207,-0.2541951537132263,0.9999926686286926,0.9999994039535522,0.026473264867691644,-0.5132776323685455,-0.2112129628658294,0.9999974370002748,0.9999996423721312,-0.026473264867691644,0.5132776323685558,0.113400675356388,0.9999812841415404,0.999996304512024,0.6878607745154376,-0.011273219257624497,-0.2454381585121154,0.9983293414115906,0.9999939203262328,-1.3729228070059771,-1.4387918177289811,0.1417815089225769,0.6180266737937927,0.9999871253967284,0.35201229883306956,0.479117081456351,-0.1876434087753296,0.994763731956482,0.9999986886978148,-0.5819942986476653,-0.3385315644012579,0.0529235415160656,0.8675311207771301,0.9999990463256836,-0.5832573239583709,0.27870755876627107,-0.0653922259807586,0.999971866607666,0.9999992847442628,-0.43315641022802204,0.6281817690446496,0.0663625821471214,0.9999582767486572,0.9999990463256836,0.9872576730650423,1.1728777789372544,-0.0983615815639495,0.994174301624298,0.9999951124191284,0.41324379105708153,0.6933348116533752,0.1268107593059539,0.8324602246284485,0.9999954700469972,1.2070568485885231,1.552985757065401,0.0019766967743635,0.9948063492774964,0.9999734163284302,0.5837151850119952,1.258171695822161,0.2895107567310333,0.9050244092941284,0.9999908208847046,1.2087503802854918,1.578324530636901,0.0137505559250712,0.968190371990204,0.9998849630355836,1.213407686164302,1.633174169147574,0.2656181752681732,0.8648549318313599,0.9999821186065674,1.2203712980838322,1.541921789450296,-0.0603240393102169,0.9953455328941344,0.9998181462287904,1.1757028317828682,1.614837338923895,0.226283922791481,0.9469093680381776,0.99993896484375,mediapipe,mediapipe,mediapipe,mediapipe,mediapipe,mediapipe,mediapipe,mediapipe,movenet,movenet,mediapipe,mediapipe,mediapipe,mediapipe,mediapipe,mediapipe,mediapipe,mediapipe
371,7.42,-0.4305240545308157,0.17713495170930704,-0.2599960267543793,0.9999898672103882,0.9999994039535522,-0.0396381840109825,-0.6257467269897461,-0.2533482909202575,0.9999931454658508,0.9999994039535522,-0.17904940533835823,-0.3328115162035698,-0.2107787877321243,0.9999974966049194,0.9999995231628418,0.17904940533835823,0.3328115162035659,0.1182775944471359,0.999980628490448,0.9999947547912598,0.6668531819300079,-0.009737752758506905,-0.2427714169025421,0.9984152913093568,0.9999914169311525,-1.3899156745904695,-1.4435957590777173,0.1523612886667251,0.6061174869537354,0.9999808073043824,0.3159000268262849,0.469999366542357,-0.1804732531309127,0.9951465725898744,0.999997854232788,-0.6136195418392801,-0.34976545072476917,0.0686640366911888,0.8696776032447815,0.9999985694885254,-0.7045331659614901,0.3458678010877317,-0.0656735301017761,0.9999733567237854,0.9999991655349731,-0.5393798261774357,0.707951321633224,0.0666240155696868,0.9999597072601318,0.9999986886978148,0.9217261723159405,1.2085346152060312,-0.0928350836038589,0.9941388964653016,0.999992609024048,0.4124497720439446,0.7075218446609346,0.1437086313962936,0.8290257453918457,0.9999934434890748,1.1844497959091411,1.593050353898954,0.0133411819115281,0.9949784874916076,0.9999661445617676,0.5875330397165065,1.2808615996578494,0.3076003789901733,0.9084327220916748,0.999986171722412,1.1949846562752189,1.6138261056857321,0.0253421291708946,0.9684453010559082,0.9998594522476196,1.2237175241667468,1.6588962447923952,0.2838525176048279,0.8689340949058533,0.9999731779098512,1.2202159532859453,1.572955221859513,-0.0450687371194362,0.9954931735992432,0.9997631907463074,1.2149450100642847,1.6419872563525653,0.2465671449899673,0.9492858052253724,0.99990975856781,mediapipe,mediapipe,mediapipe,mediapipe,mediapipe,mediapipe,mediapipe,mediapipe,movenet,movenet,mediapipe,mediapipe,mediapipe,mediapipe,mediapipe,mediapipe,mediapipe,mediapipe
372,7.44,-0.2214317175892956,0.1469043695196669,-0.2623640298843384,0.9999905824661256,0.9999996423721312,-0.0262705069035291,-0.6247121095657349,-0.2487895786762237,0.9999935626983644,0.9999995231628418,-0.022560147532476357,-0.35444039237095737,-0.2024044841527938,0.9999975562095642,0.9999996423721312,0.022560147532476357,0.3544403923709535,0.120242103934288,0.9999799132347108,0.9999947547912598,0.6545780000801609,-0.006043199070424636,-0.2368026226758957,0.9984568357467652,0.9999920129776,0.435721139583497,0.7077885682518645,0.154957115650177,0.5889749526977539,0.9999783039093018,0.2980354985793288,0.46557660661486366,-0.1814011633396148,0.9954717755317688,0.9999983310699464,-0.6422082196919219,-0.3496441505435292,0.0758193358778953,0.8677737712860107,0.9999983310699464,-0.7839200320727336,0.3892917982247496,-0.0656522959470748,0.999974489212036,0.9999992847442628,-0.6115682549707517,0.759957332448524,0.0666084960103035,0.9999606013298036,0.999998927116394,0.9241009572534772,1.2360829949947985,-0.0920780897140502,0.9937291741371156,0.999994158744812,0.39811716749821585,0.7095425665016103,0.1328058391809463,0.8252608776092529,0.9999942779541016,1.1349461668218008,1.6826594838456674,0.0103190299123525,0.9950025677680968,0.9999663829803468,0.5731810569970994,1.2960395661753479,0.2941091656684875,0.9103914499282836,0.9999895095825196,1.1346991511391695,1.6992206311096156,0.0215831827372312,0.9671287536621094,0.9998538494110109,1.2036751567788686,1.676204612540559,0.2704344987869262,0.87095046043396,0.99997878074646,1.1448784561629932,1.6008035087791492,-0.0510468073189258,0.995500385761261,0.9997643828392028,1.1937416915356807,1.6567627050712617,0.2334309071302414,0.9508458375930786,0.9999247789382936,mediapipe,mediapipe,mediapipe,mediapipe,mediapipe,movenet,mediapipe,mediapipe,movenet,movenet,mediapipe,mediapipe,mediapipe,mediapipe,mediapipe,mediapipe,mediapipe,mediapipe
373,7.46,-0.5170101896876975,0.14876323603398417,-0.2488590776920318,0.9999906420707704,0.9999985694885254,-0.0227652937173843,-0.6254183650016785,-0.2528132200241089,0.999993622303009,0.9999986886978148,-0.4937982835458932,-0.13614402667091666,-0.207901269197464,0.9999975562095642,0.9999994039535522,0.4937982835458932,0.13614402667091274,0.1185133457183837,0.9999788403511048,0.9999933242797852,0.5773598333792488,-0.007126976637431855,-0.2409539371728897,0.9985130429267884,0.9999901056289672,0.3912697581789006,0.7168489356741835,0.1530448496341705,0.5770279765129089,0.9999788999557496,0.2592859256451001,0.4704424208317297,-0.1822789311408996,0.9957643747329712,0.9999977350234984,-0.6737954497383765,-0.3547308793852768,0.0773966833949089,0.8698521852493286,0.9999986886978148,-0.9044627100861335,0.4542538032324846,-0.0656909346580505,0.9999756217002868,0.9999990463256836,-0.7171807060345232,0.8329539025714926,0.0666326284408569,0.9999616146087646,0.9999986886978148,0.8632247712365476,1.2771126360281584,-0.0804070457816124,0.9935632944107056,0.999991774559021,0.40203124019367054,0.7233448872184691,0.1429794132709503,0.8203932642936707,0.9999934434890748,1.0606999471993124,1.7346329082886691,0.0258561205118894,0.99509596824646,0.9999587535858154,0.550200315917939,1.3241847601144328,0.3094366788864136,0.9114999771118164,0.9999864101409912,1.0576803387502471,1.746656390191989,0.0370659604668617,0.9666286110877992,0.9998303651809692,1.170494718555059,1.7101769520503798,0.2860839664936065,0.8727067708969116,0.9999732971191406,1.0577203775220623,1.6394878157473014,-0.0356113947927951,0.9955527782440186,0.9997500777244568,1.1554208750869297,1.6839411687848853,0.2513796687126159,0.952160656452179,0.9999194145202636,mediapipe,mediapipe,mediapipe,mediapipe,mediapipe,movenet,mediapipe,mediapipe,movenet,movenet,mediapipe,mediapipe,mediapipe,mediapipe,mediapipe,mediapipe,mediapipe,mediapipe
374,7.48,-0.4420151587489555,0.06364538560071911,-0.2492249608039856,0.999991238117218,0.9999995231628418,-0.0093399574980139,-0.6243830919265747,-0.2522031664848327,0.9999939799308776,0.9999994039535522,-0.46188367775251543,-0.016439352789443862,-0.2082100808620453,0.999997615814209,0.9999996423721312,0.46188367775251543,0.016439352789439955,0.1208197101950645,0.9999791383743286,0.999996542930603,0.5594393299605591,0.009563842527738778,-0.2437718957662582,0.9985703825950624,0.9999908208847046,0.3619773788462633,0.710289650585891,0.1579767018556594,0.5721397399902344,0.9999874830245972,0.23894629156705452,0.4730007660427011,-0.1835877150297165,0.9960294365882874,0.999997854232788,-0.7040787854301225,-0.3583626491753136,0.0805286914110183,0.8752828240394592,0.9999992847442628,-0.9876545259218559,0.4992501227485624,-0.0660154819488525,0.999976933002472,0.9999992847442628,-0.7912388348097378,0.8810421057444728,0.0669682770967483,0.999963402748108,0.9999990463256836,0.8206897678568228,1.2910758038344636,-0.0880873948335647,0.9936394095420836,0.9999934434890748,0.40000483000164805,0.7287703325387571,0.1462844461202621,0.8206945657730103,0.9999957084655762,1.1365916072523672,1.7427443595741325,0.0182052236050367,0.9952419400215148,0.9999730587005616,0.5609953248161161,1.3591454886356424,0.3082381784915924,0.9151020646095276,0.9999918937683104,1.1485237402372317,1.7594248040756229,0.0297090262174606,0.9667397141456604,0.9998905658721924,1.187443783896818,1.7528272866264467,0.2845669388771057,0.8774878978729248,0.9999834299087524,1.1191897735009593,1.6634769170715296,-0.0411443226039409,0.9956990480422974,0.999832034111023,1.1673935424109492,1.7236717066003358,0.2495414167642593,0.9545992612838744,0.999942421913147,mediapipe,mediapipe,mediapipe,mediapipe,mediapipe,movenet,mediapipe,mediapipe,movenet,movenet,mediapipe,mediapipe,mediapipe,mediapipe,mediapipe,mediapipe,mediapipe,mediapipe
375,7.5,-0.4328497760177099,0.0027880008367799653,-0.2531861066818237,0.999991536140442,0.9999991655349731,-0.0049856822006404,-0.6240121126174927,-0.2554537057876587,0.9999940991401672,0.9999991655349731,-0.5472091048558496,0.08114033102701715,-0.2110935747623443,0.999997615814209,0.9999994039535522,0.5472091048558496,-0.08114033102702105,0.1185186207294464,0.9999785423278807,0.9999939203262328,0.5425526788922264,0.019838884510223802,-0.2459225207567215,0.9986080527305604,0.9999896287918092,0.3448511973269522,0.7330526332076281,0.1576780080795288,0.5579808950424194,0.9999799728393556,0.21881157852072536,0.47114672845732974,-0.1841616481542587,0.996246576309204,0.9999974966049194,-0.715942299096576,-0.3533476239249217,0.0817577540874481,0.875466525554657,0.9999985694885254,-1.0253147746443285,0.5207609671543186,-0.0660488158464431,0.9999778270721436,0.9999991655349731,-0.824902626380962,0.9007482744019848,0.0670054256916046,0.9999644160270692,0.9999988079071044,0.8375283137452991,1.2976432829378197,-0.0846579894423484,0.9933889508247375,0.999990940093994,0.3988036057979105,0.7306364191178638,0.1511916220188141,0.8171863555908203,0.9999938011169434,1.131972971348259,1.7457993254969288,0.0252277310937643,0.9952400922775269,0.9999655485153198,0.534567123830535,1.392611100195453,0.3117420375347137,0.9175549149513244,0.9999887943267822,1.1409633678077045,1.7601246616824506,0.0368203110992908,0.965872883796692,0.9998658895492554,1.1488259274440604,1.7940270544858858,0.2879669964313507,0.8804400563240051,0.9999775886535645,1.1260557346435376,1.6713795695530373,-0.0349670760333538,0.9957014322280884,0.9997946619987488,1.142973548899983,1.7637347496927887,0.2499462515115738,0.9562824964523317,0.9999243021011353,mediapipe,mediapipe,mediapipe,mediapipe,mediapipe,movenet,mediapipe,mediapipe,movenet,movenet,mediapipe,mediapipe,mediapipe,mediapipe,mediapipe,mediapipe,mediapipe,mediapipe
376,7.52,-0.5183847372074519,-0.11971926013103466,-0.2443291097879409,0.9999914765357972,0.9999984502792358,0.0001534088951302,-0.6257569193840027,-0.2507376968860626,0.9999940395355223,0.9999984502792358,-0.6423732231865527,0.1687657788602154,-0.2071297168731689,0.999997615814209,0.9999992847442628,0.6423732231865527,-0.16876577886021932,0.1243008822202682,0.9999783635139464,0.999994158744812,0.5157357156941692,0.02499312154469806,-0.2439964264631271,0.9986299872398376,0.999987244606018,0.320648656218978,0.7288510387272994,0.1659097373485565,0.5509924292564392,0.9999825954437256,0.18991508575071775,0.4749686819455267,-0.1835590600967407,0.9964246153831482,0.9999966621398926,-0.7398710176799225,-0.36193023805650937,0.0900806188583374,0.8810479640960693,0.9999990463256836,-1.0968535563528141,0.5583747984204989,-0.0661279186606407,0.9999786019325256,0.9999988079071044,-0.8886886703587903,0.9406427594051989,0.0670903101563453,0.9999654293060304,0.9999985694885254,0.812189664071891,1.3122214312938516,-0.0860101804137229,0.9931825995445251,0.999987006187439,0.39619621216336337,0.7377065935988184,0.1479184031486511,0.8153417110443115,0.999992609024048,1.0775230463815535,1.7584660860083359,0.0275605451315641,0.9952050447463988,0.9999520778656006,0.5138967395584121,1.426562422171878,0.3077805638313293,0.91971755027771,0.9999841451644896,1.0814302715961583,1.7718643526351303,0.0395080260932445,0.9648316502571106,0.9998155236244202,1.1193534538520729,1.8348745712102983,0.2838967740535736,0.8831132650375366,0.9999678134918212,1.0574352741039654,1.6909292010060277,-0.0306380521506071,0.9956604838371276,0.999722421169281,1.1110937653965394,1.8075121016924578,0.2461386024951934,0.9577617645263672,0.9998918771743774,mediapipe,mediapipe,mediapipe,mediapipe,mediapipe,movenet,mediapipe,mediapipe,movenet,movenet,mediapipe,mediapipe,mediapipe,mediapipe,mediapipe,mediapipe,mediapipe,mediapipe
377,7.54,-0.31370977548042417,-0.09354193666939901,-0.2412272840738296,0.9999918937683104,0.9999994039535522,0.0059074917808175,-0.6244710087776184,-0.2426929324865341,0.9999942183494568,0.9999994039535522,-0.5794571445357581,0.1014509933502698,-0.1965305209159851,0.9999976754188538,0.9999996423721312,0.5794571445357581,-0.10145099335027372,0.1306154131889343,0.9999781847000122,0.9999955892562866,0.5074470793944874,0.03189350197679554,-0.2320151329040527,0.9986380934715272,0.999991774559021,0.30906767683300257,0.7294024410845178,0.1720703542232513,0.5357419848442078,0.999984622001648,0.17745795320220512,0.4764787332649659,-0.1741357743740081,0.9965593218803406,0.9999979734420776,-0.7539094967680442,-0.3665194581446013,0.0954861789941787,0.8783305287361145,0.9999988079071044,-1.1321015768459957,0.5777074966110914,-0.0661140456795692,0.9999794363975524,0.9999992847442628,-0.9199595760482883,0.9585921465274905,0.0670780763030052,0.9999664425849916,0.9999990463256836,0.8047375895995598,1.3122105001962003,-0.0906301662325859,0.9928642511367798,0.9999921321868896,0.37575624315499184,0.7383618624967943,0.1388181746006012,0.8108051419258118,0.9999947547912598,1.1157564370402913,1.7611116950027348,0.0210882481187582,0.9950878620147704,0.9999715089797974,0.5165874438758872,1.4361299925112108,0.2975601255893707,0.9198281764984132,0.9999914169311525,1.1268675087407953,1.776414521895691,0.0335395373404026,0.9633167386054992,0.999892234802246,1.1299060579357283,1.8454273472746048,0.2737789154052734,0.8827673196792603,0.9999831914901732,1.108340277969587,1.700342085180804,-0.0361778698861599,0.9955906867980956,0.9998340606689452,1.1479336559822653,1.8234354624157165,0.2363836169242859,0.9583956599235536,0.9999419450759888,mediapipe,mediapipe,mediapipe,mediapipe,mediapipe,movenet,mediapipe,mediapipe,movenet,movenet,mediapipe,mediapipe,mediapipe,mediapipe,mediapipe,mediapipe,mediapipe,mediapipe
378,7.56,-0.451540341625371,-0.14097066733867908,-0.2339214235544204,0.9999920725822448,0.9999991655349731,0.0134247783571481,-0.6228651404380798,-0.2368878573179245,0.9999942779541016,0.9999990463256836,-0.6938093776276912,0.0770980752708192,-0.1899127513170242,0.9999976754188538,0.9999994039535522,0.6938093776276912,-0.07709807527082312,0.1375515460968017,0.9999781847000122,0.999995231628418,0.46891010037201947,0.04360258513724023,-0.2234284281730651,0.998625636100769,0.9999892711639404,0.2835289172962436,0.7362683278681853,0.1804171651601791,0.5263808369636536,0.9999836683273317,0.14746601800918147,0.4806780459323601,-0.1618039309978485,0.9966520071029664,0.9999972581863404,-0.7796948659037215,-0.364601386586877,0.1027678847312927,0.8811469674110413,0.9999990463256836,-1.1999378370053282,0.6120972128784218,-0.0661146938800811,0.9999802708625792,0.9999991655349731,-0.9806316648192379,0.9956668346956048,0.0670796632766723,0.9999675750732422,0.999998927116394,0.7674494354038252,1.3177586679746855,-0.0939770564436912,0.992793083190918,0.9999910593032836,0.34834721125885604,0.7427235253029754,0.1334249675273895,0.8086941838264465,0.9999942779541016,1.049469149826224,1.7785175348966855,0.0173193123191595,0.9951190948486328,0.9999715089797974,0.47936905765509086,1.4488857766511913,0.2933914363384247,0.9207971096038818,0.9999902248382568,1.0576590687677603,1.797393126792383,0.0300629045814275,0.9630412459373474,0.9998923540115356,1.0815264261567346,1.8596647613949968,0.2697771191596985,0.883406400680542,0.999981164932251,1.0467943865875944,1.7234764635443596,-0.039851140230894,0.99562406539917,0.9998082518577576,1.1096794504920358,1.851012191627209,0.232458159327507,0.9593061208724976,0.9999302625656128,mediapipe,mediapipe,mediapipe,mediapipe,mediapipe,movenet,mediapipe,mediapipe,movenet,movenet,mediapipe,mediapipe,mediapipe,mediapipe,mediapipe,mediapipe,mediapipe,mediapipe
379,7.58,-0.47494008571032587,-0.2677454959696347,-0.2087827175855636,0.9999918937683104,0.9999988079071044,0.0153633039444684,-0.6247609853744507,-0.215828076004982,0.9999942183494568,0.999998927116394,-0.7780302911723517,0.03536724628653243,-0.1702044606208801,0.9999976754188538,0.9999995231628418,0.7780302911723517,-0.03536724628653634,0.1528720110654831,0.9999773502349854,0.9999942779541016,0.4406430972089916,0.061297267444031085,-0.2033828496932983,0.9986336827278136,0.999990940093994,0.27414031739699896,0.7353387816004263,0.1908801347017288,0.5156561136245728,0.9999792575836182,0.1262132733462253,0.4854836420726149,-0.142190620303154,0.996787965297699,0.9999980926513672,-0.7866444515231553,-0.3758959845729216,0.1079921498894691,0.8793508410453796,0.9999984502792358,-1.235921189047703,0.6303122637691368,-0.0659193769097328,0.9999812841415404,0.9999994039535522,-1.0116760255403618,1.0140056572047682,0.0669019520282745,0.9999688863754272,0.9999991655349731,0.7610350207517146,1.3254340013923689,-0.0963406935334205,0.9931079149246216,0.9999938011169434,0.327223700731928,0.7458465380671577,0.1313683837652206,0.8148406147956848,0.9999957084655762,1.0546132302593312,1.7813856867429152,0.0149595504626631,0.9953554272651672,0.9999818801879884,0.44283217778765904,1.4531162246096785,0.2901082336902618,0.924695074558258,0.999993085861206,1.0670828654134321,1.8013638690832061,0.0279180314391851,0.9640963673591614,0.99993097782135,1.0325464682533916,1.8649818143525685,0.2668523490428924,0.8874874114990234,0.99998676776886,1.0789056152155627,1.730603540837294,-0.0425848886370658,0.995820939540863,0.9998687505722046,1.0565493158654022,1.8710537243228078,0.2300527244806289,0.9614592790603638,0.9999473094940186,mediapipe,mediapipe,mediapipe,mediapipe,mediapipe,movenet,mediapipe,mediapipe,movenet,movenet,mediapipe,mediapipe,mediapipe,mediapipe,mediapipe,mediapipe,mediapipe,mediapipe
380,7.6,-0.4164216023295555,-0.2129749691981774,-0.2153893560171127,0.9999920129776,0.9999990463256836,0.0179384462535381,-0.6225546002388,-0.2207236588001251,0.9999943375587464,0.9999991655349731,-0.604406255382399,-0.026731296180845285,-0.1722079813480377,0.9999977350234984,0.9999996423721312,0.604406255382399,0.026731296180841378,0.1471800208091735,0.9999771118164062,0.9999951124191284,0.42451834062617905,0.05754623564465868,-0.2010378241539001,0.9986351728439332,0.9999927282333374,0.2698887272261906,0.7302425206075577,0.1834328174591064,0.5042603015899658,0.9999796152114868,0.1126822924278431,0.4838029422613913,-0.1395868211984634,0.9969118237495422,0.9999984502792358,-0.794418393744363,-0.36784465933851623,0.1013853996992111,0.8754085302352905,0.9999983310699464,-1.2510628961691008,0.6383086791656468,-0.0652487128973007,0.9999821186065674,0.9999994039535522,-1.0251140433821497,1.0214367998816614,0.0662574619054794,0.999970018863678,0.9999991655349731,0.7469599527550909,1.3218924735408684,-0.09812031686306,0.9931142330169678,0.9999936819076538,0.3165887069562811,0.7456540039713538,0.1279381513595581,0.8171374201774597,0.9999949932098388,1.015458005316668,1.7819701154839187,0.013164865784347,0.9954076409339904,0.9999780654907228,0.4238277885211713,1.4531816328638374,0.2897931933403015,0.9261018633842468,0.999991774559021,1.0247752362551086,1.8019808434075222,0.0264495611190795,0.963820219039917,0.9999147653579712,1.007922714563895,1.8647738924504862,0.2664791047573089,0.8877843022346497,0.9999839067459106,1.044931448210349,1.7313279897337053,-0.0429828353226184,0.9958733320236206,0.9998396635055542,1.0515102272289518,1.8728568051963026,0.2273172736167907,0.962486743927002,0.9999390840530396,mediapipe,mediapipe,mediapipe,mediapipe,mediapipe,movenet,mediapipe,mediapipe,movenet,movenet,mediapipe,mediapipe,mediapipe,mediapipe,mediapipe,mediapipe,mediapipe,mediapipe
381,7.62,-0.5511256942477967,-0.28801950131199433,-0.1953751146793365,0.9999919533729552,0.999998927116394,0.0161203946918249,-0.6214746832847595,-0.2127923816442489,0.9999943375587464,0.9999990463256836,-0.8238901629342735,-0.053208876283649585,-0.1681568920612335,0.9999977946281432,0.9999996423721312,0.8238901629342735,0.05320887628364567,0.1538483798503875,0.9999775290489196,0.9999966621398926,0.38055099990940366,0.05962389844840624,-0.1993196755647659,0.9986417293548584,0.999992847442627,0.2608343672861808,0.7355556361091258,0.1889057159423828,0.4999744594097137,0.9999876022338868,0.09042474298185793,0.48338468034417775,-0.1357033103704452,0.9970253109931946,0.9999985694885254,-0.8010211194683495,-0.36238255768007627,0.1053237468004226,0.8789092898368835,0.9999992847442628,-1.272496833238246,0.6496500982240955,-0.065193198621273,0.9999829530715942,0.9999994039535522,-1.0432720092691756,1.0312517231582066,0.066199243068695,0.9999712705612184,0.9999992847442628,0.7305641442235216,1.3230224369325903,-0.0989547148346901,0.9932392835617064,0.9999945163726808,0.3228431440044475,0.7483689763817143,0.1267799288034439,0.8162561058998108,0.9999964237213136,0.9875299495363217,1.7891853096430252,0.0021021543070673,0.9955416917800904,0.9999829530715942,0.41152854142634737,1.4603310753452765,0.2884164452552795,0.9267619252204896,0.9999938011169434,0.9960060781333072,1.8068153490111516,0.0131056625396013,0.9643285274505616,0.9999332427978516,0.9891216321218124,1.8737223718164624,0.2642471492290497,0.8881670236587524,0.9999876022338868,1.0102430717769264,1.739230871381122,-0.0568043254315853,0.9960004687309264,0.9998840093612672,1.0207495745930542,1.880237275884439,0.2241255789995193,0.9634091258049012,0.9999579191207886,mediapipe,mediapipe,mediapipe,mediapipe,mediapipe,movenet,mediapipe,mediapipe,movenet,movenet,mediapipe,mediapipe,mediapipe,mediapipe,mediapipe,mediapipe,mediapipe,mediapipe
