frame,time,nose_x,nose_y,nose_z,nose_visibility,nose_presence,left_ear_x,left_ear_y,left_ear_z,left_ear_visibility,left_ear_presence,left_shoulder_x,left_shoulder_y,left_shoulder_z,left_shoulder_visibility,left_shoulder_presence,right_shoulder_x,right_shoulder_y,right_shoulder_z,right_shoulder_visibility,right_shoulder_presence,left_elbow_x,left_elbow_y,left_elbow_z,left_elbow_visibility,left_elbow_presence,right_elbow_x,right_elbow_y,right_elbow_z,right_elbow_visibility,right_elbow_presence,left_wrist_x,left_wrist_y,left_wrist_z,left_wrist_visibility,left_wrist_presence,right_wrist_x,right_wrist_y,right_wrist_z,right_wrist_visibility,right_wrist_presence,left_hip_x,left_hip_y,left_hip_z,left_hip_visibility,left_hip_presence,right_hip_x,right_hip_y,right_hip_z,right_hip_visibility,right_hip_presence,left_knee_x,left_knee_y,left_knee_z,left_knee_visibility,left_knee_presence,right_knee_x,right_knee_y,right_knee_z,right_knee_visibility,right_knee_presence,left_ankle_x,left_ankle_y,left_ankle_z,left_ankle_visibility,left_ankle_presence,right_ankle_x,right_ankle_y,right_ankle_z,right_ankle_visibility,right_ankle_presence,left_heel_x,left_heel_y,left_heel_z,left_heel_visibility,left_heel_presence,right_heel_x,right_heel_y,right_heel_z,right_heel_visibility,right_heel_presence,left_foot_index_x,left_foot_index_y,left_foot_index_z,left_foot_index_visibility,left_foot_index_presence,right_foot_index_x,right_foot_index_y,right_foot_index_z,right_foot_index_visibility,right_foot_index_presence,nose_source,left_ear_source,left_shoulder_source,right_shoulder_source,left_elbow_source,right_elbow_source,left_wrist_source,right_wrist_source,left_hip_source,right_hip_source,left_knee_source,right_knee_source,left_ankle_source,right_ankle_source,left_heel_source,right_heel_source,left_foot_index_source,right_foot_index_source
300,6.0,-0.00940758630461061,-1.0564676285926589,-0.2865036427974701,0.9998627305030824,0.9999303817749025,-0.0022721015848219,-0.5677796006202698,-0.3134064972400665,0.99990713596344,0.9999547004699708,0.47636380519320853,-0.6303890016091335,-0.2675144672393799,0.9999952912330629,0.9999979734420776,-0.47636380519320853,0.6303890016091296,0.033200055360794,0.999941885471344,0.9999849796295166,0.2164581655872548,0.28311922194421996,-0.2955828011035919,0.996384620666504,0.9999668598175048,0.5815308033086738,0.6827816852533485,0.0527527555823326,0.5251200795173645,0.9999446868896484,-0.09654824835961419,0.5268047934539607,-0.2167854607105255,0.9941513538360596,0.999994158744812,-1.0770188795229512,-0.3401742288972353,0.0007098370697349,0.5778993368148804,0.9999794960021972,-0.28861633967536476,0.1863690614965621,-0.0460669659078121,0.9999939203262328,0.9999997615814208,-0.18368120324329407,0.3343193120743037,0.047304380685091,0.9999914765357972,0.9999997615814208,-0.4915834129520728,-0.4198194295110094,-0.3165725469589233,0.9919303059577942,0.99999737739563,-0.70564929391667,-0.6634070071143368,-0.1447867900133133,0.9534114599227904,0.9999959468841552,-0.3466049171095952,-0.5172661224115721,-0.0877944976091384,0.9808695912361144,0.9999840259552002,-0.6295914209609275,-0.7355832695624503,0.0431258045136928,0.91589093208313,0.9999921321868896,-0.31092515381572355,-0.5512019333791418,-0.0584133714437484,0.8844723701477051,0.9999459981918336,-0.3465594019066542,-0.5780796287024108,0.0254291072487831,0.8173225522041321,0.9999898672103882,-0.10815375122886263,-0.49876633636343326,-0.0986227393150329,0.9823587536811828,0.9998038411140442,-0.17667774184384588,-0.4032322263664946,0.0042138546705245,0.9326411485671996,0.9998810291290284,mediapipe,mediapipe,mediapipe,mediapipe,mediapipe,movenet,mediapipe,gpr,movenet,movenet,mediapipe,mediapipe,mediapipe,mediapipe,mediapipe,mediapipe,mediapipe,mediapipe
301,6.02,0.010358652142891674,-1.0426077663787245,-0.2942757606506347,0.9998563528060912,0.9998898506164552,-0.0029282588511705,-0.5665656924247742,-0.3171372413635254,0.9999019503593444,0.9999314546585084,0.5033117091369057,-0.5833831002058637,-0.2700153887271881,0.9999951124191284,0.9999971389770508,-0.5033117091369057,0.5833831002058598,0.0292013678699731,0.9999393224716188,0.9999737739562988,0.21049567290354573,0.2821107659346798,-0.2985358834266662,0.9962446689605712,0.9999607801437378,0.5890678288797122,0.6809452629913755,0.0477149859070777,0.5156774520874023,0.999911904335022,-0.0998961299193462,0.524595384159427,-0.2215609401464462,0.99386465549469,0.9999923706054688,-1.1277284854553589,-0.3883907867797001,-0.004505330696702,0.5618329048156738,0.9999514818191528,-0.27792509521695,0.1781435877715608,-0.0460599176585674,0.9999936819076538,0.9999996423721312,-0.17510646838131608,0.3293438862000131,0.0472986996173858,0.9999911189079284,0.9999996423721312,-0.4920301269397032,-0.42449793681041326,-0.3158879578113556,0.9911860823631288,0.9999964237213136,-0.7120058959754438,-0.667016115831122,-0.1440208405256271,0.95015287399292,0.9999935626983644,-0.3435045197089751,-0.5163480298382483,-0.0877794474363327,0.9794039130210876,0.9999779462814332,-0.6455607631219908,-0.7406029237969607,0.0431399010121822,0.9108404517173768,0.9999879598617554,-0.3076251703587803,-0.5497614869833762,-0.0584380589425563,0.877715528011322,0.9999268054962158,-0.36945652399822404,-0.5835810321226848,0.025408212095499,0.8091920614242554,0.9999855756759644,-0.10581546272647827,-0.5005541261047043,-0.0989847406744957,0.9809637069702148,0.9997329115867616,-0.19933820428390694,-0.40891855485222856,0.0041488204151391,0.928093433380127,0.9998314380645752,mediapipe,mediapipe,mediapipe,mediapipe,mediapipe,movenet,mediapipe,gpr,movenet,movenet,mediapipe,mediapipe,mediapipe,mediapipe,mediapipe,mediapipe,mediapipe,mediapipe
302,6.04,0.006336003899139599,-1.0144938816062066,-0.2949293851852417,0.9998571872711182,0.9999202489852904,-0.005983346607536,-0.5657663345336914,-0.3174344301223755,0.9999026656150818,0.9999496936798096,0.484415707947046,-0.5621759216276099,-0.2705300152301788,0.9999950528144836,0.999997615814209,-0.484415707947046,0.5621759216276201,0.0292855724692344,0.9999393224716188,0.9999828338623048,0.20588628398240638,0.27909217271616976,-0.2986511290073395,0.9962594509124756,0.9999632835388184,0.5938719247325553,0.6737039115156815,0.0493953749537467,0.5172563195228577,0.99993634223938,-0.1079354822107837,0.5220015119070424,-0.2211012095212936,0.9938520193099976,0.9999927282333374,-1.1561658638773076,-0.42293758643099894,-0.0021328434813767,0.5641664266586304,0.9999722242355348,-0.25533135402201806,0.1663212354992999,-0.046121247112751,0.9999935030937196,0.9999996423721312,-0.1559094606421365,0.3111112342958266,0.0473548956215381,0.999990940093994,0.9999996423721312,-0.48251907085328866,-0.43495628615656007,-0.3194653391838074,0.9913458824157716,0.9999969005584716,-0.7117877451282598,-0.6729646318117254,-0.1427519023418426,0.950129210948944,0.9999948740005492,-0.33259690042647444,-0.5189687160865267,-0.091663122177124,0.9795501828193665,0.9999817609786988,-0.660725140406621,-0.7496462476064109,0.0455398485064506,0.9104678630828856,0.9999892711639404,-0.29639088405898817,-0.5502538715287985,-0.0623814798891544,0.8777441382408142,0.9999383687973022,-0.39343006164782796,-0.593682290720466,0.0279571488499641,0.8074409365653992,0.9999871253967284,-0.10060733364040937,-0.4998876490117136,-0.1038741692900657,0.9810740947723388,0.9997739195823668,-0.22169937174288598,-0.4195244772233952,0.0060906070284545,0.9275924563407898,0.9998537302017212,mediapipe,mediapipe,mediapipe,mediapipe,mediapipe,movenet,mediapipe,gpr,movenet,movenet,mediapipe,mediapipe,mediapipe,mediapipe,mediapipe,mediapipe,mediapipe,mediapipe
303,6.06,0.019585682179573412,-1.0550427486625493,-0.3045967221260071,0.9998611211776732,0.9999533891677856,-0.0047904271632432,-0.562968909740448,-0.3234631419181824,0.999904215335846,0.999964714050293,0.5379593563554338,-0.3941136748361065,-0.2740140855312347,0.9999951124191284,0.9999979734420776,-0.5379593563554338,0.3941136748361026,0.0234195943921804,0.999941110610962,0.9999868869781494,0.2219138684310733,0.30822392366919343,-0.2998293936252594,0.996300995349884,0.9999690055847168,0.5934302529244552,0.6746489874923381,0.0442926026880741,0.5255931615829468,0.9999500513076782,-0.10467347411816627,0.5291163173383183,-0.2215518504381179,0.9939778447151184,0.9999953508377076,-1.1818682326414032,-0.443919917568426,-0.0073739816434681,0.5776652097702026,0.9999833106994628,-0.24984410116314987,0.16233431935171788,-0.0459910705685615,0.9999935030937196,0.9999997615814208,-0.15234950743142223,0.3089196537684951,0.0472152419388294,0.999990940093994,0.9999997615814208,-0.4789133026373747,-0.3969151004406702,-0.318638801574707,0.9911234974861144,0.999997615814209,-0.7158158508445159,-0.6655620013123947,-0.1467692106962204,0.9501000046730042,0.9999966621398926,-0.3261992571547776,-0.4696027649027408,-0.0902215912938118,0.9791988134384156,0.999987244606018,-0.6659347662428619,-0.725393498762501,0.0414099544286727,0.910542905330658,0.9999938011169434,-0.2910552793304639,-0.500900913308241,-0.0610873699188232,0.8748763203620911,0.9999583959579468,-0.4011665693623469,-0.5664221460921741,0.0240586344152688,0.8063763380050659,0.9999922513961792,-0.0962229699859814,-0.4399560446195502,-0.1033633574843406,0.9807924032211304,0.999847173690796,-0.23296525198983187,-0.3921610915775401,-0.0001438874460291,0.9278225898742676,0.9999063014984132,mediapipe,mediapipe,mediapipe,mediapipe,mediapipe,movenet,mediapipe,gpr,movenet,movenet,mediapipe,mediapipe,mediapipe,mediapipe,mediapipe,mediapipe,mediapipe,mediapipe
304,6.08,0.04934194616133227,-1.0065761102662685,-0.3039205074310303,0.9998690485954284,0.9999680519104004,-0.0052011171355843,-0.5634998083114624,-0.320792943239212,0.999910295009613,0.9999810457229614,0.4930609267618598,-0.4300687381465408,-0.273049533367157,0.999995231628418,0.9999986886978148,-0.4930609267618598,0.43006873814655056,0.0263831354677677,0.9999402165412904,0.999982476234436,0.21459098154478598,0.2802872181777745,-0.2993078827857971,0.9964423179626464,0.9999765157699584,0.596791088269637,0.6706037442741405,0.0465875454246997,0.5185667276382446,0.999919056892395,-0.10964501875187355,0.5156193072372319,-0.2205276638269424,0.994229793548584,0.9999953508377076,-1.1780352335691153,-0.43942853441006297,-0.0047394409775733,0.5676340460777283,0.9999547004699708,-0.2448842446253667,0.1602996823712747,-0.0463227480649948,0.9999935626983644,0.9999997615814208,-0.1484804744555151,0.3044980353834614,0.0475501976907253,0.999990940093994,0.9999996423721312,-0.4976985718045098,-0.4492529902037013,-0.318604052066803,0.9914541244506836,0.9999974966049194,-0.7177001040251405,-0.7360561107071525,-0.1438735276460647,0.951448142528534,0.9999947547912598,-0.33562842136266985,-0.6272706677982558,-0.0898273438215255,0.9798020720481871,0.9999843835830688,-0.6547394942147705,-0.8435822185782762,0.043167807161808,0.9127545356750488,0.999990940093994,-0.29763512935821584,-0.6661675899523052,-0.0604292564094066,0.879112720489502,0.9999473094940186,-0.3814293716055748,-0.6990751131098365,0.0256393682211637,0.8110821843147278,0.9999887943267822,-0.10697112578894293,-0.6057296202814743,-0.0993836596608161,0.9813664555549622,0.9997709393501282,-0.2019592118519054,-0.49290915662369755,0.004309075884521,0.9293448328971864,0.9998453855514526,mediapipe,mediapipe,mediapipe,mediapipe,mediapipe,movenet,mediapipe,gpr,movenet,movenet,mediapipe,mediapipe,mediapipe,mediapipe,mediapipe,mediapipe,mediapipe,mediapipe
305,6.1,0.043051707968735725,-0.9624659255996165,-0.3033336400985718,0.9998709559440612,0.9999537467956544,-0.005230389535427,-0.5624016523361206,-0.3211626410484314,0.9999101161956788,0.9999657869338988,0.504621395972232,-0.4442503316250036,-0.2730073928833008,0.9999952912330629,0.9999980926513672,-0.504621395972232,0.4442503316250134,0.0257351975888013,0.9999414682388306,0.9999866485595704,0.22500698245705783,0.2840967459030322,-0.2993647158145904,0.996447741985321,0.9999725818634032,0.5967300907387246,0.6732277137753745,0.0464788675308227,0.5271531939506531,0.9999537467956544,-0.10669371750470931,0.5176716085919942,-0.2208869457244873,0.9943209290504456,0.9999961853027344,-1.1599964683996817,-0.42099911045005134,-0.004736581351608,0.5806297063827515,0.999985933303833,-0.2420453039204241,0.1580290767674085,-0.0459240712225437,0.9999935030937196,0.9999997615814208,-0.14728434392816409,0.30414744022326495,0.0471108667552471,0.9999908208847046,0.9999997615814208,-0.4983357785771565,-0.45079533535449834,-0.3151099681854248,0.99093097448349,0.999997615814209,-0.7182846992482049,-0.7324603511974754,-0.1448665261268615,0.9497668147087096,0.9999961853027344,-0.33438801586210914,-0.5731117827367661,-0.089405670762062,0.9790719151496888,0.9999878406524658,-0.6570446645422527,-0.7957409851654439,0.0406767278909683,0.9102572798728944,0.9999924898147584,-0.29606590046327635,-0.6033265032286951,-0.0602219216525554,0.8758293986320496,0.9999604225158693,-0.3849699410384153,-0.6393289195593244,0.0229486636817455,0.8057794570922852,0.9999911785125732,-0.08888448836928976,-0.5072150109401927,-0.0990394353866577,0.9808555245399476,0.9998488426208496,-0.203126423012015,-0.416961740756263,0.0004872677964158,0.9276357293128968,0.9998940229415894,mediapipe,mediapipe,mediapipe,mediapipe,mediapipe,movenet,mediapipe,gpr,movenet,movenet,mediapipe,mediapipe,mediapipe,mediapipe,mediapipe,mediapipe,mediapipe,mediapipe
306,6.12,0.016166680840670977,-0.9642651379005419,-0.3029742240905761,0.9998704195022584,0.9999386072158812,-0.0037204422987997,-0.562256395816803,-0.3210428655147552,0.9999101161956788,0.9999610185623168,0.5100944518199788,-0.429503415655902,-0.2729513049125671,0.9999952912330629,0.9999979734420776,-0.5100944518199788,0.42950341565591177,0.0261239279061555,0.99994158744812,0.9999828338623048,0.22919857866267862,0.28849569713251844,-0.2998416721820831,0.996530532836914,0.999970555305481,0.5930847433202109,0.6732918665560397,0.0466889962553978,0.5273289680480957,0.9999353885650636,-0.10952712867879942,0.5180229189776826,-0.2227492779493332,0.9944652318954468,0.9999948740005492,-1.1319847506185499,-0.3899908633134023,-0.0045668776147067,0.5839805603027344,0.999975085258484,-0.25433883810605745,0.16735772398024296,-0.0459459759294986,0.9999935030937196,0.9999997615814208,-0.15922519058801213,0.31190589963468485,0.0471316389739513,0.9999908208847046,0.9999996423721312,-0.5074979174579889,-0.43577647317111945,-0.315202921628952,0.9909213781356812,0.9999971389770508,-0.7242074001379952,-0.7309897828720143,-0.145312413573265,0.950240194797516,0.999995231628418,-0.34415112623915534,-0.5490797346762619,-0.0898167639970779,0.9789806008338928,0.9999823570251464,-0.6625286701487693,-0.7910766615729649,0.0367511212825775,0.9107787609100342,0.9999910593032836,-0.30590561058927934,-0.5799647688427129,-0.0607402734458446,0.875229001045227,0.9999412298202516,-0.3919478064866361,-0.6337135935729759,0.0185387749224901,0.8068035840988159,0.9999886751174928,-0.09901509755406496,-0.49206887779557157,-0.1003021076321601,0.9807572364807128,0.9997785687446594,-0.21121495362720458,-0.4131469471493352,-0.0047372579574584,0.9279560446739196,0.999861478805542,mediapipe,mediapipe,mediapipe,mediapipe,mediapipe,movenet,mediapipe,gpr,movenet,movenet,mediapipe,mediapipe,mediapipe,mediapipe,mediapipe,mediapipe,mediapipe,mediapipe
307,6.14,0.08209057196495496,-0.9407839336902979,-0.3004652857780456,0.999874711036682,0.9999539852142334,-0.0051978318952023,-0.5645098090171814,-0.3137211203575134,0.9999135732650756,0.9999715089797974,0.5049429500196748,-0.5195878134312759,-0.2681701183319092,0.9999952912330629,0.9999980926513672,-0.5049429500196748,0.519587813431272,0.030109129846096,0.9999405145645142,0.9999804496765136,0.2207931703125789,0.2810053816140467,-0.2966914474964142,0.996537744998932,0.9999667406082152,0.595288213076546,0.6736506167226088,0.0482470989227294,0.5239371061325073,0.9999144077301024,-0.10999892050607495,0.5172782063154756,-0.2213724106550216,0.9944587349891664,0.9999933242797852,-1.0871470781833021,-0.36040329840909086,-0.0036252464633435,0.5773476958274841,0.9999551773071288,-0.24065004222673037,0.15931547087511558,-0.046056605875492,0.9999935626983644,0.9999997615814208,-0.14725577802231404,0.3015517879766047,0.0472788214683532,0.9999908804893494,0.9999996423721312,-0.49308848799878574,-0.4521710568685028,-0.3167756795883178,0.9912611842155457,0.9999972581863404,-0.7156383914562527,-0.7334132040105289,-0.1442642360925674,0.95195072889328,0.9999951124191284,-0.35948646655326955,-0.6009685284637141,-0.0897899493575096,0.9794444441795348,0.9999812841415404,-0.6514783550432458,-0.806693862127037,0.0371133610606193,0.9137982726097108,0.9999895095825196,-0.32571385251010265,-0.6359570460232731,-0.0606852732598781,0.8781105279922485,0.9999362230300904,-0.377304897811971,-0.6529616538146676,0.0187915060669183,0.8123505711555481,0.9999862909317015,-0.12005601683205083,-0.5737306488337218,-0.0998876765370369,0.9810791611671448,0.9997292160987854,-0.19772822331690879,-0.4423683216024488,-0.0040397034026682,0.929826557636261,0.99981290102005,mediapipe,mediapipe,mediapipe,mediapipe,mediapipe,movenet,mediapipe,gpr,movenet,movenet,mediapipe,mediapipe,mediapipe,mediapipe,mediapipe,mediapipe,mediapipe,mediapipe
308,6.16,0.04948781716684699,-0.8455382554129129,-0.3002500236034393,0.9998759031295776,0.9999496936798096,-0.0069959834218025,-0.5617442727088928,-0.3156633973121643,0.9999136328697203,0.9999629259109496,0.5960268244611553,-0.4693933974513517,-0.2688100039958954,0.999995231628418,0.9999977350234984,-0.5960268244611553,0.46939339745134784,0.0271753072738647,0.9999423027038574,0.9999885559082032,0.2346344943071852,0.28371163624533435,-0.2967381477355957,0.9964922666549684,0.9999668598175048,0.60510729346557,0.6709534326788278,0.0445979125797748,0.5377407073974609,0.9999556541442872,-0.10404971664595918,0.5190492021647494,-0.2213592082262039,0.9943822622299194,0.9999943971633912,-1.0692023693359125,-0.3582718191869024,-0.0071918102912604,0.5925477147102356,0.9999839067459106,-0.22347312122808793,0.1524462083574393,-0.0456011481583118,0.9999934434890748,0.9999996423721312,-0.13319075474512002,0.28538557889710486,0.04684354737401,0.9999908208847046,0.9999996423721312,-0.4813164172106552,-0.4497065833850839,-0.316419243812561,0.9909026026725768,0.9999966621398926,-0.7151713546860476,-0.7327257580331259,-0.1445683389902115,0.95156329870224,0.9999954700469972,-0.3556647380574031,-0.550235125776523,-0.0843913778662681,0.9779690504074096,0.9999779462814332,-0.6601364194913,-0.7947599077864125,0.0396733358502388,0.9107580184936525,0.9999884366989136,-0.3249518713035238,-0.5798123344282878,-0.0544740483164787,0.8704044818878174,0.999929666519165,-0.3912485469500105,-0.6380001752751017,0.0220440924167633,0.8053902983665466,0.999986171722412,-0.11671178246336884,-0.5078271731915612,-0.093862846493721,0.9797269701957704,0.9997528195381165,-0.2045063043188081,-0.42558075184540234,-0.0004620333202183,0.9271259903907776,0.999847173690796,mediapipe,mediapipe,mediapipe,mediapipe,mediapipe,movenet,mediapipe,gpr,movenet,movenet,mediapipe,mediapipe,mediapipe,mediapipe,mediapipe,mediapipe,mediapipe,mediapipe
309,6.18,0.019804866010232874,-0.8609503964909951,-0.3066690862178802,0.9998757243156432,0.9999381303787231,-0.0063895406201481,-0.5604814887046814,-0.3248232305049896,0.9999136924743652,0.9999594688415528,0.5806751519952964,-0.35861022843036017,-0.2751290202140808,0.9999952912330629,0.9999980926513672,-0.5806751519952964,0.3586102284303562,0.0237869452685117,0.9999428391456604,0.999984860420227,0.237813168772333,0.298680452856764,-0.3013900220394134,0.9965790510177612,0.9999717473983764,0.6035458116229145,0.673083912970218,0.043801262974739,0.5383689403533936,0.99994158744812,-0.10574132514095919,0.5199699563733088,-0.2243928760290146,0.9945929050445556,0.9999958276748656,-1.1001717290377544,-0.3882922479341499,-0.0079662157222628,0.5989896059036255,0.9999806880950928,-0.22702150884967867,0.15612266828446278,-0.0456191748380661,0.9999934434890748,0.9999997615814208,-0.13712380748454503,0.28688020852192625,0.0468513704836368,0.9999907612800598,0.9999997615814208,-0.48336047976448104,-0.39990735648360326,-0.311960905790329,0.9909197688102722,0.999997854232788,-0.7175933036627604,-0.7038803005685575,-0.144601359963417,0.9517962336540222,0.9999966621398926,-0.3381559069373099,-0.4861940925969527,-0.0799256712198257,0.978380560874939,0.9999886751174928,-0.6640833613953446,-0.7757666741670527,0.039792027324438,0.9113335013389589,0.9999942779541016,-0.3046494027100978,-0.516260833761161,-0.0504571087658405,0.8715695738792419,0.9999617338180542,-0.3976233832478662,-0.6199104318440859,0.0221993383020162,0.8060535192489624,0.9999927282333374,-0.10672023657220059,-0.45316150787090004,-0.0915341824293136,0.9801292419433594,0.999858021736145,-0.21241248135835747,-0.42057693970044513,-0.0004802747280336,0.928059697151184,0.9999146461486816,mediapipe,mediapipe,mediapipe,mediapipe,mediapipe,movenet,mediapipe,gpr,movenet,movenet,mediapipe,mediapipe,mediapipe,mediapipe,mediapipe,mediapipe,mediapipe,mediapipe
310,6.2,0.052152307307682166,-0.8546558517032574,-0.3056601285934448,0.999880075454712,0.9999579191207886,-0.0064786188304424,-0.5620663166046143,-0.3194928169250488,0.9999170899391174,0.9999754428863524,0.5783412437456423,-0.44108527467644976,-0.2714029550552368,0.9999953508377076,0.9999985694885254,-0.5783412437456423,0.44108527467644587,0.0269492417573928,0.9999417662620544,0.9999822378158568,0.2339403316171284,0.2820762431746472,-0.2983704209327698,0.9966184496879578,0.9999735355377196,0.6012756515883395,0.6701011876872432,0.0458461605012416,0.5307247042655945,0.9999165534973145,-0.10729584255528066,0.5135895824683596,-0.222992867231369,0.9946443438529968,0.9999948740005492,-1.166226770129495,-0.44765845207773913,-0.006051261909306,0.5851898193359375,0.9999531507492064,-0.22631987559363634,0.15939087189644252,-0.0456268414855003,0.9999935626983644,0.9999997615814208,-0.13677314258051698,0.28213586427815635,0.0468646474182605,0.999990940093994,0.9999997615814208,-0.4837356474210823,-0.43812238673498105,-0.3139641582965851,0.9912689328193665,0.9999979734420776,-0.713906969109743,-0.7297858792614077,-0.1456486582756042,0.9535602927207948,0.9999960660934448,-0.3407479980074661,-0.5939542493883075,-0.0800176113843917,0.9788964986801147,0.9999865293502808,-0.6581372265398829,-0.8085704987542036,0.0370220653712749,0.914428412914276,0.999991774559021,-0.3059886681310265,-0.6317104295215177,-0.0506072379648685,0.8748239278793335,0.999954342842102,-0.3882939866299539,-0.6568209302281142,0.0190659090876579,0.8113476037979126,0.99998939037323,-0.10161043769039564,-0.5821392272039155,-0.0906522497534751,0.9805623292922974,0.9997982382774352,-0.19998770581483089,-0.4595255711316037,-0.0029958405066281,0.9301056265830994,0.9998478889465332,mediapipe,mediapipe,mediapipe,mediapipe,mediapipe,movenet,mediapipe,gpr,movenet,movenet,mediapipe,mediapipe,mediapipe,mediapipe,mediapipe,mediapipe,mediapipe,mediapipe
311,6.22,0.046821997323558635,-0.8317854615923561,-0.3071817457675934,0.9998782873153688,0.9999442100524902,-0.0065146498382091,-0.5599746108055115,-0.3223310112953186,0.9999133944511414,0.9999560117721558,0.6113797683036634,-0.419568629311662,-0.2719817757606506,0.9999952912330629,0.999997615814209,-0.6113797683036634,0.4195686293116581,0.022275686264038,0.9999427795410156,0.999985694885254,0.24716099120118598,0.2942152859279574,-0.2983764410018921,0.996518850326538,0.9999680519104004,0.6033440903275987,0.671832804916233,0.0425685048103332,0.5390029549598694,0.9999507665634156,-0.10385883498669311,0.5191658520424708,-0.2230059206485748,0.9945725202560424,0.9999955892562866,-1.2540193339161136,-0.5206606017960491,-0.0091554960235953,0.5981027483940125,0.9999853372573853,-0.21784456210056177,0.15556726337909127,-0.0450949296355247,0.9999934434890748,0.9999997615814208,-0.13054382760364752,0.2752528128630692,0.0463089942932128,0.9999908208847046,0.9999997615814208,-0.48349893838529756,-0.44235535962116546,-0.3107472360134125,0.9902878403663636,0.9999972581863404,-0.7157187239171573,-0.7275862853740266,-0.1461954265832901,0.9507405161857604,0.9999959468841552,-0.3386977085121374,-0.5569400753748066,-0.0788345783948898,0.9774205088615416,0.9999871253967284,-0.6608085384913966,-0.780958852676514,0.0371279567480087,0.9103156924247742,0.9999927282333374,-0.3038431468292585,-0.587840171020743,-0.049551386386156,0.8681108355522156,0.9999595880508424,-0.3919235321018963,-0.6224100786804577,0.0192720983177423,0.8027533888816833,0.999991536140442,-0.08056109263274809,-0.495544384931981,-0.089574784040451,0.9794159531593324,0.9998387098312378,-0.20186744630304454,-0.3993543767726603,-0.0029974579811096,0.9269055724143982,0.9998937845230104,mediapipe,mediapipe,mediapipe,mediapipe,mediapipe,movenet,mediapipe,gpr,movenet,movenet,mediapipe,mediapipe,mediapipe,mediapipe,mediapipe,mediapipe,mediapipe,mediapipe
312,6.24,0.06533930395103997,-0.8355458369555865,-0.3101305067539215,0.9998814463615416,0.9999611377716064,-0.0033559747971594,-0.5600098967552185,-0.3232766687870025,0.999915361404419,0.9999710321426392,0.6219939727031522,-0.4022981178689364,-0.2727078795433044,0.9999952912330629,0.9999979734420776,-0.6219939727031522,0.40229811786894615,0.0223298761993646,0.9999428987503052,0.9999836683273317,0.24737863197839588,0.2960048678793964,-0.2999269068241119,0.9965860247612,0.9999655485153198,0.5974113797424673,0.6722264244787844,0.0425760187208652,0.5392929315567017,0.9999340772628784,-0.10572668236017159,0.5202807400344494,-0.2256446778774261,0.9946693778038024,0.9999939203262328,-1.1634169697532013,-0.427684148979481,-0.0091610196977853,0.6016923189163208,0.9999746084213256,-0.23276763078805762,0.1680533155571501,-0.0452521592378616,0.9999934434890748,0.9999997615814208,-0.1449501800216159,0.2833166782833605,0.0464556887745857,0.9999908804893494,0.9999997615814208,-0.4933796018439429,-0.4023358816956119,-0.3097200095653534,0.9904807209968568,0.9999974966049194,-0.7207725143178232,-0.7258540009078996,-0.1459708660840988,0.9520705342292786,0.9999961853027344,-0.33738206820050665,-0.5250176602954236,-0.0787992253899574,0.9780032634735109,0.999984622001648,-0.6593238992052498,-0.776121996021457,0.0366538800299167,0.9130228161811828,0.9999933242797852,-0.3016557095497562,-0.558473093803569,-0.0495934896171093,0.8701142072677612,0.9999477863311768,-0.3895722617064418,-0.6171735264843985,0.0186223983764648,0.8075727820396423,0.9999911785125732,-0.08694941733582069,-0.4816770658582316,-0.0896372944116592,0.9798690676689148,0.9997913241386414,-0.2108816131628675,-0.39609483855287103,-0.003922642674297,0.9289841055870056,0.9998824596405028,mediapipe,mediapipe,mediapipe,mediapipe,mediapipe,movenet,mediapipe,mediapipe,movenet,movenet,mediapipe,mediapipe,mediapipe,mediapipe,mediapipe,mediapipe,mediapipe,mediapipe
313,6.26,0.1124550535021341,-0.8240202356394634,-0.3084171712398529,0.9998840093612672,0.9999489784240724,-0.0050716740079224,-0.5623700022697449,-0.3175943195819855,0.9999173283576964,0.9999653100967408,0.6264867701510363,-0.49898759558018146,-0.2691197693347931,0.999995231628418,0.9999977350234984,-0.6264867701510363,0.4989875955801775,0.0248680189251899,0.9999411702156068,0.9999790191650392,0.23352060321651194,0.2773154188503196,-0.2981913685798645,0.9965540170669556,0.9999614953994752,0.6018497529482094,0.671549860630746,0.0429510399699211,0.536149263381958,0.9999152421951294,-0.10701184147234145,0.5179720941795186,-0.2250996828079223,0.9945685863494872,0.9999924898147584,-1.2329248240830795,-0.47908270907408335,-0.0088703678920865,0.5931271910667419,0.9999539852142334,-0.21821439817587415,0.15815584410763653,-0.0453201942145824,0.9999934434890748,0.9999996423721312,-0.13244457943262247,0.2740103419019109,0.0465481169521808,0.9999908208847046,0.9999996423721312,-0.48315554151824874,-0.4257555420858048,-0.3116770684719085,0.9907760620117188,0.9999971389770508,-0.714398678835055,-0.7248589700841689,-0.1454260945320129,0.9532545208930968,0.9999951124191284,-0.35212847430485356,-0.5715342528548588,-0.0808306112885475,0.9784988164901732,0.999980926513672,-0.6526743287967646,-0.7902567960730067,0.0369983278214931,0.91518634557724,0.9999898672103882,-0.3195838730420648,-0.6074783126059018,-0.0514471754431724,0.872959315776825,0.9999343156814576,-0.3807357279997091,-0.6355702298739189,0.0188794061541557,0.8118125200271606,0.9999868869781494,-0.11598797094267332,-0.5644130983965849,-0.0912885218858718,0.9802230000495912,0.9997308850288392,-0.2031403378143483,-0.4342806311973249,-0.0034990219864994,0.9302440285682678,0.9998263716697692,mediapipe,mediapipe,mediapipe,mediapipe,mediapipe,movenet,mediapipe,gpr,movenet,movenet,mediapipe,mediapipe,mediapipe,mediapipe,mediapipe,mediapipe,mediapipe,mediapipe
314,6.28,0.09430385119989308,-0.8328007435674416,-0.3089666962623596,0.9998823404312134,0.9999446868896484,-0.0050578759983181,-0.5599561929702759,-0.3229389488697052,0.9999145865440368,0.9999576807022096,0.6476364206828533,-0.37036606948976947,-0.2725630700588226,0.9999951720237732,0.99999737739563,-0.6476364206828533,0.3703660694897655,0.0218502655625343,0.999942183494568,0.999985694885254,0.25508312524810217,0.3039748855499919,-0.3002012372016907,0.9964867234230042,0.999962568283081,0.6055206518221147,0.6693017209650707,0.0413511954247951,0.5418093800544739,0.9999490976333618,-0.10213328939350333,0.5298005802543146,-0.2260538041591644,0.9944567680358888,0.9999940395355223,-1.1629116803519786,-0.42109848193035965,-0.0100244553759694,0.6033095717430115,0.9999843835830688,-0.2109962674536147,0.15465926875124086,-0.0451457761228084,0.9999933242797852,0.9999997615814208,-0.12754521832087848,0.2687648048708386,0.0463555790483951,0.9999907612800598,0.9999997615814208,-0.4605711700544443,-0.3936746201929699,-0.3037291467189789,0.9898786544799804,0.9999969005584716,-0.7131676322834225,-0.6942626552360492,-0.1454362422227859,0.9508696794509888,0.9999959468841552,-0.34842378036275634,-0.46131372862682757,-0.0730081647634506,0.9770378470420836,0.999983549118042,-0.6551118499584362,-0.7302796024381882,0.0391762964427471,0.9104872345924376,0.9999920129776,-0.3181487074526174,-0.488699474313663,-0.0438098087906837,0.8653757572174072,0.9999483823776244,-0.38404749332612753,-0.5670906066298654,0.0215996596962213,0.8031664490699768,0.999990463256836,-0.1050866550210768,-0.41501861464965756,-0.085214078426361,0.9789324998855592,0.99981290102005,-0.20701073112663704,-0.3505011729674335,-0.0019206680590286,0.92676842212677,0.9998892545700072,mediapipe,mediapipe,mediapipe,mediapipe,mediapipe,movenet,mediapipe,mediapipe,movenet,movenet,mediapipe,mediapipe,mediapipe,mediapipe,mediapipe,mediapipe,mediapipe,mediapipe
315,6.3,0.07872725623670113,-0.8299364156298211,-0.3110081255435943,0.9998873472213744,0.9999690055847168,-0.0028972798027098,-0.5600074529647827,-0.3238446712493896,0.9999186396598816,0.9999796152114868,0.6135032938291293,-0.34048283478319635,-0.2732504606246948,0.999995231628418,0.9999985694885254,-0.6135032938291293,0.3404828347831924,0.0220241211354732,0.9999426007270812,0.9999862909317015,0.24269108077731577,0.3069061983284188,-0.3003962934017181,0.996595859527588,0.9999725818634032,0.5991672239140156,0.6736208461834328,0.041474625468254,0.5375441312789917,0.9999327659606934,-0.10656739042194596,0.5310140769510956,-0.226017490029335,0.994603395462036,0.9999942779541016,-0.5799102306196708,0.08456098640226911,-0.0095390286296606,0.5988456606864929,0.9999688863754272,-0.22314971513015314,0.16075384672932364,-0.0451502688229084,0.9999935030937196,0.9999998807907104,-0.13969613468202202,0.280618152324997,0.0463571995496749,0.9999909996986388,0.9999997615814208,-0.47083355625090445,-0.3887382195133895,-0.3041089475154876,0.990349531173706,0.9999979734420776,-0.7162805643945267,-0.700683597427642,-0.1461594104766845,0.9530386924743652,0.9999966621398926,-0.35118853722646454,-0.47927160453845913,-0.0696660950779914,0.977934956550598,0.9999890327453612,-0.6504682315472426,-0.7861884409790529,0.0399267338216304,0.9135904312133788,0.9999942779541016,-0.3173071450351781,-0.5121809626933276,-0.0396008752286434,0.8698416352272034,0.9999637603759766,-0.3752485298623933,-0.6360840372835901,0.0226715430617332,0.8080008625984192,0.9999927282333374,-0.10108208561596498,-0.4297873686047882,-0.0788815766572952,0.979759395122528,0.9998410940170288,-0.1777583272228571,-0.4094828538380763,-0.0006912783719599,0.9292933344841005,0.9999003410339355,mediapipe,mediapipe,mediapipe,mediapipe,mediapipe,movenet,mediapipe,gpr,movenet,movenet,mediapipe,mediapipe,mediapipe,mediapipe,mediapipe,mediapipe,mediapipe,mediapipe
316,6.32,0.0696348340254698,-0.81911128436603,-0.310553640127182,0.999886155128479,0.9999406337738036,-0.0020652553066611,-0.5600975155830383,-0.3243703842163086,0.9999178051948548,0.9999605417251588,0.6094512076153183,-0.3509431601989721,-0.2737015187740326,0.999995231628418,0.9999982118606568,-0.6094512076153183,0.3509431601989682,0.0218098871409893,0.9999423623085022,0.9999837875366212,0.241962531967209,0.30086844055479883,-0.3008161187171936,0.9965869188308716,0.999971866607666,0.5943290432541142,0.672953459270124,0.040582787245512,0.5326805114746094,0.999936580657959,-0.10274979636582295,0.5286498379061649,-0.2261255979537964,0.9945303201675416,0.9999948740005492,-0.01716101691302069,0.5528570063552308,-0.0116857374086976,0.5896667838096619,0.9999709129333496,-0.23168107864167783,0.16581206104360435,-0.045146569609642,0.999993622303009,0.9999998807907104,-0.1486178080181732,0.28829112274156227,0.0463548600673675,0.9999911189079284,0.9999997615814208,-0.47436614651565007,-0.387831259047191,-0.3044313490390777,0.9904568195343018,0.9999982118606568,-0.7148990585829059,-0.6921879016559862,-0.1461833417415619,0.9529401063919068,0.9999970197677612,-0.3435775649221636,-0.48504551169777416,-0.0702072158455848,0.9781712889671326,0.999990701675415,-0.6411585308593248,-0.7819370080879913,0.0399348251521587,0.9138871431350708,0.9999948740005492,-0.3076409490822287,-0.5200450469307399,-0.0401827804744243,0.8709940910339355,0.9999687671661376,-0.3614660737424971,-0.6318990905881388,0.0226729102432727,0.8090175986289978,0.9999934434890748,-0.09199415680671183,-0.44421167712734116,-0.0793976113200187,0.9799951314926147,0.9998743534088136,-0.17324963900506377,-0.4081758921474094,-0.0006857971893623,0.9297398328781128,0.9999147653579712,mediapipe,mediapipe,mediapipe,mediapipe,mediapipe,movenet,mediapipe,gpr,movenet,movenet,mediapipe,mediapipe,mediapipe,mediapipe,mediapipe,mediapipe,mediapipe,mediapipe
317,6.34,0.06934334177928825,-0.8137362832052649,-0.3086919784545898,0.9998816847801208,0.9999213218688964,-0.0021069075446575,-0.5606257915496826,-0.32333904504776,0.9999144077301024,0.9999486207962036,0.6118690057816784,-0.3877474663146375,-0.2731135487556457,0.9999951720237732,0.9999977350234984,-0.6118690057816784,0.38774746631463364,0.0218661706894636,0.9999412894248962,0.9999799728393556,0.23818170815821718,0.29460923785629345,-0.3006547689437866,0.9964752793312072,0.9999667406082152,0.5947104376944725,0.6733507867172948,0.040158774703741,0.5262511968612671,0.9999268054962158,-0.10301633923618707,0.5248598877235909,-0.2260525822639465,0.9942706823349,0.9999938011169434,1.1934341808246907,1.5361691728768174,-0.0132909752428531,0.5751811265945435,0.9999606609344482,-0.2333073535800375,0.16499362374030566,-0.0451382733881473,0.9999935626983644,0.9999997615814208,-0.15109626160887907,0.2925471501378228,0.0463526621460914,0.9999910593032836,0.9999997615814208,-0.47460034306251264,-0.405544482864254,-0.3071372509002685,0.9902716875076294,0.999997615814209,-0.7131675318561975,-0.6910189229619637,-0.1462128162384033,0.9514164328575134,0.9999959468841552,-0.3441225130795529,-0.509783960062578,-0.0740566924214363,0.9775128364562988,0.999985694885254,-0.6397090623049799,-0.7807433065630344,0.0399287901818752,0.911565124988556,0.999991774559021,-0.3081544248590771,-0.5461512614940757,-0.0440897233784198,0.8686179518699646,0.99995219707489,-0.3595013547350104,-0.6306542704100777,0.0226457454264163,0.8060294389724731,0.9999897480010986,-0.09299397992014118,-0.49077673735154853,-0.083465039730072,0.9794015884399414,0.9998179078102112,-0.17332815697911555,-0.4134995473444582,-0.0006761205731891,0.9277502298355104,0.9998759031295776,mediapipe,mediapipe,mediapipe,mediapipe,mediapipe,movenet,mediapipe,movenet,movenet,movenet,mediapipe,mediapipe,mediapipe,mediapipe,mediapipe,mediapipe,mediapipe,mediapipe
318,6.36,0.043759647783419835,-0.8216025615866535,-0.3064091801643371,0.9998731017112732,0.9999052286148072,-0.000817407912109,-0.5606507062911987,-0.3233030438423157,0.9999089241027832,0.9999420642852784,0.5687390785834818,-0.37356650294496074,-0.2731655538082123,0.9999951124191284,0.9999974966049194,-0.5687390785834818,0.37356650294495686,0.0228919330984354,0.9999399185180664,0.9999788999557496,0.2510234662827502,0.29654370548132686,-0.3009613156318664,0.9964359998703004,0.9999650716781616,0.5900295926996348,0.6754507450886061,0.0431127622723579,0.516796350479126,0.9999256134033204,-0.09941292269881176,0.5259057133199708,-0.2259993851184845,0.9941425919532776,0.9999938011169434,1.1882928710111647,1.5370897888385497,-0.0089943008497357,0.5657119750976562,0.9999722242355348,-0.2475682144405405,0.17188711732200704,-0.0451541356742382,0.9999935626983644,0.9999997615814208,-0.1649396317880376,0.30627399371784525,0.0463621988892555,0.9999909996986388,0.9999997615814208,-0.4842064785044668,-0.401019703540778,-0.3072202801704407,0.9901926517486572,0.9999979734420776,-0.7041511623128497,-0.6894982614537958,-0.1464143693447113,0.9500565528869628,0.9999966621398926,-0.33934475422216315,-0.5038460600783289,-0.0741958916187286,0.9775563478469848,0.9999891519546508,-0.6407961716306758,-0.7783102359698683,0.0406056717038154,0.9097244739532472,0.9999940395355223,-0.3010635089487846,-0.5400147921441252,-0.0442820750176906,0.868927538394928,0.999964714050293,-0.3626358674393017,-0.6278726078086073,0.0235599931329488,0.8037899136543274,0.999992847442627,-0.08552253853656636,-0.48137231298949534,-0.0835494324564933,0.9794286489486694,0.9998652935028076,-0.17870267790937433,-0.4162772776876114,0.000616526347585,0.926581859588623,0.9999138116836548,mediapipe,mediapipe,mediapipe,mediapipe,mediapipe,movenet,mediapipe,movenet,movenet,movenet,mediapipe,mediapipe,mediapipe,mediapipe,mediapipe,mediapipe,mediapipe,mediapipe
319,6.38,0.03044500472519986,-0.8505454569040772,-0.3062498867511749,0.9998756647109984,0.9999520778656006,-0.0011953224893659,-0.5608111619949341,-0.3237214684486389,0.9999112486839294,0.9999696016311646,0.558446977220846,-0.3653316806362876,-0.2735900580883026,0.9999951720237732,0.9999984502792358,-0.558446977220846,0.36533168063628374,0.0228744056075811,0.9999398589134216,0.999984860420227,0.23395086112025587,0.2967478203889519,-0.3011988997459411,0.9964228868484496,0.9999749660491944,0.5892138654500608,0.6765638554658885,0.0428842008113861,0.5125206708908081,0.9999366998672484,-0.09912760395561061,0.5260885488585235,-0.2261721193790435,0.994129717350006,0.9999954700469972,1.189283566754965,1.5352979405001494,-0.0095790550112724,0.5579180717468262,0.9999723434448242,-0.24457914736948663,0.16809575461736673,-0.0451595336198806,0.999993622303009,0.9999997615814208,-0.16304804626380906,0.3070713706516214,0.0463685356080532,0.9999910593032836,0.9999997615814208,-0.4871604976741236,-0.40575717929678534,-0.3063401579856872,0.9903216361999512,0.9999983310699464,-0.7030670375343269,-0.6897187128053268,-0.1430111527442932,0.9499768614768982,0.9999970197677612,-0.3456805889465054,-0.5064896566299,-0.0744038745760917,0.9780269861221312,0.9999908208847046,-0.6395277047676808,-0.7800848855794047,0.0472696498036384,0.9102862477302552,0.9999947547912598,-0.30808924436008733,-0.542467003138279,-0.0445355325937271,0.8705033659934998,0.999968409538269,-0.3609686856362237,-0.6301174082175492,0.0303297713398933,0.8046932816505432,0.9999935626983644,-0.09523462204453863,-0.4905051323127792,-0.0837641209363937,0.9798778295516968,0.9998792409896852,-0.17910601278671875,-0.4302961438409254,0.0090003106743097,0.9272561073303224,0.9999223947525024,mediapipe,mediapipe,mediapipe,mediapipe,mediapipe,movenet,mediapipe,movenet,movenet,movenet,mediapipe,mediapipe,mediapipe,mediapipe,mediapipe,mediapipe,mediapipe,mediapipe
320,6.4,0.015216716761923684,-0.8519534281695904,-0.3038636445999145,0.999864935874939,0.999884843826294,-0.0012100650928914,-0.5608386397361755,-0.3236793875694275,0.9999041557312012,0.9999312162399292,0.5435334227689397,-0.35884323794581685,-0.2736601531505584,0.9999950528144836,0.9999974966049194,-0.5435334227689397,0.3588432379458129,0.0230709202587604,0.9999381303787231,0.9999781847000122,0.23648648873767783,0.2979933022011389,-0.3013532161712646,0.996308207511902,0.999964952468872,0.5903357009315606,0.6739375537130797,0.0429215729236602,0.5024194121360779,0.9999244213104248,-0.096114349017277,0.526655321110527,-0.2261451929807663,0.9938645362854004,0.9999935626983644,1.1868464216318297,1.541699840549456,-0.0095188943669199,0.5444005131721497,0.9999661445617676,-0.24820491006701337,0.1683083213674749,-0.0451789572834968,0.9999935626983644,0.9999997615814208,-0.16589238866099318,0.31184163033344053,0.0463879071176052,0.9999908804893494,0.9999997615814208,-0.4885360370347339,-0.4009840786828613,-0.3064762055873871,0.9900729656219482,0.999997615814209,-0.7019551716837173,-0.6883061111200112,-0.1430111229419708,0.9477140307426452,0.9999960660934448,-0.34492717707172904,-0.4934681518388611,-0.0760048553347587,0.977651834487915,0.999985933303833,-0.6403137353522693,-0.7784896098714069,0.0471578948199749,0.9069157242774964,0.9999927282333374,-0.3076894824819099,-0.528752675712556,-0.046599980443716,0.8684058785438538,0.9999529123306274,-0.3625739959100129,-0.6283567679901151,0.0302248951047658,0.8004360795021057,0.999990940093994,-0.09803620106862032,-0.48234704976426385,-0.0868365094065666,0.9794743061065674,0.9998338222503662,-0.18201640536727298,-0.43362197554925963,0.0087806126102805,0.924821674823761,0.9998985528945924,mediapipe,mediapipe,mediapipe,mediapipe,mediapipe,movenet,mediapipe,movenet,movenet,movenet,mediapipe,mediapipe,mediapipe,mediapipe,mediapipe,mediapipe,mediapipe,mediapipe
321,6.42,0.021933236161320993,-0.8536587763641431,-0.3004038333892822,0.999861478805542,0.9999138116836548,-0.0012464452302083,-0.561510443687439,-0.3204776048660278,0.9999020099639891,0.999945878982544,0.5405630023154115,-0.40879378077877687,-0.2721553444862366,0.9999949932098388,0.999997615814209,-0.5405630023154115,0.408793780778773,0.0255322996526956,0.999937117099762,0.9999781847000122,0.23620870115248271,0.2826822247500277,-0.3005295991897583,0.9963104724884032,0.9999693632125854,0.5872527184015676,0.6752756463431537,0.0445415452122688,0.499889999628067,0.9999254941940308,-0.0956109547928407,0.5205356433485387,-0.2250624001026153,0.99380362033844,0.9999940395355223,1.1849678781297355,1.548116508653406,-0.0084123769775033,0.5365760922431946,0.9999617338180542,-0.2511939702007075,0.1687516654487521,-0.0451862029731273,0.999993622303009,0.9999997615814208,-0.16749883423320402,0.3148324811842305,0.0463993437588214,0.9999909996986388,0.9999997615814208,-0.4897042940376688,-0.4176628325869791,-0.3118516802787781,0.9901648163795472,0.999997615814209,-0.7023547856256748,-0.6884771868164496,-0.1441236138343811,0.9477023482322692,0.9999959468841552,-0.34474015424852944,-0.5496398102935257,-0.0804301500320434,0.9775953888893129,0.9999871253967284,-0.6386725235441972,-0.7801157932417631,0.0437646768987178,0.9072771072387696,0.9999922513961792,-0.3073365473719734,-0.5885340256905593,-0.0507103838026523,0.8691166639328003,0.999958038330078,-0.3596226588899273,-0.6301162829008715,0.0264152139425277,0.8016100525856018,0.9999903440475464,-0.09592896096869247,-0.5331505895655588,-0.0895722135901451,0.9794005155563354,0.999831199645996,-0.177873778157223,-0.4358320904993445,0.0046759615652263,0.924753725528717,0.9998769760131836,mediapipe,mediapipe,mediapipe,mediapipe,mediapipe,movenet,mediapipe,movenet,movenet,movenet,mediapipe,mediapipe,mediapipe,mediapipe,mediapipe,mediapipe,mediapipe,mediapipe
322,6.44,0.022461082574041,-0.8756082157190187,-0.2991502285003662,0.9998652935028076,0.9999468326568604,-0.0013006594963371,-0.5618161559104919,-0.3200247287750244,0.999904990196228,0.9999673366546632,0.5410332414846888,-0.41328031618794153,-0.2720338702201843,0.9999951124191284,0.9999985694885254,-0.5410332414846888,0.41328031618793765,0.0273305587470531,0.9999386072158812,0.9999878406524658,0.23651401796992394,0.2825865292669491,-0.2996658682823181,0.9963900446891784,0.9999760389328004,0.5881409515058337,0.6760210444028103,0.0509409271180629,0.5041697025299072,0.9999500513076782,-0.09566980394441775,0.5202421714363344,-0.2213136106729507,0.993946135044098,0.9999958276748656,1.1849372873285622,1.5459528943823375,-5.424119808594696e-05,0.5428663492202759,0.9999816417694092,-0.2521064047762003,0.1699780707865425,-0.0451862588524818,0.9999937415122986,0.9999997615814208,-0.1672230737567698,0.31379310178806724,0.0463951304554939,0.9999911189079284,0.9999997615814208,-0.4917864651321131,-0.43486289079341495,-0.31565061211586,0.9905729293823242,0.9999985694885254,-0.7022160040208385,-0.6917224897322243,-0.145187109708786,0.949024260044098,0.9999974966049194,-0.34249303282326843,-0.5596717699868518,-0.0816977396607399,0.978345274925232,0.9999922513961792,-0.6387646999186134,-0.7865379782985367,0.0438174530863761,0.9093008041381836,0.9999949932098388,-0.3035733730032992,-0.59711001464006,-0.0517596416175365,0.8728524446487427,0.9999741315841676,-0.3599297864881308,-0.6368895410578826,0.0266023632138967,0.8044723272323608,0.9999938011169434,-0.09001431634310386,-0.5357079746843024,-0.089944951236248,0.9801364541053772,0.9998962879180908,-0.17782517880897772,-0.44627149345515027,0.0048497295938432,0.92658132314682,0.9999233484268188,mediapipe,mediapipe,mediapipe,mediapipe,mediapipe,movenet,mediapipe,movenet,movenet,movenet,mediapipe,mediapipe,mediapipe,mediapipe,mediapipe,mediapipe,mediapipe,mediapipe
323,6.46,0.0218739865868814,-0.8853287992055187,-0.2991521954536438,0.9998658299446106,0.999932050704956,-0.001323522767052,-0.5619854927062988,-0.3208394944667816,0.99990576505661,0.9999600648880004,0.5389811458471357,-0.4149818620882679,-0.2728425860404968,0.9999951720237732,0.9999983310699464,-0.5389811458471357,0.414981862088264,0.0271062850952148,0.9999385476112366,0.9999841451644896,0.23693171659049472,0.2828587160127403,-0.3002055585384369,0.9964042901992798,0.999975323677063,0.5862298424095914,0.6791041412110987,0.0508300736546516,0.5010014176368713,0.99994158744812,-0.09449666037469974,0.5203374434044242,-0.2216745465993881,0.9940106868743896,0.9999961853027344,0.015929030323209695,0.5955934221315424,-0.0001921733783092,0.5377352237701416,0.999975562095642,-0.25366207005727187,0.17265057190597946,-0.0452222898602485,0.9999938011169434,0.9999997615814208,-0.16751511375233566,0.31195653237117815,0.0464237406849861,0.9999911189079284,0.9999997615814208,-0.49016834164802064,-0.42935827573596136,-0.3099984526634216,0.9905006885528564,0.9999983310699464,-0.7017557498935276,-0.6803283053173277,-0.14394111931324,0.9481947422027588,0.9999970197677612,-0.3401836203225357,-0.5396791423583517,-0.0800691545009613,0.9785512089729308,0.9999905824661256,-0.6310688460861673,-0.7735379414702724,0.044272344559431,0.9083235859870912,0.9999949932098388,-0.3016254885325711,-0.5752013183916885,-0.0506005473434925,0.8734281659126282,0.9999676942825316,-0.34877795878807877,-0.6229144162135739,0.0269784983247518,0.8037123084068298,0.9999936819076538,-0.09051178326530228,-0.5262657713383572,-0.0894464552402496,0.9803583025932312,0.9998834133148192,-0.17480629260458086,-0.4420700747606674,0.0053216964006423,0.9263726472854614,0.9999260902404784,mediapipe,mediapipe,mediapipe,mediapipe,mediapipe,movenet,mediapipe,gpr,movenet,movenet,mediapipe,mediapipe,mediapipe,mediapipe,mediapipe,mediapipe,mediapipe,mediapipe
324,6.48,0.02079926218238753,-0.8929084419334701,-0.2961708307266235,0.9998550415039062,0.9998682737350464,-0.0015917029231786,-0.562366247177124,-0.3201233744621277,0.999899685382843,0.99992835521698,0.5274733645436472,-0.4375409996997377,-0.2727700769901275,0.9999951124191284,0.9999977350234984,-0.5274733645436472,0.43754099969973376,0.0280397497117519,0.999936580657959,0.9999768733978271,0.23323196929691214,0.2806224985225152,-0.3002153038978576,0.9963126182556152,0.9999662637710572,0.586992761915169,0.6771045381664949,0.0509390346705913,0.4912686645984649,0.9999175071716307,-0.09459443938838277,0.5198472268721879,-0.2216952294111251,0.9937752485275269,0.9999934434890748,-0.5426155215940361,0.129344056915896,-0.0003108300734311,0.5226284861564636,0.99995756149292,-0.2556894447126988,0.1758473203477267,-0.0452582500874996,0.9999938011169434,0.9999997615814208,-0.1682452201497803,0.31019819671060084,0.0464679561555385,0.9999911189079284,0.9999997615814208,-0.48919250403345815,-0.42886872389034836,-0.3118529915809631,0.9904866218566896,0.999997615814209,-0.7013966823434379,-0.6800646551637187,-0.1439703106880188,0.9472414255142212,0.9999958276748656,-0.3397917239282565,-0.5429005093076225,-0.080866627395153,0.9782305359840392,0.99998676776886,-0.6290963898931323,-0.77103968293261,0.0439199693500995,0.9070623517036438,0.9999920129776,-0.30124973345287837,-0.57942299299936,-0.0512879602611064,0.8720688223838806,0.9999562501907348,-0.34585564861956125,-0.6195488164709188,0.0265080314129591,0.8021565675735474,0.9999901056289672,-0.09160783393526548,-0.531642786662735,-0.0898247435688972,0.980000376701355,0.9998377561569214,-0.17419528533033157,-0.44136515426198863,0.0051247598603367,0.9251883029937744,0.9998812675476074,mediapipe,mediapipe,mediapipe,mediapipe,mediapipe,movenet,mediapipe,gpr,movenet,movenet,mediapipe,mediapipe,mediapipe,mediapipe,mediapipe,mediapipe,mediapipe,mediapipe
325,6.5,-0.0036510458989756265,-0.9214991916989298,-0.2913576066493988,0.9998562932014464,0.9999275207519532,-0.0017691511893644,-0.5630351305007935,-0.3195539712905884,0.999901294708252,0.9999592304229736,0.4966480076742585,-0.4677184136828375,-0.2727459669113159,0.9999951720237732,0.9999983310699464,-0.4966480076742585,0.4677184136828336,0.029586624354124,0.999936819076538,0.9999841451644896,0.2292252652612258,0.28002176027311154,-0.3004550039768219,0.9963563084602356,0.9999761581420898,0.587137918657112,0.6749590199757798,0.0523377321660518,0.4910615384578705,0.9999430179595948,-0.09548747455713792,0.5196562998045098,-0.2217475622892379,0.9939013719558716,0.999996304512024,-0.9708686738919745,-0.23631905870913736,0.0012160643236711,0.5220136046409607,0.9999773502349854,-0.2611479523385547,0.18051826784078412,-0.0453444793820381,0.9999939203262328,0.9999997615814208,-0.1718261811293854,0.3115418151062123,0.0465409904718399,0.999991238117218,0.9999997615814208,-0.491564670829165,-0.42727595532419105,-0.307355135679245,0.990566909313202,0.9999983310699464,-0.7020630061576433,-0.6791446802415579,-0.1435067653656005,0.9471153020858764,0.9999971389770508,-0.3413368154662941,-0.5379843634013581,-0.0787632465362548,0.9786780476570128,0.999990940093994,-0.6246307472146657,-0.7678392151825292,0.0433125421404838,0.907258689403534,0.9999947547912598,-0.3027071012758488,-0.5737887555915987,-0.0494814999401569,0.874413013458252,0.999969244003296,-0.3389346788016024,-0.6155123650521194,0.0256023406982421,0.8035775423049927,0.9999933242797852,-0.09402617154759485,-0.526549194523639,-0.0870270878076553,0.9804260730743408,0.999887466430664,-0.17387926926241334,-0.43890706958962666,0.0047807181254029,0.925873041152954,0.9999209642410278,mediapipe,mediapipe,mediapipe,mediapipe,mediapipe,movenet,mediapipe,gpr,movenet,movenet,mediapipe,mediapipe,mediapipe,mediapipe,mediapipe,mediapipe,mediapipe,mediapipe
326,6.52,-0.00821758976748018,-0.9164716359860966,-0.2904820144176483,0.9998511075973512,0.9998942613601683,-0.0030259962659329,-0.5633490085601807,-0.3194624185562134,0.9998986124992372,0.9999377727508544,0.47294779048749663,-0.4794507686372228,-0.2727422714233398,0.9999951124191284,0.9999977350234984,-0.47294779048749663,0.4794507686372189,0.029738487675786,0.9999361634254456,0.99998140335083,0.22317332368832302,0.28096064246624136,-0.3004336655139923,0.99625164270401,0.9999653100967408,0.585450693298184,0.6760555912300383,0.0526282452046871,0.4874610602855682,0.999934196472168,-0.09567838554598328,0.5202473421501895,-0.221353143453598,0.9937434792518616,0.9999939203262328,-1.218823522722228,-0.46092285628540286,0.0018150907708331,0.520595908164978,0.999975562095642,-0.2602623604121283,0.18140315442221508,-0.0454628802835941,0.9999939203262328,0.9999997615814208,-0.17034714538873996,0.30859970825243466,0.0466543994843959,0.999991238117218,0.9999997615814208,-0.4893027602723581,-0.4206718980469981,-0.3031723499298095,0.9905215501785278,0.9999977350234984,-0.7005183956446245,-0.676863615141674,-0.1388864368200302,0.9462769031524658,0.999996542930603,-0.34047741938818643,-0.5351841183730377,-0.0756996124982833,0.9788898825645448,0.9999884366989136,-0.6228952397857359,-0.7684379866931974,0.0486489981412887,0.9064252972602844,0.9999939203262328,-0.3022927614821402,-0.57106705174658,-0.0465424843132495,0.875430166721344,0.9999613761901855,-0.3367222582519124,-0.6162941191981397,0.0310325324535369,0.8029528856277466,0.9999924898147584,-0.0964464405563442,-0.5223805105770533,-0.0831891670823097,0.9805822968482972,0.9998514652252196,-0.17183531117671175,-0.4396493868001314,0.0120105100795626,0.9253835082054138,0.9999079704284668,mediapipe,mediapipe,mediapipe,mediapipe,mediapipe,movenet,mediapipe,gpr,movenet,movenet,mediapipe,mediapipe,mediapipe,mediapipe,mediapipe,mediapipe,mediapipe,mediapipe
327,6.54,-0.023216414764272143,-0.9100089057537855,-0.2929855585098266,0.9998472332954408,0.9999085664749146,-0.0030438634566962,-0.5623461604118347,-0.3239296972751617,0.9998961687088012,0.9999449253082277,0.4602922550026145,-0.4317398033320641,-0.2766433954238891,0.9999951124191284,0.9999979734420776,-0.4602922550026145,0.43173980333206013,0.0275913923978805,0.9999356865882874,0.9999821186065674,0.22616409729776635,0.2841750570998833,-0.3044731616973877,0.9962303638458252,0.9999693632125854,0.585814157947294,0.676832278033269,0.0508264489471912,0.480637788772583,0.9999345541000366,-0.09673070459171651,0.5203302482511107,-0.2238598018884658,0.9936806559562684,0.9999947547912598,-1.3033358037598848,-0.5484492102640177,0.0007066926336847,0.5135939121246338,0.9999727010726928,-0.26156165739849613,0.1835311802755841,-0.0454844683408737,0.999993860721588,0.9999997615814208,-0.17100523172027446,0.30753411720022283,0.0466684252023696,0.9999911189079284,0.9999997615814208,-0.4908909825813368,-0.40317778844670193,-0.3016495406627655,0.990223467350006,0.999997854232788,-0.6993687952013041,-0.6762046117990917,-0.139031708240509,0.9442342519760132,0.9999966621398926,-0.339640075708151,-0.5101222434732979,-0.0739628002047538,0.9784923195838928,0.9999886751174928,-0.6246132281086053,-0.7684620677597997,0.0488720126450061,0.9030385613441468,0.9999940395355223,-0.3015141793285407,-0.5456081211162167,-0.0449537560343742,0.8730080127716064,0.9999624490737916,-0.3392002815386481,-0.6163509787027285,0.0313672982156276,0.7980422973632812,0.9999927282333374,-0.0990312002650806,-0.49978709350907974,-0.0824255049228668,0.98026043176651,0.9998713731765748,-0.17645946065906556,-0.44113097537326673,0.0120391249656677,0.9233341813087464,0.9999186992645264,mediapipe,mediapipe,mediapipe,mediapipe,mediapipe,movenet,mediapipe,gpr,movenet,movenet,mediapipe,mediapipe,mediapipe,mediapipe,mediapipe,mediapipe,mediapipe,mediapipe
328,6.56,-0.028748203303199247,-0.9061269509090372,-0.2924774885177612,0.999846577644348,0.999925136566162,-0.0025564520619809,-0.5629480481147766,-0.3223318457603454,0.999896228313446,0.9999567270278932,0.4541287543657634,-0.4450329836643073,-0.2755985260009765,0.9999951124191284,0.9999980926513672,-0.4541287543657634,0.4450329836643176,0.0296289771795272,0.9999354481697084,0.9999805688858032,0.22588551382440925,0.2828795878685995,-0.3040890097618103,0.9962639212608336,0.9999687671661376,0.5852710664957461,0.6768365402786258,0.0522345565259456,0.4769242107868194,0.9999221563339232,-0.09429320096685337,0.5216624372434886,-0.2238432317972183,0.993707835674286,0.9999940395355223,-1.2734290668777182,-0.5327818338805682,0.0012635624734684,0.5110177993774414,0.999969244003296,-0.2678667064233785,0.1876915116644831,-0.0454896204173564,0.9999939799308776,0.9999997615814208,-0.17544651071929512,0.31081595975340204,0.0466738156974315,0.999991238117218,0.9999997615814208,-0.48620882739306004,-0.4147129735050883,-0.3136350512504577,0.9905814528465272,0.9999982118606568,-0.6979613176080715,-0.6742881947075816,-0.1421970576047897,0.9456655979156494,0.999996781349182,-0.33509512677738895,-0.5296269529881708,-0.0830445438623428,0.9790023565292358,0.9999905824661256,-0.6209288236789833,-0.7664869228101704,0.045248195528984,0.9053948521614076,0.9999939203262328,-0.2964213480078267,-0.5659775982917421,-0.0535810962319374,0.8760248422622681,0.99996817111969,-0.33429603517761103,-0.6142928099522393,0.0276757329702377,0.8021624088287354,0.9999922513961792,-0.08497638196333403,-0.5148595605335776,-0.0915838405489921,0.9807137846946716,0.999868392944336,-0.1684586545138872,-0.4392689788721084,0.0073417802341282,0.9250054359436036,0.9999008178710938,mediapipe,mediapipe,mediapipe,mediapipe,mediapipe,movenet,mediapipe,gpr,movenet,movenet,mediapipe,mediapipe,mediapipe,mediapipe,mediapipe,mediapipe,mediapipe,mediapipe
329,6.58,-0.033263463294566434,-0.9023101596397173,-0.2931219637393951,0.9998491406440736,0.999937891960144,-0.0027023076545447,-0.5630330443382263,-0.322515606880188,0.9998977780342102,0.9999611377716064,0.4566819128470293,-0.4504201927568501,-0.2755594253540039,0.9999951124191284,0.9999982118606568,-0.4566819128470293,0.45042019275684614,0.0292268618941307,0.9999358654022216,0.999984860420227,0.22530778034057844,0.2832531594824361,-0.3039552569389343,0.9962522983551024,0.9999715089797974,0.5835406581822282,0.6766715987122774,0.0519487932324409,0.4769358336925506,0.9999406337738036,-0.09462665676885972,0.5219466549741932,-0.2237022817134857,0.9937088489532472,0.9999951124191284,-1.1957875408658838,-0.469946892149193,0.0011156313121318,0.512502133846283,0.9999778270721436,-0.26846422373032874,0.18815102126431324,-0.0454941652715206,0.9999939799308776,0.9999997615814208,-0.17575788642110948,0.31095681214869586,0.0466779954731464,0.999991238117218,0.9999997615814208,-0.4861818517232321,-0.41267036893706743,-0.3102318942546844,0.9906026124954224,0.9999980926513672,-0.6978125368578847,-0.6730312008184292,-0.1416543424129486,0.9457096457481384,0.9999969005584716,-0.33636760690155176,-0.5280526393088985,-0.0802937150001525,0.9791492223739624,0.9999898672103882,-0.6208779134564125,-0.7660685543636873,0.0465215593576431,0.9054019451141356,0.9999943971633912,-0.29796988529498825,-0.5643238991551933,-0.0509316325187683,0.8768742084503174,0.9999659061431884,-0.33428987298713636,-0.6138738252670571,0.0290682110935449,0.802384078502655,0.999993085861206,-0.08878769991763891,-0.5136481540064957,-0.088695153594017,0.9808841347694396,0.9998689889907836,-0.1684898669908523,-0.43898655227512906,0.0088584590703248,0.9252180457115172,0.9999146461486816,mediapipe,mediapipe,mediapipe,mediapipe,mediapipe,movenet,mediapipe,gpr,movenet,movenet,mediapipe,mediapipe,mediapipe,mediapipe,mediapipe,mediapipe,mediapipe,mediapipe
330,6.6,-0.022697623654415716,-0.8901911924831444,-0.2964736521244049,0.9998515844345092,0.9999383687973022,-0.0029358831234276,-0.5630237460136414,-0.3234410583972931,0.9998990297317504,0.999958872795105,0.4701191474812104,-0.45102125680500943,-0.2762234210968017,0.9999951124191284,0.9999979734420776,-0.4701191474812104,0.4510212568050055,0.0278373621404171,0.999935746192932,0.9999830722808838,0.2261444564427565,0.2826366235650896,-0.3048160672187805,0.9962345361709596,0.9999662637710572,0.5842824058265025,0.6773036890089348,0.0493795834481716,0.4768319725990295,0.9999321699142456,-0.09432298916041564,0.5215133336534088,-0.2252393215894699,0.9936476945877076,0.9999939203262328,-1.1249074113763582,-0.4052219643023471,-0.0018734504701569,0.5108675956726074,0.99997079372406,-0.2661900892663494,0.18650415721816996,-0.0455539301037788,0.9999939203262328,0.9999997615814208,-0.17370128797666787,0.309572792893313,0.046739250421524,0.9999911785125732,0.9999997615814208,-0.48301512659506657,-0.41164209529197854,-0.3092638552188873,0.9906534552574158,0.9999980926513672,-0.696698526588433,-0.6740057297022406,-0.1414379030466079,0.9459580779075624,0.9999969005584716,-0.3345534993305248,-0.5242880194346249,-0.0800416395068168,0.9794442057609558,0.9999890327453612,-0.6173125313102901,-0.7670249576764333,0.0467034168541431,0.9061755537986756,0.9999946355819702,-0.2966762820365665,-0.5605065814074847,-0.0507503226399421,0.8778579235076904,0.9999622106552124,-0.32921879129041376,-0.6149571291366752,0.0292312446981668,0.8038851022720337,0.9999932050704956,-0.09160211659735798,-0.5146842419790509,-0.0886864140629768,0.9811155200004578,0.9998549222946168,-0.16561535574305045,-0.44104827528489865,0.0089896488934755,0.9258038997650146,0.999914050102234,mediapipe,mediapipe,mediapipe,mediapipe,mediapipe,movenet,mediapipe,gpr,movenet,movenet,mediapipe,mediapipe,mediapipe,mediapipe,mediapipe,mediapipe,mediapipe,mediapipe
331,6.62,-0.03533948199856181,-0.8724981586443585,-0.2966331243515014,0.9998489618301392,0.9999135732650756,-0.0035308620426803,-0.5624576807022095,-0.3242524564266205,0.9998978972434998,0.9999490976333618,0.4700646308056756,-0.43406308452258086,-0.2767408788204193,0.9999951124191284,0.9999979734420776,-0.4700646308056756,0.43406308452257697,0.0275782458484172,0.9999356269836426,0.9999819993972778,0.22942617172894594,0.2851104163266192,-0.3047832250595093,0.9962480068206788,0.999969244003296,0.5860205580948108,0.6774194233848216,0.0495966486632823,0.4767190217971802,0.999932050704956,-0.0937242253099426,0.524655323612285,-0.2246333956718444,0.993636965751648,0.9999945163726808,-1.09109262893238,-0.3661181894175651,-0.0010049944976344,0.5116440653800964,0.999974250793457,-0.263870994752388,0.18481849178655096,-0.0455223210155963,0.9999939203262328,0.9999997615814208,-0.17166083217199202,0.3082141515505381,0.0466985180974006,0.9999911189079284,0.9999997615814208,-0.48116725245080655,-0.4125777106930733,-0.3092124462127685,0.9907642602920532,0.9999980926513672,-0.6958870403118533,-0.675015157222488,-0.1414660364389419,0.946095883846283,0.9999966621398926,-0.33342185086647846,-0.5208814176687071,-0.0799843519926071,0.979791522026062,0.9999903440475464,-0.6215509661024962,-0.7694768006284715,0.0489249303936958,0.9064506888389589,0.9999939203262328,-0.2956887098723848,-0.5559284303286104,-0.0506892092525959,0.879115104675293,0.9999678134918212,-0.33668970936040993,-0.6175938819388914,0.0319710560142993,0.8036354780197144,0.999992847442627,-0.08896351228020385,-0.49734525518829187,-0.0886741578578949,0.9813984632492064,0.9998701810836792,-0.16827762911848645,-0.44240935010349136,0.0114500941708683,0.925973892211914,0.9999111890792848,mediapipe,mediapipe,mediapipe,mediapipe,mediapipe,movenet,mediapipe,gpr,movenet,movenet,mediapipe,mediapipe,mediapipe,mediapipe,mediapipe,mediapipe,mediapipe,mediapipe
332,6.64,-0.04938764451890528,-0.8784105291822857,-0.2998535633087158,0.9998464584350586,0.9999111890792848,-0.0060376189649105,-0.5622696876525879,-0.3260440826416015,0.9998958110809326,0.9999420642852784,0.49967052593205313,-0.41028560264562364,-0.2777263522148132,0.9999950528144836,0.9999977350234984,-0.49967052593205313,0.41028560264561975,0.0251214336603879,0.999935507774353,0.9999825954437256,0.2332959976347087,0.2912322529756035,-0.3050957918167114,0.9961293339729308,0.9999637603759766,0.5882122318155395,0.6743736529092413,0.0469513721764087,0.4765922427177429,0.9999330043792723,-0.08903731968971544,0.5243766789225824,-0.225278154015541,0.993514120578766,0.999994158744812,-1.0893647506391544,-0.35930162099313756,-0.0042367987334728,0.5134871602058411,0.999974012374878,-0.2478222004797634,0.1738994188610118,-0.045533686876297,0.9999938011169434,0.9999997615814208,-0.1575829811650979,0.2978946599785325,0.0467112772166729,0.999990940093994,0.9999997615814208,-0.46998695850418853,-0.3939125057463139,-0.3060277998447418,0.99050635099411,0.9999977350234984,-0.6909462554430035,-0.674728750010907,-0.1399253606796264,0.9447543621063232,0.9999964237213136,-0.32666962368279384,-0.4849606505956167,-0.0777887850999832,0.9796213507652284,0.999987244606018,-0.6233154764444685,-0.7736027278151385,0.0526382513344287,0.9045154452323914,0.9999938011169434,-0.2908853457169121,-0.5191549678424872,-0.0487646907567977,0.8772308826446533,0.9999566078186036,-0.34182813676002727,-0.6224499111778891,0.0358473658561706,0.8000321388244629,0.9999923706054688,-0.09355309334797025,-0.4803472511813313,-0.0881360098719596,0.9812285900115968,0.9998437166213988,-0.1788348464843002,-0.44983605374468827,0.0147919245064258,0.9246296882629396,0.9999126195907592,mediapipe,mediapipe,mediapipe,mediapipe,mediapipe,movenet,mediapipe,gpr,movenet,movenet,mediapipe,mediapipe,mediapipe,mediapipe,mediapipe,mediapipe,mediapipe,mediapipe
333,6.66,-0.09459016597205808,-0.9096557703392257,-0.3032316267490387,0.9998511075973512,0.9999449253082277,-0.0082842521369457,-0.5612643957138062,-0.3292113840579986,0.9998987913131714,0.999962568283081,0.4785039552639004,-0.3356239164879618,-0.2808104753494262,0.9999951124191284,0.9999980926513672,-0.4785039552639004,0.33562391648795786,0.0242423489689826,0.9999369382858276,0.999986171722412,0.2392318045777042,0.3065809531249131,-0.3072754442691803,0.996173620223999,0.9999676942825316,0.5960621012608207,0.6729975322898487,0.0469687394797802,0.4816548526287079,0.9999444484710692,-0.08834312411605993,0.5256721204296718,-0.2258557826280594,0.9936104416847228,0.9999943971633912,-1.1133090866991262,-0.3763032807612673,-0.0041456324979662,0.5239242315292358,0.9999804496765136,-0.23338716716668426,0.16385382811918578,-0.0456029437482357,0.9999937415122986,0.9999997615814208,-0.1450606270127869,0.28891845630650387,0.0467664077877998,0.9999908804893494,0.9999997615814208,-0.464823077743376,-0.37572589748388435,-0.3039811253547668,0.9904083013534546,0.999997615814209,-0.6893596905678514,-0.6737962017945427,-0.1399646699428558,0.9447948336601256,0.9999966621398926,-0.3264284254618244,-0.4477996889827524,-0.0764870196580886,0.9797661304473876,0.999987244606018,-0.6381379119435975,-0.7681826632316887,0.0524499230086803,0.90477854013443,0.9999936819076538,-0.29217714345483325,-0.47977201033924577,-0.0476421825587749,0.8773342967033386,0.9999579191207886,-0.36684967251580713,-0.6167158708344491,0.0356196239590644,0.7998919486999512,0.9999922513961792,-0.0980653099129948,-0.4350164518532265,-0.0877132937312126,0.9813659191131592,0.999848484992981,-0.20347176519557097,-0.44539491007881316,0.01458983682096,0.9250272512435912,0.9999102354049684,mediapipe,mediapipe,mediapipe,mediapipe,mediapipe,movenet,mediapipe,gpr,movenet,movenet,mediapipe,mediapipe,mediapipe,mediapipe,mediapipe,mediapipe,mediapipe,mediapipe
334,6.68,-0.10714150471579977,-0.9032722822317468,-0.3056977093219757,0.99985271692276,0.9999339580535888,-0.0079745287075638,-0.561019241809845,-0.3310824036598205,0.9998999834060668,0.9999585151672364,0.46857396685491914,-0.31682025603326364,-0.2822000086307525,0.9999951720237732,0.9999982118606568,-0.46857396685491914,0.31682025603325975,0.0230151955038309,0.9999369978904724,0.9999830722808838,0.24813545584880192,0.30851926800994006,-0.3081602752208709,0.9962241053581238,0.9999709129333496,0.5949020555711831,0.673892688270586,0.0451958701014518,0.4776988327503204,0.9999325275421144,-0.09050466359979521,0.527031028486659,-0.2261376231908798,0.9936724305152892,0.9999946355819702,-1.1458614670107337,-0.39732606627371303,-0.0063918763771653,0.5205100774765015,0.9999700784683228,-0.23750980593300486,0.16527717979621054,-0.0456514693796634,0.9999938011169434,0.9999997615814208,-0.14883816760189314,0.2933982357475726,0.0468051172792911,0.999990940093994,0.9999997615814208,-0.46712664905330187,-0.33847409173331294,-0.2996441423892975,0.9903647303581238,0.9999980926513672,-0.6912601318772341,-0.6730520915884167,-0.1393396407365799,0.9447596073150636,0.9999969005584716,-0.32223382779080656,-0.41393567985354557,-0.0744601413607597,0.9800243377685548,0.9999901056289672,-0.6391202922340808,-0.7649877148891236,0.0518544130027294,0.9055458903312684,0.9999951124191284,-0.28690756371048215,-0.44663011813462017,-0.045925598591566,0.877938985824585,0.9999661445617676,-0.3680080588039489,-0.6130543764904448,0.034633420407772,0.8006245493888855,0.9999936819076538,-0.08948857498133876,-0.40009273441532667,-0.0869713649153709,0.9815887808799744,0.9998655319213868,-0.20494982758176605,-0.44129545496919936,0.0122259892523288,0.9258224368095398,0.9999202489852904,mediapipe,mediapipe,mediapipe,mediapipe,mediapipe,movenet,mediapipe,gpr,movenet,movenet,mediapipe,mediapipe,mediapipe,mediapipe,mediapipe,mediapipe,mediapipe,mediapipe
335,6.7,-0.014577425452804627,-0.90978717244078,-0.301646739244461,0.9998570680618286,0.9999452829360962,-0.0118311122059822,-0.5624958872795105,-0.3207237422466278,0.9999033212661744,0.9999655485153198,0.4880142930093528,-0.39753351239879897,-0.2751545906066894,0.9999951720237732,0.9999980926513672,-0.4880142930093528,0.39753351239879503,0.0285516809672117,0.999937117099762,0.9999831914901732,0.23582531630727047,0.2928837725517276,-0.3017687201499939,0.9962509870529176,0.999967098236084,0.6066608851158644,0.6698420536899208,0.050030417740345,0.480491578578949,0.9999265670776368,-0.09076259192677305,0.5208704580493912,-0.2224476933479309,0.9937166571617126,0.9999933242797852,-1.1492594693323144,-0.41452012829769563,-0.0024439364206045,0.5233723521232605,0.9999642372131348,-0.20624333135629683,0.1441781113718918,-0.0457118302583694,0.999993860721588,0.9999997615814208,-0.12008928678446519,0.2715745252964489,0.0468907691538333,0.9999910593032836,0.9999997615814208,-0.45815527643882237,-0.4038336612198042,-0.3104230165481567,0.9907761216163636,0.9999974966049194,-0.6874380136461552,-0.7151246951067999,-0.1406528949737548,0.9471133947372437,0.9999958276748656,-0.3421026693366565,-0.5385720481845625,-0.0800972878932952,0.98051255941391,0.9999840259552002,-0.6352708294713859,-0.8158711390867126,0.0481911525130271,0.909237265586853,0.9999910593032836,-0.3092407986846748,-0.5761824570237867,-0.0506855398416519,0.8807308673858643,0.9999468326568604,-0.3618160123123776,-0.6684409739473645,0.0307024363428354,0.8063069581985474,0.9999886751174928,-0.10234427137790175,-0.531793098253007,-0.0899140015244484,0.9819682836532592,0.9997765421867372,-0.1893925097276676,-0.4889039662990464,0.0083044990897178,0.9280844926834106,0.9998458623886108,mediapipe,mediapipe,mediapipe,mediapipe,mediapipe,movenet,mediapipe,gpr,movenet,movenet,mediapipe,mediapipe,mediapipe,mediapipe,mediapipe,mediapipe,mediapipe,mediapipe
336,6.72,0.009895596391402355,-0.9017853882754432,-0.3016865849494934,0.9998659491539,0.9999759197235109,-0.0119268260896205,-0.5614986419677734,-0.3207630813121795,0.999908685684204,0.9999806880950928,0.5577017272697794,-0.3721165887037316,-0.2750715911388397,0.9999952912330629,0.9999985694885254,-0.5577017272697794,0.3721165887037277,0.0279694218188524,0.9999403357505798,0.9999923706054688,0.24605424758630406,0.30142161834147985,-0.3015358448028564,0.9964019060134888,0.9999771118164062,0.6114396968000063,0.6686649441779943,0.049457274377346,0.5074483752250671,0.99996817111969,-0.08541846931252242,0.5217400680511884,-0.2226081788539886,0.9940714836120604,0.9999970197677612,-1.15213391749935,-0.42408135851540996,-0.0030500348657369,0.5539552569389343,0.9999905824661256,-0.19435725893429392,0.135336713379501,-0.0455097071826458,0.9999937415122986,0.9999996423721312,-0.10896651611600591,0.26400089589472214,0.0466847866773605,0.9999909996986388,0.9999997615814208,-0.45196992798407554,-0.41003505613089514,-0.3103165030479431,0.99076110124588,0.9999972581863404,-0.6944649171851158,-0.7191988635485036,-0.1423752903938293,0.9485788345336914,0.999996304512024,-0.33665156676507174,-0.5133768655609672,-0.0788430646061897,0.9800316095352172,0.9999815225601196,-0.6347136084025188,-0.79776797135837,0.0459807775914669,0.9098392724990844,0.9999912977218628,-0.3054036005792544,-0.5447024164303098,-0.0492925941944122,0.8771156668663025,0.9999402761459352,-0.36012650634659,-0.6432229802765044,0.0285665728151798,0.8053977489471436,0.9999892711639404,-0.1058251962265608,-0.500708168102102,-0.088897980749607,0.981611430644989,0.9998095631599426,-0.18492110211898174,-0.457673561680925,0.0059729828499257,0.9285725355148317,0.999886155128479,mediapipe,mediapipe,mediapipe,mediapipe,mediapipe,movenet,mediapipe,gpr,movenet,movenet,mediapipe,mediapipe,mediapipe,mediapipe,mediapipe,mediapipe,mediapipe,mediapipe
337,6.74,0.01580988515180592,-0.9122425483575626,-0.310535579919815,0.9998675584793092,0.999942421913147,-0.0114847468212246,-0.5606216788291931,-0.3257077038288116,0.9999091029167176,0.9999599456787108,0.5794398347818123,-0.30919362680835816,-0.2772127687931061,0.9999952912330629,0.9999977350234984,-0.5794398347818123,0.30919362680835427,0.0224036313593387,0.9999404549598694,0.9999816417694092,0.2525531873865123,0.3075411904018585,-0.3027101159095764,0.996406614780426,0.999963641166687,0.6124783531119398,0.6691648308651166,0.0428003184497356,0.509289026260376,0.9999293088912964,-0.08455996647225163,0.5244469235387006,-0.2246754318475723,0.9941262602806092,0.9999939203262328,-1.1493987926103488,-0.42373644140348565,-0.0095677757635712,0.5570594072341919,0.9999713897705078,-0.19425011070154938,0.13507381700086604,-0.0455080829560756,0.9999935626983644,0.9999996423721312,-0.1089491866734501,0.26422309697195,0.0466836914420127,0.9999907612800598,0.9999996423721312,-0.44869232845806095,-0.386145833025739,-0.3096736967563629,0.990526556968689,0.9999970197677612,-0.6962786642113099,-0.7002082551476507,-0.1422821581363678,0.9481226801872252,0.9999953508377076,-0.3259492037417073,-0.4523864147090668,-0.0791302323341369,0.97975093126297,0.9999817609786988,-0.6393119504809511,-0.7804461008384508,0.0459768809378147,0.9090666174888612,0.999991536140442,-0.2952219599836949,-0.4816530441912292,-0.0498789213597774,0.874640703201294,0.9999380111694336,-0.3678782861088794,-0.6265057250050605,0.0285624433308839,0.8034959435462952,0.99998939037323,-0.10162442809165373,-0.44847525838892927,-0.091886818408966,0.9812981486320496,0.9997770190238952,-0.1982655825297528,-0.451812020942958,0.0057118320837616,0.9278619289398192,0.999879002571106,mediapipe,mediapipe,mediapipe,mediapipe,mediapipe,movenet,mediapipe,gpr,movenet,movenet,mediapipe,mediapipe,mediapipe,mediapipe,mediapipe,mediapipe,mediapipe,mediapipe
338,6.76,0.05638299487122896,-0.8645740404149388,-0.3009814023971557,0.999869465827942,0.9999446868896484,-0.0106487972661852,-0.5632438659667969,-0.3154627084732055,0.9999111890792848,0.999969720840454,0.5764731744059527,-0.479105192850116,-0.2699080407619476,0.9999954104423524,0.9999985694885254,-0.5764731744059527,0.4791051928501121,0.0300032384693622,0.9999405741691588,0.9999843835830688,0.25221360064384357,0.2858126455958021,-0.2949171066284179,0.9964241981506348,0.999975085258484,0.607428121710843,0.6711555481722602,0.0491332449018955,0.5037183165550232,0.9999285936355592,-0.08596506834740751,0.5176786941320114,-0.2145107239484787,0.9940831065177916,0.9999945163726808,-1.14042239832448,-0.41172344455897275,-0.0043608262203633,0.5477696657180786,0.9999617338180542,-0.20861123551382987,0.14393706359798594,-0.0454973168671131,0.9999938011169434,0.9999998807907104,-0.12049074892011469,0.27395497859208845,0.046678602695465,0.9999910593032836,0.9999997615814208,-0.45607782399013963,-0.42310417452554877,-0.3154088258743286,0.9909542202949524,0.9999984502792358,-0.6951834164712809,-0.7167307125033451,-0.1458303034305572,0.9503521919250488,0.9999970197677612,-0.3277022880487523,-0.5678482254526589,-0.079716145992279,0.980188012123108,0.9999902248382568,-0.6367836539435034,-0.8130275850074575,0.0399429984390735,0.9124652147293092,0.9999934434890748,-0.2961726501888967,-0.6043390266758355,-0.0500490516424179,0.8779248595237732,0.9999672174453736,-0.36268767070503505,-0.6634169758079114,0.0221695080399513,0.8088066577911377,0.9999916553497314,-0.08888048542849294,-0.5411179176928247,-0.0908966138958931,0.9816864728927612,0.9998475313186646,-0.17774589729992665,-0.4706598778477367,-0.0004058345512021,0.930092751979828,0.9998769760131836,mediapipe,mediapipe,mediapipe,mediapipe,mediapipe,movenet,mediapipe,gpr,movenet,movenet,mediapipe,mediapipe,mediapipe,mediapipe,mediapipe,mediapipe,mediapipe,mediapipe
339,6.78,0.04490447165755269,-0.8888422265094709,-0.2961553335189819,0.9998705983161926,0.9999408721923828,-0.0104954252019524,-0.5635313987731934,-0.3148800134658813,0.9999125003814696,0.999964952468872,0.5575871882602358,-0.4702601544237352,-0.2695721387863159,0.9999954700469972,0.9999982118606568,-0.5575871882602358,0.4702601544237313,0.031911663711071,0.9999408721923828,0.9999834299087524,0.2647300743625038,0.2872730506091087,-0.2951641380786896,0.996536672115326,0.9999738931655884,0.6072063032575915,0.6714941816945581,0.0535877458751201,0.5083492994308472,0.9999343156814576,-0.08478891628647478,0.5182345296759375,-0.2148757427930832,0.9943006038665771,0.9999958276748656,-1.134708843931942,-0.40494819654402403,0.0003476301790215,0.5549938678741455,0.9999783039093018,-0.212221214052567,0.1464577373087681,-0.0454764403402805,0.999993860721588,0.9999997615814208,-0.12348765156541454,0.27611858234575226,0.0466481670737266,0.9999911189079284,0.9999997615814208,-0.4581133056221148,-0.42232493377458286,-0.3147564828395843,0.9911096692085266,0.9999979734420776,-0.6905820518762321,-0.715271875220581,-0.1463062018156051,0.9509978890419006,0.999996542930603,-0.33017250711227847,-0.5630101036582703,-0.0789645239710807,0.9806278944015504,0.9999903440475464,-0.6384723810391466,-0.8113877199543904,0.0403141789138317,0.9137998223304749,0.9999934434890748,-0.2982553857486403,-0.5992106280783585,-0.0491697713732719,0.8807838559150696,0.9999693632125854,-0.36526820862986964,-0.6613435179745505,0.0228008292615413,0.8106032609939575,0.9999922513961792,-0.08545070513234716,-0.5295695918960737,-0.0883436053991317,0.9821194410324096,0.9998766183853148,-0.17930485915916672,-0.46042960152948126,4.510957660386339e-05,0.9312077760696412,0.9999077320098876,mediapipe,mediapipe,mediapipe,mediapipe,mediapipe,movenet,mediapipe,gpr,movenet,movenet,mediapipe,mediapipe,mediapipe,mediapipe,mediapipe,mediapipe,mediapipe,mediapipe
340,6.8,0.04069132732642327,-0.8876688584053078,-0.2953341007232666,0.9998725056648254,0.9999419450759888,-0.0106398230418562,-0.5633869171142578,-0.3151843249797821,0.9999138712882996,0.9999650716781616,0.5482434223996134,-0.46976520883012274,-0.2697199285030365,0.9999955296516418,0.9999982118606568,-0.5482434223996134,0.46976520883011885,0.0318190157413482,0.9999409317970276,0.9999841451644896,0.2650979238071035,0.28845720197195535,-0.2953505516052246,0.996562123298645,0.9999735355377196,0.6080630627395665,0.671685519243343,0.0538069158792495,0.5083027482032776,0.9999395608901978,-0.08405888707811897,0.5186395585294525,-0.2151145488023758,0.9943807721138,0.9999958276748656,-1.1318042232755308,-0.4013278694186284,0.0018670605495572,0.5534543991088867,0.9999752044677734,-0.2108642974911467,0.14615319663396023,-0.0454821027815341,0.9999938011169434,0.9999997615814208,-0.12266423781006146,0.2747878017003829,0.0466517433524131,0.9999909996986388,0.9999996423721312,-0.4648983193680275,-0.42845315772469245,-0.3146292567253113,0.9910085797309875,0.9999977350234984,-0.690111825272468,-0.7153602799854905,-0.1462674140930175,0.9495629072189332,0.9999960660934448,-0.33467623118431006,-0.5618965884303957,-0.080562375485897,0.9804263710975648,0.9999877214431764,-0.6406508725378949,-0.8108858766877386,0.0403108187019825,0.9114791750907898,0.9999922513961792,-0.30186594067708894,-0.5983884284375978,-0.051138911396265,0.8807742595672607,0.999958872795105,-0.36858780081455117,-0.6610589205881902,0.0227759461849927,0.8079000115394592,0.9999905824661256,-0.09229638791435221,-0.5234875006327449,-0.0897715464234352,0.9820159077644348,0.999847412109375,-0.1870596219882898,-0.46056284392421126,0.0001569001324241,0.9297224283218384,0.999891757965088,mediapipe,mediapipe,mediapipe,mediapipe,mediapipe,movenet,mediapipe,gpr,movenet,movenet,mediapipe,mediapipe,mediapipe,mediapipe,mediapipe,mediapipe,mediapipe,mediapipe
341,6.82,0.0027559986549394017,-0.9171199410137001,-0.2954069972038269,0.9998746514320374,0.9999407529830932,-0.0118476431816816,-0.5630300641059875,-0.3156245648860931,0.9999156594276428,0.9999629259109496,0.5275724518730684,-0.4503611717765646,-0.270498514175415,0.9999955296516418,0.9999980926513672,-0.5275724518730684,0.4503611717765607,0.0316898599267005,0.9999407529830932,0.9999830722808838,0.2659611936250551,0.28790245510727125,-0.2967445850372314,0.9966117739677428,0.999972939491272,0.6094667946054938,0.671516754333675,0.0537601858377456,0.5106132626533508,0.9999356269836426,-0.08546785510440484,0.5169165496730497,-0.216128259897232,0.9944905042648317,0.9999958276748656,-1.131130347675659,-0.4019240436003027,0.0017991834320127,0.5538575649261475,0.9999734163284302,-0.20184891713021988,0.14000092658259775,-0.0455306880176067,0.9999938011169434,0.9999997615814208,-0.11483120863042522,0.26890547835481104,0.0466960109770298,0.9999908804893494,0.9999996423721312,-0.46919776361843096,-0.43164939936477564,-0.3144967257976532,0.9910717010498048,0.999997854232788,-0.6915044383529231,-0.7170418980588597,-0.1453848630189895,0.9489508271217346,0.9999961853027344,-0.3319976374922736,-0.5488579569729165,-0.0851549878716468,0.9806830286979676,0.9999877214431764,-0.6411454648852837,-0.8139022722145561,0.042438231408596,0.9105724692344666,0.9999929666519164,-0.2985822872406126,-0.5812992687869467,-0.0563127920031547,0.8817431330680847,0.9999579191207886,-0.36931412906881383,-0.6648427131203638,0.0250354893505573,0.8067924380302429,0.9999916553497314,-0.09038852262537153,-0.5072844218289704,-0.0959783121943473,0.98223614692688,0.9998407363891602,-0.1925422988123078,-0.4692978160474387,0.0036435036454349,0.9290919303894044,0.999903917312622,mediapipe,mediapipe,mediapipe,mediapipe,mediapipe,movenet,mediapipe,gpr,movenet,movenet,mediapipe,mediapipe,mediapipe,mediapipe,mediapipe,mediapipe,mediapipe,mediapipe
342,6.84,-0.005834800793539836,-0.9262491020383589,-0.3061439096927643,0.9998779892921448,0.999952793121338,-0.011508566327393,-0.5615271329879761,-0.3256867527961731,0.9999167919158936,0.999964475631714,0.5432998537444799,-0.3262602500311782,-0.2770493924617767,0.9999955296516418,0.9999980926513672,-0.5432998537444799,0.32626025003117426,0.0245505739003419,0.9999423623085022,0.9999881982803344,0.2689665220754058,0.3041010739299441,-0.3016513586044311,0.9966509342193604,0.9999680519104004,0.6085282541423569,0.6696036477569988,0.0481555722653865,0.5186576843261719,0.9999523162841796,-0.08500536399552186,0.5208256444535029,-0.2198124080896377,0.9945756793022156,0.9999951124191284,-1.1366444335570134,-0.4048474043880095,-0.0029658509884029,0.5663562417030334,0.9999839067459106,-0.19826616317216003,0.1371429041139154,-0.0455229431390762,0.9999936819076538,0.9999997615814208,-0.11164030635389265,0.2669905508801372,0.0466819964349269,0.9999907612800598,0.9999997615814208,-0.4544991756499595,-0.3882609980531903,-0.3118115663528442,0.9908702969551086,0.9999977350234984,-0.68724465262978,-0.6970387232801878,-0.145932987332344,0.9482804536819458,0.9999970197677612,-0.32230490789340427,-0.4615472991346983,-0.0824915841221809,0.9804340600967408,0.9999884366989136,-0.6428860021621657,-0.768860303140118,0.0424716025590896,0.9091916680336,0.9999943971633912,-0.28995786713565735,-0.49167873867009254,-0.053853154182434,0.8798323273658752,0.999961256980896,-0.37210914629774383,-0.6143466313794388,0.025058664381504,0.8037711381912231,0.999992847442627,-0.09118325943394921,-0.44131356629760643,-0.0956609919667244,0.9821112751960754,0.9998682737350464,-0.1978977739136269,-0.4406669303423483,0.0028938713949173,0.928618311882019,0.9999228715896606,mediapipe,mediapipe,mediapipe,mediapipe,mediapipe,movenet,mediapipe,gpr,movenet,movenet,mediapipe,mediapipe,mediapipe,mediapipe,mediapipe,mediapipe,mediapipe,mediapipe
343,6.86,-0.0035757081670686427,-0.9211736091233405,-0.3042579293251037,0.999880075454712,0.9999504089355468,-0.0114223444834351,-0.562869668006897,-0.3228437900543213,0.9999186396598816,0.999970555305481,0.5396834170393312,-0.39029539108142486,-0.2756019532680511,0.9999955296516418,0.9999984502792358,-0.5396834170393312,0.3902953910814209,0.0259399805217981,0.9999420046806335,0.9999839067459106,0.2658598923899651,0.2989589456596957,-0.3010041415691376,0.9966434240341188,0.9999710321426392,0.6083141599380499,0.6701905814330715,0.0481132678687572,0.5123187303543091,0.999925136566162,-0.08613613243794235,0.5218979951557194,-0.219438761472702,0.9944432973861694,0.9999935626983644,-1.1405645731885548,-0.4038970789128591,-0.0033061159774661,0.5536285042762756,0.9999567270278932,-0.2015722798554798,0.13850212816230778,-0.0455199889838695,0.999993860721588,0.9999998807907104,-0.11412606967367872,0.26990803685096804,0.046682421118021,0.9999910593032836,0.9999997615814208,-0.4545819500640657,-0.3844186998353952,-0.3117274641990661,0.9911675453186036,0.9999982118606568,-0.686760128790423,-0.6972962714767523,-0.146922081708908,0.9503337740898132,0.9999971389770508,-0.3272941530235098,-0.4677952395002488,-0.0806728452444076,0.980923593044281,0.9999890327453612,-0.642025212503714,-0.7763321522509017,0.040107823908329,0.9124606847763062,0.999994158744812,-0.29482735966991036,-0.5002600745060585,-0.0515294447541236,0.8821890354156494,0.999962329864502,-0.37042434614434777,-0.6237638033922027,0.0224368944764137,0.8087434768676758,0.9999922513961792,-0.09145668030332417,-0.45464085602345483,-0.092944785952568,0.9824833273887634,0.9998422861099244,-0.1906926075042665,-0.4458786328529208,-0.0007172672776505,0.9308273792266846,0.999894380569458,mediapipe,mediapipe,mediapipe,mediapipe,mediapipe,movenet,mediapipe,gpr,movenet,movenet,mediapipe,mediapipe,mediapipe,mediapipe,mediapipe,mediapipe,mediapipe,mediapipe
344,6.88,-0.03814521222497762,-0.9215097285356492,-0.3022505342960357,0.9998781085014344,0.9999306201934814,-0.0114091197028756,-0.5627186894416809,-0.3232781291007995,0.9999178647994996,0.9999594688415528,0.4756011666534028,-0.38381287099247435,-0.2767132520675659,0.9999955296516418,0.9999982118606568,-0.4756011666534028,0.3838128709924851,0.026774825528264,0.9999417662620544,0.999984622001648,0.2591369025166392,0.3035781928607271,-0.3032175600528717,0.9966301918029784,0.9999698400497437,0.6072473403815194,0.6708548915808419,0.0518655888736248,0.5062946677207947,0.9999383687973022,-0.08896753189923971,0.5266003625526356,-0.2202299237251281,0.9943963289260864,0.9999945163726808,-1.1472385769707558,-0.40435468296682703,0.0022036198060959,0.5501258373260498,0.9999780654907228,-0.2063464332396698,0.14100241316900183,-0.0456428527832031,0.9999939203262328,0.9999997615814208,-0.11836112765165821,0.2740131563620629,0.0467801094055175,0.9999910593032836,0.9999997615814208,-0.4570523062190939,-0.37054132253834654,-0.307677298784256,0.991211712360382,0.9999979734420776,-0.6873223256467222,-0.6880973657084387,-0.1454863995313644,0.9500849843025208,0.9999970197677612,-0.3258257947616901,-0.4514714271462595,-0.0776735171675682,0.9812331199645996,0.9999905824661256,-0.6450555904884099,-0.7661379349133071,0.0413251258432865,0.9128820300102234,0.9999946355819702,-0.29292048161396855,-0.48371942546009583,-0.0486827865242958,0.8834623098373413,0.9999688863754272,-0.3749265821187777,-0.6121857330667145,0.0237372238188982,0.8096288442611694,0.9999934434890748,-0.09394162165526668,-0.42376639525618687,-0.088230013847351,0.9827371835708618,0.9998878240585328,-0.19586918942759432,-0.43502895558225535,0.0014170908834785,0.9313971996307372,0.9999227523803712,mediapipe,mediapipe,mediapipe,mediapipe,mediapipe,movenet,mediapipe,gpr,movenet,movenet,mediapipe,mediapipe,mediapipe,mediapipe,mediapipe,mediapipe,mediapipe,mediapipe
345,6.9,-0.023311074058159208,-0.9145095290905634,-0.3020904064178467,0.9998711347579956,0.9998857975006104,-0.0165044348686933,-0.56270432472229,-0.323252409696579,0.9999135732650756,0.999932050704956,0.4765545709729628,-0.4113455433800127,-0.2767520844936371,0.9999954700469972,0.999997615814209,-0.4765545709729628,0.41134554338002344,0.0265902765095233,0.9999405145645142,0.9999808073043824,0.25443846672175396,0.2953243405912412,-0.3031197190284729,0.996414840221405,0.9999639987945556,0.6190234708661763,0.6651510689785542,0.0512660816311836,0.5000793933868408,0.9999281167984008,-0.09218827756899367,0.5240659467754195,-0.2199073880910873,0.9938732385635376,0.9999923706054688,-1.1372014442756555,-0.40670420045027433,0.0017470257589593,0.5385907888412476,0.9999595880508424,-0.17687056622889075,0.12233597092135332,-0.0456684119999408,0.9999939203262328,0.9999997615814208,-0.09210020523583058,0.2523200539894831,0.0468195155262947,0.9999911189079284,0.9999997615814208,-0.4490088873436098,-0.3829766835869137,-0.3088735044002533,0.991056740283966,0.999997615814209,-0.6860647105771978,-0.6996351874280832,-0.1431422531604766,0.9486432671546936,0.9999960660934448,-0.3295718548566842,-0.4823192443682555,-0.0777274966239929,0.9805936813354492,0.999986171722412,-0.6403040724900974,-0.7991691944091942,0.0447000265121459,0.910878360271454,0.9999921321868896,-0.29694582262442387,-0.5171718871700784,-0.0486819483339786,0.8802910447120667,0.9999539852142334,-0.36811726969470376,-0.6504077687884164,0.0270967502146959,0.8057485818862915,0.9999905824661256,-0.0913031395423511,-0.4587828157254264,-0.0881589725613594,0.982067346572876,0.9998160004615784,-0.18989220271116045,-0.47619602723797194,0.0054390565492212,0.9292158484458924,0.9998773336410522,mediapipe,mediapipe,mediapipe,mediapipe,mediapipe,movenet,mediapipe,gpr,movenet,movenet,mediapipe,mediapipe,mediapipe,mediapipe,mediapipe,mediapipe,mediapipe,mediapipe
346,6.92,-0.05856114581983051,-0.8747053905391693,-0.3019950091838836,0.9998779892921448,0.9999743700027466,-0.0149503322318196,-0.561294674873352,-0.3232801258563995,0.999917447566986,0.9999805688858032,0.5332823895592362,-0.3581184234818022,-0.2767632007598877,0.9999955892562866,0.9999986886978148,-0.5332823895592362,0.35811842348179823,0.0269822143018245,0.9999433159828186,0.9999927282333374,0.2638451265184269,0.2981178131743769,-0.3033435344696045,0.996544361114502,0.9999769926071168,0.6158457098911603,0.6685973440349011,0.0515180379152298,0.5146175622940063,0.9999672174453736,-0.08939036112363051,0.5246728599923145,-0.2209183126688003,0.994108021259308,0.9999959468841552,-1.1445220650146086,-0.40734363289295494,0.0016531840665265,0.5572022795677185,0.9999881982803344,-0.1833115245806141,0.12612815495843782,-0.0456713922321796,0.9999939799308776,0.9999997615814208,-0.09760379453135859,0.25723417607072674,0.0468219108879566,0.9999912977218628,0.9999997615814208,-0.4538882117859028,-0.38287257581731754,-0.3088536858558655,0.9911532402038574,0.9999979734420776,-0.6889294498036509,-0.7073185387394205,-0.1467095911502838,0.9502168893814088,0.999997615814209,-0.3225407896175247,-0.47519391209721384,-0.0735826715826988,0.9802133440971376,0.9999855756759644,-0.6377311952938411,-0.7862058651358247,0.0388736948370933,0.9121332764625548,0.9999934434890748,-0.28978624056600893,-0.5090025837493485,-0.0438291542232036,0.8777691125869751,0.9999535083770752,-0.3649286495413969,-0.6315943032903826,0.0212172400206327,0.8070797324180603,0.9999914169311525,-0.09360529493517498,-0.4541137561302638,-0.0821767002344131,0.981774628162384,0.9998536109924316,-0.1932277587144708,-0.46535625812391757,-0.0011471522739157,0.930323839187622,0.9999066591262816,mediapipe,mediapipe,mediapipe,mediapipe,mediapipe,movenet,mediapipe,gpr,movenet,movenet,mediapipe,mediapipe,mediapipe,mediapipe,mediapipe,mediapipe,mediapipe,mediapipe
347,6.94,-3.095937862573082,-3.961308020707597,-0.3024451732635498,0.9998822808265686,0.9999555349349976,-0.0162534788250923,-0.5621458888053894,-0.3210878074169159,0.9999200701713562,0.9999700784683228,3.6940743654302675,1.9563132363663684,-0.2748756110668182,0.9999955296516418,0.9999979734420776,-3.6940743654302675,-1.9563132363663587,0.0273545198142528,0.9999423027038574,0.999980926513672,0.6134239301037846,1.5642507648434931,-0.3017192184925079,0.9965117573738098,0.9999641180038452,1.579342221708103,2.208559409161761,0.0512909367680549,0.5114171504974365,0.9999161958694458,-0.14716763296611904,1.3451483641205966,-0.2202671617269516,0.993954062461853,0.9999920129776,-1.6169329816940887,0.34043178616982256,0.0012041641166433,0.5475098490715027,0.9999475479125975,2.6116047312112682,7.0018735388275815,-0.0456789657473564,0.9999940395355223,0.9999997615814208,-5.149471658310524,-6.193986253419108,0.0468395501375198,0.9999914169311525,0.9999997615814208,-0.9090406553214752,1.7892859105965946,-0.3096480369567871,0.9913153052330016,0.9999974966049194,-1.2645053732391336,0.40954914169471335,-0.1464371085166931,0.9512712359428406,0.9999957084655762,-0.5966230274353173,3.269136274694596,-0.0738182589411735,0.9803911447525024,0.999984622001648,-1.1733166366281351,2.121573343120977,0.0395557470619678,0.9140052795410156,0.9999910593032836,-0.60003078770564,3.290580733327205,-0.0439066253602504,0.8795427680015564,0.9999488592147828,-1.0585855052668867,2.667281618428031,0.0218998789787292,0.8096749782562256,0.9999889135360718,-0.6460529448640968,3.730798973872274,-0.0822669565677642,0.9818934202194214,0.9997698664665222,-1.0975890265916248,3.1703786187865877,-0.0007310769287869,0.9311105608940125,0.999841570854187,mediapipe,mediapipe,mediapipe,mediapipe,mediapipe,movenet,mediapipe,gpr,movenet,mediapipe,mediapipe,mediapipe,mediapipe,mediapipe,mediapipe,mediapipe,mediapipe,mediapipe
348,6.96,-3.1391926647383523,-3.9440908219613244,-0.3023788034915924,0.9998862743377686,0.999962568283081,-0.0150174554437398,-0.5601903796195984,-0.3211970925331116,0.9999218583106996,0.9999710321426392,3.7394535398134967,2.0936004127480965,-0.2749409079551697,0.9999955296516418,0.9999979734420776,-3.7394535398134967,-2.0936004127481005,0.0276121105998754,0.9999442100524902,0.9999896287918092,0.6269086081211434,1.5833075376768069,-0.3023655414581299,0.9966201782226562,0.9999685287475586,1.5759927650676175,2.21766019902778,0.0520745888352394,0.5261383652687073,0.9999585151672364,-0.14511231832081067,1.348772173787823,-0.2220102548599243,0.9941778779029846,0.9999946355819702,-1.6240768056484527,0.34068980041687175,0.0017786282114684,0.5684978365898132,0.9999866485595704,2.615141646443739,7.015902665726309,-0.0456846319139003,0.9999939203262328,0.9999996423721312,-5.162164947075991,-6.205504754798123,0.0468434765934944,0.9999912977218628,0.9999996423721312,-0.9179870945126997,1.7857809871519532,-0.3123185038566589,0.9913454055786132,0.9999970197677612,-1.2716021384451783,0.4080069129510749,-0.1475792378187179,0.9518961906433104,0.9999960660934448,-0.5986658388255138,3.2978203881447814,-0.0750375241041183,0.9798926115036012,0.9999804496765136,-1.1813747583565688,2.1673942916788453,0.0390254035592079,0.913516104221344,0.9999898672103882,-0.6017400224947684,3.3260561586852186,-0.0449691079556942,0.8768143653869629,0.999936819076538,-1.06898414760162,2.725898929075051,0.0214969534426927,0.8082008361816406,0.9999874830245972,-0.6538881082775345,3.7797558257786728,-0.0829726904630661,0.9814717769622804,0.9997870326042176,-1.1093823210530804,3.2329323329166977,-0.0009697043569758,0.9306413531303406,0.9998635053634644,mediapipe,mediapipe,mediapipe,mediapipe,mediapipe,movenet,mediapipe,gpr,movenet,mediapipe,mediapipe,mediapipe,mediapipe,mediapipe,mediapipe,mediapipe,mediapipe,mediapipe
349,6.98,-3.136089307011194,-3.9566318446261435,-0.3040101230144501,0.999875783920288,0.9998935461044312,-0.0109245283529162,-0.5601179599761963,-0.3214614391326904,0.9999139308929444,0.9999344348907472,3.84732872879949,2.096490521817853,-0.2748925983905792,0.9999953508377076,0.9999970197677612,-3.84732872879949,-2.0964905218178433,0.0263043902814388,0.9999409914016724,0.999969482421875,0.6531048712939056,1.5876965520428825,-0.3023607432842254,0.9965022802352904,0.999957799911499,1.5623614884323758,2.221165223514358,0.0469097383320331,0.5130331516265869,0.9998890161514282,-0.15034474120563265,1.3516551209794845,-0.2222140431404113,0.9938566088676452,0.9999916553497314,-1.6383544248832553,0.34732839939737936,-0.0048219999298453,0.548457145690918,0.99993634223938,2.5786441071024253,7.041316629711223,-0.0454634204506874,0.9999939203262328,0.9999997615814208,-5.204485692181412,-6.194865687626538,0.0466400869190692,0.999991238117218,0.9999997615814208,-0.9399514426671399,1.7938055402496442,-0.3133527636528015,0.9909738302230836,0.999997615814209,-1.287235568236468,0.4167770869045036,-0.1506886482238769,0.9507126808166504,0.9999953508377076,-0.6223743142613136,3.3131307106747587,-0.079377993941307,0.9793162941932678,0.999986171722412,-1.1960052932051561,2.1786903192370626,0.0351359471678733,0.9121577739715576,0.9999916553497314,-0.6244789492432763,3.3416269047801443,-0.0496550127863884,0.8747428059577942,0.9999537467956544,-1.0868104945364583,2.7382252016929938,0.0174290835857391,0.8056765198707581,0.9999896287918092,-0.6440348397084036,3.796027030533819,-0.0906901359558105,0.980860710144043,0.9997928738594056,-1.1146771887819864,3.248221382549021,-0.0077940998598933,0.928964376449585,0.9998587369918824,mediapipe,mediapipe,mediapipe,mediapipe,mediapipe,movenet,mediapipe,gpr,movenet,mediapipe,mediapipe,mediapipe,mediapipe,mediapipe,mediapipe,mediapipe,mediapipe,mediapipe
350,7.0,-3.1712600628041807,-4.029920490010222,-0.2954062223434448,0.9998685717582704,0.9998815059661864,-0.0142362806946039,-0.561754047870636,-0.3165745437145233,0.9999107718467712,0.999936819076538,3.662567522234282,1.9475262240326678,-0.2728617191314697,0.9999952912330629,0.9999977350234984,-3.662567522234282,-1.9475262240326718,0.0316106788814067,0.9999386072158812,0.9999773502349854,0.5853793420997426,1.56754344348217,-0.3008559346199035,0.9963946342468262,0.9999673366546632,1.5694320476489945,2.213917947080662,0.0510497614741325,0.5004833340644836,0.9999122619628906,-0.15995575184796576,1.3448805656008809,-0.2200631350278854,0.9935443997383118,0.999992609024048,-1.6159387310111197,0.3525382586850306,-0.0012748657027259,0.5281226634979248,0.9999414682388306,2.592896240658482,7.015120550853353,-0.0455486923456192,0.9999940395355223,0.9999997615814208,-5.171314469083079,-6.188606295707716,0.0467541441321373,0.9999914169311525,0.9999997615814208,-0.9266517735037441,1.7593795337613745,-0.3172021806240082,0.991083323955536,0.999997615814209,-1.277295797102943,0.3961175504762841,-0.1506170481443405,0.950632631778717,0.9999958276748656,-0.6311096212457726,3.1975984521130973,-0.0813980475068092,0.9792217016220092,0.9999862909317015,-1.1767555273263313,2.1409733755469826,0.0339484177529811,0.912562906742096,0.9999912977218628,-0.6339027352681368,3.214345777120396,-0.0512930527329444,0.8753628730773926,0.9999549388885498,-1.060600689125099,2.694760472418883,0.015907846391201,0.8065054416656494,0.9999891519546508,-0.6555584419315159,3.6523753278656197,-0.0911362618207931,0.9807333946228028,0.9998138546943665,-1.0873194580837895,3.206927939758942,-0.0088186487555503,0.9287784099578856,0.9998528957366944,mediapipe,mediapipe,mediapipe,mediapipe,mediapipe,movenet,mediapipe,gpr,movenet,mediapipe,mediapipe,mediapipe,mediapipe,mediapipe,mediapipe,mediapipe,mediapipe,mediapipe
351,7.02,-3.21340891909106,-4.002296748786352,-0.3003958165645599,0.9998724460601808,0.999962568283081,-0.0141900312155485,-0.5574772357940674,-0.3245651125907898,0.9999118447303772,0.9999680519104004,3.7086438897097773,2.201460489287782,-0.2767503261566162,0.9999952912330629,0.9999979734420776,-3.7086438897097773,-2.201460489287771,0.0233951639384031,0.9999412298202516,0.999990940093994,0.5964524214506256,1.6060540470359086,-0.3036166429519653,0.9963677525520324,0.9999685287475586,1.5779139438279766,2.215794657934478,0.0447551719844341,0.5177586674690247,0.999964714050293,-0.16091947050807096,1.3593085197448418,-0.2240228205919265,0.9936255812644958,0.999995231628418,-1.6136593272224822,0.34934715111931086,-0.006060245912522,0.5534480214118958,0.9999899864196776,2.6243370313014327,7.0393904170636965,-0.0452544353902339,0.999993860721588,0.9999997615814208,-5.179258590471136,-6.228726435120298,0.0464355200529098,0.9999912977218628,0.9999997615814208,-0.9116435879755257,1.7993790375101575,-0.3033705055713653,0.9902098178863524,0.9999970197677612,-1.2870905544046853,0.40907711572882133,-0.1505268365144729,0.9496419429779052,0.9999966621398926,-0.6341774099475426,3.3662392029646284,-0.0667642056941986,0.9777921438217164,0.9999833106994628,-1.186725455209078,2.2050456845077604,0.0355645380914211,0.9093560576438904,0.999992847442627,-0.6377680583867157,3.3973747403784524,-0.0370510816574096,0.8673706650733948,0.9999475479125975,-1.0748662027268612,2.769695895270147,0.0180018283426761,0.7998852133750916,0.9999912977218628,-0.6651533321672354,3.842637240070673,-0.0778260454535484,0.9794914722442628,0.9998244643211364,-1.1053181727220902,3.297145475084801,-0.0067339478991925,0.926474928855896,0.9999011754989624,mediapipe,mediapipe,mediapipe,mediapipe,mediapipe,movenet,mediapipe,gpr,movenet,mediapipe,mediapipe,mediapipe,mediapipe,mediapipe,mediapipe,mediapipe,mediapipe,mediapipe
352,7.04,-3.2424935153786194,-4.035555712965156,-0.3068746626377105,0.9998766779899596,0.9999662637710572,-0.0091700702905654,-0.5574988722801208,-0.3283224701881408,0.9999146461486816,0.9999749660491944,3.7468408660297254,2.253121607371076,-0.2787533700466156,0.9999954104423524,0.9999985694885254,-3.7468408660297254,-2.25312160737108,0.0208432395011186,0.9999434351921082,0.9999903440475464,0.5904366137934492,1.6182698906567297,-0.3047652244567871,0.9964570999145508,0.9999725818634032,1.5550865554666216,2.227259426044421,0.042227242141962,0.5246454477310181,0.9999526739120485,-0.16618637251780863,1.3679751054818656,-0.2259205728769302,0.993869125843048,0.9999949932098388,-1.6354847287527896,0.35330844985647947,-0.0094232400879263,0.5713005065917969,0.999985933303833,2.5695297336256377,7.086432391221793,-0.0452530458569526,0.9999939203262328,0.9999997615814208,-5.246439085769615,-6.221769182636774,0.0464302897453308,0.9999914169311525,0.9999997615814208,-0.9256920605029303,1.9225368503812714,-0.2933672666549682,0.9903631806373596,0.9999979734420776,-1.2878354718751475,0.42300408898216896,-0.1514848470687866,0.9517416954040528,0.9999974966049194,-0.6444553768754767,3.48300098064199,-0.0558926723897457,0.9785342812538148,0.9999880790710448,-1.1955132210211605,2.222323225313146,0.0351078696548938,0.912661075592041,0.9999954700469972,-0.6529015287862875,3.51074567308229,-0.0264351963996887,0.8697686195373535,0.9999600648880004,-1.0889578048716224,2.7874678923198064,0.0176774617284536,0.8049941658973694,0.9999938011169434,-0.7030666736730871,3.93946393742103,-0.0688480734825134,0.9801495671272278,0.9998490810394288,-1.1268253100769485,3.314746112974661,-0.007538603618741,0.9293742775917052,0.9999210834503174,mediapipe,mediapipe,mediapipe,mediapipe,mediapipe,movenet,mediapipe,gpr,movenet,mediapipe,mediapipe,mediapipe,mediapipe,mediapipe,mediapipe,mediapipe,mediapipe,mediapipe
353,7.06,-3.1957057757139062,-4.033267927501894,-0.3153237700462341,0.9998855590820312,0.9999819993972778,-0.0078075025230646,-0.5588831305503845,-0.3303746283054352,0.9999210238456726,0.9999887943267822,3.7357081357884656,2.3117488825304844,-0.2799730598926544,0.9999955892562866,0.9999990463256836,-3.7357081357884656,-2.3117488825304737,0.019456198439002,0.9999436140060424,0.9999876022338868,0.5911094081832646,1.6163026141668293,-0.3049501478672027,0.9966033101081848,0.999979853630066,1.5523821743167874,2.224038405881456,0.0401041992008686,0.5199276804924011,0.9999319314956664,-0.1626754745901696,1.3689135233206915,-0.2260402888059616,0.994145691394806,0.999996304512024,-1.6344315176654773,0.3488018022454395,-0.0102945258840918,0.5605578422546387,0.999961256980896,2.557094881998072,7.08040996832856,-0.0454461649060249,0.9999940991401672,0.9999998807907104,-5.245092429502388,-6.209313670651383,0.0466235466301441,0.999991536140442,0.9999998807907104,-0.9230960518629477,1.9181210463456118,-0.2896134853363037,0.9908164143562316,0.9999984502792358,-1.2861448216716247,0.44358517961853805,-0.1458589881658554,0.9539349675178528,0.9999972581863404,-0.6395903620721858,3.44700851748756,-0.0530085116624832,0.9796048998832704,0.999990701675415,-1.1790748377630063,2.220049870142308,0.0415176041424274,0.9167139530181884,0.9999955892562866,-0.6478597438599223,3.469642823689511,-0.0234935507178306,0.875044047832489,0.999967098236084,-1.0628954015331655,2.783662019395521,0.0241300631314516,0.8132120966911316,0.9999939203262328,-0.7019087124956477,3.8586155995918525,-0.063991442322731,0.9811148643493652,0.999863862991333,-1.1199775615969587,3.305790234264051,0.0023627104237675,0.9326761364936828,0.9999154806137084,mediapipe,mediapipe,mediapipe,mediapipe,mediapipe,movenet,mediapipe,gpr,movenet,mediapipe,mediapipe,mediapipe,mediapipe,mediapipe,mediapipe,mediapipe,mediapipe,mediapipe
354,7.08,-3.1648036355149394,-4.035518544800486,-0.3139567375183105,0.9998752474784852,0.999895453453064,-0.0078109968453645,-0.5589056015014648,-0.3300500512123108,0.9999138712882996,0.9999396800994872,3.732171814368075,2.3024998119420115,-0.2796928882598877,0.9999954700469972,0.9999977350234984,-3.732171814368075,-2.3024998119420155,0.0196391604840755,0.9999411702156068,0.999976634979248,0.5937671117027782,1.615854183775226,-0.304890364408493,0.9964531064033508,0.999967098236084,1.553183265681815,2.226853008408225,0.040317878127098,0.5083759427070618,0.9999171495437622,-0.15922178920206348,1.3688200780643731,-0.2261596173048019,0.9939526915550232,0.9999946355819702,-1.6446514500312035,0.3372081908134969,-0.0099959084764122,0.544426441192627,0.9999610185623168,2.5559660765327985,7.080753478837765,-0.0454321838915348,0.9999939203262328,0.9999997615814208,-5.246374836940488,-6.208489469149868,0.0466107353568077,0.999991238117218,0.9999997615814208,-0.9239685875877655,1.9128810640185532,-0.2925926744937897,0.9902842044830322,0.9999977350234984,-1.284316829255177,0.44549598899296505,-0.1461100727319717,0.9509230256080629,0.9999959468841552,-0.640410868471027,3.4477039962563003,-0.0652810186147689,0.9788318276405334,0.999986171722412,-1.1796556093582427,2.2202495575245935,0.0404970236122608,0.9127492904663086,0.999992847442627,-0.6488596330829498,3.4711439666599455,-0.0370456166565418,0.8711203932762146,0.9999533891677856,-1.0640731469459708,2.783436778547269,0.0230241063982248,0.8078061938285828,0.9999911785125732,-0.7095753274010406,3.86020717253758,-0.0808592736721038,0.9803872108459472,0.9998331069946288,-1.1241013322768347,3.297017796651357,0.0009756924118846,0.929657816886902,0.9998956918716432,mediapipe,mediapipe,mediapipe,mediapipe,mediapipe,movenet,mediapipe,gpr,movenet,mediapipe,mediapipe,mediapipe,mediapipe,mediapipe,mediapipe,mediapipe,mediapipe,mediapipe
355,7.1,-3.183337623206204,-4.0431019599484115,-0.3136392533779144,0.9998692870140076,0.999903678894043,-0.0082259578630328,-0.5583558082580566,-0.3305603265762329,0.9999106526374816,0.9999452829360962,3.7150231368073947,2.2572017680432612,-0.2805013060569763,0.9999954104423524,0.999997854232788,-3.7150231368073947,-2.257201768043265,0.01963453553617,0.9999397993087769,0.9999788999557496,0.5948619228245025,1.6127869107150132,-0.3057749569416046,0.9963567852973938,0.9999682903289796,1.5529399751040918,2.2276699532996838,0.0404960736632347,0.4980875551700592,0.99992036819458,-0.1612990298440366,1.3680716351969313,-0.2262081056833267,0.9937122464179992,0.9999936819076538,-1.6594658528120276,0.3255224588092703,-0.0098793562501668,0.5295417308807373,0.9999582767486572,2.5607998351983636,7.081831572245867,-0.0454185381531715,0.9999939203262328,0.9999997615814208,-5.246136297463509,-6.2122247681274585,0.0465957373380661,0.9999911785125732,0.9999997615814208,-0.9251974212530238,1.9024731193074695,-0.2989695072174072,0.9901069402694702,0.999997854232788,-1.2896246348811002,0.45398744344116354,-0.1458313763141632,0.9492062330245972,0.9999960660934448,-0.6397718055387225,3.4479803773115094,-0.0721691772341728,0.9784057140350342,0.9999887943267822,-1.1919506914048235,2.221610109689221,0.0418641306459903,0.9104004502296448,0.9999929666519164,-0.6477097961134778,3.4714829474253053,-0.0436903052031993,0.8687807321548462,0.9999624490737916,-1.081995007011763,2.7841522088655912,0.0244903862476348,0.8034513592720032,0.999991536140442,-0.7030752199942674,3.863677822706769,-0.0872449576854705,0.9799770712852478,0.9998515844345092,-1.1391729871866578,3.2964884309408364,0.0021792796906083,0.9276505708694458,0.9998964071273804,mediapipe,mediapipe,mediapipe,mediapipe,mediapipe,movenet,mediapipe,gpr,movenet,mediapipe,mediapipe,mediapipe,mediapipe,mediapipe,mediapipe,mediapipe,mediapipe,mediapipe
356,7.12,-3.2106854560962637,-4.043638327305462,-0.3131502866744995,0.9998597502708436,0.9998912811279296,-0.0078386226668953,-0.5581380724906921,-0.3304221630096435,0.9999042749404908,0.99993634223938,3.7363134145054504,2.264744503885373,-0.2804649472236633,0.9999952912330629,0.99999737739563,-3.7363134145054504,-2.264744503885363,0.0197315476834774,0.999937891960144,0.999975562095642,0.6009364025766204,1.6133493283997085,-0.3057672083377838,0.9962872266769408,0.9999645948410034,1.5511881203565852,2.2301423703141703,0.0406477935612201,0.4871878921985626,0.9999121427536012,-0.16393577513207352,1.3680279780960252,-0.2262300550937652,0.9935346245765686,0.9999929666519164,-1.6728275728801347,0.3250912261875693,-0.0097882207483053,0.5152221918106079,0.9999511241912842,2.5546088224509793,7.087626488827654,-0.0454094260931015,0.999993860721588,0.9999997615814208,-5.255959722938994,-6.210897503111097,0.0465881526470184,0.9999910593032836,0.9999996423721312,-0.9349270138970908,1.8967790092905332,-0.3041866719722748,0.9896538257598876,0.9999971389770508,-1.2940249387935354,0.447856816798635,-0.1464584618806839,0.9470738172531128,0.9999948740005492,-0.6429988850291941,3.4456999416066147,-0.0777867510914802,0.9772137999534608,0.999983549118042,-1.1973928269506098,2.223204268870086,0.0396494828164577,0.907109260559082,0.999990701675415,-0.6489915351857742,3.4686590625701026,-0.0492101721465587,0.8635803461074829,0.9999462366104126,-1.0892652463586647,2.786282805930227,0.0220340546220541,0.7978583574295044,0.9999885559082032,-0.7013670270328026,3.866622153661241,-0.0931586250662803,0.9789401292800904,0.9997922778129578,-1.1458831164263312,3.299953598866729,-0.0015333391493186,0.9247888922691344,0.9998600482940674,mediapipe,mediapipe,mediapipe,mediapipe,mediapipe,movenet,mediapipe,gpr,movenet,mediapipe,mediapipe,mediapipe,mediapipe,mediapipe,mediapipe,mediapipe,mediapipe,mediapipe
357,7.14,-3.2197573455734183,-4.012929331222968,-0.3121244311332702,0.999855101108551,0.9999024868011476,-0.0104433335363864,-0.5584076046943665,-0.3286348283290863,0.9999014735221864,0.9999423027038574,3.763014308842709,2.180130252314761,-0.2796733677387237,0.9999951720237732,0.9999974966049194,-3.763014308842709,-2.1801302523147514,0.0204035472124815,0.9999358654022216,0.9999749660491944,0.571853973924557,1.5867289782923668,-0.3052873313426971,0.9961175322532654,0.9999632835388184,1.5627339484783336,2.223336772198224,0.0407622791826725,0.4770759642124176,0.9999048709869384,-0.17394991405324933,1.3582820665497581,-0.2251577973365783,0.993065595626831,0.999991536140442,-1.6532298625157782,0.34072291346352734,-0.0096945641562342,0.4961479604244232,0.9999332427978516,2.5754862297206182,7.068290276443762,-0.0454200319945812,0.9999939203262328,0.9999997615814208,-5.228681669434826,-6.212506640874225,0.0466094501316547,0.9999911189079284,0.9999997615814208,-0.9371006218447905,1.8428577290676609,-0.3078890442848205,0.9895036816596984,0.9999974966049194,-1.2866918460416892,0.42290249170063166,-0.1462786197662353,0.9459630250930786,0.9999955892562866,-0.6390116045745023,3.3289779521469436,-0.0788739472627639,0.9767364859580994,0.9999858140945436,-1.194755213538815,2.1529592807458826,0.0411747694015502,0.9058988690376282,0.9999914169311525,-0.6425970618120672,3.347259591558783,-0.0498795770108699,0.8620339632034302,0.9999533891677856,-1.085519037507524,2.7038672461318742,0.0237031504511833,0.7953830361366272,0.9999896287918092,-0.6842506910299934,3.771093213344619,-0.0929732769727706,0.9784729480743408,0.9998005032539368,-1.129977840527725,3.228089982094429,0.0002879991370718,0.923227071762085,0.9998608827590942,mediapipe,mediapipe,mediapipe,mediapipe,mediapipe,movenet,mediapipe,gpr,movenet,mediapipe,mediapipe,mediapipe,mediapipe,mediapipe,mediapipe,mediapipe,mediapipe,mediapipe
358,7.16,-0.05508360717639428,-0.8930344675553715,-0.3119144141674042,0.999862015247345,0.9999642372131348,-0.0099433874711394,-0.5578346252441406,-0.3285763561725616,0.9999052286148072,0.9999724626541138,0.6353632099036222,-0.2522217146271559,-0.279645562171936,0.999995231628418,0.9999983310699464,-0.6353632099036222,0.2522217146271667,0.0204562731087207,0.9999387264251708,0.9999914169311525,0.22456761713946458,0.30358175568964874,-0.3051817119121551,0.9962202906608582,0.9999721050262452,0.6126561335864756,0.6684747514986418,0.0413753017783165,0.4949394464492798,0.9999629259109496,-0.11324585371259,0.5258271401954114,-0.2248954027891159,0.9932799339294434,0.999995231628418,-1.1388598899322102,-0.38854515335844014,-0.0091272089630365,0.518187403678894,0.9999858140945436,-0.1930506536090108,0.13359648967002077,-0.0453372970223426,0.9999939799308776,0.9999997615814208,-0.10838023191556302,0.26462881932995025,0.0465225875377655,0.9999912977218628,0.9999997615814208,-0.470223354051799,-0.39205701021684697,-0.310017853975296,0.9898419380187988,0.9999982118606568,-0.6967072717317894,-0.7201951890369016,-0.1511263847351074,0.948066771030426,0.999997854232788,-0.34353933094300076,-0.5205316789859467,-0.0770441889762878,0.9770092368125916,0.9999887943267822,-0.6475090455653179,-0.7973815814749549,0.0382542386651039,0.908454418182373,0.9999945163726808,-0.30853049085345347,-0.5566713927379385,-0.047318834811449,0.8621394634246826,0.999963641166687,-0.3763972867484406,-0.6422520385119301,0.0210748855024576,0.7981239557266235,0.9999929666519164,-0.09836784876079926,-0.5028106642307906,-0.0893330797553062,0.9787595868110656,0.9998738765716552,-0.19813543174911644,-0.4529227658553447,-0.0034627879504114,0.9253731369972228,0.9999169111251832,mediapipe,mediapipe,mediapipe,mediapipe,mediapipe,movenet,mediapipe,gpr,movenet,movenet,mediapipe,mediapipe,mediapipe,mediapipe,mediapipe,mediapipe,mediapipe,mediapipe
359,7.18,-0.06405145018340938,-0.8951548475850944,-0.3116283416748047,0.9998614192008972,0.9999231100082396,-0.0099293114617466,-0.5578527450561523,-0.3293827474117279,0.9999051690101624,0.9999526739120485,0.626853041108341,-0.25188651425119624,-0.2801932394504547,0.9999951720237732,0.999997854232788,-0.626853041108341,0.251886514251206,0.0204835329204797,0.9999383091926576,0.9999823570251464,0.22538035236093776,0.30398290354348717,-0.3054978549480438,0.9962310194969176,0.9999665021896362,0.6117830489579535,0.6696793072264963,0.0414789803326129,0.4923924207687378,0.999930500984192,-0.11393976592130597,0.5263141293873909,-0.2249433845281601,0.9933207631111144,0.999994158744812,-1.1116338160016195,-0.36384930629288764,-0.0090450001880526,0.5158706307411194,0.999969482421875,-0.1953471671261755,0.1339689045566242,-0.0454245954751968,0.9999939203262328,0.9999997615814208,-0.11001566860702934,0.2672701367257533,0.0466055385768413,0.9999911785125732,0.9999997615814208,-0.4693738924297951,-0.3876680198845404,-0.3100106418132782,0.9900185465812684,0.9999979734420776,-0.6968644537825919,-0.7068694926513387,-0.1470865309238433,0.9479362964630128,0.999996781349182,-0.33759227178251755,-0.48730985181107517,-0.0775031372904777,0.9775840044021606,0.9999890327453612,-0.648377525468144,-0.7947646542379696,0.0469904839992523,0.9084404110908508,0.9999943971633912,-0.30247512438632973,-0.5202064196300247,-0.0479577891528606,0.8640099763870239,0.9999624490737916,-0.37757186753791283,-0.6403392718813147,0.0302813593298196,0.7980946898460388,0.999993085861206,-0.09926914290739117,-0.47616188005404153,-0.0912214145064354,0.9792660474777222,0.99985933303833,-0.20166741741449634,-0.4537227773865553,0.0061135566793382,0.9257063269615172,0.9999195337295532,mediapipe,mediapipe,mediapipe,mediapipe,mediapipe,movenet,mediapipe,gpr,movenet,movenet,mediapipe,mediapipe,mediapipe,mediapipe,mediapipe,mediapipe,mediapipe,mediapipe
360,7.2,-0.06058145892842172,-0.883750673765462,-0.3196152746677398,0.999867022037506,0.999964952468872,-0.009056944400072,-0.5576428174972534,-0.3336823880672455,0.9999083280563354,0.9999746084213256,0.6402461796537563,-0.24550216158580684,-0.2821199893951416,0.9999951720237732,0.9999983310699464,-0.6402461796537563,0.24550216158581661,0.0158763639628887,0.999938666820526,0.9999843835830688,0.227167358886773,0.3043701565436664,-0.3075456917285919,0.9962230920791626,0.9999704360961914,0.6140240152267303,0.6678642004453103,0.0344008356332778,0.4905034303665161,0.9999297857284546,-0.11442100224415634,0.5263929053611368,-0.2296422123908996,0.993328094482422,0.9999945163726808,-1.0924522805651717,-0.3520370803423032,-0.0173606425523757,0.5114515423774719,0.999963402748108,-0.19664712938807596,0.13422357332474577,-0.0454124212265014,0.999993860721588,0.9999997615814208,-0.11176761924655701,0.2694112068067754,0.0465964004397392,0.9999911189079284,0.9999997615814208,-0.4696859631172816,-0.38496095737970887,-0.3087598383426666,0.9898585081100464,0.9999979734420776,-0.6980821900305039,-0.6979242550547754,-0.1464390009641647,0.947688639163971,0.999996542930603,-0.3388958219911796,-0.47708552398978443,-0.0773816704750061,0.9774746298789978,0.9999874830245972,-0.6495297013290457,-0.7935411880857878,0.0480191111564636,0.9077483415603638,0.9999939203262328,-0.30383600762985674,-0.5096239770945005,-0.0479052700102329,0.8630339503288269,0.9999569654464722,-0.3790947878006138,-0.6394934668110156,0.0313047729432582,0.797021210193634,0.9999923706054688,-0.10046774180097415,-0.47269580750952217,-0.0911756157875061,0.9791659116744996,0.999830961227417,-0.20329211372898853,-0.45520340926679553,0.0072354660369455,0.9251787066459656,0.9999045133590698,mediapipe,mediapipe,mediapipe,mediapipe,mediapipe,movenet,mediapipe,gpr,movenet,movenet,mediapipe,mediapipe,mediapipe,mediapipe,mediapipe,mediapipe,mediapipe,mediapipe
361,7.22,-0.07599648054297158,-0.8854519040233646,-0.3187938928604126,0.999859094619751,0.999893069267273,-0.0085890423506498,-0.5576005578041077,-0.3339019119739532,0.99990314245224,0.9999358654022216,0.6494386857242473,-0.2461481116078073,-0.2823410332202911,0.9999951124191284,0.9999974966049194,-0.6494386857242473,0.2461481116078034,0.0154986567795276,0.9999374747276306,0.9999771118164062,0.2341966799490692,0.30466831052608595,-0.3078201115131378,0.9961259365081788,0.9999635219573976,0.6065520218452651,0.6673666661843116,0.0340994670987129,0.4827780723571777,0.9999150037765504,-0.11596707174505441,0.5262141082392697,-0.2298521250486374,0.9931603074073792,0.9999933242797852,-1.1046211297367616,-0.36909331315990185,-0.0175266209989786,0.502292275428772,0.9999574422836304,-0.20334340132498743,0.13795435653923488,-0.0454007163643837,0.9999938011169434,0.9999997615814208,-0.11753395126752249,0.27475995900841804,0.0465871542692184,0.9999909996986388,0.9999997615814208,-0.47128911384948635,-0.3826354371326389,-0.3092738091945648,0.9894955158233644,0.999997615814209,-0.6988626639858854,-0.6927029205082496,-0.1463862210512161,0.9458901882171632,0.9999958276748656,-0.34112722187691685,-0.47483607698914826,-0.0778224915266037,0.9767084717750548,0.9999866485595704,-0.6520025928572745,-0.7911102425203238,0.047847956418991,0.9049882888793944,0.999992609024048,-0.306245451075529,-0.5073569070253956,-0.0483829230070114,0.8596469163894653,0.9999551773071288,-0.38276130420741616,-0.6372283564082266,0.031096052378416,0.7928959131240845,0.9999908208847046,-0.10376963348091105,-0.47009471430243965,-0.0920234024524688,0.9784795641899108,0.9998262524604796,-0.2079885063946155,-0.4536759112321335,0.0070614530704915,0.9230428338050842,0.99988853931427,mediapipe,mediapipe,mediapipe,mediapipe,mediapipe,movenet,mediapipe,gpr,movenet,movenet,mediapipe,mediapipe,mediapipe,mediapipe,mediapipe,mediapipe,mediapipe,mediapipe
362,7.24,-0.0675188533630818,-0.898374645331691,-0.3167507350444793,0.9998583197593688,0.9999222755432128,-0.0098719261586666,-0.5585686564445496,-0.331283301115036,0.9999021887779236,0.9999487400054932,0.6492345123286378,-0.29535040620640896,-0.2811810076236725,0.9999949932098388,0.999997615814209,-0.6492345123286378,0.2953504062064197,0.0173239074647426,0.9999366998672484,0.9999808073043824,0.22351024219608018,0.29838748385358504,-0.3071274757385254,0.9959490299224854,0.9999613761901855,0.6120887790494215,0.6703977072410751,0.0348395146429538,0.4758878350257873,0.9999229907989502,-0.11617461135425493,0.5252721703651035,-0.2288604080677032,0.99258154630661,0.9999905824661256,-1.150957629833266,-0.42200374347367925,-0.0173715241253376,0.4911788403987884,0.999953269958496,-0.1944542729949525,0.13164511433734066,-0.0454035773873329,0.999993860721588,0.9999997615814208,-0.10858923734619721,0.2681960868992101,0.0465968661010265,0.9999911189079284,0.9999997615814208,-0.46756928887986965,-0.3946084657586062,-0.3114502429962158,0.9895100593566896,0.9999977350234984,-0.6944485482659029,-0.6948639084800792,-0.1463862806558609,0.9458773732185364,0.9999964237213136,-0.34249439595518677,-0.5092146179583631,-0.0785471573472023,0.9764750003814696,0.999987006187439,-0.6467483364138988,-0.7959837595738259,0.0477847047150135,0.9052658677101136,0.999992847442627,-0.3075007222172723,-0.5443398128180185,-0.048904575407505,0.8589136004447937,0.9999567270278932,-0.37549652938101097,-0.6437171437416652,0.0309958327561616,0.792804479598999,0.9999910593032836,-0.0974675303853363,-0.5043841243604831,-0.0920965448021888,0.9782423377037048,0.9998243451118468,-0.19706211999980336,-0.46119152174010986,0.0067788609303534,0.922789990901947,0.9998809099197388,mediapipe,mediapipe,mediapipe,mediapipe,mediapipe,movenet,mediapipe,gpr,movenet,movenet,mediapipe,mediapipe,mediapipe,mediapipe,mediapipe,mediapipe,mediapipe,mediapipe
363,7.26,-0.06680745082986858,-0.9142390116191567,-0.314335435628891,0.9998648762702942,0.9999657869338988,-0.0094529008492827,-0.5583873391151428,-0.3299870491027832,0.999906063079834,0.999975562095642,0.6544465839049978,-0.2694410966359716,-0.2807640731334686,0.9999951124191284,0.9999983310699464,-0.6544465839049978,0.26944109663596766,0.0200523845851421,0.99993896484375,0.9999896287918092,0.22894623838900413,0.3035623174539341,-0.3070136308670044,0.996089518070221,0.9999736547470092,0.6143301102460225,0.6687212469364543,0.0404712632298469,0.4882926642894745,0.9999558925628662,-0.11347003715518385,0.5252575668574646,-0.2286832779645919,0.9928730130195618,0.9999954700469972,-1.2383677907481014,-0.498678835143054,-0.011447625234723,0.5063707232475281,0.9999819993972778,-0.1948326089082612,0.13226846339034748,-0.0453815981745719,0.999993860721588,0.9999997615814208,-0.10824869048345297,0.26743816474728416,0.046572171151638,0.9999911785125732,0.9999997615814208,-0.46525324533206863,-0.40288292006960735,-0.3155598640441894,0.9897603392601012,0.9999979734420776,-0.6951671830775501,-0.7044195641458779,-0.1504153609275818,0.9473435282707214,0.9999972581863404,-0.33922802528115914,-0.5097685467028223,-0.0788703709840774,0.9765052795410156,0.9999871253967284,-0.6480006132242352,-0.7851289913426133,0.0411212109029293,0.9069907665252686,0.999993085861206,-0.304685742249681,-0.5448565207104572,-0.0490834638476371,0.8585110902786255,0.9999583959579468,-0.3776983116112861,-0.6278859219086349,0.0242694728076457,0.7945840954780579,0.9999911785125732,-0.09816031571350037,-0.5043040580315543,-0.0920370444655418,0.9783281683921814,0.9998633861541748,-0.20042011912097105,-0.4524135786625699,-0.0012035637628287,0.9242442846298218,0.9999032020568848,mediapipe,mediapipe,mediapipe,mediapipe,mediapipe,movenet,mediapipe,gpr,movenet,movenet,mediapipe,mediapipe,mediapipe,mediapipe,mediapipe,mediapipe,mediapipe,mediapipe
364,7.28,-0.0863151339854159,-0.9154723108673665,-0.3132499158382416,0.9998548030853271,0.9998868703842164,-0.0089871427044272,-0.5583541393280029,-0.3299513161182403,0.9999000430107116,0.9999333620071412,0.6478139288987942,-0.27005610263387575,-0.2807365357875824,0.9999949932098388,0.99999737739563,-0.6478139288987942,0.27005610263387186,0.0200854446738958,0.9999375343322754,0.999976396560669,0.24123681510316292,0.30259557309401347,-0.3069935441017151,0.9960156083106996,0.999964714050293,0.6123197828279581,0.6698110422210526,0.0405963025987148,0.4809249341487884,0.9999146461486816,-0.11318922774813168,0.5248069792342697,-0.2284449636936187,0.9927120208740234,0.9999933242797852,-1.3224141462989032,-0.5594428851548037,-0.0112142600119113,0.4975644052028656,0.9999593496322632,-0.20159967254768305,0.1368001605799794,-0.0453639142215251,0.9999939203262328,0.9999997615814208,-0.113706369071456,0.27162167778102836,0.0465569458901882,0.9999911785125732,0.9999997615814208,-0.4694484291524762,-0.4021755677845168,-0.3174334168434143,0.9896321296691896,0.9999979734420776,-0.6967370641526613,-0.7027149130655339,-0.1503610461950302,0.9461509585380554,0.999996304512024,-0.3408361273202353,-0.5118469635888795,-0.0807257890701294,0.9761775732040404,0.9999891519546508,-0.6490786780646152,-0.7898436177467703,0.0419854968786239,0.9053499102592468,0.9999934434890748,-0.30560155720689103,-0.5472752072731174,-0.0508303456008434,0.8572594523429871,0.999964475631714,-0.37915655477310717,-0.6355402212855178,0.0252963174134492,0.7922438383102417,0.9999921321868896,-0.09102035575394177,-0.5017379468298829,-0.0933413431048393,0.9780097603797911,0.999853014945984,-0.20057026808441517,-0.45697852724701143,0.0003973872226197,0.922819435596466,0.9999004602432252,mediapipe,mediapipe,mediapipe,mediapipe,mediapipe,movenet,mediapipe,gpr,movenet,movenet,mediapipe,mediapipe,mediapipe,mediapipe,mediapipe,mediapipe,mediapipe,mediapipe
365,7.3,-0.068871022872016,-0.9206525596709373,-0.3130869269371032,0.9998530745506288,0.9999186992645264,-0.0094229700043797,-0.5585518479347229,-0.3295859098434448,0.9998987317085266,0.9999487400054932,0.6586220024647983,-0.2859724589675295,-0.2803958356380462,0.999994933605194,0.999997615814209,-0.6586220024647983,0.2859724589675256,0.0201336611062288,0.9999365210533142,0.9999794960021972,0.2409409696357309,0.29751661430600074,-0.3066426813602447,0.9959006905555724,0.9999643564224244,0.6101918365583401,0.668691516490362,0.0405127592384815,0.4762341678142547,0.9999202489852904,-0.10995225898211669,0.5232074226529378,-0.2284027338027954,0.992464005947113,0.999992609024048,-1.330316993772505,-0.5527768664512686,-0.0112531771883368,0.4893467724323272,0.999955415725708,-0.19695821051873924,0.13397534505400885,-0.0453612506389617,0.999993860721588,0.9999997615814208,-0.10924868319698329,0.26780799651039006,0.0465571582317352,0.9999911785125732,0.9999997615814208,-0.46705049274583516,-0.4033156112195637,-0.3170610964298248,0.989477276802063,0.999997615814209,-0.6951276883767887,-0.7026696230898076,-0.1496389061212539,0.945643424987793,0.9999960660934448,-0.338988234021229,-0.5156478441060423,-0.0800154358148574,0.9757656455039978,0.9999850988388062,-0.6471960986560376,-0.7916914111892742,0.0435764752328395,0.9045462608337402,0.9999921321868896,-0.30406935512232414,-0.551275994558669,-0.0500735267996788,0.854905903339386,0.9999505281448364,-0.37672296744316897,-0.6381953793194408,0.0269223097711801,0.7905704379081726,0.9999903440475464,-0.08950693013923296,-0.507494414904733,-0.0924591720104217,0.97756689786911,0.999810755252838,-0.19845056219548315,-0.46143163893066386,0.002559776417911,0.9218378067016602,0.9998792409896852,mediapipe,mediapipe,mediapipe,mediapipe,mediapipe,movenet,mediapipe,gpr,movenet,movenet,mediapipe,mediapipe,mediapipe,mediapipe,mediapipe,mediapipe,mediapipe,mediapipe
366,7.32,-0.05944079989200049,-0.9194964584478583,-0.3151672780513763,0.9998606443405152,0.9999645948410034,-0.0088138999417424,-0.5578502416610718,-0.3311924636363983,0.9999027252197266,0.999969720840454,0.6673166176221411,-0.23710549332161932,-0.2814940512180328,0.9999949932098388,0.9999980926513672,-0.6673166176221411,0.2371054933216154,0.0195929035544395,0.9999393820762634,0.999990940093994,0.24304263350256308,0.3026013725127238,-0.3071349561214447,0.9960325956344604,0.9999679327011108,0.6111450065847687,0.6704382958968813,0.040559846907854,0.492716521024704,0.9999616146087646,-0.1078331541843462,0.5228478659858316,-0.2283514142036438,0.9927383661270142,0.9999945163726808,-1.2043198510779998,-0.42969352179396736,-0.0111894905567169,0.5146787762641907,0.999987244606018,-0.19551534156791148,0.13256531333943683,-0.0453604161739349,0.9999938011169434,0.9999997615814208,-0.1080339846012163,0.26740566986612224,0.0465532466769218,0.9999911785125732,0.9999997615814208,-0.4670236589883317,-0.4065068456762377,-0.3179087042808532,0.9897236824035645,0.999997854232788,-0.6947349725334646,-0.7038993175080804,-0.1519749462604522,0.9465763568878174,0.99999737739563,-0.3261617150225159,-0.5129957841443641,-0.0801755115389823,0.976058542728424,0.9999889135360718,-0.6481376072163986,-0.7783047906861332,0.0419805124402046,0.9053682684898376,0.9999942779541016,-0.2889904947576491,-0.5473116670708843,-0.0502031929790973,0.8563312888145447,0.999963402748108,-0.37805936502671306,-0.6215524089846877,0.0254624914377927,0.7911251783370972,0.9999927282333374,-0.0816648812645076,-0.5024833919310586,-0.0925280377268791,0.9779839515686036,0.9998703002929688,-0.20018286646378058,-0.45020933006579417,-0.0003962757182307,0.9229763746261596,0.9999161958694458,mediapipe,mediapipe,mediapipe,mediapipe,mediapipe,movenet,mediapipe,gpr,movenet,movenet,mediapipe,mediapipe,mediapipe,mediapipe,mediapipe,mediapipe,mediapipe,mediapipe
367,7.34,-0.06901920414811495,-0.9204269535625008,-0.3148633241653442,0.999860942363739,0.9999330043792723,-0.0088052386417984,-0.5578559041023254,-0.3316212594509125,0.999903440475464,0.9999587535858154,0.6509227930042188,-0.23687691740928501,-0.282026082277298,0.9999950528144836,0.9999982118606568,-0.6509227930042188,0.2368769174092811,0.0196213722229003,0.9999390840530396,0.9999821186065674,0.24500530168404858,0.3027005436521413,-0.3076666891574859,0.9960876703262328,0.999971866607666,0.6114819421962726,0.6689908383119868,0.0406041406095027,0.4883620738983154,0.9999284744262696,-0.10880427571055055,0.5228415095747614,-0.2286903411149978,0.9928674697875975,0.9999947547912598,-0.9038382471554185,-0.16564399935396856,-0.0112704429775476,0.5102878212928772,0.9999662637710572,-0.19467451810622685,0.13203504492195844,-0.0454232804477214,0.9999938011169434,0.9999997615814208,-0.10926088286298817,0.2684591859662025,0.0466144829988479,0.9999911785125732,0.9999997615814208,-0.4685969374810327,-0.4037080472476796,-0.316538006067276,0.9897148013114928,0.9999979734420776,-0.6957330564550342,-0.6991610578994422,-0.1495679914951324,0.9460455775260924,0.9999964237213136,-0.32812652322153246,-0.5094397432268434,-0.0801014229655265,0.9762638211250304,0.9999889135360718,-0.6492499057809622,-0.7780387015782777,0.0436668880283832,0.9050405621528624,0.9999938011169434,-0.2910171235517952,-0.5437249155541315,-0.0501717217266559,0.8573949933052063,0.9999630451202391,-0.37950877493044977,-0.6213749497231907,0.0269908923655748,0.7911310195922852,0.9999922513961792,-0.08336249669754688,-0.49796952828240665,-0.0924745425581932,0.9781766533851624,0.9998557567596436,-0.20184317412121755,-0.45011924540338266,0.0014457842335104,0.9228814244270324,0.9999058246612548,mediapipe,mediapipe,mediapipe,mediapipe,mediapipe,movenet,mediapipe,gpr,movenet,movenet,mediapipe,mediapipe,mediapipe,mediapipe,mediapipe,mediapipe,mediapipe,mediapipe
368,7.36,-0.07798620387016726,-0.9169093860801321,-0.3142071664333343,0.9998513460159302,0.9998840093612672,-0.0085841221734881,-0.5577495694160461,-0.3316264152526855,0.9998979568481444,0.9999321699142456,0.626109552734317,-0.2363915595083397,-0.2820218503475189,0.9999949932098388,0.99999737739563,-0.626109552734317,0.2363915595083358,0.019650874659419,0.9999377727508544,0.9999768733978271,0.24358619985401983,0.3031123910502368,-0.3077671527862549,0.9960644245147704,0.9999643564224244,0.6082629179991405,0.6692403599524677,0.0407261550426483,0.4835566878318786,0.9999150037765504,-0.1096587728863436,0.5231390099595045,-0.2287095338106155,0.9928418397903442,0.9999933242797852,-0.44668065280779373,0.21867287133381955,-0.0110572976991534,0.5062134265899658,0.9999632835388184,-0.19627207781531386,0.1330619653547378,-0.0453905500471591,0.999993860721588,0.9999997615814208,-0.11244312423962367,0.27110288858515946,0.0465779900550842,0.9999911785125732,0.9999997615814208,-0.4718280435408719,-0.4012095749952894,-0.3164466917514801,0.9897613525390624,0.999997854232788,-0.6977128969177038,-0.6906197964158982,-0.1494055688381195,0.9459624290466307,0.999996304512024,-0.3291065583561688,-0.5083199138609664,-0.0800746306777,0.976487398147583,0.9999902248382568,-0.6519315865322913,-0.7760760355676327,0.0450820960104465,0.9052932262420654,0.9999936819076538,-0.2913491446378044,-0.542663330233906,-0.0501506254076957,0.8584190607070923,0.9999679327011108,-0.3830782413320202,-0.6197667596893723,0.02853843010962,0.7910395860671997,0.9999924898147584,-0.07208486801258801,-0.49032039353360385,-0.0923943817615509,0.9783604145050048,0.9998642206192015,-0.20481790267385325,-0.44369172216501274,0.0031233592890203,0.9229835271835328,0.999902606010437,mediapipe,mediapipe,mediapipe,mediapipe,mediapipe,movenet,mediapipe,gpr,movenet,movenet,mediapipe,mediapipe,mediapipe,mediapipe,mediapipe,mediapipe,mediapipe,mediapipe
369,7.38,-0.04747734247742925,-0.9048376275853419,-0.3139106929302215,0.9998534321784972,0.9999314546585084,-0.0110085103660821,-0.5581061244010925,-0.330875962972641,0.9998992085456848,0.9999560117721558,0.6067252010374314,-0.27510111796800607,-0.2818067669868469,0.9999949932098388,0.9999979734420776,-0.6067252010374314,0.2751011179680022,0.0198125150054693,0.9999369382858276,0.9999816417694092,0.2427397913278916,0.2980381581954088,-0.3073054254055023,0.9959540963172911,0.9999657869338988,0.6150492420302245,0.6660539083501442,0.040650125592947,0.4760812520980835,0.9999250173568726,-0.10955791062427192,0.5223941007444234,-0.2272960245609283,0.9924907088279724,0.9999923706054688,0.10364955821184345,0.6596967185483408,-0.0112442756071686,0.4928609728813171,0.999953031539917,-0.17898007841738584,0.12147038509981369,-0.0454522669315338,0.9999939203262328,0.9999997615814208,-0.09767142520979744,0.25967239168356065,0.0466534048318862,0.999991238117218,0.9999997615814208,-0.4670271697645909,-0.40324420789757137,-0.3145133256912231,0.9896899461746216,0.999997854232788,-0.6923708904395582,-0.6917129296092176,-0.1473944783210754,0.9452874064445496,0.999996542930603,-0.3266745643830615,-0.5135227078588542,-0.0794497951865196,0.9764405488967896,0.9999874830245972,-0.6434584299219734,-0.7812968839281401,0.045828677713871,0.9048009514808656,0.9999935626983644,-0.2893612283100024,-0.548016919010979,-0.0495833121240139,0.8581699132919312,0.9999576807022096,-0.37148101919891047,-0.6264502936583256,0.029095759615302,0.7903273105621338,0.9999920129776,-0.075181247217531,-0.49715878936730656,-0.0916333720088005,0.978280544281006,0.999832034111023,-0.1930827469200488,-0.4511703912668783,0.0040244543924927,0.9224234223365784,0.9998942613601683,mediapipe,mediapipe,mediapipe,mediapipe,mediapipe,movenet,mediapipe,gpr,movenet,movenet,mediapipe,mediapipe,mediapipe,mediapipe,mediapipe,mediapipe,mediapipe,mediapipe
370,7.4,-0.047088820690660595,-0.9018568689508647,-0.3137024939060211,0.9998621344566344,0.9999693632125854,-0.0110096996650099,-0.5575160980224609,-0.3308500051498413,0.9999043941497804,0.9999760389328004,0.6011634858249861,-0.24499767164134406,-0.2818130850791931,0.9999951124191284,0.9999984502792358,-0.6011634858249861,0.24499767164134018,0.0207979418337345,0.9999397993087769,0.9999921321868896,0.24500460639447325,0.3032143120005929,-0.3072927892208099,0.99609375,0.9999732971191406,0.615304153869747,0.6649515938857151,0.0442620292305946,0.4916855096817016,0.9999650716781616,-0.10812608711938448,0.5231648239090231,-0.2266239821910858,0.9927721619606018,0.9999951124191284,1.2100254626229603,1.542311051024404,-0.0072767403908073,0.5147467851638794,0.9999866485595704,-0.17317234004695073,0.1170209023501074,-0.0454690754413604,0.999993860721588,0.9999997615814208,-0.09410257034750379,0.2576636012735721,0.0466640070080757,0.999991238117218,0.9999997615814208,-0.46813745417335784,-0.42170008640106205,-0.3168574869632721,0.9899847507476808,0.999997854232788,-0.6935015239667547,-0.7076182658832009,-0.1486319899559021,0.946336269378662,0.9999972581863404,-0.3255275713209888,-0.516507026740694,-0.0794640928506851,0.9765018224716188,0.9999877214431764,-0.6448111856676578,-0.7812593804809408,0.0428642928600311,0.9054087996482848,0.999993085861206,-0.2880724242549764,-0.5501403499799671,-0.0495656616985797,0.8587892651557922,0.9999598264694214,-0.37366365323831385,-0.6251386782235737,0.0259659122675657,0.7905884981155396,0.9999912977218628,-0.07634484612023919,-0.49867527422358304,-0.09122896194458,0.9784780740737916,0.9998663663864136,-0.19597214732737017,-0.4521708908191897,0.0004384390776976,0.9232813715934752,0.999903917312622,mediapipe,mediapipe,mediapipe,mediapipe,mediapipe,movenet,mediapipe,movenet,movenet,movenet,mediapipe,mediapipe,mediapipe,mediapipe,mediapipe,mediapipe,mediapipe,mediapipe
371,7.42,-0.05643115364548865,-0.9100665045970369,-0.3135578632354736,0.9998547434806824,0.9998977184295654,-0.0108533548191189,-0.5571867823600769,-0.3316778540611267,0.9998989105224608,0.9999313354492188,0.5905468056759645,-0.21920488556754072,-0.282238245010376,0.9999949932098388,0.9999971389770508,-0.5905468056759645,0.2192048855675368,0.0201189182698726,0.99993896484375,0.9999794960021972,0.24527233701957168,0.30492363341464424,-0.3073543012142181,0.9960428476333618,0.9999605417251588,0.6137306058440472,0.6653241987738652,0.0435449741780757,0.4902401268482208,0.9999271631240844,-0.10540506032418234,0.5267800437443391,-0.2265846282243728,0.9927615523338318,0.9999932050704956,1.2095853200247633,1.542292492488686,-0.0078762238845229,0.5185921788215637,0.9999735355377196,-0.1712694115838111,0.11522045450037499,-0.0454575456678867,0.9999937415122986,0.9999997615814208,-0.09454695327065522,0.25878967392079694,0.0466500744223594,0.9999910593032836,0.9999997615814208,-0.4611430427413295,-0.4152961238345732,-0.3165663778781891,0.9899392127990724,0.999997615814209,-0.6945218788979739,-0.6976218114349003,-0.1483280658721923,0.9454914927482604,0.999996304512024,-0.3162348635150925,-0.4892926939746202,-0.0808159783482551,0.9768543243408204,0.9999886751174928,-0.6459653760625973,-0.7762148848014682,0.0441389679908752,0.9047141075134276,0.9999939203262328,-0.2797342543378486,-0.51989442634835,-0.0513892918825149,0.8596318364143372,0.9999614953994752,-0.3753761742409337,-0.6206472741195643,0.0273120794445276,0.7891245484352112,0.9999924898147584,-0.07128721059291894,-0.463411163917544,-0.0950066894292831,0.9787579774856568,0.9998495578765868,-0.19808360797556968,-0.44753377773045644,0.0015713691245764,0.9229076504707336,0.9999101161956788,mediapipe,mediapipe,mediapipe,mediapipe,mediapipe,movenet,mediapipe,movenet,movenet,movenet,mediapipe,mediapipe,mediapipe,mediapipe,mediapipe,mediapipe,mediapipe,mediapipe
372,7.44,-0.028516620669292038,-0.9175089087840971,-0.3124014139175415,0.9998527765274048,0.9999146461486816,-0.0134312398731708,-0.5579915642738342,-0.3286590278148651,0.9998974204063416,0.99994695186615,0.6349337321161679,-0.2751038841126198,-0.2802086472511291,0.9999948740005492,0.9999974966049194,-0.6349337321161679,0.2751038841126296,0.0203651431947946,0.9999372959136964,0.9999769926071168,0.2386247761927171,0.2936563722166881,-0.3058373034000397,0.9958486557006836,0.9999628067016602,0.6218853943699283,0.6638075082116515,0.0429126620292663,0.481854647397995,0.9999101161956788,-0.0995957884327786,0.5230331961857682,-0.2261030972003936,0.9923604726791382,0.9999920129776,1.2156426187360971,1.5394542889426763,-0.0090290363878011,0.502230703830719,0.99994158744812,-0.1515227518041972,0.10202568970645026,-0.0454446040093898,0.9999936819076538,0.9999997615814208,-0.07888164321429447,0.2465398419409961,0.0466472096741199,0.9999909996986388,0.9999997615814208,-0.4566466199489476,-0.4365715959125264,-0.3180798292160034,0.989627480506897,0.99999737739563,-0.6895067804404372,-0.7084244815942409,-0.1483148634433746,0.9442737102508544,0.9999953508377076,-0.31832326868800076,-0.5297068599809558,-0.0832351595163345,0.9760143160820008,0.9999840259552002,-0.6385473375542942,-0.7988001119665414,0.0440315641462802,0.9030646085739136,0.999990940093994,-0.2825214531026,-0.5623487018301108,-0.0536494925618171,0.8562688827514648,0.9999467134475708,-0.36506090979509226,-0.6475924131783993,0.0271687228232622,0.7862122654914856,0.9999889135360718,-0.07218216384376079,-0.5119800273013085,-0.0967605859041214,0.9779556393623352,0.9997909665107728,-0.18429211781483298,-0.4732044373672235,0.0015683859819546,0.9209626317024232,0.9998601675033568,mediapipe,mediapipe,mediapipe,mediapipe,mediapipe,movenet,mediapipe,movenet,movenet,movenet,mediapipe,mediapipe,mediapipe,mediapipe,mediapipe,mediapipe,mediapipe,mediapipe
373,7.46,-0.04028498710801162,-0.913387530880191,-0.3125041127204895,0.9998610019683838,0.999972939491272,-0.0138589162379503,-0.5569555163383484,-0.3296845853328705,0.9999025464057922,0.999980330467224,0.6629005062819179,-0.24263880207387334,-0.2808858454227447,0.9999949932098388,0.9999985694885254,-0.6629005062819179,0.2426388020738831,0.0201699975878,0.9999399185180664,0.999990940093994,0.24560200612230534,0.30309025352317776,-0.3060890436172485,0.9959725141525269,0.999975085258484,0.6260332879764889,0.6609733553263255,0.042992640286684,0.4947400689125061,0.9999595880508424,-0.09375293912660716,0.5293740454758951,-0.2263742238283157,0.9926282167434692,0.9999954700469972,1.218382610915648,1.5281314521534874,-0.0085733029991388,0.5190165042877197,0.9999845027923584,-0.14142886798927884,0.09468417005044043,-0.0453423149883747,0.999993622303009,0.9999997615814208,-0.0714769878163735,0.24146182464123636,0.046538908034563,0.9999909996986388,0.9999997615814208,-0.4470506899324117,-0.4215817035524919,-0.3162460327148437,0.9894534349441528,0.9999974966049194,-0.6870481773692249,-0.7109450269591117,-0.1487157344818115,0.9446473121643066,0.999996781349182,-0.31564409453446407,-0.4839222135750629,-0.0776150003075599,0.9751004576683044,0.9999842643737792,-0.6385362782840269,-0.7661970665110072,0.0438874550163745,0.9024276733398438,0.999991774559021,-0.2804794841066386,-0.512639088655228,-0.0476395525038242,0.8515176177024841,0.9999505281448364,-0.36649635010552484,-0.6057702232539247,0.027086466550827,0.7836194038391113,0.9999898672103882,-0.07058567125811394,-0.4519528821715395,-0.0898460000753402,0.9772428870201112,0.9998378753662108,-0.18424258819480013,-0.42477410512618824,0.0013866465305909,0.9206081032752992,0.9998894929885864,mediapipe,mediapipe,mediapipe,mediapipe,mediapipe,movenet,mediapipe,movenet,movenet,movenet,mediapipe,mediapipe,mediapipe,mediapipe,mediapipe,mediapipe,mediapipe,mediapipe
374,7.48,-0.045849683664634454,-0.9046577156170027,-0.320948451757431,0.9998571276664734,0.9999206066131592,-0.0138525189831852,-0.5563791990280151,-0.3368997871875763,0.9998981952667236,0.9999412298202516,0.6703516618203219,-0.22383197330226567,-0.284304141998291,0.9999948143959044,0.9999971389770508,-0.6703516618203219,0.2238319733022618,0.0105767771601676,0.9999390244483948,0.9999794960021972,0.24639364057039873,0.30969965934757204,-0.3080168664455414,0.9958174228668212,0.9999581575393676,0.6231686134447008,0.6628398822501805,0.0281432345509529,0.4926811754703522,0.999924898147583,-0.09323959896813071,0.539469165775614,-0.2291924804449081,0.992365300655365,0.9999921321868896,1.2195503262418288,1.5301546438943923,-0.0247057769447565,0.5167064070701599,0.9999642372131348,-0.13802633864556674,0.09281860662781967,-0.0452473871409893,0.9999934434890748,0.9999997615814208,-0.07020457036676778,0.24005945616610824,0.0464502088725566,0.9999908208847046,0.9999997615814208,-0.4367882026316013,-0.38472345988712353,-0.3039206862449646,0.9888716340065002,0.99999737739563,-0.6880168197588474,-0.6786764813972083,-0.1475661844015121,0.9435536861419678,0.9999960660934448,-0.3080172314627561,-0.41345276269084835,-0.0746292248368263,0.9749786853790284,0.9999850988388062,-0.6406368283302408,-0.7398077161366083,0.0443308278918266,0.901567816734314,0.9999932050704956,-0.27482712393951064,-0.4393192932680238,-0.0455896630883216,0.8488545417785645,0.9999486207962036,-0.3699555192525644,-0.580146317024376,0.0274059567600488,0.781312882900238,0.9999914169311525,-0.06613447267073252,-0.3954912678095705,-0.0897472277283668,0.9769787192344666,0.9998045563697816,-0.1943171551697664,-0.4089022611841143,0.0013972294982522,0.919866681098938,0.9998953342437744,mediapipe,mediapipe,mediapipe,mediapipe,mediapipe,movenet,mediapipe,movenet,movenet,movenet,mediapipe,mediapipe,mediapipe,mediapipe,mediapipe,mediapipe,mediapipe,mediapipe
375,7.5,-0.06850246980025766,-0.883194862568609,-0.3239642679691314,0.999849021434784,0.999897837638855,-0.0148333627730607,-0.5551905632019043,-0.3394199907779693,0.999890923500061,0.9999284744262696,0.6666854626788608,-0.20025965730552656,-0.285825252532959,0.9999945759773254,0.999996542930603,-0.6666854626788608,0.20025965730552264,0.0092431008815765,0.9999383687973022,0.9999786615371704,0.24492941789436418,0.3210545831296278,-0.3083300292491913,0.9954452514648438,0.9999444484710692,0.6284575257736835,0.6614161875155263,0.0280990786850452,0.4841330945491791,0.9999183416366576,-0.09186443215101703,0.5524723041237297,-0.2291444391012191,0.9913998246192932,0.9999858140945436,1.2221461167167809,1.5313271489000684,-0.0238764621317386,0.5087088346481323,0.9999594688415528,-0.1305565994269137,0.0891061855276464,-0.0452081002295017,0.9999931454658508,0.9999996423721312,-0.06514285823753703,0.23456297103354595,0.0464173965156078,0.9999905228614808,0.9999996423721312,-0.43477992286211287,-0.3823933007602926,-0.304031640291214,0.9880266189575196,0.9999961853027344,-0.6870130547612889,-0.6785576176946325,-0.1470183432102203,0.9409171342849731,0.9999947547912598,-0.30859057480434654,-0.40240682250860343,-0.0755674242973327,0.9734073281288148,0.9999785423278807,-0.6474435081562656,-0.7389542599824627,0.0451452434062957,0.89741051197052,0.9999896287918092,-0.2763545761030558,-0.4289112638541614,-0.0466874614357948,0.8409051895141602,0.9999293088912964,-0.3823184641157771,-0.5800534100710817,0.028297858312726,0.7731651663780212,0.9999871253967284,-0.06748736192416431,-0.3891159597851123,-0.0931759402155876,0.975433349609375,0.9997408986091614,-0.20227911364078904,-0.4100445211511736,0.0015402953140437,0.9160348773002625,0.9998501539230348,mediapipe,mediapipe,mediapipe,mediapipe,mediapipe,movenet,mediapipe,movenet,movenet,movenet,mediapipe,mediapipe,mediapipe,mediapipe,mediapipe,mediapipe,mediapipe,mediapipe
376,7.52,-0.06860392403821773,-0.8676970583766502,-0.3238983452320099,0.9998452067375184,0.9999157190322876,-0.0145735368132591,-0.5544148087501526,-0.3394916653633117,0.9998875260353088,0.9999438524246216,0.6685301187169846,-0.17049055015544756,-0.2861347198486328,0.999994456768036,0.9999972581863404,-0.6685301187169846,0.17049055015544365,0.0093388995155692,0.9999372959136964,0.9999786615371704,0.2454628819113825,0.32753888106439016,-0.3084673583507538,0.9951893091201782,0.9999558925628662,0.6286149154583215,0.6640114560572957,0.0278209876269102,0.4728002250194549,0.9999130964279176,-0.08645155561634497,0.56061661785408,-0.2291059046983719,0.9906248450279236,0.9999887943267822,1.219369682725847,1.5306131799288312,-0.0236336104571819,0.4917514324188232,0.9999488592147828,-0.12936918594381772,0.08927091256357661,-0.0451791808009147,0.9999931454658508,0.9999997615814208,-0.06479068800523943,0.23316812879065263,0.0463974475860595,0.999990463256836,0.9999997615814208,-0.4316031724543602,-0.3812720354801414,-0.306473970413208,0.987766444683075,0.999997615814209,-0.6861176462645483,-0.6784259099564739,-0.1468885540962219,0.939157783985138,0.9999961853027344,-0.3076324264055745,-0.4052848568973083,-0.0797848328948021,0.9728315472602844,0.9999865293502808,-0.6478886231813836,-0.7393427630999386,0.0452619567513465,0.895179033279419,0.9999927282333374,-0.2755963057821256,-0.4325154371738747,-0.0510066412389278,0.8373558521270752,0.9999538660049438,-0.3828338010739342,-0.5807939457889355,0.0283915996551513,0.7689775228500366,0.9999908208847046,-0.065402310666455,-0.39185403143758857,-0.0990662053227424,0.974834144115448,0.9998214840888976,-0.20303853505299677,-0.4105161773938755,0.001561120385304,0.913989007472992,0.9998878240585328,mediapipe,mediapipe,mediapipe,mediapipe,mediapipe,movenet,mediapipe,movenet,movenet,movenet,mediapipe,mediapipe,mediapipe,mediapipe,mediapipe,mediapipe,mediapipe,mediapipe
377,7.54,-0.11243829137863853,-0.8505877085768525,-0.3214145600795746,0.9998384714126588,0.9998838901519777,-0.0216298028826713,-0.5543859601020813,-0.3386242687702179,0.9998830556869508,0.9999293088912964,0.6326959677588714,-0.19725122070414058,-0.2860614061355591,0.9999943971633912,0.99999737739563,-0.6326959677588714,0.19725122070413667,0.0100803403183817,0.9999362826347352,0.9999808073043824,0.23030245593856186,0.32064972266141556,-0.3079760372638702,0.9949984550476074,0.9999617338180542,0.6437336900392816,0.6586024932009884,0.0287492983043193,0.4641224443912506,0.9999264478683472,-0.08060508810967729,0.5569318718579089,-0.2264936715364456,0.9900134205818176,0.9999903440475464,1.231513667234925,1.5287343010639247,-0.0214538946747779,0.476371705532074,0.9999526739120485,-0.09048831321121817,0.06518597333932127,-0.0451767183840274,0.9999931454658508,0.9999997615814208,-0.03051557473854498,0.20313289723028152,0.0463991686701774,0.999990463256836,0.9999997615814208,-0.4124491262514609,-0.4095514934980893,-0.3072039484977722,0.9876043796539308,0.99999737739563,-0.667078361624958,-0.6929229398829854,-0.1459832936525344,0.9372767806053162,0.9999960660934448,-0.29019024401835775,-0.4609545607123376,-0.0797913298010826,0.9721524119377136,0.999985933303833,-0.6315323747756827,-0.7575615222390708,0.0458771884441375,0.8929526209831238,0.9999914169311525,-0.2569115266523229,-0.4898046734421821,-0.0509918294847011,0.8344221711158752,0.9999531507492064,-0.36186214078705486,-0.60054588584338,0.0289033968001604,0.7641385197639465,0.9999896287918092,-0.05033163562782188,-0.44846969609649584,-0.0989406779408454,0.9742977619171144,0.9998250603675842,-0.1778404696919508,-0.4316965342940264,0.0017577953403815,0.9120374917984008,0.9998729228973388,mediapipe,mediapipe,mediapipe,mediapipe,mediapipe,movenet,mediapipe,movenet,movenet,movenet,mediapipe,mediapipe,mediapipe,mediapipe,mediapipe,mediapipe,mediapipe,mediapipe
378,7.56,-0.2973533368165063,-0.8580199751851375,-0.3019577264785766,0.9998400211334229,0.9999406337738036,-0.0242050159722566,-0.5535470843315125,-0.3336281478404999,0.9998852610588074,0.9999682903289796,0.5704887202909567,-0.24028585687368864,-0.2855605483055115,0.999994456768036,0.999997854232788,-0.5704887202909567,0.24028585687368473,0.020056951791048,0.9999358654022216,0.9999804496765136,0.23775797097284085,0.3170178760849047,-0.3098047077655792,0.994986653327942,0.9999712705612184,0.6459976440197721,0.6587564727594971,0.0391727723181247,0.4535140991210937,0.9999256134033204,-0.07353723183594693,0.554936645757739,-0.2277008146047592,0.9899914860725404,0.9999938011169434,1.2357365606649249,1.5305348468586224,-0.0093529373407363,0.4576639533042907,0.9999538660049438,-0.08109242045675535,0.05986990586562759,-0.0452652759850025,0.9999932050704956,0.9999997615814208,-0.02260992069079404,0.19550933670517645,0.0464829541742801,0.9999904036521912,0.9999996423721312,-0.4216879850923534,-0.43102509060961425,-0.309381902217865,0.9868575930595398,0.9999974966049194,-0.6644487429944694,-0.7029871850489814,-0.1462089568376541,0.9330623745918274,0.9999955892562866,-0.2980366381356788,-0.4652328396176314,-0.0864402875304222,0.9705812931060792,0.9999829530715942,-0.6244443307096539,-0.7601323725312067,0.0408337488770484,0.8862577676773071,0.9999885559082032,-0.26540302777288055,-0.4931998796343773,-0.0579247958958148,0.8304765224456787,0.999943733215332,-0.35183269341402384,-0.6021850576884887,0.0231327395886182,0.757414698600769,0.9999862909317015,-0.058559600129003235,-0.4394469072102884,-0.1020096018910408,0.972921907901764,0.9998154044151306,-0.17088344890142876,-0.42956659044265094,-0.0005697992746718,0.9070336818695068,0.9998592138290404,mediapipe,mediapipe,mediapipe,mediapipe,mediapipe,movenet,mediapipe,movenet,movenet,movenet,mediapipe,mediapipe,mediapipe,mediapipe,mediapipe,mediapipe,mediapipe,mediapipe
379,7.58,-0.390174708685401,-0.8660585122651975,-0.306694358587265,0.9998379349708556,0.9998986721038818,-0.0298846457153558,-0.5524962544441223,-0.338387131690979,0.9998830556869508,0.9999275207519532,0.47929680810083947,-0.18664730075642866,-0.2898559272289276,0.9999943971633912,0.9999970197677612,-0.47929680810083947,0.18664730075642477,0.0181396175175905,0.9999366998672484,0.9999852180480956,0.21436649611808553,0.33250488531738054,-0.3124191761016845,0.9948574900627136,0.999953269958496,0.6548968471686087,0.6497925344817599,0.0389250107109546,0.4531244337558746,0.9999455213546752,-0.06593556915425057,0.5656507114705677,-0.2279904782772064,0.9897091388702391,0.9999890327453612,1.2462881522419966,1.5249666246810585,-0.0093917492777109,0.4615949690341949,0.999975562095642,-0.054648201888510314,0.043647312140755956,-0.0454359203577041,0.9999930262565612,0.9999996423721312,0.0004568361780273811,0.1746821201233639,0.0466484501957893,0.9999903440475464,0.9999997615814208,-0.4055138488613046,-0.4295139250527822,-0.3078881502151489,0.986710011959076,0.9999970197677612,-0.6561384058069101,-0.6883113253593355,-0.1444019526243209,0.9323524236679076,0.9999966621398926,-0.2804878687572853,-0.46984590818386873,-0.0818198025226593,0.9704115390777588,0.9999850988388062,-0.6234231626199827,-0.7473464537436959,0.0436214879155159,0.8851145505905151,0.9999927282333374,-0.2478190488859141,-0.4978017649829888,-0.0531712397933006,0.828475296497345,0.9999501705169678,-0.35472773561427395,-0.5896255094684287,0.0261018350720405,0.7549949288368225,0.9999908208847046,-0.04678505128565683,-0.449925926625101,-0.0980748906731605,0.9727752208709716,0.9998353719711304,-0.19800059907404757,-0.43182340040456474,0.0016136012272909,0.906471073627472,0.9998983144760132,mediapipe,mediapipe,mediapipe,mediapipe,mediapipe,movenet,mediapipe,movenet,movenet,movenet,mediapipe,mediapipe,mediapipe,mediapipe,mediapipe,mediapipe,mediapipe,mediapipe
380,7.6,-0.41121561464560014,-0.8283871366030188,-0.3102779686450958,0.9998406767845154,0.9999321699142456,-0.0363590903580188,-0.5491384863853455,-0.3402988314628601,0.9998842477798462,0.9999579191207886,0.4552504154906715,-0.2883686778356492,-0.2922680079936981,0.999994456768036,0.9999977350234984,-0.4552504154906715,0.2883686778356453,0.0173723008483648,0.9999371767044068,0.9999834299087524,0.2097476243678808,0.3250702079096219,-0.3136611878871918,0.9946206212043762,0.9999656677246094,0.6720123154199616,0.6442894865321416,0.0387550108134746,0.4418540000915527,0.9999336004257202,-0.050254536497735716,0.5665917861730144,-0.2279818654060363,0.9890803694725036,0.9999905824661256,1.260419212892432,1.5226164920882164,-0.0093805557116866,0.442845731973648,0.9999493360519408,-0.007005175622291111,0.013548578109680912,-0.0455051437020301,0.9999929070472716,0.9999997615814208,0.04229701964101996,0.1372857372035502,0.0467369556427001,0.9999902844429016,0.9999997615814208,-0.38529920491421255,-0.4529113775509588,-0.3096884191036224,0.98521226644516,0.9999970197677612,-0.6449616308354185,-0.7026079885408215,-0.1445256620645523,0.9262864589691162,0.9999958276748656,-0.2796258076248824,-0.49229571295941976,-0.0828918293118476,0.9666018486022948,0.999980092048645,-0.6193542523936465,-0.7555163058240967,0.0393825359642505,0.8767998814582825,0.9999881982803344,-0.24964318485216502,-0.5195436342339669,-0.0541341453790664,0.816657543182373,0.9999343156814576,-0.3521715825708011,-0.5965411325665791,0.0213161222636699,0.7435650825500488,0.9999853372573853,-0.05746277242148961,-0.4790636153886542,-0.099258504807949,0.9695499539375304,0.9997851252555848,-0.19936615279900022,-0.44572525534597573,-0.0054975873790681,0.8995487093925476,0.99983549118042,mediapipe,mediapipe,mediapipe,mediapipe,mediapipe,movenet,mediapipe,movenet,movenet,movenet,mediapipe,mediapipe,mediapipe,mediapipe,mediapipe,mediapipe,mediapipe,mediapipe
381,7.62,-0.5200290060711049,-0.7856739084055854,-0.3098876178264618,0.9998522400856018,0.99997878074646,-0.0376129746437072,-0.5443165898323059,-0.3402559757232666,0.9998931884765624,0.9999879598617554,0.44637743724161427,-0.11068460283787153,-0.2928793132305145,0.9999947547912598,0.9999990463256836,-0.44637743724161427,0.1106846028378813,0.0186128374189138,0.9999400973320008,0.9999922513961792,0.22673288870511943,0.33003573152215265,-0.3144639432430267,0.9949172735214232,0.9999818801879884,0.6780810950323347,0.6453194182104534,0.043754369020462,0.446515679359436,0.9999557733535768,-0.043543323072736256,0.5673947518729608,-0.227962926030159,0.98970627784729,0.9999953508377076,1.2630540584803225,1.5276116801764914,-0.000156347072334,0.4444975554943084,0.9999741315841676,0.011736161542020198,0.0013307899679827356,-0.0455096401274204,0.9999931454658508,0.9999997615814208,0.05918313670395701,0.12240974638729128,0.0467399954795837,0.9999905824661256,0.9999997615814208,-0.38493036626976446,-0.47480468637244294,-0.3198988437652588,0.9859026074409484,0.9999983310699464,-0.642042236792353,-0.7234325733908837,-0.1474845260381698,0.9291903972625732,0.9999974966049194,-0.2898727896029977,-0.5161526110638222,-0.083341933786869,0.9671067595481871,0.9999886751174928,-0.6154461310318715,-0.7677317617939977,0.0394906774163246,0.8791860938072205,0.9999918937683104,-0.2612966349209559,-0.5412594163751123,-0.0541374348104,0.8188725709915161,0.999962568283081,-0.34609349246474996,-0.6084570269547925,0.0214568767696619,0.7462990880012512,0.9999899864196776,-0.07198240460050168,-0.4885103496089556,-0.0986829176545143,0.9701435565948486,0.999872088432312,-0.1939888404702122,-0.4553527737578216,-0.004859269130975,0.90175861120224,0.9998946189880372,mediapipe,mediapipe,mediapipe,mediapipe,mediapipe,movenet,mediapipe,movenet,movenet,movenet,mediapipe,mediapipe,mediapipe,mediapipe,mediapipe,mediapipe,mediapipe,mediapipe
382,7.64,-0.5757462614514629,-0.7729085734728047,-0.3083293735980987,0.9998587965965272,0.9999657869338988,-0.036563966423273,-0.5432814955711365,-0.3400892317295074,0.9998981952667236,0.9999785423278807,0.4457182184693166,-0.11302796921615875,-0.2928136885166168,0.999994933605194,0.9999985694885254,-0.4457182184693166,0.11302796921615485,0.0212606601417064,0.9999419450759888,0.9999899864196776,0.22911756029777305,0.3335543133198149,-0.3149840235710144,0.9950559139251708,0.9999784231185912,0.6765935467859888,0.6469981891651923,0.0464386120438575,0.443913996219635,0.9999514818191528,-0.039503163553514735,0.5703409107407095,-0.2274575680494308,0.989993453025818,0.9999946355819702,1.2604966474836419,1.5301734225048127,0.0018582742195576,0.439724713563919,0.9999728202819824,0.008692789317321082,0.0032771050027867034,-0.045520469546318,0.9999933242797852,0.9999998807907104,0.05659373239521085,0.12474444125076642,0.0467497967183589,0.9999908208847046,0.9999997615814208,-0.3866440838861853,-0.4788372453779882,-0.321207731962204,0.9860429763793944,0.9999982118606568,-0.6403540843952364,-0.7267824545339103,-0.1518673598766327,0.929450511932373,0.999997615814209,-0.2913889422565159,-0.5278451396139079,-0.0840824097394943,0.96707284450531,0.9999908208847046,-0.614758547746918,-0.7672977793751687,0.03482186794281,0.8790420889854431,0.9999936819076538,-0.26255990155739417,-0.5525177296388291,-0.0546190366148948,0.8192715048789978,0.999969482421875,-0.34592977727551766,-0.60719725450442,0.0170999243855476,0.745546817779541,0.9999918937683104,-0.07215483653497097,-0.49269117470263285,-0.0987750440835952,0.9703298211097716,0.9998956918716432,-0.18875893122776702,-0.44771161931479786,-0.0097878389060497,0.9023267030715942,0.9999109506607056,mediapipe,mediapipe,mediapipe,mediapipe,mediapipe,movenet,mediapipe,movenet,movenet,movenet,mediapipe,mediapipe,mediapipe,mediapipe,mediapipe,mediapipe,mediapipe,mediapipe
383,7.66,-0.7015129124688517,-0.7699953170412657,-0.3205819427967071,0.9998576045036316,0.999929904937744,-0.0401470214128494,-0.5416227579116821,-0.3525373637676239,0.9998974204063416,0.9999510049819946,0.3726542157385313,0.02559227432698203,-0.3015345931053161,0.9999948740005492,0.999997615814209,-0.3726542157385313,-0.02559227432698594,0.0148864295333623,0.9999428391456604,0.9999890327453612,0.2263470489880411,0.3596436035698733,-0.3215408623218536,0.9949893951416016,0.9999598264694214,0.6768915624892429,0.6432404462144434,0.0441739745438098,0.437195748090744,0.9999473094940186,-0.03177987519480766,0.5856988875217658,-0.2318853437900543,0.9897351264953612,0.9999889135360718,1.2664964118407436,1.5289622911825664,0.0016162904212251,0.4389227032661438,0.9999756813049316,0.025188918474157305,-0.008684885761444038,-0.0455538630485534,0.9999932646751404,0.9999997615814208,0.07202282933534214,0.11250272763407697,0.0467721223831176,0.9999908208847046,0.9999997615814208,-0.3765476498930648,-0.41437961811105517,-0.3047596216201782,0.9860059022903442,0.999997615814209,-0.6214816474171722,-0.7289455475863613,-0.1517625600099563,0.9306604862213136,0.999997854232788,-0.26779260564673885,-0.4842339577835258,-0.0635522380471229,0.9677870869636536,0.9999898672103882,-0.6072624156249057,-0.7639600013897554,0.0350473038852214,0.8813952207565308,0.9999954700469972,-0.23727770828367026,-0.5104876099543172,-0.0340763889253139,0.8200625777244568,0.9999663829803468,-0.3349541080289553,-0.6032820316918398,0.0175380073487758,0.7467344999313354,0.9999940395355223,-0.0606579809955787,-0.4630704034498391,-0.0819897353649139,0.97101229429245,0.9998893737792968,-0.17649663953567557,-0.44526801581809156,-0.0094874501228332,0.9047301411628724,0.999929904937744,mediapipe,mediapipe,mediapipe,mediapipe,mediapipe,movenet,mediapipe,movenet,movenet,movenet,mediapipe,mediapipe,mediapipe,mediapipe,mediapipe,mediapipe,mediapipe,mediapipe
384,7.68,-0.88573003773482,-0.6329098994077877,-0.3256993591785431,0.9998608231544496,0.9999525547027588,-0.0479640327394008,-0.5347867012023926,-0.3598141968250274,0.999899923801422,0.999969482421875,0.28758371933731564,0.12500444809946337,-0.3078761696815491,0.999994933605194,0.9999980926513672,-0.28758371933731564,-0.12500444809946726,0.0110518867149949,0.9999430775642396,0.9999871253967284,0.2537115120205355,0.3593103887476066,-0.3278655409812927,0.9950376152992249,0.9999724626541138,0.7008748694337746,0.6398628754571345,0.0411876216530799,0.4269607663154602,0.9999405145645142,-0.011734107579191593,0.5819755709594501,-0.2367549389600753,0.9897709488868712,0.999992609024048,1.2846436730361175,1.5254085556728445,0.0009164822404272,0.4246474802494049,0.9999614953994752,0.07717834580605767,-0.04422822113292471,-0.0455573014914989,0.9999931454658508,0.9999997615814208,0.11861465134889948,0.07243106683971554,0.0467742271721363,0.9999906420707704,0.9999997615814208,-0.3539631489116779,-0.43820194960560277,-0.305001825094223,0.9851468205451964,0.9999972581863404,-0.6040283289836369,-0.743750573946444,-0.1516710966825485,0.9271512031555176,0.999996542930603,-0.2407585544314513,-0.5101252873245894,-0.0644612237811088,0.9654169678688048,0.9999850988388062,-0.5863202703273847,-0.7742779684977805,0.0352927222847938,0.8755731582641602,0.9999905824661256,-0.21018822998443895,-0.5358635855838703,-0.0348966419696807,0.811920702457428,0.9999514818191528,-0.3089352162906774,-0.6129595758310455,0.0178290996700525,0.7384981513023376,0.999988317489624,-0.039375373135565196,-0.487972515582077,-0.0818848386406898,0.9691490530967712,0.9998502731323242,-0.15299916336371522,-0.4605117459390635,-0.0092111537232995,0.9005066752433777,0.9998776912689208,mediapipe,mediapipe,mediapipe,mediapipe,mediapipe,movenet,mediapipe,movenet,movenet,movenet,mediapipe,mediapipe,mediapipe,mediapipe,mediapipe,mediapipe,mediapipe,mediapipe
385,7.7,-0.9566296616900111,-0.5461736798038109,-0.3255106806755066,0.999864399433136,0.9999504089355468,-0.0557221621274948,-0.5306629538536072,-0.3584815263748169,0.9999035596847534,0.9999724626541138,0.21145684484761165,0.14400524826354838,-0.3085792958736419,0.9999949932098388,0.9999982118606568,-0.21145684484761165,-0.14400524826353764,0.0111513147130608,0.9999430179595948,0.99998676776886,0.2576976576825175,0.35127973070791585,-0.330035537481308,0.9951333999633788,0.999974250793457,0.7171172312557821,0.637587285413365,0.0413615629076957,0.4155367016792297,0.9999334812164308,0.008931867875468036,0.5785051200331276,-0.2377205789089203,0.989820122718811,0.999991774559021,1.2999003733477374,1.528760494298592,0.0014476889045909,0.4058851599693298,0.9999470710754396,0.12676268140330435,-0.07872547165033608,-0.0457048080861568,0.9999932050704956,0.9999997615814208,0.16352172302931275,0.03349730992090227,0.0469254627823829,0.9999906420707704,0.9999997615814208,-0.34187702434941586,-0.5053242034558609,-0.3194026350975036,0.9852126836776732,0.9999977350234984,-0.586668772387037,-0.7790538646237005,-0.1528001278638839,0.9256045818328856,0.999996781349182,-0.24224798959607957,-0.5853437298638468,-0.0755331069231033,0.9642798900604248,0.999985694885254,-0.5486902828695859,-0.8079606687650162,0.0341002941131591,0.8716948628425598,0.9999897480010986,-0.21223839693265417,-0.6088168209365996,-0.0448106043040752,0.8096883296966553,0.999951958656311,-0.2573711709326021,-0.6486588045960138,0.0166671834886074,0.7340642213821411,0.999987244606018,-0.03744294781890306,-0.5449450330257074,-0.0883831232786178,0.9682153463363647,0.9998377561569214,-0.10257577464773807,-0.4957701885223541,-0.0094863679260015,0.8973191976547241,0.9998645782470704,mediapipe,mediapipe,mediapipe,mediapipe,mediapipe,movenet,mediapipe,movenet,movenet,movenet,mediapipe,mediapipe,mediapipe,mediapipe,mediapipe,mediapipe,mediapipe,mediapipe
386,7.72,-1.005163979877515,-0.5777329222549361,-0.3252098262310028,0.9998682737350464,0.9999548196792604,-0.0621451064944267,-0.526835560798645,-0.3580654561519623,0.9999072551727296,0.999975085258484,0.19290866732853418,0.3176930062612934,-0.3092993497848511,0.9999950528144836,0.9999982118606568,-0.19290866732853418,-0.31769300626128266,0.0112404581159353,0.9999434947967528,0.9999880790710448,0.28791891429081423,0.3559590662150745,-0.3299589157104492,0.995181143283844,0.9999737739562988,0.7344642215465355,0.6212600223645471,0.0424333922564983,0.4095101356506347,0.99994158744812,0.027781224949722752,0.5842480276406049,-0.2376379668712616,0.9898999333381652,0.9999927282333374,1.3198218235612746,1.5072392893959543,0.0072318483144044,0.3961634635925293,0.9999642372131348,0.18044730957262872,-0.11575781077753171,-0.0457067005336284,0.9999933242797852,0.9999997615814208,0.2105488160143767,-0.008685727019268957,0.0469229035079479,0.9999907612800598,0.9999997615814208,-0.3206451786240257,-0.5259877499742156,-0.3192867040634155,0.9853126406669616,0.9999983310699464,-0.5618318077123816,-0.7780638602751895,-0.1527134180068969,0.9255613088607788,0.9999977350234984,-0.24017997850196532,-0.5943796433801888,-0.0735939294099807,0.9642974734306335,0.9999897480010986,-0.520308483253922,-0.814846378496402,0.0378138236701488,0.8709643483161926,0.9999923706054688,-0.21470865837415407,-0.6124830162211927,-0.0425629019737243,0.8096809983253479,0.999966025352478,-0.22322165287483642,-0.656134785229344,0.0212623290717601,0.7322499752044678,0.999990940093994,-0.032554891884974756,-0.5216885389979472,-0.0844399333000183,0.9681718945503236,0.9998830556869508,-0.06961768782034877,-0.5053325534072228,-0.0033897031098604,0.8969082832336426,0.9999043941497804,mediapipe,mediapipe,mediapipe,mediapipe,mediapipe,movenet,mediapipe,movenet,movenet,movenet,mediapipe,mediapipe,mediapipe,mediapipe,mediapipe,mediapipe,mediapipe,mediapipe
387,7.74,-1.1516972371567273,-0.46974590192735693,-0.3247059881687164,0.9998717308044434,0.9999572038650512,-0.0724837109446525,-0.5219228267669678,-0.3595480322837829,0.999910831451416,0.9999772310256958,0.05581833227229589,0.3768033125148936,-0.3116283118724823,0.9999951124191284,0.9999984502792358,-0.05581833227229589,-0.37680331251489746,0.0113375820219516,0.9999424815177916,0.999985933303833,0.3167740468437631,0.3438312667640799,-0.3322949409484863,0.9953255653381348,0.9999778270721436,0.7623578627186254,0.6186002831949503,0.0426417961716651,0.3975913226604461,0.999930739402771,0.045956938108461305,0.585261911469546,-0.2393056750297546,0.990214705467224,0.9999939203262328,1.3430385774928821,1.498779657120308,0.0088691199198365,0.3803048729896545,0.999953269958496,0.24802884117728574,-0.16344436175783053,-0.0457787588238716,0.9999932646751404,0.9999997615814208,0.2697625399371885,-0.062141397025940216,0.0469760857522487,0.9999905228614808,0.9999997615814208,-0.28147900338733856,-0.547166153885285,-0.3186357915401459,0.9852380752563475,0.9999977350234984,-0.5271667226723065,-0.7906528735051072,-0.1516849994659423,0.923028290271759,0.9999966621398926,-0.22307999444000737,-0.6150991364513698,-0.0776359289884567,0.9642828106880188,0.9999849796295166,-0.4669378453998524,-0.8311781800733656,0.0371634364128112,0.8675552010536194,0.9999889135360718,-0.2023694763873769,-0.6310422866345525,-0.0478133521974086,0.8109229803085327,0.99994695186615,-0.15584804851655804,-0.673727148640376,0.0200974494218826,0.7289244532585144,0.999985933303833,-0.035835283836621046,-0.5512015016173624,-0.0918518006801605,0.9681575894355774,0.9998327493667604,-0.009118475050237737,-0.5318027406792151,-0.0049142241477966,0.8947522640228271,0.9998644590377808,mediapipe,mediapipe,mediapipe,mediapipe,mediapipe,movenet,mediapipe,movenet,movenet,movenet,mediapipe,mediapipe,mediapipe,mediapipe,mediapipe,mediapipe,mediapipe,mediapipe
388,7.76,-1.1676235472996757,-0.26452052465043113,-0.3271868526935577,0.999870777130127,0.9999260902404784,-0.0794278979301452,-0.5130109190940857,-0.3662337064743042,0.9999121427536012,0.9999645948410034,0.08698589036511213,0.5796511032785409,-0.3185921609401703,0.9999950528144836,0.9999979734420776,-0.08698589036511213,-0.5796511032785447,0.0070491055957973,0.9999411702156068,0.9999852180480956,0.34582643197794904,0.33972218565442014,-0.3386832177639007,0.9954143166542052,0.9999736547470092,0.7813197559625721,0.6093446765108901,0.0406727865338325,0.3822667598724365,0.9999163150787354,0.0521068479792242,0.5823416682991652,-0.24514801800251,0.9901448488235474,0.99998939037323,1.3635668903849116,1.4935556459857096,0.0083183431997895,0.3592076301574707,0.9999221563339232,0.30913227731698373,-0.2075227459315369,-0.0458525903522968,0.9999933242797852,0.9999997615814208,0.3221621446892477,-0.1098002532168557,0.0470349676907062,0.9999905228614808,0.9999997615814208,-0.317965404848911,-0.5823922912098786,-0.3189623951911926,0.9854124188423156,0.9999977350234984,-0.5069076976492325,-0.8051409867018327,-0.1509582102298736,0.9224739074707032,0.9999966621398926,-0.22406458861102987,-0.6563301425502924,-0.0751467049121856,0.9635533690452576,0.9999845027923584,-0.44025865293287003,-0.8493819400154142,0.0394028574228286,0.8655298352241516,0.999986171722412,-0.19775625179891693,-0.6695543613995257,-0.0442230142652988,0.8097139000892639,0.9999477863311768,-0.12056126867538429,-0.6932152416054482,0.0224746670573949,0.7253079414367676,0.9999830722808838,-0.018017479577449383,-0.5773049771955487,-0.0844878777861595,0.9674047231674194,0.999823272228241,0.026531352306792235,-0.5550428632288369,-0.002038923325017,0.8925395011901855,0.999830961227417,mediapipe,mediapipe,mediapipe,mediapipe,mediapipe,movenet,mediapipe,movenet,movenet,movenet,mediapipe,mediapipe,mediapipe,mediapipe,mediapipe,mediapipe,mediapipe,mediapipe
389,7.78,-1.0363659246580184,-0.3294431760256644,-0.3280495703220367,0.9998732209205629,0.99994957447052,-0.0860278457403183,-0.5083864331245422,-0.3685880303382873,0.9999144077301024,0.9999725818634032,-0.005318897301364317,0.6791724806467933,-0.3219364881515503,0.9999950528144836,0.9999983310699464,0.005318897301364317,-0.6791724806467825,0.0073185395449399,0.999940812587738,0.9999897480010986,0.3680583926028976,0.32475300729729034,-0.340710699558258,0.9956448674201964,0.9999781847000122,0.8100662006364535,0.6007931330743805,0.0449361726641655,0.3722867667675018,0.9999436140060424,0.07527206596683057,0.576876280487109,-0.2472001016139984,0.9906667470932008,0.9999934434890748,1.389057050261672,1.4857170377271762,0.017025489360094,0.3507448136806488,0.9999674558639526,0.3833523264174561,-0.26207468177628934,-0.0469243675470352,0.9999930262565612,0.9999996423721312,0.3861046172417674,-0.1687523825643591,0.0479962714016437,0.9999899864196776,0.9999996423721312,-0.3559673515707056,-0.696759281963332,-0.3194408714771271,0.986042320728302,0.9999982118606568,-0.487705436091357,-0.8204139693427969,-0.148429125547409,0.9225563406944276,0.9999974966049194,-0.2227634047658326,-0.7412881657782394,-0.0755343660712242,0.9647799134254456,0.9999855756759644,-0.3983460336353446,-0.8729813011571699,0.040770273655653,0.865891695022583,0.9999891519546508,-0.19300810349016922,-0.7490591450109774,-0.0445605590939521,0.8158886432647705,0.9999500513076782,-0.06592400673753833,-0.7195230842180826,0.0238201729953289,0.7268685102462769,0.9999864101409912,-0.043020259792264454,-0.7151130545644029,-0.0847065150737762,0.96843022108078,0.9998632669448853,0.0758280387863405,-0.6060196569081658,7.583253318443894e-05,0.8931601643562317,0.9998859167099,mediapipe,mediapipe,mediapipe,mediapipe,mediapipe,movenet,mediapipe,movenet,movenet,movenet,mediapipe,mediapipe,mediapipe,mediapipe,mediapipe,mediapipe,mediapipe,mediapipe
390,7.8,-0.9716833028861755,-0.30356720824356787,-0.3275010287761688,0.9998814463615416,0.9999773502349854,-0.0999407693743705,-0.5040450692176819,-0.3683203458786011,0.9999204874038696,0.9999896287918092,-0.2170570193429567,0.7315457849883445,-0.3235480785369873,0.9999952912330629,0.9999992847442628,0.2170570193429567,-0.7315457849883484,0.008290302939713,0.9999423027038574,0.9999943971633912,0.3552988566081798,0.3107777290957851,-0.3406176269054413,0.9959521889686584,0.9999902248382568,0.840734860402375,0.5916524692672286,0.0562240295112133,0.3665226399898529,0.999964952468872,0.073504349499536,0.5668162732999863,-0.2468930333852768,0.9913778305053712,0.9999972581863404,1.4188942564508764,1.47538742145782,0.0349445976316928,0.3450969457626343,0.9999791383743286,0.4711797395191247,-0.3262038888828572,-0.0480075180530548,0.999992847442627,0.9999996423721312,0.46038281962363303,-0.24051553789059046,0.0488923527300357,0.9999895691871644,0.9999996423721312,-0.3943080496301323,-0.8070477570684402,-0.319350004196167,0.986838698387146,0.9999986886978148,-0.45972420939595204,-0.8361223343877603,-0.1409153640270233,0.923244059085846,0.9999980926513672,-0.2245501297598451,-0.8813252818149475,-0.0734941214323043,0.9660006761550904,0.9999899864196776,-0.3517505306011238,-0.9013395148782963,0.0429833680391311,0.866584837436676,0.9999901056289672,-0.19009398335316469,-0.889428005570702,-0.0420155264437198,0.8236743807792664,0.9999663829803468,-0.006244592590291665,-0.7511912380436098,0.0257420111447572,0.7292447686195374,0.9999878406524658,-0.07273871398987604,-0.8909673331819472,-0.073924496769905,0.969635248184204,0.9999206066131592,0.11844768253005884,-0.6753622660831408,0.005434033460915,0.8947085738182068,0.9999133348464966,mediapipe,mediapipe,mediapipe,mediapipe,mediapipe,movenet,mediapipe,movenet,movenet,movenet,mediapipe,mediapipe,mediapipe,mediapipe,mediapipe,mediapipe,mediapipe,mediapipe
391,7.82,-1.0043610163369598,-0.37454561562863464,-0.3296742141246795,0.9998784065246582,0.9999068975448608,-0.1019513756036758,-0.5029754638671875,-0.3772478699684143,0.9999211430549622,0.999964952468872,-0.2575260629871846,0.9113519231141809,-0.3357560932636261,0.9999953508377076,0.9999988079071044,0.2575260629871846,-0.9113519231141849,0.0062387371435761,0.9999405145645142,0.99998939037323,0.369932955129858,0.306008820830221,-0.3495733141899109,0.9961957335472108,0.9999852180480956,0.841725656369829,0.5936420661398376,0.0592518076300621,0.3507048785686493,0.9999487400054932,0.07544549537433018,0.5685269203082455,-0.2501775324344635,0.9919314980506896,0.9999951124191284,1.420529071316058,1.480288682558492,0.0456790924072265,0.3320547044277191,0.999969720840454,0.4784513462141151,-0.33209430126993544,-0.0489774495363235,0.9999925494194032,0.9999995231628418,0.4633440256959398,-0.24271850514847854,0.0495974868535995,0.9999887943267822,0.9999995231628418,-0.38765890149589993,-0.7981440356967073,-0.3073066473007202,0.9873730540275574,0.9999980926513672,-0.458263762964582,-0.8380650679244561,-0.1247880458831787,0.9225606322288512,0.99999737739563,-0.21655431904398592,-0.872639114492075,-0.045600801706314,0.9667432904243468,0.9999840259552002,-0.3229889665691068,-0.9020387789257044,0.0594875402748584,0.8647404313087463,0.9999879598617554,-0.1848937134872055,-0.8824925249845468,-0.0130876107141375,0.8276011943817139,0.999947428703308,0.02585921638932856,-0.751324564243092,0.0425952449440956,0.7272534370422363,0.9999853372573853,-0.10465257742060348,-0.8868505966704909,-0.035737469792366,0.970056414604187,0.9998823404312134,0.11901052045968794,-0.6967045646323998,0.0310515407472848,0.8936973810195923,0.9998966455459596,mediapipe,mediapipe,mediapipe,mediapipe,mediapipe,movenet,mediapipe,movenet,movenet,movenet,mediapipe,mediapipe,mediapipe,mediapipe,mediapipe,mediapipe,mediapipe,mediapipe
392,7.84,-1.015244171613264,-0.2575670511535957,-0.3348329067230224,0.9998834133148192,0.9999662637710572,-0.1078799217939376,-0.4968704283237457,-0.383701741695404,0.9999247789382936,0.999982476234436,-0.2907240352827469,1.0764079877251225,-0.3393670618534088,0.9999954700469972,0.999998927116394,0.2907240352827469,-1.0764079877251265,0.0021515944972634,0.999941885471344,0.999993085861206,0.405083602007241,0.3040219166670284,-0.3528802692890167,0.996420443058014,0.9999855756759644,0.8596661833662248,0.5885429041155694,0.0590398125350475,0.3525134623050689,0.9999637603759766,0.09740672694933783,0.5665505133226121,-0.2537392079830169,0.992517590522766,0.999996304512024,1.4354990836743244,1.4732816729292768,0.0466767698526382,0.3447873890399933,0.9999865293502808,0.5269513402840625,-0.368080623061587,-0.0492499992251396,0.9999920129776,0.9999994039535522,0.50241726506626,-0.2811311621228832,0.0497709214687347,0.999987781047821,0.9999994039535522,-0.3752862441217533,-0.8067531194098962,-0.3065820336341858,0.9877908825874328,0.9999982118606568,-0.44412886939761714,-0.8212987266475184,-0.123148538172245,0.9230729937553406,0.999997854232788,-0.18319914553760894,-0.88513875634267,-0.0468553453683853,0.9675585627555848,0.999987244606018,-0.30546485817875046,-0.8945923337459171,0.0634357929229736,0.8655679225921631,0.9999899864196776,-0.1519741051237078,-0.8950704812458167,-0.0148687381297349,0.8316006064414978,0.9999576807022096,0.04969426319900008,-0.7435311670703938,0.0470342449843883,0.7288620471954346,0.9999877214431764,-0.06852753429563252,-0.8959767285209741,-0.0400425679981708,0.970735251903534,0.9999072551727296,0.1338966746396898,-0.7145793851830661,0.0353671871125698,0.8949631452560425,0.9999173879623412,mediapipe,mediapipe,mediapipe,mediapipe,mediapipe,movenet,mediapipe,movenet,movenet,movenet,mediapipe,mediapipe,mediapipe,mediapipe,mediapipe,mediapipe,mediapipe,mediapipe
393,7.86,-1.0225438184730409,-0.2338376760447078,-0.3398059606552124,0.999890148639679,0.999975562095642,-0.1205471530556678,-0.492959588766098,-0.3907943069934845,0.9999295473098756,0.9999878406524658,-0.44864437668323176,1.228335142782887,-0.3459122478961944,0.9999956488609314,0.9999992847442628,0.44864437668323176,-1.2283351427828773,-0.0009505845373496,0.999943733215332,0.9999957084655762,0.42931197712915325,0.29720799725319647,-0.3572333455085754,0.9966528415679932,0.9999895095825196,0.8855400830416886,0.5790262787427487,0.0611561574041843,0.3528183400630951,0.9999760389328004,0.11079683780886024,0.5656970098168127,-0.2568806707859039,0.993097960948944,0.99999737739563,1.4614077618055488,1.4599235315975285,0.0529446750879287,0.3585644364356994,0.999990940093994,0.6055092744274597,-0.4272279362765314,-0.050628412514925,0.9999912977218628,0.9999994039535522,0.5679027110131772,-0.3465064725791285,0.0509086810052394,0.9999865293502808,0.9999994039535522,-0.34587999844408257,-0.8209667568394321,-0.2929654717445373,0.9880529046058656,0.9999979734420776,-0.4184048396880232,-0.8260857751030455,-0.0958944782614708,0.9201942682266236,0.999997615814209,-0.1581078589802321,-0.9105462889736496,-0.0340253934264183,0.9677032232284546,0.9999840259552002,-0.2637627049208632,-0.908186934915501,0.0819776728749275,0.8617176413536072,0.999988317489624,-0.12971969192912222,-0.9213754740731073,-0.0025518003385514,0.8342241048812866,0.999947190284729,0.10449481828387532,-0.7583397717048928,0.0645571574568748,0.724841833114624,0.9999858140945436,-0.0857135899306826,-0.9376121483027959,-0.0238279812037944,0.9709290862083436,0.999901294708252,0.16499392128651075,-0.7513694837224831,0.0559964589774608,0.8932875394821167,0.999916672706604,mediapipe,mediapipe,mediapipe,mediapipe,mediapipe,movenet,mediapipe,movenet,movenet,movenet,mediapipe,mediapipe,mediapipe,mediapipe,mediapipe,mediapipe,mediapipe,mediapipe
394,7.88,-1.0477510145079056,-0.1417278402760976,-0.3475059568881988,0.999891459941864,0.9999418258666992,-0.1264300644397735,-0.4884699583053589,-0.4046159982681274,0.999931812286377,0.9999773502349854,-0.5690431360239068,1.3709563537347662,-0.3592073321342468,0.999995768070221,0.9999990463256836,0.5690431360239068,-1.37095635373477,-0.0112711321562528,0.9999433159828186,0.999992609024048,0.46158789491828545,0.28664997953284005,-0.3672650158405304,0.9968555569648744,0.9999871253967284,0.8944020052089416,0.5751499738585334,0.0604501329362392,0.3407046496868133,0.9999630451202391,0.1374878833300794,0.5716065616843635,-0.2622143030166626,0.9935778379440308,0.999996304512024,1.4717091579413573,1.4651878025393619,0.0549956336617469,0.3555861711502075,0.9999849796295166,0.6375641132896885,-0.45220312387072253,-0.0515000931918621,0.9999908804893494,0.9999995231628418,0.5921062350045003,-0.37028644285415496,0.0515843220055103,0.9999853372573853,0.9999994039535522,-0.3211318026002129,-0.751418211771647,-0.2716327607631683,0.9884753227233888,0.9999980926513672,-0.40407001192325814,-0.8013536967947521,-0.0748393610119819,0.9159549474716188,0.999997615814209,-0.12494471893850734,-0.855433307028093,-0.0098952259868383,0.9686879515647888,0.9999862909317015,-0.23202594601586882,-0.9061017626899448,0.1121212989091873,0.8568275570869446,0.9999897480010986,-0.09629002145954829,-0.8625100590374212,0.0217248667031526,0.8389644026756287,0.9999545812606812,0.14103649862695072,-0.7565405186138138,0.0960003733634948,0.7198474407196045,0.9999880790710448,-0.047858397710820844,-0.8839488787221897,0.0050382674671709,0.9716116786003112,0.9999079704284668,0.1889506246209448,-0.762975006672406,0.0939693003892898,0.8907545208930969,0.9999284744262696,mediapipe,mediapipe,mediapipe,mediapipe,mediapipe,movenet,mediapipe,movenet,movenet,movenet,mediapipe,mediapipe,mediapipe,mediapipe,mediapipe,mediapipe,mediapipe,mediapipe
395,7.9,-1.063287628516695,-0.056553338253527964,-0.3732011020183563,0.9998973608016968,0.9999735355377196,-0.1310431212186813,-0.47520712018013,-0.428984135389328,0.9999358654022216,0.999987244606018,-0.5399336673799895,1.953344718185268,-0.3793673515319824,0.9999959468841552,0.9999992847442628,0.5399336673799895,-1.9533447181852719,-0.0310854576528072,0.9999448657035828,0.999995231628418,0.4936848829301999,0.30683556722319216,-0.385394424200058,0.9970656037330629,0.9999878406524658,0.9165489764384255,0.5662899305238772,0.056452352553606,0.3371079564094543,0.9999741315841676,0.16329161459362193,0.5899873784693417,-0.2830474376678467,0.9940687417984008,0.999996781349182,1.4919264732043824,1.4530387805540872,0.0531423576176166,0.3663983941078186,0.999990701675415,0.7014461021414121,-0.5012467421902416,-0.0527793578803539,0.9999904036521912,0.9999995231628418,0.643965458766021,-0.423494650364254,0.0526522621512413,0.999984323978424,0.9999995231628418,-0.28207498514562357,-0.6431296632657724,-0.2564508020877838,0.9884668588638306,0.999997615814209,-0.39341634077096543,-0.7820123892853607,-0.0650438517332077,0.9094730615615844,0.9999974966049194,-0.09143859115910004,-0.7357772474417723,-0.0006024162285029,0.9690431356430054,0.9999827146530152,-0.20125833246139602,-0.8732747101482201,0.126114085316658,0.84864342212677,0.9999905824661256,-0.0636169666701083,-0.7393647523824939,0.0299592372030019,0.8410062193870544,0.999943733215332,0.1773801043289311,-0.717362452075129,0.1107361242175102,0.7121158838272095,0.9999891519546508,-0.023879537022352747,-0.7580782859017257,0.009504048153758,0.9717996716499328,0.99989116191864,0.20729698702049776,-0.7447604170618995,0.1073962748050689,0.8864279389381409,0.9999339580535888,mediapipe,mediapipe,mediapipe,mediapipe,mediapipe,movenet,mediapipe,movenet,movenet,movenet,mediapipe,mediapipe,mediapipe,mediapipe,mediapipe,mediapipe,mediapipe,mediapipe
396,7.92,-1.1346652457600477,0.038788561282951425,-0.3679733872413635,0.9999004602432252,0.999958038330078,-0.1388218849897384,-0.4753043949604034,-0.4218651950359344,0.99993896484375,0.9999840259552002,-0.6298122773298314,1.9363128256579412,-0.3744574785232544,0.9999960660934448,0.9999991655349731,0.6298122773298314,-1.9363128256579452,-0.0268781799823045,0.9999443292617798,0.9999922513961792,0.49935782737687046,0.3130735844661728,-0.3828035593032837,0.9972476363182068,0.9999880790710448,0.9248517784865441,0.5636784057814198,0.0643660724163055,0.3254124224185943,0.9999595880508424,0.1778544183552224,0.5915833328778108,-0.2794773876667022,0.9945130348205566,0.9999966621398926,1.5004287694551355,1.451995535771851,0.0724538788199424,0.3621667921543121,0.9999847412109376,0.7265907065627945,-0.5219015552212448,-0.0535823442041873,0.9999896287918092,0.9999992847442628,0.6642590942800317,-0.44313653449310964,0.0532835274934768,0.9999825358390808,0.9999991655349731,-0.2480381616783976,-0.6556647604958474,-0.2640749514102936,0.9886271357536316,0.99999737739563,-0.3791940848402533,-0.7893679707805794,-0.0695297941565513,0.90592622756958,0.999996542930603,-0.06269250875097583,-0.7521216220822681,-0.0111079588532447,0.9694324731826782,0.9999792575836182,-0.16416959736792555,-0.8884428628219754,0.1222874373197555,0.8429535627365112,0.9999854564666748,-0.035573983975158936,-0.7570537668329768,0.0194966457784175,0.8444939255714417,0.9999314546585084,0.22554200703965274,-0.734779169007263,0.1069007813930511,0.7075671553611755,0.9999833106994628,-0.007480900109740258,-0.7726573035655822,-0.0043450957164168,0.9719960689544678,0.999868631362915,0.24336662539527484,-0.7621528175615775,0.1028937995433807,0.8824828863143921,0.9999072551727296,mediapipe,mediapipe,mediapipe,mediapipe,mediapipe,movenet,mediapipe,movenet,movenet,movenet,mediapipe,mediapipe,mediapipe,mediapipe,mediapipe,mediapipe,mediapipe,mediapipe
397,7.94,-1.0581065800952516,-0.032496248367088275,-0.3792185485363006,0.99990713596344,0.999982476234436,-0.1436700224876403,-0.4662553071975708,-0.4308387339115143,0.9999433755874634,0.9999916553497314,-0.4868013592383016,2.2095103646243213,-0.3824979960918426,0.9999962449073792,0.9999994039535522,0.4868013592383016,-2.2095103646243115,-0.0327927023172378,0.9999457001686096,0.9999954700469972,0.5430612958961288,0.3272585343393446,-0.3889505565166473,0.997463583946228,0.9999908208847046,0.9557557443432233,0.5474136446707415,0.0590367913246154,0.3266769647598266,0.9999706745147704,0.2166297463433275,0.595139815951388,-0.287062406539917,0.9949778318405152,0.9999977350234984,1.5305601726833826,1.441432825514619,0.0664502382278442,0.3713421523571014,0.9999886751174928,0.8162377739172988,-0.5924663353812234,-0.0546734184026718,0.9999892711639404,0.9999994039535522,0.7418057699772976,-0.5245341972136385,0.0542863681912422,0.9999815821647644,0.9999994039535522,-0.1942701792298193,-0.6868135555640311,-0.2684571146965027,0.9892025589942932,0.9999980926513672,-0.35007832067809436,-0.8149627418928915,-0.0755108594894409,0.9048810601234436,0.999997615814209,-0.010120139470396052,-0.7809844488335643,-0.0159680321812629,0.9710158705711364,0.9999866485595704,-0.12390351738807912,-0.913027295269527,0.1139226853847503,0.8423625826835632,0.9999910593032836,0.015270094277078611,-0.7849579626353419,0.0155505035072565,0.8524423241615295,0.9999542236328124,0.27874615160079574,-0.7600551008475452,0.0980101078748703,0.7095807790756226,0.99998939037323,0.03719630845136798,-0.8138740665633304,-0.0109767913818359,0.9734169840812684,0.9999059438705444,0.29301302323175754,-0.79841011435005,0.0902148708701133,0.8834546804428101,0.9999346733093262,mediapipe,mediapipe,mediapipe,mediapipe,mediapipe,movenet,mediapipe,movenet,movenet,movenet,mediapipe,mediapipe,mediapipe,mediapipe,mediapipe,mediapipe,mediapipe,mediapipe
398,7.96,-0.9467766542917094,0.059299749467042945,-0.4267179071903229,0.999912977218628,0.9999858140945436,-0.1382833272218704,-0.4569308161735534,-0.4614518284797668,0.9999468922615052,0.9999914169311525,-0.3149948384505816,2.930610260175478,-0.4051636457443237,0.9999962449073792,0.9999990463256836,0.3149948384505816,-2.930610260175482,-0.0662316605448722,0.9999456405639648,0.9999929666519164,0.5619069323206144,0.3447558138478453,-0.4154022634029388,0.997654378414154,0.9999849796295166,0.9615843684816205,0.5445901330878771,0.0345456190407276,0.3228797614574432,0.9999550580978394,0.21623398216351855,0.5979279521014399,-0.3264989256858825,0.9953924417495728,0.9999947547912598,1.5370606194438798,1.4418783566605347,0.0634301975369453,0.3842658698558807,0.9999871253967284,0.8421307492296917,-0.6123351800271641,-0.0549269579350948,0.9999884366989136,0.9999992847442628,0.762831960377341,-0.5478272841846693,0.0544383190572261,0.9999794960021972,0.9999991655349731,-0.1906407536096351,-0.5951967923163108,-0.258849948644638,0.9893820881843568,0.999996781349182,-0.3314140778790649,-0.7865222963448719,-0.0695541277527809,0.9034858345985411,0.999996542930603,0.039665375488562825,-0.6584162448178836,-0.0156394224613904,0.9720386266708374,0.9999748468399048,-0.08532427134971547,-0.904892009141948,0.1262483149766922,0.8408318161964417,0.9999879598617554,0.06189019337862719,-0.650032769178034,0.0142962392419576,0.8563897013664246,0.9999099969863892,0.3198911039778399,-0.7517653457656827,0.1118803098797798,0.709483802318573,0.9999852180480956,0.05589499663461456,-0.6405973611618822,-0.0120672611519694,0.9740726947784424,0.9998083710670472,0.3087241598839838,-0.7952737752822814,0.109206810593605,0.8823319673538208,0.9999065399169922,mediapipe,mediapipe,mediapipe,mediapipe,mediapipe,movenet,mediapipe,movenet,movenet,movenet,mediapipe,mediapipe,mediapipe,mediapipe,mediapipe,mediapipe,mediapipe,mediapipe
399,7.98,-1.032882350623853,0.017623668874483956,-0.4104330241680145,0.9999114871025084,0.999940037727356,-0.1405528336763382,-0.4552021622657776,-0.4501433372497558,0.9999468326568604,0.9999741315841676,-0.2332757222430645,2.6771030874509756,-0.3976427912712097,0.9999961853027344,0.9999986886978148,0.2332757222430645,-2.677103087450965,-0.0574559196829795,0.9999439120292664,0.9999889135360718,0.5741168999607746,0.3549430458553672,-0.4080700278282165,0.9977732300758362,0.9999850988388062,0.9673192175830487,0.5462517800905387,0.0352586172521114,0.3122519552707672,0.9999433755874634,0.22886469527873712,0.6032168570403328,-0.3153329789638519,0.9956530332565308,0.9999943971633912,1.5461320692827474,1.4428857978401648,0.0592802576720714,0.3704017698764801,0.9999674558639526,0.8618705069872516,-0.6296013926867073,-0.0549490638077259,0.9999873638153076,0.999998927116394,0.7803972230148671,-0.5648919998320946,0.0544594600796699,0.99997740983963,0.9999988079071044,-0.1710137438007094,-0.6270718784869512,-0.2613719701766968,0.9886189103126526,0.9999946355819702,-0.3178187903410203,-0.8047043899492804,-0.0748668760061264,0.8934927582740784,0.999993085861206,0.06424299632389438,-0.6943366344558214,-0.0182510446757078,0.9694226980209352,0.9999507665634156,-0.060514058549170274,-0.915882862726304,0.121735468506813,0.8236895203590393,0.9999665021896362,0.08655586286964531,-0.6896771618401288,0.0107146296650171,0.8503606915473938,0.99983549118042,0.35490623501133556,-0.7630571193180584,0.1071822792291641,0.6928501725196838,0.9999604225158693,0.06795054339871598,-0.6754525490488015,-0.0166171658784151,0.9714502096176147,0.9996923208236694,0.35778493782367904,-0.8047109198739794,0.1019731760025024,0.8685281276702881,0.9997807145118712,mediapipe,mediapipe,mediapipe,mediapipe,mediapipe,movenet,mediapipe,movenet,movenet,movenet,mediapipe,mediapipe,mediapipe,mediapipe,mediapipe,mediapipe,mediapipe,mediapipe
400,8.0,-1.0068892590151064,-0.11469769423317555,-0.4278806149959564,0.999914288520813,0.999971866607666,-0.1452820003032684,-0.4432986974716186,-0.4706398248672485,0.999949038028717,0.9999868869781494,-0.3452652061723051,3.209114779208744,-0.4146010875701904,0.9999961853027344,0.9999990463256836,0.3452652061723051,-3.209114779208748,-0.0728544369339943,0.9999422430992126,0.9999911785125732,0.6029696098534907,0.3488410919665096,-0.4240830838680267,0.9979283213615416,0.9999855756759644,0.9914538636361471,0.5317167011313824,0.0254797525703907,0.299922227859497,0.9999489784240724,0.2549914178310259,0.611446394886525,-0.3327131271362304,0.995976448059082,0.9999951124191284,1.5651178932905399,1.4284795023047405,0.0564028844237327,0.3609145581722259,0.9999778270721436,0.9268409013098448,-0.6817770464118921,-0.0555504038929939,0.9999868869781494,0.9999992847442628,0.8350332712493435,-0.6244016907106011,0.0549339950084686,0.9999759197235109,0.9999992847442628,-0.12515996250177605,-0.6123209454591568,-0.262928694486618,0.988769233226776,0.9999971389770508,-0.2984382514733469,-0.8265003399909625,-0.0704360380768776,0.8873432874679565,0.999996542930603,0.10959159949639061,-0.6965996706680257,-0.0213969144970178,0.9704504609107972,0.9999828338623048,-0.006124186187010036,-0.9401390920909801,0.1245739161968231,0.8185410499572754,0.9999901056289672,0.12913738181227818,-0.694621818850871,0.0084050456061959,0.8548014163970947,0.9999387264251708,0.42617480093625626,-0.7879325463315395,0.1096720695495605,0.6889194250106812,0.9999880790710448,0.09659950249970904,-0.7010268922877203,-0.0186125244945287,0.9722405672073364,0.9998724460601808,0.4078878574497726,-0.8339459003251046,0.1033823266625404,0.8656765818595886,0.9999254941940308,mediapipe,mediapipe,mediapipe,mediapipe,mediapipe,movenet,mediapipe,movenet,movenet,movenet,mediapipe,mediapipe,mediapipe,mediapipe,mediapipe,mediapipe,mediapipe,mediapipe
401,8.02,-0.9663538407370177,-0.15541134738878376,-0.4335798323154449,0.9999182820320128,0.9999833106994628,-0.1465367674827575,-0.4436042606830597,-0.4689427018165588,0.9999511241912842,0.9999897480010986,-0.25938789365304127,3.1342956456857545,-0.4118407070636749,0.9999961256980896,0.999998927116394,0.25938789365304127,-3.1342956456857434,-0.075815737247467,0.9999421238899232,0.9999927282333374,0.6343940454489704,0.34676477707056297,-0.4231853485107422,0.9980533123016356,0.9999841451644896,0.9980124040275484,0.5308552242092268,0.0205995980650186,0.294699490070343,0.9999533891677856,0.2728582547208301,0.6041945061282663,-0.3391125500202179,0.9962587952613832,0.9999946355819702,1.5753460770445904,1.4300584556414275,0.053994134068489,0.3654131889343261,0.9999837875366212,0.9535520138691318,-0.7034830771673678,-0.0555515699088573,0.9999859929084778,0.9999991655349731,0.8571620049075158,-0.6487210906743258,0.0549340546131134,0.999974012374878,0.9999991655349731,-0.08886072672114949,-0.6238098869286216,-0.2637367844581604,0.9887333512306212,0.9999966621398926,-0.27750876344667635,-0.8276588635542311,-0.074698694050312,0.8850159049034119,0.9999964237213136,0.20946529541693948,-0.7212127349188696,-0.0233869366347789,0.9707249402999878,0.999974250793457,0.041042422896217,-0.9540462358474704,0.1191728413105011,0.8149643540382385,0.9999878406524658,0.2352289440066155,-0.7192623933138457,0.0061613754369318,0.8557468056678772,0.9999113082885742,0.4890373100592687,-0.8032801880683159,0.104190893471241,0.6849521398544312,0.9999849796295166,0.22955962034147934,-0.7296864798646232,-0.0211230535060167,0.9722405076026917,0.9998342990875244,0.4854639042151116,-0.8504200685543972,0.0976873487234115,0.8630028963088989,0.999914050102234,mediapipe,mediapipe,mediapipe,mediapipe,mediapipe,movenet,mediapipe,movenet,movenet,movenet,mediapipe,mediapipe,mediapipe,mediapipe,mediapipe,mediapipe,mediapipe,mediapipe
402,8.04,-1.0448634654085585,-0.1944088639139289,-0.4316620230674743,0.9999233484268188,0.9999854564666748,-0.1538206040859222,-0.4413324296474457,-0.4697513580322265,0.9999542832374572,0.9999912977218628,-0.3098899457307058,3.204869101687712,-0.4123658537864685,0.9999961853027344,0.9999991655349731,0.3098899457307058,-3.2048691016877155,-0.0736386030912399,0.999943196773529,0.9999948740005492,0.6936732961845304,0.3392827224459628,-0.4226922988891601,0.9981908798217772,0.9999862909317015,1.017430547933532,0.5199124926886113,0.0226408001035451,0.2944845259189605,0.9999665021896362,0.3175672461286542,0.6055783894553114,-0.3364711999893188,0.9965525269508362,0.9999957084655762,1.5930503126088629,1.4230794310587642,0.058471031486988,0.3788799941539764,0.9999891519546508,1.0089735936176834,-0.7495727551021591,-0.0558545924723148,0.9999857544898988,0.9999992847442628,0.9057610172984195,-0.7019181854537608,0.055169191211462,0.999973475933075,0.9999994039535522,-0.005794766115788621,-0.5917139015205567,-0.259238600730896,0.9891545176506042,0.999996781349182,-0.24617992028125185,-0.8221159537663129,-0.0736240744590759,0.8861486315727234,0.9999971389770508,0.2832034681061032,-0.7359213403109978,-0.021410359069705,0.9720986485481262,0.9999786615371704,0.08546193238200014,-0.9741939109459778,0.1196569725871086,0.8167871236801147,0.9999899864196776,0.3071541922387907,-0.7348895155674778,0.0074627310968935,0.8615868091583252,0.9999256134033204,0.5481470944128348,-0.8269033246564923,0.104839377105236,0.6884370446205139,0.9999876022338868,0.30782160063257513,-0.7453307946931124,-0.0193483550101518,0.9733895659446716,0.9998536109924316,0.5477462358096987,-0.8730477550841036,0.0996550396084785,0.864934504032135,0.9999247789382936,mediapipe,mediapipe,mediapipe,mediapipe,mediapipe,movenet,mediapipe,movenet,movenet,movenet,mediapipe,mediapipe,mediapipe,mediapipe,mediapipe,mediapipe,mediapipe,mediapipe
403,8.06,-1.1456405833172119,-0.2944546556254844,-0.4457903504371643,0.9999290108680724,0.9999923706054688,-0.1552365869283676,-0.4372930228710174,-0.4803668260574341,0.9999576807022096,0.9999942779541016,-0.3009399179283836,3.6278371009133616,-0.4188376367092132,0.9999961853027344,0.9999990463256836,0.3009399179283836,-3.627837100913365,-0.0820507109165191,0.99994558095932,0.9999964237213136,0.7089981790596387,0.3337717896702249,-0.4259049892425537,0.9983306527137756,0.9999849796295166,1.0299412661227942,0.5164875431994226,0.0226587168872356,0.3082297444343567,0.9999713897705078,0.33451614847726757,0.5971376690435986,-0.3389188647270202,0.9968514442443848,0.9999949932098388,1.6055854037529413,1.4238285216893083,0.0587454251945018,0.4196049571037292,0.9999953508377076,1.0444294885132885,-0.7803383704245811,-0.0560657307505607,0.9999852180480956,0.9999990463256836,0.9367759118972753,-0.7350658765490609,0.0553069151937961,0.9999725222587584,0.9999991655349731,0.04541971971880195,-0.6016418419150765,-0.2551711499691009,0.9897669553756714,0.9999964237213136,-0.2275175380235356,-0.8325283431221357,-0.0699804946780204,0.8913513422012329,0.9999971389770508,0.3481930289193518,-0.7313647816398965,-0.0178026333451271,0.9738743901252748,0.9999735355377196,0.13789173378327657,-1.0010121551323155,0.1320184171199798,0.8233221769332886,0.9999895095825196,0.37063744345316424,-0.7233644650328128,0.0106048518791794,0.8691971898078918,0.9999041557312012,0.6165333598593545,-0.8594006774092987,0.1187984868884086,0.6976910829544067,0.9999866485595704,0.3810019569801233,-0.7260212989954637,-0.014724695123732,0.974902331829071,0.9998047947883606,0.6224154717514182,-0.9055105594615265,0.1193662211298942,0.8697726130485535,0.999920129776001,mediapipe,mediapipe,mediapipe,mediapipe,mediapipe,movenet,mediapipe,movenet,movenet,movenet,mediapipe,mediapipe,mediapipe,mediapipe,mediapipe,mediapipe,mediapipe,mediapipe
404,8.08,-1.1647773321513508,-0.42115819171331215,-0.4490472376346588,0.999933421611786,0.9999899864196776,-0.160751461982727,-0.4345487952232361,-0.4823274314403534,0.9999603033065796,0.999992609024048,-0.201117354659412,3.8352398927484743,-0.4218172430992126,0.9999961853027344,0.999998927116394,0.201117354659412,-3.8352398927484783,-0.0870193988084793,0.9999474883079528,0.9999958276748656,0.7428988352458974,0.34388866063994417,-0.4281696379184723,0.9984477162361144,0.9999825954437256,1.0513808823662638,0.5046999359920565,0.0158435031771659,0.3207284212112427,0.999969482421875,0.37047668112443144,0.591198271395961,-0.3442394435405731,0.9971096515655518,0.9999946355819702,1.6311361297151723,1.4038721256154127,0.0524313785135746,0.4539703130722046,0.9999947547912598,1.1051455906218466,-0.8318097294479451,-0.0562540479004383,0.9999834895133972,0.9999982118606568,0.9909162228320699,-0.7958291023174594,0.0554760508239269,0.9999694228172302,0.9999984502792358,0.08465313386538874,-0.608289068245428,-0.2551735043525696,0.9900557994842528,0.9999939203262328,-0.1965383669975863,-0.808989011158897,-0.0510578602552413,0.8898470997810364,0.9999946355819702,0.40475671259194573,-0.7300855607374134,-0.0168712120503187,0.974567413330078,0.9999599456787108,0.17723730906395344,-1.0096822035694846,0.1627864837646484,0.821080207824707,0.9999815225601196,0.4301330566524487,-0.7183368861900375,0.0116047244518995,0.8719936609268188,0.9998630285263062,0.6676083533077333,-0.8706806665273059,0.1507930159568786,0.6955458521842957,0.9999781847000122,0.44104669463279106,-0.7243770631900763,-0.0135399112477898,0.9754342436790466,0.9997848868370056,0.6806956981963774,-0.9239065005608761,0.1537943035364151,0.8685532808303833,0.9999024868011476,mediapipe,mediapipe,mediapipe,mediapipe,mediapipe,movenet,mediapipe,movenet,movenet,movenet,mediapipe,mediapipe,mediapipe,mediapipe,mediapipe,mediapipe,mediapipe,mediapipe
405,8.1,-1.1486880618760178,-0.37504312908977494,-0.4535315334796905,0.9999343156814576,0.9999805688858032,-0.1681150794029235,-0.4246715009212494,-0.4852408766746521,0.9999611973762512,0.999988317489624,-0.049706246839783544,3.9127457112509796,-0.4254159331321716,0.9999960660934448,0.9999986886978148,0.049706246839783544,-3.9127457112509836,-0.0935856252908706,0.9999459981918336,0.9999920129776,0.768526965264353,0.3214616431408314,-0.4302661716938019,0.9985329508781432,0.9999845027923584,1.083072321646014,0.4907613591256006,0.0082865785807371,0.3122105300426483,0.9999432563781738,0.40953625410672045,0.5761816734749561,-0.3450203835964203,0.9973043203353882,0.9999939203262328,1.6616307515911264,1.385821655479865,0.0485693700611591,0.4466906189918518,0.9999785423278807,1.19234102656359,-0.9081668842555407,-0.0562358684837818,0.9999819993972778,0.9999983310699464,1.0673101541193457,-0.8816536622573126,0.0554464869201183,0.9999659657478333,0.9999983310699464,0.13100636024632226,-0.6427399848651029,-0.2572008073329925,0.9899232387542723,0.9999936819076538,-0.17171890799581416,-0.8371566465322982,-0.0550017431378364,0.884532630443573,0.999992847442627,0.45140369946260794,-0.7784359781259373,-0.0173593368381261,0.9742430448532104,0.9999504089355468,0.20735977297670993,-1.0621428178222312,0.1578153669834137,0.8128798604011536,0.9999747276306152,0.47596697669115773,-0.7674058052301795,0.0113297095522284,0.8707046508789062,0.9998304843902588,0.7071426698399258,-0.9320585008271524,0.1456181406974792,0.6868398189544678,0.9999711513519288,0.4914447257442047,-0.7745154922360575,-0.0146058164536952,0.9747273325920104,0.9997186064720154,0.7293520817419147,-1.0031544178228673,0.1480970084667205,0.8609696626663208,0.9998620748519896,mediapipe,mediapipe,mediapipe,mediapipe,mediapipe,movenet,mediapipe,movenet,movenet,movenet,mediapipe,mediapipe,mediapipe,mediapipe,mediapipe,mediapipe,mediapipe,mediapipe
406,8.12,-1.0684393832638743,-0.3301599791376214,-0.4457263648509979,0.9999368786811828,0.999980330467224,-0.1751876920461654,-0.4260192811489105,-0.4797915518283844,0.9999630451202391,0.9999881982803344,-0.03189335310025699,3.49631306835142,-0.4223906099796295,0.9999960064888,0.9999988079071044,0.03189335310025699,-3.4963130683514234,-0.089176520705223,0.99994695186615,0.9999951124191284,0.7982128607819917,0.3000213100628842,-0.4274784028530121,0.9986302852630616,0.9999823570251464,1.1023560010185032,0.48814340967296077,0.0108414990827441,0.3199488222599029,0.999966025352478,0.44828902593526654,0.5683879602329219,-0.340438961982727,0.9975138902664183,0.999994158744812,1.6763461808882105,1.3776938801685132,0.0483878813683986,0.472188651561737,0.9999922513961792,1.2390038147570672,-0.9501042503106503,-0.0567021779716014,0.9999811053276062,0.9999980926513672,1.110692209582198,-0.9307512540066182,0.0559225417673587,0.9999642372131348,0.9999984502792358,0.19339720889210116,-0.6324552623288378,-0.246513083577156,0.9905036687850952,0.999994158744812,-0.141318007382991,-0.816028867335797,-0.0250499006360769,0.8846655488014221,0.9999945163726808,0.501959701535632,-0.7881004260950153,0.0001073816674761,0.9756113886833192,0.9999594688415528,0.23509469852318093,-1.0716569523353996,0.1986716240644455,0.8148016333580017,0.9999791383743286,0.5261156455937152,-0.7741224401437857,0.0303697120398283,0.8766770958900452,0.9998670816421508,0.7444716475417903,-0.9430538416825224,0.1877246797084808,0.689780056476593,0.9999771118164062,0.5421504924519962,-0.7190227042098725,0.0123894037678837,0.9758318066596984,0.9997602105140686,0.7708131487551133,-1.0082175174986556,0.197216048836708,0.8621001839637756,0.9998840093612672,mediapipe,mediapipe,mediapipe,mediapipe,mediapipe,movenet,mediapipe,movenet,movenet,movenet,mediapipe,mediapipe,mediapipe,mediapipe,mediapipe,mediapipe,mediapipe,mediapipe
407,8.14,-0.8788882832494576,-0.3669375371049458,-0.4481295049190521,0.9999377727508544,0.9999779462814332,-0.1790302842855453,-0.424996942281723,-0.4790308177471161,0.9999632835388184,0.9999839067459106,0.05912228352223672,3.210036762454738,-0.4224519729614258,0.9999958276748656,0.9999980926513672,-0.05912228352223672,-3.210036762454742,-0.092457890510559,0.9999475479125975,0.9999942779541016,0.8419971000200699,0.2723517884404062,-0.4284092485904693,0.9986968636512756,0.9999759197235109,1.1180971545593028,0.48027967209834743,0.0096006477251648,0.3267157077789306,0.9999659061431884,0.4836782972013505,0.5577053971189136,-0.3439223766326904,0.9976788759231568,0.9999921321868896,1.6959757491447014,1.3762379079364204,0.0478808917105197,0.4980169832706451,0.9999934434890748,1.292065784598826,-0.9988042467538033,-0.0569390654563903,0.9999784231185912,0.9999970197677612,1.1596770487578287,-0.9863090000675393,0.0561569742858409,0.9999600648880004,0.9999977350234984,0.23244040500577365,-0.6170717610082778,-0.2302771806716919,0.9903785586357116,0.9999908208847046,-0.09664411932072929,-0.7658220712010589,-0.0147012500092387,0.8750137090682983,0.999993085861206,0.5552722991528548,-0.7716784282320429,0.0203954298049211,0.975261092185974,0.9999403953552246,0.25545889296747804,-1.0187473082508818,0.2115504145622253,0.8061047196388245,0.9999712705612184,0.5828518487043711,-0.7492707920270921,0.051380593329668,0.875967264175415,0.9998156428337096,0.771404848217281,-0.8792386929793174,0.2014219015836715,0.679920494556427,0.9999688863754272,0.6047770564104542,-0.6320681227778376,0.0374902859330177,0.9751769304275512,0.999711573123932,0.8015497885070313,-0.9032023080005354,0.2098940312862396,0.8551240563392639,0.9998598098754884,mediapipe,mediapipe,mediapipe,mediapipe,mediapipe,movenet,mediapipe,movenet,movenet,movenet,mediapipe,mediapipe,mediapipe,mediapipe,mediapipe,mediapipe,mediapipe,mediapipe
408,8.16,-0.8902444546959292,-0.3853064419636474,-0.4584220051765442,0.9999417066574096,0.9999885559082032,-0.1812216341495514,-0.4221536815166473,-0.4892820417881012,0.9999654293060304,0.999990701675415,0.005816128200161263,3.136975701602968,-0.4327666759490967,0.9999958276748656,0.9999986886978148,-0.005816128200161263,-3.136975701602972,-0.1042289957404136,0.9999494552612304,0.9999966621398926,0.8367488803572924,0.24985635576724957,-0.4409697651863098,0.9987837672233582,0.999980926513672,1.1247079569198313,0.4863800328004897,-0.0041457880288362,0.3382275402545929,0.999977707862854,0.49291222307708144,0.5542751622941009,-0.3607984185218811,0.997853696346283,0.999992847442627,1.700153521725603,1.3797561892472565,0.0260494984686374,0.5266518592834473,0.9999953508377076,1.3122939950886308,-1.019451842713182,-0.058220986276865,0.9999772310256958,0.999997854232788,1.1809295488291711,-1.0084836322299828,0.0574067309498786,0.9999582767486572,0.9999985694885254,0.2438990167242955,-0.5438711151500729,-0.1950273960828781,0.990536332130432,0.999992609024048,-0.08242919973128864,-0.7272308685136116,0.0224020145833492,0.864327073097229,0.9999946355819702,0.5841771238821885,-0.7280886428594022,0.0548017993569374,0.9757645726203918,0.9999505281448364,0.257321321508205,-1.0018172845109155,0.2487468719482422,0.7972419261932373,0.9999786615371704,0.615695424968012,-0.7020069708388309,0.0859194248914718,0.87945157289505,0.9998410940170288,0.7719668632845423,-0.8605037037323263,0.2380105704069137,0.6735165119171143,0.9999760389328004,0.6324136524631971,-0.5577122744349015,0.0755883529782295,0.975450873374939,0.9997491240501404,0.8063889762043254,-0.8655136949609683,0.2484951168298721,0.8494268655776978,0.9998898506164552,mediapipe,mediapipe,mediapipe,mediapipe,mediapipe,movenet,mediapipe,movenet,movenet,movenet,mediapipe,mediapipe,mediapipe,mediapipe,mediapipe,mediapipe,mediapipe,mediapipe
409,8.18,-0.9036444493630593,-0.21586017329132995,-0.4543638527393341,0.999946117401123,0.999991774559021,-0.1916792541742324,-0.4169303774833679,-0.488806664943695,0.9999679327011108,0.9999929666519164,-0.07592150083576739,3.0366415910742153,-0.4323380589485168,0.9999958872795104,0.999998927116394,0.07592150083576739,-3.0366415910742193,-0.1013765931129455,0.99995219707489,0.9999982118606568,0.8319038300982565,0.22776334484135863,-0.4400621354579925,0.998851716518402,0.99998140335083,1.1552393757025488,0.47140582456086305,-0.0008465469582006,0.351320207118988,0.999987006187439,0.5391765630374503,0.5453108329929492,-0.3565584421157837,0.9979930520057678,0.9999924898147584,1.7288285060428727,1.36302790133297,0.0268616676330566,0.5550988912582397,0.999996781349182,1.3916331048556339,-1.0940284443589914,-0.0593760684132576,0.9999765157699584,0.9999979734420776,1.2567894401556476,-1.0962830108794681,0.0585181675851345,0.999958038330078,0.999998927116394,0.2976593787581954,-0.5266822703957169,-0.1778930872678756,0.9907473921775818,0.999990940093994,-0.03641732053337064,-0.6802869467504782,0.0363442189991474,0.8527068495750427,0.9999947547912598,0.6378014062673018,-0.7439457454993627,0.0740137919783592,0.9760196208953856,0.9999457597732544,0.29689852352110824,-0.9676595153687991,0.2598950266838074,0.7834625244140625,0.999971866607666,0.6699498863974259,-0.7182078910420057,0.1057582050561904,0.8827432990074158,0.9998329877853394,0.8270477439860604,-0.8237444079019683,0.2488560825586319,0.6615982055664062,0.9999699592590332,0.6922029452307753,-0.5358408913295714,0.1005463898181915,0.9756805300712584,0.9997425675392152,0.8665895964938815,-0.808905181982414,0.2603259086608886,0.8414667248725891,0.9998692274093628,mediapipe,mediapipe,mediapipe,mediapipe,mediapipe,movenet,mediapipe,movenet,movenet,movenet,mediapipe,mediapipe,mediapipe,mediapipe,mediapipe,mediapipe,mediapipe,mediapipe
410,8.2,-0.8253818242247472,-0.305091429672433,-0.4491496980190277,0.999950349330902,0.9999918937683104,-0.1946335434913635,-0.4210244715213775,-0.4849441051483154,0.9999700784683228,0.999990463256836,-0.023547667723837894,2.8699284424700577,-0.428112119436264,0.9999958872795104,0.9999983310699464,0.023547667723837894,-2.8699284424700617,-0.097464270889759,0.9999554753303528,0.9999986886978148,0.8473794725246752,0.2126429138708957,-0.4362435638904571,0.9989082217216492,0.9999716281890868,1.1665188026051139,0.467760213793827,-0.0001077504493878,0.3839158713817596,0.9999918937683104,0.5609644814228271,0.5410101166017517,-0.3520779609680176,0.9981167912483216,0.9999896287918092,1.741353560579426,1.354913447530362,0.027213605120778,0.5948998928070068,0.999998927116394,1.4222124155237872,-1.1263982119624614,-0.0607686005532741,0.9999741911888124,0.9999958276748656,1.290169807728676,-1.1318262574048636,0.0599401667714118,0.9999569058418274,0.9999982118606568,0.3211658475903402,-0.5381051286620249,-0.1722807437181472,0.9907344579696656,0.9999805688858032,-0.010622998561833161,-0.6435810642348581,0.0405183508992195,0.8378294110298157,0.9999918937683104,0.6604237149964118,-0.7565279188718242,0.0841557383537292,0.9746997952461244,0.9998655319213868,0.3119128632523601,-0.8820934820948984,0.2619441747665405,0.7620198726654053,0.999937891960144,0.6943828226435316,-0.7321672763601712,0.1170030683279037,0.8830441236495972,0.999618649482727,0.8469497528352958,-0.7255795180332396,0.2507218420505523,0.6445316672325134,0.9999351501464844,0.7189293860122884,-0.5379340570864107,0.1173023432493209,0.9745502471923828,0.9995102882385254,0.8863714474405134,-0.6796986709536275,0.2620159089565277,0.8272686004638672,0.9997596144676208,mediapipe,mediapipe,mediapipe,mediapipe,mediapipe,movenet,mediapipe,movenet,movenet,movenet,mediapipe,mediapipe,mediapipe,mediapipe,mediapipe,mediapipe,mediapipe,mediapipe
411,8.22,-0.7501396343033782,-0.19039925419495934,-0.4461693465709686,0.9999539852142334,0.9999918937683104,-0.1937379688024521,-0.4233094155788421,-0.4814006388187408,0.9999717473983764,0.9999897480010986,0.08576139362260285,2.8123499467396904,-0.425200879573822,0.9999958276748656,0.9999982118606568,-0.08576139362260285,-2.8123499467396944,-0.0936896577477455,0.999958336353302,0.9999986886978148,0.8458553828090618,0.22346577250091418,-0.433543711900711,0.9989558458328248,0.9999725818634032,1.1662583920624916,0.4635407870484567,0.0022123211529105,0.4111895263195038,0.9999911785125732,0.5610040677599069,0.5415052561739916,-0.3483385145664215,0.9982259273529052,0.9999890327453612,-0.6403563025714244,-0.4320630943031417,0.0226241834461689,0.6305249929428101,0.9999988079071044,1.4196506924887013,-1.1279457795426076,-0.061594758182764,0.999972403049469,0.999996542930603,1.2939765098113216,-1.1319065437368048,0.0607816129922866,0.999955952167511,0.9999984502792358,0.3115947972414615,-0.5412819900829106,-0.1757078468799591,0.9907678365707396,0.999982476234436,-0.010938206221956038,-0.6206676669024282,0.0353260673582553,0.8272759318351746,0.999992609024048,0.6783683657081934,-0.7477551966239399,0.0849770903587341,0.9735990166664124,0.9998890161514282,0.3235087676186118,-0.86139020005562,0.2526225447654724,0.7437536716461182,0.9999507665634156,0.7192700626929586,-0.7176741038022169,0.1183115467429161,0.8830071687698364,0.9996851682662964,0.8618464461834611,-0.704607347843597,0.2408812791109085,0.6292033791542053,0.9999477863311768,0.746288484661689,-0.5458561545233566,0.1210653930902481,0.9736130833625792,0.9995648264884948,0.8988302738355345,-0.6452342356411773,0.2523648142814636,0.8151788711547852,0.999795138835907,mediapipe,mediapipe,mediapipe,mediapipe,mediapipe,movenet,mediapipe,mediapipe,movenet,movenet,mediapipe,mediapipe,mediapipe,mediapipe,mediapipe,mediapipe,mediapipe,mediapipe
412,8.24,-0.7541652652476778,-0.14326830700734855,-0.4444804489612579,0.999958038330078,0.999996304512024,-0.1957596093416214,-0.4252059161663055,-0.479063481092453,0.9999740719795228,0.9999955892562866,0.11247514638034008,2.6801754322207505,-0.4240458607673645,0.9999959468841552,0.999998927116394,-0.11247514638033217,-2.6801754322207545,-0.0911545008420944,0.9999614357948304,0.9999991655349731,0.838948162890669,0.2217727046252371,-0.4326778352260589,0.9990090131759644,0.9999760389328004,1.1693241489899886,0.45887423619097933,0.0039099864661693,0.4433106780052185,0.9999938011169434,0.5694052871458237,0.5446545708889282,-0.3464614748954773,0.9983351826667786,0.999991774559021,-0.6399349383835357,-0.4103044336958831,0.0178018100559711,0.6640275120735168,0.9999991655349731,1.429059941638796,-1.1370531939540267,-0.0629494041204452,0.9999722242355348,0.999997854232788,1.3081905289634679,-1.1489101010829526,0.062236052006483,0.9999569654464722,0.9999990463256836,0.3378352690512925,-0.5123539920236868,-0.1696472316980362,0.9911584854125975,0.99998939037323,0.0043990042270731665,-0.5600844218769847,0.060709998011589,0.8210886716842651,0.9999954700469972,0.7120116773940077,-0.7315634265846577,0.0931802168488502,0.9740181565284728,0.999941110610962,0.33018382396323886,-0.7573888896070885,0.2797748446464538,0.7372691631317139,0.9999691247940063,0.7549336647072036,-0.7010687399948561,0.1269005835056305,0.8869619965553284,0.9998258948326112,0.870049542463354,-0.5877474077830692,0.2678343951702118,0.6245564818382263,0.9999667406082152,0.7855285177277963,-0.488960648535197,0.1278827637434005,0.974262535572052,0.9997571110725404,0.9059873744272131,-0.5208680305905802,0.2783242464065552,0.8136311173439026,0.9998700618743896,mediapipe,mediapipe,mediapipe,mediapipe,mediapipe,movenet,mediapipe,mediapipe,movenet,movenet,mediapipe,mediapipe,mediapipe,mediapipe,mediapipe,mediapipe,mediapipe,mediapipe
413,8.26,-0.9261572713548328,-0.026968364479276957,-0.4432720243930816,0.999961793422699,0.9999969005584716,-0.1999433189630508,-0.4256514012813568,-0.478750467300415,0.9999762773513794,0.9999960660934448,0.04128663617740113,2.316057880459842,-0.4228996336460113,0.9999960660934448,0.9999990463256836,-0.04128663617740904,-2.3160578804598324,-0.0868428200483322,0.9999643564224244,0.9999992847442628,0.8418703976185286,0.19487236192197038,-0.4315582513809204,0.9990426898002625,0.9999773502349854,1.1724920497507896,0.4543190837217953,0.0074853939004242,0.4711141288280487,0.9999949932098388,0.5816990545915438,0.5408390379568235,-0.3462064862251282,0.9984098076820374,0.9999918937683104,-0.6388978648489257,-0.40440989744267647,0.0186608266085386,0.6941611766815186,0.9999992847442628,1.435156663598009,-1.1447507828220638,-0.0639808475971221,0.9999725818634032,0.9999982118606568,1.3179858457544078,-1.1585415222291129,0.063376247882843,0.999958634376526,0.9999992847442628,0.3701675716070026,-0.4888623583929889,-0.1579839438199997,0.9915348291397096,0.9999905824661256,0.016748074718326993,-0.5449254826933854,0.0701086968183517,0.818550169467926,0.9999961853027344,0.7488561305923839,-0.722061354403273,0.1081577911972999,0.9745004773139954,0.9999384880065918,0.34569422687929524,-0.7631184215935027,0.2917989194393158,0.7320329546928406,0.9999715089797974,0.7934383571393147,-0.693395114426886,0.1425410807132721,0.8908517360687256,0.9998179078102112,0.8915351487124163,-0.5981637595216082,0.2801171541213989,0.6222899556159973,0.999969482421875,0.8319981376033,-0.4737653493141104,0.1473909616470337,0.9748591184616088,0.9997418522834778,0.925652417946743,-0.5272845392693724,0.2952712178230285,0.8123563528060913,0.9998732805252076,mediapipe,mediapipe,mediapipe,mediapipe,mediapipe,movenet,mediapipe,mediapipe,movenet,movenet,mediapipe,mediapipe,mediapipe,mediapipe,mediapipe,mediapipe,mediapipe,mediapipe
414,8.28,-0.8977224662240377,-0.03271462156142071,-0.4439429938793182,0.9999653100967408,0.9999980926513672,-0.1999731212854385,-0.4268927872180938,-0.477261334657669,0.9999783635139464,0.9999974966049194,0.06579934963293751,2.204520142046458,-0.4217983484268188,0.9999961853027344,0.9999991655349731,-0.06579934963293751,-2.2045201420464617,-0.0862712785601615,0.999967098236084,0.9999994039535522,0.8567257611274238,0.17477134598761856,-0.4303211569786072,0.999090611934662,0.9999780654907228,1.1776576540208674,0.4493308260462932,0.0097084362059831,0.5009477138519287,0.9999955892562866,0.5944950385772013,0.5333181131601024,-0.3445844054222107,0.9985058307647704,0.9999929666519164,-0.6482897676289671,-0.3928460903498477,0.0194944813847541,0.7221577167510986,0.9999994039535522,1.4526656641378706,-1.1610825733992092,-0.0649307072162628,0.9999727010726928,0.9999982118606568,1.334469449360634,-1.1787353852085283,0.0643942728638649,0.9999600052833556,0.9999992847442628,0.3862201424920745,-0.4680327089686942,-0.1559609472751617,0.9920400977134703,0.9999912977218628,0.026772412106251073,-0.4937760082400395,0.0695900619029998,0.8203597664833069,0.999996542930603,0.7786087999448986,-0.7035943733931854,0.1083587929606437,0.9757515788078308,0.9999533891677856,0.3611296333243305,-0.6932564389746486,0.2875706255435943,0.735346257686615,0.9999784231185912,0.8253446887187139,-0.6735808098078324,0.1423768103122711,0.8968074321746826,0.9998615980148317,0.9116971079183755,-0.5232308276554393,0.2757697105407715,0.6275456547737122,0.999976634979248,0.8629649131813342,-0.4393328216771474,0.1451800167560577,0.9761664271354676,0.9997978806495668,0.9417341664442509,-0.4418316152762871,0.2884962856769562,0.8170320391654968,0.999897003173828,mediapipe,mediapipe,mediapipe,mediapipe,mediapipe,movenet,mediapipe,mediapipe,movenet,movenet,mediapipe,mediapipe,mediapipe,mediapipe,mediapipe,mediapipe,mediapipe,mediapipe
415,8.3,-0.9032655012595575,0.0020173446096241783,-0.443654716014862,0.999968409538269,0.999997615814209,-0.2011321485042572,-0.4279863536357879,-0.476302295923233,0.9999802112579346,0.9999969005584716,0.08661130226074575,2.0960827867539873,-0.4212323427200317,0.999996304512024,0.9999990463256836,-0.08661130226074575,-2.0960827867539913,-0.0851616561412811,0.9999695420265198,0.9999994039535522,0.8573451323891265,0.1558606640640421,-0.4295544326305389,0.9991337656974792,0.9999781847000122,1.1806894596095554,0.44869578522076853,0.0100891226902604,0.527532696723938,0.999995231628418,0.5996996223919064,0.5240287796739459,-0.3432157039642334,0.9985928535461426,0.999992609024048,-0.6523640314820106,-0.38705039810976116,0.0184799209237098,0.747155487537384,0.9999992847442628,1.4610418390438134,-1.170296308570201,-0.0655756816267967,0.9999727606773376,0.9999979734420776,1.341282708578162,-1.1854214459023735,0.0650848820805549,0.9999611377716064,0.9999991655349731,0.39223245867285506,-0.4448130173816169,-0.152973935008049,0.9924396276474,0.9999903440475464,0.03645894124746746,-0.4810990593563279,0.0756223425269126,0.8199941515922546,0.9999960660934448,0.7904555656767133,-0.6840410191020688,0.1122792288661003,0.9766011834144592,0.999941110610962,0.3763609068887911,-0.665165104921533,0.2937950491905212,0.7355158925056458,0.9999710321426392,0.8381615024530554,-0.6535784711878413,0.1464415490627288,0.9014781713485718,0.9998251795768738,0.9322547279615957,-0.4915295128791089,0.2819698452949524,0.6295920014381409,0.999968647956848,0.8758357658992362,-0.40709345717229023,0.1496651768684387,0.9770839214324952,0.999750792980194,0.9564930366700534,-0.40730640409892443,0.2943921685218811,0.819065272808075,0.9998695850372314,mediapipe,mediapipe,mediapipe,mediapipe,mediapipe,movenet,mediapipe,mediapipe,movenet,movenet,mediapipe,mediapipe,mediapipe,mediapipe,mediapipe,mediapipe,mediapipe,mediapipe
416,8.32,-0.8952501107835142,0.0846299957450569,-0.4436382055282593,0.9999713897705078,0.999998927116394,-0.203116700053215,-0.4283508956432342,-0.4754063487052917,0.9999820590019226,0.9999985694885254,0.1790076095356007,1.8942614285937558,-0.4206235408782959,0.9999964833259584,0.9999995231628418,-0.1790076095356007,-1.8942614285937596,-0.0839653313159942,0.9999719858169556,0.9999996423721312,0.8694294799251674,0.14750935670806903,-0.4288890361785888,0.999193549156189,0.9999850988388062,1.186325543402369,0.44013287914887406,0.011872730217874,0.5574578642845154,0.9999964237213136,0.6039755514884305,0.5155635577709121,-0.3418135643005371,0.998697817325592,0.9999953508377076,-0.6502064101985973,-0.38235751359040654,0.0171866994351148,0.7704182863235474,0.9999994039535522,1.4761100985891769,-1.183871736575792,-0.0665264651179313,0.9999734163284302,0.9999983310699464,1.3521474600003747,-1.1993876107356838,0.0660996362566948,0.9999627470970154,0.9999992847442628,0.41613961967239843,-0.4128530444576447,-0.1475017219781875,0.993020474910736,0.9999933242797852,0.0450804575262694,-0.47689981898044304,0.0871553644537925,0.8274392485618591,0.9999971389770508,0.8140276369608437,-0.6611973378050763,0.118318997323513,0.978233814239502,0.9999606609344482,0.38919722140957097,-0.6547412013767555,0.3098276555538177,0.746700644493103,0.999979853630066,0.8621988561894247,-0.6304058202724062,0.1526074856519699,0.9083189964294434,0.99988055229187,0.9503685527297937,-0.4796475332754376,0.2982707023620605,0.6433982849121094,0.9999779462814332,0.8943077698586627,-0.37184797811667125,0.1549019664525985,0.9787172079086304,0.9998254179954528,0.973223431335274,-0.39367435936569645,0.3105609714984894,0.8283451795578003,0.9999046325683594,mediapipe,mediapipe,mediapipe,mediapipe,mediapipe,movenet,mediapipe,mediapipe,movenet,movenet,mediapipe,mediapipe,mediapipe,mediapipe,mediapipe,mediapipe,mediapipe,mediapipe
417,8.34,-0.8676771971551076,0.11489198969223632,-0.4433320760726928,0.9999738931655884,0.9999980926513672,-0.2046220153570175,-0.4288599789142608,-0.474706768989563,0.999983549118042,0.9999977350234984,0.2338261010298151,1.5993790373780898,-0.4201389849185943,0.9999966621398926,0.9999992847442628,-0.2338261010298151,-1.5993790373780938,-0.083638958632946,0.9999738931655884,0.9999992847442628,0.8961525599036767,0.1317952576982326,-0.4283124208450317,0.9992364645004272,0.9999828338623048,1.1908276547553835,0.427658897237429,0.0113520212471485,0.579688549041748,0.9999940395355223,0.6126126162328359,0.5047755975684547,-0.3413177728652954,0.9987884163856506,0.9999959468841552,-0.6451103782721934,-0.37842321729567135,0.0100291837006807,0.7904640436172485,0.9999991655349731,1.4897222161029062,-1.1957494109287041,-0.0668023526668548,0.9999732971191406,0.9999977350234984,1.3609452578424266,-1.2112654861747985,0.0664532110095024,0.9999632835388184,0.999998927116394,0.48155819652509774,-0.36359193162363335,-0.1516401916742324,0.9933212399482728,0.9999920129776,0.06856150270679065,-0.45776296216334555,0.0790280625224113,0.8292275071144104,0.9999959468841552,0.8405482976249152,-0.5995472773305875,0.1054612025618553,0.9792055487632751,0.9999393224716188,0.42928841549967245,-0.6301971850874435,0.294854998588562,0.7533002495765686,0.9999752044677734,0.8836632184918107,-0.566055021426969,0.1386025249958038,0.9126893877983092,0.9998149275779724,1.0027356240040022,-0.4541944658212435,0.2827870845794678,0.6528551578521729,0.9999719858169556,0.902877473998892,-0.33636211695753393,0.1358868777751922,0.9797153472900392,0.999761998653412,1.020160777601352,-0.3800578349984919,0.2915460765361786,0.8341847658157349,0.9998893737792968,mediapipe,mediapipe,mediapipe,mediapipe,mediapipe,movenet,mediapipe,mediapipe,movenet,movenet,mediapipe,mediapipe,mediapipe,mediapipe,mediapipe,mediapipe,mediapipe,mediapipe
418,8.36,-0.7737743971517103,0.2487517808493829,-0.4401647746562958,0.9999761581420898,0.9999980926513672,-0.207890436053276,-0.4363126754760742,-0.4677550494670868,0.9999849200248718,0.999997854232788,0.25321775279200887,1.0435958213822758,-0.4184801578521728,0.999996781349182,0.9999992847442628,-0.253217752792001,-1.0435958213822651,-0.0751688554883003,0.9999753832817078,0.999998927116394,0.9222182915269344,0.09722144689655811,-0.428036093711853,0.999284327030182,0.9999841451644896,-1.2373521444898983,-1.5144507368075586,0.0116823194548487,0.6019157767295837,0.9999918937683104,0.6239067859172764,0.4784993356903939,-0.3405979573726654,0.9988845586776732,0.9999969005584716,-0.6370445168738855,-0.37108264304194727,-0.0006580429617315,0.8086841106414795,0.9999990463256836,1.494459277182569,-1.200632383316035,-0.0673636272549629,0.9999722242355348,0.9999964237213136,1.3640398236294349,-1.2145555603476539,0.0670995637774467,0.999962329864502,0.9999980926513672,0.5485610310143346,-0.32908058259473183,-0.1554418355226516,0.9935623407363892,0.9999898672103882,0.08669268059934973,-0.43704811715638064,0.0782263576984405,0.8290470242500305,0.9999940395355223,0.8737585093743087,-0.5407428242441591,0.1004469916224479,0.9801289439201356,0.9999117851257324,0.4602731278420571,-0.5782285563819138,0.2836045920848846,0.7592852115631104,0.9999614953994752,0.911901197772095,-0.5057840066004643,0.1355211436748504,0.9169617295265198,0.9997231364250184,1.0450643941458686,-0.39648102757256604,0.2706831693649292,0.6626082062721252,0.9999551773071288,0.9200870863893226,-0.32316833559688785,0.1314287781715393,0.980667769908905,0.9996949434280396,1.0521336076080257,-0.34552731422580885,0.2779274880886078,0.8394204378128052,0.9998557567596436,mediapipe,mediapipe,mediapipe,mediapipe,mediapipe,mediapipe,mediapipe,mediapipe,movenet,movenet,mediapipe,mediapipe,mediapipe,mediapipe,mediapipe,mediapipe,mediapipe,mediapipe
419,8.38,-0.7190535192575038,0.23465869128219483,-0.4357884526252746,0.9999783039093018,0.9999986886978148,-0.2142917811870575,-0.4393479526042938,-0.4607746601104736,0.9999862313270568,0.9999983310699464,0.3032660848557372,0.7811344830398493,-0.4157079458236694,0.9999969601631165,0.9999995231628418,-0.3032660848557372,-0.7811344830398396,-0.066182866692543,0.9999769926071168,0.9999992847442628,0.9485418111504708,0.07072480926591113,-0.4254110157489776,0.9993319511413574,0.9999880790710448,-1.2408943840366666,-1.5084199513856176,0.0125504750758409,0.6255670189857483,0.9999946355819702,0.6299292062999716,0.454689690247746,-0.3395361006259918,0.9989768266677856,0.999997854232788,-0.6248792616196011,-0.37483685478925804,-0.0048224898055195,0.8259252905845642,0.9999994039535522,1.5417166273153726,-1.2449451018314392,-0.0679133161902427,0.9999712109565736,0.999996304512024,1.404930109767622,-1.2659718063264187,0.0677455812692642,0.9999614953994752,0.9999982118606568,0.6023700842722327,-0.32449323325292806,-0.1568039804697036,0.9938653111457824,0.999990940093994,0.11524393134851253,-0.43226283904144785,0.0805687606334686,0.8280088901519775,0.9999948740005492,0.9198294802915744,-0.49499350298398176,0.0985447093844413,0.9812085032463074,0.9999254941940308,0.4913010702903467,-0.5471095149502163,0.2808887660503387,0.7651379704475403,0.9999653100967408,0.9566080189738825,-0.4560742823735352,0.1302226185798645,0.9216564893722534,0.9997684359550476,1.0881363947532021,-0.36074744326850355,0.2671954929828644,0.6714598536491394,0.9999610185623168,0.9637251338738835,-0.30207534650685786,0.1167079880833625,0.9817857146263124,0.9997597336769104,1.0844179583789704,-0.3382286388214491,0.2720362842082977,0.8449097871780396,0.9998829364776612,mediapipe,mediapipe,mediapipe,mediapipe,mediapipe,mediapipe,mediapipe,mediapipe,movenet,movenet,mediapipe,mediapipe,mediapipe,mediapipe,mediapipe,mediapipe,mediapipe,mediapipe
420,8.4,-0.6926002118880946,0.1506717739350002,-0.4115399420261383,0.9999796748161316,0.9999966621398926,-0.2158087641000747,-0.4543942213058471,-0.4361358880996704,0.999987006187439,0.999996304512024,0.40202667624339794,0.04693465637540999,-0.3982968628406524,0.9999970197677612,0.9999991655349731,-0.40202667624339794,-0.0469346563754139,-0.0433414094150066,0.9999781847000122,0.999998927116394,0.9589156812693147,0.040284902613315604,-0.4067834615707397,0.9993533492088318,0.9999876022338868,-1.246363555849015,-1.4916351753278623,0.0312420669943094,0.6415548324584961,0.9999939203262328,0.62889165678279,0.44485577830168554,-0.3176743984222412,0.9990413188934326,0.9999974966049194,-0.6190252531335135,-0.36046571245538217,-0.0029303219635039,0.8405799865722656,0.9999994039535522,1.52039293411396,-1.2261839358580655,-0.0680032819509506,0.9999697804450988,0.9999957084655762,1.3854316136195997,-1.2398105266993864,0.0678537487983703,0.9999601244926452,0.9999977350234984,0.6159349967722454,-0.2753658236984747,-0.160778671503067,0.993840515613556,0.9999879598617554,0.12707369364045473,-0.38092658532076196,0.0723909884691238,0.8256756067276001,0.999992847442627,0.9718161441739371,-0.45799176938504466,0.0870350822806358,0.9813461303710938,0.9998993873596193,0.5048298177044954,-0.5009851149594052,0.2773670554161072,0.7661997675895691,0.999959111213684,1.010703754525999,-0.42220219246217255,0.1161850541830062,0.9224171042442322,0.99971204996109,1.1043198143856392,-0.3144567481103371,0.2647745311260223,0.6738793849945068,0.9999566078186036,0.9919560455051771,-0.2694593690047389,0.0994246378540992,0.9820321798324584,0.9997333884239196,1.118906524713803,-0.297328121504394,0.2701721787452698,0.8463699817657471,0.9998772144317628,mediapipe,mediapipe,mediapipe,mediapipe,mediapipe,mediapipe,mediapipe,mediapipe,movenet,movenet,mediapipe,mediapipe,mediapipe,mediapipe,mediapipe,mediapipe,mediapipe,mediapipe
421,8.42,-0.6308802541382087,0.2112474754496166,-0.3939124345779419,0.9999810457229614,0.999996542930603,-0.2195772230625152,-0.4637876451015472,-0.4166950285434723,0.999987781047821,0.9999961853027344,0.36210283952677386,-0.502450792526325,-0.379834920167923,0.999997079372406,0.9999991655349731,-0.36210283952677386,0.5024507925263211,-0.0247541088610887,0.9999790787696838,0.9999985694885254,0.9808524659384928,0.00395455824154625,-0.3886106312274933,0.9993669390678406,0.9999862909317015,-1.2571224056677397,-1.4797857586943206,0.0468787737190723,0.6581440567970276,0.9999918937683104,0.6400761783718221,0.42285136679832497,-0.2997888028621673,0.9991032481193542,0.999997854232788,-0.6174919838236459,-0.3561407585443118,0.0005550876958295,0.8542456030845642,0.9999991655349731,1.5180937359544249,-1.2275545506847507,-0.068052053451538,0.9999668598175048,0.999993085861206,1.382316825860097,-1.2316320085890724,0.0679258927702903,0.9999567866325378,0.9999961853027344,0.6404443753380838,-0.25204787594124184,-0.1634721457958221,0.9936822652816772,0.9999837875366212,0.14492503693869016,-0.3593966003426068,0.0669649764895439,0.8213959336280823,0.99998939037323,1.0075050146089903,-0.40475603706402274,0.0655094310641288,0.9813599586486816,0.9998544454574584,0.5172792091351245,-0.4759355852319479,0.2661668956279754,0.7656797170639038,0.99993896484375,1.0448564511394642,-0.3684881100240871,0.0920185819268226,0.9231498837471008,0.9995682835578918,1.1194670222685303,-0.29032549870385466,0.2504780888557434,0.6758642196655273,0.9999340772628784,1.0101342386920669,-0.24282132901038492,0.0702542141079902,0.9822227358818054,0.9996198415756226,1.1384163795445885,-0.28989694016238093,0.2514111399650574,0.8471002578735352,0.99982750415802,mediapipe,mediapipe,mediapipe,mediapipe,mediapipe,mediapipe,mediapipe,mediapipe,movenet,movenet,mediapipe,mediapipe,mediapipe,mediapipe,mediapipe,mediapipe,mediapipe,mediapipe
422,8.44,-0.6135586776802275,0.29064150339345607,-0.3800837993621826,0.9999823570251464,0.9999971389770508,-0.2193405330181121,-0.4762622416019439,-0.4042505323886871,0.999988615512848,0.9999970197677612,0.32920137569423935,-0.9650374654658015,-0.3682799935340881,0.9999971985816956,0.9999994039535522,-0.32920137569423935,0.9650374654658118,-0.0124338828027248,0.9999801516532898,0.9999990463256836,0.9708941879353906,-0.052692182863317054,-0.3771480917930603,0.999392032623291,0.9999896287918092,-1.2508889230776832,-1.4652688231626323,0.0579974502325058,0.6731696724891663,0.9999934434890748,0.6312239892333891,0.3975751180832826,-0.289646714925766,0.9991661906242372,0.9999982118606568,-0.6184036086996708,-0.3505436521287684,0.0011937927920371,0.8668371438980103,0.9999994039535522,1.4715785709402418,-1.1881487669130228,-0.0681092962622642,0.9999656677246094,0.9999951124191284,1.3424663225420779,-1.1770382482624964,0.0680175125598907,0.9999553561210632,0.9999972581863404,0.6554178586619459,-0.20049513007920314,-0.1654091030359268,0.9938458204269408,0.9999858140945436,0.1426958889385165,-0.31110432891904644,0.0633819848299026,0.8247154951095581,0.9999899864196776,1.0276900398470137,-0.3559655806304427,0.0629576966166496,0.981792688369751,0.999858021736145,0.5208393203481299,-0.4391387451940947,0.2619812488555908,0.7690563797950745,0.9999414682388306,1.0644341764294563,-0.3228534400170822,0.0896812006831169,0.9250888228416444,0.9995865225791932,1.1271198895846046,-0.2555647644834074,0.2452219724655151,0.6811949610710144,0.9999366998672484,1.0149877144588095,-0.19755378247868005,0.0697050914168357,0.98271644115448,0.9996180534362792,1.1609675838180509,-0.24832515220325155,0.2473842352628708,0.850062370300293,0.9998291730880736,mediapipe,mediapipe,mediapipe,mediapipe,mediapipe,mediapipe,mediapipe,mediapipe,movenet,movenet,mediapipe,mediapipe,mediapipe,mediapipe,mediapipe,mediapipe,mediapipe,mediapipe
423,8.46,-0.5961650602844287,0.3572658694367418,-0.3668547570705414,0.9999834299087524,0.9999970197677612,-0.2263258993625641,-0.4832474291324615,-0.394132137298584,0.9999892711639404,0.9999966621398926,0.16685769861294486,-1.3059679890010936,-0.357350617647171,0.9999972581863404,0.9999994039535522,-0.16685769861294486,1.3059679890011038,-0.0019143240060657,0.9999808669090272,0.9999986886978148,1.001773785556784,-0.06327051259461569,-0.3663792610168457,0.9993714690208436,0.9999865293502808,-1.2496398631251748,-1.4589286396430126,0.0644605681300163,0.6839835047721863,0.9999921321868896,0.6473069041962748,0.4014528609405911,-0.2806062996387481,0.99919855594635,0.9999979734420776,-0.6094013816998058,-0.3613033993264675,0.0030956056434661,0.877886176109314,0.9999992847442628,1.4740272179432479,-1.1929178162188132,-0.0680852904915809,0.9999632835388184,0.999994158744812,1.3464253406644984,-1.1789868972633921,0.0679951310157775,0.9999527335166932,0.9999966621398926,0.7217364831236208,-0.15217003826836567,-0.1665745377540588,0.9935385584831238,0.999984622001648,0.1747736287902787,-0.26918627452617605,0.0617921873927116,0.8215960264205933,0.9999895095825196,1.066127979551447,-0.293984473823634,0.0436725430190563,0.9817065000534058,0.9998434782028198,0.5506063880865983,-0.39223838717327847,0.2380517125129699,0.7682567238807678,0.9999408721923828,1.0971280068697595,-0.26371924320990003,0.0680287331342697,0.9251909852027892,0.9995162487030028,1.1658593413005947,-0.20964767820452276,0.218941330909729,0.6831437945365906,0.9999324083328248,1.0380653983972987,-0.19614219059819468,0.0417841672897338,0.982801079750061,0.9996079802513124,1.199822439462163,-0.23471991807046375,0.2169972211122512,0.8507128953933716,0.9998340606689452,mediapipe,mediapipe,mediapipe,mediapipe,mediapipe,mediapipe,mediapipe,mediapipe,movenet,movenet,mediapipe,mediapipe,mediapipe,mediapipe,mediapipe,mediapipe,mediapipe,mediapipe
424,8.48,-0.601794010116762,0.2545875208613515,-0.3592947125434875,0.9999845623970032,0.9999977350234984,-0.2281632274389267,-0.491832435131073,-0.3877386152744293,0.9999899864196776,0.999997615814209,0.14337585046270554,-1.5892423590187819,-0.3536724746227264,0.99999737739563,0.9999996423721312,-0.14337585046270554,1.5892423590187779,0.003647698322311,0.999981701374054,0.9999990463256836,1.0059958378367742,-0.09531612272905224,-0.3625181913375854,0.9993788599967957,0.9999908208847046,-1.2480946810123204,-1.4531499004224637,0.0686202421784401,0.694899320602417,0.9999942779541016,0.6437642266265601,0.38943173000163817,-0.2753251492977142,0.9992403984069824,0.9999985694885254,-0.6074766483247207,-0.36581667368928755,0.0034178916830569,0.8878892064094543,0.9999994039535522,1.4549632221362412,-1.1779650322053978,-0.0681910812854766,0.999962568283081,0.9999959468841552,1.3315009092823349,-1.157218075431074,0.0681364759802818,0.9999517798423768,0.999997615814209,0.7673352318299879,-0.09965022206165482,-0.1663866639137268,0.9935206770896912,0.9999889135360718,0.19007222680768782,-0.23508577596025695,0.062731347978115,0.8198367357254028,0.9999921321868896,1.086744830838257,-0.23744665794983771,0.0435393750667572,0.9818539023399352,0.9998865127563475,0.5538992515654114,-0.3552762467832675,0.2396260201930999,0.7697986364364624,0.9999560117721558,1.1140198548801112,-0.20766093827695417,0.0686580464243888,0.9258713722229004,0.999660849571228,1.1689929630583427,-0.16977790230615103,0.220307394862175,0.68717360496521,0.9999512434005736,1.0450086384332087,-0.13818382701044002,0.0446710735559463,0.98308128118515,0.9997151494026184,1.2011011929144497,-0.19704979081244584,0.2181172370910644,0.8530033230781555,0.999876856803894,mediapipe,mediapipe,mediapipe,mediapipe,mediapipe,mediapipe,mediapipe,mediapipe,movenet,movenet,mediapipe,mediapipe,mediapipe,mediapipe,mediapipe,mediapipe,mediapipe,mediapipe
425,8.5,-0.5444515724913944,0.18278462481852545,-0.3475433588027954,0.9999851584434508,0.9999964237213136,-0.2283372730016708,-0.4987627863883972,-0.3757738769054413,0.9999902248382568,0.9999954700469972,0.10953536346841827,-1.8079466320505957,-0.3415779769420624,0.99999737739563,0.9999991655349731,-0.10953536346841827,1.807946632050592,0.0132414661347866,0.9999821186065674,0.9999985694885254,1.011614728880478,-0.09781333424130838,-0.3496753275394439,0.9993242621421814,0.9999845027923584,-1.25861986771739,-1.4467406597328762,0.0713983699679374,0.7029827237129211,0.9999922513961792,0.6461018591581426,0.39548836699333045,-0.2634344100952148,0.9992364645004272,0.999997615814209,-0.6045929182443492,-0.3641503080223619,0.004655014257878,0.8965062499046326,0.9999992847442628,1.4413821759381826,-1.1688242571175222,-0.0681574866175651,0.9999599456787108,0.9999939203262328,1.3226450516371662,-1.1422149914704642,0.0681193545460701,0.9999491572380066,0.999996781349182,0.834621322774305,-0.0655298818189513,-0.1667489856481552,0.9929621815681458,0.9999818801879884,0.20547067196501861,-0.21395696724558605,0.0560141205787658,0.8123118281364441,0.999988317489624,1.1127012541986576,-0.15598093908118388,0.0176211968064308,0.9813985228538512,0.9997987151145936,0.5652253486549046,-0.307397268383145,0.2169450372457504,0.765433132648468,0.9999351501464844,1.1326696025101433,-0.12316371216041692,0.0404308252036571,0.9246159195899964,0.9993896484375,1.1833234284906344,-0.11789139766455997,0.1968256086111068,0.6853673458099365,0.9999256134033204,1.0544475733031253,-0.1016481109688541,0.0049631423316895,0.9827991724014282,0.9995236396789552,1.2215024733823572,-0.16756406182413822,0.1879192888736724,0.8510999083518982,0.9998257756233216,mediapipe,mediapipe,mediapipe,mediapipe,mediapipe,mediapipe,mediapipe,mediapipe,movenet,movenet,mediapipe,mediapipe,mediapipe,mediapipe,mediapipe,mediapipe,mediapipe,mediapipe
426,8.52,-0.5508798838153071,0.1765161574445742,-0.3459702730178833,0.999985694885254,0.9999964237213136,-0.227369874715805,-0.5038817524909973,-0.3765745759010315,0.9999905228614808,0.999996304512024,0.10789538522644215,-1.9054660150566398,-0.3427883386611938,0.9999974966049194,0.9999994039535522,-0.10789538522643523,1.9054660150566496,0.0132530555129051,0.9999827146530152,0.9999986886978148,1.0102977487734368,-0.09938721620085848,-0.3515194058418274,0.9993058443069458,0.9999881982803344,-1.2582568350196697,-1.4450366914505621,0.0728345960378646,0.7094322443008423,0.9999924898147584,0.6437330612842999,0.39886504119366156,-0.2655329406261444,0.9992526769638062,0.9999982118606568,-0.6082257908461864,-0.3654772063107215,0.0050010117702186,0.904470920562744,0.9999994039535522,1.4169963837576063,-1.14832132902716,-0.0681421682238578,0.9999591708183287,0.9999955892562866,1.3034269174841033,-1.116248507344074,0.0681015700101852,0.9999483823776244,0.9999972581863404,0.8762031758196942,-0.015728367238920488,-0.1664782166481018,0.9925681948661804,0.9999855756759644,0.21763752955842414,-0.18601821485688114,0.0551032572984695,0.8099509477615356,0.9999898672103882,1.1443519474974302,-0.09867506228039997,0.0222327280789613,0.981027603149414,0.9998533725738524,0.5745019316988227,-0.2515596157764546,0.2165270298719406,0.7656188607215881,0.9999459981918336,1.1624840344654235,-0.06712972238615988,0.0466808751225471,0.9234417080879213,0.9995713829994202,1.1960854504412646,-0.05543148051609026,0.1974353492259979,0.6871709823608398,0.9999390840530396,1.1046432488366071,-0.03741179130855447,0.0168656017631292,0.9825866222381592,0.999630093574524,1.2516135352850093,-0.0871171705441421,0.1907755136489868,0.8521358370780945,0.9998410940170288,mediapipe,mediapipe,mediapipe,mediapipe,mediapipe,mediapipe,mediapipe,mediapipe,movenet,movenet,mediapipe,mediapipe,mediapipe,mediapipe,mediapipe,mediapipe,mediapipe,mediapipe
427,8.54,-0.5990518596065015,0.24760822400601057,-0.3481929898262024,0.9999866485595704,0.9999982118606568,-0.2257901579141616,-0.5075611472129822,-0.3770570456981659,0.9999911189079284,0.999997854232788,0.10566253189160954,-1.8703658730741919,-0.3404892683029175,0.9999975562095642,0.9999995231628418,-0.10566253189160954,1.870365873074188,0.0129947336390614,0.999983251094818,0.9999988079071044,1.0144682391249829,-0.0942716646229853,-0.3492117822170257,0.9992986917495728,0.9999896287918092,-1.2579166207237011,-1.445600397464529,0.0706211403012275,0.716448962688446,0.9999929666519164,0.6500993805010905,0.39762314692823497,-0.2635590434074402,0.9992734789848328,0.9999983310699464,-0.6034256507697903,-0.37157816801646154,0.0048931972123682,0.9114913940429688,0.9999994039535522,1.3975281322887882,-1.132225647537927,-0.0679902955889701,0.9999589323997498,0.9999964237213136,1.2872071541605756,-1.0942985316552085,0.0679921582341194,0.999948024749756,0.999997854232788,0.8855776478691856,0.020095560139856222,-0.1654694080352783,0.9924138784408568,0.9999880790710448,0.230997764284219,-0.14657121659106723,0.0512919090688228,0.8103037476539612,0.9999918937683104,1.1703411716495502,-0.04729074170443203,0.0226675458252429,0.9811405539512634,0.9998722076416016,0.5935109380082519,-0.17992243959785612,0.2087080478668213,0.7683122754096985,0.9999523162841796,1.189691762206955,-0.016309007364948697,0.0469839014112949,0.9239968061447144,0.9995964169502258,1.2233820006244454,0.023794644828186596,0.189175546169281,0.6920187473297119,0.9999419450759888,1.1425318188754625,0.001923463347763948,0.0168645344674587,0.9828190803527832,0.9996473789215088,1.2687049837196327,-0.01315416555036556,0.1809216439723968,0.8550463318824768,0.9998481273651124,mediapipe,mediapipe,mediapipe,mediapipe,mediapipe,mediapipe,mediapipe,mediapipe,movenet,movenet,mediapipe,mediapipe,mediapipe,mediapipe,mediapipe,mediapipe,mediapipe,mediapipe
428,8.56,-0.5855393482576239,0.3485393547446974,-0.342708557844162,0.9999871253967284,0.99999737739563,-0.2246169447898864,-0.5117573738098145,-0.3748481869697571,0.9999912977218628,0.9999970197677612,0.11613896095959168,-1.8309482880376997,-0.3387297987937927,0.999997615814209,0.9999995231628418,-0.11613896095959168,1.830948288037696,0.0138252172619104,0.9999840259552002,0.999998927116394,1.0358432998621465,-0.0653964486761386,-0.3482435643672943,0.9991921186447144,0.9999897480010986,-1.2560034237405926,-1.4421882229642022,0.0688030049204826,0.7172885537147522,0.9999935626983644,0.6657320933878617,0.4049214914547765,-0.2631944119930267,0.99922376871109,0.9999980926513672,-0.5995608425151708,-0.36698246570201415,0.0039383484981954,0.9171003103256226,0.9999994039535522,1.3821515516596434,-1.1194846206986773,-0.0674981921911239,0.9999588131904602,0.999996781349182,1.274814633385111,-1.0776409708285248,0.0675723627209663,0.9999483823776244,0.9999980926513672,0.8961631134802291,0.06360322335453461,-0.1606125682592392,0.989841878414154,0.9999865293502808,0.30373986235178185,-0.11681760823750656,0.047376200556755,0.7946927547454834,0.9999921321868896,1.1690415994537324,0.006284889283748831,0.0251376219093799,0.9772903919219972,0.9998559951782228,0.6009864248720403,-0.09550518198082725,0.1931755989789962,0.7558029890060425,0.9999402761459352,1.1879363973471286,0.0347925476873424,0.0501740761101245,0.9148948192596436,0.999562442302704,1.227641524263978,0.1197503774164389,0.1722307950258255,0.6817218065261841,0.9999240636825562,1.1634975292696352,0.03464483075023681,0.0205659624189138,0.9802795648574828,0.9996509552001952,1.2799192206088814,0.0576379332697508,0.1568132638931274,0.8490278124809265,0.9998243451118468,mediapipe,mediapipe,mediapipe,mediapipe,mediapipe,mediapipe,mediapipe,mediapipe,movenet,movenet,mediapipe,mediapipe,mediapipe,mediapipe,mediapipe,mediapipe,mediapipe,mediapipe
429,8.58,-0.6289128918520004,0.2760754531978695,-0.3435448408126831,0.9999879598617554,0.999997854232788,-0.2242421954870224,-0.5162995457649231,-0.3744544386863708,0.9999918341636658,0.9999979734420776,0.16613610500512443,-1.7498291114680382,-0.3375189900398254,0.9999977350234984,0.9999997615814208,-0.16613610500512443,1.7498291114680342,0.0147586856037378,0.999984860420227,0.9999991655349731,1.0665988684223258,-0.06091061070940202,-0.3476122915744781,0.9992083311080932,0.9999929666519164,-1.2590236524352687,-1.4413927224041783,0.073038600385189,0.7278875112533569,0.9999946355819702,0.6711466519844331,0.38850433054633476,-0.2648890912532806,0.9992651343345642,0.999998927116394,-0.5920075565417545,-0.37876601431973256,0.0076719825156033,0.9238343834877014,0.9999996423721312,1.362475421350515,-1.1026210060024917,-0.0673743486404419,0.9999597072601318,0.9999970197677612,1.2592153903497438,-1.0574771019340752,0.0674671307206153,0.9999495148658752,0.9999982118606568,0.8782593134200596,0.08120651562660493,-0.1594131290912628,0.9900988936424256,0.9999921321868896,0.3084032941214205,-0.09917633714077217,0.0471515581011772,0.8026186227798462,0.9999948740005492,1.172795378821981,0.030641497053491024,0.0305054504424333,0.9779455661773682,0.9999173879623412,0.589527900444995,-0.043258818036129215,0.1981022208929062,0.7667838931083679,0.99996018409729,1.1947147682702397,0.05801610852109483,0.0547199472784996,0.9162980914115906,0.9997273087501526,1.2119454904842923,0.18087093219289024,0.1782883107662201,0.6933022737503052,0.9999475479125975,1.1690119664003522,0.06884490292127105,0.0219234861433506,0.9809651374816896,0.9997499585151672,1.2696536100689426,0.12194583035351067,0.1662018448114395,0.8568609356880188,0.9998564720153807,mediapipe,mediapipe,mediapipe,mediapipe,mediapipe,mediapipe,mediapipe,mediapipe,movenet,movenet,mediapipe,mediapipe,mediapipe,mediapipe,mediapipe,mediapipe,mediapipe,mediapipe
430,8.6,-0.6419710978764412,0.27036494026032015,-0.3306505680084228,0.9999884366989136,0.9999969005584716,-0.2221905589103698,-0.5274502038955688,-0.3628042638301849,0.9999921321868896,0.9999966621398926,0.2175582794693736,-1.869442394615408,-0.3285371363162994,0.9999977946281432,0.9999995231628418,-0.2175582794693736,1.869442394615404,0.0222627110779285,0.99998539686203,0.9999988079071044,1.0976570854934318,-0.05232452061880859,-0.342324435710907,0.9991838335990906,0.999990463256836,-1.2702115964382934,-1.4354014845357128,0.0743557512760162,0.7355294823646545,0.9999936819076538,0.6826042803190101,0.38883589755923303,-0.2609661817550659,0.9992695450782776,0.9999985694885254,-0.5854944271780308,-0.37631852373728986,0.0076600951142609,0.9294268488883972,0.9999995231628418,1.302041310918557,-1.0501401645281516,-0.0671561285853385,0.9999605417251588,0.9999971389770508,1.2099427927169764,-0.9958155259300643,0.0672764927148819,0.9999504685401917,0.9999982118606568,0.8697003616143907,0.12793212016144143,-0.1601352840662002,0.9900833368301392,0.9999918937683104,0.3165071844823886,-0.0471415712959293,0.0469995997846126,0.805942714214325,0.9999946355819702,1.1882304903843641,0.10114327993800143,0.0300741512328386,0.978233277797699,0.999913215637207,0.5871100078584592,0.03309350248412748,0.1983167082071304,0.7742794752120972,0.9999610185623168,1.2121043843714543,0.12786343662916377,0.0540515407919883,0.9164119362831116,0.9997076392173768,1.2062276218984147,0.2645825763150715,0.1780288070440292,0.7020964026451111,0.9999479055404664,1.1925570894667592,0.1309487618250832,0.0202738922089338,0.9813475012779236,0.9997392296791076,1.2381669472660404,0.1986261688744284,0.1645039469003677,0.8625497221946716,0.9998644590377808,mediapipe,mediapipe,mediapipe,mediapipe,mediapipe,mediapipe,mediapipe,mediapipe,movenet,movenet,mediapipe,mediapipe,mediapipe,mediapipe,mediapipe,mediapipe,mediapipe,mediapipe
431,8.62,-0.6598785223699091,0.36473815570159224,-0.3334454298019409,0.9999891519546508,0.9999983310699464,-0.2175292521715164,-0.5302074551582336,-0.3643796443939209,0.999992609024048,0.9999979734420776,0.2567828485312738,-1.7873715960964331,-0.3264764845371246,0.9999979138374328,0.9999997615814208,-0.2567828485312738,1.7873715960964291,0.0209647808223962,0.9999861121177672,0.9999992847442628,1.141111496760003,-0.0467836852058899,-0.3380650281906128,0.9991861581802368,0.9999927282333374,-1.2802368056816704,-1.4306033224820696,0.0736350566148758,0.7446210384368896,0.9999951124191284,0.7190132458745336,0.4055884230451892,-0.2562645375728607,0.9992878437042236,0.9999988079071044,-0.5883530877779792,-0.36220852864857966,0.0078661600127816,0.934978187084198,0.9999996423721312,1.25390603137758,-1.0076194386297987,-0.0664086788892746,0.9999621510505676,0.9999983310699464,1.1698340223371515,-0.9477370156269885,0.0665916204452514,0.9999524354934692,0.999998927116394,0.8902182973219801,0.18257442005267568,-0.1598280072212219,0.9903383255004884,0.9999936819076538,0.304351576211912,0.011001780231482497,0.0372233465313911,0.8151348829269409,0.999996304512024,1.2242395295916868,0.20609753968613004,0.0307313036173582,0.9790012240409852,0.9999407529830932,0.5886431496982053,0.1236682828336988,0.1868629604578018,0.7858406901359558,0.999975323677063,1.2480084762185244,0.2346908909546492,0.0553482770919799,0.9176375269889832,0.9997962117195128,1.2101156350341042,0.3628149449287494,0.1660923808813095,0.7142387628555298,0.9999655485153198,1.2428220820520692,0.24185901460238804,0.0233497023582458,0.98207288980484,0.9997976422309875,1.2198551512272764,0.3075501610124973,0.1498055160045623,0.8704093098640442,0.9998947381973268,mediapipe,mediapipe,mediapipe,mediapipe,mediapipe,mediapipe,mediapipe,mediapipe,movenet,movenet,mediapipe,mediapipe,mediapipe,mediapipe,mediapipe,mediapipe,mediapipe,mediapipe
432,8.64,-0.762204865337583,0.19773632500703422,-0.3144378960132599,0.9999898672103882,0.9999985694885254,-0.2121698856353759,-0.5375223755836487,-0.3536152243614197,0.999993085861206,0.9999982118606568,0.1325311814225752,-1.6303247975059818,-0.3180654644966125,0.9999980330467224,0.9999997615814208,-0.1325311814225752,1.630324797505978,0.0318896360695362,0.99998676776886,0.9999992847442628,1.1215991153471965,-0.01793625691276059,-0.3320242762565613,0.9991926550865172,0.9999938011169434,-1.289360663151714,-1.4304266488496689,0.0813683122396469,0.7555538415908813,0.9999961853027344,0.7160566366798249,0.4172219659269782,-0.2473713755607605,0.9993160367012024,0.9999992847442628,-0.5887456271902434,-0.36416995673228625,0.0124261230230331,0.9404191374778748,0.9999997615814208,1.184203499444104,-0.9471476485775185,-0.0663293972611427,0.9999639987945556,0.9999986886978148,1.1103642153602538,-0.8770577905737396,0.0665218606591224,0.999954640865326,0.9999991655349731,0.9351709046862134,0.24251092168920688,-0.1580953747034073,0.9906570911407472,0.9999953508377076,0.2620324351346948,0.04286697487363491,0.0369674526154994,0.8226924538612366,0.9999970197677612,1.239397811166457,0.3204299094940107,0.0260449890047311,0.9802687168121338,0.9999593496322632,0.6004311816232657,0.15131025856249608,0.1882267147302627,0.7968252897262573,0.9999860525131226,1.2565561314837426,0.3501304865506999,0.0485234297811985,0.9212844967842102,0.9998507499694824,1.2396390401194664,0.39144580784060856,0.1670376360416412,0.7283211946487427,0.999980330467224,1.2535523678604674,0.34015923704231804,0.0118647022172808,0.9831730127334596,0.999840259552002,1.2243609974597718,0.36072555609137635,0.1533019095659256,0.8780633211135864,0.999934196472168,mediapipe,mediapipe,mediapipe,mediapipe,mediapipe,mediapipe,mediapipe,mediapipe,movenet,movenet,mediapipe,mediapipe,mediapipe,mediapipe,mediapipe,mediapipe,mediapipe,mediapipe
433,8.66,-0.9221320657972282,0.24746099236092883,-0.3061687648296356,0.9999902844429016,0.9999971389770508,-0.2066103368997573,-0.5451133847236633,-0.3510428071022033,0.99999338388443,0.9999964237213136,-0.07745969498350153,-1.219278683872003,-0.3157068192958832,0.9999980926513672,0.9999995231628418,0.07745969498350153,1.2192786838719991,0.0344994142651557,0.999987244606018,0.9999990463256836,1.0953136127941892,0.020874750728054333,-0.331537514925003,0.999187707901001,0.9999910593032836,-1.301337331169038,-1.4404045120575881,0.0844285413622856,0.765519917011261,0.9999955892562866,0.6932216344699579,0.43074029375892425,-0.2432778626680374,0.9993343949317932,0.999998927116394,-0.6000608064021925,-0.3713271793023243,0.0172788500785827,0.9454490542411804,0.9999997615814208,1.0884201513013214,-0.8647019362808954,-0.0663160234689712,0.9999656081199646,0.9999984502792358,1.027831447032874,-0.7819179593265442,0.0665076225996017,0.9999566078186036,0.9999991655349731,0.9325888292569059,0.3419785707666686,-0.1488483250141143,0.990906298160553,0.9999946355819702,0.24023218917306885,0.10799248685473427,0.0442575514316558,0.8299177885055542,0.9999970197677612,1.1967775166632946,0.4411948156290124,0.0271100159734487,0.9814353585243224,0.9999581575393676,0.5814311705144164,0.23315626311243287,0.188920110464096,0.8078595399856567,0.999984860420227,1.2093095065190822,0.46775579022528885,0.0495252646505832,0.9248110055923462,0.9998412132263184,1.2142312160893174,0.48155483374148483,0.1695938408374786,0.7425458431243896,0.9999772310256958,1.2031482858054525,0.44594117520791143,0.0158788058906793,0.9841570854187012,0.9998214840888976,1.1697324171819057,0.4597455266334179,0.1590747237205505,0.8854355216026306,0.9999240636825562,mediapipe,mediapipe,mediapipe,mediapipe,mediapipe,mediapipe,mediapipe,mediapipe,movenet,movenet,mediapipe,mediapipe,mediapipe,mediapipe,mediapipe,mediapipe,mediapipe,mediapipe
434,8.68,-0.7416904892808767,0.3548402118491596,-0.3158758580684662,0.9999910593032836,0.9999991655349731,-0.1847027689218521,-0.5557950735092163,-0.3511731624603271,0.9999939203262328,0.999998927116394,0.2640430634344394,-1.2380381845878852,-0.3125429451465606,0.9999982118606568,0.9999996423721312,-0.2640430634344394,1.2380381845878814,0.0320190265774726,0.9999878406524658,0.9999991655349731,1.0800422314898188,0.03566698019184786,-0.3270980417728424,0.999181628227234,0.9999929666519164,-1.3294528544689395,-1.4357257976046724,0.08329588919878,0.7746939063072205,0.999995231628418,0.6653907369174332,0.43432517245128816,-0.2414515167474746,0.999350905418396,0.9999990463256836,-0.6264267426363517,-0.35888476779000666,0.0165873505175113,0.9499151706695556,0.9999997615814208,0.970355605818006,-0.7657403589671017,-0.0662343353033065,0.9999670386314392,0.9999986886978148,0.9246352933032617,-0.6656406247885478,0.0664509534835815,0.9999582171440125,0.9999990463256836,0.8797218684747627,0.44069414171942306,-0.1411375850439071,0.9907023906707764,0.9999933242797852,0.22808769940183204,0.22025434190833992,0.0505824834108352,0.8344017267227173,0.9999954700469972,1.168634201395262,0.5416829370242607,0.0487042069435119,0.9814244508743286,0.9999430179595948,0.5480775097947553,0.3317807161388524,0.2182687371969223,0.8125066161155701,0.9999790191650392,1.1847250102710831,0.568515466905409,0.0719787925481796,0.9232833385467528,0.9997923970222472,1.1688602190652522,0.5823833729566656,0.2000141590833664,0.7493709325790405,0.9999700784683228,1.1783869543296475,0.5833677954737774,0.0397378802299499,0.9843121767044068,0.999771535396576,1.1108294150679008,0.5793427972055615,0.1931106597185135,0.8892583250999451,0.9999030828475952,mediapipe,mediapipe,mediapipe,mediapipe,mediapipe,mediapipe,mediapipe,mediapipe,movenet,movenet,mediapipe,mediapipe,mediapipe,mediapipe,mediapipe,mediapipe,mediapipe,mediapipe
435,8.7,-0.641165327530268,0.43794313185267136,-0.321130633354187,0.999991774559021,0.9999995231628418,-0.1625357270240783,-0.565799355506897,-0.3502405881881714,0.9999943971633912,0.9999992847442628,0.4876394053731303,-0.989551825581021,-0.3086088001728058,0.9999982714653016,0.9999996423721312,-0.4876394053731303,0.9895518255810171,0.0327521301805973,0.9999884366989136,0.9999991655349731,1.0537029004234488,0.05750911923257805,-0.3238086402416229,0.9991355538368224,0.9999924898147584,-1.365289234838694,-1.435237076885626,0.0856398493051529,0.7793424725532532,0.9999959468841552,0.6498154195025962,0.4470209847698963,-0.2408711016178131,0.9993214011192322,0.9999988079071044,-0.6592871764959791,-0.3460572993557273,0.0178081151098012,0.9536670446395874,0.9999997615814208,0.8371537108140072,-0.6578209640656877,-0.0662081241607666,0.999968409538269,0.999998927116394,0.8090598181378335,-0.5385627188469608,0.0664351731538772,0.9999598860740662,0.9999992847442628,0.8455183602833103,0.5804877338246275,-0.1360125392675399,0.98982435464859,0.9999942779541016,0.2939197739765478,0.3110270104653437,0.0600434951484203,0.832892119884491,0.9999971389770508,1.182364060088142,0.7375547882060656,0.0514706149697303,0.9809228777885436,0.9999655485153198,0.5442307606238916,0.5497004313083579,0.2276866286993026,0.8175569772720337,0.9999876022338868,1.2037835734733175,0.7665475649183471,0.0738671198487281,0.9194813370704652,0.9998730421066284,1.1537494761547642,0.831010703732604,0.2085849195718765,0.7550860047340393,0.9999804496765136,1.1898158829377512,0.8049768587923364,0.0397469662129879,0.9842977523803712,0.999864935874939,1.0757384159360597,0.8067828883335433,0.1951726824045181,0.8937371373176575,0.9999386072158812,mediapipe,mediapipe,mediapipe,mediapipe,mediapipe,mediapipe,mediapipe,mediapipe,movenet,movenet,mediapipe,mediapipe,mediapipe,mediapipe,mediapipe,mediapipe,mediapipe,mediapipe
436,8.72,-0.7506405583087085,0.34818229794385275,-0.3256352543830871,0.9999924302101136,0.9999992847442628,-0.149787351489067,-0.5749989151954651,-0.3495489656925201,0.9999948143959044,0.9999990463256836,0.52396825652051,-0.8309068246669591,-0.3079214692115783,0.9999983310699464,0.9999997615814208,-0.52396825652051,0.8309068246669552,0.0358416922390461,0.9999890327453612,0.9999991655349731,1.003925009124713,0.0866319135821827,-0.325102686882019,0.9991182684898376,0.9999933242797852,-1.3857496604357784,-1.4398162032455175,0.0890774056315422,0.7843297719955444,0.9999959468841552,0.6358377125658766,0.4554535375856252,-0.2434105277061462,0.9993115663528442,0.999998927116394,-0.681097954316511,-0.3478498827074888,0.0203262325376272,0.9570003747940063,0.9999997615814208,0.7127190870477067,-0.5595835610454739,-0.0663021653890609,0.9999699592590332,0.9999990463256836,0.7009150449218902,-0.4236689588240226,0.0665350034832954,0.9999618530273438,0.9999992847442628,0.8540687509654236,0.6741955059694766,-0.1356836855411529,0.9893575310707092,0.9999949932098388,0.33059352204594245,0.37255640084461855,0.0692247003316879,0.8319546580314636,0.99999737739563,1.136138130200901,0.8869079498072011,0.0465349741280078,0.9814839959144592,0.999974012374878,0.5623016167809038,0.7266429361877402,0.2283481657505035,0.8254607915878296,0.9999899864196776,1.150748524779681,0.9130914148588535,0.0661169439554214,0.920227825641632,0.9998971223831176,1.1761655125606774,1.0344262380621652,0.2084840089082718,0.764193594455719,0.9999823570251464,1.1106854624801532,0.9201469468119626,0.0176209434866905,0.9849827885627748,0.9998836517333984,1.0859803484587331,0.9901236109953772,0.1884026676416397,0.8997398018836975,0.9999432563781738,mediapipe,mediapipe,mediapipe,mediapipe,mediapipe,mediapipe,mediapipe,mediapipe,movenet,movenet,mediapipe,mediapipe,mediapipe,mediapipe,mediapipe,mediapipe,mediapipe,mediapipe
437,8.74,-0.8945064771335096,0.2724838411931124,-0.3217158317565918,0.9999929070472716,0.9999991655349731,-0.1373174041509628,-0.5832266807556152,-0.3377209007740021,0.9999951124191284,0.9999988079071044,0.5870951456478326,-0.7261466624490819,-0.2971804440021515,0.9999983906745912,0.9999996423721312,-0.5870951456478326,0.7261466624490922,0.0435110181570053,0.9999895095825196,0.999998927116394,0.9307481803711629,0.10832901868484937,-0.3188484013080597,0.9990748167037964,0.9999923706054688,-1.4006346053422878,-1.4418124261709016,0.0896952971816062,0.7896372079849243,0.9999953508377076,0.606210210189652,0.466252649850777,-0.2409885823726654,0.9992849230766296,0.999998927116394,-0.6877689624247377,-0.34940519749750426,0.0192060433328151,0.9600740671157836,0.9999997615814208,0.5906945687872164,-0.46622178367525535,-0.0664705261588096,0.9999714493751526,0.9999990463256836,0.5931021191525091,-0.3121285436445783,0.0667512491345405,0.9999637007713318,0.9999992847442628,0.8079722826579794,0.7471227430678467,-0.1340169161558151,0.9884635210037231,0.9999946355819702,0.30657357367056465,0.4185349498308433,0.0829571411013603,0.8265669941902161,0.9999966621398926,1.0744182902920982,0.9832788036483823,0.0420353971421718,0.9818289875984192,0.999971866607666,0.5626823897572477,0.7583774976985961,0.2470273673534393,0.8290998935699463,0.9999897480010986,1.085722001897579,1.0072099340580072,0.0600688867270946,0.9195231795310974,0.9998878240585328,1.1853178253917094,1.0646363257955909,0.2258943915367126,0.7690368294715881,0.9999829530715942,1.0527758133908944,0.9999879935570603,0.0051191141828894,0.9854595065116882,0.9998610019683838,1.11710090065451,1.038343234692299,0.1991255134344101,0.9034769535064696,0.9999445676803588,mediapipe,mediapipe,mediapipe,mediapipe,mediapipe,mediapipe,mediapipe,mediapipe,movenet,movenet,mediapipe,mediapipe,mediapipe,mediapipe,mediapipe,mediapipe,mediapipe,mediapipe
438,8.76,-1.0595667609082193,0.19365044194651834,-0.3015381097793579,0.9999932050704956,0.999998927116394,-0.1304240524768829,-0.5893591046333313,-0.3174359202384949,0.9999952912330629,0.9999985694885254,0.5583277683914913,-0.7250043820550707,-0.2779407203197479,0.9999984502792358,0.9999996423721312,-0.5583277683914913,0.7250043820550668,0.0580645203590393,0.9999898672103882,0.9999985694885254,0.8810924173488803,0.10773890032118225,-0.3034964203834533,0.9990363121032716,0.9999939203262328,-1.4105930555185135,-1.4432437472977109,0.097308412194252,0.7953240275382996,0.9999949932098388,0.5706147000698498,0.46185790142722455,-0.2312866002321243,0.9992859959602356,0.9999994039535522,-0.6938485325728739,-0.3586019368548151,0.0209009069949388,0.9629668593406676,0.9999997615814208,0.5007139089133401,-0.39902302859366046,-0.0664401426911354,0.9999731779098512,0.9999994039535522,0.513856801545324,-0.23226958235678147,0.0667427852749824,0.9999657869338988,0.9999995231628418,0.7869612245041662,0.7826206321486867,-0.1326914727687835,0.9865877032279968,0.999995231628418,0.29824547609286245,0.4474377790406584,0.0850793719291687,0.8172746896743774,0.999996781349182,1.0678619796380877,0.9939868670849128,0.0431854575872421,0.9813567996025084,0.9999817609786988,0.5525731623141509,0.7808949064107459,0.257982075214386,0.8300449848175049,0.9999914169311525,1.080588226473459,1.0147472444562897,0.0611238032579422,0.9162136316299438,0.9999340772628784,1.1779220005707718,1.088393178964471,0.2372936010360717,0.7703275084495544,0.9999871253967284,1.105047581866235,1.044406465798839,0.008932052180171,0.9854670763015748,0.9999088048934937,1.170794622002573,1.108010341087995,0.2084880769252777,0.9058079719543456,0.9999539852142334,mediapipe,mediapipe,mediapipe,mediapipe,mediapipe,mediapipe,mediapipe,mediapipe,movenet,movenet,mediapipe,mediapipe,mediapipe,mediapipe,mediapipe,mediapipe,mediapipe,mediapipe
439,8.78,-1.1299722038818771,0.10592816540479108,-0.2906672358512878,0.9999933242797852,0.9999984502792358,-0.119832158088684,-0.5937411189079285,-0.3104023933410644,0.9999954104423524,0.9999983310699464,0.5324685695115295,-0.7139048823171654,-0.2699362933635711,0.9999985098838806,0.9999996423721312,-0.5324685695115295,0.7139048823171757,0.065818190574646,0.9999902248382568,0.9999986886978148,0.856329519940569,0.09531262021725773,-0.2951705455780029,0.9989926218986512,0.9999946355819702,-1.4153403448892863,-1.435713429902651,0.1073371842503547,0.7940478920936584,0.9999953508377076,0.5474979758322734,0.4616930082440015,-0.2241930663585662,0.999273419380188,0.9999994039535522,-0.6964722285452727,-0.3557611521208097,0.0311619583517313,0.9650335311889648,0.9999998807907104,0.3928355236681321,-0.3195576794787113,-0.0664276853203773,0.99997478723526,0.9999995231628418,0.4157489348217431,-0.13666425295858042,0.0667342171072959,0.9999677538871764,0.9999995231628418,0.7949730063701871,0.8221486596552162,-0.1245170906186103,0.9846489429473876,0.9999959468841552,0.3080054406782027,0.48160837475622337,0.0963409766554832,0.8076936602592468,0.99999737739563,1.1196513411526061,1.0253826615711792,0.0478389933705329,0.9809197783470154,0.9999830722808838,0.5875378480468972,0.8499770079690522,0.2659065127372741,0.832083523273468,0.9999927282333374,1.1359755632120188,1.0438871196624182,0.0651921182870864,0.9125537872314452,0.9999364614486694,1.2305753880583905,1.1667793372320145,0.2444649785757064,0.7724878191947937,0.9999879598617554,1.1664674663117043,1.0879766138454006,0.0112914955243468,0.9854527115821838,0.9999179840087892,1.2185972274796348,1.1784327662413663,0.2134601324796676,0.908482551574707,0.9999587535858154,mediapipe,mediapipe,mediapipe,mediapipe,mediapipe,mediapipe,mediapipe,mediapipe,movenet,movenet,mediapipe,mediapipe,mediapipe,mediapipe,mediapipe,mediapipe,mediapipe,mediapipe
440,8.8,-1.1286527170083402,0.04742135831611105,-0.2785125374794006,0.99999338388443,0.999997615814209,-0.1126810535788536,-0.6014857888221741,-0.3024124503135681,0.9999955892562866,0.9999979734420776,0.47659979077799614,-0.530181584922234,-0.2657802104949951,0.9999985694885254,0.9999996423721312,-0.47659979077799614,0.5301815849222301,0.0731113255023956,0.999990463256836,0.9999982118606568,0.8497766214653177,0.051206839907766394,-0.289239764213562,0.9989726543426514,0.9999946355819702,-1.4009150614410515,-1.4433281554762338,0.1189696341753006,0.7903093099594116,0.9999940395355223,0.5239876158971263,0.45016106430829833,-0.214499682188034,0.9992601275444032,0.9999990463256836,-0.6874214544168912,-0.3721884974481776,0.0456134974956512,0.9667752981185912,0.9999997615814208,0.30689517791732623,-0.25878128792200444,-0.0664069652557373,0.9999764561653136,0.9999995231628418,0.33855949109151084,-0.061951647739999914,0.0667261332273483,0.999969720840454,0.9999995231628418,0.8228792980817312,0.8691946577760645,-0.0955582559108734,0.983839511871338,0.999994158744812,0.29285789317101024,0.5044363127039436,0.1410629898309707,0.8060495257377625,0.9999955892562866,1.126465375123994,1.0617006787843217,0.1064758971333503,0.9808260202407836,0.9999730587005616,0.5814284902448288,0.8533636334845093,0.3463732600212097,0.8351315855979919,0.9999880790710448,1.1414596750763737,1.0836102163255077,0.128677561879158,0.909546434879303,0.999903917312622,1.2283877369961624,1.1742934714556483,0.3283827602863312,0.7763381004333496,0.9999819993972778,1.192257553242376,1.1214027165426754,0.0822520703077316,0.985418975353241,0.9998619556427002,1.268932415797626,1.1755224506241975,0.3113106191158294,0.9105812311172484,0.999933123588562,mediapipe,mediapipe,mediapipe,mediapipe,mediapipe,mediapipe,mediapipe,mediapipe,movenet,movenet,mediapipe,mediapipe,mediapipe,mediapipe,mediapipe,mediapipe,mediapipe,mediapipe
441,8.82,-1.0929717374889205,-0.06292131583056623,-0.2624497413635254,0.9999931454658508,0.9999964237213136,-0.1012877747416496,-0.6099363565444946,-0.2917753159999847,0.9999955892562866,0.9999972581863404,0.3096542874865494,-0.469385196404696,-0.258007675409317,0.9999985694885254,0.9999996423721312,-0.3096542874865563,0.4693851964046921,0.0822743400931358,0.999990463256836,0.99999737739563,0.8429988657006251,0.013721690391803675,-0.2898952960968017,0.9989626407623292,0.9999938011169434,-1.4039688301966085,-1.4495093897665827,0.1306810230016708,0.7816110849380493,0.9999924898147584,0.5227123259071729,0.4475818121842862,-0.2197171151638031,0.9992512464523317,0.9999990463256836,-0.6950817201250781,-0.3827952134367103,0.0615423358976841,0.9678838849067688,0.9999997615814208,0.1840307284981309,-0.173483741718263,-0.066442459821701,0.9999781250953674,0.9999995231628418,0.23066522931487693,0.03916144556836628,0.0667767599225044,0.9999716281890868,0.9999995231628418,0.8355613192851078,0.922981893167341,-0.0755306929349899,0.9835636615753174,0.9999959468841552,0.3448343021531811,0.5346128223248272,0.1609591543674469,0.806506872177124,0.9999969005584716,1.1705488101658852,1.1087724787844924,0.1211420819163322,0.9815616607666016,0.999980092048645,0.6279479614150171,0.8785555222552422,0.3599700629711151,0.8425413370132446,0.999991774559021,1.186164325122101,1.1365937820794947,0.1424933671951294,0.9100030064582824,0.9999263286590576,1.2878934504778898,1.1987941037052754,0.3409980833530426,0.785742998123169,0.9999865293502808,1.2319581376328068,1.1675236474786093,0.0940659642219543,0.9859238862991332,0.9998937845230104,1.305836301278556,1.2122471817393163,0.3237258493900299,0.9150528311729432,0.9999493360519408,mediapipe,mediapipe,mediapipe,mediapipe,mediapipe,mediapipe,mediapipe,mediapipe,movenet,movenet,mediapipe,mediapipe,mediapipe,mediapipe,mediapipe,mediapipe,mediapipe,mediapipe
442,8.84,-0.9213650601452269,-0.10805606886516374,-0.2656902372837066,0.9999932050704956,0.9999977350234984,-0.0856522023677825,-0.6160596013069153,-0.2850283980369568,0.9999956488609314,0.999997854232788,0.3518849136985729,-0.5037224071072189,-0.2445332109928131,0.9999985694885254,0.9999995231628418,-0.3518849136985729,0.503722407107215,0.0866387411952018,0.9999902844429016,0.9999972581863404,0.8231593061165146,0.020111729992779305,-0.2798539400100708,0.9989213943481444,0.9999910593032836,-1.4415580905546552,-1.4485951452020205,0.13633793592453,0.7755513787269592,0.9999911785125732,0.5251072103630271,0.4595368020563735,-0.2211820036172866,0.999233901500702,0.9999988079071044,-0.7259580319731157,-0.3842851325747949,0.0702485814690589,0.969108819961548,0.9999997615814208,0.08473433165339313,-0.10688370223850656,-0.0664279758930206,0.9999793767929076,0.9999995231628418,0.14323736974197174,0.11949925074308172,0.0667704641819,0.9999730587005616,0.9999995231628418,0.8842052387469499,0.9573757883240516,-0.0727570876479148,0.9835326075553894,0.9999948740005492,0.31439265131947763,0.5518323330746093,0.1616959124803543,0.8079641461372375,0.9999964237213136,1.1859715795463708,1.1396875428610964,0.1154497414827346,0.9824919104576112,0.9999802112579346,0.5894580538337928,0.9074539516650597,0.3541130721569061,0.850994884967804,0.9999924898147584,1.1953814370497458,1.1640284808642967,0.1360149830579757,0.9118250012397766,0.999924659729004,1.237618806029215,1.2293385018438363,0.3345328569412231,0.7953507304191589,0.999987244606018,1.2286125257454712,1.2148860569283704,0.0865997076034545,0.9865967631340028,0.9998841285705566,1.249081813360646,1.2500295884978672,0.3144642412662506,0.9199802279472352,0.9999492168426514,mediapipe,mediapipe,mediapipe,mediapipe,mediapipe,mediapipe,mediapipe,mediapipe,movenet,movenet,mediapipe,mediapipe,mediapipe,mediapipe,mediapipe,mediapipe,mediapipe,mediapipe
443,8.86,-0.7017033398105501,-0.13919606853632174,-0.2678539454936981,0.9999932050704956,0.99999737739563,-0.0705823004245758,-0.6210798025131226,-0.2833362519741058,0.9999956488609314,0.9999977350234984,0.3700697550566061,-0.39569463046250447,-0.2407422363758087,0.9999985694885254,0.9999996423721312,-0.3700697550566061,0.39569463046250053,0.0874527990818023,0.9999900460243224,0.9999971389770508,0.8365810712578163,0.01917653683874637,-0.2764384150505066,0.9989035725593568,0.9999918937683104,-1.452687000195802,-1.4523328752072446,0.1380065828561782,0.765896737575531,0.9999908208847046,0.5170776835041333,0.4578282815261225,-0.2226478904485702,0.9992243647575378,0.9999988079071044,-0.7396364979724298,-0.38694449584892704,0.0748815685510635,0.9696962237358092,0.9999996423721312,-0.023840313573374516,-0.03591345270024923,-0.0663879290223121,0.9999805688858032,0.9999995231628418,0.04706561881638705,0.20564898694914155,0.0667442232370376,0.9999743700027466,0.9999995231628418,0.9198947499910184,1.0065212465879907,-0.058850459754467,0.9833872318267822,0.999994158744812,0.3051716562019986,0.5799506031927597,0.166245549917221,0.8090978860855103,0.9999959468841552,1.1728602255783425,1.1786496775409403,0.1297471672296524,0.983247697353363,0.9999752044677734,0.5866006777973681,0.9565506520003388,0.3556107878684997,0.858526885509491,0.9999911785125732,1.1752978527838993,1.199462947158775,0.149766594171524,0.91313236951828,0.999907374382019,1.2373239432860783,1.2827628324245908,0.3355917036533355,0.8040891885757446,0.999984622001648,1.195069772280119,1.2475775083770826,0.096947893500328,0.9871228933334352,0.9998643398284912,1.249540976497927,1.300822880466236,0.3123783469200134,0.9243143796920776,0.9999384880065918,mediapipe,mediapipe,mediapipe,mediapipe,mediapipe,mediapipe,mediapipe,mediapipe,movenet,movenet,mediapipe,mediapipe,mediapipe,mediapipe,mediapipe,mediapipe,mediapipe,mediapipe
444,8.88,-0.4464733760639545,-0.2500692427532145,-0.273725688457489,0.9999931454658508,0.9999974966049194,-0.0506493151187896,-0.6258714199066162,-0.2786275148391723,0.9999955892562866,0.999997615814209,0.6012071338066469,-0.41063484056492794,-0.2323683202266693,0.9999985098838806,0.9999994039535522,-0.6012071338066469,0.410634840564924,0.0885481312870979,0.9999895691871644,0.9999959468841552,0.8420281734559907,0.040374921079958284,-0.2701318860054016,0.9988192319869996,0.9999866485595704,-1.472254801679708,-1.4446013662393153,0.136588841676712,0.7557672262191772,0.9999855756759644,0.5186254003017199,0.46764541255602476,-0.2244644165039062,0.9991686940193176,0.9999979734420776,-0.7587885081791328,-0.3810461386072064,0.0709063410758972,0.9701076745986938,0.9999994039535522,-0.11550723253818408,0.02304986938954361,-0.0662404671311378,0.99998140335083,0.9999992847442628,-0.03596565741660084,0.2775492443885332,0.0666619837284088,0.9999752640724182,0.9999992847442628,0.91549411641947,1.0444068850025143,-0.0647210553288459,0.982667088508606,0.9999887943267822,0.2720599480715084,0.6043002939944127,0.1602102220058441,0.8064619302749634,0.999991774559021,1.1253345365203853,1.2250800387590544,0.1241509169340133,0.9834473133087158,0.9999560117721558,0.5668319595833566,1.0008918609667072,0.3440407216548919,0.8635096549987793,0.9999830722808838,1.1242068916354768,1.2386700600803595,0.1444825381040573,0.9124181270599364,0.9998378753662108,1.2182308157731268,1.3299050701415,0.3236041963100433,0.8092455863952637,0.9999706745147704,1.1581560548649978,1.285151516220049,0.0921022072434425,0.9872451424598694,0.9997567534446716,1.2634241927895897,1.3532504933239229,0.2988847494125366,0.9271875619888306,0.9998849630355836,mediapipe,mediapipe,mediapipe,mediapipe,mediapipe,mediapipe,mediapipe,mediapipe,movenet,movenet,mediapipe,mediapipe,mediapipe,mediapipe,mediapipe,mediapipe,mediapipe,mediapipe
445,8.9,-0.5749942997502392,-0.3727395810816834,-0.258032739162445,0.9999921917915344,0.999993085861206,-0.0475885197520256,-0.6306226849555969,-0.271195113658905,0.9999951720237732,0.9999946355819702,0.2992316753887777,-0.31593879622661075,-0.2262919843196869,0.9999984502792358,0.9999992847442628,-0.2992316753887777,0.3159387962266068,0.0931432768702507,0.999988853931427,0.9999946355819702,0.8219603519274463,0.009279235423759736,-0.2593162357807159,0.998776078224182,0.999988317489624,-1.4626365181845926,-1.4526459519185537,0.1403530538082122,0.7484217286109924,0.9999864101409912,0.49087187924890535,0.45871668501490387,-0.2113969326019287,0.9991355538368224,0.9999980926513672,-0.7518333225340167,-0.3970003507555612,0.0770949199795723,0.9709823727607728,0.9999995231628418,-0.21036067553901341,0.08329949232089429,-0.0659806430339813,0.9999820590019226,0.9999990463256836,-0.12109719673390104,0.348737036482991,0.0664198845624923,0.9999756813049316,0.999998927116394,0.8835873310722112,1.092469816929454,-0.0575118958950042,0.9822180867195128,0.9999841451644896,0.27446252839471436,0.6237008238267073,0.1697597801685333,0.7982652187347412,0.9999874830245972,1.0862536590776053,1.290055961534281,0.1244477555155754,0.9838270545005798,0.9999396800994872,0.5599279517777176,1.027317809378936,0.3528209626674652,0.8647411465644836,0.999974012374878,1.0829310534962993,1.2940661620254128,0.1440922915935516,0.9127835631370544,0.99977844953537,1.2110708832059047,1.359279846185294,0.3316873908042907,0.810750424861908,0.9999569654464722,1.1224706604811432,1.3228144895173308,0.091981902718544,0.9874325394630432,0.9996697902679444,1.269443476966122,1.3876242754220756,0.3079818487167358,0.9282771944999696,0.9998518228530884,mediapipe,mediapipe,mediapipe,mediapipe,mediapipe,mediapipe,mediapipe,mediapipe,movenet,movenet,mediapipe,mediapipe,mediapipe,mediapipe,mediapipe,mediapipe,mediapipe,mediapipe
446,8.92,-0.39013309080444764,-0.5471344662266971,-0.2628071010112762,0.9999924898147584,0.9999984502792358,-0.0353434719145298,-0.6325287222862244,-0.2640315294265747,0.9999952912330629,0.9999984502792358,0.45559381690854084,-0.3550210898700074,-0.2172666043043136,0.9999984502792358,0.9999995231628418,-0.45559381690854084,0.35502108987000347,0.0958390533924102,0.9999885559082032,0.9999960660934448,0.8218023401581259,0.00015697566576988273,-0.2538010478019714,0.9986897110939026,0.9999892711639404,-1.476852933918632,-1.4501376971758166,0.1413877755403518,0.7318007349967957,0.9999860525131226,0.47844990849936125,0.45945863118688623,-0.2140905857086181,0.9990696310997008,0.9999982118606568,-0.7671306945829313,-0.4015325077509838,0.075242094695568,0.9704526662826538,0.9999994039535522,-0.25124734069691357,0.1101400880902902,-0.0658042803406715,0.9999828338623048,0.9999994039535522,-0.1588600378871911,0.3782010971857529,0.0663123056292533,0.999976396560669,0.9999992847442628,0.8545822286354077,1.1294099104892092,-0.0493910387158393,0.9810285568237304,0.9999908208847046,0.3049070095700232,0.6282398990048513,0.1758145838975906,0.7880487442016602,0.9999927282333374,1.086029246974304,1.3455123095566477,0.1328552812337875,0.9838191866874696,0.9999629259109496,0.5742666940750699,1.0452784593330446,0.3627237975597381,0.8668939471244812,0.9999855756759644,1.0873543416617062,1.345642647279813,0.1524232476949691,0.9107083678245544,0.9998623132705688,1.229889734696939,1.379878939984806,0.3421298563480377,0.8121787905693054,0.9999748468399048,1.1395032455232312,1.3637298311869042,0.099063366651535,0.987394392490387,0.9997870326042176,1.3030264031300258,1.411950931765834,0.3168712556362152,0.929839253425598,0.999902844429016,mediapipe,mediapipe,mediapipe,mediapipe,mediapipe,mediapipe,mediapipe,mediapipe,movenet,movenet,mediapipe,mediapipe,mediapipe,mediapipe,mediapipe,mediapipe,mediapipe,mediapipe
447,8.94,-0.3360188180754069,-0.6717498559885186,-0.2615222334861755,0.9999926686286926,0.9999979734420776,-0.0288328174501657,-0.6364171504974365,-0.2589875161647796,0.9999953508377076,0.9999980926513672,0.3904266031635408,-0.38815499331853937,-0.2129402160644531,0.9999983906745912,0.9999994039535522,-0.3904266031635408,0.3881549933185355,0.0957508534193039,0.9999879598617554,0.9999948740005492,0.7908538294554681,0.0028620188142119713,-0.250386118888855,0.9986410140991212,0.9999868869781494,-1.4912691315717557,-1.451051375690004,0.1376024633646011,0.7246370911598206,0.9999825954437256,0.45344751604821354,0.4625487224955097,-0.2127017676830291,0.9990350604057312,0.9999980926513672,-0.7749499918901332,-0.4044999695282662,0.0719936490058898,0.970547616481781,0.9999992847442628,-0.3048993074055899,0.1431606319350664,-0.0657019987702369,0.9999833703041076,0.9999992847442628,-0.207098003550183,0.41743597061747756,0.0662411749362945,0.9999767541885376,0.9999990463256836,0.814046779359164,1.1491978100425035,-0.0516394041478633,0.9804611802101136,0.999988317489624,0.29479168565539365,0.6358001698318437,0.1722646653652191,0.7791110873222351,0.9999903440475464,1.055937817720946,1.4149480555972027,0.1247841939330101,0.9842999577522278,0.999957799911499,0.5605198592391126,1.0693034432132928,0.3524940013885498,0.8696220517158508,0.9999833106994628,1.058433555674401,1.415946585256801,0.1450836062431335,0.91195809841156,0.9998371601104736,1.2140839620861235,1.4093446706903496,0.3313305675983429,0.8148412108421326,0.999970316886902,1.1020228894103217,1.4394550263767918,0.0961541533470153,0.9877439737319946,0.9997250437736512,1.291616934729588,1.4620059807816608,0.3064818680286407,0.9318880438804626,0.9998856782913208,mediapipe,mediapipe,mediapipe,mediapipe,mediapipe,mediapipe,mediapipe,mediapipe,movenet,movenet,mediapipe,mediapipe,mediapipe,mediapipe,mediapipe,mediapipe,mediapipe,mediapipe
448,8.96,-0.28720536357419446,-0.86972239941153,-0.2567832171916961,0.999992311000824,0.9999954700469972,-0.0165836047381162,-0.643126368522644,-0.2516383826732635,0.9999951124191284,0.9999959468841552,0.5187912497668662,-0.18705753355652857,-0.2037066221237182,0.9999982714653016,0.9999992847442628,-0.5187912497668662,0.1870575335565393,0.0990205109119415,0.999987244606018,0.999994158744812,0.8178508080803052,-0.02304615001942352,-0.2407902777194976,0.9986134767532348,0.9999878406524658,-1.4913800683099414,-1.4532597952982826,0.1394180208444595,0.7112980484962463,0.9999827146530152,0.44478439319677326,0.4503427636685372,-0.2065750807523727,0.9989688396453856,0.9999974966049194,-0.7784391533463215,-0.4108865267217198,0.0718089714646339,0.9699979424476624,0.9999992847442628,-0.41337872296874684,0.20769963592964563,-0.0650514066219329,0.9999839663505554,0.9999991655349731,-0.3022472791364234,0.49421686054641994,0.065665416419506,0.9999772906303406,0.9999990463256836,0.8304138612963232,1.1946343623798463,-0.0194787513464689,0.9803844094276428,0.9999858140945436,0.31056318354625934,0.6573790635989095,0.177513763308525,0.7826153635978699,0.9999908208847046,1.0340051795482106,1.4489414129154676,0.1617019474506378,0.9849920272827148,0.9999392032623292,0.5417512348278355,1.1042983882083386,0.360118418931961,0.8763247728347778,0.9999806880950928,1.0295722938921033,1.4473782998845333,0.1812027990818023,0.9137386083602904,0.9997758269309998,1.1839782729390822,1.4480520124291272,0.3389900326728821,0.8225612640380859,0.9999632835388184,1.06347636634457,1.4679684183824753,0.1251997202634811,0.988132119178772,0.999637484550476,1.2560457240686214,1.4976978215342436,0.3104882538318634,0.9353286623954772,0.9998481273651124,mediapipe,mediapipe,mediapipe,mediapipe,mediapipe,mediapipe,mediapipe,mediapipe,movenet,movenet,mediapipe,mediapipe,mediapipe,mediapipe,mediapipe,mediapipe,mediapipe,mediapipe
449,8.98,-0.18284774469027684,-0.9872002929611245,-0.2537828087806701,0.9999921917915344,0.999996781349182,-0.0049272500909864,-0.645866870880127,-0.2440542727708816,0.9999948143959044,0.9999964237213136,0.5766500936259169,-0.037712600266952154,-0.1940602362155914,0.999998152256012,0.9999991655349731,-0.5766500936259169,0.03771260026694825,0.1018958911299705,0.9999871850013732,0.9999959468841552,0.768336085148619,-0.0019365641522548695,-0.2313224226236343,0.9984774589538574,0.9999853372573853,-1.50667364471476,-1.4553595588616228,0.1423754096031189,0.7003768086433411,0.9999887943267822,0.4088567716628755,0.46254786075274895,-0.2003916054964065,0.998774230480194,0.9999969005584716,-0.7986649199760671,-0.4082067299241146,0.0735256150364875,0.970216989517212,0.9999995231628418,-0.5005159191380577,0.2590518117088702,-0.0644076392054557,0.9999843835830688,0.9999991655349731,-0.379912148754498,0.5543468058678264,0.0651194751262664,0.9999779462814332,0.9999992847442628,0.8429667559132474,1.2263009221113401,-0.0091033317148685,0.9793124794960022,0.999985694885254,0.31086034375719207,0.6719870127309281,0.1800799071788787,0.7802815437316895,0.9999932050704956,1.0506645554768763,1.4981612717842212,0.1693298816680908,0.9853519797325134,0.999942660331726,0.5259600492098145,1.132363130352039,0.3621909022331238,0.8810773491859436,0.9999865293502808,1.0431070120371089,1.4942248918411523,0.1880298256874084,0.9133542776107788,0.9997944235801696,1.161996530728812,1.4803402259722915,0.3411073684692383,0.8276231288909912,0.9999738931655884,1.0505485651165682,1.499502751370567,0.1276523470878601,0.9882844090461732,0.9996938705444336,1.241320011341361,1.5257405958272603,0.3090490996837616,0.9379816055297852,0.9998960494995116,mediapipe,mediapipe,mediapipe,mediapipe,mediapipe,mediapipe,mediapipe,mediapipe,movenet,movenet,mediapipe,mediapipe,mediapipe,mediapipe,mediapipe,mediapipe,mediapipe,mediapipe
450,9.0,-0.17476641555087644,-0.9812314218861303,-0.2537341713905334,0.9999922513961792,0.9999969005584716,-0.0004149556043557,-0.644862949848175,-0.2456632703542709,0.9999947547912598,0.999996781349182,0.472907069093135,0.01939844488754403,-0.1943190693855285,0.999998152256012,0.9999994039535522,-0.472907069093135,-0.019398444887547935,0.1015746742486953,0.9999874830245972,0.9999970197677612,0.7486206068072128,-0.02596298666330731,-0.230767548084259,0.9984630942344666,0.9999885559082032,-1.4992624997279143,-1.4540374296598657,0.1478123068809509,0.6944587826728821,0.9999908208847046,0.39433513196555336,0.46466812035838395,-0.1973448097705841,0.9986523985862732,0.9999972581863404,-0.8053522230368012,-0.4056968535258721,0.0823820531368255,0.971146047115326,0.9999996423721312,-0.5530974605560786,0.29023159260747167,-0.0641148388385772,0.9999850988388062,0.9999992847442628,-0.42789372560759664,0.5899183718408844,0.0648737475275993,0.9999789595603944,0.9999994039535522,0.850526755508102,1.2478295026498847,0.004586664494127,0.9795308113098145,0.9999871253967284,0.32120479931667545,0.6793104491823202,0.1881733685731887,0.7856006622314453,0.999994158744812,1.0887235504166592,1.5213287915612523,0.1956690698862075,0.9860002994537354,0.9999338388442992,0.5346289871299195,1.1477157747879443,0.3763185143470764,0.8873993158340454,0.9999854564666748,1.0841086075269062,1.5161458440951965,0.2157342433929443,0.9150651097297668,0.9997606873512268,1.1734885276391676,1.4971302892628615,0.3561730682849884,0.8353100419044495,0.99997079372406,1.0968567958304136,1.5230175905552998,0.1579827964305877,0.9886471033096312,0.9996123909950256,1.246495984916994,1.5416971820985197,0.3243288993835449,0.941311240196228,0.9998691082000732,mediapipe,mediapipe,mediapipe,mediapipe,mediapipe,mediapipe,mediapipe,mediapipe,movenet,movenet,mediapipe,mediapipe,mediapipe,mediapipe,mediapipe,mediapipe,mediapipe,mediapipe
