frame,time,nose_x,nose_y,nose_z,nose_visibility,nose_presence,left_ear_x,left_ear_y,left_ear_z,left_ear_visibility,left_ear_presence,left_shoulder_x,left_shoulder_y,left_shoulder_z,left_shoulder_visibility,left_shoulder_presence,right_shoulder_x,right_shoulder_y,right_shoulder_z,right_shoulder_visibility,right_shoulder_presence,left_elbow_x,left_elbow_y,left_elbow_z,left_elbow_visibility,left_elbow_presence,right_elbow_x,right_elbow_y,right_elbow_z,right_elbow_visibility,right_elbow_presence,left_wrist_x,left_wrist_y,left_wrist_z,left_wrist_visibility,left_wrist_presence,right_wrist_x,right_wrist_y,right_wrist_z,right_wrist_visibility,right_wrist_presence,left_hip_x,left_hip_y,left_hip_z,left_hip_visibility,left_hip_presence,right_hip_x,right_hip_y,right_hip_z,right_hip_visibility,right_hip_presence,left_knee_x,left_knee_y,left_knee_z,left_knee_visibility,left_knee_presence,right_knee_x,right_knee_y,right_knee_z,right_knee_visibility,right_knee_presence,left_ankle_x,left_ankle_y,left_ankle_z,left_ankle_visibility,left_ankle_presence,right_ankle_x,right_ankle_y,right_ankle_z,right_ankle_visibility,right_ankle_presence,left_heel_x,left_heel_y,left_heel_z,left_heel_visibility,left_heel_presence,right_heel_x,right_heel_y,right_heel_z,right_heel_visibility,right_heel_presence,left_foot_index_x,left_foot_index_y,left_foot_index_z,left_foot_index_visibility,left_foot_index_presence,right_foot_index_x,right_foot_index_y,right_foot_index_z,right_foot_index_visibility,right_foot_index_presence,nose_source,left_ear_source,left_shoulder_source,right_shoulder_source,left_elbow_source,right_elbow_source,left_wrist_source,right_wrist_source,left_hip_source,right_hip_source,left_knee_source,right_knee_source,left_ankle_source,right_ankle_source,left_heel_source,right_heel_source,left_foot_index_source,right_foot_index_source
352,7.04,0.5510881976242836,-0.47764929842681875,-0.3323870301246643,0.9999934434890748,0.9999982118606568,0.017684917896986,-0.5614704489707947,-0.3037116825580597,0.9999948143959044,0.9999983310699464,0.6854031973446518,-0.08803195374554004,-0.2482903152704239,0.999998152256012,0.9999995231628418,-0.6854031973446518,0.08803195374554981,0.039544939994812,0.9999427199363708,0.9999892711639404,0.4610345400071747,0.2451641617945501,-0.2834035754203796,0.999241590499878,0.99998939037323,0.6102364320407301,0.6937604638178355,0.0335903726518154,0.5268996953964233,0.9999288320541382,0.03029655329862429,0.48648914242690333,-0.2359663397073745,0.9991297721862792,0.9999983310699464,-0.9428474305041468,-0.4502406487096103,-0.0526738166809082,0.5760759115219116,0.99997079372406,-0.2594166662452561,0.13695692854021238,-0.0521798394620418,0.9999895691871644,0.9999995231628418,-0.10823624278399736,0.3095180882052416,0.0538333505392074,0.9999792575836182,0.9999994039535522,-0.6449729455750943,-0.6806970696275422,-0.2990361750125885,0.9958763122558594,0.999997615814209,-0.7528360268819895,-0.6834165807290062,-0.1203408166766166,0.9688065052032472,0.9999935626983644,-0.5646583318299919,-0.526364175906461,-0.138356477022171,0.9939863681793212,0.9999794960021972,-0.8370423725735775,-0.6833051804460403,0.0335458256304264,0.960572063922882,0.9999880790710448,-0.5422643164391476,-0.5181666196136475,-0.1155347377061843,0.9561048746109008,0.9999160766601562,-0.6419658811385368,-0.5191531258824168,0.0114499349147081,0.9091480374336244,0.9999827146530152,-0.4623783229026579,-0.5618255009977372,-0.1712210476398468,0.9944294095039368,0.9996702671051024,-0.5370814761147564,-0.4707468685246297,-0.0177159532904624,0.9681119322776794,0.999804675579071,mediapipe,mediapipe,mediapipe,mediapipe,mediapipe,movenet,mediapipe,gpr,movenet,movenet,mediapipe,mediapipe,mediapipe,mediapipe,mediapipe,mediapipe,mediapipe,mediapipe
353,7.06,0.5495173080769301,-0.42547472191499547,-0.3363012969493866,0.9999937415122986,0.9999986886978148,0.0182925816625356,-0.5609965324401855,-0.3073707818984985,0.9999950528144836,0.9999988079071044,0.7081993185141686,-0.09647772911890087,-0.249707356095314,0.9999982118606568,0.9999996423721312,-0.7081993185141686,0.09647772911889696,0.0362976714968681,0.9999436736106871,0.99998939037323,0.469810791907459,0.2477870642279033,-0.2842163443565368,0.99926096200943,0.9999912977218628,0.6092824821768335,0.692268487587268,0.0288638528436422,0.5328405499458313,0.999925136566162,0.03382000940511577,0.4908100258490147,-0.2377342879772186,0.9991570711135864,0.9999986886978148,-0.9501388885423737,-0.4702864781515264,-0.0567310601472854,0.5804775357246399,0.9999622106552124,-0.2648849461750954,0.14005427941149037,-0.052189577370882,0.9999896287918092,0.9999995231628418,-0.11264298873583768,0.3135131574211063,0.0538476072251796,0.9999793767929076,0.9999992847442628,-0.6426345629821465,-0.660764783939087,-0.298999935388565,0.995893657207489,0.999997854232788,-0.7560163168977209,-0.6674162410880543,-0.115795150399208,0.9690513610839844,0.9999927282333374,-0.552952222056001,-0.5064113448750514,-0.1383117884397506,0.9939221143722534,0.99997878074646,-0.8250732212533878,-0.6688784239703962,0.03645471483469,0.9605081677436828,0.9999871253967284,-0.5309373246076579,-0.4997201761177782,-0.115494929254055,0.9553821086883544,0.9999102354049684,-0.6229747628277637,-0.5045038038287839,0.014115217141807,0.909296989440918,0.9999817609786988,-0.4530736443861647,-0.5498911701518517,-0.1711178123950958,0.9943791627883912,0.999675989151001,-0.5250945399871002,-0.4591488250474825,-0.0137752154842019,0.9681378602981568,0.9998137354850768,mediapipe,mediapipe,mediapipe,mediapipe,mediapipe,movenet,mediapipe,gpr,movenet,movenet,mediapipe,mediapipe,mediapipe,mediapipe,mediapipe,mediapipe,mediapipe,mediapipe
354,7.08,0.4678156986951816,-0.3619825360674342,-0.3186392486095428,0.9999938011169434,0.999997854232788,0.014718659222126,-0.56220543384552,-0.2964274883270263,0.9999951124191284,0.9999977350234984,0.6200938620044713,-0.20139428245965868,-0.2434678524732589,0.9999982118606568,0.9999994039535522,-0.6200938620044713,0.20139428245966945,0.0478670224547386,0.9999444484710692,0.9999899864196776,0.4325548482216785,0.2213484909906015,-0.2803459763526916,0.9992698431015016,0.9999886751174928,0.6113041442180043,0.6920776797342851,0.0391863100230693,0.5410913825035095,0.9999366998672484,0.02109846027413492,0.4825931368996387,-0.2316182404756546,0.999176025390625,0.9999982118606568,-0.9478209865217729,-0.4785962680995238,-0.0486451350152492,0.5979955196380615,0.9999793767929076,-0.26201647169046544,0.13791044179461492,-0.0528170280158519,0.999989688396454,0.9999994039535522,-0.10952074322359949,0.3113627224168935,0.0544904582202434,0.9999796748161316,0.9999992847442628,-0.6441403665469161,-0.6939871293336919,-0.2978825271129608,0.9960289597511292,0.99999737739563,-0.7538636598243621,-0.7171051489489122,-0.1122993901371955,0.9698628187179564,0.9999933242797852,-0.549509711523872,-0.586150742740365,-0.1372316628694534,0.9941064119338988,0.9999781847000122,-0.8177466582208212,-0.7402155350786626,0.0369604043662548,0.961310863494873,0.9999873638153076,-0.5293833299330346,-0.5822876205836454,-0.1143199428915977,0.956954836845398,0.9999089241027832,-0.614228503900191,-0.5812155730232015,0.0143380612134933,0.9115378260612488,0.9999818801879884,-0.44669793768512084,-0.6293529100420786,-0.1674976944923401,0.9945545196533204,0.9996278285980223,-0.5141877730393083,-0.5118746703780048,-0.0130718890577554,0.9688302874565125,0.9997851252555848,mediapipe,mediapipe,mediapipe,mediapipe,mediapipe,movenet,mediapipe,gpr,movenet,movenet,mediapipe,mediapipe,mediapipe,mediapipe,mediapipe,mediapipe,mediapipe,mediapipe
355,7.1,0.46810215995076243,-0.37642874812347943,-0.3192118704319,0.9999936819076538,0.9999977350234984,0.0141522102057933,-0.5621967315673828,-0.296547383069992,0.9999950528144836,0.9999980926513672,0.6166682786262636,-0.23798818940188213,-0.2442731261253357,0.9999982118606568,0.9999995231628418,-0.6166682786262636,0.2379881894018919,0.047572448849678,0.999943733215332,0.9999862909317015,0.4352498587031656,0.21960047182413156,-0.2813444137573242,0.9992658495903016,0.9999914169311525,0.6135672298901468,0.6902750063537972,0.0389095582067966,0.5328810214996338,0.9999107122421264,0.023055527163712907,0.48226612840872934,-0.2328868061304092,0.99917471408844,0.9999985694885254,-0.9497379065030416,-0.48388490177621674,-0.0487029775977134,0.5858261585235596,0.9999505281448364,-0.25807597556061945,0.13522734395794722,-0.052805345505476,0.9999895095825196,0.9999994039535522,-0.10638425030218862,0.30905607764042364,0.0544763430953025,0.9999790787696838,0.9999990463256836,-0.6591302787829454,-0.6949473757483018,-0.2961027026176452,0.9957947731018066,0.9999974966049194,-0.7515867541641287,-0.7142130982491927,-0.1123007461428642,0.9681150913238524,0.9999914169311525,-0.6446346952453497,-0.5668051371954401,-0.1374326795339584,0.9938610196113586,0.9999756813049316,-0.8462645263676234,-0.7117208424478365,0.0362784713506698,0.959575355052948,0.999981164932251,-0.6355564091050048,-0.5593580138682868,-0.1147457808256149,0.955524444580078,0.9998999834060668,-0.661823665724141,-0.5479973439861889,0.0135599402710795,0.9081693887710572,0.9999741315841676,-0.5669760491624177,-0.6084141588266477,-0.1689250469207763,0.9943512678146362,0.9996442794799804,-0.5585529177753944,-0.4859278738945754,-0.0149686457589268,0.967585027217865,0.9997498393058776,mediapipe,mediapipe,mediapipe,mediapipe,mediapipe,movenet,mediapipe,gpr,movenet,movenet,mediapipe,mediapipe,mediapipe,mediapipe,mediapipe,mediapipe,mediapipe,mediapipe
356,7.12,0.47680002694645235,-0.3927725171654131,-0.3198768198490143,0.9999937415122986,0.99999737739563,0.0139695880934596,-0.5622999668121338,-0.2969323694705963,0.9999951124191284,0.9999977350234984,0.6184560294249785,-0.23770485372842276,-0.2444571852684021,0.9999982118606568,0.9999994039535522,-0.6184560294249785,0.23770485372841885,0.0470607243478298,0.9999423623085022,0.999983549118042,0.431735414797789,0.21926701732262713,-0.2816046774387359,0.9992765784263612,0.999988317489624,0.615392053771732,0.6899870034246511,0.0388251021504402,0.5320495963096619,0.9998770952224731,0.02033007459425459,0.481622651502763,-0.2352494448423385,0.9991875886917114,0.999997854232788,-0.9491589920320054,-0.48352270722494933,-0.0487490892410278,0.5794029831886292,0.999923825263977,-0.2510351200612981,0.13040544589545897,-0.0527718886733055,0.9999895095825196,0.9999992847442628,-0.1005893587699914,0.3047943337664037,0.0544484332203865,0.9999790191650392,0.9999990463256836,-0.6541550779428115,-0.6999548945027567,-0.298291802406311,0.995947241783142,0.9999971389770508,-0.7491401066588991,-0.7188099918114375,-0.1135029047727584,0.9693232774734496,0.9999903440475464,-0.6490545223602519,-0.5740068997716805,-0.1391511261463165,0.9940378665924072,0.9999723434448242,-0.8429035193402502,-0.7220642502066599,0.0346760787069797,0.9608110189437866,0.9999796152114868,-0.6414005284114427,-0.5669299106175033,-0.1163018941879272,0.9565346837043762,0.999881148338318,-0.6571661139021406,-0.5607142722948789,0.0118000423535704,0.9102423787117004,0.999970555305481,-0.5736255369377108,-0.6186207717669003,-0.1715628653764724,0.9944794178009032,0.9995253086090088,-0.553212381560498,-0.4985920507258115,-0.017384473234415,0.9683420062065125,0.9996792078018188,mediapipe,mediapipe,mediapipe,mediapipe,mediapipe,movenet,mediapipe,gpr,movenet,movenet,mediapipe,mediapipe,mediapipe,mediapipe,mediapipe,mediapipe,mediapipe,mediapipe
357,7.14,0.4543589178733739,-0.3997125599265634,-0.3205009996891022,0.99999338388443,0.9999969005584716,0.0133850220590829,-0.5621243715286255,-0.297771692276001,0.9999948740005492,0.9999972581863404,0.5959466521348007,-0.22169217543266406,-0.2457611560821533,0.9999982118606568,0.9999994039535522,-0.5959466521348007,0.22169217543266015,0.0467772111296653,0.9999412298202516,0.9999850988388062,0.43586738830505883,0.220547138471399,-0.2816845774650574,0.9992532134056092,0.9999903440475464,0.616482002960643,0.6885338624250082,0.0385982878506183,0.5232977271080017,0.999908208847046,0.023344419674747114,0.48375544501272183,-0.2331530898809433,0.9991428256034852,0.9999982118606568,-0.9489339516593157,-0.48046653826462365,-0.0488270111382007,0.5650249123573303,0.9999442100524902,-0.24530897362377796,0.1263210351242875,-0.0526915453374385,0.9999895095825196,0.9999995231628418,-0.09575331111263889,0.30140766894181736,0.0543679371476173,0.9999788999557496,0.9999991655349731,-0.6572583828618376,-0.6950019525427135,-0.2957887351512909,0.9957677721977234,0.9999972581863404,-0.748016724364726,-0.7193271559103237,-0.1135065928101539,0.967692494392395,0.9999916553497314,-0.6963194331023822,-0.5624833812500882,-0.1391789764165878,0.9939164519309998,0.9999791383743286,-0.8676228540344308,-0.7099804683167038,0.0344747118651866,0.959600567817688,0.9999836683273317,-0.6933439696346513,-0.5550498238429457,-0.1164590641856193,0.9556632041931152,0.9999167919158936,-0.6942750276054036,-0.545600997625614,0.011598527431488,0.9075376987457277,0.9999783039093018,-0.609263168280556,-0.5956565919201183,-0.1719301044940948,0.9943617582321168,0.9996780157089232,-0.5792048437970467,-0.47094362569879117,-0.0180111285299062,0.9673636555671692,0.9997723698616028,mediapipe,mediapipe,mediapipe,mediapipe,mediapipe,movenet,mediapipe,gpr,movenet,movenet,mediapipe,mediapipe,mediapipe,mediapipe,mediapipe,mediapipe,mediapipe,mediapipe
358,7.16,0.3925197541011552,-0.4411435334404135,-0.3194372653961181,0.9999929666519164,0.9999955892562866,0.0121945720165967,-0.562105655670166,-0.2980026006698608,0.999994695186615,0.999996542930603,0.5519573958853472,-0.1979006467871678,-0.2475554347038269,0.9999982118606568,0.9999992847442628,-0.5519573958853472,0.19790064678716388,0.0464885234832763,0.999939501285553,0.9999819993972778,0.43081335318252245,0.22485033558839293,-0.2887821197509765,0.9992558360099792,0.9999890327453612,0.6181744118721265,0.6872272644674706,0.0386194586753845,0.514167308807373,0.999880075454712,0.020801631914715055,0.481659186992223,-0.2432467937469482,0.9991398453712464,0.999997854232788,-0.9473546094111137,-0.47618904586486,-0.0489431098103523,0.5516895055770874,0.9999237060546876,-0.2378401693999048,0.12104286673435678,-0.0527804568409919,0.9999895691871644,0.9999992847442628,-0.08951588273703208,0.29697275579271215,0.0544569753110408,0.9999788999557496,0.999998927116394,-0.6801347643319517,-0.6943334574326784,-0.2941691279411316,0.9957258105278016,0.9999966621398926,-0.7447090656895127,-0.721093427080687,-0.1130766347050666,0.9674546122550964,0.99998939037323,-0.7041331119662608,-0.5644776207906202,-0.1363848000764846,0.9938241839408876,0.9999693632125854,-0.8638127260727696,-0.7134492864303826,0.0345150828361511,0.9591202139854432,0.9999758005142212,-0.6973326866704823,-0.5572204974446482,-0.1133876964449882,0.9552377462387084,0.9998754262924194,-0.6888796829413972,-0.5497660252936065,0.0116189140826463,0.9070501923561096,0.9999669790267944,-0.6085255205910075,-0.5967427911051157,-0.1669947952032089,0.9942492246627808,0.9995355606079102,-0.5747364384819927,-0.4735611032306103,-0.0177685711532831,0.9668065309524536,0.9996583461761476,mediapipe,mediapipe,mediapipe,mediapipe,mediapipe,movenet,mediapipe,gpr,movenet,movenet,mediapipe,mediapipe,mediapipe,mediapipe,mediapipe,mediapipe,mediapipe,mediapipe
359,7.18,0.3582290044718139,-0.44432463857227983,-0.3172615170478821,0.9999923706054688,0.9999953508377076,0.0110703147947788,-0.5620628595352173,-0.2982789874076843,0.9999943375587464,0.999996542930603,0.5131340073494031,-0.1972263448113673,-0.2480940967798233,0.999998152256012,0.9999992847442628,-0.5131340073494031,0.1972263448113634,0.046405404806137,0.9999378323554992,0.9999833106994628,0.4246245728504221,0.22522970406927317,-0.2888365089893341,0.9992380142211914,0.99998939037323,0.6184289966313312,0.6895245589210165,0.0397488921880722,0.5043070316314697,0.9998947381973268,0.022087818469857065,0.48172180145935967,-0.2407949715852737,0.9991074204444884,0.9999979734420776,-0.9458498919309225,-0.4712942152557669,-0.0455426834523677,0.5360685586929321,0.999932050704956,-0.23331663324198915,0.11824034965669351,-0.0527455881237983,0.9999896287918092,0.9999995231628418,-0.08587452010018093,0.29391792370683767,0.0544158741831779,0.9999789595603944,0.9999992847442628,-0.6780102287787936,-0.693122419643748,-0.2947567701339721,0.9957689642906188,0.9999977350234984,-0.7453853542842362,-0.7217519563087914,-0.1134087443351745,0.9672646522521972,0.999992609024048,-0.7153266895887668,-0.5475753136806266,-0.1380182951688766,0.9939289093017578,0.999980926513672,-0.872360606980557,-0.7126277390332026,0.0343603603541851,0.9591616988182068,0.9999847412109376,-0.7111722117370526,-0.5394988503338195,-0.1151873394846916,0.9557684659957886,0.9999209642410278,-0.7010877872273552,-0.5478905489244631,0.0114669417962431,0.9067574143409728,0.9999792575836182,-0.62450627699797,-0.5719864263254336,-0.1695261150598526,0.99431174993515,0.9996823072433472,-0.588309266594346,-0.46873968304311386,-0.0179656818509101,0.9667288661003112,0.9997764229774476,mediapipe,mediapipe,mediapipe,mediapipe,mediapipe,movenet,mediapipe,gpr,movenet,movenet,mediapipe,mediapipe,mediapipe,mediapipe,mediapipe,mediapipe,mediapipe,mediapipe
360,7.2,0.36516488931107133,-0.5031674620631117,-0.3186028003692627,0.9999922513961792,0.9999970197677612,0.0126146245747804,-0.5620843768119812,-0.3004496991634369,0.9999942779541016,0.999997615814209,0.5182541470682968,-0.16819345125012333,-0.2510406076908111,0.999998152256012,0.9999995231628418,-0.5182541470682968,0.16819345125011942,0.0457398444414138,0.9999370574951172,0.9999837875366212,0.4336815053668142,0.22732098620606503,-0.2909723818302154,0.999259114265442,0.9999910593032836,0.6191193109693265,0.6870851900461531,0.0395266003906726,0.5012982487678528,0.9998918771743774,0.020998148488316593,0.48191842018403647,-0.2420356571674347,0.999131679534912,0.9999985694885254,-0.9469525969787078,-0.4669488251899405,-0.0459486655890941,0.5298042297363281,0.9999418258666992,-0.23605723124906183,0.12037224197244134,-0.0527156889438629,0.9999895691871644,0.9999994039535522,-0.08907635138906382,0.2960887587444651,0.054380889981985,0.9999786019325256,0.9999990463256836,-0.674161223594842,-0.6924885224139505,-0.3005849719047546,0.9958529472351074,0.9999980926513672,-0.7425460937299934,-0.7212509497801167,-0.119555577635765,0.9673997759819032,0.999993085861206,-0.7169900710196929,-0.5345761795827735,-0.146141916513443,0.9940456748008728,0.99998140335083,-0.8682900395017736,-0.7098187086468092,0.0279289614409208,0.9593185782432556,0.9999853372573853,-0.7122037843719191,-0.5260443080819467,-0.123861975967884,0.9564390182495116,0.9999195337295532,-0.6964153269946939,-0.5446385286962843,0.0050130565650761,0.907101273536682,0.9999788999557496,-0.6261613387563505,-0.5701742059866441,-0.1827195584774017,0.9944080114364624,0.9997137188911438,-0.5885495073062172,-0.47118228738366674,-0.02670494094491,0.9669052958488464,0.9998028874397278,mediapipe,mediapipe,mediapipe,mediapipe,mediapipe,movenet,mediapipe,gpr,movenet,movenet,mediapipe,mediapipe,mediapipe,mediapipe,mediapipe,mediapipe,mediapipe,mediapipe
361,7.22,0.4001947626571524,-0.49719859476270156,-0.3260746598243713,0.9999920725822448,0.9999971389770508,0.0184482205659151,-0.5614438056945801,-0.3066136538982391,0.9999940395355223,0.9999974966049194,0.638053472530171,-0.1311374926523557,-0.2529655992984772,0.999998152256012,0.9999994039535522,-0.638053472530171,0.13113749265235178,0.0398656576871871,0.9999380707740784,0.9999877214431764,0.4613609094649351,0.2346591509481868,-0.2909385561943054,0.9992396831512452,0.999988317489624,0.6014230379592361,0.6934703899013746,0.0346409268677234,0.5000407099723816,0.9999206066131592,0.02822716247605078,0.49062200662771804,-0.2416217774152755,0.9990960359573364,0.9999979734420776,-0.9649208625358721,-0.4623655310883964,-0.0486785732209682,0.5308221578598022,0.9999630451202391,-0.2757328416507999,0.14515516902827913,-0.0524908825755119,0.9999895691871644,0.9999996423721312,-0.12432052570120544,0.3251203801452995,0.054143451154232,0.9999787211418152,0.9999994039535522,-0.6603479169254113,-0.6696556240213595,-0.3023240566253662,0.9957581162452698,0.9999979734420776,-0.7521747638792332,-0.6805730095906172,-0.1243854090571403,0.967303454875946,0.9999940395355223,-0.6613059063547404,-0.49370129102520816,-0.1459722816944122,0.9938169717788696,0.9999837875366212,-0.8686451916912833,-0.6559648061631574,0.0254667364060878,0.9586408138275146,0.9999892711639404,-0.6509192859527548,-0.4867507995665365,-0.1236603781580925,0.9546835422515868,0.9999343156814576,-0.6942875681578926,-0.48684033494951917,0.0028959177434444,0.9053338170051576,0.999984860420227,-0.5652254258960326,-0.5291635503392148,-0.1823499649763107,0.9942172169685364,0.9997506737709044,-0.5930799893429489,-0.41676827541433537,-0.0290978029370307,0.9664976596832277,0.9998414516448976,mediapipe,mediapipe,mediapipe,mediapipe,mediapipe,movenet,mediapipe,gpr,movenet,movenet,mediapipe,mediapipe,mediapipe,mediapipe,mediapipe,mediapipe,mediapipe,mediapipe
362,7.24,0.39240896538034925,-0.41829193970336853,-0.3251407146453857,0.9999923706054688,0.9999982118606568,0.0171278454363346,-0.5625970363616943,-0.3027926683425903,0.999994158744812,0.9999977350234984,0.6334382014115186,-0.23098408100587067,-0.247615098953247,0.9999980926513672,0.9999992847442628,-0.6334382014115186,0.23098408100586676,0.0420397594571113,0.999939739704132,0.9999910593032836,0.45417165084367234,0.2240063082304171,-0.2812610864639282,0.9992353916168212,0.999985933303833,0.600216729629665,0.6963014470233156,0.0379372127354145,0.5146692991256714,0.9999462366104126,0.024401744203988288,0.4891092961171373,-0.2266272902488708,0.999094307422638,0.999997854232788,-0.9627895646510488,-0.45839682607220694,-0.0439363270998001,0.5555934906005859,0.9999825954437256,-0.2792276799702487,0.14777130171654423,-0.0526260435581207,0.9999895095825196,0.9999994039535522,-0.12773512090760544,0.3273870747435639,0.054282434284687,0.9999789595603944,0.9999994039535522,-0.6575066445289656,-0.6705268356215154,-0.302263468503952,0.99591064453125,0.9999972581863404,-0.7611860423741045,-0.6936382515585727,-0.1213640123605728,0.9684538245201112,0.9999939203262328,-0.6221717445652727,-0.5436360078292779,-0.1434132009744644,0.9939815402030944,0.99997878074646,-0.8630339354180299,-0.7246654091181219,0.0317728742957115,0.9594748616218568,0.9999895095825196,-0.6031849164103094,-0.5430209456380132,-0.120640143752098,0.9560499787330629,0.9999121427536012,-0.6826820052033061,-0.567387140016361,0.0095612928271293,0.9074624180793762,0.9999850988388062,-0.5278482386715524,-0.6053916099758909,-0.1750441044569015,0.9943826794624328,0.999647617340088,-0.5817908402496875,-0.4955409283296368,-0.0183870680630207,0.9672074317932128,0.9998233914375304,mediapipe,mediapipe,mediapipe,mediapipe,mediapipe,movenet,mediapipe,gpr,movenet,movenet,mediapipe,mediapipe,mediapipe,mediapipe,mediapipe,mediapipe,mediapipe,mediapipe
363,7.26,0.40390700573255206,-0.39999168018804776,-0.3290705382823944,0.9999921917915344,0.999996781349182,0.0164506193250417,-0.5622884035110474,-0.3061632513999939,0.9999940395355223,0.9999972581863404,0.6213001937026403,-0.23848378593681754,-0.2500459849834442,0.9999980926513672,0.9999994039535522,-0.6213001937026403,0.23848378593681363,0.0401153899729251,0.999938428401947,0.9999833106994628,0.4570669243694468,0.22347897802375474,-0.2823585867881775,0.9992204308509828,0.9999880790710448,0.6030967444657119,0.6963961656662065,0.0364684835076332,0.5079311728477478,0.9998888969421388,0.0288095761616205,0.48906431843450354,-0.2276470363140106,0.999069333076477,0.9999977350234984,-0.9627351162884856,-0.4613761854714915,-0.0463896803557872,0.5450776219367981,0.999931573867798,-0.27141141910911093,0.14361038981541335,-0.0525840744376182,0.9999893307685852,0.9999994039535522,-0.12138065075604935,0.3213504260959454,0.0542467981576919,0.9999786019325256,0.9999990463256836,-0.6535497992366407,-0.6716636609483947,-0.3012276887893677,0.995836615562439,0.9999970197677612,-0.7584793375448646,-0.6954785008934858,-0.1202671006321907,0.9677491188049316,0.999990701675415,-0.6514049029696487,-0.5448340081401039,-0.1424966901540756,0.9938948750495912,0.9999761581420898,-0.8743506006428785,-0.7161416936936518,0.0321000181138515,0.9590765833854676,0.9999816417694092,-0.6386880437237193,-0.544303907709719,-0.1196890473365783,0.9554410576820374,0.9999042749404908,-0.7000965401761471,-0.5556693150369043,0.009855474345386,0.906182587146759,0.999975323677063,-0.5559060105963128,-0.6048571181390455,-0.1743604391813278,0.994287133216858,0.9996294975280762,-0.5934803767799661,-0.4800616236997518,-0.0183805711567401,0.966732621192932,0.9997360110282898,mediapipe,mediapipe,mediapipe,mediapipe,mediapipe,movenet,mediapipe,gpr,movenet,movenet,mediapipe,mediapipe,mediapipe,mediapipe,mediapipe,mediapipe,mediapipe,mediapipe
364,7.28,0.3854303023933532,-0.4572650191453492,-0.3323720395565033,0.9999920725822448,0.9999972581863404,0.0164585877209901,-0.560884416103363,-0.3141947090625763,0.9999939799308776,0.999997615814209,0.6268436467501809,-0.09540396066391128,-0.2580458223819732,0.9999980926513672,0.9999994039535522,-0.6268436467501809,0.09540396066390737,0.0361136421561241,0.9999386072158812,0.999987244606018,0.456829209790716,0.24162992877007677,-0.2907572388648987,0.9992321729660034,0.9999910593032836,0.6043409256125982,0.6980341550574094,0.0342362485826015,0.5079312920570374,0.999915361404419,0.028323734063012238,0.4924981047643149,-0.2361739873886108,0.9990869760513306,0.9999985694885254,-0.9694369480228472,-0.46826511650143626,-0.0473968423902988,0.543067455291748,0.9999562501907348,-0.2661972630513524,0.1412875270460146,-0.0525346621870994,0.9999893307685852,0.9999995231628418,-0.1172357784184758,0.31684562605726496,0.054186251014471,0.999978482723236,0.9999991655349731,-0.6562178884243592,-0.664584363506947,-0.3007582426071167,0.9958333969116212,0.9999980926513672,-0.7593297445776266,-0.6963207175646037,-0.1201466545462608,0.9673723578453064,0.9999938011169434,-0.6739255125366769,-0.5076218144163349,-0.1423850357532501,0.993952214717865,0.9999829530715942,-0.8781164109290419,-0.6952706465237223,0.0320924594998359,0.9588600397109984,0.999987244606018,-0.664912986178522,-0.5034369199555093,-0.1196386069059372,0.9555123448371888,0.9999278783798218,-0.7067397405594025,-0.5306170823495573,0.0098394015803933,0.9054883122444152,0.9999821186065674,-0.5837571885062726,-0.5727358127725835,-0.1756669729948043,0.9943414330482484,0.9997410178184508,-0.604837645277181,-0.4683990240297332,-0.0190121252089738,0.9666995406150818,0.9998283386230468,mediapipe,mediapipe,mediapipe,mediapipe,mediapipe,movenet,mediapipe,gpr,movenet,movenet,mediapipe,mediapipe,mediapipe,mediapipe,mediapipe,mediapipe,mediapipe,mediapipe
365,7.3,0.3671939738800067,-0.4674446742877154,-0.3316220939159393,0.9999915957450868,0.9999958276748656,0.0178269669413566,-0.5606752038002014,-0.3137034773826599,0.9999936819076538,0.999996781349182,0.6573645523807701,-0.07128115670396067,-0.2568683624267578,0.9999980926513672,0.9999992847442628,-0.6573645523807701,0.07128115670395677,0.0361346900463104,0.9999372363090516,0.9999806880950928,0.4544373302311972,0.24510784593901794,-0.2890439629554748,0.9992236495018004,0.9999898672103882,0.6077635882135372,0.6976009671085056,0.0335345268249511,0.5038720965385437,0.9998761415481568,0.026837995566558862,0.4932121084741237,-0.234149768948555,0.9990829825401306,0.9999984502792358,-0.978445394789223,-0.47094275548271375,-0.0487837642431259,0.5324328541755676,0.9999288320541382,-0.2711420103151574,0.1453670605831018,-0.0520950369536876,0.9999895095825196,0.9999996423721312,-0.12223285032034291,0.3197522637259476,0.0537660308182239,0.9999786615371704,0.9999992847442628,-0.6579659274291879,-0.6793290889053129,-0.3064160645008087,0.9958462715148926,0.9999983310699464,-0.7601714302623301,-0.6961164530561538,-0.1289444863796234,0.9677982926368712,0.9999935626983644,-0.6558900906921716,-0.5131161874729188,-0.1460357457399368,0.9939698576927184,0.999987006187439,-0.8736655466619402,-0.6961697208221588,0.0285094026476144,0.9591148495674132,0.9999890327453612,-0.6433040068176707,-0.5078499113694301,-0.1231229454278945,0.9552956819534302,0.9999459981918336,-0.6994722976960381,-0.5323326730227589,0.0066947704181075,0.9054859280586244,0.9999852180480956,-0.5431947706238397,-0.5696378213628117,-0.1805158704519271,0.9943594932556152,0.9997751116752625,-0.5876789763246163,-0.46684360723020185,-0.022845022380352,0.9668803215026855,0.9998385906219482,mediapipe,mediapipe,mediapipe,mediapipe,mediapipe,movenet,mediapipe,gpr,movenet,movenet,mediapipe,mediapipe,mediapipe,mediapipe,mediapipe,mediapipe,mediapipe,mediapipe
366,7.32,0.4184446602348353,-0.4430294558164779,-0.3346084356307983,0.9999921321868896,0.9999988079071044,0.0166765451431274,-0.5607108473777771,-0.3135972917079925,0.9999940395355223,0.9999986886978148,0.6992820604381828,-0.08371312961187255,-0.2564072906970978,0.9999980926513672,0.9999995231628418,-0.6992820604381828,0.0837131296118833,0.0347543470561504,0.9999382495880128,0.9999887943267822,0.4614369282459986,0.24452376819375468,-0.288288950920105,0.9992422461509703,0.99998939037323,0.6111673402189982,0.6959809112781554,0.0284620411694049,0.5143516063690186,0.9999247789382936,0.03262429093207718,0.4934618111968868,-0.234080895781517,0.9991081357002258,0.9999983310699464,-0.9757421075332104,-0.46836838503747574,-0.0563745386898517,0.5452737808227539,0.9999653100967408,-0.26095666734984424,0.1402051734604865,-0.0522298887372016,0.9999894499778748,0.9999994039535522,-0.11330251295853781,0.31099687842752827,0.0539172068238258,0.9999786019325256,0.9999991655349731,-0.648718214341406,-0.6777357736263426,-0.2963323593139648,0.9958834648132324,0.9999971389770508,-0.7577458328509201,-0.6968992791753755,-0.1165198162198066,0.9682321548461914,0.9999918937683104,-0.6253020576252583,-0.5155045676806548,-0.1416358798742294,0.9940464496612548,0.9999723434448242,-0.866192645035194,-0.6997052066017307,0.03560371696949,0.9596387147903442,0.9999853372573853,-0.6101061171692524,-0.5101017260020402,-0.1193203404545784,0.955774188041687,0.9998828172683716,-0.6883213270314198,-0.536616056774557,0.013096572831273,0.90718275308609,0.9999791383743286,-0.5212602924871276,-0.5725186433592108,-0.1755992174148559,0.9944254755973816,0.9995546936988832,-0.5792213009396563,-0.4734086437890695,-0.0145151279866695,0.9672858119010924,0.9997687935829164,mediapipe,mediapipe,mediapipe,mediapipe,mediapipe,movenet,mediapipe,gpr,movenet,movenet,mediapipe,mediapipe,mediapipe,mediapipe,mediapipe,mediapipe,mediapipe,mediapipe
367,7.34,0.4030732470493548,-0.4639969281859381,-0.3325341939926147,0.9999915957450868,0.9999958276748656,0.016940077766776,-0.5603386759757996,-0.3134393393993377,0.9999937415122986,0.9999969005584716,0.6805742574696517,-0.04246833909626063,-0.2564887106418609,0.9999980926513672,0.9999994039535522,-0.6805742574696517,0.042468339096256726,0.0347823947668075,0.9999373555183412,0.9999837875366212,0.4581956674039503,0.2549483577253126,-0.2897160053253174,0.9992318153381348,0.9999897480010986,0.6104403344175698,0.6950646684528468,0.0288876686245203,0.5088624358177185,0.9998937845230104,0.032437721117925804,0.49594698700043127,-0.2373965978622436,0.999099850654602,0.9999983310699464,-0.9707658705784195,-0.4571590214416172,-0.0545533522963523,0.5350883603096008,0.9999364614486694,-0.26253463703947405,0.14187476459998433,-0.0520150661468505,0.9999896287918092,0.9999995231628418,-0.11450730507214849,0.31115895242693026,0.0536954216659069,0.9999788403511048,0.9999992847442628,-0.6501598581515354,-0.6670141302224221,-0.2966350317001343,0.9959226846694946,0.9999982118606568,-0.758331852997421,-0.6970720067344348,-0.1184138432145118,0.9684500098228456,0.9999938011169434,-0.6442324579411054,-0.48878126669021105,-0.1420246362686157,0.994163453578949,0.9999849796295166,-0.8701224372267156,-0.6876100773133548,0.0331278927624225,0.9601600766181946,0.9999879598617554,-0.6342943598156771,-0.48154135210315135,-0.1197607964277267,0.9562015533447266,0.9999369382858276,-0.6947520682761378,-0.5215252412347333,0.0105914194136857,0.9076154828071594,0.9999833106994628,-0.5434364650984331,-0.5232737391331526,-0.1772641241550445,0.9945164322853088,0.999745547771454,-0.5847666282285445,-0.44890728936609203,-0.0189231764525175,0.9676876068115234,0.9998204112052916,mediapipe,mediapipe,mediapipe,mediapipe,mediapipe,movenet,mediapipe,gpr,movenet,movenet,mediapipe,mediapipe,mediapipe,mediapipe,mediapipe,mediapipe,mediapipe,mediapipe
368,7.36,0.406849794916939,-0.45440429391398446,-0.3319209814071655,0.999991774559021,0.999997854232788,0.0172514449805021,-0.5604997873306274,-0.3120205700397491,0.9999939203262328,0.9999982118606568,0.6770874460898161,-0.05297473437160257,-0.2553793489933014,0.9999980926513672,0.9999995231628418,-0.6770874460898161,0.052974734371598664,0.0361128337681293,0.9999379515647888,0.9999862909317015,0.46005685204966046,0.256268395257277,-0.2890862226486206,0.999250590801239,0.9999890327453612,0.6121449225326623,0.696282917563733,0.0309753995388746,0.5145971775054932,0.9999051094055176,0.034436677135309623,0.4967268826435606,-0.237345352768898,0.9991280436515808,0.9999983310699464,-0.9564563001064073,-0.4371134403371252,-0.0518425740301609,0.5461194515228271,0.9999626874923706,-0.26606214276980317,0.14386936952270862,-0.052093282341957,0.9999898076057434,0.9999995231628418,-0.11742042982342307,0.31379398261143077,0.0537802763283252,0.9999791979789734,0.9999992847442628,-0.6421946862406201,-0.6665009484626049,-0.3012855350971222,0.9960853457450868,0.9999980926513672,-0.7571370281706535,-0.6925951770372454,-0.1184120923280716,0.9696635603904724,0.9999938011169434,-0.6083379409853754,-0.4907360843751446,-0.1420859098434448,0.994314193725586,0.9999837875366212,-0.8478629335282462,-0.6866532953284505,0.0331406965851783,0.9615135192871094,0.999988317489624,-0.5932288092295173,-0.48351363973143185,-0.1197185441851615,0.9571653008461,0.9999316930770874,-0.6607158239760165,-0.5207272193340767,0.0106131080538034,0.9104270935058594,0.9999834299087524,-0.4967418990674993,-0.5226886538716478,-0.1769061088562011,0.9946534633636476,0.999717891216278,-0.5613681625865823,-0.4468798809974087,-0.0185854602605104,0.9687626361846924,0.999810755252838,mediapipe,mediapipe,mediapipe,mediapipe,mediapipe,movenet,mediapipe,gpr,movenet,movenet,mediapipe,mediapipe,mediapipe,mediapipe,mediapipe,mediapipe,mediapipe,mediapipe
369,7.38,0.4101132848205206,-0.38768214363480513,-0.3361651003360748,0.9999921321868896,0.9999984502792358,0.0133578702807426,-0.5601535439491272,-0.3137838840484619,0.999994158744812,0.9999982118606568,0.6995068031420532,-0.09912503293795763,-0.2560559511184692,0.9999980926513672,0.9999995231628418,-0.6995068031420532,0.09912503293796837,0.033473502844572,0.9999396800994872,0.999990940093994,0.46845321475964474,0.2515653481820003,-0.2890712022781372,0.9992413520812988,0.9999890327453612,0.6146240968391482,0.6894191976597825,0.0283808317035436,0.5244311094284058,0.999942183494568,0.042148652263283556,0.4966537918455868,-0.2369384616613388,0.9991145730018616,0.9999980926513672,-0.9332928964773588,-0.4200913349820192,-0.0543648563325405,0.5607094764709473,0.999974012374878,-0.24957487167479636,0.1328206229103998,-0.0521970055997371,0.9999897480010986,0.9999995231628418,-0.10257616137801667,0.3024835332830027,0.0538865961134433,0.9999793171882628,0.9999994039535522,-0.6309086474212655,-0.6458163379208677,-0.2878065705299377,0.9958847761154176,0.9999969005584716,-0.7584240217506042,-0.6804908064673814,-0.110615350306034,0.9689790606498718,0.9999922513961792,-0.5986046421657106,-0.4778465955750443,-0.1331897974014282,0.9941442608833312,0.9999730587005616,-0.84173136036238,-0.6862864962989549,0.0413218438625335,0.9604849219322203,0.999986171722412,-0.584353197097745,-0.4707124077060542,-0.1112602576613426,0.9559279680252076,0.9998890161514282,-0.6513972177795728,-0.5219767361549763,0.0188781172037124,0.9089511632919312,0.999980926513672,-0.4898422298418344,-0.5068031787031204,-0.1666407287120819,0.9944967031478882,0.9995675683021544,-0.5534412779232714,-0.4434130396650175,-0.0079484079033136,0.967972695827484,0.9997809529304504,mediapipe,mediapipe,mediapipe,mediapipe,mediapipe,movenet,mediapipe,gpr,movenet,movenet,mediapipe,mediapipe,mediapipe,mediapipe,mediapipe,mediapipe,mediapipe,mediapipe
370,7.4,0.3561916320359706,-0.3301139667037624,-0.3370015323162079,0.9999921321868896,0.99999737739563,0.0125928632915019,-0.5584050416946411,-0.31637704372406,0.999994158744812,0.9999977350234984,0.6770542223097606,-0.10149775562631515,-0.2591101825237274,0.9999980926513672,0.9999995231628418,-0.6770542223097606,0.10149775562632492,0.0330729186534881,0.9999396204948424,0.999987006187439,0.4700853419601492,0.25449729238790586,-0.2943825423717499,0.9992502331733704,0.9999902248382568,0.6134425007811903,0.6913872360048654,0.0284352619200944,0.5189194679260254,0.999904990196228,0.04112056049453099,0.49471406130042,-0.2431443184614181,0.999126136302948,0.9999982118606568,-0.9293504578824971,-0.4178449408732651,-0.0543744824826717,0.5550717115402222,0.9999434947967528,-0.242757405241805,0.12783385168174943,-0.0522609837353229,0.9999897480010986,0.9999995231628418,-0.0970722850696131,0.2988143387380077,0.0539403930306434,0.9999792575836182,0.9999991655349731,-0.6568454569701611,-0.636647012576778,-0.2850522100925445,0.9958506226539612,0.999997615814209,-0.7573851920947993,-0.6837458584939843,-0.1103042662143707,0.9686464667320251,0.9999922513961792,-0.6348836629775796,-0.4778937547271238,-0.1277530193328857,0.9941266775131226,0.999979853630066,-0.8474944943664369,-0.6858945675400133,0.0411665514111518,0.96019846200943,0.9999845027923584,-0.6200412140104393,-0.47066859163875463,-0.1052307561039924,0.955863118171692,0.9999165534973145,-0.6613613010283074,-0.5206713096485285,0.018700597807765,0.9081476926803588,0.9999785423278807,-0.5230299428622186,-0.4948804282895711,-0.1586190611124038,0.9944792985916138,0.9996531009674072,-0.5641094705554205,-0.43321922363401083,-0.0084015596657991,0.9677338004112244,0.9997546076774596,mediapipe,mediapipe,mediapipe,mediapipe,mediapipe,movenet,mediapipe,gpr,movenet,movenet,mediapipe,mediapipe,mediapipe,mediapipe,mediapipe,mediapipe,mediapipe,mediapipe
371,7.42,0.32411154499912403,-0.27010044634393504,-0.3359959721565246,0.9999924302101136,0.9999982118606568,0.0092358728870749,-0.5583402514457703,-0.3127836287021637,0.9999943375587464,0.9999983310699464,0.6318439729418173,-0.14552935323066019,-0.2555900812149048,0.9999980926513672,0.9999994039535522,-0.6318439729418173,0.14552935323065627,0.0343614928424358,0.9999388456344604,0.9999858140945436,0.45533946033460193,0.2486809508666969,-0.2941003441810608,0.9992481470108032,0.9999871253967284,0.6210699549211905,0.6878021107553762,0.0290171988308429,0.5161390900611877,0.9998866319656372,0.03590116874647628,0.49166471619697805,-0.2436437606811523,0.9991245865821838,0.9999977350234984,-0.9453203205420001,-0.44164630961489865,-0.0534122250974178,0.5492438077926636,0.9999243021011353,-0.22278968527957055,0.11432990774178486,-0.052264928817749,0.9999898672103882,0.9999995231628418,-0.07928191052200591,0.2852337894241604,0.0539497174322605,0.999979555606842,0.9999992847442628,-0.6566023446197968,-0.6622441334553368,-0.2853663563728332,0.9959931373596193,0.999997615814209,-0.7547805123295044,-0.7114483337302426,-0.1104178577661514,0.9698175191879272,0.9999924898147584,-0.624250570122794,-0.5237354121071552,-0.1281038373708725,0.9943186044692992,0.9999799728393556,-0.8410931360408601,-0.7239270789410034,0.040929440408945,0.9616477489471436,0.9999853372573853,-0.6078148333010245,-0.5147734533155535,-0.1054243370890617,0.9573213458061218,0.9999152421951294,-0.6512735257499077,-0.5627247406189485,0.0184667501598596,0.910801887512207,0.9999794960021972,-0.5077114412916747,-0.5093446612017329,-0.1579463481903076,0.9946430921554564,0.9995914101600648,-0.5482004218221638,-0.4510170191167662,-0.0088083213195204,0.9686776399612428,0.9997218251228333,mediapipe,mediapipe,mediapipe,mediapipe,mediapipe,movenet,mediapipe,gpr,movenet,movenet,mediapipe,mediapipe,mediapipe,mediapipe,mediapipe,mediapipe,mediapipe,mediapipe
372,7.44,0.3243943466142402,-0.24013295263068155,-0.3355542421340942,0.999992609024048,0.9999982118606568,0.0041019800119102,-0.5583500266075134,-0.3115981221199035,0.999994456768036,0.9999983310699464,0.5556911484906286,-0.18108525382884702,-0.2551701366901397,0.9999980926513672,0.9999995231628418,-0.5556911484906286,0.1810852538288431,0.0363464280962944,0.999937891960144,0.999985933303833,0.4734821729474363,0.23843307930300445,-0.2939512133598327,0.9992485642433168,0.9999901056289672,0.6307176887989966,0.6844431667607943,0.0349591299891471,0.5086187720298767,0.9999047517776488,0.046197531722686896,0.48224516771987347,-0.2438817322254181,0.9991397261619568,0.9999984502792358,-0.9894230636988306,-0.4944553640087407,-0.0467165820300579,0.5447823405265808,0.999953031539917,-0.19323272090918078,0.09470738609163078,-0.0523689873516559,0.9999891519546508,0.9999991655349731,-0.05296702344888795,0.26442752870144126,0.0540350787341594,0.999978005886078,0.9999986886978148,-0.6520611315032279,-0.6962773520938637,-0.2853747904300689,0.9957849383354188,0.9999966621398926,-0.741382541581138,-0.7272590483940432,-0.1080363392829895,0.9679210782051086,0.9999890327453612,-0.6340895539209148,-0.5441972043882779,-0.1307969391345977,0.9941410422325134,0.9999675750732422,-0.8308916445618609,-0.7439121916639119,0.040734875947237,0.9594926834106444,0.999976634979248,-0.6192495696626942,-0.5339643143591678,-0.1088454574346542,0.9570189714431764,0.9998639822006226,-0.6387639434873816,-0.5857542771411663,0.0183269269764423,0.9078450202941896,0.9999679327011108,-0.5375569884186335,-0.5542778706100524,-0.161533921957016,0.9945105910301208,0.9995237588882446,-0.5283729691391541,-0.49793994775383815,-0.0090627958998084,0.9670791625976562,0.9996967315673828,mediapipe,mediapipe,mediapipe,mediapipe,mediapipe,movenet,mediapipe,gpr,movenet,movenet,mediapipe,mediapipe,mediapipe,mediapipe,mediapipe,mediapipe,mediapipe,mediapipe
373,7.46,0.24572367729188271,-0.17273499959940303,-0.3354751765727997,0.9999920129776,0.9999947547912598,-0.0044323871843516,-0.5572128295898438,-0.3122400045394897,0.999994158744812,0.999996304512024,0.4923991613679285,-0.25835528046355655,-0.2568843364715576,0.9999980926513672,0.9999992847442628,-0.4923991613679285,0.2583552804635526,0.0361197814345359,0.999934732913971,0.9999775886535645,0.49104933098642756,0.23090667192384653,-0.2963047623634338,0.9992370009422302,0.9999877214431764,0.6440768189844447,0.6823552688755086,0.0355749242007732,0.4963422417640686,0.999858856201172,0.0513893660729008,0.477737397979373,-0.2454503029584884,0.9991241693496704,0.999997615814209,-1.0467393472370567,-0.559401852337986,-0.0439696125686168,0.5282960534095764,0.9998960494995116,-0.15363482231816736,0.06874930214039893,-0.0523862577974796,0.999988615512848,0.999998927116394,-0.0181926243637092,0.23604552649159743,0.0540443025529384,0.999976933002472,0.9999984502792358,-0.659416953745555,-0.7090498877529889,-0.2835527062416076,0.9954379200935364,0.9999946355819702,-0.7245911756517659,-0.7396728712835369,-0.1065225899219513,0.9656491279602052,0.99998140335083,-0.6660129795449625,-0.5635125871926502,-0.1303716152906417,0.9937554001808168,0.999950647354126,-0.8231247174118497,-0.7550063367309431,0.0407949090003967,0.9570428729057312,0.999958038330078,-0.6526478529152702,-0.5524995363495127,-0.1083390042185783,0.9554741978645324,0.9998058676719666,-0.6309522802619422,-0.5978765207973631,0.0183217208832502,0.9036720395088196,0.999945878982544,-0.5582452275682022,-0.5644041048712635,-0.1602831482887268,0.9941328763961792,0.999198853969574,-0.5049543313072744,-0.500917367345507,-0.0090996753424406,0.9647114872932434,0.9994127750396729,mediapipe,mediapipe,mediapipe,mediapipe,mediapipe,movenet,mediapipe,gpr,movenet,movenet,mediapipe,mediapipe,mediapipe,mediapipe,mediapipe,mediapipe,mediapipe,mediapipe
374,7.48,0.2528587088092039,-0.026999287122462114,-0.3607389628887176,0.9999918937683104,0.9999966621398926,-0.0119289681315422,-0.5503418445587158,-0.3307669460773468,0.9999939799308776,0.9999969005584716,0.6831335881027183,-0.3346306181529723,-0.2735196650028229,0.9999980330467224,0.9999991655349731,-0.6831335881027183,0.33463061815298206,0.0196349453181028,0.9999321103096008,0.9999790191650392,0.53119834136177,0.22632010496772934,-0.315512865781784,0.9991936087608336,0.999984622001648,0.6727034686536352,0.6700381099778432,0.0238700695335865,0.4783818125724792,0.9998670816421508,0.05462716752157309,0.466165114860855,-0.2719765603542328,0.9990347027778624,0.9999959468841552,-1.072220493240018,-0.6046065292594333,-0.0536501184105873,0.504734218120575,0.9998761415481568,-0.07954083787242687,0.021349275690399912,-0.0524870939552784,0.9999874830245972,0.9999985694885254,0.046664900577676575,0.18011254084450812,0.0541297309100627,0.9999749660491944,0.9999980926513672,-0.669957129265427,-0.7260726831554587,-0.267064094543457,0.9937713742256165,0.999990940093994,-0.7016273608732813,-0.7524219202105434,-0.0997239351272583,0.9585205912590028,0.9999738931655884,-0.6751900842785604,-0.592578245443275,-0.1185640767216682,0.9918325543403624,0.9998903274536132,-0.8079232286128121,-0.7521815134001061,0.0437989421188831,0.9487265944480896,0.9999300241470336,-0.6625192672993114,-0.580653166315519,-0.0968030765652656,0.9470384120941162,0.9995800852775574,-0.6159726872329854,-0.5942483655734908,0.0213488992303609,0.8921025991439819,0.9999088048934937,-0.5808438114765734,-0.5885352894188816,-0.1471651345491409,0.9923684000968932,0.998544692993164,-0.4940990156090305,-0.490036314493298,-0.0052186138927936,0.9572047591209412,0.999092698097229,mediapipe,mediapipe,mediapipe,mediapipe,mediapipe,movenet,mediapipe,gpr,movenet,movenet,mediapipe,mediapipe,mediapipe,mediapipe,mediapipe,mediapipe,mediapipe,mediapipe
375,7.5,0.2993964533024346,0.06398400807626223,-0.3578719794750213,0.9999921917915344,0.9999984502792358,-0.0129848141223192,-0.5504794716835022,-0.3293695449829101,0.999994158744812,0.9999986886978148,0.7026834210970285,-0.3366105545242631,-0.2724193334579468,0.9999980926513672,0.9999995231628418,-0.7026834210970285,0.33661055452427285,0.0198465976864099,0.9999322295188904,0.9999881982803344,0.5406709446061185,0.22731394269687183,-0.3143438398838043,0.999193787574768,0.9999901056289672,0.676818439949531,0.6694932079039725,0.028517872095108,0.4635539650917053,0.99990975856781,0.06107957852387213,0.4645675086930661,-0.2695001661777496,0.999030351638794,0.9999977350234984,-1.0283399155952198,-0.5525800941975615,-0.0476468540728092,0.4941470324993133,0.9999493360519408,-0.06665168063919394,0.01234652198388974,-0.0530551858246326,0.9999873042106628,0.9999992847442628,0.05705934986334431,0.17186286304675322,0.0546179823577404,0.9999746680259703,0.999998927116394,-0.702871987715527,-0.6572168296544819,-0.2555620074272156,0.993503749370575,0.999996781349182,-0.6768212459785888,-0.7479584680580679,-0.0948479548096656,0.9573474526405334,0.9999920129776,-0.6607902039730847,-0.5930920237343292,-0.0882665514945983,0.9912822246551514,0.9999568462371826,-0.7920866431578907,-0.7549676552057951,0.0521838031709194,0.94681578874588,0.9999743700027466,-0.6451722791573737,-0.5822312710841384,-0.0640584677457809,0.9451223015785216,0.99983012676239,-0.598560789022905,-0.5977754954380651,0.0305806007236242,0.8902245759963989,0.9999637603759766,-0.5629974959705514,-0.5836999848140629,-0.1015333831310272,0.9919124841690063,0.9994192123413086,-0.48176868445754756,-0.5007560540038227,0.0100643411278724,0.955826699733734,0.9996299743652344,mediapipe,mediapipe,mediapipe,mediapipe,mediapipe,movenet,mediapipe,gpr,movenet,movenet,mediapipe,mediapipe,mediapipe,mediapipe,mediapipe,mediapipe,mediapipe,mediapipe
376,7.52,0.30478636001579945,0.23358962280046444,-0.3761991560459137,0.9999924302101136,0.9999984502792358,-0.0204590018838644,-0.5451284050941467,-0.3408771753311157,0.9999942779541016,0.9999984502792358,0.85221701941011,-0.42523862711679955,-0.2808505892753601,0.9999980926513672,0.9999995231628418,-0.85221701941011,0.4252386271168093,0.0110657541081309,0.9999325275421144,0.9999879598617554,0.5754287722288981,0.23312465068128155,-0.3170473277568817,0.9991518259048462,0.9999885559082032,0.7013999699436478,0.6610272990572856,0.0255935881286859,0.4490334391593933,0.9999123811721802,0.06436548801216001,0.46000847575755766,-0.2720243632793426,0.9989764094352722,0.9999972581863404,-0.8335908677198621,-0.38390388386860513,-0.0480808094143867,0.4832296669483185,0.99994695186615,-0.005478916692368706,-0.024677308171642556,-0.0531022958457469,0.9999863505363464,0.999998927116394,0.10790976869710413,0.12368443605573552,0.054648108780384,0.9999730587005616,0.9999986886978148,-0.6729192226947507,-0.6097325928518496,-0.2445221692323684,0.9916836023330688,0.9999938011169434,-0.6552107386802832,-0.7204687936047663,-0.0885860100388526,0.9507838487625122,0.9999858140945436,-0.6445527322729364,-0.5647473821595367,-0.0786261335015297,0.9887601137161256,0.9999058246612548,-0.7748113106986164,-0.7181604225441689,0.0546971969306468,0.9390761256217957,0.9999508857727052,-0.6309703406315041,-0.5564223999664926,-0.0552100278437137,0.935275673866272,0.9996416568756104,-0.5812443894196552,-0.5589690130634104,0.0330793373286724,0.8798255324363708,0.9999322891235352,-0.5578171043059655,-0.5763074928460338,-0.0961849316954612,0.9896970987319946,0.9988963603973388,-0.48353298302429304,-0.4954522588437752,0.012060816399753,0.9493584036827089,0.999362051486969,mediapipe,mediapipe,mediapipe,mediapipe,mediapipe,movenet,mediapipe,gpr,movenet,movenet,mediapipe,mediapipe,mediapipe,mediapipe,mediapipe,mediapipe,mediapipe,mediapipe
377,7.54,0.3169255552462749,0.43287299975870497,-0.3741820156574249,0.999992609024048,0.9999980926513672,-0.0291275717318058,-0.5432301759719849,-0.3410170376300812,0.9999943375587464,0.9999979734420776,0.9060554357504023,-0.3981420351996087,-0.2840645015239715,0.9999980926513672,0.9999994039535522,-0.9060554357504023,0.39814203519960484,0.0100461980327963,0.9999328851699828,0.9999891519546508,0.6079932769125315,0.23581565374798338,-0.3213501572608948,0.9991459250450134,0.9999889135360718,0.7179611427667086,0.6583842089523189,0.0207713413983583,0.4405385255813598,0.9999250173568726,0.07612480989792891,0.45291959745750343,-0.2712512612342834,0.9989672899246216,0.9999977350234984,-0.471157774720886,-0.06206812894170016,-0.0570530779659748,0.480094164609909,0.9999605417251588,0.04316051551114264,-0.05454903059767622,-0.0537309385836124,0.9999851584434508,0.9999985694885254,0.14697429591121755,0.0861553000320217,0.0551911890506744,0.9999710321426392,0.9999983310699464,-0.6735101977916561,-0.6087791478473903,-0.2304084599018097,0.990587592124939,0.9999951124191284,-0.6314590952498774,-0.7251379180485539,-0.0775337293744087,0.9451795816421508,0.99998939037323,-0.601285388108331,-0.5787992552994004,-0.0588256977498531,0.9870474338531494,0.9999256134033204,-0.7437938534672276,-0.7297263533128798,0.0699668079614639,0.9316781759262084,0.9999624490737916,-0.5864260269119039,-0.5714006687653866,-0.0348517522215843,0.9293274879455566,0.9997112154960632,-0.5418456062228649,-0.5718501119243362,0.0484634190797805,0.872671902179718,0.9999477863311768,-0.5125328406820999,-0.5980314413394988,-0.0686265528202056,0.9882470369338988,0.9991770386695862,-0.4577989170901751,-0.5253042813460289,0.0340571105480194,0.9436164498329164,0.999536156654358,mediapipe,mediapipe,mediapipe,mediapipe,mediapipe,movenet,mediapipe,gpr,movenet,movenet,mediapipe,mediapipe,mediapipe,mediapipe,mediapipe,mediapipe,mediapipe,mediapipe
378,7.56,0.1866191033980162,0.5195547815714289,-0.4009512364864349,0.9999929070472716,0.999998927116394,-0.041848674416542,-0.5335226655006409,-0.370571106672287,0.9999945163726808,0.9999986886978148,0.9895701163476349,-0.07003252458424904,-0.3087782561779022,0.999998152256012,0.9999996423721312,-0.9895701163476349,0.07003252458424512,-0.0114627890288829,0.9999347925186156,0.9999938011169434,0.6691621602576852,0.26636822369149316,-0.3349660336971283,0.9991378784179688,0.9999918937683104,0.7523359886693749,0.6508795854066077,0.0035743536427617,0.4302358031272888,0.999947190284729,0.07895169715311241,0.448605267945824,-0.2792269885540008,0.998950183391571,0.9999982118606568,0.04301372973319979,0.36398009257913017,-0.0815878883004188,0.4776736199855804,0.999970555305481,0.1403533570715488,-0.11666625211626916,-0.0539775304496288,0.9999842643737792,0.9999990463256836,0.22793513050260297,0.008853541882438632,0.0553777851164341,0.999969482421875,0.999998927116394,-0.6484565611142221,-0.5550271901046717,-0.2144635766744613,0.9888388514518738,0.9999958276748656,-0.6015290928468658,-0.7085145632488149,-0.0552364997565746,0.9351041316986084,0.999991774559021,-0.5824628352999769,-0.5624640621767691,-0.0320789441466331,0.984438180923462,0.9999446868896484,-0.7098848476505416,-0.7124804013951892,0.0999382063746452,0.9227972626686096,0.999971866607666,-0.5676673336601881,-0.5576992688904944,-0.0074772220104932,0.9182423949241638,0.99979966878891,-0.5018948095684777,-0.5515882006627087,0.0795743018388748,0.8605977892875671,0.9999629259109496,-0.49841246598617156,-0.6034720962838169,-0.041308157145977,0.9860948324203492,0.9994951486587524,-0.4557643486646964,-0.5459851919094952,0.0647128745913505,0.9370332956314088,0.9997134804725648,mediapipe,mediapipe,mediapipe,mediapipe,mediapipe,movenet,mediapipe,gpr,movenet,movenet,mediapipe,mediapipe,mediapipe,mediapipe,mediapipe,mediapipe,mediapipe,mediapipe
379,7.58,0.14899871153918404,0.4449472479688633,-0.4383849203586578,0.9999931454658508,0.999998927116394,-0.0504971705377101,-0.5186189413070679,-0.4154133796691894,0.999994695186615,0.9999991655349731,0.8362580482643877,0.8298078863071913,-0.3526267111301422,0.9999982118606568,0.9999997615814208,-0.8362580482643877,-0.8298078863071952,-0.043320644646883,0.9999344944953918,0.9999912977218628,0.6821998197041105,0.27202995362862503,-0.3714263439178467,0.9991456866264344,0.9999933242797852,0.7901969132361019,0.6388698073858817,-0.0206449311226606,0.4052094221115112,0.9999101161956788,0.07083257517223741,0.43269022886092834,-0.3037081360816955,0.9989180564880372,0.9999972581863404,1.3672482195691704,1.4736051671526633,-0.0941086113452911,0.4450089931488037,0.9999016523361206,0.2521857274977865,-0.18930554341736364,-0.0543824657797813,0.9999834299087524,0.9999990463256836,0.3196340864408368,-0.08170964102629621,0.0556601993739604,0.9999668598175048,0.9999985694885254,-0.5979927847419405,-0.5917381330427542,-0.2225040793418884,0.9873077273368835,0.9999955892562866,-0.5745335097194841,-0.7348787754974611,-0.0335700176656246,0.9220966696739196,0.9999889135360718,-0.5414513567567873,-0.58220057796749,-0.0459564700722694,0.9820263981819152,0.9999302625656128,-0.6726599769309141,-0.7509387609072773,0.1216445937752723,0.9133858680725098,0.9999589920043944,-0.5289337489065222,-0.5761357802886182,-0.022143505513668,0.9068934321403505,0.99973064661026,-0.45694189165574045,-0.5938365728336468,0.1014750376343727,0.8479383587837219,0.999943733215332,-0.46755804561288106,-0.6419800706002511,-0.0614752173423767,0.9837734699249268,0.9993977546691896,-0.4099217110485452,-0.6149766291632595,0.0881212726235389,0.9289811253547668,0.9996507167816162,mediapipe,mediapipe,mediapipe,mediapipe,mediapipe,movenet,mediapipe,movenet,movenet,movenet,mediapipe,mediapipe,mediapipe,mediapipe,mediapipe,mediapipe,mediapipe,mediapipe
380,7.6,0.15399012830910683,0.7272516348437583,-0.4385823011398315,0.9999934434890748,0.9999991655349731,-0.0652936249971389,-0.510566234588623,-0.4211097359657287,0.999994933605194,0.9999992847442628,0.6159277253467456,0.969326389407218,-0.3599693775177002,0.9999982714653016,0.9999997615814208,-0.6159277253467456,-0.9693263894072219,-0.0484607964754104,0.9999355673789978,0.9999940395355223,0.6619171427346965,0.2469651932722229,-0.3800038695335388,0.9991859793663024,0.999995231628418,0.824601310480589,0.6254624764146836,-0.0262021049857139,0.392526626586914,0.9999366998672484,0.03772062696534841,0.42076571376793315,-0.3114667236804962,0.9989686012268066,0.9999985694885254,1.4011164071041566,1.4635848206368403,-0.1011598259210586,0.4301086664199829,0.9999486207962036,0.34929632992543025,-0.25515710617246984,-0.0547790043056011,0.9999822974205016,0.9999988079071044,0.400247052358009,-0.16179849825246495,0.0559551678597927,0.999963641166687,0.9999984502792358,-0.5483908998120056,-0.6342282272573865,-0.2230965942144394,0.9868203997612,0.9999964237213136,-0.5340175725299874,-0.7408512608147357,-0.0209478326141834,0.914683163166046,0.9999911785125732,-0.4980512858946184,-0.6205300951747561,-0.0409408248960971,0.9807601571083068,0.9999477863311768,-0.6211767539382481,-0.7791647847891252,0.1353053748607635,0.9074050188064576,0.9999651908874512,-0.48603120252056436,-0.6141353391123314,-0.0162475109100341,0.9010626673698424,0.9997994303703308,-0.3884245667657075,-0.6258832782171148,0.1151232123374939,0.8391345739364624,0.9999523162841796,-0.4384589163422306,-0.7004462477495783,-0.0524540618062019,0.982603907585144,0.9995827078819276,-0.3486737681885254,-0.6723414181277583,0.1030810102820396,0.9239996075630188,0.999723494052887,mediapipe,mediapipe,mediapipe,mediapipe,mediapipe,movenet,mediapipe,movenet,movenet,movenet,mediapipe,mediapipe,mediapipe,mediapipe,mediapipe,mediapipe,mediapipe,mediapipe
381,7.62,0.20143616935029698,1.0759104316514383,-0.4518484771251678,0.999993860721588,0.9999996423721312,-0.0736458003520965,-0.500278890132904,-0.4318518340587616,0.999995231628418,0.9999995231628418,0.6858284157005337,0.8780945841906115,-0.3656176030635834,0.9999983310699464,0.9999997615814208,-0.6858284157005337,-0.8780945841906007,-0.0582055822014808,0.999939262866974,0.9999966621398926,0.6376068184431032,0.23458076821631232,-0.3846433758735657,0.9992143511772156,0.999993085861206,0.8528155570441576,0.6174953706706092,-0.0347916483879089,0.407379537820816,0.999963641166687,0.013210267221433591,0.4151026662759414,-0.3159157633781433,0.9990198612213136,0.9999984502792358,1.4257474851753613,1.4531948632903204,-0.1073645874857902,0.4555444121360779,0.9999823570251464,0.4386759520223562,-0.31641405038383175,-0.0550685711205005,0.9999802112579346,0.9999980926513672,0.4729595257264266,-0.23649463311310523,0.0561858564615249,0.9999602437019348,0.9999980926513672,-0.4914187715206657,-0.6777236982605551,-0.2266210466623306,0.9863988757133484,0.9999958276748656,-0.4968603964788254,-0.7286187107652399,-0.0142939165234565,0.9065300226211548,0.9999922513961792,-0.46368660290942865,-0.6427797977466735,-0.0493720471858978,0.9794878363609314,0.9999322891235352,-0.5851886311699463,-0.7823255485667501,0.1427104175090789,0.9007474780082704,0.9999587535858154,-0.4596435475599381,-0.6307331498160526,-0.0247484557330608,0.8957822322845459,0.9997283816337584,-0.34397931621471994,-0.6301432247915904,0.1226425394415855,0.8293643593788147,0.9999417066574096,-0.44298084702671015,-0.7343937732153287,-0.0617338977754116,0.9816411137580872,0.9994944334030152,-0.31654673361422686,-0.7126533192822454,0.1056459695100784,0.9193398952484132,0.9997259974479676,mediapipe,mediapipe,mediapipe,mediapipe,mediapipe,movenet,mediapipe,movenet,movenet,movenet,mediapipe,mediapipe,mediapipe,mediapipe,mediapipe,mediapipe,mediapipe,mediapipe
382,7.64,0.29200144870200845,1.3450500311509606,-0.4669937789440155,0.999994158744812,0.9999992847442628,-0.0822062566876411,-0.4877240657806396,-0.4502955377101898,0.9999954104423524,0.9999992847442628,0.6401744980647118,0.7614340020289639,-0.381279855966568,0.9999983906745912,0.9999996423721312,-0.6401744980647118,-0.7614340020289678,-0.0756009966135025,0.9999416470527648,0.9999953508377076,0.6280849030761648,0.19440745719844996,-0.3988513648509979,0.9992443919181824,0.9999922513961792,0.8792851059109884,0.6039034818574351,-0.0446733385324478,0.4137538373470306,0.9999487400054932,0.02230606610508245,0.3992000218909063,-0.3310925662517547,0.9990688562393188,0.9999980926513672,1.4487919074995284,1.4433271695461831,-0.1073635295033454,0.4683988094329834,0.9999716281890868,0.5242823443383214,-0.37622972735327476,-0.0550894364714622,0.999978005886078,0.9999979734420776,0.5427029014119923,-0.3096569515184097,0.0561906695365905,0.9999558329582214,0.9999977350234984,-0.4502896320910449,-0.673869706091931,-0.2306340783834457,0.9861441254615784,0.9999948740005492,-0.4701231017553005,-0.7287343624543536,-0.0175358317792415,0.8997341394424438,0.9999899864196776,-0.4194143930249439,-0.6289250796882008,-0.0548832006752491,0.978138506412506,0.999915599822998,-0.5574798801499568,-0.7879433036481708,0.1453614681959152,0.8935744762420654,0.9999490976333618,-0.417415961760512,-0.6133638016904709,-0.030544102191925,0.8901726007461548,0.9996680021286012,-0.3098849406621342,-0.6354220445476173,0.1263439953327179,0.8187433481216431,0.9999300241470336,-0.41282690199575545,-0.7435305679038812,-0.0712242573499679,0.9804513454437256,0.999382734298706,-0.2906590475160038,-0.7453064152517304,0.1087666451930999,0.9139336943626404,0.9996565580368042,mediapipe,mediapipe,mediapipe,mediapipe,mediapipe,movenet,mediapipe,movenet,movenet,movenet,mediapipe,mediapipe,mediapipe,mediapipe,mediapipe,mediapipe,mediapipe,mediapipe
383,7.66,0.2611952870352882,1.553896543202419,-0.4687947928905487,0.9999942779541016,0.9999988079071044,-0.097642034292221,-0.4743179678916931,-0.4561838805675506,0.9999954700469972,0.9999985694885254,0.6075975215792615,0.4946667526968187,-0.3880654573440552,0.9999983906745912,0.9999995231628418,-0.6075975215792615,-0.49466675269682264,-0.0798313468694686,0.9999448657035828,0.999996542930603,0.5434879568801069,0.14021949216232038,-0.407146155834198,0.9992529153823853,0.9999899864196776,0.9242139877824934,0.5848495559231291,-0.0446165427565574,0.4362342357635498,0.9999674558639526,-0.031170882911411773,0.379620782144911,-0.3364806473255157,0.9991084337234496,0.9999979734420776,1.4877545317141045,1.4271003757492484,-0.1027130484580993,0.5025063753128052,0.9999876022338868,0.6573945149455452,-0.4738282257134605,-0.0552304573357105,0.999974012374878,0.9999961853027344,0.6551876605077578,-0.42785083345736546,0.0562786906957626,0.9999505877494812,0.9999969005584716,-0.37353934866832694,-0.7269888265179597,-0.233729213476181,0.984918475151062,0.9999927282333374,-0.4264608648194737,-0.7713402482880679,-0.014442759566009,0.8872318863868713,0.9999895095825196,-0.34362496706095724,-0.690110861322954,-0.0538278259336948,0.9748817682266236,0.999891996383667,-0.5028850309582599,-0.8387994642858005,0.1501652151346206,0.8792623281478882,0.9999392032623292,-0.3412452985345516,-0.6734461352655005,-0.0294920038431882,0.8789200782775879,0.9995738863945008,-0.2396778786205828,-0.6923032805401361,0.1310148239135742,0.7997568845748901,0.9999164342880248,-0.356792915801928,-0.8009581874328768,-0.0720311775803566,0.9780001640319824,0.9992833733558656,-0.2274650016655308,-0.8231514503861155,0.1122893989086151,0.903292715549469,0.9996035695075988,mediapipe,mediapipe,mediapipe,mediapipe,mediapipe,movenet,mediapipe,movenet,movenet,movenet,mediapipe,mediapipe,mediapipe,mediapipe,mediapipe,mediapipe,mediapipe,mediapipe
384,7.68,0.15905619203443283,1.4809880775203315,-0.4743736684322357,0.9999942183494568,0.9999986886978148,-0.1021234765648841,-0.4589330554008484,-0.4669538140296936,0.999995231628418,0.999997615814209,0.7329311742158277,0.9733394025085997,-0.3950672447681427,0.9999982714653016,0.9999991655349731,-0.7329311742158208,-0.9733394025086036,-0.0892231836915016,0.9999489784240724,0.9999982118606568,0.52518365364505,0.17316451343893444,-0.410196989774704,0.9992557764053344,0.9999853372573853,0.9501007843091575,0.5784239813119041,-0.0475552752614021,0.4736321568489074,0.9999828338623048,-0.06765902382894064,0.38046072220857907,-0.3384442031383514,0.999150574207306,0.999997615814209,1.511660845323756,1.4101901577044298,-0.1015921384096145,0.5477057099342346,0.999996542930603,0.7389780820780414,-0.5338068525691034,-0.0551918223500251,0.9999698400497437,0.9999955892562866,0.7207916233194658,-0.5001875285003168,0.0561973080039024,0.9999470114707948,0.99999737739563,-0.3560787392193213,-0.7804983989227355,-0.2486498653888702,0.9845941662788392,0.9999927282333374,-0.4263761129797085,-0.8104669112969557,-0.0195279084146022,0.8818375468254089,0.999993085861206,-0.3236559015027943,-0.731791328754065,-0.0560651458799839,0.9735566973686218,0.9999204874038696,-0.49535076279561396,-0.8722596528211302,0.1395855247974395,0.8710656762123108,0.9999597072601318,-0.32072140616005756,-0.7118485311137107,-0.0315720476210117,0.874736487865448,0.9997071623802184,-0.23224935705136948,-0.7216832881549031,0.1191151216626167,0.7866801619529724,0.9999457597732544,-0.33395892892886064,-0.834072402069189,-0.0774060487747192,0.9771801829338074,0.9995033740997314,-0.22361998731184066,-0.8580397140947592,0.1038548126816749,0.8983374238014221,0.9997468590736388,mediapipe,mediapipe,mediapipe,mediapipe,mediapipe,movenet,mediapipe,movenet,movenet,movenet,mediapipe,mediapipe,mediapipe,mediapipe,mediapipe,mediapipe,mediapipe,mediapipe
385,7.7,0.1596316687132895,1.526532831969739,-0.4605765640735626,0.9999937415122986,0.9999974966049194,-0.1175472140312194,-0.45592200756073,-0.4537286162376404,0.9999946355819702,0.9999955892562866,0.6519883215518407,0.5997459941437598,-0.3865401744842529,0.999998152256012,0.999998927116394,-0.6519883215518407,-0.5997459941437637,-0.07893817871809,0.9999526143074036,0.9999980926513672,0.5224209104467247,0.13428566404657233,-0.402235597372055,0.9992483854293824,0.9999839067459106,0.9760158199799983,0.568161601564601,-0.0408621467649936,0.5082957148551941,0.9999840259552002,-0.08353288409390397,0.37427716121362303,-0.3299967050552368,0.9991812705993652,0.9999972581863404,1.536736060888905,1.4042112426137021,-0.0969672948122024,0.5893967747688293,0.9999971389770508,0.8272839110179205,-0.6053352856465745,-0.0551924146711826,0.9999655485153198,0.9999942779541016,0.7960118835109697,-0.5781328364636943,0.0561872944235801,0.9999439120292664,0.9999969005584716,-0.2908603117330553,-0.8321815061552269,-0.262999027967453,0.9844335317611694,0.9999922513961792,-0.39705587167371315,-0.9069054551482205,-0.0327375791966915,0.8799210786819458,0.9999936819076538,-0.25366714521527334,-0.8231320216275722,-0.056864358484745,0.9722967147827148,0.9999184608459472,-0.4366883209736786,-0.9586547220202738,0.134936437010765,0.8654159903526306,0.9999622106552124,-0.25112761696162605,-0.799945065584887,-0.0336482599377632,0.8700879812240601,0.9997069239616394,-0.1584114313533222,-0.8062073742446334,0.1173183321952819,0.7759454846382141,0.9999483823776244,-0.25617427427174255,-0.9037474567910322,-0.0809719562530517,0.9762746095657348,0.9994997978210448,-0.1464416654241109,-0.9328310779196142,0.0989061743021011,0.894311785697937,0.9997370839118958,mediapipe,mediapipe,mediapipe,mediapipe,mediapipe,movenet,mediapipe,movenet,movenet,movenet,mediapipe,mediapipe,mediapipe,mediapipe,mediapipe,mediapipe,mediapipe,mediapipe
386,7.72,0.3821368001262673,1.649124879319604,-0.4544689655303955,0.9999933242797852,0.9999971389770508,-0.1244915649294853,-0.455059289932251,-0.4442249834537506,0.9999940991401672,0.9999951124191284,0.7503639204006034,0.19471012443636246,-0.3787011504173279,0.9999979734420776,0.9999986886978148,-0.7503639204006034,-0.19471012443636634,-0.0734085589647293,0.9999555945396424,0.9999971389770508,0.5177450847806327,0.11828847610839972,-0.3943630158901214,0.9992175102233888,0.9999773502349854,0.998533295619185,0.5660262428325642,-0.0363793298602104,0.5396418571472168,0.9999754428863524,-0.08137112939817363,0.38339750160979497,-0.3281354308128357,0.9991989135742188,0.9999964237213136,-0.9629205640502829,-0.42207083058425465,-0.0945307984948158,0.6272023916244507,0.9999959468841552,0.8999285211320514,-0.6681937039011488,-0.0550624281167984,0.9999589920043944,0.9999910593032836,0.860064435040374,-0.6423572893744675,0.0560233071446418,0.9999374151229858,0.9999946355819702,-0.2339900411765395,-0.9539666837030302,-0.2809846103191376,0.9847880601882936,0.9999903440475464,-0.37087003774631533,-0.9671845673030929,-0.039634883403778,0.8778144121170044,0.9999896287918092,-0.1683273565590953,-0.9394268918776876,-0.076786033809185,0.9722136855125428,0.9999022483825684,-0.3772462563855455,-1.0778463072175726,0.1317168921232223,0.8594216108322144,0.9999428987503052,-0.16367741317265272,-0.907895042827399,-0.0521247126162052,0.8706294298171997,0.9996306896209716,-0.07998734555843814,-0.9370933721159249,0.1123881265521049,0.7654808759689331,0.9999250173568726,-0.18992278040843383,-0.9774071250525872,-0.0977687910199165,0.9762921929359436,0.9992639422416688,-0.037418726576400795,-1.0405087868916434,0.0953753367066383,0.8898988962173462,0.9996029734611512,mediapipe,mediapipe,mediapipe,mediapipe,mediapipe,movenet,mediapipe,mediapipe,movenet,movenet,mediapipe,mediapipe,mediapipe,mediapipe,mediapipe,mediapipe,mediapipe,mediapipe
387,7.74,0.5076545434828279,1.8142033657258776,-0.4712163507938385,0.999992847442627,0.999997615814209,-0.125580757856369,-0.4418696761131286,-0.4582150876522064,0.9999934434890748,0.9999957084655762,0.8343870891787336,0.31643008589307403,-0.3907653093338012,0.9999977946281432,0.9999984502792358,-0.8343870891787336,-0.3164300858930779,-0.0865617915987968,0.9999582767486572,0.9999969005584716,0.47845228250130023,0.13726488311893983,-0.4021459221839905,0.9991829991340636,0.9999746084213256,1.0213735956562484,0.5536665818634573,-0.0445041209459304,0.567292332649231,0.9999730587005616,-0.07965734843001034,0.3872074341507254,-0.3277660012245178,0.999216377735138,0.9999959468841552,-0.970449959627427,-0.4063058937033537,-0.0980778411030769,0.66086745262146,0.9999951124191284,0.9810380661656487,-0.7365816846272852,-0.0548725835978984,0.999949872493744,0.9999889135360718,0.9286600418314376,-0.7157824969382844,0.0557950809597969,0.9999277591705322,0.9999933242797852,-0.20747395384435532,-1.0304065806175726,-0.2989338040351867,0.9843876957893372,0.999987244606018,-0.36172161107739864,-0.9990672549453228,-0.0452580116689205,0.8669759631156921,0.999986171722412,-0.10559534554264155,-1.0091535218262562,-0.0958524867892265,0.9700623750686646,0.9998908042907716,-0.35368265861321324,-1.1116229947785328,0.1256045997142791,0.8431209921836853,0.9999303817749025,-0.09858699961610926,-0.9720370876954212,-0.0703060328960418,0.865138828754425,0.999606192111969,-0.05190629417941326,-0.973909647197796,0.1060347259044647,0.7443057298660278,0.9999147653579712,-0.1491276615182536,-1.0222895650078754,-0.1166532039642334,0.974804162979126,0.9993409514427184,0.00027981446419016116,-1.0765345933975994,0.0873986929655075,0.8776059150695801,0.9996275901794434,mediapipe,mediapipe,mediapipe,mediapipe,mediapipe,movenet,mediapipe,mediapipe,movenet,movenet,mediapipe,mediapipe,mediapipe,mediapipe,mediapipe,mediapipe,mediapipe,mediapipe
388,7.76,0.6281598849078058,1.9886516967778776,-0.4701610207557678,0.9999925494194032,0.9999979734420776,-0.1368955671787262,-0.4386850595474243,-0.4556195139884949,0.9999929666519164,0.9999958276748656,0.7436782463881766,0.13729310845863643,-0.3908298909664154,0.999997615814209,0.9999984502792358,-0.7436782463881697,-0.13729310845864034,-0.0847851634025573,0.999960720539093,0.9999972581863404,0.4764689761076147,0.12592012363048743,-0.4022271335124969,0.9991236925125122,0.999975562095642,1.0496108147103806,0.5436462683051658,-0.0423910692334175,0.5919760465621948,0.9999769926071168,-0.06572466092094201,0.3820823372100312,-0.3243930041790008,0.9992192387580872,0.9999958276748656,-0.9642887221900479,-0.4097072025169705,-0.0967071875929832,0.6915791630744934,0.9999960660934448,1.070954510585727,-0.8154027863748428,-0.0548891760408878,0.9999405741691588,0.999987006187439,1.008670991444752,-0.801541637800615,0.0558030493557453,0.9999185800552368,0.9999929666519164,-0.13767409826667026,-1.0301141980784685,-0.294451892375946,0.9834952354431152,0.999985933303833,-0.318551960521352,-1.002870495121481,-0.041010282933712,0.8532726764678955,0.999987006187439,-0.020617947291303597,-1.0508274192033,-0.0956381857395172,0.9670674800872804,0.9998642206192015,-0.3003962364782202,-1.1596195942227498,0.1361189931631088,0.8255903720855713,0.9999275207519532,-0.013253604808783855,-1.0150927200387367,-0.0696731582283973,0.8569915294647217,0.999514937400818,0.018311604139378473,-1.0316288036322772,0.1189454942941665,0.7227417230606079,0.9999102354049684,-0.07106536885519046,-1.0655277408384447,-0.1132163181900978,0.972485899925232,0.9992973804473876,0.0731392639252158,-1.1582616969375537,0.1020694002509117,0.8633626103401184,0.9996455907821656,mediapipe,mediapipe,mediapipe,mediapipe,mediapipe,movenet,mediapipe,mediapipe,movenet,movenet,mediapipe,mediapipe,mediapipe,mediapipe,mediapipe,mediapipe,mediapipe,mediapipe
389,7.78,0.6896664961133802,2.0443596648710987,-0.4998078048229217,0.999992609024048,0.9999986886978148,-0.1392964124679565,-0.4229194819927215,-0.4791813194751739,0.999992847442627,0.9999970197677612,0.807743862553401,0.5788753675621521,-0.4114355444908142,0.9999974370002748,0.9999982118606568,-0.807743862553401,-0.5788753675621561,-0.1058753356337547,0.9999629259109496,0.99999737739563,0.4859081965852223,0.1499017094840747,-0.4208916425704956,0.9990848302841188,0.999969244003296,-1.3916748832888073,-1.4744307851490555,-0.053969420492649,0.6149125099182129,0.9999734163284302,-0.025966913365744484,0.3776712675966319,-0.3401890099048614,0.9992153644561768,0.999993085861206,-0.9677715355339799,-0.3950944078265118,-0.1016279906034469,0.7186931371688843,0.999994158744812,1.170984868729559,-0.9028087692540567,-0.0548849180340766,0.9999327063560486,0.9999873638153076,1.0949477158146177,-0.8986013539669913,0.0557877272367477,0.9999110102653505,0.9999932050704956,-0.10152279902796342,-0.9877407823896598,-0.2916790843009949,0.9832506775856018,0.9999847412109376,-0.3059038279378258,-0.9768678964257933,-0.0373621806502342,0.8430933952331543,0.999987006187439,0.030830752867685565,-1.0769409769693166,-0.0906563997268676,0.9653279185295104,0.9998650550842284,-0.28582418693957,-1.2021091777384982,0.1572523564100265,0.8119800686836243,0.9999284744262696,0.03848897306236616,-1.0372994453131534,-0.0634863749146461,0.8523346781730652,0.999528169631958,0.028452209550195364,-1.0774081150675363,0.1435765922069549,0.7051742672920227,0.9999151229858398,-0.035851703321666234,-1.063431919023634,-0.1033267751336097,0.9709792733192444,0.9993298053741456,0.07876828286001783,-1.1981682661416424,0.1284329444169998,0.8516654968261719,0.9996758699417114,mediapipe,mediapipe,mediapipe,mediapipe,mediapipe,mediapipe,mediapipe,mediapipe,movenet,movenet,mediapipe,mediapipe,mediapipe,mediapipe,mediapipe,mediapipe,mediapipe,mediapipe
390,7.8,0.6571706678323294,1.744685344562511,-0.4865657389163971,0.9999925494194032,0.9999984502792358,-0.151763454079628,-0.4217115044593811,-0.4705796837806701,0.9999926686286926,0.9999964237213136,0.7968460551376697,0.2615735245997475,-0.4070059657096863,0.9999972581863404,0.9999983310699464,-0.7968460551376697,-0.2615735245997514,-0.1000807210803031,0.9999653100967408,0.9999982118606568,0.4607018752797888,0.16395233999835573,-0.4167113304138183,0.9990383982658386,0.9999734163284302,-1.373870170702781,-1.4728277082104255,-0.0569200925529003,0.638816237449646,0.999982476234436,-0.005643710194477647,0.3813617318810654,-0.3352299332618713,0.9992057085037231,0.9999943971633912,-0.9413498298135189,-0.39262050731073694,-0.1064585894346237,0.7439360022544861,0.9999961853027344,1.2625166132800294,-0.9853990306989556,-0.0549100935459136,0.9999310374259948,0.9999912977218628,1.1772115530871707,-0.9923977471228408,0.0558065213263034,0.9999110698699952,0.9999959468841552,-0.012419907951616549,-0.9995554473050755,-0.2894272208213806,0.9838141202926636,0.9999914169311525,-0.24937696767118173,-0.9775743031979639,-0.0385832898318767,0.8393134474754333,0.9999940395355223,0.1215970462605629,-1.1068948278289932,-0.09180698543787,0.9663520455360411,0.999915361404419,-0.22437763836966862,-1.231276156612889,0.1473899483680725,0.810560405254364,0.9999567270278932,0.1288120548904336,-1.0633080094485203,-0.0650684311985969,0.8566702008247375,0.9996892213821412,0.10293956240519749,-1.1088155434409235,0.1319295018911361,0.7017922401428223,0.9999432563781738,0.05801987529474409,-1.0759988112128256,-0.1052659526467323,0.9717610478401184,0.9995086193084716,0.1537856619468369,-1.2263814438625362,0.1147746220231056,0.851326584815979,0.999756634235382,mediapipe,mediapipe,mediapipe,mediapipe,mediapipe,mediapipe,mediapipe,mediapipe,movenet,movenet,mediapipe,mediapipe,mediapipe,mediapipe,mediapipe,mediapipe,mediapipe,mediapipe
391,7.82,0.7124047125877307,1.9323239272018469,-0.4789831042289734,0.9999914169311525,0.9999957084655762,-0.1564614027738571,-0.4231125712394714,-0.4633775055408478,0.9999911785125732,0.9999899864196776,0.8696730994076782,0.10630083517311653,-0.4017992913722992,0.9999967217445374,0.9999960660934448,-0.8696730994076851,-0.10630083517310676,-0.0955441892147064,0.9999668598175048,0.9999966621398926,0.41799989505449403,0.19184464161805143,-0.4146777689456939,0.9988732933998108,0.9999494552612304,-1.379254381981541,-1.4716293305383055,-0.0544092543423175,0.6570056080818176,0.9999727010726928,-0.009084974200033902,0.39970184455718566,-0.332462340593338,0.99910306930542,0.9999864101409912,-0.9372828355410003,-0.3764418138966387,-0.104712538421154,0.7662625908851624,0.9999945163726808,1.288925184630476,-1.0131621943866638,-0.0546663999557495,0.9999276995658876,0.9999877214431764,1.202161039818079,-1.0169729433561654,0.0555036887526512,0.9999102354049684,0.9999946355819702,0.0685428485643261,-0.9717605945232057,-0.2885499000549316,0.9837848544120787,0.9999853372573853,-0.20917351121721758,-0.9735402363550553,-0.0457783974707126,0.8388112783432007,0.9999921321868896,0.19781531681615203,-1.1085591126372238,-0.0918020159006118,0.9666816592216492,0.999871015548706,-0.16941612860646435,-1.2303025720533658,0.1298369020223617,0.8103533387184143,0.9999401569366456,0.2044666262649068,-1.0633035395833486,-0.0653316676616668,0.8587116599082947,0.9995241165161132,0.17004579689182736,-1.1085554252856866,0.1138267219066619,0.6996221542358398,0.999916672706604,0.15390592347932963,-1.053828357923487,-0.1056733801960945,0.9718741178512572,0.9991859793663024,0.2337922230239869,-1.2228451943570704,0.0898813754320144,0.8509197235107422,0.9996050000190736,mediapipe,mediapipe,mediapipe,mediapipe,mediapipe,mediapipe,mediapipe,mediapipe,movenet,movenet,mediapipe,mediapipe,mediapipe,mediapipe,mediapipe,mediapipe,mediapipe,mediapipe
392,7.84,0.7994866330994771,1.7990572773290812,-0.4786384701728821,0.9999902844429016,0.9999960660934448,-0.1609117984771728,-0.418910950422287,-0.4600804150104522,0.9999898076057434,0.999990463256836,1.0055385979745004,-0.052487607492667156,-0.4002461433410644,0.9999962449073792,0.9999959468841552,-1.0055385979745004,0.05248760749266325,-0.095924787223339,0.9999679923057556,0.9999959468841552,0.43825796825561547,0.19569008563492798,-0.4144045710563659,0.9987229704856871,0.9999535083770752,-1.36533419739626,-1.4733735918545188,-0.0565863586962223,0.6707833409309387,0.9999672174453736,0.0009952932181235877,0.40919051587167354,-0.3321869671344757,0.999007284641266,0.9999876022338868,-0.9212930754872812,-0.37613291572838714,-0.1069349497556686,0.7852405905723572,0.9999935626983644,1.3589624926847013,-1.0802404504081193,-0.0540499426424503,0.9999238848686218,0.9999865293502808,1.2632745466009383,-1.0856190667402856,0.0548531338572502,0.9999080896377563,0.9999935626983644,0.14770739094660934,-1.0004805041585367,-0.2891150712966919,0.9831993579864502,0.999984622001648,-0.16868754708653153,-0.9803324934428052,-0.0574320740997791,0.8333269357681274,0.999990940093994,0.2873227480469707,-1.1421943195586175,-0.0999960079789161,0.9659898281097412,0.9998846054077148,-0.0997103219040091,-1.253245949035896,0.1144926697015762,0.8052011728286743,0.999941110610962,0.2957208506593743,-1.0947842346585897,-0.074785515666008,0.8579155802726746,0.9995786547660828,0.2611361203319384,-1.133476553942201,0.0985437408089637,0.6924430727958679,0.9999200105667114,0.25782909118012554,-1.0796859897866249,-0.1184239387512207,0.971298336982727,0.9993590712547302,0.33490053572931977,-1.2440498798863575,0.0683243051171302,0.8464634418487549,0.9996604919433594,mediapipe,mediapipe,mediapipe,mediapipe,mediapipe,mediapipe,mediapipe,mediapipe,movenet,movenet,mediapipe,mediapipe,mediapipe,mediapipe,mediapipe,mediapipe,mediapipe,mediapipe
393,7.86,0.7529484604207872,1.7363084589489983,-0.4945996403694153,0.999990165233612,0.9999955892562866,-0.1662803143262863,-0.3971943259239197,-0.4838199019432068,0.9999897480010986,0.999990701675415,0.9855505313042097,0.2846771211831185,-0.4207198023796081,0.9999958276748656,0.999996304512024,-0.9855505313042017,-0.28467712118310873,-0.1178217306733131,0.999969244003296,0.9999970197677612,0.4089114790722841,0.1554687685589797,-0.4339531362056732,0.9987365007400512,0.9999444484710692,-1.3382671464666773,-1.4932675377230338,-0.081456072628498,0.6879029870033264,0.9999662637710572,0.0022224322551201814,0.40421461682562415,-0.3500387668609619,0.9989975094795228,0.99998140335083,-0.891061652916637,-0.3736666390949057,-0.1280931532382965,0.8033856749534607,0.9999903440475464,1.4884139290161424,-1.199716439451427,-0.0540465675294399,0.99992173910141,0.9999849796295166,1.3765651328165596,-1.2248147593383747,0.0548444427549839,0.999907374382019,0.9999933242797852,0.21387377828416607,-1.0263372353775344,-0.2879871726036072,0.9842308759689332,0.999980092048645,-0.14397483099547292,-1.0146990060159224,-0.0572929121553897,0.8353950381278992,0.999987006187439,0.3658872710508187,-1.1917864142203274,-0.0945852547883987,0.9673541188240052,0.9998297691345216,-0.028844852154854647,-1.3091376712488245,0.121571160852909,0.8023616075515747,0.9998999834060668,0.37453150843621635,-1.1396339631873198,-0.0683646500110626,0.8642324209213257,0.9993705153465272,0.36112377055991196,-1.1940163107214716,0.1057050824165344,0.6895772218704224,0.9998728036880492,0.3652982785522655,-1.1072908252170048,-0.1098849773406982,0.972128450870514,0.9988705515861512,0.42486043518114813,-1.3111969660066622,0.0783428326249122,0.8442698121070862,0.999394416809082,mediapipe,mediapipe,mediapipe,mediapipe,mediapipe,mediapipe,mediapipe,mediapipe,movenet,movenet,mediapipe,mediapipe,mediapipe,mediapipe,mediapipe,mediapipe,mediapipe,mediapipe
394,7.88,0.6851109636825667,1.5769704956182382,-0.4884968400001526,0.999990165233612,0.999996781349182,-0.1902581453323364,-0.3968704342842102,-0.475639671087265,0.9999897480010986,0.9999934434890748,0.9337279335361942,-0.3729904637288302,-0.414509654045105,0.9999956488609314,0.9999974966049194,-0.9337279335361942,0.37299046372884,-0.1106592416763305,0.9999707341194152,0.9999979734420776,0.40828826142969715,0.11050968484398932,-0.4283366799354553,0.9987501502037048,0.9999688863754272,-1.3307513161318187,-1.4999125961687636,-0.0765303671360015,0.7059697508811951,0.9999808073043824,0.026379153430701446,0.3800484447379843,-0.3465938866138458,0.9990240931510924,0.9999924898147584,-0.8671146736969223,-0.4010801672915515,-0.124174065887928,0.8203204870223999,0.9999948740005492,1.6193735616874234,-1.3257410388823767,-0.0540534704923629,0.9999189972877502,0.9999810457229614,1.4947197615872445,-1.3728565721190014,0.0548477135598659,0.999906361103058,0.9999920129776,0.3373774012707921,-1.0583451271840651,-0.2785568535327911,0.9847684502601624,0.999976634979248,-0.06767834453055394,-1.0032003821894553,-0.0569347701966762,0.8313935399055481,0.9999873638153076,0.48102226399158055,-1.2487708579624484,-0.0883864238858223,0.9673076868057252,0.9997681975364684,0.044294443444507926,-1.2987219276989195,0.1155315935611724,0.7952057123184204,0.9998520612716676,0.4894748834622839,-1.1975113316367358,-0.0623916909098625,0.8674789071083069,0.9992074370384216,0.4690758437738195,-1.1748240277171065,0.0981377139687538,0.6836182475090027,0.9998109936714172,0.48901633389378474,-1.1562924426552685,-0.0995110124349594,0.97195166349411,0.9988939166069032,0.5251169824506392,-1.3075320256397411,0.0717747509479522,0.8402188420295715,0.9992771744728088,mediapipe,mediapipe,mediapipe,mediapipe,mediapipe,mediapipe,mediapipe,mediapipe,movenet,movenet,mediapipe,mediapipe,mediapipe,mediapipe,mediapipe,mediapipe,mediapipe,mediapipe
395,7.9,0.6647076276497405,1.2842469770085954,-0.4831556975841522,0.9999899864196776,0.999996781349182,-0.2002936601638794,-0.3988649845123291,-0.4717449247837066,0.9999894499778748,0.9999918937683104,0.8029586134914964,-0.765543605423447,-0.4091164171695709,0.9999951124191284,0.9999957084655762,-0.8029586134914964,0.7655436054234431,-0.1056844741106033,0.9999716281890868,0.9999972581863404,0.41100964273334734,0.10733782327277831,-0.4268005788326263,0.9987494945526124,0.9999477863311768,-1.3215758603661218,-1.5033210041850587,-0.0714756846427917,0.7202513813972473,0.9999732971191406,0.0366491032815529,0.3681285675839555,-0.3475326895713806,0.9990326166152954,0.999984622001648,-0.8523104960654209,-0.4056663268729115,-0.1212012395262718,0.8350296020507812,0.9999922513961792,1.704943712356814,-1.407502009454793,-0.0540402829647064,0.9999165534973145,0.9999774694442748,1.570998982532023,-1.4741339322210922,0.0548160225152969,0.9999062418937684,0.9999911785125732,0.4676205674308174,-1.1457238482362158,-0.2786076366901397,0.9856060743331908,0.999975562095642,-0.023917005177052572,-1.0246502132423079,-0.0722621232271194,0.8328214287757874,0.9999895095825196,0.5400634757934428,-1.3503962440316428,-0.1136622875928878,0.9691529870033264,0.9997748732566832,0.08869205940511092,-1.2969310671103509,0.0476304218173027,0.7999374866485596,0.999865174293518,0.5436911483877783,-1.2864104181799756,-0.0913441106677055,0.8763831853866577,0.9991928935050964,0.5217453056357559,-1.1640229933830823,0.0242625530809164,0.6919499635696411,0.9998005032539368,0.5409158806311303,-1.2438293816697907,-0.1327849328517913,0.9733453392982484,0.9988359808921814,0.5760109133878645,-1.3171227768135678,-0.0106904143467545,0.8443951606750488,0.9992400407791138,mediapipe,mediapipe,mediapipe,mediapipe,mediapipe,mediapipe,mediapipe,mediapipe,movenet,movenet,mediapipe,mediapipe,mediapipe,mediapipe,mediapipe,mediapipe,mediapipe,mediapipe
396,7.92,0.5613616129874724,1.1132412764235031,-0.4780980348587036,0.9999896287918092,0.9999958276748656,-0.2066315412521362,-0.3983995020389557,-0.4678055346012115,0.999988853931427,0.999990463256836,0.7799896104658253,-0.7021263430553522,-0.406404048204422,0.9999945759773254,0.9999958276748656,-0.7799896104658253,0.7021263430553483,-0.1017624139785766,0.9999724626541138,0.9999974966049194,0.4552214402299345,0.12440868957907457,-0.4262400269508362,0.99875009059906,0.9999501705169678,-1.3100083630194923,-1.5081096963881915,-0.0685887783765792,0.728924572467804,0.999976396560669,0.07377633748466272,0.3820824498368734,-0.3487164080142975,0.999018669128418,0.9999823570251464,-0.836418345025178,-0.39712794905308835,-0.1151796877384185,0.8475314974784851,0.999992847442627,1.7508107251927596,-1.4521762437307357,-0.0540093183517456,0.9999157190322876,0.9999828338623048,1.6120053244040546,-1.5292277103207934,0.0547531433403492,0.999907374382019,0.9999932050704956,0.5439641627041762,-1.149399460373518,-0.2784025967121124,0.986352801322937,0.9999772310256958,0.0015017187533295066,-1.0264946932922592,-0.0839917510747909,0.834690511226654,0.9999918937683104,0.6059787971009878,-1.3517774831072535,-0.1131519973278045,0.970317840576172,0.9997696280479432,0.11459499517392258,-1.2138366334039465,0.0253623835742473,0.8032235503196716,0.9998663663864136,0.6044431174000855,-1.2790463395225125,-0.0907515361905098,0.8833238482475281,0.9992086291313172,0.5482780849876296,-1.0546918335104039,0.0014369144337251,0.6979037523269653,0.9998032450675964,0.6116108825879857,-1.221890171184407,-0.1313409358263015,0.9741311073303224,0.9989013671875,0.5946631885936404,-1.2175936148855022,-0.0332853496074676,0.8478628396987915,0.9992423057556152,mediapipe,mediapipe,mediapipe,mediapipe,mediapipe,mediapipe,mediapipe,mediapipe,movenet,movenet,mediapipe,mediapipe,mediapipe,mediapipe,mediapipe,mediapipe,mediapipe,mediapipe
397,7.94,0.7429851563057721,1.283924343450653,-0.4753466844558716,0.999989688396454,0.9999966621398926,-0.2104479819536209,-0.3992181122303009,-0.4646210074424743,0.9999887347221376,0.9999923706054688,0.7496376106705834,-0.8221277735743532,-0.4058523774147033,0.9999942183494568,0.999996304512024,-0.7496376106705765,0.8221277735743492,-0.0988295376300811,0.9999729990959167,0.9999970197677612,0.47248807131428244,0.11999797792731319,-0.4274109899997711,0.9987455606460572,0.9999556541442872,-1.2973283955928592,-1.5066868901207244,-0.0659907832741737,0.7357996106147766,0.9999730587005616,0.08940228656752568,0.3976200599508113,-0.3507502377033233,0.9990165829658508,0.9999841451644896,-0.8227034613263551,-0.37857780071390645,-0.10342588275671,0.8587210774421692,0.9999918937683104,1.7869567154318446,-1.4875279415766316,-0.0540383979678154,0.9999135136604308,0.9999819993972778,1.6438064804298569,-1.5726052518400169,0.054760668426752,0.9999069571495056,0.9999922513961792,0.5842146956617092,-1.0586484472719153,-0.2686926126480102,0.9864855408668518,0.999970555305481,0.024610712479990023,-0.9434866592418114,-0.0821413248777389,0.8334479331970215,0.9999881982803344,0.6449270525747074,-1.2880310545520264,-0.0937747806310653,0.9695455431938172,0.9996798038482666,0.16285604471196533,-1.1130358829257845,0.0397900827229023,0.8013647198677063,0.9998260140419006,0.6432202847156261,-1.2117397821389564,-0.0699992626905441,0.8851140737533569,0.9989194869995116,0.6080706820327301,-0.9473737241725058,0.0173129811882972,0.6971173286437988,0.9997490048408508,0.6462815226629011,-1.135023636259635,-0.1008028090000152,0.9731528759002686,0.9986273050308228,0.6341930117938162,-1.0976068854313326,-0.0129926232621073,0.8463630676269531,0.9990554451942444,mediapipe,mediapipe,mediapipe,mediapipe,mediapipe,mediapipe,mediapipe,mediapipe,movenet,movenet,mediapipe,mediapipe,mediapipe,mediapipe,mediapipe,mediapipe,mediapipe,mediapipe
398,7.96,0.7141556300628713,1.3005155209172143,-0.4645341634750366,0.999989688396454,0.999996781349182,-0.2183210849761963,-0.4035213887691498,-0.4569355547428131,0.999988615512848,0.9999924898147584,0.5927675144596452,-0.9928789318929829,-0.4042159914970398,0.9999939799308776,0.9999964237213136,-0.5927675144596452,0.9928789318929789,-0.0908838212490081,0.9999735355377196,0.9999970197677612,0.4919144405182737,0.11761338172487701,-0.4250452816486358,0.9987438321113586,0.999958634376526,-1.2794982417850314,-1.5005735763738224,-0.0542365238070488,0.7434704303741455,0.9999758005142212,0.12335780904915923,0.4090345890254055,-0.3484912812709808,0.9990228414535522,0.9999862909317015,-0.805848193019921,-0.3733818769410433,-0.0900302678346633,0.8693719506263733,0.9999938011169434,1.8125949298701174,-1.5112995484481586,-0.0542129576206207,0.9999122023582458,0.9999806880950928,1.6656815833726915,-1.6044525117158386,0.0548914708197116,0.9999073147773744,0.9999918937683104,0.6328512012031101,-0.9892424201758026,-0.2604426443576813,0.9865998029708862,0.9999673366546632,0.059171473474790244,-0.8770205003536158,-0.0812814682722091,0.8330943584442139,0.999987244606018,0.7004520778732075,-1.2181177047465106,-0.0909115895628929,0.9694095849990844,0.9996383190155028,0.2124843496982644,-1.0348448111016102,0.0414655581116676,0.8026784062385559,0.999828577041626,0.7005112795871327,-1.139962705640938,-0.0673701763153076,0.8878509998321533,0.998785674571991,0.6720821847995803,-0.8665733848452127,0.0183313451707363,0.7005975842475891,0.9997488856315612,0.6920807185289568,-1.032251197420271,-0.0975977778434753,0.972795844078064,0.9985451698303224,0.6983314134811393,-0.9953725345442371,-0.0103148585185408,0.847229540348053,0.9990841150283812,mediapipe,mediapipe,mediapipe,mediapipe,mediapipe,mediapipe,mediapipe,mediapipe,movenet,movenet,mediapipe,mediapipe,mediapipe,mediapipe,mediapipe,mediapipe,mediapipe,mediapipe
399,7.98,0.7990497286763026,1.1784177344919113,-0.4659968316555023,0.9999898672103882,0.9999977350234984,-0.2175490111112594,-0.4049136936664581,-0.4558227062225342,0.9999886751174928,0.9999938011169434,0.6667164791097309,-0.9750333588617517,-0.4038933515548706,0.9999938011169434,0.999996542930603,-0.6667164791097309,0.9750333588617619,-0.0902455374598503,0.999974250793457,0.9999977350234984,0.5461905721711233,0.1300570421550138,-0.425558865070343,0.9987450838088988,0.999959111213684,-1.2745646237254535,-1.4982582441746404,-0.0460308119654655,0.7503805756568909,0.9999805688858032,0.1325703234492888,0.413535774478528,-0.3481429815292358,0.9990293979644777,0.9999854564666748,-0.7957781657038663,-0.3587347046714951,-0.0785252377390861,0.8792973160743713,0.9999949932098388,1.8337070395853154,-1.5310316423638717,-0.0544005297124385,0.9999096989631652,0.9999805688858032,1.6813417114914726,-1.6275246590224892,0.0550057590007782,0.9999070167541504,0.999992847442627,0.660572035384919,-0.9150140250465275,-0.2494807541370391,0.9867284297943116,0.99997079372406,0.07693388890912892,-0.8256314628474835,-0.0763494074344635,0.8334202766418457,0.999990463256836,0.7315481857570361,-1.1580795487459685,-0.0777003467082977,0.9700059294700624,0.9997586607933044,0.23437843494458485,-0.9780943098412314,0.0483610928058624,0.8065361976623535,0.9999045133590698,0.7327609675195513,-1.0830018585798324,-0.0538236051797866,0.8915413022041321,0.999213933944702,0.6980460395798854,-0.8071068606306634,0.0260081272572278,0.7055665850639343,0.9998621940612792,0.7086688278083443,-0.9587861999899537,-0.0830751657485961,0.9731813669204712,0.9991022348403932,0.723383078262766,-0.9345115034066963,-0.0013328716158866,0.8499786257743835,0.9995055198669434,mediapipe,mediapipe,mediapipe,mediapipe,mediapipe,mediapipe,mediapipe,mediapipe,movenet,movenet,mediapipe,mediapipe,mediapipe,mediapipe,mediapipe,mediapipe,mediapipe,mediapipe
400,8.0,0.6720537608796537,1.1456108754030172,-0.4579870402812958,0.9999900460243224,0.9999972581863404,-0.2246848195791244,-0.4067401885986328,-0.4470619559288025,0.9999889731407166,0.9999943971633912,0.6863866819276867,-0.7802562636480855,-0.4022785723209381,0.9999938011169434,0.9999972581863404,-0.6863866819276867,0.7802562636480816,-0.0786207020282745,0.999975085258484,0.9999974966049194,0.5691845195066393,0.12192117717818905,-0.423804372549057,0.9987584948539734,0.9999669790267944,-1.2687662639373531,-1.4983136135204946,-0.0261070542037487,0.7606775164604187,0.9999794960021972,0.16258168576513118,0.4091552419373135,-0.3404229581356048,0.9990614652633668,0.999990940093994,-0.7768772830789294,-0.3596081707565431,-0.0612503625452518,0.8891245126724243,0.9999957084655762,1.8620202507246713,-1.556870271168681,-0.0546037890017032,0.9999094605445862,0.9999819993972778,1.7021231815539635,-1.6592498971833727,0.0551620349287986,0.9999080300331116,0.9999922513961792,0.7014807572697103,-0.8921500429972772,-0.2484206557273864,0.987336277961731,0.9999759197235109,0.09805730991811569,-0.7685440858649454,-0.0611978992819786,0.840293824672699,0.9999896287918092,0.7847335661156714,-1.1215379722557361,-0.0587872378528118,0.9709169268608092,0.999801218509674,0.27948953089940254,-0.9399708669396173,0.0658053308725357,0.815010130405426,0.9998966455459596,0.7885027038956541,-1.047993248003998,-0.0323362238705158,0.89578777551651,0.9993614554405212,0.7615033551062527,-0.7701190004148325,0.0444349385797977,0.7163134813308716,0.9998584985733032,0.7652035503387992,-0.8954096585075237,-0.0570788793265819,0.9738809466362,0.9992393255233764,0.7928823241137425,-0.8674657529864741,0.0226707831025123,0.8562093377113342,0.9994797110557556,mediapipe,mediapipe,mediapipe,mediapipe,mediapipe,mediapipe,mediapipe,mediapipe,movenet,movenet,mediapipe,mediapipe,mediapipe,mediapipe,mediapipe,mediapipe,mediapipe,mediapipe
401,8.02,0.6076585497917468,1.1651275195572859,-0.4558501243591308,0.9999905228614808,0.9999983310699464,-0.2315824627876281,-0.40766242146492,-0.4438526928424835,0.9999895095825196,0.9999955892562866,0.5234999037624471,-0.7973462718018886,-0.401997298002243,0.9999938011169434,0.99999737739563,-0.5234999037624471,0.7973462718018847,-0.0718121528625488,0.9999759197235109,0.9999979734420776,0.5848129323712506,0.12551472289788224,-0.423435628414154,0.9987714886665344,0.9999669790267944,-1.260075740489985,-1.4977808293971815,-0.0186432003974914,0.7721215486526489,0.9999841451644896,0.18478534957780032,0.4061610166149807,-0.3390889167785644,0.999093770980835,0.9999911785125732,-0.7663215846120122,-0.3658924457548756,-0.0592179223895072,0.8985430598258972,0.999996781349182,1.9070898968491707,-1.598157375084599,-0.0555456764996051,0.9999054670333862,0.999974489212036,1.73701132278681,-1.7128811404589284,0.0560189336538314,0.9999063014984132,0.9999905824661256,0.7270300948087111,-0.9027791094632505,-0.2370789498090744,0.987651526927948,0.9999672174453736,0.12543290804409546,-0.7166053551097276,-0.0307948905974626,0.8396161198616028,0.9999862909317015,0.825195102984401,-1.0858585404897598,-0.0531325414776802,0.971697986125946,0.9997079968452454,0.2994576846490355,-0.8636809049056263,0.0914533510804176,0.8181861639022827,0.9998599290847778,0.8305952622813428,-1.009876544019583,-0.0275935195386409,0.8998640179634094,0.999043881893158,0.788581385408713,-0.6891225639988898,0.0694400519132614,0.722039520740509,0.999810755252838,0.8023709444905105,-0.8896561591264487,-0.0556075200438499,0.9744409322738647,0.9990081191062928,0.8225519649672859,-0.8093356807635823,0.047712255269289,0.8584598302841187,0.999397039413452,mediapipe,mediapipe,mediapipe,mediapipe,mediapipe,mediapipe,mediapipe,mediapipe,movenet,movenet,mediapipe,mediapipe,mediapipe,mediapipe,mediapipe,mediapipe,mediapipe,mediapipe
402,8.04,0.5064273840708262,1.1301882133032517,-0.4380392730236053,0.9999911189079284,0.999998927116394,-0.2393497675657272,-0.4108477830886841,-0.4323669373989105,0.999990165233612,0.999996781349182,0.4707571562300682,-0.898906547506953,-0.3939605355262756,0.9999939203262328,0.9999982118606568,-0.4707571562300682,0.8989065475069491,-0.0556405894458293,0.9999772310256958,0.999998927116394,0.6231549843796336,0.10227986702285627,-0.4162099957466125,0.9988076686859132,0.9999761581420898,-1.2659090182009367,-1.4932028799019585,-0.0049920598976314,0.7852639555931091,0.9999911785125732,0.20734616422080543,0.3910239723714849,-0.3292469382286072,0.999139130115509,0.999994158744812,-0.7464882276879944,-0.36990137900612685,-0.0533383712172508,0.9076539278030396,0.9999984502792358,1.9395742954156845,-1.630355102070241,-0.0569556877017021,0.999904215335846,0.9999778270721436,1.7614107896988156,-1.748192580225381,0.0572992675006389,0.9999072551727296,0.9999929666519164,0.7651837025184669,-0.8760308166695594,-0.2178014367818832,0.988318145275116,0.9999772310256958,0.14940028816539222,-0.7081074412401199,-0.0126562966033816,0.8445889949798584,0.9999920129776,0.8761939589728879,-1.0275012904499439,-0.0496229715645313,0.9735518097877502,0.9997969269752502,0.32353953556820647,-0.8320197149812336,0.102842092514038,0.8268643021583557,0.9999213218688964,0.8809555647315992,-0.9486309323310695,-0.0255490392446517,0.9063602089881896,0.9993348717689514,0.819799339107756,-0.6528178602594492,0.0798700228333473,0.734839141368866,0.9998904466629028,0.8368975462516013,-0.8408587746617878,-0.0556412413716316,0.976030170917511,0.9993160963058472,0.8505981963894415,-0.7712272324141615,0.0591564252972602,0.8655803799629211,0.999653458595276,mediapipe,mediapipe,mediapipe,mediapipe,mediapipe,mediapipe,mediapipe,mediapipe,movenet,movenet,mediapipe,mediapipe,mediapipe,mediapipe,mediapipe,mediapipe,mediapipe,mediapipe
403,8.06,0.4843693098383836,1.2696887618007626,-0.4294716715812683,0.9999914765357972,0.9999985694885254,-0.2385516613721847,-0.4133623838424682,-0.4281557500362396,0.9999905228614808,0.9999957084655762,0.5232834517550945,-1.1750499549316702,-0.3860265016555786,0.9999939799308776,0.9999982118606568,-0.5232834517550945,1.1750499549316662,-0.0510973185300827,0.9999784231185912,0.999998927116394,0.6361908490154453,0.06529879682200598,-0.4078379571437835,0.9988203644752502,0.9999810457229614,-1.2732811152695511,-1.4842062270749168,-0.003337584901601,0.7966225743293762,0.9999923706054688,0.21233031056484897,0.3668380640232453,-0.3193984627723694,0.9991752505302428,0.9999953508377076,-0.7449183361811808,-0.3624985904182813,-0.053445890545845,0.9157716631889344,0.9999986886978148,1.9270143087367393,-1.6161814359380484,-0.0575166456401348,0.9999026656150818,0.9999818801879884,1.7452839417518748,-1.7271713362552672,0.0577103085815906,0.9999076724052428,0.999994158744812,0.746525751968265,-0.860843940976433,-0.1877319514751434,0.9883044958114624,0.9999810457229614,0.17480543590242129,-0.6476196621226152,-0.0010387438815087,0.842923104763031,0.9999927282333374,0.8891600362718572,-1.0036537780870516,-0.0370535515248775,0.9746857285499572,0.9997703433036804,0.3345145257931433,-0.7640043291181785,0.1094022542238235,0.8286503553390503,0.9999027252197266,0.8958735998729139,-0.9272308550471031,-0.0154018197208642,0.9110393524169922,0.99922776222229,0.8290356524232317,-0.5803998437079617,0.0854914933443069,0.7407267093658447,0.999862790107727,0.8558214141957545,-0.8317807078657614,-0.0437458865344524,0.97689026594162,0.9991816878318788,0.8338050918648344,-0.7113391170256893,0.0665324181318283,0.8675998449325562,0.9996009469032288,mediapipe,mediapipe,mediapipe,mediapipe,mediapipe,mediapipe,mediapipe,mediapipe,movenet,movenet,mediapipe,mediapipe,mediapipe,mediapipe,mediapipe,mediapipe,mediapipe,mediapipe
404,8.08,0.4753119159184168,1.2489194409385425,-0.4162888526916504,0.999991774559021,0.9999986886978148,-0.2411704510450363,-0.4237011671066284,-0.4185329973697662,0.9999908804893494,0.9999964237213136,0.5482113466375145,-1.6530262562741032,-0.3771791160106659,0.999994158744812,0.9999985694885254,-0.5482113466375145,1.6530262562740992,-0.039032582193613,0.9999796748161316,0.9999991655349731,0.6751927609627775,0.008296725179114178,-0.3955718874931335,0.9988453388214112,0.9999823570251464,-1.2775730394327207,-1.4784549666583995,0.0085280966013669,0.8069010376930237,0.9999935626983644,0.23705577449724285,0.35726789693983335,-0.3056302368640899,0.9992095828056335,0.9999960660934448,-0.7290193302214427,-0.34355416020893953,-0.0480224266648292,0.923192024230957,0.9999990463256836,1.9118885013077835,-1.6018494381164219,-0.0585511215031147,0.9999020099639891,0.999982476234436,1.7290650539509405,-1.7032135060949263,0.0587248392403125,0.999908685684204,0.999994158744812,0.7631949315370727,-0.7443487880469273,-0.1828630119562149,0.9882845878601074,0.999974489212036,0.1841451988662771,-0.6112837391778247,0.0086997551843523,0.841030478477478,0.999990701675415,0.914090170870479,-0.8748205701587608,-0.019361563026905,0.9749943614006042,0.9997602105140686,0.34528288023946463,-0.6714724628708109,0.1283580064773559,0.8287755250930786,0.9998998641967772,0.9224527307197924,-0.8021936919695609,0.0038123487029224,0.9129082560539246,0.9992885589599608,0.845646908239158,-0.47750923547751817,0.1053814440965652,0.7420749068260193,0.9998728036880492,0.8886066023665742,-0.7218407581458645,-0.0210292730480432,0.977186381816864,0.9993300437927246,0.8578237649627982,-0.5871694609609648,0.0898079723119735,0.8687301874160767,0.9996408224105836,mediapipe,mediapipe,mediapipe,mediapipe,mediapipe,mediapipe,mediapipe,mediapipe,movenet,movenet,mediapipe,mediapipe,mediapipe,mediapipe,mediapipe,mediapipe,mediapipe,mediapipe
405,8.1,0.603069062098319,1.252943038966548,-0.4181568920612335,0.9999923706054688,0.9999994039535522,-0.238761305809021,-0.4347263276576996,-0.412727952003479,0.9999914765357972,0.9999983310699464,0.6235824413451223,-1.8367000118220587,-0.3717952370643616,0.999994456768036,0.999998927116394,-0.6235824413451223,1.836700011822055,-0.033994011580944,0.9999806880950928,0.9999990463256836,0.7129351524293802,-0.02284473619117508,-0.3905128538608551,0.9988970756530762,0.9999836683273317,-1.2791038240636132,-1.471729127523721,0.0118030859157443,0.8147900104522705,0.9999924898147584,0.24350981958292428,0.3601919148660548,-0.3026425838470459,0.9992535710334778,0.999996542930603,-0.7247495713124876,-0.3291339540956098,-0.0482605844736099,0.9295487999916076,0.9999988079071044,1.8947606713867597,-1.585741390264729,-0.0604361183941364,0.9998982548713684,0.99997878074646,1.711591720174488,-1.6773751433225965,0.060585543513298,0.999904990196228,0.9999920129776,0.7639329870606242,-0.5347301741842362,-0.1769616603851318,0.98824143409729,0.999975562095642,0.20263446071661345,-0.5174896400746751,0.0384127013385295,0.8292040824890137,0.9999885559082032,0.9579103914370999,-0.6687124801885026,-0.0130668096244335,0.9752342104911804,0.9997095465660096,0.34776532428365875,-0.5359609896137991,0.1760957539081573,0.8218176960945129,0.9998760223388672,0.9752939278502342,-0.6035235084153371,0.0102661158889532,0.9146400690078736,0.9990589022636414,0.8482864538672708,-0.3299890019692281,0.1552152633666992,0.7375167608261108,0.9998425245285034,0.9131894351127396,-0.5444751252842791,-0.0129230041056871,0.977455198764801,0.9992214441299438,0.8616501780333621,-0.4522515330263695,0.1473221182823181,0.8647663593292236,0.9996424913406372,mediapipe,mediapipe,mediapipe,mediapipe,mediapipe,mediapipe,mediapipe,mediapipe,movenet,movenet,mediapipe,mediapipe,mediapipe,mediapipe,mediapipe,mediapipe,mediapipe,mediapipe
406,8.12,0.6803350191806053,1.0498723655531175,-0.4173179566860199,0.9999929666519164,0.9999995231628418,-0.2352795898914337,-0.4456428289413452,-0.4032737910747528,0.9999920725822448,0.9999985694885254,0.6571763815398936,-1.8828949632441687,-0.3640512526035309,0.9999947547912598,0.9999990463256836,-0.6571763815398936,1.8828949632441647,-0.0265456829220056,0.9999816417694092,0.9999990463256836,0.7192977652162723,-0.02752381557972597,-0.3829163610935211,0.9989500045776368,0.999986171722412,-1.277489647855972,-1.4677488136831287,0.0183113757520914,0.8207680583000183,0.9999927282333374,0.24671337620272185,0.36868843992659595,-0.2975326478481293,0.9992964267730712,0.9999972581863404,-0.7129316979500279,-0.31895692455749464,-0.0459475629031658,0.9351478219032288,0.9999988079071044,1.8660025233466322,-1.5581177735406981,-0.0620089881122112,0.9998949766159058,0.9999804496765136,1.6856451727640247,-1.6398078951875643,0.0621760040521621,0.9999014139175416,0.9999922513961792,0.7505678283617139,-0.45138951269482525,-0.1771851330995559,0.9878361225128174,0.999975323677063,0.2146466812994521,-0.48157125915005805,0.0405802205204963,0.8129000067710876,0.999988317489624,0.9897654878391835,-0.5377126010135033,-0.0164749436080455,0.9749814867973328,0.9996988773345948,0.35755691327467454,-0.44954490545782533,0.177270695567131,0.8130843639373779,0.9998795986175536,1.0149997689866703,-0.4727006976595787,0.0065634562633931,0.9150758385658264,0.999038577079773,0.8608701986556901,-0.23285965978765782,0.1562730967998504,0.7310799360275269,0.99984610080719,0.9362947799244992,-0.39525805469860237,-0.018844636157155,0.9774390459060668,0.9992157220840454,0.8534590647811957,-0.35070826529252797,0.1447425484657287,0.8600978255271912,0.9996519088745116,mediapipe,mediapipe,mediapipe,mediapipe,mediapipe,mediapipe,mediapipe,mediapipe,movenet,movenet,mediapipe,mediapipe,mediapipe,mediapipe,mediapipe,mediapipe,mediapipe,mediapipe
407,8.14,0.6230572629432833,0.9348052046161629,-0.4196298122406006,0.9999935626983644,0.9999997615814208,-0.2328279614448547,-0.4517403841018677,-0.4051819741725921,0.9999927282333374,0.9999992847442628,0.5830854801034298,-1.6797412999267558,-0.3643993437290191,0.9999951124191284,0.9999994039535522,-0.5830854801034298,1.6797412999267518,-0.0269139129668474,0.9999825954437256,0.9999992847442628,0.7040820722931589,-0.026997711816221414,-0.3826927542686462,0.9990121126174928,0.9999886751174928,-1.2790115146009642,-1.4678199675906314,0.0211815368384122,0.8247425556182861,0.9999939203262328,0.26020991423696316,0.3816357159399988,-0.2973968386650085,0.9993425607681274,0.9999977350234984,-0.6895844072953918,-0.31442395914830873,-0.0388959608972072,0.9401399493217468,0.9999990463256836,1.8406504408500177,-1.535963698606213,-0.0632497742772102,0.9998922944068908,0.9999845027923584,1.6633357797555486,-1.6052197521352438,0.0633385404944419,0.9998975396156312,0.9999939203262328,0.7418487039025393,-0.3451922075058343,-0.1737757921218872,0.9875124096870422,0.9999765157699584,0.21189758286062196,-0.3808078012951598,0.0456792488694191,0.7974878549575806,0.9999878406524658,0.9870459580779427,-0.35314010635827875,-0.0180474165827035,0.9752344489097596,0.9996905326843262,0.36130365751183885,-0.3329363452745565,0.1913687884807586,0.8022449016571045,0.9998881816864014,1.0096400773315242,-0.28521576778763275,0.0045108962804079,0.9169430732727052,0.9989701509475708,0.8666007900348006,-0.11108502689581078,0.1716516613960266,0.7233088612556458,0.9998576641082764,0.9141651093814926,-0.21757720063105934,-0.0219111293554306,0.9777557849884032,0.9991627931594848,0.8508275247553693,-0.23016880454820063,0.162390723824501,0.853680431842804,0.9996978044509888,mediapipe,mediapipe,mediapipe,mediapipe,mediapipe,mediapipe,mediapipe,mediapipe,movenet,movenet,mediapipe,mediapipe,mediapipe,mediapipe,mediapipe,mediapipe,mediapipe,mediapipe
408,8.16,0.6271228893851847,0.8037340243531559,-0.4202391803264618,0.9999940395355223,0.9999996423721312,-0.229598581790924,-0.4575055241584778,-0.4062646925449371,0.9999932646751404,0.9999990463256836,0.6413918800312546,-1.355440796166273,-0.3658051192760467,0.9999954104423524,0.9999992847442628,-0.6413918800312546,1.3554407961662833,-0.030291149392724,0.9999834299087524,0.9999991655349731,0.7363958803502841,0.012892093728215592,-0.3836601078510284,0.9990604519844056,0.9999890327453612,-1.2678911199523413,-1.463760753659261,0.0172899961471557,0.8284015655517578,0.9999939203262328,0.2916035581808431,0.39578141932815064,-0.2985527217388153,0.9993786811828612,0.999997854232788,-0.6460025857558774,-0.30570800497939826,-0.0412317663431167,0.9443480968475342,0.9999990463256836,1.8175852987162608,-1.5163560030143157,-0.0640651881694793,0.9998936653137208,0.999990463256836,1.6447839999050622,-1.5757896724392209,0.0641141757369041,0.999897837638855,0.9999960660934448,0.7341800534985146,-0.23619546123803478,-0.1745000481605529,0.9871172308921814,0.999983549118042,0.22210746158748662,-0.2935342413648167,0.053049236536026,0.7838561534881592,0.999990701675415,1.0023783501558838,-0.2073734267721819,-0.0151639822870492,0.9754034876823424,0.9997988343238832,0.4032826011874215,-0.20019405646291955,0.2087553739547729,0.7948766946792603,0.9999266862869264,1.0249589892361681,-0.14097266490944846,0.0073941187001764,0.9172341227531432,0.9993298053741456,0.9275885136665484,0.034249639644578785,0.1902522295713424,0.7167704105377197,0.9999079704284668,0.9158797323046229,-0.05934229794554482,-0.0204632077366113,0.9779453277587892,0.99942809343338,0.8965415689070125,-0.06223468647031094,0.1811380535364151,0.8491979241371155,0.9997856020927428,mediapipe,mediapipe,mediapipe,mediapipe,mediapipe,mediapipe,mediapipe,mediapipe,movenet,movenet,mediapipe,mediapipe,mediapipe,mediapipe,mediapipe,mediapipe,mediapipe,mediapipe
409,8.18,0.5768054399523974,0.5946180303644011,-0.4277633130550384,0.9999943971633912,0.9999995231628418,-0.2274049073457718,-0.463805079460144,-0.4150011837482452,0.9999937415122986,0.9999990463256836,0.5947375360227177,-0.9529715203790508,-0.3738841116428375,0.9999956488609314,0.9999992847442628,-0.5947375360227177,0.9529715203790469,-0.0308027919381856,0.999984085559845,0.999998927116394,0.8008052215677056,0.04859257796784208,-0.3866496384143829,0.9990864396095276,0.9999879598617554,-1.2259334774537958,-1.473666532819796,0.0144239235669374,0.8266510963439941,0.999991536140442,0.33969804666120385,0.4082366589686056,-0.2996472418308258,0.9994019269943236,0.9999972581863404,-0.595327588814257,-0.31990540003193296,-0.0386188067495822,0.9473018050193788,0.9999988079071044,1.7913708461566367,-1.4956204005291938,-0.0643127933144569,0.9998950958251952,0.9999903440475464,1.6266569874851597,-1.5448228585453523,0.0643443763256073,0.999897301197052,0.9999953508377076,0.7947875667971364,-0.17553906966000743,-0.1791262030601501,0.9872035980224608,0.9999845027923584,0.2638370311262109,-0.24819248704911998,0.0535205826163291,0.7768718004226685,0.9999890327453612,1.049546222387856,-0.10639923384363814,-0.0283906571567058,0.9762172698974608,0.9998542070388794,0.4282724807303385,-0.13972123335166886,0.218885451555252,0.7932219505310059,0.9999350309371948,1.0691711298003093,-0.04274200820734633,-0.0080354223027825,0.9188123941421508,0.9994741082191468,0.9573118965475069,0.09996971167599217,0.2015409469604492,0.7146073579788208,0.9999175071716307,0.9502273673321167,0.05170301571552426,-0.0498915426433086,0.9787996411323548,0.9995061159133912,0.9406310497604,-0.0033159699616074068,0.1868631839752197,0.849372923374176,0.9998098015785216,mediapipe,mediapipe,mediapipe,mediapipe,mediapipe,mediapipe,mediapipe,mediapipe,movenet,movenet,mediapipe,mediapipe,mediapipe,mediapipe,mediapipe,mediapipe,mediapipe,mediapipe
410,8.2,0.523619257633313,0.5456147731637498,-0.445605456829071,0.9999948740005492,0.9999998807907104,-0.21761454641819,-0.467640221118927,-0.4307779669761657,0.9999942779541016,0.9999995231628418,0.4819767774565389,-0.3729920494921762,-0.3847236037254333,0.9999959468841552,0.9999996423721312,-0.4819767774565389,0.37299204949218595,-0.0353354550898075,0.9999849200248718,0.9999994039535522,0.8973708054152599,0.061573566554156564,-0.3968843221664428,0.9991379976272584,0.9999899864196776,-1.2012794994309448,-1.4762410926735514,0.0122977420687675,0.8250834941864014,0.9999940395355223,0.4159240645185591,0.40579503276022394,-0.3116655051708221,0.9994348287582396,0.9999974966049194,-0.5840117194161321,-0.3244696693465699,-0.0408194549381732,0.9505038261413574,0.9999992847442628,1.7317840820735206,-1.4415442113190353,-0.0650679841637611,0.9998978972434998,0.9999933242797852,1.5795570355257829,-1.476025389248996,0.0650253221392631,0.9998984932899476,0.9999970197677612,0.8066282088421476,-0.0447807690062582,-0.1824953705072403,0.9876350164413452,0.9999896287918092,0.2789424835890408,-0.17128557824057444,0.0567460022866725,0.7762801051139832,0.999994158744812,1.0617347893094466,0.08522240043486849,-0.0341834127902984,0.9777728319168092,0.999893069267273,0.4356153163026564,-0.003017552993601024,0.2137511819601059,0.7994353771209717,0.999963402748108,1.0782543864075802,0.14654502307265366,-0.0167124439030885,0.923205316066742,0.9995892643928528,0.9636874499000248,0.24900532292965424,0.1952963918447494,0.721990168094635,0.999948024749756,0.9321833697290383,0.18666704170156387,-0.0664872303605079,0.9802073240280152,0.9996258020401,0.9155418417366153,0.10280302416076366,0.176145851612091,0.8551799654960632,0.9998819828033448,mediapipe,mediapipe,mediapipe,mediapipe,mediapipe,mediapipe,mediapipe,mediapipe,movenet,movenet,mediapipe,mediapipe,mediapipe,mediapipe,mediapipe,mediapipe,mediapipe,mediapipe
411,8.22,0.43099705222917306,0.5507392797665549,-0.4458299577236175,0.9999953508377076,0.9999998807907104,-0.2131884098052978,-0.4767034947872162,-0.4313950538635254,0.9999947547912598,0.9999997615814208,0.3819678972855864,-0.5439685812039668,-0.3846251368522644,0.9999962449073792,0.9999997615814208,-0.3819678972855864,0.543968581203963,-0.0363730229437351,0.9999858140945436,0.9999994039535522,1.0113449348898442,0.007428242545687267,-0.3974616825580597,0.9991886019706726,0.999992609024048,-1.1913085802982561,-1.4628558619977672,0.0125641925260424,0.8272959589958191,0.9999948740005492,0.5071124628306168,0.3811173278434941,-0.3171172738075256,0.9994701147079468,0.9999985694885254,-0.5820056039263538,-0.32530345693093676,-0.0406336039304733,0.9539616703987122,0.9999994039535522,1.6816882217630151,-1.3977051694422948,-0.0656514838337898,0.9999014139175416,0.9999943971633912,1.5412097640364057,-1.4192520527929673,0.0656053721904754,0.9999006986618042,0.99999737739563,0.8848317964111553,0.07098788455099078,-0.1819647252559662,0.9878209233283995,0.9999897480010986,0.2970726643038211,-0.0862952977959285,0.0482248999178409,0.7788195610046387,0.9999945163726808,1.1183885887391696,0.2996340555945923,-0.0461261868476867,0.9790932536125184,0.9998798370361328,0.42231950088895676,0.226263444337765,0.1995766162872314,0.8080319762229919,0.9999598264694214,1.1295330989578654,0.36638186620050844,-0.0320483297109603,0.926866352558136,0.9995242357254028,0.9424266403742151,0.5079185924883997,0.1811962872743606,0.7332649827003479,0.9999393224716188,0.9812487253534721,0.3616351156521199,-0.0919701382517814,0.9814364314079284,0.9995816349983216,0.8780812162927677,0.33966255254052774,0.1727117896080017,0.8626785278320312,0.9998531341552734,mediapipe,mediapipe,mediapipe,mediapipe,mediapipe,mediapipe,mediapipe,mediapipe,movenet,movenet,mediapipe,mediapipe,mediapipe,mediapipe,mediapipe,mediapipe,mediapipe,mediapipe
412,8.24,0.27781797013400183,0.6820586500461256,-0.4418617784976959,0.999995768070221,0.9999998807907104,-0.2063604444265365,-0.4938783943653106,-0.4276959300041199,0.999995231628418,0.9999997615814208,0.26594803832204955,-0.8649121119036076,-0.3800077438354492,0.999996542930603,0.9999997615814208,-0.26594803832204955,0.8649121119036178,-0.0292424857616424,0.9999865889549256,0.9999994039535522,1.0446822237464377,-0.011645158771315773,-0.3950327634811401,0.9992332458496094,0.9999923706054688,-1.1959783158975645,-1.438121874600909,0.0179700590670108,0.8297762870788574,0.999995231628418,0.5580369566778658,0.3825356742700655,-0.3162091672420501,0.9994977116584778,0.9999985694885254,-0.5840609811488426,-0.30825145531277487,-0.0400610081851482,0.9573017954826356,0.9999996423721312,1.5758319408355217,-1.3002877229012804,-0.0662246271967887,0.9999058246612548,0.9999960660934448,1.4551016345240408,-1.3023780956994697,0.0661813989281654,0.9999040365219116,0.9999980926513672,0.9510648659960139,0.23122892142058357,-0.1759629994630813,0.988249897956848,0.9999922513961792,0.2908381609172598,-0.009681615228508852,0.0461146533489227,0.7849938273429871,0.9999959468841552,1.130491391542754,0.5277120865134096,-0.0507732592523098,0.9806122183799744,0.9999152421951294,0.4147918375229311,0.368191172825993,0.1906368732452392,0.8188356161117554,0.9999741315841676,1.1323626732210108,0.5968616200630259,-0.0382113680243492,0.9312675595283508,0.9996514320373536,0.9341183244871948,0.6668988322690039,0.1713576912879943,0.7473713159561157,0.9999597072601318,0.9849074139976012,0.5763037682334805,-0.1002754792571067,0.9827955961227416,0.9996557235717772,0.8431093139111333,0.5238021946682611,0.1618344336748123,0.8713522553443909,0.9998903274536132,mediapipe,mediapipe,mediapipe,mediapipe,mediapipe,mediapipe,mediapipe,mediapipe,movenet,movenet,mediapipe,mediapipe,mediapipe,mediapipe,mediapipe,mediapipe,mediapipe,mediapipe
413,8.26,0.21605402677485802,0.8470282982505025,-0.4402758181095123,0.9999961256980896,0.9999998807907104,-0.1973792761564254,-0.504602313041687,-0.4245304763317108,0.9999956488609314,0.9999997615814208,0.22726310182535298,-1.0845700123993307,-0.3743223547935486,0.999996781349182,0.9999997615814208,-0.22726310182535298,1.0845700123993267,-0.026038359850645,0.999987244606018,0.9999992847442628,1.0653628062517955,-0.005094243241310507,-0.3928501605987549,0.9992607831954956,0.9999924898147584,-1.2208445443278997,-1.429421580059962,0.0183965172618627,0.828932523727417,0.9999940395355223,0.5800557480266444,0.38292755245815957,-0.3159265518188476,0.9995174407958984,0.9999985694885254,-0.6064599165603487,-0.2962243039480654,-0.0399187617003917,0.9597151875495912,0.9999994039535522,1.4689860091706604,-1.20284026259826,-0.0662006214261055,0.9999077320098876,0.9999943971633912,1.3663773068133673,-1.1866411211965961,0.0661588311195373,0.9999046325683594,0.9999971389770508,1.002670401854067,0.31368947431569333,-0.1734236180782318,0.9876513481140136,0.9999868869781494,0.28460325939926956,0.031506532566721486,0.0415477082133293,0.7833276987075806,0.9999927282333374,1.0827965132768491,0.6375988567143991,-0.0657140165567398,0.981397807598114,0.9998618364334106,0.3606804282140094,0.4669011261249973,0.1755458116531372,0.8225029110908508,0.9999539852142334,1.0718507489723976,0.7019459753139968,-0.0556018687784671,0.9330622553825378,0.9994113445281982,0.8596572350247371,0.7759192923008496,0.1521245241165161,0.753680408000946,0.999923586845398,0.9157480903849614,0.6349097120375311,-0.1244565173983573,0.9835994243621826,0.9994695782661438,0.7687270278679236,0.6128638649970352,0.1222739294171333,0.875849723815918,0.9998180270195008,mediapipe,mediapipe,mediapipe,mediapipe,mediapipe,mediapipe,mediapipe,mediapipe,movenet,movenet,mediapipe,mediapipe,mediapipe,mediapipe,mediapipe,mediapipe,mediapipe,mediapipe
414,8.28,0.06735617295065825,0.9241499949035235,-0.4363117516040802,0.9999964833259584,1.0,-0.1861578226089477,-0.5116446614265442,-0.4223573803901672,0.9999960660934448,0.9999998807907104,0.03197452976619793,-0.9619930491429504,-0.3701168894767761,0.9999970197677612,0.9999997615814208,-0.03197452976619793,0.9619930491429465,-0.0212457701563835,0.9999879002571106,0.9999994039535522,1.0142691197677947,0.016089420890807872,-0.389102965593338,0.9992840886116028,0.9999942779541016,-1.2426737340923393,-1.4263173431909322,0.0217518582940101,0.8243414163589478,0.999995231628418,0.5498723166382682,0.40266586296788137,-0.3112902343273163,0.9995285272598268,0.999998927116394,-0.6177191386685746,-0.30029218110121497,-0.0360894128680229,0.9613791704177856,0.9999995231628418,1.345611223767913,-1.0911872424884972,-0.0662404224276542,0.9999104738235474,0.9999959468841552,1.2615671770884345,-1.0559782138707976,0.0661941617727279,0.9999060034751892,0.999997854232788,1.0348552809402454,0.41409080672260046,-0.1719219535589218,0.9867035746574402,0.9999881982803344,0.2828284639029095,0.10011792611188056,0.0383693017065525,0.7757678627967834,0.9999935626983644,1.0518021958143149,0.7659878147350441,-0.0838486775755882,0.9820495843887328,0.9998958110809326,0.33005570119448646,0.5813619877968064,0.1575661748647689,0.8223028779029846,0.9999667406082152,1.027107837484934,0.825983143633934,-0.0757932588458061,0.9343549609184264,0.9995469450950624,0.8168177949956499,0.9004628071828744,0.131279781460762,0.7562724351882935,0.9999423027038574,0.8446081233839148,0.7187659878657461,-0.1490705609321594,0.9843193292617798,0.9996098875999452,0.7130080933629867,0.7225288202699202,0.0917647778987884,0.8787958025932312,0.9998728036880492,mediapipe,mediapipe,mediapipe,mediapipe,mediapipe,mediapipe,mediapipe,mediapipe,movenet,movenet,mediapipe,mediapipe,mediapipe,mediapipe,mediapipe,mediapipe,mediapipe,mediapipe
415,8.3,-0.1201501906854521,0.9490442006090393,-0.4363386332988739,0.9999968409538268,1.0,-0.1752467304468155,-0.5166829824447632,-0.4224302470684051,0.9999964237213136,0.9999998807907104,-0.10872181401901067,-0.7952915982927602,-0.36996591091156,0.9999972581863404,0.9999997615814208,0.10872181401901067,0.7952915982927563,-0.0203851480036973,0.999988615512848,0.9999995231628418,0.9432342595291154,0.0427522368441493,-0.3892613649368286,0.999291718006134,0.999993085861206,-1.2527790152471716,-1.4281924901368965,0.0231306683272123,0.8205796480178833,0.9999961853027344,0.5407881150727537,0.43416734851621,-0.3113290667533874,0.999519109725952,0.9999984502792358,-0.6274436997030346,-0.3010314595814849,-0.0351686291396617,0.9634109139442444,0.9999997615814208,1.2394903383638292,-0.9976034634911719,-0.0667505711317062,0.9999144077301024,0.9999972581863404,1.1700655467775087,-0.9449302806558422,0.0667136088013649,0.9999094009399414,0.9999986886978148,1.0135959157574952,0.5462540677635171,-0.1653803884983062,0.9857630729675292,0.9999916553497314,0.288760734689655,0.1887456326884043,0.040054727345705,0.7682794332504272,0.9999960660934448,1.0343994724629382,0.9068759667397924,-0.0818049237132072,0.9826829433441162,0.9999369382858276,0.33003142516142137,0.6691989511979095,0.1593147963285446,0.8226498365402222,0.999982476234436,1.0085593439084597,0.9614039943446929,-0.0723241120576858,0.9355056881904602,0.9997126460075378,0.8174388318156022,0.9907122301031341,0.1330992877483368,0.7594396471977234,0.9999675750732422,0.8187708754983928,0.8170276719859697,-0.1439169496297836,0.9850563406944276,0.9997451901435852,0.6891457006750777,0.8000269114172865,0.0931514278054237,0.8825022578239441,0.9999244213104248,mediapipe,mediapipe,mediapipe,mediapipe,mediapipe,mediapipe,mediapipe,mediapipe,movenet,movenet,mediapipe,mediapipe,mediapipe,mediapipe,mediapipe,mediapipe,mediapipe,mediapipe
416,8.32,-0.09035608614705991,0.7961842744599893,-0.443753570318222,0.9999971389770508,1.0,-0.158342108130455,-0.5117076635360718,-0.4280552864074707,0.999996781349182,0.9999998807907104,-0.04677025111976054,-0.5119018178388686,-0.3701470494270324,0.9999974370002748,0.9999997615814208,0.046770251119767466,0.5119018178388647,-0.0215298328548669,0.9999892711639404,0.9999995231628418,0.9299039114675094,0.08276255628667852,-0.388848066329956,0.9993106126785278,0.9999942779541016,-1.2541698000786596,-1.4331493374271378,0.021614883095026,0.8173553943634033,0.999995231628418,0.5157515909228403,0.44983924878699777,-0.3108412325382232,0.9995248913764954,0.9999988079071044,-0.6239174566915068,-0.30281651737294846,-0.03412302210927,0.9648969173431396,0.9999995231628418,1.1793056645971132,-0.9441792201681,-0.0667275264859199,0.9999189972877502,0.999997615814209,1.1180470342565862,-0.8846365162875548,0.0666971802711486,0.9999135136604308,0.9999986886978148,1.018400921036731,0.629668661436938,-0.1599115133285522,0.9854809045791626,0.9999920129776,0.3041921557922394,0.27246842674228183,0.0378534756600856,0.7691857814788818,0.9999959468841552,1.0104032342912985,1.0092950588083394,-0.080200970172882,0.9834986329078674,0.9999488592147828,0.34339518982486944,0.7702643663848262,0.1589941829442978,0.8276001811027527,0.9999829530715942,0.9814905566511348,1.0623660870344138,-0.0681424140930175,0.9370980858802797,0.9997592568397522,0.8334959774520079,1.0985469686237552,0.1326668709516525,0.7657760381698608,0.9999668598175048,0.8079977290831305,0.9183391100687889,-0.1371160596609115,0.9858810901641846,0.9997596144676208,0.6876730146253474,0.903045235334535,0.088732860982418,0.8882673382759094,0.9999130964279176,mediapipe,mediapipe,mediapipe,mediapipe,mediapipe,mediapipe,mediapipe,mediapipe,movenet,movenet,mediapipe,mediapipe,mediapipe,mediapipe,mediapipe,mediapipe,mediapipe,mediapipe
417,8.34,-0.10441519599579019,0.5488325764035362,-0.4433516561985016,0.99999737739563,1.0,-0.1442796438932418,-0.5212782621383667,-0.4255276024341583,0.999997079372406,0.9999998807907104,0.04191615014866841,-0.2791292844329238,-0.3658349215984344,0.999997615814209,0.9999998807907104,-0.04191615014866841,0.27912928443291984,-0.0180473588407039,0.9999898672103882,0.9999995231628418,0.9903741824066483,0.09120772698702112,-0.3856649398803711,0.9993367791175842,0.9999946355819702,-1.2479349299643776,-1.4303264649271161,0.0328715778887271,0.8148816823959351,0.9999959468841552,0.5493007646408342,0.4587159765902196,-0.310592770576477,0.9995366930961608,0.9999990463256836,-0.6052024102021694,-0.29696494777800075,-0.0225511472672224,0.9667717814445496,0.9999997615814208,1.0679869766495917,-0.8494105046019087,-0.0670775696635246,0.9999234676361084,0.9999979734420776,1.02092635034978,-0.7717213245621269,0.0670760348439216,0.9999173879623412,0.9999988079071044,1.00417236457439,0.6763951605887538,-0.1551518738269806,0.9855626225471495,0.999994158744812,0.3190395836183454,0.32566075474591405,0.0366922207176685,0.7723805904388428,0.9999974966049194,1.044396787668507,1.0778307324882637,-0.0797763913869857,0.9844823479652404,0.9999696016311646,0.3611237027497527,0.8539446676527004,0.15877066552639,0.8360186815261841,0.999990701675415,1.0265951642484645,1.131712630807311,-0.0653653070330619,0.9398838877677916,0.9998606443405152,0.8602179322513152,1.1922829270454725,0.1322559565305709,0.7768378257751465,0.9999812841415404,0.8551114874166604,1.0082208537021433,-0.1329811811447143,0.986850380897522,0.9998629093170166,0.6961783220999668,0.9980077075442585,0.0843625292181968,0.8957290053367615,0.999950647354126,mediapipe,mediapipe,mediapipe,mediapipe,mediapipe,mediapipe,mediapipe,mediapipe,movenet,movenet,mediapipe,mediapipe,mediapipe,mediapipe,mediapipe,mediapipe,mediapipe,mediapipe
418,8.36,-0.1572413136189015,0.4350856624774085,-0.4250489175319671,0.999997615814209,1.0,-0.1341825425624847,-0.5370062589645386,-0.4057342112064361,0.99999737739563,0.9999998807907104,0.2702360936732878,-0.3279908142576694,-0.3475750386714935,0.9999977946281432,0.9999998807907104,-0.2702360936732878,0.3279908142576655,-0.002042579697445,0.999990463256836,0.9999995231628418,0.9954974351372883,0.1322035115440768,-0.3680014610290527,0.9993683695793152,0.9999958276748656,-1.268439644993773,-1.4214062711621545,0.053526122123003,0.8165783286094666,0.999996304512024,0.5372291714454648,0.4841213941245391,-0.298630028963089,0.9995529651641846,0.9999992847442628,-0.598749992409021,-0.2835025698832118,-0.0084560345858335,0.9686443209648132,0.9999997615814208,0.9327422483805464,-0.7360677256465539,-0.067282423377037,0.9999285340309144,0.9999983310699464,0.9028207773910495,-0.6400443466589104,0.0673361867666244,0.999922215938568,0.999998927116394,0.9309758779233889,0.7230519514778564,-0.1564716696739196,0.98609858751297,0.9999946355819702,0.3074500345352313,0.3863675697931229,0.0355062596499919,0.7800933122634888,0.9999972581863404,1.0063377115724954,1.1124286462121713,-0.0764399915933609,0.9853684902191162,0.9999711513519288,0.35579678468071557,0.950047310089391,0.1544045507907867,0.8447223901748657,0.9999887943267822,0.9969622223347681,1.160249730947357,-0.0644566044211387,0.9425280094146729,0.9998722076416016,0.8612744593781669,1.2981017502260983,0.1274336725473404,0.7880018353462219,0.9999778270721436,0.8388414792603166,1.055705013871068,-0.1277122050523758,0.9877502918243408,0.9998704195022584,0.6824030189380116,1.120211900455561,0.0747875049710273,0.9030230045318604,0.9999407529830932,mediapipe,mediapipe,mediapipe,mediapipe,mediapipe,mediapipe,mediapipe,mediapipe,movenet,movenet,mediapipe,mediapipe,mediapipe,mediapipe,mediapipe,mediapipe,mediapipe,mediapipe
419,8.38,-0.36723372361479323,0.25741136212291676,-0.4238912165164947,0.999997854232788,1.0,-0.1236699000000953,-0.5363231301307678,-0.4067268073558807,0.999997615814209,0.9999998807907104,0.2014384227772178,-0.2696622887171077,-0.3468015789985657,0.9999979734420776,0.9999998807907104,-0.2014384227772178,0.2696622887171184,-0.0025028337258845,0.9999911189079284,0.9999996423721312,0.9635495208145152,0.14602869209497207,-0.3637544512748718,0.9993772506713868,0.9999964237213136,-1.251505083543192,-1.417035190413723,0.0568078830838203,0.8126813173294067,0.9999964237213136,0.5252737195096259,0.4938876251696201,-0.2943098545074463,0.9995500445365906,0.9999992847442628,-0.6021946741478572,-0.288412181471023,0.0001809544774005,0.9699370861053468,0.9999997615814208,0.8443575951723418,-0.6643924046409775,-0.0674765557050705,0.9999331831932068,0.9999982118606568,0.8238092983300696,-0.5536261508088164,0.067581370472908,0.999926745891571,0.9999988079071044,0.8681140696310514,0.7472914823690702,-0.1558722108602523,0.9856926202774048,0.9999929666519164,0.33419291389853123,0.43266014789530627,0.0409238412976264,0.7763187289237976,0.9999959468841552,0.9630933665167962,1.1742157797670343,-0.0739223435521125,0.985503315925598,0.9999637603759766,0.3707628227274208,1.055869769052972,0.156378224492073,0.8462845087051392,0.9999831914901732,0.9552458993549674,1.2207915859308613,-0.0640739277005195,0.9419617652893066,0.9998363256454468,0.8828474628198782,1.416735929372309,0.1292824298143386,0.790208637714386,0.9999662637710572,0.820556089585204,1.116063091796197,-0.1249389797449112,0.9881863594055176,0.999836564064026,0.7194687156990345,1.2442142688663371,0.0774176120758056,0.9071534276008606,0.9999164342880248,mediapipe,mediapipe,mediapipe,mediapipe,mediapipe,mediapipe,mediapipe,mediapipe,movenet,movenet,mediapipe,mediapipe,mediapipe,mediapipe,mediapipe,mediapipe,mediapipe,mediapipe
420,8.4,-0.40843221974049404,0.16583082218126333,-0.4246111214160919,0.9999980330467224,1.0,-0.1101209744811058,-0.5350387692451477,-0.4078555703163147,0.9999977946281432,0.9999998807907104,0.3706025687304188,-0.17120052617143036,-0.3470887541770935,0.9999980926513672,0.9999998807907104,-0.3706025687304188,0.17120052617142645,-0.0058306050486862,0.9999916553497314,0.9999995231628418,0.9623630861089463,0.1776440825475637,-0.3641002476215362,0.9993369579315186,0.999994158744812,-1.2597336825627066,-1.41005651116258,0.0510756373405456,0.8026207089424133,0.9999949932098388,0.5243646204550245,0.49854712237962573,-0.2947241067886352,0.9994922280311584,0.9999986886978148,-0.6287908095437985,-0.2981293991600571,-0.0045749312266707,0.9701811075210572,0.9999996423721312,0.7511083617345387,-0.58748251145744,-0.0675344616174697,0.9999376535415648,0.9999985694885254,0.7391575420772797,-0.46649984749063034,0.0677079707384109,0.9999313354492188,0.999998927116394,0.837547466364658,0.7690746448753398,-0.1555511355400085,0.984435498714447,0.9999923706054688,0.3773317945907437,0.4433533865666238,0.059270579367876,0.7601385712623596,0.9999955892562866,0.9407900791982621,1.2289483233300507,-0.0730887874960899,0.9851627945899964,0.9999669790267944,0.40403067848940927,1.10257118489188,0.1723085343837738,0.844781756401062,0.9999829530715942,0.9358314498204587,1.2775501740087611,-0.0630437657237052,0.9399179220199584,0.9998550415039062,0.9320453529904542,1.4732363412309057,0.1453709006309509,0.788115382194519,0.9999661445617676,0.857264208266922,1.2401110054971936,-0.1245558112859726,0.988332748413086,0.999811351299286,0.8281616618155407,1.35470269827509,0.0840850695967674,0.9094664454460144,0.9998999834060668,mediapipe,mediapipe,mediapipe,mediapipe,mediapipe,mediapipe,mediapipe,mediapipe,movenet,movenet,mediapipe,mediapipe,mediapipe,mediapipe,mediapipe,mediapipe,mediapipe,mediapipe
421,8.42,-0.49148482471949634,0.23703759768273394,-0.4086764752864837,0.999998152256012,0.9999998807907104,-0.0964892208576202,-0.553195059299469,-0.3889808356761932,0.9999979138374328,0.9999998807907104,0.4825888429508366,-0.28976423303262855,-0.3274658918380737,0.9999982118606568,0.9999997615814208,-0.4825888429508366,0.2897642330326393,0.0066878893412649,0.9999920129776,0.9999992847442628,0.9260974383089575,0.18360319211097417,-0.3484557569026947,0.999234676361084,0.9999929666519164,-1.2808795195122853,-1.3928000887476648,0.0563929043710231,0.7881492376327515,0.9999946355819702,0.5247414538943649,0.5086792461537543,-0.2896314859390259,0.9993362426757812,0.9999982118606568,-0.6341480643397314,-0.2966562987112956,-0.0081493919715285,0.970158040523529,0.9999997615814208,0.5763276183446487,-0.4534752613055642,-0.0675241947174072,0.999942183494568,0.9999991655349731,0.586233385847808,-0.3075005154861664,0.067728653550148,0.999936044216156,0.9999994039535522,0.8603971478755306,0.8430260325262169,-0.1410941779613495,0.9832000136375428,0.9999947547912598,0.39646944293820163,0.48694076765993466,0.0766472145915031,0.7537780404090881,0.999997615814209,0.9129789734361279,1.3045735924150346,-0.0520731210708618,0.9851312041282654,0.9999810457229614,0.37252322769240415,1.1658469971439245,0.190129742026329,0.8506749272346497,0.9999918937683104,0.9025899314104274,1.3510728395778562,-0.0424577854573726,0.938093602657318,0.9999195337295532,0.8865681788645555,1.5454121574875102,0.163295641541481,0.7940258383750916,0.9999833106994628,0.8568391691043288,1.3166387971746418,-0.1175626814365387,0.9885671734809875,0.9998887777328492,0.7943861584476665,1.4439628138449312,0.0974040254950523,0.9143171906471252,0.999941110610962,mediapipe,mediapipe,mediapipe,mediapipe,mediapipe,mediapipe,mediapipe,mediapipe,movenet,movenet,mediapipe,mediapipe,mediapipe,mediapipe,mediapipe,mediapipe,mediapipe,mediapipe
422,8.44,-0.3932501123612702,0.15941052330006902,-0.3965881168842315,0.9999982714653016,0.9999998807907104,-0.0842279121279716,-0.5681472420692444,-0.3723524510860443,0.9999980926513672,0.9999998807907104,0.5448953103672287,-0.4102025537595189,-0.3152602016925812,0.9999983310699464,0.9999997615814208,-0.5448953103672287,0.4102025537595287,0.0157463755458593,0.9999920725822448,0.9999988079071044,0.8895206886205388,0.15581070477703785,-0.3428809344768524,0.9991937279701232,0.9999927282333374,-1.2873047014091024,-1.3902441163610098,0.0593250207602977,0.7730376720428467,0.9999920129776,0.5279440732711796,0.4968862740072047,-0.2894770801067352,0.9992674589157104,0.9999984502792358,-0.6300490727525773,-0.31423361965336233,-0.0106958895921707,0.9699217081069946,0.9999996423721312,0.4341111310414507,-0.3483232360138414,-0.0675149783492088,0.9999467134475708,0.9999995231628418,0.46285502934482914,-0.18410093144298728,0.0677468106150627,0.9999404549598694,0.9999995231628418,0.8826084394343946,0.8921431917929386,-0.1255230009555816,0.983289897441864,0.9999970197677612,0.3559319100571441,0.5087671866850059,0.10591521859169,0.7533596754074097,0.999997854232788,0.929120496013993,1.3560700834881017,-0.036814410239458,0.9860237836837769,0.9999874830245972,0.392832105126556,1.1464244194482598,0.2442154288291931,0.8589291572570801,0.9999949932098388,0.919601446752395,1.4005086124267097,-0.0272995065897703,0.9403280019760132,0.99994158744812,0.928481779174053,1.5202806585724236,0.2195996046066284,0.804082989692688,0.9999901056289672,0.9272791559261071,1.3512667842756654,-0.1093697100877761,0.9892945885658264,0.9998964071273804,0.8686602436009095,1.4278191279499601,0.1636230051517486,0.9197178483009338,0.999958038330078,mediapipe,mediapipe,mediapipe,mediapipe,mediapipe,mediapipe,mediapipe,mediapipe,movenet,movenet,mediapipe,mediapipe,mediapipe,mediapipe,mediapipe,mediapipe,mediapipe,mediapipe
423,8.46,-0.4028801262182699,0.13949405507492466,-0.3835305273532867,0.9999983310699464,0.9999998807907104,-0.0674522519111633,-0.5763711929321289,-0.3583611845970154,0.999998152256012,0.9999996423721312,0.5761428982381063,-0.38857907704420913,-0.3001898527145386,0.9999983906745912,0.9999996423721312,-0.5761428982381063,0.3885790770442052,0.0251026544719934,0.9999920129776,0.9999984502792358,0.8995792554492394,0.1340524549375983,-0.3283537328243255,0.9991123676300048,0.9999903440475464,-1.3010526542901302,-1.3856019734941574,0.067877672612667,0.7550929188728333,0.999990463256836,0.5578411345791148,0.5086977046672153,-0.2784263491630554,0.9991171360015868,0.9999974966049194,-0.6394838504560945,-0.2969004053369388,-0.0059051178395748,0.9690983295440674,0.9999996423721312,0.2720832809680077,-0.23461056382032872,-0.0674276873469352,0.9999507069587708,0.9999994039535522,0.3232356054947947,-0.04721146015228658,0.0677138045430183,0.9999443292617798,0.9999994039535522,0.879570036618946,0.9557224855758992,-0.1167749688029289,0.9832510352134703,0.9999959468841552,0.3481968748205214,0.5468166866388502,0.1123603507876396,0.7526826858520508,0.99999737739563,0.9272161864867128,1.4400321384140822,-0.0303637534379959,0.9868204593658448,0.9999819993972778,0.3892677709926134,1.192017146783245,0.2495539635419845,0.8664810061454773,0.9999933242797852,0.9156784115006515,1.481499499671234,-0.0211600717157125,0.9418315291404724,0.9999144077301024,0.9262845410873215,1.5688552262681295,0.2248982489109039,0.8127972483634949,0.999985933303833,0.9352364042595044,1.4106797947638543,-0.1063208505511283,0.9899000525474548,0.999840259552002,0.8605752083628179,1.5006043773551982,0.1722161024808883,0.9244595170021056,0.999937891960144,mediapipe,mediapipe,mediapipe,mediapipe,mediapipe,mediapipe,mediapipe,mediapipe,movenet,movenet,mediapipe,mediapipe,mediapipe,mediapipe,mediapipe,mediapipe,mediapipe,mediapipe
424,8.48,-0.4563904895663668,-0.004631367902648418,-0.3878282904624939,0.9999983906745912,0.9999998807907104,-0.0590066201984882,-0.5765332579612732,-0.3649618923664093,0.9999982118606568,0.9999996423721312,0.41852568342497115,-0.3289570827673259,-0.3047323822975158,0.9999983906745912,0.9999996423721312,-0.41852568342497115,0.328957082767322,0.0202373024076223,0.9999917149543762,0.9999979734420776,0.9093378432506861,0.13966144339335368,-0.3299394249916076,0.9990181922912598,0.999987244606018,-1.3106173918201829,-1.376205303685007,0.0645091831684112,0.7319911122322083,0.9999865293502808,0.5570570182894403,0.5156194781098296,-0.2782181203365326,0.9989138841629028,0.999996542930603,-0.6662214643612291,-0.28608705004764573,-0.0067333406768739,0.9663876295089722,0.9999992847442628,0.19399328755461157,-0.18113085520500383,-0.0673414841294288,0.9999540448188782,0.9999992847442628,0.2563059700376863,0.0162775352289688,0.0676730722188949,0.9999472498893738,0.9999991655349731,0.9080867533900829,0.9865590270187437,-0.1165351271629333,0.9832407236099244,0.999994158744812,0.34177489432237135,0.5533158336853199,0.1265009045600891,0.7454242706298828,0.9999955892562866,0.952096278066884,1.4729916525722695,-0.0313031449913978,0.9874401092529296,0.9999746084213256,0.3500109280657482,1.1917964492686441,0.2731863856315613,0.870710015296936,0.9999898672103882,0.9387223148615879,1.5105781060931454,-0.0219188909977674,0.9424847960472108,0.9998809099197388,0.8710694349370133,1.5681984033454275,0.2495661675930023,0.8172849416732788,0.9999802112579346,0.9487994024437287,1.4309617263600736,-0.1064696162939071,0.9903650879859924,0.9997840523719788,0.8171363804929744,1.4958053067432775,0.2007280737161636,0.927522838115692,0.9999207258224488,mediapipe,mediapipe,mediapipe,mediapipe,mediapipe,mediapipe,mediapipe,mediapipe,movenet,movenet,mediapipe,mediapipe,mediapipe,mediapipe,mediapipe,mediapipe,mediapipe,mediapipe
425,8.5,-0.38318707952583353,-0.1305326087822957,-0.3850755989551544,0.9999983906745912,0.9999997615814208,-0.0458207428455352,-0.5843120813369751,-0.3620452880859375,0.9999982714653016,0.9999996423721312,0.44252775507827274,-0.26389966142620647,-0.3014604747295379,0.9999983906745912,0.9999996423721312,-0.44252775507827274,0.2638996614262025,0.0227736197412014,0.999991238117218,0.999997615814209,0.9520637131261042,0.10238276538048777,-0.3248516619205475,0.9989601373672484,0.9999868869781494,-1.3182204204469563,-1.3726303901775316,0.066798910498619,0.7065390944480896,0.999985694885254,0.5803630415122575,0.5105440730998456,-0.2712048292160034,0.9987094402313232,0.9999958276748656,-0.6722461395099507,-0.2845998667156344,-0.0059298118576407,0.962641417980194,0.9999992847442628,0.06997640629514786,-0.0980770977811057,-0.0673190206289291,0.9999570250511168,0.9999992847442628,0.14924313097426006,0.11518994751546983,0.0676654130220413,0.9999496936798096,0.9999991655349731,0.8895407144057966,1.0186118496362588,-0.1117917820811271,0.9835731983184814,0.999994158744812,0.3361579693640927,0.5769438994802799,0.1340205073356628,0.740420937538147,0.9999958276748656,0.956992294386286,1.499659812390578,-0.0266823675483465,0.9881197214126588,0.9999711513519288,0.3720300319189746,1.207968228528297,0.2826152443885803,0.8752946853637695,0.9999896287918092,0.9472045756033055,1.5343706938782755,-0.0175943709909915,0.9439236521720886,0.9998645782470704,0.9067586731201603,1.584704841685035,0.2590748369693756,0.823054850101471,0.9999788999557496,0.9522738576119433,1.459666229023965,-0.1030182689428329,0.9908527135849,0.9997653365135192,0.8464343834870172,1.5052453248198931,0.2127271443605423,0.9305906891822816,0.99992036819458,mediapipe,mediapipe,mediapipe,mediapipe,mediapipe,mediapipe,mediapipe,mediapipe,movenet,movenet,mediapipe,mediapipe,mediapipe,mediapipe,mediapipe,mediapipe,mediapipe,mediapipe
426,8.52,-0.4290750120419085,-0.32875443207590055,-0.3619149029254913,0.9999982714653016,0.9999994039535522,-0.0357259176671505,-0.5966690182685852,-0.339322954416275,0.9999982714653016,0.9999992847442628,0.5553504721140556,-0.24034462052606995,-0.283071756362915,0.9999983906745912,0.9999995231628418,-0.5553504721140556,0.24034462052606603,0.0393870584666729,0.9999903440475464,0.9999958276748656,0.9096324504394981,0.08892808103925834,-0.3103852570056915,0.998951017856598,0.9999854564666748,-1.3034570824589382,-1.366192132323605,0.0797921493649482,0.6848758459091187,0.9999756813049316,0.5562530820529169,0.5075929047246929,-0.2623173594474792,0.9986500144004822,0.9999953508377076,-0.6549724050463058,-0.2962444339713041,0.0021930439397692,0.9601532220840454,0.999998927116394,-0.055680756705767234,-0.016871056617876107,-0.067264474928379,0.9999601244926452,0.9999991655349731,0.04282902980096232,0.21109645705046878,0.0676479116082191,0.9999524354934692,0.999998927116394,0.859218993317545,1.0538637640703288,-0.1077175065875053,0.984520435333252,0.9999923706054688,0.33195696366121225,0.6031900422310278,0.1412101238965988,0.7494243383407593,0.9999929666519164,0.981543600183582,1.5254135197239214,-0.0011985516175627,0.988914430141449,0.999959111213684,0.41887419810961907,1.22779040395,0.301760584115982,0.8825084567070007,0.9999821186065674,0.9786707655665742,1.5579772059680908,0.0106776757165789,0.9460487961769104,0.9998090863227844,0.9822543641630317,1.6058027867208884,0.2790287435054779,0.8316669464111328,0.9999643564224244,1.007826446282138,1.4879996218228007,-0.0673062279820442,0.9914038181304932,0.9996222257614136,0.9396195160141161,1.5317205756655383,0.2387399971485138,0.934643030166626,0.999849796295166,mediapipe,mediapipe,mediapipe,mediapipe,mediapipe,mediapipe,mediapipe,mediapipe,movenet,movenet,mediapipe,mediapipe,mediapipe,mediapipe,mediapipe,mediapipe,mediapipe,mediapipe
427,8.54,-0.4045239850830455,-0.41474805236759055,-0.3508691191673279,0.9999980926513672,0.9999991655349731,-0.024604694917798,-0.6030991673469543,-0.3295381963253021,0.999998152256012,0.9999990463256836,0.6934224344808049,-0.2501218706462332,-0.2710673809051513,0.9999983310699464,0.9999994039535522,-0.6934224344808049,0.2501218706462293,0.0424404703080654,0.9999895095825196,0.999995231628418,0.896098766791871,0.07653254283439757,-0.2972479164600372,0.9989116191864014,0.9999836683273317,-1.3337198756209117,-1.3617264774423024,0.0794530287384986,0.6725558042526245,0.9999767541885376,0.5205660862863076,0.4980403624799912,-0.2504620850086212,0.9985544681549072,0.9999954700469972,-0.6772493581627705,-0.2939010582769239,0.0020571313798427,0.9591186046600342,0.999998927116394,-0.16005161118285616,0.04872742262464137,-0.0659952536225318,0.9999627470970154,0.9999990463256836,-0.04588802625507487,0.2888125756606927,0.0665670856833458,0.9999547004699708,0.9999986886978148,0.8311004074446434,1.0828153560268348,-0.0973743572831153,0.9848942160606384,0.9999887943267822,0.33896827136717533,0.6168282039738361,0.1435286998748779,0.7529888153076172,0.999990940093994,0.9467082338084023,1.5523905340303839,0.0221153385937213,0.9893277287483216,0.999942183494568,0.40858396980199596,1.2548814926588634,0.3031452596187591,0.8872970938682556,0.9999743700027466,0.9417314691574431,1.5831992541577313,0.0352833643555641,0.9461318254470824,0.9997500777244568,0.9701408676769471,1.637118253940668,0.2802595496177673,0.8363566398620605,0.9999504089355468,0.9998595575857426,1.517648789015014,-0.0395070724189281,0.9916445016860962,0.9995548129081726,0.9791626962914264,1.5533683011525183,0.2385448813438415,0.9373589754104614,0.9998158812522888,mediapipe,mediapipe,mediapipe,mediapipe,mediapipe,mediapipe,mediapipe,mediapipe,movenet,movenet,mediapipe,mediapipe,mediapipe,mediapipe,mediapipe,mediapipe,mediapipe,mediapipe
428,8.56,-0.27276743640023454,-0.5591912760293465,-0.3237621188163757,0.9999976754188538,0.9999986886978148,-0.0161140915006399,-0.6105785965919495,-0.3013300597667694,0.9999979138374328,0.9999985694885254,0.5307103494662705,-0.08224362622806998,-0.2483709901571273,0.9999982714653016,0.9999992847442628,-0.5307103494662705,0.08224362622808072,0.0649324655532836,0.9999879598617554,0.9999918937683104,0.910515405353459,0.07235334432282084,-0.2769806385040283,0.9988752603530884,0.999980926513672,-1.3330502761467007,-1.3759933082862854,0.0990373566746711,0.6496133208274841,0.9999662637710572,0.5261831135670426,0.5021011529173867,-0.2322249710559845,0.9984993934631348,0.999995231628418,-0.6775701154731434,-0.31546315163116906,0.0206897184252738,0.9568331241607666,0.9999986886978148,-0.25848457978746503,0.10934073794655859,-0.06591796875,0.9999645352363586,0.9999985694885254,-0.12951572604747824,0.35992262313344286,0.0665241107344627,0.9999552965164183,0.999997854232788,0.8190077847146261,1.1118910197705785,-0.095802403986454,0.984853744506836,0.9999864101409912,0.33239628449718145,0.6339114472615061,0.1495052129030227,0.7452480792999268,0.9999873638153076,0.9233177876764423,1.6055846309419466,0.0208534132689237,0.9896363615989684,0.9999275207519532,0.416063661070593,1.2761185285538028,0.3086050748825073,0.8884565234184265,0.9999693632125854,0.9153541163563269,1.6322784327295459,0.0334624201059341,0.9458926320075988,0.9996770620346068,0.983037635160063,1.6602443154875222,0.285103291273117,0.837956964969635,0.9999392032623292,0.9600509425700807,1.5474467940643966,-0.0421791449189186,0.991791605949402,0.9994555115699768,0.9798597918455314,1.5764676123462853,0.2438235729932785,0.9383430480957032,0.9997956156730652,mediapipe,mediapipe,mediapipe,mediapipe,mediapipe,mediapipe,mediapipe,mediapipe,movenet,movenet,mediapipe,mediapipe,mediapipe,mediapipe,mediapipe,mediapipe,mediapipe,mediapipe
429,8.58,-0.4541056956481078,-0.46239861559509704,-0.3174649775028229,0.999996781349182,0.9999972581863404,-0.0158208608627319,-0.6112890839576721,-0.3053023219108581,0.9999973177909852,0.9999971389770508,0.2971127537840351,0.19471436706469433,-0.2520527839660644,0.999998152256012,0.999998927116394,-0.2971127537840351,-0.19471436706469825,0.064832791686058,0.9999862909317015,0.9999910593032836,0.8918357777563681,0.038888418016806134,-0.2799323201179504,0.9987691640853882,0.9999765157699584,-1.324981807678118,-1.392134333911395,0.1035344749689102,0.6181933283805847,0.999970555305481,0.5062762411392219,0.4884899808369842,-0.2308045625686645,0.9983269572257996,0.999993085861206,-0.6848557032574798,-0.3417538259194021,0.0319686830043792,0.953642725944519,0.9999990463256836,-0.33858179277758027,0.15620804019353016,-0.0659338235855102,0.999966025352478,0.9999986886978148,-0.19657638046255882,0.4173457580712696,0.0665527358651161,0.9999558329582214,0.9999982118606568,0.7830509108596445,1.1405009637801085,-0.05677006021142,0.9829778671264648,0.9999833106994628,0.31810851842523297,0.6479614463003442,0.1883092224597931,0.7216606736183167,0.9999874830245972,0.8747660005187223,1.6306902752003494,0.0782976746559143,0.989311456680298,0.9999128580093384,0.4267411266347164,1.2657044333767031,0.367349237203598,0.8819621205329895,0.9999700784683228,0.8627655225258389,1.6551792443206341,0.091927021741867,0.942637860774994,0.9996373653411864,1.0028734489153728,1.6439337644872891,0.3456769287586212,0.8328638672828674,0.9999430179595948,0.8835207056392254,1.5722818949369173,0.0164704974740743,0.9913958311080932,0.999445378780365,0.9973275354102203,1.5670737951836442,0.3070394396781921,0.9355209469795228,0.999822437763214,mediapipe,mediapipe,mediapipe,mediapipe,mediapipe,mediapipe,mediapipe,mediapipe,movenet,movenet,mediapipe,mediapipe,mediapipe,mediapipe,mediapipe,mediapipe,mediapipe,mediapipe
430,8.6,-0.5796053685011743,-0.4329025334632426,-0.3015044629573822,0.999995768070221,0.999996781349182,-0.0104535091668367,-0.6176611185073853,-0.2964444458484649,0.9999966025352478,0.999996542930603,-0.015337891829864347,0.32458483565384183,-0.2428246885538101,0.9999979734420776,0.9999988079071044,0.015337891829864347,-0.3245848356538457,0.0705403313040733,0.9999847412109376,0.9999912977218628,0.8365702293748973,0.017572641833201823,-0.2741635739803314,0.9986345767974854,0.9999772310256958,-1.3386804557140437,-1.376204947966454,0.1107078716158866,0.5887099504470825,0.9999730587005616,0.47762653357218204,0.4875239862058877,-0.2258965522050857,0.9981281757354736,0.9999929666519164,-0.68671044327304,-0.3573869873230738,0.0448895692825317,0.9506630897521972,0.9999990463256836,-0.44312970536921054,0.21677282283814076,-0.0657322853803634,0.999967873096466,0.9999991655349731,-0.2849917902845769,0.49034547330664274,0.0663743242621421,0.9999574422836304,0.999998927116394,0.7651031397094756,1.1835762411472426,-0.0151834776625037,0.981533408164978,0.9999855756759644,0.3154870574503866,0.6708566155456755,0.2009290903806686,0.7137158513069153,0.9999914169311525,0.8443367966905526,1.6645647017539258,0.1389487236738205,0.9893528819084167,0.999940037727356,0.43205294369933406,1.2429750876445127,0.3854487836360931,0.8829238414764404,0.9999822378158568,0.8269763924201995,1.6824134622317337,0.1545197069644928,0.941020667552948,0.9997637867927552,1.0152429489585293,1.6110415458118374,0.3644122183322906,0.834265947341919,0.9999650716781616,0.8364802964550945,1.5992418750228874,0.0829012393951416,0.991272270679474,0.9996187686920166,1.047085529262416,1.5629956680962558,0.3260143995285034,0.9363664388656616,0.9998728036880492,mediapipe,mediapipe,mediapipe,mediapipe,mediapipe,gpr,mediapipe,mediapipe,movenet,movenet,mediapipe,mediapipe,mediapipe,mediapipe,mediapipe,mediapipe,mediapipe,mediapipe
431,8.62,-0.3331487926628649,-0.6544602676112288,-0.3138972520828247,0.9999958872795104,0.9999992847442628,0.0024685289245098,-0.6185303330421448,-0.2967161238193512,0.9999967217445374,0.9999991655349731,0.1667801709551607,0.29813497134742734,-0.2401914745569229,0.9999979734420776,0.9999995231628418,-0.1667801709551607,-0.29813497134741757,0.0683777183294296,0.9999844431877136,0.9999953508377076,0.8487985658572019,0.04911103706639107,-0.269373744726181,0.9985862374305724,0.9999817609786988,-1.3486971616914045,-1.3909958783222411,0.1085652709007263,0.5719195008277893,0.9999780654907228,0.47769264498441155,0.4989310735231395,-0.2231835424900055,0.9980729818344116,0.999995231628418,-0.7060007089306117,-0.3498853525148612,0.0434025861322879,0.9496018290519714,0.9999991655349731,-0.4915575126598521,0.24445473292458358,-0.0656167864799499,0.999969720840454,0.9999992847442628,-0.32727646803105015,0.5243572640610387,0.0662826821208,0.9999591708183287,0.9999990463256836,0.7487986701300711,1.1929589616378118,-0.0427719615399837,0.981852889060974,0.999991536140442,0.2987271756806825,0.6740658082069809,0.1852344721555709,0.713179886341095,0.9999936819076538,0.8333967770883096,1.6927000520368658,0.092595674097538,0.9898498058319092,0.9999673366546632,0.41030646540137533,1.2626709402342386,0.3571484684944153,0.8874009847640991,0.9999884366989136,0.8171444141858837,1.7100446241501512,0.1067591160535812,0.9423484206199646,0.9998568296432496,0.9857633963962845,1.6332710745477774,0.3351529836654663,0.8389051556587219,0.999976396560669,0.8142498855814105,1.6281974125789993,0.0350991338491439,0.9916542172431946,0.999728262424469,1.0082683428224626,1.5881309218111654,0.295656681060791,0.9392157196998596,0.999907374382019,mediapipe,mediapipe,mediapipe,mediapipe,mediapipe,gpr,mediapipe,mediapipe,movenet,movenet,mediapipe,mediapipe,mediapipe,mediapipe,mediapipe,mediapipe,mediapipe,mediapipe
432,8.64,-0.5624284810228234,-0.6970781889832991,-0.3000438511371612,0.9999949932098388,0.999996304512024,0.0034299097023904,-0.6199603080749512,-0.2929783463478088,0.9999961853027344,0.999996542930603,-0.041042409890416305,0.3545733177233243,-0.2363322526216507,0.999997854232788,0.9999990463256836,0.041042409890416305,-0.3545733177233282,0.0722514316439628,0.999983251094818,0.999990701675415,0.8219386179422458,0.031226207784616627,-0.2658982872962951,0.9984976053237916,0.9999785423278807,-1.3630135068061626,-1.3880638833297465,0.1135933324694633,0.5492040514945984,0.9999699592590332,0.4535175695612302,0.49438753212154013,-0.2195516973733902,0.997971773147583,0.999994158744812,-0.715530391756464,-0.35311675892485106,0.0505920276045799,0.9467923641204834,0.9999988079071044,-0.5585281579075193,0.2835504287540991,-0.0655737444758415,0.9999714493751526,0.9999991655349731,-0.3868182188623871,0.5698524382061857,0.0662514194846153,0.9999608993530272,0.9999988079071044,0.7326826165867533,1.2120214700190899,-0.0368086323142051,0.981160581111908,0.9999871253967284,0.3150329107460307,0.6855801581902128,0.1970173567533493,0.7074775695800781,0.9999914169311525,0.8700313352182601,1.7120927185343113,0.1056854426860809,0.9900330901145936,0.9999569654464722,0.423692433265281,1.2824218714793711,0.3698792457580566,0.8905296921730042,0.9999842643737792,0.858381420169497,1.7206659717765382,0.1202026754617691,0.941753089427948,0.9998295307159424,1.0046272391369142,1.6566328073289946,0.3475571274757385,0.8422483801841736,0.9999690055847168,0.8691009929948665,1.657199804371686,0.0487143620848655,0.991732656955719,0.999682068824768,1.032386087537967,1.615944046322742,0.3068107962608337,0.94119530916214,0.9998791217803956,mediapipe,mediapipe,mediapipe,mediapipe,mediapipe,gpr,mediapipe,mediapipe,movenet,movenet,mediapipe,mediapipe,mediapipe,mediapipe,mediapipe,mediapipe,mediapipe,mediapipe
433,8.66,-0.581107882734558,-0.6214584645154261,-0.3021173775196075,0.9999948740005492,0.9999985694885254,0.0086603360250592,-0.6176104545593262,-0.2932307422161102,0.9999960660934448,0.9999985694885254,0.0681947214855903,0.22063554285425688,-0.2304477244615554,0.999997854232788,0.9999994039535522,-0.0681947214855903,-0.2206355428542461,0.0712353140115737,0.9999833106994628,0.9999954700469972,0.8102017779149553,0.06225266653983598,-0.2535440921783447,0.9984457492828368,0.9999847412109376,-1.3750584981909721,-1.3899562942538328,0.1139654293656349,0.5422314405441284,0.9999806880950928,0.4438878557665248,0.5075134669403432,-0.2059250473976135,0.997933864593506,0.999996542930603,-0.74495709322502,-0.33215944312391976,0.0530677363276481,0.9473239183425904,0.9999992847442628,-0.5939086983104691,0.30397320259001426,-0.064522311091423,0.9999732375144958,0.9999992847442628,-0.41861971464262265,0.5937744148326549,0.065281294286251,0.9999629855155944,0.9999991655349731,0.6924308707538261,1.219360649145237,-0.0510934852063655,0.9817067384719848,0.9999910593032836,0.2978238966822695,0.6880480662159305,0.1809536069631576,0.7171242833137512,0.9999940395355223,0.8734128259171213,1.727903285719678,0.0863266661763191,0.9903649687767028,0.9999700784683228,0.3992502992498843,1.307385679655075,0.3454075157642364,0.8964069485664368,0.9999878406524658,0.8689984599580008,1.7407426621207354,0.1007202714681625,0.9421392679214478,0.9998775720596312,0.9730871511827036,1.6876289122914663,0.3227930963039398,0.8478969931602478,0.9999752044677734,0.8994440029546253,1.678148096879897,0.031046649441123,0.9919895529747008,0.999761998653412,1.0138858302838025,1.6560553165677023,0.2817388474941253,0.9444956183433532,0.9998956918716432,mediapipe,mediapipe,mediapipe,mediapipe,mediapipe,gpr,mediapipe,mediapipe,movenet,movenet,mediapipe,mediapipe,mediapipe,mediapipe,mediapipe,mediapipe,mediapipe,mediapipe
434,8.68,-0.6321319907040401,-0.5810837722058921,-0.3049282133579254,0.9999942779541016,0.9999971389770508,0.0035231346264481,-0.6185103058815002,-0.2972360253334045,0.9999955296516418,0.9999964237213136,-0.1476131697655365,0.15503344041489955,-0.2353190630674362,0.9999977350234984,0.9999988079071044,0.1476131697655365,-0.15503344041490344,0.0704556182026863,0.9999825954437256,0.9999923706054688,0.7996853267705895,0.05162388398468869,-0.2612347304821014,0.9983627200126648,0.9999713897705078,-1.3595518024678401,-1.378846587532064,0.1157836988568306,0.5283634066581726,0.999974489212036,0.42546790978682913,0.5008701397195473,-0.2136038541793823,0.997852385044098,0.9999933242797852,-0.7532151748171889,-0.3377892857542491,0.0554730258882045,0.9482001662254332,0.9999992847442628,-0.5819334155421805,0.29742576311887575,-0.0645165741443634,0.9999738931655884,0.9999986886978148,-0.4080892838124942,0.5854694250575606,0.0652800798416137,0.9999635815620422,0.9999985694885254,0.7244023031106953,1.220650658283124,-0.0365631207823753,0.9806129932403564,0.9999819993972778,0.29613786187044405,0.6888005967897206,0.1910335272550583,0.7113592028617859,0.999991774559021,0.9131872852348552,1.7049004813230253,0.1156260520219802,0.9902980923652648,0.999941110610962,0.3845273276008392,1.304354299868531,0.3593587577342987,0.8984023332595825,0.9999830722808838,0.9079264069635651,1.7062729200852247,0.1307145357131958,0.9408912062644958,0.9997761845588684,0.9497156740241389,1.6842470496241448,0.3370999693870544,0.8503881096839905,0.9999655485153198,0.9074130465926212,1.6272583450745577,0.060728158801794,0.991883397102356,0.9996572732925416,0.976189294787392,1.6504255385471833,0.2938283383846283,0.9458611011505128,0.9998779296875,mediapipe,mediapipe,mediapipe,mediapipe,mediapipe,gpr,mediapipe,mediapipe,movenet,movenet,mediapipe,mediapipe,mediapipe,mediapipe,mediapipe,mediapipe,mediapipe,mediapipe
435,8.7,-0.5393940742635631,-0.5355388892469137,-0.3075442314147949,0.9999942183494568,0.9999984502792358,0.010029150173068,-0.6159327030181885,-0.2981636524200439,0.9999954700469972,0.9999983310699464,-0.04426244902665022,0.17960630551624265,-0.2360317111015319,0.9999977350234984,0.9999994039535522,0.04426244902665022,-0.17960630551623288,0.0685695111751556,0.9999822974205016,0.9999942779541016,0.8037720660568891,0.06085247415778468,-0.2636357843875885,0.9983326196670532,0.9999825954437256,-1.375717623858974,-1.3744662086499404,0.1114517450332641,0.5151529312133789,0.999976634979248,0.4228884499190632,0.5036939724457012,-0.2164163291454315,0.997828722000122,0.9999958276748656,-0.7536788573255602,-0.3286578078690586,0.0498362220823764,0.9468621015548706,0.9999990463256836,-0.6122651132519207,0.31585998895274975,-0.0644203424453735,0.9999752044677734,0.9999992847442628,-0.4363643069695451,0.6054045087845252,0.065194234251976,0.9999648332595824,0.9999991655349731,0.6995932015218513,1.226560894268761,-0.0451621413230896,0.9806260466575624,0.9999920129776,0.29601807489708515,0.6906256600958515,0.1862645298242569,0.7090158462524414,0.9999945163726808,0.8982000707496235,1.7253896539891524,0.0952418446540832,0.9905937910079956,0.9999724626541138,0.38852951783277545,1.3256136046680858,0.3492867648601532,0.9014347195625304,0.9999902248382568,0.8934819215309903,1.7284219708068316,0.1095161661505699,0.9413563013076782,0.9998825788497924,0.9572084853749513,1.7107431234226183,0.3262737691402435,0.853107750415802,0.9999793767929076,0.8933969902143007,1.649437784711138,0.0387334786355495,0.9921301007270812,0.9997757077217102,0.9853360298218329,1.6740402017191764,0.2821798622608185,0.9478934407234192,0.99991774559021,mediapipe,mediapipe,mediapipe,mediapipe,mediapipe,gpr,mediapipe,mediapipe,movenet,movenet,mediapipe,mediapipe,mediapipe,mediapipe,mediapipe,mediapipe,mediapipe,mediapipe
436,8.72,-0.5098059057297097,-0.5536344946350337,-0.3081626892089844,0.9999935030937196,0.9999966621398926,0.0079818945378065,-0.6163780093193054,-0.2978721857070923,0.9999948143959044,0.9999958276748656,-0.08923280104803485,0.256618302242886,-0.2364786118268966,0.9999975562095642,0.9999985694885254,0.08923280104803485,-0.25661830224288995,0.0684958100318908,0.9999809861183168,0.9999902248382568,0.7851116584981117,0.04594703112712464,-0.2643747627735138,0.9981971979141236,0.9999679327011108,-1.3665492935698262,-1.364050101270411,0.1121219918131828,0.4965901374816894,0.9999701976776124,0.4062468654928624,0.5017655791404584,-0.2169385552406311,0.9976396560668944,0.9999918937683104,-0.7571744704785804,-0.33622415012163276,0.052367091178894,0.9454187750816344,0.9999991655349731,-0.6016528988549499,0.31071576747287244,-0.0644131824374198,0.999975860118866,0.999998927116394,-0.42709987332003796,0.5973801705752351,0.0651917234063148,0.999965250492096,0.9999988079071044,0.7036885471981422,1.2258488358156006,-0.0332420542836189,0.979603946208954,0.9999868869781494,0.29360480333297406,0.6899454300199706,0.2009264081716537,0.6978850960731506,0.999992847442627,0.8934288857843888,1.7134180063569808,0.1108196377754211,0.9905900359153748,0.9999518394470216,0.39047758009941924,1.3063766710667908,0.3754979074001312,0.9012150168418884,0.9999860525131226,0.8887041683823923,1.7118009783548411,0.1249974593520164,0.9405584931373596,0.9998051524162292,0.9589390834942287,1.6888142534449992,0.3534989356994629,0.8535653948783875,0.9999719858169556,0.890720299099176,1.622204535051577,0.0537429563701152,0.992060661315918,0.9996601343154908,0.9734254514099402,1.6418353786769326,0.3122864961624145,0.9479750394821168,0.999893307685852,mediapipe,mediapipe,mediapipe,mediapipe,mediapipe,gpr,mediapipe,mediapipe,movenet,movenet,mediapipe,mediapipe,mediapipe,mediapipe,mediapipe,mediapipe,mediapipe,mediapipe
437,8.74,-0.39874723798444367,-0.5613728905510977,-0.3129711747169494,0.9999937415122986,0.9999990463256836,0.011697819456458,-0.6149840950965881,-0.2995572686195373,0.9999949932098388,0.9999988079071044,0.11394260834076778,0.22320822224912304,-0.2367591708898544,0.999997615814209,0.9999995231628418,-0.11394260834076778,-0.22320822224912695,0.0669219344854354,0.9999813437461852,0.9999960660934448,0.7820172611657251,0.06155044982861154,-0.2621402144432068,0.9982274770736694,0.9999841451644896,-1.3703945501202444,-1.3649299893138622,0.1105124652385711,0.4937973916530609,0.999980926513672,0.40135229895999247,0.5056778045789643,-0.2164479196071624,0.9976734519004822,0.9999957084655762,-0.7629383656488382,-0.32748898856205655,0.0493118166923522,0.9455940127372742,0.9999991655349731,-0.599039386221711,0.31033353327762003,-0.0641089305281639,0.9999770522117616,0.9999992847442628,-0.42607348400088546,0.5952964525306426,0.0649356767535209,0.9999667406082152,0.9999990463256836,0.6961694360150856,1.2267829404067165,-0.0367374420166015,0.9805275201797484,0.9999897480010986,0.28907686260613497,0.6877734846892162,0.1964761465787887,0.7110239863395691,0.9999939203262328,0.9118248002117937,1.7167624061687328,0.0977544784545898,0.990924060344696,0.9999617338180542,0.39071693204771135,1.3288256394304987,0.368807703256607,0.9067713022232056,0.999987006187439,0.9123008741190618,1.7162436171799003,0.1115569695830345,0.9413754343986512,0.9998400211334229,0.9601454305369801,1.7157728856315735,0.3453708291053772,0.8595227003097534,0.9999717473983764,0.9147312460970952,1.62807156878968,0.039874006062746,0.9923363924026488,0.9997040629386902,0.9764222636298312,1.666662267949844,0.2990038990974426,0.9509244561195374,0.9998786449432372,mediapipe,mediapipe,mediapipe,mediapipe,mediapipe,gpr,mediapipe,mediapipe,movenet,movenet,mediapipe,mediapipe,mediapipe,mediapipe,mediapipe,mediapipe,mediapipe,mediapipe
438,8.76,-0.46955608646338215,-0.542844685678655,-0.3138529360294342,0.999992847442627,0.999996304512024,0.0086075253784656,-0.6133573651313782,-0.308493971824646,0.9999942183494568,0.9999958276748656,0.007095085056633224,0.3593665122983893,-0.2412363290786743,0.9999974370002748,0.9999988079071044,-0.007095085056633224,-0.3593665122983795,0.0603169426321983,0.999980330467224,0.999991774559021,0.7983552852464185,0.07775208556135016,-0.2666289210319519,0.998181700706482,0.9999706745147704,-1.3690600482983324,-1.3663906591395583,0.1068805381655693,0.4781526327133178,0.999970555305481,0.39171488473182203,0.5072411160946816,-0.2230773270130157,0.9976003170013428,0.999993085861206,-0.7682465256208735,-0.33751901775140164,0.047387558966875,0.9441523551940918,0.9999991655349731,-0.5923228532327555,0.3067419249293599,-0.0640113875269889,0.9999775290489196,0.9999990463256836,-0.421469674934787,0.5915650745764992,0.0648333504796028,0.9999669790267944,0.999998927116394,0.7155355320018676,1.2258537417560094,-0.0333245210349559,0.9795269966125488,0.999986171722412,0.28789268182550626,0.6850536301506953,0.1909427642822265,0.7061076760292053,0.9999933242797852,0.9292506341834705,1.7132141785049106,0.1102430671453476,0.9908679127693176,0.9999525547027588,0.3912932802005312,1.3271009595716061,0.3579571545124054,0.9080752730369568,0.9999871253967284,0.9283183609889717,1.7102477911004461,0.1244890466332435,0.9405341148376464,0.999811589717865,0.9602127181263594,1.7138352295786117,0.3349899053573608,0.8609970808029175,0.999972939491272,0.9274516395922582,1.6207686095931502,0.0517499223351478,0.9922683835029602,0.9996882677078248,0.9750532184698826,1.6644313064351781,0.2888067662715912,0.9518502950668336,0.9998960494995116,mediapipe,mediapipe,mediapipe,mediapipe,mediapipe,gpr,mediapipe,mediapipe,movenet,movenet,mediapipe,mediapipe,mediapipe,mediapipe,mediapipe,mediapipe,mediapipe,mediapipe
439,8.78,-0.44112990467082575,-0.6044013659486761,-0.3110029399394989,0.9999929666519164,0.9999982118606568,0.012990104034543,-0.6137275099754333,-0.3009694814682007,0.9999943375587464,0.9999982118606568,-0.022549450098220635,0.34052764661303486,-0.239018365740776,0.9999974966049194,0.9999992847442628,0.022549450098220635,-0.3405276466130388,0.0671400055289268,0.9999802708625792,0.9999935626983644,0.7643515707292197,0.0825454556351867,-0.2645004093647003,0.9981932044029236,0.9999794960021972,-1.384111995867581,-1.3735255829808997,0.110619232058525,0.4696238338947296,0.9999722242355348,0.3721522788788126,0.5112235193796372,-0.2162924408912658,0.9975978136062622,0.9999939203262328,-0.7687241394314939,-0.3302011101661954,0.0484316349029541,0.94342303276062,0.999998927116394,-0.6154898761197954,0.32089743258664766,-0.064081110060215,0.9999785423278807,0.9999991655349731,-0.44356842069413327,0.6070064705833619,0.0649209767580032,0.9999681115150452,0.999998927116394,0.6834349410277493,1.2299592117353524,-0.0367862693965435,0.9803994297981262,0.9999902248382568,0.291523454060204,0.6867033578944295,0.1878837198019027,0.7116743922233582,0.999992847442627,0.8894974153683844,1.7223006657485496,0.1025616750121116,0.9912508130073548,0.9999581575393676,0.4049665287827,1.3352069881051738,0.354909598827362,0.911404550075531,0.9999852180480956,0.8883772843962414,1.720815033332675,0.1165003702044487,0.942128360271454,0.9998199343681335,0.9803187622091094,1.723212861489379,0.3320979475975036,0.865169882774353,0.9999690055847168,0.8916737025309426,1.632732860777719,0.0427995398640632,0.9925549626350404,0.9996154308319092,0.9915653211433183,1.6772179612390088,0.2901214957237243,0.9536137580871582,0.999862551689148,mediapipe,mediapipe,mediapipe,mediapipe,mediapipe,gpr,mediapipe,mediapipe,movenet,movenet,mediapipe,mediapipe,mediapipe,mediapipe,mediapipe,mediapipe,mediapipe,mediapipe
440,8.8,-0.4370377765245663,-0.5782523544014476,-0.308540403842926,0.9999925494194032,0.9999971389770508,0.0124868936836719,-0.6145873069763184,-0.2999273836612701,0.9999939203262328,0.9999964237213136,-0.1569699650530213,0.4322740449738965,-0.2387174218893051,0.99999737739563,0.9999988079071044,0.1569699650530213,-0.4322740449739004,0.0668428987264633,0.9999796152114868,0.9999920129776,0.7531790086350912,0.06551225997545349,-0.2659806311130523,0.9981063604354858,0.9999734163284302,-1.3897464767620034,-1.376264542801171,0.1117057800292968,0.4556277990341186,0.999975323677063,0.3599648802879074,0.5053519592145249,-0.2178585678339004,0.9974645376205444,0.9999927282333374,-0.7760032903584876,-0.3368713755084383,0.0543335936963558,0.9422864317893982,0.9999992847442628,-0.6323537350277176,0.3312054065054898,-0.0640579462051391,0.9999788999557496,0.9999990463256836,-0.45950741477625445,0.6179996148681164,0.0648976787924766,0.9999682903289796,0.999998927116394,0.68958001195152,1.236029710812241,-0.0139144575223326,0.978324830532074,0.9999858140945436,0.2980992512697122,0.6884948765146566,0.2007173597812652,0.697828471660614,0.9999933242797852,0.8725428326129098,1.7163337095763351,0.1393175274133682,0.9908411502838136,0.9999392032623292,0.40285270056399874,1.3043962571230523,0.3803170025348663,0.9081627726554872,0.9999847412109376,0.8682085422236769,1.713518878578825,0.1543679684400558,0.939560890197754,0.9997627139091492,0.9762905308877196,1.6862855097433735,0.3590779602527618,0.8627806305885315,0.9999687671661376,0.8665872528440297,1.6264530771962618,0.0837864205241203,0.9921044111251832,0.9996154308319092,0.9890097578623794,1.6285166298438711,0.318593293428421,0.9521034359931946,0.9998849630355836,mediapipe,mediapipe,mediapipe,mediapipe,mediapipe,gpr,mediapipe,mediapipe,movenet,movenet,mediapipe,mediapipe,mediapipe,mediapipe,mediapipe,mediapipe,mediapipe,mediapipe
441,8.82,-0.33529494253333286,-0.6161189288181725,-0.3098452687263489,0.9999927282333374,0.9999986886978148,0.0182362627238035,-0.6142538189888,-0.2969022393226623,0.9999940395355223,0.9999983310699464,-0.0968791498320907,0.4063544122589203,-0.2357171326875686,0.99999737739563,0.9999992847442628,0.0968791498320907,-0.40635441225892416,0.067933052778244,0.999979555606842,0.9999947547912598,0.7307699529730253,0.07361730547431428,-0.2645228803157806,0.9980710744857788,0.9999784231185912,-1.401392305928896,-1.3851726217671858,0.111015111207962,0.447380781173706,0.9999779462814332,0.3474284825713174,0.5078556750395111,-0.2183916717767715,0.9974095821380616,0.9999945163726808,-0.779477493010205,-0.33156577389343894,0.052689179778099,0.9407629370689392,0.9999990463256836,-0.650257564637742,0.3412521937028862,-0.0640366524457931,0.9999796152114868,0.9999992847442628,-0.477119297245688,0.631152987825229,0.0648799017071724,0.9999691247940063,0.9999991655349731,0.680685445018911,1.2386311582611782,-0.0178589466959238,0.9786606431007384,0.999990940093994,0.28973777341900125,0.6890880857448151,0.1981845796108245,0.6988160610198975,0.9999948740005492,0.8959406942209901,1.729757142576767,0.1339950859546661,0.9910266399383544,0.9999626874923706,0.3995791246147211,1.3194963717255148,0.3751788437366485,0.9101758003234864,0.9999898672103882,0.8955489039487768,1.7278303421541006,0.1469796001911163,0.939838409423828,0.999839186668396,0.9736815873534547,1.704436023057344,0.3520415127277374,0.8644657135009766,0.9999773502349854,0.892006021618784,1.6346052937286553,0.0722800493240356,0.9922683238983154,0.9997089505195618,0.9842506579094131,1.6395210269206355,0.307765781879425,0.9533957839012146,0.9999074935913086,mediapipe,mediapipe,mediapipe,mediapipe,mediapipe,gpr,mediapipe,mediapipe,movenet,movenet,mediapipe,mediapipe,mediapipe,mediapipe,mediapipe,mediapipe,mediapipe,mediapipe
442,8.84,-0.40786221835312253,-0.6751843706726812,-0.3119223415851593,0.9999924898147584,0.999997615814209,0.0149776590988039,-0.6138205528259277,-0.2974951267242431,0.999993860721588,0.9999971389770508,-0.10730469748362574,0.4221647986454772,-0.2370759844779968,0.9999973177909852,0.9999990463256836,0.10730469748362574,-0.4221647986454674,0.0672203376889228,0.9999793767929076,0.9999933242797852,0.731214145469996,0.07741218093821343,-0.2671372592449188,0.9980583190917968,0.999975562095642,-1.3915076905347745,-1.3860808621905212,0.1102422848343849,0.4393587410449981,0.999975562095642,0.3516007875602526,0.5086704051598637,-0.2210739403963089,0.9973650574684144,0.9999935626983644,-0.7766566501993641,-0.3304349855804141,0.0515315122902393,0.9400925040245056,0.9999991655349731,-0.632741188247308,0.3315658692260891,-0.0640717968344688,0.9999802112579346,0.9999991655349731,-0.462743569742887,0.6202828841430387,0.0649242475628852,0.9999698400497437,0.9999990463256836,0.6827883321190715,1.2338998423788086,-0.0267568118870258,0.97829407453537,0.999987006187439,0.2888705262646475,0.6860410502845974,0.1953888833522796,0.6955612897872925,0.9999933242797852,0.913273830824966,1.7122966456361233,0.1202262490987777,0.9909027218818665,0.9999518394470216,0.3954357479745313,1.325457963862046,0.367163598537445,0.9106550216674804,0.999985933303833,0.916317999869618,1.7076289470567754,0.1339527368545532,0.9387015104293824,0.999809205532074,0.966693610029477,1.7126859814557263,0.3443226814270019,0.8653209805488586,0.99997079372406,0.9197862763384874,1.6207932021840399,0.0615434534847736,0.9921611547470092,0.9996702671051024,0.973642503592659,1.6576301305661754,0.3008750975131988,0.9538080096244812,0.9998844861984252,mediapipe,mediapipe,mediapipe,mediapipe,mediapipe,gpr,mediapipe,mediapipe,movenet,movenet,mediapipe,mediapipe,mediapipe,mediapipe,mediapipe,mediapipe,mediapipe,mediapipe
443,8.86,-0.529952910521181,-0.7004234828857645,-0.30859375,0.9999916553497314,0.9999954700469972,0.0153787732124328,-0.6137313842773438,-0.2993752062320709,0.9999933242797852,0.9999954700469972,-0.11396181949694686,0.46066483492635824,-0.2390795201063156,0.9999971985816956,0.9999988079071044,0.11396181949694686,-0.4606648349263621,0.0665339455008506,0.9999788403511048,0.9999911785125732,0.7165072722865874,0.08056256258291172,-0.2685876786708832,0.998042106628418,0.9999761581420898,-1.3917146248294998,-1.3710326050215074,0.1093951389193534,0.4333352744579315,0.9999731779098512,0.3358060681521043,0.5103170823577199,-0.2216449975967407,0.9973328113555908,0.9999935626983644,-0.7864050394628171,-0.32619880576242427,0.0501829534769058,0.939675748348236,0.9999990463256836,-0.6525615275119907,0.34238494416280113,-0.0640507787466049,0.9999811053276062,0.9999994039535522,-0.4804392525723553,0.633825290838149,0.0649018809199333,0.9999709725379944,0.9999991655349731,0.6716840432618135,1.2388803796282226,-0.0273164249956607,0.9786375164985656,0.999990463256836,0.28576368022337983,0.6904366482806872,0.1973700672388076,0.6995125412940979,0.9999938011169434,0.9116294877636965,1.7143828087819577,0.1188334226608276,0.9911723136901855,0.9999607801437378,0.42287612266100894,1.329409987149879,0.3743160963058471,0.9126569032669068,0.9999885559082032,0.9141840105972089,1.7089917947540798,0.1331032067537307,0.9392474889755248,0.9998401403427124,1.009195810756709,1.7162828076675076,0.3523299992084503,0.8679549098014832,0.9999768733978271,0.9422846060146336,1.6289052358241085,0.0611643977463245,0.9923179745674132,0.9996671676635742,1.0200871061694827,1.6669648243837283,0.3125337958335876,0.9548038244247437,0.9998955726623536,mediapipe,mediapipe,mediapipe,mediapipe,mediapipe,gpr,mediapipe,mediapipe,movenet,movenet,mediapipe,mediapipe,mediapipe,mediapipe,mediapipe,mediapipe,mediapipe,mediapipe
444,8.88,-0.6034010961691194,-0.6978581451192244,-0.306285560131073,0.9999913573265076,0.9999969005584716,0.0138713056221604,-0.613304615020752,-0.3007659316062927,0.9999932646751404,0.9999970197677612,-0.15831796103166546,0.4654659757974005,-0.2401987314224243,0.9999971985816956,0.9999991655349731,0.15831796103166546,-0.46546597579740445,0.0662246868014335,0.9999786615371704,0.9999927282333374,0.703378745319316,0.08190951096785827,-0.2690066993236542,0.9980884790420532,0.999980926513672,-1.3753951923871914,-1.3380394098483066,0.1087853908538818,0.4293380081653595,0.999975562095642,0.33199777748484094,0.5107412058285465,-0.2219828069210052,0.9974095821380616,0.9999954700469972,-0.7905844674345001,-0.32443174102428984,0.0491656064987182,0.9396630525588988,0.9999991655349731,-0.6546310052686067,0.34342033035453406,-0.064171552658081,0.9999818205833436,0.9999992847442628,-0.48344340743852965,0.6362179409656044,0.0650308802723884,0.9999716877937316,0.9999990463256836,0.671757267391201,1.2400550133399089,-0.0317352563142776,0.9793031215667723,0.9999908208847046,0.2807032450889995,0.6918646404314376,0.1966455578804016,0.7019020915031433,0.9999934434890748,0.8950737423203206,1.7165867973880347,0.1122163906693458,0.991496205329895,0.9999604225158693,0.4054490818492239,1.3317615258724422,0.3738339841365814,0.9136964678764344,0.9999880790710448,0.8951737711795589,1.7118379504290735,0.1266231834888458,0.9405348300933838,0.9998327493667604,0.982751746042969,1.719066628424915,0.3519535660743713,0.8702034950256348,0.9999756813049316,0.9143190517680907,1.6302533984533771,0.0559218786656856,0.9925680756568908,0.9996737241744996,0.9880661075459668,1.6716062745895965,0.3137241005897522,0.9556087851524352,0.9998997449874878,mediapipe,mediapipe,mediapipe,mediapipe,mediapipe,gpr,mediapipe,mediapipe,movenet,movenet,mediapipe,mediapipe,mediapipe,mediapipe,mediapipe,mediapipe,mediapipe,mediapipe
445,8.9,-0.5645782097967335,-0.6975395762479697,-0.3065562844276428,0.9999911189079284,0.9999970197677612,0.0140426037833094,-0.6132459044456482,-0.302505224943161,0.999993085861206,0.9999969005584716,-0.11815344879123676,0.4746764776698492,-0.2421971410512924,0.9999971389770508,0.9999990463256836,0.11815344879123676,-0.47467647766983945,0.0657607540488243,0.9999778866767884,0.9999916553497314,0.7167551402960014,0.08228744449252484,-0.2719269394874573,0.998079776763916,0.9999728202819824,-1.343039322112006,-1.2823825615422317,0.1082975342869758,0.4186107218265533,0.9999693632125854,0.3329809850841199,0.5097731146644905,-0.2244256287813186,0.9973299503326416,0.9999921321868896,-0.7894650335215537,-0.32330619762785695,0.0487297736108303,0.9361957907676696,0.9999986886978148,-0.6471425725236166,0.33899143435116547,-0.0641763061285018,0.9999822974205016,0.9999992847442628,-0.4779954613427491,0.6324725211727048,0.0650371313095092,0.99997216463089,0.9999990463256836,0.6739377088188812,1.2372553400928512,-0.0333250798285007,0.9796903729438782,0.9999884366989136,0.2828895238009283,0.6910153538637615,0.1950537860393524,0.7028993368148804,0.999992847442627,0.9080938047084759,1.7099342592357158,0.1080187261104583,0.9916096329689026,0.9999545812606812,0.4157194121174273,1.3331440578930458,0.3685546517372131,0.915144383907318,0.9999860525131226,0.9109787941566111,1.7044253034410863,0.1222780719399452,0.9408169388771056,0.9998136162757874,0.997744721084178,1.7206856162400048,0.3464595377445221,0.8720030188560486,0.9999710321426392,0.9298306770850887,1.6220038237799759,0.0513306967914104,0.9926495552062988,0.9996558427810668,1.005906872946847,1.6719933548064057,0.3071915805339813,0.9563488960266112,0.999881625175476,mediapipe,mediapipe,mediapipe,mediapipe,mediapipe,gpr,mediapipe,mediapipe,movenet,movenet,mediapipe,mediapipe,mediapipe,mediapipe,mediapipe,mediapipe,mediapipe,mediapipe
