frame,time,left_shoulder_x,left_shoulder_y,left_shoulder_z,left_shoulder_visibility,left_shoulder_presence,right_shoulder_x,right_shoulder_y,right_shoulder_z,right_shoulder_visibility,right_shoulder_presence,left_elbow_x,left_elbow_y,left_elbow_z,left_elbow_visibility,left_elbow_presence,right_elbow_x,right_elbow_y,right_elbow_z,right_elbow_visibility,right_elbow_presence,left_wrist_x,left_wrist_y,left_wrist_z,left_wrist_visibility,left_wrist_presence,right_wrist_x,right_wrist_y,right_wrist_z,right_wrist_visibility,right_wrist_presence,left_hip_x,left_hip_y,left_hip_z,left_hip_visibility,left_hip_presence,right_hip_x,right_hip_y,right_hip_z,right_hip_visibility,right_hip_presence,left_knee_x,left_knee_y,left_knee_z,left_knee_visibility,left_knee_presence,right_knee_x,right_knee_y,right_knee_z,right_knee_visibility,right_knee_presence,left_ankle_x,left_ankle_y,left_ankle_z,left_ankle_visibility,left_ankle_presence,right_ankle_x,right_ankle_y,right_ankle_z,right_ankle_visibility,right_ankle_presence,left_shoulder_interpolated,right_shoulder_interpolated,left_elbow_interpolated,right_elbow_interpolated,left_wrist_interpolated,right_wrist_interpolated,left_hip_interpolated,right_hip_interpolated,left_knee_interpolated,right_knee_interpolated,left_ankle_interpolated,right_ankle_interpolated
300,6.0,0.1697223429940879,0.0164513368285143,-0.1705241948366165,0.9999952912330629,0.9999979734420776,-0.1697223429940879,-0.0164513368285143,-0.0088243717327713,0.999941885471344,0.9999849796295166,0.1068489085946209,0.7085532047928852,-0.1910903304815292,0.996384620666504,0.9999668598175048,,,,0.5251200795173645,0.9999446868896484,-0.0501063058563802,1.2713246594471947,-0.2021503001451492,0.9941513538360596,0.999994158744812,,,,0.5778993368148804,0.9999794960021972,0.0945447475593504,1.0269134447157722,-0.0475635379552841,0.9999939203262328,0.9999997615814208,-0.120230966164084,0.9729216030253636,0.0475308112800121,0.9999914765357972,0.9999997615814208,-0.2397832567325653,1.4631593351059842,-0.1789342015981674,0.9919303059577942,0.99999737739563,-0.4410635856523562,1.2875330295539436,-0.0746829956769943,0.9534114599227904,0.9999959468841552,-0.1731311746858537,2.2576021345826085,-0.0604411363601684,0.9808695912361144,0.9999840259552002,-0.3073202785264843,2.09085828027928,0.0221238005906343,0.91589093208313,0.9999921321868896,False,False,False,False,False,False,False,False,False,False,False,False
301,6.02,0.1697372893463074,0.0166669852765775,-0.1733461320400238,0.9999951124191284,0.9999971389770508,-0.1697372893463074,-0.0166669852765775,-0.0110965566709637,0.9999393224716188,0.9999737739562988,0.1067997531552002,0.7095567324059436,-0.1947167217731475,0.9962446689605712,0.9999607801437378,,,,0.5156774520874023,0.999911904335022,-0.0501744830128922,1.272085471754779,-0.2072354704141616,0.99386465549469,0.9999923706054688,,,,0.5618329048156738,0.9999514818191528,0.0959796460488241,1.0269469703823728,-0.0475884713232517,0.9999936819076538,0.9999996423721312,-0.1187950344524795,0.972922889896538,0.0475547313690185,0.9999911189079284,0.9999996423721312,-0.240270720266592,1.4631977450276972,-0.1792125403881073,0.9911860823631288,0.9999964237213136,-0.4413588737189052,1.288364812766996,-0.0747264623641967,0.95015287399292,0.9999935626983644,-0.1732228663050721,2.2592970795686,-0.0606031492352485,0.9794039130210876,0.9999779462814332,-0.308994571922887,2.092662877189463,0.0215829294174909,0.9108404517173768,0.9999879598617554,False,False,False,False,False,False,False,False,False,False,False,False
302,6.04,0.1698423417751478,0.0166729116646164,-0.1737602055072784,0.9999950528144836,0.999997615814209,-0.1698423417751478,-0.0166729116646164,-0.0106137283146381,0.9999393224716188,0.9999828338623048,0.106844279212702,0.7100314868021749,-0.1945920884609222,0.9962594509124756,0.9999632835388184,,,,0.5172563195228577,0.99993634223938,-0.0502501480288354,1.272577881321637,-0.20683354139328,0.9938520193099976,0.9999927282333374,,,,0.5641664266586304,0.9999722242355348,0.099394799247082,1.026998586914193,-0.047726597636938,0.9999935030937196,0.9999996423721312,-0.11694265416004,0.9729244298011888,0.0476909987628459,0.999990940093994,0.9999996423721312,-0.2404142929821898,1.4610073954194258,-0.1837378144264221,0.9913458824157716,0.9999969005584716,-0.441602250154642,1.288748001433916,-0.074498638510704,0.950129210948944,0.9999948740005492,-0.1730821242649551,2.2647884496504904,-0.0642681568861007,0.9795501828193665,0.9999817609786988,-0.3112185166969567,2.093651097325796,0.0235149208456277,0.9104678630828856,0.9999892711639404,False,False,False,False,False,False,False,False,False,False,False,False
303,6.06,0.1717031957808819,0.0171054176868117,-0.1775204986333847,0.9999951124191284,0.9999979734420776,-0.1717031957808819,-0.0171054176868117,-0.0151759106665849,0.999941110610962,0.9999868869781494,0.1073662715687089,0.7169150428297661,-0.1961738169193267,0.996300995349884,0.9999690055847168,,,,0.5255931615829468,0.9999500513076782,-0.0510428679242843,1.2826238429787586,-0.2066617012023925,0.9939778447151184,0.9999953508377076,,,,0.5776652097702026,0.9999833106994628,0.0974572518398502,1.0294219818952477,-0.047709371894598,0.9999935030937196,0.9999997615814208,-0.1194181801777625,0.9704574438768504,0.0476738177239894,0.999990940093994,0.9999997615814208,-0.242748670624057,1.4725818871377498,-0.1828423291444778,0.9911234974861144,0.999997615814209,-0.445582244856164,1.298016595937829,-0.0790577679872512,0.9501000046730042,0.9999966621398926,-0.1748815687742319,2.2839595097612877,-0.063150830566883,0.9791988134384156,0.999987244606018,-0.3141446503406812,2.112570425269961,0.0189946312457323,0.910542905330658,0.9999938011169434,False,False,False,False,False,False,False,False,False,False,False,False
304,6.08,0.1709572740512034,0.0169740375813683,-0.1763480752706527,0.999995231628418,0.9999986886978148,-0.1709572740512034,-0.0169740375813683,-0.0113748423755168,0.9999402165412904,0.999982476234436,0.1072627975268706,0.7131800002480312,-0.1956139951944351,0.9964423179626464,0.9999765157699584,,,,0.5185667276382446,0.999919056892395,-0.0508770424390117,1.2766765573910877,-0.2061407715082168,0.994229793548584,0.9999953508377076,,,,0.5676340460777283,0.9999547004699708,0.0982698699526986,1.0284827974904525,-0.0480047538876533,0.9999935626983644,0.9999997615814208,-0.1174202210221142,0.9714255164214424,0.0479660034179687,0.999990940093994,0.9999996423721312,-0.2411742216178944,1.465060512901128,-0.1828715205192566,0.9914541244506836,0.9999974966049194,-0.4436218374961951,1.2887433229021032,-0.076891228556633,0.951448142528534,0.9999947547912598,-0.1738926663618751,2.267034189720441,-0.0624921321868896,0.9798020720481871,0.9999843835830688,-0.3127389653895291,2.095772205903224,0.0203904304653406,0.9127545356750488,0.999990940093994,False,False,False,False,False,False,False,False,False,False,False,False
305,6.1,0.1718322224303808,0.0170207572928839,-0.1760572046041488,0.9999952912330629,0.9999980926513672,-0.1718322224303808,-0.0170207572928839,-0.0113723324611783,0.9999414682388306,0.9999866485595704,0.107676459735139,0.7179111652805136,-0.1953755021095276,0.996447741985321,0.9999725818634032,,,,0.5271531939506531,0.9999537467956544,-0.0513839052000756,1.284006197724397,-0.2058644443750381,0.9943209290504456,0.9999961853027344,,,,0.5806297063827515,0.999985933303833,0.0990133974351013,1.0299544784733028,-0.0475158207118511,0.9999935030937196,0.9999997615814208,-0.1168648058547914,0.9699658517442368,0.0474776960909366,0.9999908208847046,0.9999997615814208,-0.2440379271291904,1.4719285445533732,-0.1795185655355453,0.99093097448349,0.999997615814209,-0.4466135670995578,1.2922610915072938,-0.0779345035552978,0.9497668147087096,0.9999961853027344,-0.1751209936280017,2.280031505550231,-0.0623374991118907,0.9790719151496888,0.9999878406524658,-0.3154266441531484,2.1078646369870406,0.016762750223279,0.9102572798728944,0.9999924898147584,False,False,False,False,False,False,False,False,False,False,False,False
306,6.12,0.1721301991185636,0.0170979225064566,-0.1758571714162826,0.9999952912330629,0.9999979734420776,-0.1721301991185636,-0.0170979225064566,-0.0111170699819922,0.99994158744812,0.9999828338623048,0.1077507486481194,0.7185049402769442,-0.1969880312681198,0.996530532836914,0.999970555305481,,,,0.5273289680480957,0.9999353885650636,-0.0514370152801917,1.2844434188064735,-0.2100188881158828,0.9944652318954468,0.9999948740005492,,,,0.5839805603027344,0.999975085258484,0.0981123447654287,1.0295570348825815,-0.0476925447583198,0.9999935030937196,0.9999997615814208,-0.1180029474817255,0.9703440536524448,0.0476539358496665,0.9999908208847046,0.9999996423721312,-0.2444479630012176,1.478291063675936,-0.1806472390890121,0.9909213781356812,0.9999971389770508,-0.4473050238581259,1.2914304368615894,-0.0789877548813819,0.950240194797516,0.999995231628418,-0.1754999941708663,2.2823585426179456,-0.0633594095706939,0.9789806008338928,0.9999823570251464,-0.3160277838735777,2.1111761661834865,0.014203350059688,0.9107787609100342,0.9999910593032836,False,False,False,False,False,False,False,False,False,False,False,False
307,6.14,0.1714669933356738,0.0169674024448869,-0.170162633061409,0.9999952912330629,0.9999980926513672,-0.1714669933356738,-0.0169674024448869,-0.004805167671293,0.9999405145645142,0.9999804496765136,0.1072161682949988,0.7153751369739737,-0.1932840198278427,0.996537744998932,0.9999667406082152,,,,0.5239371061325073,0.9999144077301024,-0.0513067436436999,1.2785726609634775,-0.2085352838039398,0.9944587349891664,0.9999933242797852,,,,0.5773476958274841,0.9999551773071288,0.1013015535629465,1.027282139575222,-0.0479898415505886,0.9999935626983644,0.9999997615814208,-0.1144066283094055,0.9726749242178708,0.0479474812746048,0.9999908804893494,0.9999996423721312,-0.2431505247595768,1.4709435062127656,-0.1841127425432205,0.9912611842155457,0.9999972581863404,-0.4454415857154631,1.2857691717346436,-0.0779506117105484,0.95195072889328,0.9999951124191284,-0.1748117652327401,2.270542800190856,-0.0636483877897262,0.9794444441795348,0.9999812841415404,-0.3142177433878705,2.10201452975402,0.0145972436293959,0.9137982726097108,0.9999895095825196,False,False,False,False,False,False,False,False,False,False,False,False
308,6.16,0.1724030125081733,0.0173883006438435,-0.1722159832715988,0.999995231628418,0.9999977350234984,-0.1724030125081733,-0.0173883006438435,-0.0096476189792156,0.9999423027038574,0.9999885559082032,0.1071604170708377,0.7193864541762087,-0.1935937255620956,0.9964922666549684,0.9999668598175048,,,,0.5377407073974609,0.9999556541442872,-0.0515588381220128,1.2840959598432486,-0.208280861377716,0.9943822622299194,0.9999943971633912,,,,0.5925477147102356,0.9999839067459106,0.1039303921834364,1.0294948919545333,-0.0476762317121028,0.9999934434890748,0.9999996423721312,-0.1146077083233218,0.9704766065723954,0.047633770853281,0.9999908208847046,0.9999996423721312,-0.2442354665161895,1.4791191318552217,-0.1837894171476364,0.9909026026725768,0.9999966621398926,-0.4476002646285023,1.2912983943703975,-0.078318640589714,0.95156329870224,0.9999954700469972,-0.1754763117256348,2.2804479311083865,-0.0592342242598533,0.9779690504074096,0.9999779462814332,-0.3156576552663306,2.1117998225318173,0.0179940983653068,0.9107580184936525,0.9999884366989136,False,False,False,False,False,False,False,False,False,False,False,False
309,6.18,0.1727681017000989,0.017631274261125,-0.1766588687896728,0.9999952912330629,0.9999980926513672,-0.1727681017000989,-0.017631274261125,-0.0137914242222905,0.9999428391456604,0.999984860420227,0.1071159622588992,0.7207698038933482,-0.1963196247816085,0.9965790510177612,0.9999717473983764,,,,0.5383689403533936,0.99994158744812,-0.0518443395853401,1.2857955622787,-0.2084445357322693,0.9945929050445556,0.9999958276748656,,,,0.5989896059036255,0.9999806880950928,0.1026711433799991,1.029840323756941,-0.0476688407361507,0.9999934434890748,0.9999997615814208,-0.1160108159199409,0.9701151890324128,0.0476272590458393,0.9999907612800598,0.9999997615814208,-0.2450164027779844,1.4863874651615716,-0.1767930537462234,0.9909197688102722,0.999997854232788,-0.4480045785416871,1.294061030281943,-0.0783234685659408,0.9517962336540222,0.9999966621398926,-0.175905032841212,2.2859680457277234,-0.0552939623594284,0.978380560874939,0.9999886751174928,-0.3163121495264047,2.11543061198054,0.0181416105479002,0.9113335013389589,0.9999942779541016,False,False,False,False,False,False,False,False,False,False,False,False
310,6.2,0.1720198354732944,0.0174849975975652,-0.171378031373024,0.9999953508377076,0.9999985694885254,-0.1720198354732944,-0.0174849975975652,-0.0090258223935961,0.9999417662620544,0.9999822378158568,0.1066954970366921,0.7169065204788814,-0.1924881935119629,0.9966184496879578,0.9999735355377196,,,,0.5307247042655945,0.9999165534973145,-0.0517880472996261,1.2785295378494566,-0.2067815512418747,0.9946443438529968,0.9999948740005492,,,,0.5851898193359375,0.9999531507492064,0.1034297341134149,1.028944914386201,-0.0476718991994857,0.9999935626983644,0.9999997615814208,-0.1146201498710396,0.971023779017566,0.0476303026080131,0.999990940093994,0.9999997615814208,-0.2437792791114239,1.4767712487846354,-0.1807003617286682,0.9912689328193665,0.9999979734420776,-0.4457729638009704,1.286759883042702,-0.0798366740345954,0.9535602927207948,0.9999960660934448,-0.1749984983593605,2.269349815667797,-0.0553737618029117,0.9788964986801147,0.9999865293502808,-0.3139633477712719,2.103484254862644,0.0146431559696793,0.914428412914276,0.999991774559021,False,False,False,False,False,False,False,False,False,False,False,False
311,6.22,0.1731098826103402,0.0178089363531899,-0.1723617911338806,0.9999952912330629,0.999997615814209,-0.1731098826103402,-0.0178089363531899,-0.0132989352568984,0.9999427795410156,0.999985694885254,0.1072710218621384,0.7225587233025035,-0.1924700140953064,0.996518850326538,0.9999680519104004,,,,0.5390029549598694,0.9999507665634156,-0.0521441462807975,1.2863626420700671,-0.2059421688318252,0.9945725202560424,0.9999955892562866,,,,0.5981027483940125,0.9999853372573853,0.1041153712610822,1.0309580987237317,-0.0471203923225402,0.9999934434890748,0.9999997615814208,-0.1150853245567583,0.9690118160811612,0.0470784492790699,0.9999908208847046,0.9999997615814208,-0.2463589104854229,1.483712175813045,-0.1774767488241195,0.9902878403663636,0.9999972581863404,-0.4486718293307923,1.2927992296484,-0.0798307284712791,0.9507405161857604,0.9999959468841552,-0.1762859792519602,2.2832384962404,-0.0555783696472644,0.9774205088615416,0.9999871253967284,-0.3164237938093017,2.1164262116347734,0.0152386166155338,0.9103156924247742,0.9999927282333374,False,False,False,False,False,False,False,False,False,False,False,False
312,6.24,0.1731309036109999,0.0178936957134034,-0.1740854531526565,0.9999952912330629,0.9999979734420776,-0.1731309036109999,-0.0178936957134034,-0.0127538926899433,0.9999428987503052,0.9999836683273317,0.1074248248392305,0.7226263378054661,-0.1955853104591369,0.9965860247612,0.9999655485153198,,,,0.5392929315567017,0.9999340772628784,-0.052223591501232,1.2848615891045785,-0.2093280106782913,0.9946693778038024,0.9999939203262328,-0.4140912613567645,1.0553934757038268,-0.0292947515845298,0.6016923189163208,0.9999746084213256,0.1022248284580158,1.0308305409904537,-0.0474942587316036,0.9999934434890748,0.9999997615814208,-0.1160779982015113,0.9691214808560854,0.0474525205790996,0.9999908804893494,0.9999997615814208,-0.2464109563622185,1.4888235288232088,-0.1773692816495895,0.9904807209968568,0.9999974966049194,-0.4485462407255501,1.2923100444297453,-0.0792446956038475,0.9520705342292786,0.9999961853027344,-0.1762390674452869,2.2842550368455816,-0.0562206767499446,0.9780032634735109,0.999984622001648,-0.3168501978374044,2.116843607165928,0.0152575271204113,0.9130228161811828,0.9999933242797852,False,False,False,False,False,False,False,False,False,False,False,False
313,6.26,0.1722194588787483,0.0175246082681735,-0.1690825819969177,0.999995231628418,0.9999977350234984,-0.1722194588787483,-0.0175246082681735,-0.0078749069944024,0.9999411702156068,0.9999790191650392,0.1071614328255385,0.717814098336465,-0.1925062537193298,0.9965540170669556,0.9999614953994752,,,,0.536149263381958,0.9999152421951294,-0.0519138127093942,1.2773741264618583,-0.2084134221076965,0.9945685863494872,0.9999924898147584,-0.4117814596188293,1.0491797578360855,-0.0291344057768582,0.5931271910667419,0.9999539852142334,0.104252706954981,1.0283165829785683,-0.0475740171968936,0.9999934434890748,0.9999996423721312,-0.113606664016033,0.971661542773636,0.0475303493440151,0.9999908208847046,0.9999996423721312,-0.2446284751005891,1.4783275829018545,-0.1804444193840026,0.9907760620117188,0.9999971389770508,-0.4461028457080925,1.2868609079825657,-0.0785514339804649,0.9532545208930968,0.9999951124191284,-0.1752925928752632,2.2711701948249217,-0.0595572739839553,0.9784988164901732,0.999980926513672,-0.3152010958207817,2.105960795579924,0.0154973426833748,0.91518634557724,0.9999898672103882,False,False,False,False,False,True,False,False,False,False,False,False
314,6.28,0.1736846233296394,0.0183097244555649,-0.1736448854207992,0.9999951720237732,0.99999737739563,-0.1736846233296394,-0.0183097244555649,-0.0127731217071414,0.999942183494568,0.999985694885254,0.1079736408631498,0.724223810193258,-0.1944093704223632,0.9964867234230042,0.999962568283081,,,,0.5418093800544739,0.9999490976333618,-0.0522339937948759,1.2883785189183967,-0.208086684346199,0.9944567680358888,0.9999940395355223,-0.4152188761504197,1.057672980135726,-0.0289740599691867,0.6033095717430115,0.9999843835830688,0.1035458146862324,1.0303664521863742,-0.0473396740853786,0.9999933242797852,0.9999997615814208,-0.1157332447979447,0.9695964141057156,0.0472991280257701,0.9999907612800598,0.9999997615814208,-0.24668812381031,1.4912844824931508,-0.1720305979251861,0.9898786544799804,0.9999969005584716,-0.4499097685280479,1.2975893398284013,-0.0785473585128784,0.9508696794509888,0.9999959468841552,-0.176731917182575,2.289805496814553,-0.051853135228157,0.9770378470420836,0.999983549118042,-0.3176014093421712,2.124518602743293,0.0181364770978689,0.9104872345924376,0.9999920129776,False,False,False,False,False,False,False,False,False,False,False,False
315,6.3,0.1735529668530964,0.0184329762204971,-0.1735835969448089,0.999995231628418,0.9999985694885254,-0.1735529668530964,-0.0184329762204971,-0.0125063080340623,0.9999426007270812,0.9999862909317015,0.1079613971588867,0.7241206095221004,-0.1939780414104461,0.996595859527588,0.9999725818634032,,,,0.5375441312789917,0.9999327659606934,-0.0523124380098962,1.2879100268547248,-0.206073597073555,0.994603395462036,0.9999942779541016,,,,0.5988456606864929,0.9999688863754272,0.102008479908562,1.0305091649871547,-0.0471667759120464,0.9999935030937196,0.9999998807907104,-0.1162879790982696,0.9694398583389128,0.0471272692084312,0.9999909996986388,0.9999997615814208,-0.2463479677012562,1.493516844773947,-0.1734680831432342,0.990349531173706,0.9999979734420776,-0.4497126277127047,1.2950065951184104,-0.0796285718679428,0.9530386924743652,0.9999966621398926,-0.1766192775410933,2.28239091360804,-0.0502161234617233,0.977934956550598,0.9999890327453612,-0.3177216921088989,2.112134775963368,0.0181634631007909,0.9135904312133788,0.9999942779541016,False,False,False,False,False,False,False,False,False,False,False,False
316,6.32,0.1731763003336761,0.0186076095613451,-0.1735129207372665,0.999995231628418,0.9999982118606568,-0.1731763003336761,-0.0186076095613451,-0.0125508923083543,0.9999423623085022,0.9999837875366212,0.1078803682154785,0.7232614852517836,-0.1939442902803421,0.9965869188308716,0.999971866607666,,,,0.5326805114746094,0.999936580657959,-0.0522062610495567,1.2862166340470582,-0.2060639709234237,0.9945303201675416,0.9999948740005492,,,,0.5896667838096619,0.9999709129333496,0.1006681367030934,1.030584594923938,-0.0471211597323417,0.999993622303009,0.9999998807907104,-0.1168855323488702,0.9693496530148455,0.0470820628106594,0.9999911189079284,0.9999997615814208,-0.2463782073855036,1.4912868409709787,-0.174600064754486,0.9904568195343018,0.9999982118606568,-0.4491257021077872,1.296268727988781,-0.0795721486210823,0.9529401063919068,0.9999970197677612,-0.1762800726897397,2.281026844819547,-0.0518186427652835,0.9781712889671326,0.999990701675415,-0.3166784117281332,2.111193403557731,0.0180639419704675,0.9138871431350708,0.9999948740005492,False,False,False,False,False,False,False,False,False,False,False,False
317,6.34,0.1725831799570202,0.0186520021251118,-0.172768548130989,0.9999951720237732,0.9999977350234984,-0.1725831799570202,-0.0186520021251118,-0.0124883688986301,0.9999412894248962,0.9999799728393556,0.1077142213026723,0.7209156984845264,-0.1937143355607986,0.9964752793312072,0.9999667406082152,,,,0.5262511968612671,0.9999268054962158,-0.0522946898519814,1.2827849274740308,-0.2060203105211258,0.9942706823349,0.9999938011169434,,,,0.5751811265945435,0.9999606609344482,0.100360758859242,1.030017309053188,-0.0471254773437976,0.9999935626983644,0.9999997615814208,-0.1165804952697466,0.9699169199030476,0.0470862835645675,0.9999910593032836,0.9999997615814208,-0.2456937916321847,1.4856844769383812,-0.1785051822662353,0.9902716875076294,0.999997615814209,-0.4478102309981161,1.2938565888488514,-0.0795621797442436,0.9514164328575134,0.9999959468841552,-0.1757859634812447,2.274329537611126,-0.0564054735004901,0.9775128364562988,0.999985694885254,-0.3157659708628321,2.106065295604716,0.0179832633584737,0.911565124988556,0.999991774559021,False,False,False,False,False,False,False,False,False,False,False,False
318,6.36,0.1724337265197873,0.0187869068265737,-0.1728904545307159,0.9999951124191284,0.9999974966049194,-0.1724337265197873,-0.0187869068265737,-0.0120363617315888,0.9999399185180664,0.9999788999557496,0.1078538156837111,0.7206711278159564,-0.1940120011568069,0.9964359998703004,0.9999650716781616,,,,0.516796350479126,0.9999256134033204,-0.0524249535603872,1.2825404840528447,-0.2060102522373199,0.9941425919532776,0.9999938011169434,,,,0.5657119750976562,0.9999722242355348,0.0969271579648941,1.0300884667542476,-0.0471300855278968,0.9999935626983644,0.9999997615814208,-0.1200678007826279,0.9697776564274976,0.0470905825495719,0.9999909996986388,0.9999997615814208,-0.2455012740994717,1.4863935055980606,-0.1785377562046051,0.9901926517486572,0.9999979734420776,-0.4475385390382656,1.2947253892682595,-0.0801678001880645,0.9500565528869628,0.9999966621398926,-0.1758872882067238,2.2727426353733744,-0.0565741844475269,0.9775563478469848,0.9999891519546508,-0.3157183420537999,2.104809780374705,0.0184098053723573,0.9097244739532472,0.9999940395355223,False,False,False,False,False,False,False,False,False,False,False,False
319,6.38,0.1720960507430819,0.0187608364480834,-0.1744967550039291,0.9999951720237732,0.9999984502792358,-0.1720960507430819,-0.0187608364480834,-0.0123840952292084,0.9999398589134216,0.999984860420227,0.1077668036749438,0.7198777050389485,-0.1954211741685867,0.9964228868484496,0.9999749660491944,,,,0.5125206708908081,0.9999366998672484,-0.0522215308005875,1.2819631775360611,-0.2076753079891204,0.994129717350006,0.9999954700469972,,,,0.5579180717468262,0.9999723434448242,0.0968810227148891,1.0296436163664018,-0.0471893101930618,0.999993622303009,0.9999997615814208,-0.11972169674012,0.9702259552832276,0.0471503138542175,0.9999910593032836,0.9999997615814208,-0.2457093615480911,1.4830217179898435,-0.1773916333913803,0.9903216361999512,0.9999983310699464,-0.4465806122900274,1.2944456899978036,-0.0758624300360679,0.9499768614768982,0.9999970197677612,-0.1756484856941628,2.273834317538002,-0.055926289409399,0.9780269861221312,0.9999908208847046,-0.3151754191505085,2.100768652349217,0.0252354927361011,0.9102862477302552,0.9999947547912598,False,False,False,False,False,False,False,False,False,False,False,False
320,6.4,0.1720337946534751,0.018776253185298,-0.1743852347135543,0.9999950528144836,0.9999974966049194,-0.1720337946534751,-0.018776253185298,-0.0122816581279039,0.9999381303787231,0.9999781847000122,0.1077767250173299,0.7200755737537604,-0.1953178495168686,0.996308207511902,0.999964952468872,,,,0.5024194121360779,0.9999244213104248,-0.0521411344601958,1.2818597858932517,-0.2074243575334549,0.9938645362854004,0.9999935626983644,,,,0.5444005131721497,0.9999661445617676,0.0962997711448028,1.0296073940649555,-0.0471922904253006,0.9999935626983644,0.9999997615814208,-0.1196897814619348,0.9702558281123426,0.0471529923379421,0.9999908804893494,0.9999997615814208,-0.2456113646384878,1.4828701255023955,-0.1773939877748489,0.9900729656219482,0.999997615814209,-0.4464543726444286,1.2943277243381148,-0.076105959713459,0.9477140307426452,0.9999960660934448,-0.1763241596195336,2.274708848450481,-0.0569617263972759,0.977651834487915,0.999985933303833,-0.315006728297336,2.100640197461684,0.0251065231859684,0.9069157242774964,0.9999927282333374,False,False,False,False,False,False,False,False,False,False,False,False
321,6.42,0.1714437472951568,0.0187112937339284,-0.1729286462068557,0.9999949932098388,0.999997615814209,-0.1714437472951568,-0.0187112937339284,-0.0092232525348663,0.999937117099762,0.9999781847000122,0.1077376779122498,0.7174929297406238,-0.1946664899587631,0.9963104724884032,0.9999693632125854,,,,0.499889999628067,0.9999254941940308,-0.0518636097440826,1.2782831515094564,-0.2071513235569,0.99380362033844,0.9999940395355223,,,,0.5365760922431946,0.9999617338180542,0.0962665650219744,1.028825893632351,-0.0472622439265251,0.999993622303009,0.9999997615814208,-0.1191854465366095,0.9710427832737392,0.0472225919365882,0.9999909996986388,0.9999997615814208,-0.2449987192378042,1.4777158090351763,-0.1838100403547287,0.9901648163795472,0.999997615814209,-0.44514661913311,1.2918872386224798,-0.0778748765587806,0.9477023482322692,0.9999959468841552,-0.1756375014368023,2.2678163225933656,-0.0613055154681205,0.9775953888893129,0.9999871253967284,-0.3140977463484736,2.0972743556445104,0.0201081242412328,0.9072771072387696,0.9999922513961792,False,False,False,False,False,False,False,False,False,False,False,False
322,6.44,0.1712276877443213,0.0185717430036133,-0.1725472956895828,0.9999951124191284,0.9999985694885254,-0.1712276877443213,-0.0185717430036133,-0.0084063736721873,0.9999386072158812,0.9999878406524658,0.1076693000612662,0.7166612287448326,-0.1926358044147491,0.9963900446891784,0.9999760389328004,,,,0.5041697025299072,0.9999500513076782,-0.0519462982785218,1.2772071974308317,-0.2021744549274444,0.993946135044098,0.9999958276748656,,,,0.5428663492202759,0.9999816417694092,0.0961677567460402,1.02915602310725,-0.0472488217055797,0.9999937415122986,0.9999997615814208,-0.1190201379656788,0.9707134147992832,0.0472098663449287,0.9999911189079284,0.9999997615814208,-0.2447203256522096,1.475545018115765,-0.1850993335247039,0.9905729293823242,0.9999985694885254,-0.444827963317712,1.293344335545718,-0.079087883234024,0.949024260044098,0.9999974966049194,-0.1755204169388646,2.261802351030737,-0.0611709244549274,0.978345274925232,0.9999922513961792,-0.313715551372072,2.094568140762639,0.0201528389006853,0.9093008041381836,0.9999949932098388,False,False,False,False,False,False,False,False,False,False,False,False
323,6.46,0.1711932078483954,0.0186191871581045,-0.1728325486183166,0.9999951720237732,0.9999983310699464,-0.1711932078483954,-0.0186191871581045,-0.0093541806563735,0.9999385476112366,0.9999841451644896,0.1077623800173431,0.7166251050665452,-0.1926448047161102,0.9964042901992798,0.999975323677063,,,,0.5010014176368713,0.99994158744812,-0.0519866321835164,1.2774185386549666,-0.2023691534996032,0.9940106868743896,0.9999961853027344,,,,0.5377352237701416,0.999975562095642,0.0957472158234009,1.029176525376258,-0.0472488366067409,0.9999938011169434,0.9999997615814208,-0.1190461863907845,0.9706877595117188,0.0472104102373123,0.9999911189079284,0.9999997615814208,-0.2433055638574534,1.4759670762221715,-0.1757026612758636,0.9905006885528564,0.9999983310699464,-0.4448825013254273,1.297108210887411,-0.077159434556961,0.9481947422027588,0.9999970197677612,-0.175384483953131,2.261360755526949,-0.0569934397935867,0.9785512089729308,0.9999905824661256,-0.3122319369642762,2.096591537460219,0.0205949246883392,0.9083235859870912,0.9999949932098388,False,False,False,False,False,False,False,False,False,False,False,False
324,6.48,0.1710513247961514,0.0186600229775566,-0.1724905520677566,0.9999951124191284,0.9999977350234984,-0.1710513247961514,-0.0186600229775566,-0.0088306171819567,0.999936580657959,0.9999768733978271,0.1077852404893069,0.71560479723378,-0.1926355957984924,0.9963126182556152,0.9999662637710572,,,,0.4912686645984649,0.9999175071716307,-0.052015425944118,1.276151188788078,-0.2024130523204803,0.9937752485275269,0.9999934434890748,,,,0.5226284861564636,0.99995756149292,0.0957397127191395,1.0287001045926285,-0.0472596921026706,0.9999938011169434,0.9999997615814208,-0.1188551879015625,0.9711663096478554,0.047221191227436,0.9999911189079284,0.9999997615814208,-0.2430732643798074,1.4743419342747506,-0.1785158216953277,0.9904866218566896,0.999997615814209,-0.4443468783007647,1.296013866862026,-0.0771837458014488,0.9472414255142212,0.9999958276748656,-0.1752102644032883,2.2591105052955984,-0.0578346215188503,0.9782305359840392,0.99998676776886,-0.3110755713658776,2.094626449336725,0.0197448208928108,0.9070623517036438,0.9999920129776,False,False,False,False,False,False,False,False,False,False,False,False
325,6.5,0.1709433867018521,0.0186615361389992,-0.1718459576368332,0.9999951720237732,0.9999983310699464,-0.1709433867018521,-0.0186615361389992,-0.0079839341342449,0.999936819076538,0.9999841451644896,0.1078507300800152,0.7151903439791181,-0.1924522370100021,0.9963563084602356,0.9999761581420898,,,,0.4910615384578705,0.9999430179595948,-0.0521100971198967,1.2754515312674255,-0.202251598238945,0.9939013719558716,0.999996304512024,,,,0.5220136046409607,0.9999773502349854,0.0954316896415908,1.0285048326491804,-0.0472559481859207,0.9999939203262328,0.9999997615814208,-0.1189192844647246,0.9713572458175884,0.0472181923687458,0.999991238117218,0.9999997615814208,-0.2426846715336282,1.4735893448444135,-0.1737163513898849,0.990566909313202,0.9999983310699464,-0.4444129331107496,1.2966829996924925,-0.0772057771682739,0.9471153020858764,0.9999971389770508,-0.1751870940746017,2.256545380653898,-0.0552059635519981,0.9786780476570128,0.999990940093994,-0.3097354635490936,2.0955151133329317,0.0177385434508323,0.907258689403534,0.9999947547912598,False,False,False,False,False,False,False,False,False,False,False,False
326,6.52,0.1708078930871889,0.0184929067833868,-0.1717214584350586,0.9999951124191284,0.9999977350234984,-0.1708078930871889,-0.0184929067833868,-0.008011951111257,0.9999361634254456,0.99998140335083,0.1078815711033822,0.7149156997463768,-0.1920775324106216,0.99625164270401,0.9999653100967408,,,,0.4874610602855682,0.999934196472168,-0.0527209476160336,1.2752421390716238,-0.2014707773923874,0.9937434792518616,0.9999939203262328,,,,0.520595908164978,0.999975562095642,0.0957917366478615,1.0284114648079494,-0.0472660772502422,0.9999939203262328,0.9999997615814208,-0.1187059098474052,0.9714572660507992,0.0472289845347404,0.999991238117218,0.9999997615814208,-0.2423831330897226,1.4738556176455482,-0.170599415898323,0.9905215501785278,0.9999977350234984,-0.4440815266690072,1.2962727136508885,-0.0730927735567092,0.9462769031524658,0.999996542930603,-0.1750398520271024,2.2555615363396497,-0.0518482849001884,0.9788898825645448,0.9999884366989136,-0.3082024782002396,2.092773905385915,0.0232954248785972,0.9064252972602844,0.9999939203262328,False,False,False,False,False,False,False,False,False,False,False,False
327,6.54,0.1707569842792176,0.0185850278302537,-0.1755463480949401,0.9999951124191284,0.9999979734420776,-0.1707569842792176,-0.0185850278302537,-0.0116406958550214,0.9999356865882874,0.9999821186065674,0.1079083606283004,0.715915502967653,-0.1958055347204208,0.9962303638458252,0.9999693632125854,,,,0.480637788772583,0.9999345541000366,-0.0527157026137822,1.2756906218537,-0.204250767827034,0.9936806559562684,0.9999947547912598,,,,0.5135939121246338,0.9999727010726928,0.0952291234078365,1.0286955826030726,-0.0472637973725795,0.999993860721588,0.9999997615814208,-0.1189608505501854,0.971163613722219,0.0472272187471389,0.9999911189079284,0.9999997615814208,-0.2421742494542562,1.4746220852658896,-0.1705722063779831,0.990223467350006,0.999997854232788,-0.4440843492071174,1.2965944969653624,-0.07350904494524,0.9442342519760132,0.9999966621398926,-0.1751370530781186,2.256421930856768,-0.0513528175652027,0.9784923195838928,0.9999886751174928,-0.3081807273685693,2.0929639842116,0.0228735972195863,0.9030385613441468,0.9999940395355223,False,False,False,False,False,False,False,False,False,False,False,False
328,6.56,0.1705046212947943,0.0183903760436109,-0.1741487979888916,0.9999951124191284,0.9999980926513672,-0.1705046212947943,-0.0183903760436109,-0.0086599895730614,0.9999354481697084,0.9999805688858032,0.1081106088363753,0.7141185671723485,-0.1956996470689773,0.9962639212608336,0.9999687671661376,,,,0.4769242107868194,0.9999221563339232,-0.0525120478010554,1.2750121231216818,-0.2047432959079742,0.993707835674286,0.9999940395355223,,,,0.5110177993774414,0.999969244003296,0.0949337950678373,1.0282920826749864,-0.0472804419696331,0.9999939799308776,0.9999997615814208,-0.1191382055937311,0.9715614485895144,0.0472434498369693,0.999991238117218,0.9999997615814208,-0.242248997567635,1.471868434946432,-0.184391051530838,0.9905814528465272,0.9999982118606568,-0.4435998115798993,1.2955452594860748,-0.0781359821557998,0.9456655979156494,0.999996781349182,-0.1743377431623244,2.254896245636934,-0.0617021359503269,0.9790023565292358,0.9999905824661256,-0.3075661689931957,2.0918656739262897,0.0186555441468954,0.9053948521614076,0.9999939203262328,False,False,False,False,False,False,False,False,False,False,False,False
329,6.58,0.1704773602273507,0.0183560080579369,-0.1740235984325409,0.9999951124191284,0.9999982118606568,-0.1704773602273507,-0.0183560080579369,-0.0091718798503279,0.9999358654022216,0.999984860420227,0.1081848199918612,0.7141157916360016,-0.194596379995346,0.9962522983551024,0.9999715089797974,,,,0.4769358336925506,0.9999406337738036,-0.0530765532127202,1.2752664275972472,-0.2035993784666061,0.9937088489532472,0.9999951124191284,,,,0.512502133846283,0.9999778270721436,0.0949551172898935,1.0282870138331477,-0.0472504943609237,0.9999939799308776,0.9999997615814208,-0.1191286566306448,0.9715668908298258,0.0472144559025764,0.999991238117218,0.9999997615814208,-0.242277269772331,1.4722864760534675,-0.1773134917020797,0.9906026124954224,0.9999980926513672,-0.4436895726391691,1.2954781147234231,-0.0765789821743965,0.9457096457481384,0.9999969005584716,-0.1743591576334619,2.254600571657962,-0.0565231330692768,0.9791492223739624,0.9999898672103882,-0.3071967698113682,2.0914652272918093,0.0207214709371328,0.9054019451141356,0.9999943971633912,False,False,False,False,False,False,False,False,False,False,False,False
330,6.6,0.1701369043979489,0.0183295703280269,-0.1748244911432266,0.9999951124191284,0.9999979734420776,-0.1701369043979489,-0.0183295703280269,-0.010723527520895,0.999935746192932,0.9999830722808838,0.1081873577115439,0.713406148830978,-0.1958991438150406,0.9962345361709596,0.9999662637710572,,,,0.4768319725990295,0.9999321699142456,-0.0529730083757885,1.2735136015342996,-0.2061453908681869,0.9936476945877076,0.9999939203262328,,,,0.5108675956726074,0.99997079372406,0.0952799844210893,1.0277951557101137,-0.0473264083266258,0.9999939203262328,0.9999997615814208,-0.1186329091383954,0.9720684998692232,0.0472903996706008,0.9999911785125732,0.9999997615814208,-0.241638044851238,1.4705960229955493,-0.1765360534191131,0.9906534552574158,0.9999980926513672,-0.4429250758256908,1.2938429723391676,-0.0764443650841713,0.9459580779075624,0.9999969005584716,-0.1739027010405622,2.2548049078579666,-0.0564295649528503,0.9794442057609558,0.9999890327453612,-0.3053387600403054,2.088368042640143,0.0208866875618696,0.9061755537986756,0.9999946355819702,False,False,False,False,False,False,False,False,False,False,False,False
331,6.62,0.1702513230991458,0.0184807779187964,-0.1754605770111084,0.9999951124191284,0.9999979734420776,-0.1702513230991458,-0.0184807779187964,-0.011141444556415,0.9999356269836426,0.9999819993972778,0.1082890937054435,0.7138171982605536,-0.1957438290119171,0.9962480068206788,0.999969244003296,,,,0.4767190217971802,0.999932050704956,-0.0529439434613896,1.2744959719038569,-0.205521211028099,0.993636965751648,0.9999945163726808,,,,0.5116440653800964,0.999974250793457,0.0954023879635236,1.02802525413894,-0.0472962372004985,0.9999939203262328,0.9999997615814208,-0.118444770744516,0.9718420036048768,0.0472609214484691,0.9999911189079284,0.9999997615814208,-0.2402092614679302,1.4713218254402995,-0.1765825748443603,0.9907642602920532,0.9999980926513672,-0.4431123096419094,1.2944104216373744,-0.076484203338623,0.946095883846283,0.9999966621398926,-0.1743614116429682,2.2557471455680957,-0.0561103262007236,0.979791522026062,0.9999903440475464,-0.3057683558569038,2.0857667322599736,0.0235837828367948,0.9064506888389589,0.9999939203262328,False,False,False,False,False,False,False,False,False,False,False,False
332,6.64,0.1703349592245292,0.0184357634653383,-0.1761899441480636,0.9999950528144836,0.9999977350234984,-0.1703349592245292,-0.0184357634653383,-0.0131022548303008,0.999935507774353,0.9999825954437256,0.1080483817144687,0.7151254717947033,-0.1960260719060897,0.9961293339729308,0.9999637603759766,,,,0.4765922427177429,0.9999330043792723,-0.0527096860321733,1.2749810571725972,-0.2059520632028579,0.993514120578766,0.999994158744812,,,,0.5134871602058411,0.999974012374878,0.0967670005894234,1.028172935227334,-0.0473150089383125,0.9999938011169434,0.9999997615814208,-0.1172944421629099,0.971721718033794,0.0472793839871883,0.999990940093994,0.9999997615814208,-0.2400323238779383,1.47194339706881,-0.1732717901468277,0.99050635099411,0.9999977350234984,-0.4429349951845399,1.2949354598238183,-0.0742111131548881,0.9447543621063232,0.9999964237213136,-0.174760953543046,2.261592322578462,-0.0539583005011081,0.9796213507652284,0.999987244606018,-0.3062559627221654,2.0860574223228374,0.0270941760390996,0.9045154452323914,0.9999938011169434,False,False,False,False,False,False,False,False,False,False,False,False
333,6.66,0.1710017372152651,0.0185247870092798,-0.1816635727882385,0.9999951124191284,0.9999980926513672,-0.1710017372152651,-0.0185247870092798,-0.0143052097409963,0.9999369382858276,0.999986171722412,0.108499147296159,0.7178173621453386,-0.2011815905570984,0.996173620223999,0.9999676942825316,,,,0.4816548526287079,0.9999444484710692,-0.0526480198019539,1.279574706189006,-0.2088348269462585,0.9936104416847228,0.9999943971633912,,,,0.5239242315292358,0.9999804496765136,0.0984448821857243,1.0285665192056066,-0.0477049835026264,0.9999937415122986,0.9999997615814208,-0.1169394450879127,0.9713479667519948,0.0476722754538059,0.9999908804893494,0.9999997615814208,-0.2404658025434388,1.4774126439772075,-0.1728363633155822,0.9904083013534546,0.999997615814209,-0.4444154865584805,1.2993326367676152,-0.0743485912680625,0.9447948336601256,0.9999966621398926,-0.1753315564425879,2.2753597270703176,-0.052999522536993,0.9797661304473876,0.999987244606018,-0.3075067580287985,2.095468864072992,0.0262627359479665,0.90477854013443,0.9999936819076538,False,False,False,False,False,False,False,False,False,False,False,False
334,6.68,0.1712768776176093,0.0186614614936433,-0.180641159415245,0.9999951720237732,0.9999982118606568,-0.1712768776176093,-0.0186614614936433,-0.0149066923186182,0.9999369978904724,0.9999830722808838,0.1086753154990157,0.7188238943453132,-0.2001888155937194,0.9962241053581238,0.9999709129333496,,,,0.4776988327503204,0.9999325275421144,-0.0527436885446701,1.2807369585374544,-0.2087314575910568,0.9936724305152892,0.9999946355819702,,,,0.5205100774765015,0.9999700784683228,0.0976338570868825,1.0291648552133126,-0.0477018132805824,0.9999938011169434,0.9999997615814208,-0.1172523055176681,0.9707389215922538,0.0476691350340843,0.999990940093994,0.9999997615814208,-0.2412636285805386,1.4819247590959803,-0.1681943535804748,0.9903647303581238,0.9999980926513672,-0.4447667061663848,1.2985793810528117,-0.0736607983708381,0.9447596073150636,0.9999969005584716,-0.1755554265358581,2.2813573972361354,-0.0515828616917133,0.9800243377685548,0.9999901056289672,-0.3089485081171643,2.0987190565369462,0.0251304898411035,0.9055458903312684,0.9999951124191284,False,False,False,False,False,False,False,False,False,False,False,False
335,6.7,0.1708535206044475,0.0181423169050976,-0.1750700175762176,0.9999951720237732,0.9999980926513672,-0.1708535206044475,-0.0181423169050976,-0.0072087957523763,0.999937117099762,0.9999831914901732,0.1083909199919507,0.7160543816621112,-0.1967039108276367,0.9962509870529176,0.999967098236084,,,,0.480491578578949,0.9999265670776368,-0.05262225036134,1.276710024613364,-0.2080933004617691,0.9937166571617126,0.9999933242797852,,,,0.5233723521232605,0.9999642372131348,0.1023965287338337,1.027226643313147,-0.0481123365461826,0.999993860721588,0.9999997615814208,-0.1126494004065595,0.9727470761698024,0.0480744019150733,0.9999910593032836,0.9999997615814208,-0.240461389018143,1.475454349266074,-0.1844187080860138,0.9907761216163636,0.9999974966049194,-0.4435403153932576,1.293502428241398,-0.0765824988484382,0.9471133947372437,0.9999958276748656,-0.1749839102065043,2.2727195999327683,-0.0602863617241382,0.98051255941391,0.9999840259552002,-0.3084448330362918,2.092833951914613,0.0209961030632257,0.909237265586853,0.9999910593032836,False,False,False,False,False,False,False,False,False,False,False,False
336,6.72,0.1721441963750225,0.0189231074194868,-0.175303965806961,0.9999952912330629,0.9999985694885254,-0.1721441963750225,-0.0189231074194868,-0.0087073678150773,0.9999403357505798,0.9999923706054688,0.1089668075545512,0.7204975478560905,-0.196597620844841,0.9964019060134888,0.9999771118164062,,,,0.5074483752250671,0.99996817111969,-0.0521647767117393,1.2819644423043206,-0.2079677581787109,0.9940714836120604,0.9999970197677612,,,,0.5539552569389343,0.9999905824661256,0.1044686190602568,1.0290746648887916,-0.0480299144983291,0.9999937415122986,0.9999996423721312,-0.1128025930624471,0.9709079712551651,0.0479923002421855,0.9999909996986388,0.9999997615814208,-0.2410678986105299,1.4806485139898478,-0.1830345541238784,0.99076110124588,0.9999972581863404,-0.4450752382459412,1.2942724009986195,-0.079230211675167,0.9485788345336914,0.999996304512024,-0.1744840515284159,2.280872478056162,-0.0598074570298194,0.9800316095352172,0.9999815225601196,-0.3092360542088372,2.105722557731085,0.0187205951660871,0.9098392724990844,0.9999912977218628,False,False,False,False,False,False,False,False,False,False,False,False
337,6.74,0.1726359581538282,0.0188978378848482,-0.1788771897554397,0.9999952912330629,0.9999977350234984,-0.1726359581538282,-0.0188978378848482,-0.0146746644750237,0.9999404549598694,0.9999816417694092,0.1092648261982726,0.7223203997661904,-0.198824405670166,0.996406614780426,0.999963641166687,,,,0.509289026260376,0.9999293088912964,-0.0522707263299568,1.285162003828147,-0.2101413160562515,0.9941262602806092,0.9999939203262328,,,,0.5570594072341919,0.9999713897705078,0.1040619047119325,1.0295781506140829,-0.0480495058000087,0.9999935626983644,0.9999996423721312,-0.1134982268332593,0.9703995882182328,0.0480119511485099,0.9999907612800598,0.9999996423721312,-0.2419855848394925,1.4840853557464044,-0.1818033158779144,0.990526556968689,0.9999970197677612,-0.4461776657749953,1.2976949720737117,-0.0783852562308311,0.9481226801872252,0.9999953508377076,-0.174467709690637,2.29482284279478,-0.0596243217587471,0.97975093126297,0.9999817609786988,-0.3112494228297526,2.111668104651537,0.0195789225399494,0.9090666174888612,0.999991536140442,False,False,False,False,False,False,False,False,False,False,False,False
338,6.76,0.1717043691151322,0.0185079833910223,-0.1712005883455276,0.9999954104423524,0.9999985694885254,-0.1717043691151322,-0.0185079833910223,-0.0071068760007619,0.9999405741691588,0.9999843835830688,0.1088058103440838,0.7176596535749153,-0.1907804012298584,0.9964241981506348,0.999975085258484,,,,0.5037183165550232,0.9999285936355592,-0.0520115224173273,1.276964063399819,-0.2007680237293243,0.9940831065177916,0.9999945163726808,,,,0.5477696657180786,0.9999617338180542,0.1033470714310515,1.0289494000280948,-0.048014797270298,0.9999938011169434,0.9999998807907104,-0.1129182157710511,0.9710276981397872,0.0479762516915798,0.9999910593032836,0.9999997615814208,-0.2432355681107336,1.4754044652144127,-0.1856854707002639,0.9909542202949524,0.9999984502792358,-0.4435916237133097,1.2896065579920253,-0.0813757926225662,0.9503521919250488,0.9999970197677612,-0.1734164320632554,2.2722728298275787,-0.0595144443213939,0.980188012123108,0.9999902248382568,-0.3101530489220488,2.099258182019866,0.0149393556639552,0.9124652147293092,0.9999934434890748,False,False,False,False,False,False,False,False,False,False,False,False
339,6.78,0.1717173210553587,0.0186267616103197,-0.1712440848350525,0.9999954700469972,0.9999982118606568,-0.1717173210553587,-0.0186267616103197,-0.0057952250353991,0.9999408721923828,0.9999834299087524,0.1087909983001619,0.718257947190089,-0.1912026107311248,0.996536672115326,0.9999738931655884,,,,0.5083492994308472,0.9999343156814576,-0.052353163057913,1.278406517483863,-0.2013002783060073,0.9943006038665771,0.9999958276748656,,,,0.5549938678741455,0.9999783039093018,0.1033372828905835,1.0291119517890392,-0.0479761250317096,0.999993860721588,0.9999997615814208,-0.1129404517096669,0.9708649928652316,0.0479392856359481,0.9999911189079284,0.9999997615814208,-0.2405063446883693,1.4783196508567025,-0.1847362518310547,0.9911096692085266,0.9999979734420776,-0.4436052027776133,1.2897151600242345,-0.0821942314505577,0.9509978890419006,0.999996542930603,-0.173761816521699,2.271095441358932,-0.0584812797605991,0.9806278944015504,0.9999903440475464,-0.311317622233745,2.0994476521519214,0.0153418136760592,0.9137998223304749,0.9999934434890748,False,False,False,False,False,False,False,False,False,False,False,False
340,6.8,0.1716494107484915,0.0186447451492121,-0.1712895035743713,0.9999955296516418,0.9999982118606568,-0.1716494107484915,-0.0186447451492121,-0.006182893179357,0.9999409317970276,0.9999841451644896,0.1088645424914079,0.7185583353645678,-0.1913153976202011,0.996562123298645,0.9999735355377196,,,,0.5083027482032776,0.9999395608901978,-0.0521562144783809,1.2788588021791223,-0.2012655884027481,0.9943807721138,0.9999958276748656,,,,0.5534543991088867,0.9999752044677734,0.1034238639974937,1.0290152430437411,-0.0478515662252903,0.9999938011169434,0.9999997615814208,-0.1127414848878256,0.970963052323722,0.0478157810866832,0.9999909996986388,0.9999996423721312,-0.2411296181335167,1.4752178350958465,-0.1830978393554687,0.9910085797309875,0.9999977350234984,-0.4435973731559718,1.289059372401853,-0.08204897493124,0.9495629072189332,0.9999960660934448,-0.1751963270735038,2.268769843503008,-0.0592404976487159,0.9804263710975648,0.9999877214431764,-0.3118733415641709,2.099058255995778,0.0156899914145469,0.9114791750907898,0.9999922513961792,False,False,False,False,False,False,False,False,False,False,False,False
341,6.82,0.1716927743988517,0.018580088695364,-0.1731974929571151,0.9999955296516418,0.9999980926513672,-0.1716927743988517,-0.018580088695364,-0.0068329814821481,0.9999407529830932,0.9999830722808838,0.1088111728875008,0.7187722996123701,-0.1939667612314224,0.9966117739677428,0.999972939491272,,,,0.5106132626533508,0.9999356269836426,-0.0521821285481561,1.2786183445385046,-0.2036846280097961,0.9944905042648317,0.9999958276748656,,,,0.5538575649261475,0.9999734163284302,0.1043767872710057,1.0290025740963495,-0.0479235835373401,0.9999938011169434,0.9999997615814208,-0.1114718906723957,0.9709848407409848,0.0478878691792488,0.9999908804893494,0.9999996423721312,-0.2417124707730407,1.4732041801771862,-0.1826225072145462,0.9910717010498048,0.999997854232788,-0.4436714500688095,1.2891160384816367,-0.0801026672124862,0.9489508271217346,0.9999961853027344,-0.174882351970806,2.273623962241725,-0.0624882355332374,0.9806830286979676,0.9999877214431764,-0.3122078817105898,2.0983691616300324,0.0196153502911329,0.9105724692344666,0.9999929666519164,False,False,False,False,False,False,False,False,False,False,False,False
342,6.84,0.1724897664440293,0.0187018748450341,-0.1768503487110138,0.9999955296516418,0.9999980926513672,-0.1724897664440293,-0.0187018748450341,-0.0144313359633088,0.9999423623085022,0.9999881982803344,0.1092954738235181,0.7221471332806274,-0.1956300288438797,0.9966509342193604,0.9999680519104004,,,,0.5186576843261719,0.9999523162841796,-0.052249017710045,1.2837274849478475,-0.2040361016988754,0.9945756793022156,0.9999951124191284,,,,0.5663562417030334,0.9999839067459106,0.1046023794342004,1.031520844106364,-0.0477317087352275,0.9999936819076538,0.9999997615814208,-0.1123663550371254,0.96846408600757,0.0476978085935115,0.9999907612800598,0.9999997615814208,-0.243229584725243,1.4793371515827944,-0.1760720312595367,0.9908702969551086,0.9999977350234984,-0.4449512941825546,1.294875590738133,-0.0800760090351104,0.9482804536819458,0.9999970197677612,-0.1753155151504753,2.284170950431707,-0.0582457780838012,0.9804340600967408,0.9999884366989136,-0.31282031726271,2.1091255149019537,0.0195099953562021,0.9091916680336,0.9999943971633912,False,False,False,False,False,False,False,False,False,False,False,False
343,6.86,0.1723445470348598,0.0181641018573484,-0.1751361936330795,0.9999955296516418,0.9999984502792358,-0.1723445470348598,-0.0181641018573484,-0.0124636180698871,0.9999420046806335,0.9999839067459106,0.1092119251611067,0.7208937922317192,-0.1951546221971511,0.9966434240341188,0.9999710321426392,,,,0.5123187303543091,0.999925136566162,-0.052259904234293,1.2817171275637913,-0.2039665877819061,0.9944432973861694,0.9999935626983644,,,,0.5536285042762756,0.9999567270278932,0.1044567499567159,1.0309574791031522,-0.047707699239254,0.999993860721588,0.9999998807907104,-0.1123141439100157,0.9690270861773556,0.0476735085248947,0.9999910593032836,0.9999997615814208,-0.2423687491594901,1.4891016210863106,-0.1761508584022522,0.9911675453186036,0.9999982118606568,-0.4441806904783947,1.2927352481636116,-0.0815888196229934,0.9503337740898132,0.9999971389770508,-0.1751676614425705,2.281212743162099,-0.0565708875656127,0.980923593044281,0.9999890327453612,-0.3125650078422811,2.1083934153729182,0.0160468220710754,0.9124606847763062,0.999994158744812,False,False,False,False,False,False,False,False,False,False,False,False
344,6.88,0.1725892631160692,0.0184051610732029,-0.1764707863330841,0.9999955296516418,0.9999982118606568,-0.1725892631160692,-0.0184051610732029,-0.0120111471042037,0.9999417662620544,0.999984622001648,0.1094763675644782,0.7219551649329461,-0.1970821171998977,0.9966301918029784,0.9999698400497437,,,,0.5062946677207947,0.9999383687973022,-0.0521322959469793,1.2838855756944487,-0.2049252390861511,0.9943963289260864,0.9999945163726808,,,,0.5501258373260498,0.9999780654907228,0.1041680252880803,1.0314500517551295,-0.0478044487535953,0.9999939203262328,0.9999997615814208,-0.1126350720929406,0.968532025444165,0.0477727614343166,0.9999910593032836,0.9999997615814208,-0.2407921953136909,1.4930232376012045,-0.1731951087713241,0.991211712360382,0.9999979734420776,-0.4447133074705348,1.2948781104975398,-0.0797924771904945,0.9500849843025208,0.9999970197677612,-0.1753235085858842,2.2834497681957524,-0.0528612993657588,0.9812331199645996,0.9999905824661256,-0.3124637131930198,2.1120125772383536,0.0176975093781948,0.9128820300102234,0.9999946355819702,False,False,False,False,False,False,False,False,False,False,False,False
345,6.9,0.1724051313815255,0.0181042976617475,-0.1763971894979477,0.9999954700469972,0.999997615814209,-0.1724051313815255,-0.0181042976617475,-0.0118880812078714,0.9999405145645142,0.9999808073043824,0.1093416869770426,0.7206812659277836,-0.1970660984516143,0.996414840221405,0.9999639987945556,,,,0.5000793933868408,0.9999281167984008,-0.0519555998131805,1.2820161457495782,-0.204446479678154,0.9938732385635376,0.9999923706054688,,,,0.5385907888412476,0.9999595880508424,0.1070364120434226,1.0306774556429048,-0.0478977113962173,0.9999939203262328,0.9999997615814208,-0.1097942456514877,0.9693206429446388,0.0478628017008304,0.9999911189079284,0.9999997615814208,-0.2399898276772564,1.4906404928449473,-0.1753717064857483,0.991056740283966,0.999997615814209,-0.4441609800766725,1.293088661287272,-0.075062371790409,0.9486432671546936,0.9999960660934448,-0.1750936073383347,2.2807866976454787,-0.0529946833848953,0.9805936813354492,0.999986171722412,-0.312280874096025,2.108976091380813,0.0232422221451997,0.910878360271454,0.9999921321868896,False,False,False,False,False,False,False,False,False,False,False,False
346,6.92,0.1728793763872674,0.0181681059588256,-0.1772800087928772,0.9999955892562866,0.9999986886978148,-0.1728793763872674,-0.0181681059588256,-0.0118425395339727,0.9999433159828186,0.9999927282333374,0.1095525233877024,0.7223071061883919,-0.1985625922679901,0.996544361114502,0.9999769926071168,,,,0.5146175622940063,0.9999672174453736,-0.0518074692850086,1.2846087258104193,-0.2078421264886856,0.994108021259308,0.9999959468841552,,,,0.5572022795677185,0.9999881982803344,0.1053760571572937,1.0322644119641058,-0.0479405745863914,0.9999939799308776,0.9999997615814208,-0.1115768974914785,0.967725975407581,0.0479065738618373,0.9999912977218628,0.9999997615814208,-0.2408301431122822,1.493696161677438,-0.1768814176321029,0.9911532402038574,0.9999979734420776,-0.4451118625580508,1.2932483722000976,-0.082052893936634,0.9502168893814088,0.999997615814209,-0.1750723035280104,2.284140398644604,-0.0520924553275108,0.9802133440971376,0.9999855756759644,-0.3118596092522026,2.1168158874214966,0.0148742347955703,0.9121332764625548,0.9999934434890748,False,False,False,False,False,False,False,False,False,False,False,False
347,6.94,0.1726232545866769,0.0173596791850918,-0.1745009869337082,0.9999955296516418,0.9999979734420776,-0.1726232545866769,-0.0173596791850918,-0.0101843765005469,0.9999423027038574,0.999980926513672,0.1093246772851712,0.7202427379638243,-0.1961037963628769,0.9965117573738098,0.9999641180038452,,,,0.5114171504974365,0.9999161958694458,-0.0518096228310803,1.282001071359519,-0.2066380828619003,0.993954062461853,0.9999920129776,,,,0.5475098490715027,0.9999475479125975,0.1088287980102034,1.0305612116617806,-0.0479422882199287,0.9999940395355223,0.9999997615814208,-0.1086110102621423,0.9694387764803434,0.0479078292846679,0.9999914169311525,0.9999997615814208,-0.2409227071310115,1.4878026841547998,-0.1787058860063552,0.9913153052330016,0.9999974966049194,-0.4446108677058152,1.290704338319386,-0.0810500681400299,0.9512712359428406,0.9999957084655762,-0.1748531928835573,2.277626872263597,-0.0526130720973014,0.9803911447525024,0.999984622001648,-0.312964681604926,2.1124114379919456,0.0165243037045002,0.9140052795410156,0.9999910593032836,False,False,False,False,False,False,False,False,False,False,False,False
348,6.96,0.1731784968315204,0.0175986093481436,-0.1752646267414093,0.9999955296516418,0.9999979734420776,-0.1731784968315204,-0.0175986093481436,-0.0101682357490062,0.9999442100524902,0.9999896287918092,0.109518897218045,0.7225999659556379,-0.197599709033966,0.9966201782226562,0.9999685287475586,,,,0.5261383652687073,0.9999585151672364,-0.0518565538087143,1.2858703450583508,-0.2092991769313812,0.9941778779029846,0.9999946355819702,,,,0.5684978365898132,0.9999866485595704,0.1078170202035037,1.0324803958897268,-0.0479607619345188,0.9999939203262328,0.9999996423721312,-0.1100223673550495,0.9675183882208892,0.0479264073073864,0.9999912977218628,0.9999996423721312,-0.2427526738885259,1.4921582043049595,-0.1822405755519867,0.9913454055786132,0.9999970197677612,-0.445954004455988,1.2943775543741995,-0.0821752026677131,0.9518961906433104,0.9999960660934448,-0.1751297155820199,2.2840444946852534,-0.055439606308937,0.9798926115036012,0.9999804496765136,-0.3133166027403603,2.121394920442289,0.016135387122631,0.913516104221344,0.9999898672103882,False,False,False,False,False,False,False,False,False,False,False,False
349,6.98,0.1733318808191329,0.0176151462625277,-0.1747657656669616,0.9999953508377076,0.9999970197677612,-0.1733318808191329,-0.0176151462625277,-0.0110937990248203,0.9999409914016724,0.999969482421875,0.1095068611378107,0.7228951357142762,-0.1970867812633514,0.9965022802352904,0.999957799911499,,,,0.5130331516265869,0.9998890161514282,-0.0519999344124763,1.286138664463357,-0.2090112715959549,0.9938566088676452,0.9999916553497314,,,,0.548457145690918,0.99993634223938,0.1050988285419664,1.0316917111930433,-0.0475652441382408,0.9999939203262328,0.9999997615814208,-0.1114317281674127,0.9682982623774078,0.0475276596844196,0.999991238117218,0.9999997615814208,-0.2431218108408309,1.4888833409263376,-0.1824077516794204,0.9909738302230836,0.999997615814209,-0.4463803658320759,1.295161152046908,-0.0836410671472549,0.9507126808166504,0.9999953508377076,-0.1754069919947107,2.285101103798993,-0.0599499233067035,0.9793162941932678,0.999986171722412,-0.3137289383695526,2.122966766757833,0.0130614982917904,0.9121577739715576,0.9999916553497314,False,False,False,False,False,False,False,False,False,False,False,False
350,7.0,0.1721753404671032,0.0174418078102434,-0.1721800863742828,0.9999952912330629,0.9999977350234984,-0.1721753404671032,-0.0174418078102434,-0.0060640657320618,0.9999386072158812,0.9999773502349854,0.1088346648315015,0.718222445518507,-0.19462950527668,0.9963946342468262,0.9999673366546632,,,,0.5004833340644836,0.9999122619628906,-0.0518387467671005,1.277730520717132,-0.2058250904083252,0.9935443997383118,0.999992609024048,,,,0.5281226634979248,0.9999414682388306,0.1076029335867787,1.0286585362211704,-0.0476404912769794,0.9999940395355223,0.9999997615814208,-0.1094405761957362,0.9713406195460618,0.0476013869047164,0.9999914169311525,0.9999997615814208,-0.2411395227535504,1.4814309966715358,-0.1854940801858902,0.991083323955536,0.999997615814209,-0.4436937442449717,1.287573550829125,-0.0831693932414054,0.950632631778717,0.9999958276748656,-0.1742168289707426,2.2709248483927293,-0.0607307069003582,0.9792217016220092,0.9999862909317015,-0.3101863686618324,2.111059462877717,0.012584458105266,0.912562906742096,0.9999912977218628,False,False,False,False,False,False,False,False,False,False,False,False
351,7.02,0.1733245136190279,0.0178762858734057,-0.1776728183031082,0.9999952912330629,0.9999979734420776,-0.1733245136190279,-0.0178762858734057,-0.0146381231024861,0.9999412298202516,0.999990940093994,0.109510386052953,0.7239235727229296,-0.1980059444904327,0.9963677525520324,0.9999685287475586,,,,0.5177586674690247,0.999964714050293,-0.0521787048691356,1.286537093999042,-0.2079422026872635,0.9936255812644958,0.999995231628418,,,,0.5534480214118958,0.9999899864196776,0.1084024580235102,1.031686199541039,-0.0474489368498325,0.999993860721588,0.9999997615814208,-0.1102166193741197,0.9683129776634406,0.0474112853407859,0.9999912977218628,0.9999997615814208,-0.2427039863082264,1.492010472445677,-0.1712055057287216,0.9902098178863524,0.9999970197677612,-0.4465294143925466,1.2956161786256877,-0.0830342248082161,0.9496419429779052,0.9999966621398926,-0.1752824485637059,2.2861652674832715,-0.0473162792623043,0.9777921438217164,0.9999833106994628,-0.3120039478431298,2.1251845882701383,0.015896176919341,0.9093560576438904,0.999992847442627,False,False,False,False,False,False,False,False,False,False,False,False
352,7.04,0.1737022654467135,0.0179420656494547,-0.1789885908365249,0.9999954104423524,0.9999985694885254,-0.1737022654467135,-0.0179420656494547,-0.0166003350168466,0.9999434351921082,0.9999903440475464,0.1096554128407494,0.7248299055809265,-0.198757991194725,0.9964570999145508,0.9999725818634032,,,,0.5246454477310181,0.9999526739120485,-0.0525552979038084,1.2888162334039268,-0.2085760235786438,0.993869125843048,0.9999949932098388,,,,0.5713005065917969,0.999985933303833,0.09901032403726,1.0318109435812046,-0.0474411025643348,0.9999939203262328,0.9999997615814208,-0.1141742619847504,0.9681315693390854,0.0474039874970912,0.9999914169311525,0.9999997615814208,-0.2418337142607812,1.5023840094537944,-0.1654734760522842,0.9903631806373596,0.9999979734420776,-0.4471991288259709,1.2964525385490482,-0.0838022083044052,0.9517416954040528,0.9999974966049194,-0.1765648433427442,2.2912483292400085,-0.0417393073439598,0.9785342812538148,0.9999880790710448,-0.3132886164485762,2.125239760155573,0.0149152874946594,0.912661075592041,0.9999954700469972,False,False,False,False,False,False,False,False,False,False,False,False
353,7.06,0.1735125311829508,0.0179079505439229,-0.1787165850400924,0.9999955892562866,0.9999990463256836,-0.1735125311829508,-0.0179079505439229,-0.0168656650930643,0.9999436140060424,0.9999876022338868,0.1095457259004079,0.7236569598650309,-0.1984042078256607,0.9966033101081848,0.999979853630066,,,,0.5199276804924011,0.9999319314956664,-0.0525412346748129,1.2875333455607585,-0.2079091519117355,0.994145691394806,0.999996304512024,,,,0.5605578422546387,0.999961256980896,0.0989740980197979,1.0313326552186175,-0.0474523901939392,0.9999940991401672,0.9999998807907104,-0.1140708813114508,0.9686103657532914,0.0474156402051448,0.999991536140442,0.9999998807907104,-0.2408920560217079,1.500171623225645,-0.1632023602724075,0.9908164143562316,0.9999984502792358,-0.4469193610477472,1.295237138218437,-0.0769407898187637,0.9539349675178528,0.9999972581863404,-0.1764348548392105,2.288175935591583,-0.0403681956231594,0.9796048998832704,0.999990701675415,-0.3116775438509453,2.122273476960986,0.0212020445615053,0.9167139530181884,0.9999955892562866,False,False,False,False,False,False,False,False,False,False,False,False
354,7.08,0.1733749937897634,0.0181009329743656,-0.1785317510366439,0.9999954700469972,0.9999977350234984,-0.1733749937897634,-0.0181009329743656,-0.016309792175889,0.9999411702156068,0.999976634979248,0.1094689166910768,0.7237409753024795,-0.1983029246330261,0.9964531064033508,0.999967098236084,,,,0.5083759427070618,0.9999171495437622,-0.0525508848612947,1.2872898922304972,-0.2081097215414047,0.9939526915550232,0.9999946355819702,,,,0.544426441192627,0.9999610185623168,0.0989434867356927,1.03129689744364,-0.0474561043083667,0.9999939203262328,0.9999997615814208,-0.1140090760681549,0.9686463587559117,0.0474193729460239,0.999991238117218,0.9999997615814208,-0.2406103613051509,1.498996068413262,-0.1689946055412292,0.9902842044830322,0.9999977350234984,-0.4466836108198008,1.2951168515712848,-0.077379897236824,0.9509230256080629,0.9999959468841552,-0.1768866663046891,2.289896364215262,-0.0539374127984046,0.9788318276405334,0.999986171722412,-0.3116060249604038,2.121618045786885,0.0195904783904552,0.9127492904663086,0.999992847442627,False,False,False,False,False,False,False,False,False,False,False,False
355,7.1,0.1734873669974672,0.0182876768332854,-0.1791577637195587,0.9999954104423524,0.999997854232788,-0.1734873669974672,-0.0182876768332854,-0.015790132805705,0.9999397993087769,0.9999788999557496,0.1095075405338315,0.7245231417951058,-0.1988192200660705,0.9963567852973938,0.9999682903289796,,,,0.4980875551700592,0.99992036819458,-0.0526848045385554,1.2883151033096465,-0.2080468982458114,0.9937122464179992,0.9999936819076538,,,,0.5295417308807373,0.9999582767486572,0.0991494087498956,1.030718729208968,-0.0474586002528667,0.9999939203262328,0.9999997615814208,-0.1141435765255552,0.9692250637344024,0.0474219135940074,0.9999911785125732,0.9999997615814208,-0.2409022392276683,1.4950354640334664,-0.1748012602329254,0.9901069402694702,0.999997854232788,-0.4470983253008108,1.2977001429590884,-0.0768720954656601,0.9492062330245972,0.9999960660934448,-0.1763098139729535,2.2920175497707205,-0.0573304966092109,0.9784057140350342,0.9999887943267822,-0.3139445586650583,2.1234654304208544,0.0214418806135654,0.9104004502296448,0.9999929666519164,False,False,False,False,False,False,False,False,False,False,False,False
356,7.12,0.1735394458422517,0.0183446563548376,-0.1789800226688385,0.9999952912330629,0.99999737739563,-0.1735394458422517,-0.0183446563548376,-0.0154076777398586,0.999937891960144,0.999975562095642,0.1093748063028972,0.7251912450669873,-0.1989626437425613,0.9962872266769408,0.9999645948410034,,,,0.4871878921985626,0.9999121427536012,-0.0526701670721965,1.2883549650112691,-0.2089131325483322,0.9935346245765686,0.9999929666519164,,,,0.5152221918106079,0.9999511241912842,0.0989581996270317,1.030570122162181,-0.047489371150732,0.999993860721588,0.9999997615814208,-0.1143288013622692,0.9693708131162324,0.0474517941474914,0.9999910593032836,0.9999996423721312,-0.2418079143433541,1.490747277209263,-0.1797873824834823,0.9896538257598876,0.9999971389770508,-0.4472545431219351,1.2971593531664478,-0.0777386948466301,0.9470738172531128,0.9999948740005492,-0.1764746781002876,2.292470046902182,-0.0608717910945415,0.9772137999534608,0.999983549118042,-0.315350335232001,2.123573144814169,0.0190123002976179,0.907109260559082,0.999990701675415,False,False,False,False,False,False,False,False,False,False,False,False
357,7.14,0.1730472873797661,0.0182197403167607,-0.1788280755281448,0.9999951720237732,0.9999974966049194,-0.1730472873797661,-0.0182197403167607,-0.014225018210709,0.9999358654022216,0.9999749660491944,0.1088409329456105,0.7232940175815714,-0.1988356709480285,0.9961175322532654,0.9999632835388184,,,,0.4770759642124176,0.9999048709869384,-0.0527306938953093,1.2850416434196146,-0.2087840288877487,0.993065595626831,0.999991536140442,,,,0.4961479604244232,0.9999332427978516,0.102797997296086,1.029415762984867,-0.0476613231003284,0.9999939203262328,0.9999997615814208,-0.1125309133073081,0.9705605544613964,0.0476207584142684,0.9999911189079284,0.9999997615814208,-0.2413902398906625,1.4854357272460212,-0.1836722195148468,0.9895036816596984,0.9999974966049194,-0.4462613780646546,1.2938495625850674,-0.0778225734829902,0.9459630250930786,0.9999955892562866,-0.1761855763019362,2.2866204834541914,-0.0605251416563987,0.9767364859580994,0.9999858140945436,-0.315564240250571,2.117915155633388,0.0207302346825599,0.9058988690376282,0.9999914169311525,False,False,False,False,False,False,False,False,False,False,False,False
358,7.16,0.1732985524022106,0.018952834345715,-0.1786432713270187,0.999995231628418,0.9999983310699464,-0.1732985524022106,-0.018952834345715,-0.0140645885840058,0.9999387264251708,0.9999914169311525,0.1088515972573531,0.7253262075634399,-0.198722556233406,0.9962202906608582,0.9999721050262452,,,,0.4949394464492798,0.9999629259109496,-0.0528551807139602,1.286492676546007,-0.2084580808877945,0.9932799339294434,0.999995231628418,,,,0.518187403678894,0.9999858140945436,0.1034059462930296,1.0308424297032328,-0.0476330108940601,0.9999939799308776,0.9999997615814208,-0.1130744706633327,0.9691342000693504,0.0475935377180576,0.9999912977218628,0.9999997615814208,-0.2417902135068911,1.4877086302241629,-0.1838479042053222,0.9898419380187988,0.9999982118606568,-0.4468668248661381,1.2938310843649807,-0.0840226113796234,0.948066771030426,0.999997854232788,-0.1764393526144153,2.2880446394713703,-0.0583489798009395,0.9770092368125916,0.9999887943267822,-0.3154195441958626,2.121155323341305,0.0161492638289928,0.908454418182373,0.9999945163726808,False,False,False,False,False,False,False,False,False,False,False,False
359,7.18,0.1733166640055521,0.0189425355838595,-0.1785339564085006,0.9999951720237732,0.999997854232788,-0.1733166640055521,-0.0189425355838595,-0.0140273468568921,0.9999383091926576,0.9999823570251464,0.1088400751514621,0.725318931804888,-0.198684960603714,0.9962310194969176,0.9999665021896362,,,,0.4923924207687378,0.999930500984192,-0.0530170562076288,1.2864966672567526,-0.2078497856855392,0.9933207631111144,0.999994158744812,,,,0.5158706307411194,0.999969482421875,0.1031719520089756,1.030759803289903,-0.0476459078490734,0.9999939203262328,0.9999997615814208,-0.1132823049327191,0.9692146417377724,0.0476068332791328,0.9999911785125732,0.9999997615814208,-0.241307785443764,1.4877501079037136,-0.1823429763317108,0.9900185465812684,0.9999979734420776,-0.4467435961029795,1.2951977220200208,-0.0782047510147094,0.9479362964630128,0.999996781349182,-0.1765059906926741,2.2951829841500184,-0.0580934844911098,0.9775840044021606,0.9999890327453612,-0.3160813993272436,2.119299524236732,0.0245906431227922,0.9084404110908508,0.9999943971633912,False,False,False,False,False,False,False,False,False,False,False,False
360,7.2,0.1732296564700545,0.0190563687597233,-0.1806596964597702,0.9999951720237732,0.9999983310699464,-0.1732296564700545,-0.0190563687597233,-0.0175586529076099,0.999938666820526,0.9999843835830688,0.1086878472885542,0.7254535336593637,-0.2010818123817443,0.9962230920791626,0.9999704360961914,,,,0.4905034303665161,0.9999297857284546,-0.0531596123115158,1.2862633957306755,-0.212533414363861,0.993328094482422,0.9999945163726808,,,,0.5114515423774719,0.999963402748108,0.1030239769051704,1.0306778139459816,-0.047648049890995,0.999993860721588,0.9999997615814208,-0.1133884981182373,0.9692953300487132,0.047608807682991,0.9999911189079284,0.9999997615814208,-0.241367964532412,1.4878707810602976,-0.1795730739831924,0.9898585081100464,0.9999979734420776,-0.4468277924280104,1.2960637517144156,-0.0772256404161453,0.947688639163971,0.999996542930603,-0.1766089844112827,2.2964659326915142,-0.0579188428819179,0.9774746298789978,0.9999874830245972,-0.3162045911148619,2.1193123872480624,0.0250128544867038,0.9077483415603638,0.9999939203262328,False,False,False,False,False,False,False,False,False,False,False,False
361,7.22,0.1733112813695718,0.0190850093932812,-0.1803338527679443,0.9999951124191284,0.9999974966049194,-0.1733112813695718,-0.0190850093932812,-0.0172084253281354,0.9999374747276306,0.9999771118164062,0.1086533293982238,0.725595885020316,-0.2007097899913787,0.9961259365081788,0.9999635219573976,,,,0.4827780723571777,0.9999150037765504,-0.053253388877527,1.2858776678799144,-0.2118786126375198,0.9931603074073792,0.9999933242797852,,,,0.502292275428772,0.9999574422836304,0.1023561389272726,1.0305817938146464,-0.0476395152509212,0.9999938011169434,0.9999997615814208,-0.1139885580205614,0.96938437760577,0.0476000308990478,0.9999909996986388,0.9999997615814208,-0.2408904082480552,1.4879066472627158,-0.1795800477266311,0.9894955158233644,0.999997615814209,-0.4468972828567465,1.2970935853757055,-0.077167697250843,0.9458901882171632,0.9999958276748656,-0.1767077734763613,2.2964970106513216,-0.0580111034214496,0.9767084717750548,0.9999866485595704,-0.3162789400796169,2.119457691447245,0.0242565833032131,0.9049882888793944,0.999992609024048,False,False,False,False,False,False,False,False,False,False,False,False
362,7.24,0.1728537606185833,0.0188975171144687,-0.1795993447303772,0.9999949932098388,0.999997615814209,-0.1728537606185833,-0.0188975171144687,-0.01451385486871,0.9999366998672484,0.9999808073043824,0.1082199146242818,0.7238812559001498,-0.2006399780511856,0.9959490299224854,0.9999613761901855,,,,0.4758878350257873,0.9999229907989502,-0.0531084945166436,1.2827681208084385,-0.2115627378225326,0.99258154630661,0.9999905824661256,,,,0.4911788403987884,0.999953269958496,0.1043544442529452,1.0295632960964047,-0.047734085470438,0.999993860721588,0.9999997615814208,-0.1124343812524413,0.9704203824915192,0.0476930998265743,0.9999911189079284,0.9999997615814208,-0.2405822863721726,1.4841889417792555,-0.1820512264966964,0.9895100593566896,0.9999977350234984,-0.4459046508018928,1.2953441552884244,-0.0772675424814224,0.9458773732185364,0.9999964237213136,-0.1762581039307802,2.290727548991823,-0.0581511035561561,0.9764750003814696,0.999987006187439,-0.315878337435601,2.114414466198667,0.0237569902092218,0.9052658677101136,0.999992847442627,False,False,False,False,False,False,False,False,False,False,False,False
363,7.26,0.1730866013616485,0.0192090709399794,-0.179474651813507,0.9999951124191284,0.9999983310699464,-0.1730866013616485,-0.0192090709399794,-0.0130546055734157,0.99993896484375,0.9999896287918092,0.1084044871308328,0.7253963469931839,-0.2006460726261139,0.996089518070221,0.9999736547470092,,,,0.4882926642894745,0.9999558925628662,-0.0531115014986532,1.2844141672144476,-0.2115108221769333,0.9928730130195618,0.9999954700469972,,,,0.5063707232475281,0.9999819993972778,0.1045215062963116,1.0308580861960506,-0.0477687157690525,0.999993860721588,0.9999997615814208,-0.1130376931092199,0.969123782362304,0.0477289073169231,0.9999911785125732,0.9999997615814208,-0.2412143552033286,1.485755622616736,-0.1866912394762039,0.9897603392601012,0.9999979734420776,-0.4464165980049075,1.294883811493025,-0.0839458480477333,0.9473435282707214,0.9999972581863404,-0.1765640080464697,2.288019585278398,-0.0587650053203105,0.9765052795410156,0.9999871253967284,-0.3152673210861198,2.1196775922366853,0.016279986128211,0.9069907665252686,0.999993085861206,False,False,False,False,False,False,False,False,False,False,False,False
364,7.28,0.1731632294568578,0.0192620444394477,-0.1793822348117828,0.9999949932098388,0.99999737739563,-0.1731632294568578,-0.0192620444394477,-0.0129983155056834,0.9999375343322754,0.999976396560669,0.1084305929895242,0.7252818567871783,-0.2004878520965576,0.9960156083106996,0.999964714050293,,,,0.4809249341487884,0.9999146461486816,-0.053139247778251,1.2839320595741657,-0.2114533632993698,0.9927120208740234,0.9999933242797852,,,,0.4975644052028656,0.9999593496322632,0.1036633849460995,1.0307152007527696,-0.0477697513997554,0.9999939203262328,0.9999997615814208,-0.1137548093666398,0.9692593398734768,0.0477298498153686,0.9999911785125732,0.9999997615814208,-0.2410775584490206,1.485640007900258,-0.1866128295660019,0.9896321296691896,0.9999979734420776,-0.4464180279200229,1.2954669188719343,-0.0836637020111084,0.9461509585380554,0.999996304512024,-0.1764234688599923,2.28667760904596,-0.0599441714584827,0.9761775732040404,0.9999891519546508,-0.3152754201242526,2.118092074250244,0.0190831422805786,0.9053499102592468,0.9999934434890748,False,False,False,False,False,False,False,False,False,False,False,False
365,7.3,0.1729644521522617,0.0191885458031481,-0.1791082322597503,0.999994933605194,0.999997615814209,-0.1729644521522617,-0.0191885458031481,-0.0129558779299259,0.9999365210533142,0.9999794960021972,0.1083193301919991,0.7243755368123204,-0.2003203779458999,0.9959006905555724,0.9999643564224244,,,,0.4762341678142547,0.9999202489852904,-0.0527696963035651,1.2824099189392602,-0.2111565172672271,0.992464005947113,0.999992609024048,,,,0.4893467724323272,0.999955415725708,0.1043677372619635,1.0305607442776763,-0.0478167422115802,0.999993860721588,0.9999997615814208,-0.1127529731230697,0.9694216775999644,0.0477760285139083,0.9999911785125732,0.9999997615814208,-0.2407333363599892,1.484265422844267,-0.1863448470830917,0.989477276802063,0.999997615814209,-0.44588538418551,1.2958960175254757,-0.0814418420195579,0.945643424987793,0.9999960660934448,-0.1759154327266772,2.284712709594496,-0.0588605441153049,0.9757656455039978,0.9999850988388062,-0.3151426875341832,2.1155900959761818,0.0217614863067865,0.9045462608337402,0.9999921321868896,False,False,False,False,False,False,False,False,False,False,False,False
366,7.32,0.1731804809392345,0.0195866491321896,-0.1792140752077102,0.9999949932098388,0.9999980926513672,-0.1731804809392345,-0.0195866491321896,-0.0144617054611444,0.9999393820762634,0.999990940093994,0.1084056364264783,0.7269863228413559,-0.2002458870410919,0.9960325956344604,0.9999679327011108,,,,0.492716521024704,0.9999616146087646,-0.0527024114929113,1.28357869652261,-0.2095794975757599,0.9927383661270142,0.9999945163726808,,,,0.5146787762641907,0.999987244606018,0.1044267414120089,1.0314920937414829,-0.0477124378085136,0.9999938011169434,0.9999997615814208,-0.1130376010327156,0.968489369446762,0.0476731471717357,0.9999911785125732,0.9999997615814208,-0.2424585035164805,1.4853310808741125,-0.1855430901050567,0.9897236824035645,0.999997854232788,-0.4462893112123371,1.2965944039428232,-0.0831677168607711,0.9465763568878174,0.99999737739563,-0.1758580227565166,2.2869272326300365,-0.0587596744298934,0.976058542728424,0.9999889135360718,-0.3153804020637845,2.118837300807182,0.0186899565160274,0.9053682684898376,0.9999942779541016,False,False,False,False,False,False,False,False,False,False,False,False
367,7.34,0.1731842996796669,0.0196330579901028,-0.1797176301479339,0.9999950528144836,0.9999982118606568,-0.1731842996796669,-0.0196330579901028,-0.0143983578309416,0.9999390840530396,0.9999821186065674,0.1084038668202725,0.7267294566686442,-0.2004400193691253,0.9960876703262328,0.999971866607666,,,,0.4883620738983154,0.9999284744262696,-0.0528240776294887,1.283416694819679,-0.2099757939577102,0.9928674697875975,0.9999947547912598,,,,0.5102878212928772,0.9999662637710572,0.1041468395974556,1.0314158247403007,-0.0478057153522968,0.9999938011169434,0.9999997615814208,-0.1130868578259122,0.9685641941784072,0.0477670431137084,0.9999911785125732,0.9999997615814208,-0.2424571493497306,1.4851860359927038,-0.1827643662691116,0.9897148013114928,0.9999979734420776,-0.446295830411524,1.2967129432765536,-0.0793491825461387,0.9460455775260924,0.9999964237213136,-0.1759541520202691,2.287960687867301,-0.0582968518137931,0.9762638211250304,0.9999889135360718,-0.3153748392738348,2.1190340680618034,0.0214838422834873,0.9050405621528624,0.9999938011169434,False,False,False,False,False,False,False,False,False,False,False,False
368,7.36,0.1732433925514359,0.0197015207494083,-0.1793705374002456,0.9999949932098388,0.99999737739563,-0.1732433925514359,-0.0197015207494083,-0.0143806105479598,0.9999377727508544,0.9999768733978271,0.1084576953149037,0.7266576155385762,-0.2001173943281173,0.9960644245147704,0.9999643564224244,,,,0.4835566878318786,0.9999150037765504,-0.0528487642125348,1.28361338178933,-0.2097412198781967,0.9928418397903442,0.9999933242797852,,,,0.5062134265899658,0.9999632835388184,0.1034008345723146,1.031251225134964,-0.0477020405232906,0.999993860721588,0.9999997615814208,-0.1136716581855543,0.9687224022367336,0.0476632639765739,0.9999911785125732,0.9999997615814208,-0.2433760019664385,1.4851083934558929,-0.1826280504465103,0.9897613525390624,0.999997854232788,-0.446368923673964,1.2982286667445035,-0.0790804177522659,0.9459624290466307,0.999996304512024,-0.1757818321995876,2.287858054813001,-0.0581988506019115,0.976487398147583,0.9999902248382568,-0.31672702907695,2.1191943416096404,0.022506458684802,0.9052932262420654,0.9999936819076538,False,False,False,False,False,False,False,False,False,False,False,False
369,7.38,0.172995891448962,0.0196037828767469,-0.1789351552724838,0.9999949932098388,0.9999979734420776,-0.172995891448962,-0.0196037828767469,-0.0141022959724068,0.9999369382858276,0.9999816417694092,0.1083103407702793,0.7256933443866858,-0.1991858333349228,0.9959540963172911,0.9999657869338988,,,,0.4760812520980835,0.9999250173568726,-0.0527678468150398,1.2819706506723667,-0.2078778892755508,0.9924907088279724,0.9999923706054688,,,,0.4928609728813171,0.999953031539917,0.1052346921192175,1.0304668279726348,-0.047761932015419,0.9999939203262328,0.9999997615814208,-0.1123118135630541,0.9695206505761856,0.0477225854992866,0.999991238117218,0.9999997615814208,-0.2429336468301754,1.4901785029815375,-0.1797667443752288,0.9896899461746216,0.999997854232788,-0.4457352077428074,1.296827737521143,-0.0769658759236335,0.9452874064445496,0.999996542930603,-0.1755412558498406,2.287308307745036,-0.0567355751991272,0.9764405488967896,0.9999874830245972,-0.3160209429300982,2.117731228402479,0.0231054257601499,0.9048009514808656,0.9999935626983644,False,False,False,False,False,False,False,False,False,False,False,False
370,7.4,0.1736310907748098,0.0198693256139979,-0.1786333173513412,0.9999951124191284,0.9999984502792358,-0.1736310907748098,-0.0198693256139979,-0.0138086797669529,0.9999397993087769,0.9999921321868896,0.1090028465528907,0.7274282344234113,-0.1980842500925064,0.99609375,0.9999732971191406,,,,0.4916855096817016,0.9999650716781616,-0.0522681017633115,1.283184825273402,-0.2057251632213592,0.9927721619606018,0.9999951124191284,,,,0.5147467851638794,0.9999866485595704,0.1060545357261003,1.0315969404384362,-0.0477015599608421,0.999993860721588,0.9999997615814208,-0.1121831399115204,0.9683936695922054,0.0476630516350269,0.999991238117218,0.9999997615814208,-0.2437670703610069,1.489805964748189,-0.1813607811927795,0.9899847507476808,0.999997854232788,-0.4457574816040794,1.2958176451357568,-0.0797845497727394,0.946336269378662,0.9999972581863404,-0.1754416861452627,2.2833202773342243,-0.0567522384226322,0.9765018224716188,0.9999877214431764,-0.3154316102695675,2.120466363786691,0.0176568757742643,0.9054087996482848,0.999993085861206,False,False,False,False,False,False,False,False,False,False,False,False
371,7.42,0.1737511058649449,0.0198086317332439,-0.1786391139030456,0.9999949932098388,0.9999971389770508,-0.1737511058649449,-0.0198086317332439,-0.0144958514720201,0.99993896484375,0.9999794960021972,0.1090309895587288,0.7277708415563166,-0.1979485601186752,0.9960428476333618,0.9999605417251588,,,,0.4902401268482208,0.9999271631240844,-0.0520369386721106,1.2850736868442227,-0.2055040448904037,0.9927615523338318,0.9999932050704956,,,,0.5185921788215637,0.9999735355377196,0.1053680880322157,1.0312886181661691,-0.0476436652243137,0.9999937415122986,0.9999997615814208,-0.1130688920619754,0.9686965561832046,0.0476049818098545,0.9999910593032836,0.9999997615814208,-0.2437064274444893,1.4895572333825398,-0.1804242879152298,0.9899392127990724,0.999997615814209,-0.4458552553582077,1.297331558492521,-0.0789466053247451,0.9454914927482604,0.999996304512024,-0.1749606037887412,2.293200441546753,-0.058116540312767,0.9768543243408204,0.9999886751174928,-0.3155265186894034,2.121076299849738,0.0199387446045875,0.9047141075134276,0.9999939203262328,False,False,False,False,False,False,False,False,False,False,False,False
372,7.44,0.1731952575988216,0.0191122200104257,-0.1781380027532577,0.9999948740005492,0.9999974966049194,-0.1731952575988216,-0.0191122200104257,-0.0138648301362991,0.9999372959136964,0.9999769926071168,0.1083600138647038,0.7249304349433839,-0.1979474127292633,0.9958486557006836,0.9999628067016602,,,,0.481854647397995,0.9999101161956788,-0.051741855081874,1.2798829180896627,-0.2066545486450195,0.9923604726791382,0.9999920129776,,,,0.502230703830719,0.99994158744812,0.106371820437257,1.0287091171147054,-0.0477477572858333,0.9999936819076538,0.9999997615814208,-0.1113967720860191,0.9712845703405644,0.047706551849842,0.9999909996986388,0.9999997615814208,-0.2426782995024503,1.4828400988909405,-0.1848960667848587,0.989627480506897,0.99999737739563,-0.4441848065357201,1.2930680995622308,-0.0789733976125717,0.9442737102508544,0.9999953508377076,-0.1741748150242194,2.284471355872236,-0.0609833411872386,0.9760143160820008,0.9999840259552002,-0.3142992678028484,2.1135999973581696,0.0200032889842987,0.9030646085739136,0.999990940093994,False,False,False,False,False,False,False,False,False,False,False,False
373,7.46,0.1739881719712807,0.0194810370677818,-0.1809935122728347,0.9999949932098388,0.9999985694885254,-0.1739881719712807,-0.0194810370677818,-0.0146862845867872,0.9999399185180664,0.999990940093994,0.10880440589306,0.7278265115018598,-0.2000937312841415,0.9959725141525269,0.999975085258484,,,,0.4947400689125061,0.9999595880508424,-0.0508953200775399,1.285747575306572,-0.2090336382389068,0.9926282167434692,0.9999954700469972,,,,0.5190165042877197,0.9999845027923584,0.1078308767398874,1.0306990537653526,-0.0477488227188587,0.999993622303009,0.9999997615814208,-0.1110655199128001,0.9692983305038227,0.0477078408002853,0.9999909996986388,0.9999997615814208,-0.2427709468316441,1.4926118485596678,-0.1833723187446594,0.9894534349441528,0.9999974966049194,-0.4448636204836534,1.2965430771107016,-0.0799053385853767,0.9446473121643066,0.999996781349182,-0.1740073376458846,2.2923057195743257,-0.0548467151820659,0.9751004576683044,0.9999842643737792,-0.31434559422322,2.1235593596071967,0.0200141575187444,0.9024276733398438,0.999991774559021,False,False,False,False,False,False,False,False,False,False,False,False
374,7.48,0.174402135312374,0.0193693316395424,-0.1816701740026474,0.9999948143959044,0.9999971389770508,-0.174402135312374,-0.0193693316395424,-0.0212799496948719,0.9999390244483948,0.9999794960021972,0.1083579295522453,0.7292234975174217,-0.2002005279064178,0.9958174228668212,0.9999581575393676,,,,0.4926811754703522,0.999924898147583,-0.0508919480041269,1.288854830006657,-0.2092878818511963,0.992365300655365,0.9999921321868896,,,,0.5167064070701599,0.9999642372131348,0.1075877754648071,1.0311173508638891,-0.047547023743391,0.9999934434890748,0.9999997615814208,-0.1114363629255599,0.9688789462263222,0.0475061386823654,0.9999908208847046,0.9999997615814208,-0.2422545004563607,1.4956752569162568,-0.1701418310403823,0.9888716340065002,0.99999737739563,-0.4453835142087667,1.2994413925419186,-0.0773129686713218,0.9435536861419678,0.9999960660934448,-0.1742183286962678,2.301752404623421,-0.0527390576899051,0.9749786853790284,0.9999850988388062,-0.3149609320085894,2.128221058612292,0.0207262076437473,0.901567816734314,0.9999932050704956,False,False,False,False,False,False,False,False,False,False,False,False
375,7.5,0.1747099578732347,0.0195015355462624,-0.184515967965126,0.9999945759773254,0.999996542930603,-0.1747099578732347,-0.0195015355462624,-0.0218966975808143,0.9999383687973022,0.9999786615371704,0.1078803877878109,0.7314553517427702,-0.2022099047899246,0.9954452514648438,0.9999444484710692,,,,0.4841330945491791,0.9999183416366576,-0.0505102073765524,1.2969455912481356,-0.2103341370820999,0.9913998246192932,0.9999858140945436,,,,0.5087088346481323,0.9999594688415528,0.1080629642976061,1.0307608614672554,-0.0476174466311931,0.9999931454658508,0.9999996423721312,-0.1118024989982332,0.9692356424997448,0.047575406730175,0.9999905228614808,0.9999996423721312,-0.2419189105623463,1.4989662804199315,-0.1709006279706955,0.9880266189575196,0.9999961853027344,-0.4455436022368641,1.3028826115666583,-0.0762488096952438,0.9409171342849731,0.9999947547912598,-0.1742616165158478,2.310648027300202,-0.0537938475608825,0.9734073281288148,0.9999785423278807,-0.3160423465390879,2.1342432165027048,0.0235773865133523,0.89741051197052,0.9999896287918092,False,False,False,False,False,False,False,False,False,False,False,False
376,7.52,0.1744703265075693,0.0188465091975702,-0.1840101331472396,0.999994456768036,0.9999972581863404,-0.1744703265075693,-0.0188465091975702,-0.0213499404489994,0.9999372959136964,0.9999786615371704,0.1081424853966528,0.7322840815917794,-0.2020588368177414,0.9951893091201782,0.9999558925628662,,,,0.4728002250194549,0.9999130964279176,-0.04890759332954,1.3030678945798522,-0.2103684842586517,0.9906248450279236,0.9999887943267822,,,,0.4917514324188232,0.9999488592147828,0.1076045961212049,1.0304803392691249,-0.0476067624986171,0.9999931454658508,0.9999997615814208,-0.1116302173244959,0.9695156093202536,0.0475640557706356,0.999990463256836,0.9999997615814208,-0.2405176059752204,1.5012583928928092,-0.1736515015363693,0.987766444683075,0.999997615814209,-0.4440595984446814,1.303757900871258,-0.076241448521614,0.939157783985138,0.9999961853027344,-0.1732533903799056,2.313984977328377,-0.0572485700249671,0.9728315472602844,0.9999865293502808,-0.3153431770453218,2.136173337000544,0.023598214611411,0.895179033279419,0.9999927282333374,False,False,False,False,False,False,False,False,False,False,False,False
377,7.54,0.1742518868550898,0.0177650230545286,-0.1835051923990249,0.9999943971633912,0.99999737739563,-0.1742518868550898,-0.0177650230545286,-0.0206146538257598,0.9999362826347352,0.9999808073043824,0.1063278529896213,0.731343320959103,-0.2006926536560058,0.9949984550476074,0.9999617338180542,,,,0.4641224443912506,0.9999264478683472,-0.0475514574134579,1.302929954242848,-0.2074268013238906,0.9900134205818176,0.9999903440475464,,,,0.476371705532074,0.9999526739120485,0.1111534660583224,1.028348680067918,-0.0476077124476432,0.9999931454658508,0.9999997615814208,-0.1092973601529229,0.9716504586496136,0.0475649423897266,0.999990463256836,0.9999997615814208,-0.2384698289009692,1.4916560574506654,-0.1740267276763916,0.9876043796539308,0.99999737739563,-0.4412345362300653,1.300283932329192,-0.075323648750782,0.9372767806053162,0.9999960660934448,-0.1713964738136227,2.3057569595404086,-0.0571428872644901,0.9721524119377136,0.999985933303833,-0.3126950494299753,2.130510574113773,0.0238121561706066,0.8929526209831238,0.9999914169311525,False,False,False,False,False,False,False,False,False,False,False,False
378,7.56,0.1738896862548611,0.0179231507845028,-0.18311108648777,0.999994456768036,0.999997854232788,-0.1738896862548611,-0.0179231507845028,-0.0142947901040315,0.9999358654022216,0.9999804496765136,0.1057660491371725,0.7335188274838159,-0.2044377326965332,0.994986653327942,0.9999712705612184,,,,0.4535140991210937,0.9999256134033204,-0.0449018837192916,1.3087484834475345,-0.2134092301130294,0.9899914860725404,0.9999938011169434,,,,0.4576639533042907,0.9999538660049438,0.1137117592013502,1.0279479936484412,-0.0478055663406848,0.9999932050704956,0.9999997615814208,-0.1076505720111933,0.9720428218329312,0.0477642491459846,0.9999904036521912,0.9999996423721312,-0.2375808553694396,1.4916643541733896,-0.1817436814308166,0.9868575930595398,0.9999974966049194,-0.4402065537466225,1.3029694262243148,-0.0799041762948036,0.9330623745918274,0.9999955892562866,-0.1699464482877307,2.312652904991399,-0.0641070455312728,0.9705812931060792,0.9999829530715942,-0.3102786836307061,2.1379587314980006,0.0155174443498253,0.8862577676773071,0.9999885559082032,False,False,False,False,False,False,False,False,False,False,False,False
379,7.58,0.1736965100148846,0.0179487749772617,-0.184995099902153,0.9999943971633912,0.9999970197677612,-0.1736965100148846,-0.0179487749772617,-0.0177108589559793,0.9999366998672484,0.9999852180480956,0.1047329272169282,0.7363444251704538,-0.2044731229543686,0.9948574900627136,0.999953269958496,,,,0.4531244337558746,0.9999455213546752,-0.0432004275362423,1.3178279985363563,-0.2132711559534073,0.9897091388702391,0.9999890327453612,,,,0.4615949690341949,0.999975562095642,0.115882190771782,1.0288764713129723,-0.0478665642440319,0.9999930262565612,0.9999996423721312,-0.106085792490882,0.9710995361882984,0.0478258915245533,0.9999903440475464,0.9999997615814208,-0.2365051275734564,1.493746224718789,-0.1751830577850341,0.986710011959076,0.9999970197677612,-0.438878774928268,1.306735470878882,-0.076000802218914,0.9323524236679076,0.9999966621398926,-0.1685287054085914,2.317381246980326,-0.0551454313099384,0.9704115390777588,0.9999850988388062,-0.3092053629616314,2.1444049310116373,0.0208869241178035,0.8851145505905151,0.9999927282333374,False,False,False,False,False,False,False,False,False,False,False,False
380,7.6,0.1740760199983017,0.0177032996554099,-0.1889653801918029,0.999994456768036,0.9999977350234984,-0.1740760199983017,-0.0177032996554099,-0.0196664724498987,0.9999371767044068,0.9999834299087524,0.1027172569987067,0.737475020859633,-0.2069877237081527,0.9946206212043762,0.9999656677246094,,,,0.4418540000915527,0.9999336004257202,-0.0406247154653961,1.32646905552857,-0.2134818881750106,0.9890803694725036,0.9999905824661256,,,,0.442845731973648,0.9999493360519408,0.1206371518817135,1.027782694285354,-0.0481212921440601,0.9999929070472716,0.9999997615814208,-0.1027516301986102,0.9721373311441937,0.0480792708694934,0.9999902844429016,0.9999997615814208,-0.2350908735782287,1.492979005409659,-0.1772746443748474,0.98521226644516,0.9999970197677612,-0.4361879744980799,1.3083160398410898,-0.0760874673724174,0.9262864589691162,0.9999958276748656,-0.16691846214148,2.321401326734387,-0.0562461242079734,0.9666018486022948,0.999980092048645,-0.307792174443284,2.1497508207395297,0.0186658632010221,0.8767998814582825,0.9999881982803344,False,False,False,False,False,False,False,False,False,False,False,False
381,7.62,0.1753308347418327,0.0187116268489209,-0.189438059926033,0.9999947547912598,0.9999990463256836,-0.1753308347418327,-0.0187116268489209,-0.0193413402885198,0.9999400973320008,0.9999922513961792,0.1027875282203877,0.7390082798179028,-0.2080666124820709,0.9949172735214232,0.9999818801879884,,,,0.446515679359436,0.9999557733535768,-0.0367472469871548,1.3391836722859234,-0.2138628363609314,0.98970627784729,0.9999953508377076,,,,0.4444975554943084,0.9999741315841676,0.1248152599776557,1.0281599748205834,-0.0481212697923183,0.9999931454658508,0.9999997615814208,-0.0994641235013558,0.9716793486950236,0.0480793230235576,0.9999905824661256,0.9999997615814208,-0.2315800789893236,1.496535294517541,-0.1872212439775467,0.9859026074409484,0.9999983310699464,-0.4339009683093807,1.3103180087744812,-0.0814855769276619,0.9291903972625732,0.9999974966049194,-0.1637303295318041,2.3269268074087543,-0.0566313974559307,0.9671067595481871,0.9999886751174928,-0.304714448969851,2.1557630585360057,0.0187152493745088,0.8791860938072205,0.9999918937683104,False,False,False,False,False,False,False,False,False,False,False,False
382,7.64,0.1754956997205419,0.0180684757917859,-0.1884703636169433,0.999994933605194,0.9999985694885254,-0.1754956997205419,-0.0180684757917859,-0.0189005564898252,0.9999419450759888,0.9999899864196776,0.1012251010556398,0.7424689815982656,-0.2075917273759842,0.9950559139251708,0.9999784231185912,,,,0.443913996219635,0.9999514818191528,-0.0333729272919267,1.3497987474505604,-0.2134910076856613,0.989993453025818,0.9999946355819702,,,,0.439724713563919,0.9999728202819824,0.1249717212392859,1.028012844114265,-0.048069704324007,0.9999933242797852,0.9999998807907104,-0.1006912299965012,0.9718397648909608,0.0480284243822097,0.9999908208847046,0.9999997615814208,-0.228653338630165,1.4974362660274372,-0.1867106109857559,0.9860429763793944,0.9999982118606568,-0.4310911251354182,1.312196310941363,-0.0862157344818115,0.929450511932373,0.999997615814209,-0.1609290899499747,2.329914178879921,-0.0571083836257457,0.96707284450531,0.9999908208847046,-0.3019149475981652,2.164630536823409,0.0126753626391291,0.8790420889854431,0.9999936819076538,False,False,False,False,False,False,False,False,False,False,False,False
383,7.66,0.1757956118937819,0.0202536944863529,-0.1930833309888839,0.9999948740005492,0.999997615814209,-0.1757956118937819,-0.0202536944863529,-0.0249985419213771,0.9999428391456604,0.9999890327453612,0.1011729644907408,0.7501498690063169,-0.2107478529214859,0.9949893951416016,0.9999598264694214,,,,0.437195748090744,0.9999473094940186,-0.03062220576212,1.3696001262161326,-0.2150521874427795,0.9897351264953612,0.9999889135360718,,,,0.4389227032661438,0.9999756813049316,0.1283203731817644,1.028277453178649,-0.0480325818061828,0.9999932646751404,0.9999997615814208,-0.0980325565278444,0.971493195711453,0.0479930229485034,0.9999908208847046,0.9999997615814208,-0.2244405445968006,1.5208147992187115,-0.1671283394098281,0.9860059022903442,0.999997615814209,-0.4266308557443063,1.315141453718483,-0.0860955268144607,0.9306604862213136,0.999997854232788,-0.1582942826169347,2.341579766802031,-0.0390765108168125,0.9677870869636536,0.9999898672103882,-0.2992103499229578,2.174423950188561,0.0137229096144437,0.8813952207565308,0.9999954700469972,False,False,False,False,False,False,False,False,False,False,False,False
384,7.68,0.1763650489556221,0.022500557827318,-0.1973864138126373,0.999994933605194,0.9999980926513672,-0.1763650489556221,-0.022500557827318,-0.027646392583847,0.9999430775642396,0.9999871253967284,0.1008863941315399,0.7607188395930616,-0.2156154811382293,0.9950376152992249,0.9999724626541138,,,,0.4269607663154602,0.9999405145645142,-0.0244270952267813,1.386355862759884,-0.2201105505228042,0.9897709488868712,0.999992609024048,,,,0.4246474802494049,0.9999614953994752,0.1358694256295809,1.0295278653272395,-0.048025969415903,0.9999931454658508,0.9999997615814208,-0.0925816346353311,0.9700036215843412,0.0479864887893199,0.9999906420707704,0.9999997615814208,-0.2195965661354576,1.5262319391360972,-0.1703323274850845,0.9851468205451964,0.9999972581863404,-0.4231698922613434,1.3199572457198432,-0.0858943238854408,0.9271512031555176,0.999996542930603,-0.1530833836804127,2.3528368780809448,-0.0436449982225894,0.9654169678688048,0.9999850988388062,-0.2946902721971888,2.189026270502927,0.0143559081479907,0.8755731582641602,0.9999905824661256,False,False,False,False,False,False,False,False,False,False,False,False
385,7.7,0.175362509189695,0.0242953051779703,-0.1971823722124099,0.9999949932098388,0.9999982118606568,-0.1753625091896954,-0.0242953051779703,-0.0259771067649126,0.9999430179595948,0.99998676776886,0.1036777452630824,0.7635570904918657,-0.2168685048818588,0.9951333999633788,0.999974250793457,,,,0.4155367016792297,0.9999334812164308,-0.0169599096653589,1.3963583201403822,-0.2217743396759033,0.989820122718811,0.999991774559021,,,,0.4058851599693298,0.9999470710754396,0.1449579372192648,1.029406729129763,-0.0481191053986549,0.9999932050704956,0.9999997615814208,-0.0855425611794171,0.9697105293345932,0.0480792857706546,0.9999906420707704,0.9999997615814208,-0.2133997268175931,1.526727148244025,-0.1863370686769485,0.9852126836776732,0.9999977350234984,-0.4176632307877656,1.320894586544798,-0.0859430581331253,0.9256045818328856,0.999996781349182,-0.1465713236981575,2.3573538622605383,-0.0554789267480373,0.9642798900604248,0.999985694885254,-0.2880344902892937,2.19070296499976,0.0136821568012237,0.8716948628425598,0.9999897480010986,False,False,False,False,False,False,False,False,False,False,False,False
386,7.72,0.1754740733666919,0.0257817734525392,-0.1957712322473526,0.9999950528144836,0.9999982118606568,-0.1754740733666924,-0.0257817734525392,-0.0251969341188669,0.9999434947967528,0.9999880790710448,0.1104722158826362,0.7714276108294814,-0.2144977450370788,0.995181143283844,0.9999737739562988,,,,0.4095101356506347,0.99994158744812,-0.0068854082643961,1.4160088419488297,-0.2197248190641403,0.9898999333381652,0.9999927282333374,,,,0.3961634635925293,0.9999642372131348,0.1561896336714299,1.0299058302844584,-0.0480026602745056,0.9999933242797852,0.9999997615814208,-0.075994585670401,0.968485711500112,0.0479633100330829,0.9999907612800598,0.9999997615814208,-0.2038787732633812,1.5317725199429706,-0.185420349240303,0.9853126406669616,0.9999983310699464,-0.4100157123595259,1.3329475428637247,-0.0851110070943832,0.9255613088607788,0.9999977350234984,-0.1373762252093639,2.366658065122615,-0.0515467599034309,0.9642974734306335,0.9999897480010986,-0.2796883190331874,2.1989618921647174,0.0175137985497713,0.8709643483161926,0.9999923706054688,False,False,False,False,False,False,False,False,False,False,False,False
387,7.74,0.1751599600948318,0.0267425346475433,-0.1958373188972473,0.9999951124191284,0.9999984502792358,-0.1751599600948318,-0.0267425346475433,-0.024948114529252,0.9999424815177916,0.999985933303833,0.1156385300979589,0.77458799036114,-0.2144060879945755,0.9953255653381348,0.9999778270721436,,,,0.3975913226604461,0.999930739402771,0.0012185391032055,1.4253222413999918,-0.2193885296583175,0.990214705467224,0.9999939203262328,,,,0.3803048729896545,0.999953269958496,0.1672357571735655,1.029553669234169,-0.047961201518774,0.9999932646751404,0.9999997615814208,-0.0677785204568405,0.967971864536219,0.0479211173951625,0.9999905228614808,0.9999997615814208,-0.1964324411833513,1.535508585748696,-0.1820732802152633,0.9852380752563475,0.9999977350234984,-0.4039642064647997,1.336465281992576,-0.0834745168685913,0.923028290271759,0.9999966621398926,-0.1299598641475698,2.3755614997207752,-0.0556129552423954,0.9642828106880188,0.9999849796295166,-0.2701875732965696,2.206507436835813,0.0155619289726018,0.8675552010536194,0.9999889135360718,False,False,False,False,False,False,False,False,False,False,False,False
388,7.76,0.1746065113473363,0.0278214172568813,-0.2003842443227768,0.9999950528144836,0.9999979734420776,-0.1746065113473363,-0.0278214172568813,-0.0303959753364324,0.9999411702156068,0.9999852180480956,0.1226887277922393,0.7786206012535292,-0.2183308452367782,0.9954143166542052,0.9999736547470092,,,,0.3822667598724365,0.9999163150787354,0.0111153218711437,1.4365026914379069,-0.2228609770536422,0.9901448488235474,0.99998939037323,,,,0.3592076301574707,0.9999221563339232,0.1826421350068219,1.0290279717727535,-0.047856867313385,0.9999933242797852,0.9999997615814208,-0.0573697126004124,0.9670448776454308,0.0478160269558429,0.9999905228614808,0.9999997615814208,-0.1872954799911728,1.5368575555863555,-0.18193881213665,0.9854124188423156,0.9999977350234984,-0.394669286088205,1.3488890909718876,-0.0825807750225067,0.9224739074707032,0.9999966621398926,-0.1218186662331101,2.378643255856985,-0.0514921136200428,0.9635533690452576,0.9999845027923584,-0.2608686618640306,2.2108775749729763,0.0172495748847723,0.8655298352241516,0.999986171722412,False,False,False,False,False,False,False,False,False,False,False,False
389,7.78,0.17484889819616,0.0287915789867517,-0.203329399228096,0.9999950528144836,0.9999983310699464,-0.1748488981961604,-0.0287915789867517,-0.0288439225405454,0.999940812587738,0.9999897480010986,0.1292214718979573,0.7871360817753211,-0.220951572060585,0.9956448674201964,0.9999781847000122,,,,0.3722867667675018,0.9999436140060424,0.0192648724641842,1.4556916973747651,-0.2265069186687469,0.9906667470932008,0.9999934434890748,,,,0.3507448136806488,0.9999674558639526,0.1990977772284622,1.028523444341729,-0.0487300083041191,0.9999930262565612,0.9999996423721312,-0.0463486867949169,0.9656349534220304,0.0486948899924755,0.9999899864196776,0.9999996423721312,-0.1812023343498178,1.5191207888962075,-0.1828508824110031,0.986042320728302,0.9999982118606568,-0.3880944597950042,1.352062331514463,-0.080621600151062,0.9225563406944276,0.9999974966049194,-0.116544020031553,2.382566139285029,-0.0522343292832374,0.9647799134254456,0.9999855756759644,-0.2523326859741638,2.21720579297713,0.0187658481299877,0.865891695022583,0.9999891519546508,False,False,False,False,False,False,False,False,False,False,False,False
390,7.8,0.1747393339967971,0.0304544107126165,-0.2032949775457382,0.9999952912330629,0.9999992847442628,-0.1747393339967971,-0.0304544107126165,-0.0277710352092981,0.9999423027038574,0.9999943971633912,0.1375979697282533,0.7981547024238194,-0.219057947397232,0.9959521889686584,0.9999902248382568,,,,0.3665226399898529,0.999964952468872,0.0274991482243465,1.4763332646331817,-0.2260189354419708,0.9913778305053712,0.9999972581863404,,,,0.3450969457626343,0.9999791383743286,0.2196991050861961,1.0275459814252723,-0.0491283424198627,0.999992847442627,0.9999996423721312,-0.0282584616071671,0.9632705545780668,0.0491018816828727,0.9999895691871644,0.9999996423721312,-0.1783582729249102,1.4950526639484325,-0.182719811797142,0.986838698387146,0.9999986886978148,-0.3791266985328315,1.3584858848133274,-0.075860247015953,0.923244059085846,0.9999980926513672,-0.1068042618080224,2.384412861157959,-0.0508009083569049,0.9660006761550904,0.9999899864196776,-0.2425421103418393,2.2256721884383954,0.0193014573305845,0.866584837436676,0.9999901056289672,False,False,False,False,False,False,False,False,False,False,False,False
391,7.82,0.1750270525418736,0.0313111254962891,-0.2084736824035644,0.9999953508377076,0.9999988079071044,-0.1750270525418736,-0.0313111254962891,-0.0312276147305965,0.9999405145645142,0.99998939037323,0.1453107578838418,0.81145025564924,-0.2212391048669815,0.9961957335472108,0.9999852180480956,,,,0.3507048785686493,0.9999487400054932,0.0326432865110326,1.4981852971363012,-0.2239311784505844,0.9919314980506896,0.9999951124191284,,,,0.3320547044277191,0.999969720840454,0.2301779611627118,1.028648704498323,-0.0491791367530822,0.9999925494194032,0.9999995231628418,-0.0174186555555758,0.960002465988238,0.0491558946669101,0.9999887943267822,0.9999995231628418,-0.1663285241865378,1.5070296757561523,-0.1665305495262146,0.9873730540275574,0.9999980926513672,-0.3698163514342634,1.368430120250805,-0.0638243332505226,0.9225606322288512,0.99999737739563,-0.0977199094708023,2.388077680319488,-0.0296207088977098,0.9667432904243468,0.9999840259552002,-0.2318947209641386,2.2299583429160985,0.0331798382103443,0.8647404313087463,0.9999879598617554,False,False,False,False,False,False,False,False,False,False,False,False
392,7.84,0.1761081950456593,0.0321735303556591,-0.2133806049823761,0.9999954700469972,0.999998927116394,-0.1761081950456597,-0.0321735303556591,-0.0334698408842086,0.999941885471344,0.999993085861206,0.1525235945761618,0.8298940200580379,-0.2272375226020813,0.996420443058014,0.9999855756759644,,,,0.3525134623050689,0.9999637603759766,0.0420060293626677,1.517425315185858,-0.2281684875488281,0.992517590522766,0.999996304512024,,,,0.3447873890399933,0.9999865293502808,0.2429712025497334,1.029331637391226,-0.0497355870902538,0.9999920129776,0.9999994039535522,-0.0064485482285933,0.9566333758939736,0.049714270979166,0.999987781047821,0.9999994039535522,-0.1614423003964331,1.507533442457758,-0.1696909219026565,0.9877908825874328,0.9999982118606568,-0.3614724838612231,1.3786542905039094,-0.0647939518094062,0.9230729937553406,0.999997854232788,-0.0886419207832205,2.3980877313387534,-0.0362417474389076,0.9675585627555848,0.999987244606018,-0.2226536791433672,2.241423551641037,0.0347038246691226,0.8655679225921631,0.9999899864196776,False,False,False,False,False,False,False,False,False,False,False,False
393,7.86,0.1741982706290185,0.0321279154100264,-0.2153703868389129,0.9999956488609314,0.9999992847442628,-0.1741982706290185,-0.0321279154100264,-0.0349301174283027,0.999943733215332,0.9999957084655762,0.1571368998778647,0.8447720131371913,-0.2269879728555679,0.9966528415679932,0.9999895095825196,,,,0.3528183400630951,0.9999760389328004,0.049759320269766,1.5320954201552104,-0.2267707735300064,0.993097960948944,0.99999737739563,,,,0.3585644364356994,0.999990940093994,0.2528252021491672,1.0295982113231386,-0.0505157522857189,0.9999912977218628,0.9999994039535522,0.0047079725893513,0.9537516478568044,0.0504966005682945,0.9999865293502808,0.9999994039535522,-0.1530064695639956,1.5051880270403208,-0.1594529449939727,0.9880529046058656,0.9999979734420776,-0.3525287312985229,1.38461015150753,-0.0464802607893943,0.9201942682266236,0.999997615814209,-0.0795294366441147,2.3978748150080325,-0.0275850314646959,0.9677032232284546,0.9999840259552002,-0.212808080372773,2.244794084980827,0.0466850772500038,0.8617176413536072,0.999988317489624,False,False,False,False,False,False,False,False,False,False,False,False
394,7.88,0.1756364664403422,0.0322095863791307,-0.2204809188842773,0.999995768070221,0.9999990463256836,-0.1756364664403427,-0.0322095863791307,-0.0422319807112216,0.9999433159828186,0.999992609024048,0.1671697330416966,0.8558593529666746,-0.2279893308877945,0.9968555569648744,0.9999871253967284,,,,0.3407046496868133,0.9999630451202391,0.0618720096123789,1.5489516931811371,-0.2253749966621399,0.9935778379440308,0.999996304512024,,,,0.3555861711502075,0.9999849796295166,0.267833412422901,1.029460028414667,-0.0504877492785453,0.9999908804893494,0.9999995231628418,0.0177303274750216,0.950048332379879,0.0504696853458881,0.9999853372573853,0.9999994039535522,-0.1424060279730297,1.5143988302409273,-0.1431901901960373,0.9884753227233888,0.9999980926513672,-0.3418948595617974,1.4019537230301735,-0.0344182923436164,0.9159549474716188,0.999997615814209,-0.0655079081989243,2.4100181959905647,-0.0098161827772855,0.9686879515647888,0.9999862909317015,-0.1993783733113856,2.25442056406432,0.0655091032385826,0.8568275570869446,0.9999897480010986,False,False,False,False,False,False,False,False,False,False,False,False
395,7.9,0.1780044862000562,0.0341014877778992,-0.2306246757507324,0.9999959468841552,0.9999992847442628,-0.1780044862000566,-0.0341014877778992,-0.0534668341279029,0.9999448657035828,0.999995231628418,0.1761418059598271,0.8707784653581885,-0.2369344681501388,0.9970656037330629,0.9999878406524658,,,,0.3371079564094543,0.9999741315841676,0.0728034828958938,1.5816152687347644,-0.2330380231142044,0.9940687417984008,0.999996781349182,,,,0.3663983941078186,0.999990701675415,0.2816830973595559,1.031161491107318,-0.0507592968642711,0.9999904036521912,0.9999995231628418,0.028517899199905,0.9446359027905272,0.0507433861494064,0.999984323978424,0.9999995231628418,-0.1253536873683616,1.549803385582904,-0.1362931281328201,0.9884668588638306,0.999997615814209,-0.3360088644692864,1.4270383183701008,-0.0309703536331653,0.9094730615615844,0.9999974966049194,-0.0541360095684612,2.44837140366205,-0.0077187218703329,0.9690431356430054,0.9999827146530152,-0.1890376177625298,2.288125070726416,0.070700854063034,0.84864342212677,0.9999905824661256,False,False,False,False,False,False,False,False,False,False,False,False
396,7.92,0.178551900980373,0.0318824775910036,-0.2254587858915329,0.9999960660934448,0.9999991655349731,-0.178551900980373,-0.0318824775910036,-0.04656732827425,0.9999443292617798,0.9999922513961792,0.182467808322678,0.882214109664334,-0.2334441095590591,0.9972476363182068,0.9999880790710448,,,,0.3254124224185943,0.9999595880508424,0.0816961935115993,1.6015675023042075,-0.2301535010337829,0.9945130348205566,0.9999966621398926,,,,0.3621667921543121,0.9999847412109376,0.2905599606414978,1.032740325489756,-0.0510371699929237,0.9999896287918092,0.9999992847442628,0.0333462694893563,0.9408565822100962,0.051023781299591,0.9999825358390808,0.9999991655349731,-0.1141033007223629,1.5576986581160792,-0.1480969041585922,0.9886271357536316,0.99999737739563,-0.3293330270791625,1.4328236989421108,-0.0362878777086734,0.90592622756958,0.999996542930603,-0.0448611734665955,2.4721001666127025,-0.019266128540039,0.9694324731826782,0.9999792575836182,-0.1789684971985624,2.3016758976198903,0.0661704316735267,0.8429535627365112,0.9999854564666748,False,False,False,False,False,False,False,False,False,False,False,False
397,7.94,0.1789168089597352,0.0311844330777403,-0.2278538644313812,0.9999962449073792,0.9999994039535522,-0.1789168089597356,-0.0311844330777403,-0.0501789860427379,0.9999457001686096,0.9999954700469972,0.1911638022818195,0.8959970280527597,-0.2354769110679626,0.997463583946228,0.9999908208847046,,,,0.3266769647598266,0.9999706745147704,0.0963656043010865,1.6168077961653713,-0.2330048233270645,0.9949778318405152,0.9999977350234984,,,,0.3713421523571014,0.9999886751174928,0.3034662085579629,1.0315385200996243,-0.0512203983962535,0.9999892711639404,0.9999994039535522,0.0466286913390549,0.9375814765146238,0.0512072890996933,0.9999815821647644,0.9999994039535522,-0.0991252152420738,1.5624864941648828,-0.1513096392154693,0.9892025589942932,0.9999980926513672,-0.3171115478766652,1.4353950908533346,-0.0420281700789928,0.9048810601234436,0.999997615814209,-0.0305872329731137,2.485582208827946,-0.0237566269934177,0.9710158705711364,0.9999866485595704,-0.163851411712508,2.311414945961746,0.0565012507140636,0.8423625826835632,0.9999910593032836,False,False,False,False,False,False,False,False,False,False,False,False
398,7.96,0.1793642468323258,0.0332071610787282,-0.2410704344511032,0.9999962449073792,0.9999990463256836,-0.1793642468323258,-0.0332071610787282,-0.0727732554078102,0.9999456405639648,0.9999929666519164,0.2026607492874537,0.907642201118087,-0.2508736848831177,0.997654378414154,0.9999849796295166,,,,0.3228797614574432,0.9999550580978394,0.1117230409136698,1.6334686051412588,-0.2572795450687408,0.9953924417495728,0.9999947547912598,,,,0.3842658698558807,0.9999871253967284,0.3134971326395661,1.0326202675345302,-0.0510825738310813,0.9999884366989136,0.9999992847442628,0.0542758101498148,0.9332747099635148,0.0510651059448719,0.9999794960021972,0.9999991655349731,-0.0852625087105335,1.5908883477616085,-0.1414892524480819,0.9893820881843568,0.999996781349182,-0.3031688900851961,1.453483771924503,-0.0385984815657138,0.9034858345985411,0.999996542930603,-0.0110816181651626,2.5074932057536783,-0.0213991459459066,0.9720386266708374,0.9999748468399048,-0.1447976591282364,2.329373827123228,0.0664378851652145,0.8408318161964417,0.9999879598617554,False,False,False,False,False,False,False,False,False,False,False,False
399,7.98,0.1828760267655482,0.0309491924142737,-0.2346480786800384,0.9999961853027344,0.9999986886978148,-0.1828760267655482,-0.0309491924142737,-0.0614907667040824,0.9999439120292664,0.9999889135360718,0.2063945423449067,0.9184843516999152,-0.2449034303426742,0.9977732300758362,0.9999850988388062,,,,0.3122519552707672,0.9999433755874634,0.1234052827730844,1.6523699108506966,-0.2478787451982498,0.9956530332565308,0.9999943971633912,,,,0.3704017698764801,0.9999674558639526,0.3155440158608849,1.0328352741676738,-0.0510440096259117,0.9999873638153076,0.999998927116394,0.0556429136254618,0.9324179571942536,0.0510267056524753,0.99997740983963,0.9999988079071044,-0.0754665777318162,1.6001368939253866,-0.1478330343961715,0.9886189103126526,0.9999946355819702,-0.29642907586932,1.4593019396278075,-0.0441903583705425,0.8934927582740784,0.999993085861206,-0.001331651389474,2.525001500944604,-0.0255336947739124,0.9694226980209352,0.9999507665634156,-0.1351588290509767,2.348383180321536,0.0598194450139999,0.8236895203590393,0.9999665021896362,False,False,False,False,False,False,False,False,False,False,False,False
400,8.0,0.184899171155965,0.0360372401587235,-0.2431891858577728,0.9999961853027344,0.9999990463256836,-0.1848991711559655,-0.0360372401587235,-0.0735463351011276,0.9999422430992126,0.9999911785125732,0.2173510595981733,0.932576413547506,-0.2525531649589538,0.9979283213615416,0.9999855756759644,,,,0.299922227859497,0.9999489784240724,0.1380042525024778,1.670263780739533,-0.2574454247951507,0.995976448059082,0.9999951124191284,,,,0.3609145581722259,0.9999778270721436,0.3228160676301642,1.03159159310762,-0.0510091930627822,0.9999868869781494,0.9999992847442628,0.0635739127633719,0.93072917145955,0.0509920604526996,0.9999759197235109,0.9999992847442628,-0.0607372197304714,1.6107380314298891,-0.1467647850513458,0.988769233226776,0.9999971389770508,-0.286104258714389,1.471622680332772,-0.0400407202541828,0.8873432874679565,0.999996542930603,0.0138220264687017,2.547369366633884,-0.0274856034666299,0.9704504609107972,0.9999828338623048,-0.1197480941112637,2.3625695660888835,0.0618162229657173,0.8185410499572754,0.9999901056289672,False,False,False,False,False,False,False,False,False,False,False,False
401,8.02,0.1811845331256072,0.0369620290187161,-0.2458335012197494,0.9999961256980896,0.999998927116394,-0.1811845331256077,-0.0369620290187161,-0.0749044120311737,0.9999421238899232,0.9999927282333374,0.2241036189588028,0.9422175396294918,-0.2582210600376129,0.9980533123016356,0.9999841451644896,,,,0.294699490070343,0.9999533891677856,0.1484405396313458,1.6791611374694582,-0.2693637609481811,0.9962587952613832,0.9999946355819702,,,,0.3654131889343261,0.9999837875366212,0.3307782347404298,1.0315155759530403,-0.0509812049567699,0.9999859929084778,0.9999991655349731,0.0670640381503956,0.9285154253071596,0.0509623102843761,0.999974012374878,0.9999991655349731,-0.0497498190666835,1.6200823831273594,-0.1496241092681884,0.9887333512306212,0.9999966621398926,-0.2781599646884656,1.4776785549587224,-0.0433011315762996,0.8850159049034119,0.9999964237213136,0.0271614776327076,2.5622208992865003,-0.0285627823323011,0.9707249402999878,0.999974250793457,-0.1082198654630439,2.375171082609904,0.0580536909401416,0.8149643540382385,0.9999878406524658,False,False,False,False,False,False,False,False,False,False,False,False
402,8.04,0.1806043670918325,0.0376419621401999,-0.2434084862470626,0.9999961853027344,0.9999991655349731,-0.1806043670918325,-0.0376419621401999,-0.0718775913119316,0.999943196773529,0.9999948740005492,0.2339162771410861,0.9429481951912446,-0.2540775239467621,0.9981908798217772,0.9999862909317015,,,,0.2944845259189605,0.9999665021896362,0.1617828787723505,1.6922742287754424,-0.2615144848823547,0.9965525269508362,0.9999957084655762,,,,0.3788799941539764,0.9999891519546508,0.341224376655925,1.031111181280879,-0.0509564280509948,0.9999857544898988,0.9999992847442628,0.075088886893017,0.9250798284605596,0.0509365797042846,0.999973475933075,0.9999994039535522,-0.033725743286392,1.6472604113664908,-0.1436090022325515,0.9891545176506042,0.999996781349182,-0.2674994833511334,1.480864860338832,-0.0422226935625076,0.8861486315727234,0.9999971389770508,0.0415363692705819,2.5744387305204257,-0.0247092079371213,0.9720986485481262,0.9999786615371704,-0.0944536393006318,2.3823611432815994,0.0602444671094417,0.8167871236801147,0.9999899864196776,False,False,False,False,False,False,False,False,False,False,False,False
403,8.06,0.1853308132646047,0.0430070199241051,-0.2514018714427948,0.9999961853027344,0.9999990463256836,-0.1853308132646051,-0.0430070199241051,-0.0800493732094764,0.99994558095932,0.9999964237213136,0.243818666850308,0.954603120261746,-0.2600602209568023,0.9983306527137756,0.9999849796295166,,,,0.3082297444343567,0.9999713897705078,0.1732308806379359,1.6974841994759695,-0.2674804329872131,0.9968514442443848,0.9999949932098388,,,,0.4196049571037292,0.9999953508377076,0.3507082913174812,1.029721558705899,-0.051031868904829,0.9999852180480956,0.9999990463256836,0.0826917995886304,0.9227549100902231,0.0510082989931106,0.9999725222587584,0.9999991655349731,-0.0193585659590539,1.6506882035579815,-0.142806127667427,0.9897669553756714,0.9999964237213136,-0.2560139869986326,1.486523728320594,-0.0401642955839633,0.8913513422012329,0.9999971389770508,0.0577466874415041,2.585585384051865,-0.0211254954338073,0.9738743901252748,0.9999735355377196,-0.0796263915063419,2.38859586920996,0.0722018927335739,0.8233221769332886,0.9999895095825196,False,False,False,False,False,False,False,False,False,False,False,False
404,8.08,0.1898559258237205,0.0463511646371434,-0.2613555490970611,0.9999961853027344,0.999998927116394,-0.189855925823721,-0.0463511646371434,-0.0826599970459938,0.9999474883079528,0.9999958276748656,0.2510720042721605,0.95473131618914,-0.2711804211139679,0.9984477162361144,0.9999825954437256,,,,0.3207284212112427,0.999969482421875,0.1853367793112429,1.702182707146033,-0.2806425094604492,0.9971096515655518,0.9999946355819702,,,,0.4539703130722046,0.9999947547912598,0.361580936641098,1.0274830299986908,-0.0524419471621513,0.9999834895133972,0.9999982118606568,0.0944895601916593,0.9198227246065592,0.0524074621498584,0.9999694228172302,0.9999984502792358,-0.0080653572898775,1.6534666349935907,-0.1458527445793151,0.9900557994842528,0.9999939203262328,-0.2420401028891388,1.4957618185896129,-0.0253994334489107,0.8898470997810364,0.9999946355819702,0.0736809307138049,2.592200949752219,-0.0204521808773279,0.974567413330078,0.9999599456787108,-0.0648162346837563,2.392803708683397,0.0964974835515022,0.821080207824707,0.9999815225601196,False,False,False,False,False,False,False,False,False,False,False,False
405,8.1,0.1951260070174591,0.0490611815174919,-0.267376035451889,0.9999960660934448,0.9999986886978148,-0.1951260070174591,-0.0490611815174919,-0.0875555053353309,0.9999459981918336,0.9999920129776,0.2619894246159963,0.9584126947898404,-0.2770072817802429,0.9985329508781432,0.9999845027923584,,,,0.3122105300426483,0.9999432563781738,0.1974784224419363,1.7077044869592604,-0.2859858870506286,0.9973043203353882,0.9999939203262328,,,,0.4466906189918518,0.9999785423278807,0.3775647287950067,1.0240744967417048,-0.0529032871127128,0.9999819993972778,0.9999983310699464,0.106880401040688,0.9163669262799944,0.0528601296246051,0.9999659657478333,0.9999983310699464,0.0049440247367585,1.658102039444581,-0.1514262408018112,0.9899232387542723,0.9999936819076538,-0.2319082267666022,1.5023714197359446,-0.0321741439402103,0.884532630443573,0.999992847442627,0.0876442848618299,2.600495159896603,-0.021906042471528,0.9742430448532104,0.9999504089355468,-0.0508438432607189,2.3980806687377814,0.088491067290306,0.8128798604011536,0.9999747276306152,False,False,False,False,False,False,False,False,False,False,False,False
406,8.12,0.1901832420749698,0.0497464421317432,-0.2647447288036346,0.9999960064888,0.9999988079071044,-0.1901832420749703,-0.0497464421317432,-0.0821552649140358,0.99994695186615,0.9999951124191284,0.2710114981933956,0.9553452964260334,-0.2722827196121216,0.9986302852630616,0.9999823570251464,,,,0.3199488222599029,0.999966025352478,0.2066640989826589,1.7031315476953324,-0.2779479026794433,0.9975138902664183,0.999994158744812,,,,0.472188651561737,0.9999922513961792,0.3921584898275511,1.0201291421663623,-0.0541697293519973,0.9999811053276062,0.9999980926513672,0.1191537490521815,0.9134064262605016,0.054129060357809,0.9999642372131348,0.9999984502792358,0.0197390764170884,1.6616255340174335,-0.1413160264492035,0.9905036687850952,0.999994158744812,-0.2170413716968395,1.5082615058428328,-0.006675586104393,0.8846655488014221,0.9999945163726808,0.102385175924632,2.6105931209032285,-0.003717960556969,0.9756113886833192,0.9999594688415528,-0.0381277841944399,2.396922542174362,0.1232847869396209,0.8148016333580017,0.9999791383743286,False,False,False,False,False,False,False,False,False,False,False,False
407,8.14,0.1885083356766781,0.0500674190612596,-0.2684506773948669,0.9999958276748656,0.9999980926513672,-0.1885083356766786,-0.0500674190612596,-0.0862657725811004,0.9999475479125975,0.9999942779541016,0.281804732274553,0.9573947083844496,-0.2774389088153839,0.9986968636512756,0.9999759197235109,,,,0.3267157077789306,0.9999659061431884,0.2152859561135398,1.7092023854418306,-0.2854705452919006,0.9976788759231568,0.9999921321868896,,,,0.4980169832706451,0.9999934434890748,0.4076273109922103,1.016289999424461,-0.0548887848854064,0.9999784231185912,0.9999970197677612,0.1307751361101187,0.909877907315298,0.0548510663211345,0.9999600648880004,0.9999977350234984,0.0195901130424177,1.6741070166246388,-0.1326716244220733,0.9903785586357116,0.9999908208847046,-0.2032387348531419,1.535060940745471,-0.003307401202619,0.8750137090682983,0.999993085861206,0.1161827127299924,2.63084820974195,0.0079168621450662,0.975261092185974,0.9999403953552246,-0.0276914844262484,2.4221942472559177,0.1290496438741684,0.8061047196388245,0.9999712705612184,False,False,False,False,False,False,False,False,False,False,False,False
408,8.16,0.1861705341201832,0.0495508842499981,-0.2742144465446472,0.9999958276748656,0.9999986886978148,-0.1861705341201832,-0.0495508842499981,-0.0939676761627197,0.9999494552612304,0.9999966621398926,0.2890654465263652,0.959299180815674,-0.2841220200061798,0.9987837672233582,0.999980926513672,,,,0.3382275402545929,0.999977707862854,0.2179997341719108,1.7114869109250384,-0.2939963936805725,0.997853696346283,0.999992847442627,,,,0.5266518592834473,0.9999953508377076,0.4189298034955779,1.0141862266006796,-0.0556597262620925,0.9999772310256958,0.999997854232788,0.140047083597498,0.9061118855932928,0.055627055466175,0.9999582767486572,0.9999985694885254,0.028389869105017,1.710203563041328,-0.1077409833669662,0.990536332130432,0.999992609024048,-0.1905373309094949,1.5563073401594636,0.0217919815331697,0.864327073097229,0.9999946355819702,0.1279320933579272,2.647246149986629,0.0300018861889839,0.9757645726203918,0.9999505281448364,-0.0181287760098309,2.43583669945535,0.1527749896049499,0.7972419261932373,0.9999786615371704,False,False,False,False,False,False,False,False,False,False,False,False
409,8.18,0.1858875442420429,0.0516486213689139,-0.264921098947525,0.9999958872795104,0.999998927116394,-0.1858875442420429,-0.0516486213689139,-0.0880255177617073,0.99995219707489,0.9999982118606568,0.2916695002203122,0.9681866784639154,-0.2734252214431762,0.998851716518402,0.99998140335083,,,,0.351320207118988,0.999987006187439,0.224486476654613,1.7228842346075737,-0.2801984846591949,0.9979930520057678,0.9999924898147584,,,,0.5550988912582397,0.999996781349182,0.4314510147305945,1.0103768386433571,-0.0553822852671146,0.9999765157699584,0.9999979734420776,0.1509095062605055,0.9029595728616804,0.0553511939942836,0.999958038330078,0.999998927116394,0.0315321508456656,1.7279692049383468,-0.0942520201206207,0.9907473921775818,0.999990940093994,-0.1811650797286067,1.5935989940646105,0.0285805407911539,0.8527068495750427,0.9999947547912598,0.1378686652566308,2.666039014600809,0.0395007580518722,0.9760196208953856,0.9999457597732544,-0.0093206673414611,2.4585488040546046,0.1522289812564849,0.7834625244140625,0.999971866607666,False,False,False,False,False,False,False,False,False,False,False,False
410,8.2,0.1865206299382452,0.0505217786192729,-0.2592221796512604,0.9999958872795104,0.9999983310699464,-0.1865206299382452,-0.0505217786192729,-0.082602746784687,0.9999554753303528,0.9999986886978148,0.2985726712834945,0.9559072886577236,-0.2714954018592834,0.9989082217216492,0.9999716281890868,,,,0.3839158713817596,0.9999918937683104,0.2303581075856137,1.7303540671897877,-0.2738949358463287,0.9981167912483216,0.9999896287918092,,,,0.5948998928070068,0.999998927116394,0.4443618055275868,1.0012814292581422,-0.0552302971482276,0.9999741911888124,0.9999958276748656,0.1645219491112231,0.9037804000106472,0.0552035048604011,0.9999569058418274,0.9999982118606568,0.0361998813480787,1.7333479735893038,-0.0905333533883094,0.9907344579696656,0.9999805688858032,-0.1659431402816742,1.6074241659262956,0.030182996764779,0.8378294110298157,0.9999918937683104,0.1504458865627117,2.662724967073931,0.0452424250543117,0.9746997952461244,0.9998655319213868,0.0031378542551998,2.476134583819048,0.15291228890419,0.7620198726654053,0.999937891960144,False,False,False,False,False,False,False,False,False,False,False,False
411,8.22,0.1867703662684118,0.0496367794980477,-0.2583659291267395,0.9999958276748656,0.9999982118606568,-0.1867703662684123,-0.0496367794980477,-0.079963281750679,0.999958336353302,0.9999986886978148,0.3029147947132813,0.9493982873699603,-0.2655850052833557,0.9989558458328248,0.9999725818634032,,,,0.4111895263195038,0.9999911785125732,0.2348105712363315,1.7277093949134192,-0.2671658396720886,0.9982259273529052,0.9999890327453612,-0.2280114824362622,1.291330379445288,-0.0138158714398741,0.6305249929428101,0.9999988079071044,0.4530401103083392,0.9939074163988928,-0.0551036335527896,0.999972403049469,0.999996542930603,0.1752600568913246,0.9048392491404768,0.0550743490457534,0.999955952167511,0.9999984502792358,0.0258446476853549,1.728833911588335,-0.0943421572446823,0.9907678365707396,0.999982476234436,-0.1554494835413434,1.6150757667948132,0.0236610788851976,0.8272759318351746,0.999992609024048,0.1619161042814919,2.6479144391735523,0.041130993515253,0.9735990166664124,0.9998890161514282,0.01618851709749,2.474482566696163,0.1416084617376327,0.7437536716461182,0.9999507665634156,False,False,False,False,False,False,False,False,False,False,False,False
412,8.24,0.1854175879741329,0.0394744218460109,-0.2557126581668854,0.9999959468841552,0.999998927116394,-0.1854175879741334,-0.0394744218460109,-0.0785623416304588,0.9999614357948304,0.9999991655349731,0.3051172510494169,0.9409866903803128,-0.2650779187679291,0.9990090131759644,0.9999760389328004,,,,0.4433106780052185,0.9999938011169434,0.2369450510065792,1.7240538855794632,-0.2645639181137085,0.9983351826667786,0.999991774559021,-0.2244589326255952,1.296892504983325,-0.0162015799432992,0.6640275120735168,0.9999991655349731,0.456160619517843,0.9867620262197606,-0.0549656562507152,0.9999722242355348,0.999997854232788,0.1821756665106749,0.908634181948684,0.0549379922449588,0.9999569654464722,0.9999990463256836,0.0367966809221338,1.7235566678051533,-0.0859028846025466,0.9911584854125975,0.99998939037323,-0.1408773431385699,1.6208583633637337,0.0438145287334919,0.8210886716842651,0.9999954700469972,0.1704163891795466,2.626739670161079,0.0521998330950737,0.9740181565284728,0.999941110610962,0.0269903559635793,2.473567860693852,0.1645620018243789,0.7372691631317139,0.9999691247940063,False,False,False,False,False,False,False,False,False,False,False,False
413,8.26,0.1821076729027697,0.0325696875359139,-0.2543093860149383,0.9999960660934448,0.9999990463256836,-0.1821076729027702,-0.0325696875359139,-0.0779472440481185,0.9999643564224244,0.9999992847442628,0.2975943355611559,0.9175391033417994,-0.2646394968032837,0.9990426898002625,0.9999773502349854,,,,0.4711141288280487,0.9999949932098388,0.2337040633591285,1.7107179091500702,-0.2617763578891754,0.9984098076820374,0.9999918937683104,-0.223753955573731,1.2950765280751904,-0.0155773423612117,0.6941611766815186,0.9999992847442628,0.4538873843230516,0.9859293811071468,-0.0551304332911968,0.9999725818634032,0.9999982118606568,0.1838981716339851,0.9096522142383489,0.0551088266074657,0.999958634376526,0.9999992847442628,0.0425079159536702,1.7171332731810849,-0.0776276290416717,0.9915348291397096,0.9999905824661256,-0.1298672690687805,1.6211307954735643,0.0499153360724449,0.818550169467926,0.9999961853027344,0.1748294118265305,2.6048243279392187,0.0663216412067413,0.9745004773139954,0.9999384880065918,0.0337783500052347,2.4567856704201283,0.1756909191608429,0.7320329546928406,0.9999715089797974,False,False,False,False,False,False,False,False,False,False,False,False
414,8.28,0.1817443418368221,0.0318949092973894,-0.255106657743454,0.9999961853027344,0.9999991655349731,-0.1817443418368226,-0.0318949092973894,-0.0770869925618171,0.999967098236084,0.9999994039535522,0.2910434898477161,0.9026832005587871,-0.2632794082164764,0.999090611934662,0.9999780654907228,,,,0.5009477138519287,0.9999955892562866,0.2345341017812265,1.6921371934367402,-0.2612506449222564,0.9985058307647704,0.9999929666519164,-0.2245506279179899,1.3006623664671138,-0.0149382324889302,0.7221577167510986,0.9999994039535522,0.4533378190759208,0.9837023526479444,-0.0553638227283954,0.9999727010726928,0.9999982118606568,0.185769095703297,0.9114341467845872,0.0553475841879844,0.9999600052833556,0.9999992847442628,0.0448388293710747,1.7191661237037297,-0.077386163175106,0.9920400977134703,0.9999912977218628,-0.1219326815514936,1.6319227070455171,0.0485752671957016,0.8203597664833069,0.999996542930603,0.1792427115548217,2.597699799008677,0.0651398822665214,0.9757515788078308,0.9999533891677856,0.0400745589221377,2.457124009629092,0.172178030014038,0.735346257686615,0.9999784231185912,False,False,False,False,False,False,False,False,False,False,False,False
415,8.3,0.1786813599052557,0.0325269522803885,-0.256802350282669,0.999996304512024,0.9999990463256836,-0.1786813599052557,-0.0325269522803885,-0.0773236379027366,0.9999695420265198,0.9999994039535522,0.2848412340659297,0.8883567370579164,-0.2625423669815063,0.9991337656974792,0.9999781847000122,,,,0.527532696723938,0.999995231628418,0.233351815327141,1.6697866238019503,-0.2618028521537781,0.9985928535461426,0.999992609024048,-0.2219022569846271,1.3017892423733806,-0.0160425379872322,0.747155487537384,0.9999992847442628,0.4503297395896162,0.982021692785778,-0.0555337145924568,0.9999727606773376,0.9999979734420776,0.1886216672667383,0.9131672423012452,0.0555202923715114,0.9999611377716064,0.9999991655349731,0.0458210820960363,1.7221835692353888,-0.076117530465126,0.9924396276474,0.9999903440475464,-0.1121438937418478,1.631564780954021,0.0535651370882988,0.8199941515922546,0.9999960660934448,0.1833089062029053,2.5874863122981124,0.0683057382702827,0.9766011834144592,0.999941110610962,0.0464151489715486,2.450372219244321,0.1786326617002487,0.7355158925056458,0.9999710321426392,False,False,False,False,False,False,False,False,False,False,False,False
416,8.32,0.1779255790558363,0.0304556257868659,-0.2599506080150604,0.9999964833259584,0.9999995231628418,-0.1779255790558363,-0.0304556257868659,-0.0767677649855613,0.9999719858169556,0.9999996423721312,0.2818326080721707,0.8806661496797275,-0.2626611292362213,0.999193549156189,0.9999850988388062,,,,0.5574578642845154,0.9999964237213136,0.2259638491902608,1.6441519213977367,-0.2617810666561126,0.998697817325592,0.9999953508377076,-0.2192263540167066,1.298673148402529,-0.0180504322052001,0.7704182863235474,0.9999994039535522,0.4464079472143749,0.9792994057458752,-0.0564356222748756,0.9999734163284302,0.9999983310699464,0.1898559476774395,0.9167934865083776,0.0564314648509025,0.9999627470970154,0.9999992847442628,0.0485983716424696,1.7233139063006473,-0.0728632286190986,0.993020474910736,0.9999933242797852,-0.1047073996163154,1.6315476331997645,0.0623702369630336,0.8274392485618591,0.9999971389770508,0.1854815439672377,2.57468326089981,0.0749832689762115,0.978233814239502,0.9999606609344482,0.050585875627428,2.440279791933369,0.192674309015274,0.746700644493103,0.999979853630066,False,False,False,False,False,False,False,False,False,False,False,False
417,8.34,0.1784664048102546,0.0357179328354961,-0.2788296937942505,0.9999966621398926,0.9999992847442628,-0.1784664048102546,-0.0357179328354961,-0.0794500261545181,0.9999738931655884,0.9999992847442628,0.2835736873586431,0.8744176452441452,-0.285071462392807,0.9992364645004272,0.9999828338623048,,,,0.579688549041748,0.9999940395355223,0.2230575633961259,1.6314677451602408,-0.2890885472297668,0.9987884163856506,0.9999959468841552,-0.2159616387273434,1.2937491513761696,-0.0304746571928262,0.7904640436172485,0.9999991655349731,0.4459206401707027,0.97327769396763,-0.0599895343184471,0.9999732971191406,0.9999977350234984,0.1930658189115384,0.9218994231139208,0.0599881224334239,0.9999632835388184,0.999998927116394,0.0557601956844755,1.7402532514115194,-0.0855063945055008,0.9933212399482728,0.9999920129776,-0.0976589640569477,1.6468832545822394,0.0547280758619308,0.8292275071144104,0.9999959468841552,0.1903017185471766,2.5868927503664363,0.0605232790112495,0.9792055487632751,0.9999393224716188,0.0564816432638534,2.4539175027538764,0.1878409534692764,0.7533002495765686,0.9999752044677734,False,False,False,False,False,False,False,False,False,False,False,False
418,8.36,1.6067615327779685,1.666495453330972,-0.2785833775997162,0.999996781349182,0.9999992847442628,-1.6067615327779636,-1.6664954533309706,-0.0777333155274391,0.9999753832817078,0.999998927116394,1.4547748026581737,1.6917716258333892,-0.287879079580307,0.999284327030182,0.9999841451644896,-0.0011508885561254342,0.4729485463925462,-0.0127772521227598,0.6019157767295837,0.9999918937683104,1.8886755444605825,1.6186274595801664,-0.2928211092948913,0.9988845586776732,0.9999969005584716,0.01393058731803598,1.0419929599379718,-0.0401289500296115,0.8086841106414795,0.9999990463256836,1.1576194675469529,-0.6125001187124378,-0.0625531822443008,0.9999722242355348,0.9999964237213136,0.9692129708653827,-0.9288697623191425,0.0625525712966919,0.999962329864502,0.9999980926513672,0.6975690917682559,0.717031042669112,-0.0918659791350364,0.9935623407363892,0.9999898672103882,0.6010984043102399,0.549144117526041,0.053562942892313,0.8290470242500305,0.9999940395355223,0.8443384530509274,0.5406040788245948,0.0492018796503543,0.9801289439201356,0.9999117851257324,0.7899528309224718,0.47920150388039795,0.1779772192239761,0.7592852115631104,0.9999614953994752,False,False,False,False,False,False,False,False,False,False,False,False
419,8.38,1.548002304309021,1.562027963653965,-0.2816224098205566,0.9999969601631165,0.9999995231628418,-1.5480023043090358,-1.5620279636539633,-0.0751769617199897,0.9999769926071168,0.9999992847442628,1.472654401165616,1.5124824647954673,-0.2903833985328674,0.9993319511413574,0.9999880790710448,0.01689942088590954,0.48537024185627786,-0.0127556174993515,0.6255670189857483,0.9999946355819702,1.8514167198594493,1.5304994735330888,-0.2962509393692016,0.9989768266677856,0.999997854232788,0.05336190857839089,1.022377934779242,-0.044024221599102,0.8259252905845642,0.9999994039535522,1.1705443770781205,-0.6693411148220934,-0.0648316219449043,0.9999712109565736,0.999996304512024,0.9935461408918851,-0.9316310807170287,0.0648316368460655,0.9999614953994752,0.9999982118606568,0.7308041828966337,0.7557301414048078,-0.0949789062142372,0.9938653111457824,0.999990940093994,0.6295851403988146,0.5900020019497716,0.0577411577105522,0.8280088901519775,0.9999948740005492,0.8734243140556297,0.5835397331739579,0.0442242100834846,0.9812085032463074,0.9999254941940308,0.8015705988834518,0.5219834572140464,0.1838380843400955,0.7651379704475403,0.9999653100967408,False,False,False,False,False,False,False,False,False,False,False,False
420,8.4,1.376718126876567,1.4686357390083722,-0.2784337699413299,0.9999970197677612,0.9999991655349731,-1.3767181268765858,-1.4686357390083706,-0.0611613914370536,0.9999781847000122,0.999998927116394,1.4189343029236734,1.2862489346541732,-0.2865071892738342,0.9993533492088318,0.9999876022338868,0.06423707043102451,0.295225218841419,0.0026587240863591,0.6415548324584961,0.9999939203262328,1.7931776493546583,1.4202445214162205,-0.2893301844596863,0.9990413188934326,0.9999974966049194,0.1270841706159517,0.9361959798991139,-0.0360376574099063,0.8405799865722656,0.9999994039535522,1.1417954210869392,-0.7010670321598814,-0.0669416189193725,0.9999697804450988,0.9999957084655762,0.9944531755410343,-0.8628763596487629,0.0669417455792427,0.9999601244926452,0.9999977350234984,0.7142515367891465,0.7309675516595675,-0.101592056453228,0.993840515613556,0.9999879598617554,0.6519269276754789,0.5805299791945688,0.0491820722818374,0.8256756067276001,0.999992847442627,0.8967518925295356,0.4900786886808808,0.0386962033808231,0.9813461303710938,0.9998993873596193,0.8161984141615645,0.47360973429018666,0.1748956888914108,0.7661997675895691,0.999959111213684,False,False,False,False,False,False,False,False,False,False,False,False
421,8.42,1.1029720574496578,1.3321695289027713,-0.2737545073032379,0.999997079372406,0.9999991655349731,-1.1029720574496524,-1.3321695289027693,-0.0484167337417602,0.9999790787696838,0.9999985694885254,1.4039873976202295,1.0632695916633623,-0.2814870774745941,0.9993669390678406,0.9999862909317015,0.12876714339290493,0.29912846549009103,0.0142117552459239,0.6581440567970276,0.9999918937683104,1.7688867936414632,1.2048890155349419,-0.2857609093189239,0.9991032481193542,0.999997854232788,0.21077060223660418,0.8716509402075477,-0.0358149148523807,0.8542456030845642,0.9999991655349731,1.1112868088461991,-0.7452530731395564,-0.0675801783800125,0.9999668598175048,0.999993085861206,0.998177958905811,-0.7849158843868326,0.0675739198923111,0.9999567866325378,0.9999961853027344,0.7125781919430231,0.7066443932055316,-0.1058521568775177,0.9936822652816772,0.9999837875366212,0.6904713850806654,0.5870209391314651,0.0443897619843483,0.8213959336280823,0.99998939037323,0.9074337112058177,0.39906052460598784,0.0247830804437398,0.9813599586486816,0.9998544454574584,0.8346336126164052,0.3935557937753937,0.1661255806684494,0.7656797170639038,0.99993896484375,False,False,False,False,False,False,False,False,False,False,False,False
422,8.44,0.8019025334706653,1.2875213740004106,-0.2728431820869446,0.9999971985816956,0.9999994039535522,-0.8019025334706742,-1.2875213740004088,-0.0422521941363811,0.9999801516532898,0.9999990463256836,1.3414187747286233,0.8977896376924965,-0.2811038196086883,0.999392032623291,0.9999896287918092,0.21984014111252964,0.08396432418882824,0.0191608313471078,0.6731696724891663,0.9999934434890748,1.6594848963016327,1.0399776566111885,-0.2847713530063629,0.9991661906242372,0.9999982118606568,0.2973266123094684,0.7364492809893085,-0.0326456017792224,0.8668371438980103,0.9999994039535522,1.047439894270668,-0.7348057618637538,-0.0678117200732231,0.9999656677246094,0.9999951124191284,0.9740291526966268,-0.6699095750044548,0.0678075402975082,0.9999553561210632,0.9999972581863404,0.7128686995652499,0.6431566338629379,-0.1061536967754364,0.9938458204269408,0.9999858140945436,0.6904979223360499,0.5385124869939154,0.0432159341871738,0.8247154951095581,0.9999899864196776,0.9004167435621269,0.21972080797162524,0.0250874795019626,0.981792688369751,0.999858021736145,0.8359025180918109,0.2413290764577245,0.1652124375104904,0.7690563797950745,0.9999414682388306,False,False,False,False,False,False,False,False,False,False,False,False
423,8.46,0.6954538029079704,1.1879678307748656,-0.2726735174655914,0.9999972581863404,0.9999994039535522,-0.6954538029079647,-1.1879678307748827,-0.0365677960216999,0.9999808669090272,0.9999986886978148,1.3337501818284982,0.744374199410135,-0.2792259454727173,0.9993714690208436,0.9999865293502808,0.2494318414436506,-0.09977081994743248,0.0229559503495693,0.6839835047721863,0.9999921321868896,1.6821448547957896,0.9507863649174559,-0.2829386591911316,0.99919855594635,0.9999979734420776,0.3601752542777807,0.6199288138362634,-0.0315794087946414,0.877886176109314,0.9999992847442628,1.0306680875968086,-0.8933357505075789,-0.0687094405293464,0.9999632835388184,0.999994158744812,0.9828765148496185,-0.5222589575003229,0.0686983913183212,0.9999527335166932,0.9999966621398926,0.7402900877544916,0.6479482075410533,-0.1075698062777519,0.9935385584831238,0.999984622001648,0.721204903552716,0.5679548892040003,0.0406878814101219,0.8215960264205933,0.9999895095825196,0.9159464131674432,0.25923516438593897,0.0135408202186226,0.9817065000534058,0.9998434782028198,0.853639297372819,0.22709925422031263,0.1589187532663345,0.7682567238807678,0.9999408721923828,False,False,False,False,False,False,False,False,False,False,False,False
424,8.48,0.5189524615235083,1.1293844779602873,-0.2711489498615265,0.99999737739563,0.9999996423721312,-0.5189524615235023,-1.1293844779603042,-0.0328259393572807,0.999981701374054,0.9999990463256836,1.2986263914969614,0.5651198556695637,-0.2780280113220215,0.9993788599967957,0.9999908208847046,0.32961647044853337,-0.2393996343252647,0.026019386947155,0.694899320602417,0.9999942779541016,1.6547939598102928,0.8631963181711323,-0.2800016701221466,0.9992403984069824,0.9999985694885254,0.40614739327812666,0.5267566539346454,-0.0300692375749349,0.8878892064094543,0.9999994039535522,1.0021532439313379,-0.9557462341683961,-0.0701392963528633,0.999962568283081,0.9999959468841552,0.9815154980668208,-0.42678588016664887,0.0701287165284156,0.9999517798423768,0.999997615814209,0.8065532338343798,0.6350075029967902,-0.1075149476528167,0.9935206770896912,0.9999889135360718,0.7461922439454333,0.5591205052073758,0.0495377890765666,0.8198367357254028,0.9999921321868896,0.9524488462773498,0.1866553405429468,0.0174850299954414,0.9818539023399352,0.9998865127563475,0.8638710707573316,0.15496437385760273,0.1702071577310562,0.7697986364364624,0.9999560117721558,False,False,False,False,False,False,False,False,False,False,False,False
425,8.5,0.3050968364877934,0.5976632763991869,-0.263384461402893,0.99999737739563,0.9999991655349731,-0.3050968364877872,-0.5976632763992029,-0.026064621284604,0.9999821186065674,0.9999985694885254,1.2697990363939338,0.3691404379019994,-0.2716566622257232,0.9993242621421814,0.9999845027923584,0.40226128538280415,-0.13310449725532936,0.028307843953371,0.7029827237129211,0.9999922513961792,1.6500577957256606,0.8103162661524836,-0.2731935679912567,0.9992364645004272,0.999997615814209,0.48535887270334394,0.5074208143723355,-0.0289183054119348,0.8965062499046326,0.9999992847442628,0.9774229528452806,-1.05653472337652,-0.0705071836709976,0.9999599456787108,0.9999939203262328,0.9835447603543006,-0.3086242848965126,0.0704939216375351,0.9999491572380066,0.999996781349182,0.8626521508122074,0.6132495022254882,-0.1151063367724418,0.9929621815681458,0.9999818801879884,0.7863021097206803,0.5577134862191249,0.045574601739645,0.8123118281364441,0.999988317489624,0.9821146041109154,0.1500824326474401,-0.0047794450074434,0.9813985228538512,0.9997987151145936,0.8836394414482635,0.1054049097066993,0.1494919955730438,0.765433132648468,0.9999351501464844,False,False,False,False,False,False,False,False,False,False,False,False
426,8.52,0.20344332968566056,0.5050431033592472,-0.2639623284339905,0.9999974966049194,0.9999994039535522,-0.20344332968567264,-0.5050431033592442,-0.0282780416309833,0.9999827146530152,0.9999986886978148,1.2523730958930244,0.3826172908045543,-0.2728516161441803,0.9993058443069458,0.9999881982803344,0.44751497455380557,-0.28068915666676103,0.0287701673805713,0.7094322443008423,0.9999924898147584,1.6412842917981476,0.7710974482108979,-0.2741051614284515,0.9992526769638062,0.9999982118606568,0.5243686095194534,0.449866429092606,-0.027883231639862,0.904470920562744,0.9999994039535522,0.950651239825801,-1.0465226716941463,-0.0712184980511665,0.9999591708183287,0.9999955892562866,0.9535862224774886,-0.24294446801647462,0.0712065398693084,0.9999483823776244,0.9999972581863404,0.8782943901282304,0.6249563942756351,-0.1138864383101463,0.9925681948661804,0.9999855756759644,0.8014204383168737,0.6038561841785901,0.0427179262042045,0.8099509477615356,0.9999898672103882,0.9997889031162235,0.16870570215112748,0.0057750795967876,0.981027603149414,0.9998533725738524,0.8851100539370076,0.1075694272149197,0.1509868651628494,0.7656188607215881,0.9999459981918336,False,False,False,False,False,False,False,False,False,False,False,False
427,8.54,0.07871387054131684,0.46537756584654333,-0.2618435323238373,0.9999975562095642,0.9999995231628418,-0.07871387054132876,-0.46537756584654033,-0.0296521577984094,0.999983251094818,0.9999988079071044,1.2189815471210081,0.37295990627881653,-0.2706852853298187,0.9992986917495728,0.9999896287918092,0.4551869159862517,-0.3547820483620591,0.0247845947742462,0.716448962688446,0.9999929666519164,1.6252572911292902,0.7432318888901935,-0.2725764811038971,0.9992734789848328,0.9999983310699464,0.5319790910347,0.407053187971492,-0.0308335963636636,0.9114913940429688,0.9999994039535522,0.9079291744944559,-0.8950464696180164,-0.0703983083367347,0.9999589323997498,0.9999964237213136,0.913295244454856,-0.26459230159156893,0.0703880116343498,0.999948024749756,0.999997854232788,0.8789158335296533,0.6680432004149887,-0.1130473166704177,0.9924138784408568,0.9999880790710448,0.8022384783133114,0.6779014319946565,0.0408833362162113,0.8103037476539612,0.9999918937683104,0.9983133507202535,0.2275597524899349,0.0085342284291982,0.9811405539512634,0.9998722076416016,0.8814326300157806,0.18889886867179748,0.1453306674957275,0.7683122754096985,0.9999523162841796,False,False,False,False,False,False,False,False,False,False,False,False
428,8.56,0.10755166162276758,0.6140089475728198,-0.26103675365448,0.999997615814209,0.9999995231628418,-0.10755166162278085,-0.6140089475728358,-0.0287765935063362,0.9999840259552002,0.999998927116394,1.212438850534566,0.47023284201758003,-0.2706202268600464,0.9991921186447144,0.9999897480010986,0.4142286721265638,-0.2639757799587487,0.0235874354839324,0.7172885537147522,0.9999935626983644,1.6374186384555873,0.7828293731327134,-0.2724272608757019,0.99922376871109,0.9999980926513672,0.5000755682647362,0.4483989134055524,-0.0332416146993637,0.9171003103256226,0.9999994039535522,0.8767633749219139,-0.7793360374906576,-0.0698649808764457,0.9999588131904602,0.999996781349182,0.8645848236722605,-0.26404293333723,0.0698518529534339,0.9999483823776244,0.9999980926513672,0.8888878444500283,0.8112760434590731,-0.1089788675308227,0.989841878414154,0.9999865293502808,0.8066639034907609,0.8202754265678251,0.0377894602715969,0.7946927547454834,0.9999921321868896,1.0021380150837522,0.39676799073144225,0.0114699499681591,0.9772903919219972,0.9998559951782228,0.8675367477214764,0.34941105356691543,0.133139967918396,0.7558029890060425,0.9999402761459352,False,False,False,False,False,False,False,False,False,False,False,False
429,8.58,0.0636561517058864,0.5999082827555081,-0.2594704329967499,0.9999977350234984,0.9999997615814208,-0.0636561517058799,-0.5999082827555052,-0.0268110260367393,0.999984860420227,0.9999991655349731,1.1470602033305515,0.36852728911497873,-0.2701099514961242,0.9992083311080932,0.9999929666519164,0.3908948906038721,-0.26153173425696796,0.0297620482742786,0.7278875112533569,0.9999946355819702,1.623187384746052,0.6662462058268114,-0.2725338339805603,0.9992651343345642,0.999998927116394,0.4862008382139207,0.420398207618139,-0.027362959459424,0.9238343834877014,0.9999996423721312,0.8091664868231115,-0.7050672099867488,-0.0698474943637847,0.9999597072601318,0.9999970197677612,0.8137209377218972,-0.1813306039623219,0.0698326155543327,0.9999495148658752,0.9999982118606568,0.9076622862026609,0.8597633770570957,-0.1067587435245513,0.9900988936424256,0.9999921321868896,0.8125544913575522,0.812709596030324,0.038456093519926,0.8026186227798462,0.9999948740005492,0.9865481470497603,0.37235584987518994,0.0197998378425836,0.9779455661773682,0.9999173879623412,0.8484623077876585,0.34717827868198836,0.1350637525320053,0.7667838931083679,0.99996018409729,False,False,False,False,False,False,False,False,False,False,False,False
430,8.6,-0.03781173628322636,0.35800467392531365,-0.2498261928558349,0.9999977946281432,0.9999995231628418,0.03781173628321852,-0.3580046739253293,-0.0185631178319454,0.99998539686203,0.9999988079071044,1.0879144244962324,0.10298111901716715,-0.2638489902019501,0.9991838335990906,0.999990463256836,0.4022300143978897,-0.24654733564062623,0.0312818400561809,0.7355294823646545,0.9999936819076538,1.6101630216838105,0.5754042364886799,-0.2685815691947937,0.9992695450782776,0.9999985694885254,0.48480563787537856,0.37606739780459086,-0.0275266170501709,0.9294268488883972,0.9999995231628418,0.7271456033811562,-0.6462762106635559,-0.0696858838200569,0.9999605417251588,0.9999971389770508,0.7315606067346275,-0.03975526437329541,0.0696687474846839,0.9999504685401917,0.9999982118606568,0.9148433000198214,0.9040392369218758,-0.1072314456105232,0.9900833368301392,0.9999918937683104,0.814607086092327,0.8337789541362045,0.0379949882626533,0.805942714214325,0.9999946355819702,0.9679451816479097,0.356091813563358,0.0143773891031742,0.978233277797699,0.999913215637207,0.840921065085932,0.35758954398212733,0.1371635794639587,0.7742794752120972,0.9999610185623168,False,False,False,False,False,False,False,False,False,False,False,False
431,8.62,-0.11694277842525994,0.6799667761009696,-0.2459197640419006,0.9999979138374328,0.9999997615814208,0.11694277842526665,-0.679966776100981,-0.0219719819724559,0.9999861121177672,0.9999992847442628,1.0806125008141267,-0.06830384687850846,-0.2568584680557251,0.9991861581802368,0.9999927282333374,0.4127461029790115,-0.2868439624573185,0.0295144785195589,0.7446210384368896,0.9999951124191284,1.6220979056794658,0.5717935846125264,-0.2612047791481018,0.9992878437042236,0.9999988079071044,0.47101402957972854,0.3534433090023555,-0.0273220799863338,0.934978187084198,0.9999996423721312,0.6603114117123106,-0.4655889179365872,-0.0695775821805,0.9999621510505676,0.9999983310699464,0.643549166351641,-0.023173029423617795,0.0695622414350509,0.9999524354934692,0.999998927116394,0.9246251425122979,0.9344879005910894,-0.105626530945301,0.9903383255004884,0.9999936819076538,0.8070321538449985,0.9510934655963317,0.029279900714755,0.8151348829269409,0.999996304512024,0.9693295251054653,0.43424462217574955,0.0147203654050827,0.9790012240409852,0.9999407529830932,0.8441070029819252,0.49303076006604607,0.1267926096916198,0.7858406901359558,0.999975323677063,False,False,False,False,False,False,False,False,False,False,False,False
432,8.64,-0.08818643395167247,0.43543718776478146,-0.2363864332437515,0.9999980330467224,0.9999997615814208,0.08818643395167915,-0.43543718776477847,-0.0118477940559387,0.99998676776886,0.9999992847442628,1.076843561635498,-0.25172739733606353,-0.2485544979572296,0.9991926550865172,0.9999938011169434,0.42676363190770056,-0.3682600654536732,0.0377063676714897,0.7555538415908813,0.9999961853027344,1.6302487294760777,0.5352824551128238,-0.2515988349914551,0.9993160367012024,0.9999992847442628,0.4566016285866549,0.3298674125030251,-0.0195661056786775,0.9404191374778748,0.9999997615814208,0.5852313489121967,-0.4288699777658883,-0.0692680776119232,0.9999639987945556,0.9999986886978148,0.5884591230118129,0.08464162855896348,0.069252498447895,0.999954640865326,0.9999991655349731,0.9831095093592163,0.9578636606365519,-0.1020766422152519,0.9906570911407472,0.9999953508377076,0.7907315797749135,1.0111149871348708,0.0294367000460624,0.8226924538612366,0.9999970197677612,0.9751322861827275,0.5558036842531675,0.0099371615797281,0.9802687168121338,0.9999593496322632,0.851622774638085,0.5496214550746462,0.1294125467538833,0.7968252897262573,0.9999860525131226,False,False,False,False,False,False,False,False,False,False,False,False
433,8.66,-0.25168059156956746,0.2973871079730827,-0.2300477027893066,0.9999980926513672,0.9999995231628418,0.2516805915695743,-0.2973871079730983,-0.0109781632199883,0.999987244606018,0.9999990463256836,1.0136813963840339,-0.36142989325766456,-0.24220010638237,0.999187707901001,0.9999910593032836,0.4695271641958288,-0.5635766823378543,0.0390800982713699,0.765519917011261,0.9999955892562866,1.5877993836415538,0.4230032455807767,-0.2426793724298477,0.9993343949317932,0.999998927116394,0.4854198711729019,0.2575995061258959,-0.0127996820956468,0.9454490542411804,0.9999997615814208,0.4808725735727515,-0.3225763379849694,-0.0691879466176033,0.9999656081199646,0.9999984502792358,0.5425329305247328,0.149481214814166,0.0691742375493049,0.9999566078186036,0.9999991655349731,0.9695105145199622,0.8882941651745278,-0.0887012109160423,0.990906298160553,0.9999946355819702,0.8020231887052467,0.9748442578411008,0.0410340242087841,0.8299177885055542,0.9999970197677612,0.9401648576382824,0.41338357589458813,0.0143231451511383,0.9814353585243224,0.9999581575393676,0.8441060901018025,0.39095300671915306,0.1304713189601898,0.8078595399856567,0.999984860420227,False,False,False,False,False,False,False,False,False,False,False,False
434,8.68,-0.3434896405956942,0.26123712650056236,-0.2332405149936676,0.9999982118606568,0.9999996423721312,0.3434896405957012,-0.26123712650057784,-0.0157906990498304,0.9999878406524658,0.9999991655349731,0.9505038892624311,-0.4772781071901078,-0.2432281970977783,0.999181628227234,0.9999929666519164,0.45943730125663135,-0.6409939432954201,0.035260185599327,0.7746939063072205,0.999995231628418,1.5433470679662964,0.3456766396414143,-0.247381791472435,0.999350905418396,0.9999990463256836,0.4837268489965275,0.23177570724633795,-0.0175795182585716,0.9499151706695556,0.9999997615814208,0.3761692532315843,-0.2971163715390676,-0.0689674094319343,0.9999670386314392,0.9999986886978148,0.4770978498023193,0.29156236947306247,0.0689540728926658,0.9999582171440125,0.9999990463256836,0.9074766150068229,0.8826205104710388,-0.0841380655765533,0.9907023906707764,0.9999933242797852,0.8035959411302191,0.9731418517432049,0.0480498671531677,0.8344017267227173,0.9999954700469972,0.9036172506080857,0.3262735753045075,0.0397314466536045,0.9814244508743286,0.9999430179595948,0.8236181610758452,0.2704030114107354,0.1631800979375839,0.8125066161155701,0.9999790191650392,False,False,False,False,False,False,False,False,False,False,False,False
435,8.7,-0.3890273382223289,0.12508406227993846,-0.2347307056188583,0.9999982714653016,0.9999996423721312,0.38902733822233587,-0.1250840622799491,-0.0136018274351954,0.9999884366989136,0.9999991655349731,0.9216890297274726,-0.5869429521770235,-0.2449072748422622,0.9991355538368224,0.9999924898147584,0.44947594392741413,-0.6915653996836117,0.0404656864702701,0.7793424725532532,0.9999959468841552,1.5002081916824044,0.2908926118418393,-0.2504289448261261,0.9993214011192322,0.9999988079071044,0.47858241898544307,0.20462141209273682,-0.0171403381973505,0.9536670446395874,0.9999997615814208,0.2729191980858984,-0.21662091812736387,-0.0692334473133087,0.999968409538269,0.999998927116394,0.3881602404994181,0.39372762628191893,0.069209910929203,0.9999598860740662,0.9999992847442628,0.8697619772217634,0.951408718468483,-0.0838933065533638,0.98982435464859,0.9999942779541016,0.8107520633847171,1.0158861851317693,0.0574184991419315,0.832892119884491,0.9999971389770508,0.8871378011113754,0.3593978791627798,0.0375345833599567,0.9809228777885436,0.9999655485153198,0.8160764353970401,0.30870620769935475,0.1678651422262191,0.8175569772720337,0.9999876022338868,False,False,False,False,False,False,False,False,False,False,False,False
436,8.72,-0.4766522529876648,-0.1741754075421569,-0.2355213314294815,0.9999983310699464,0.9999997615814208,0.47665225298765745,0.17417540754216077,-0.0107818720862269,0.9999890327453612,0.9999991655349731,0.8745150649523626,-0.6759038578353723,-0.2474407404661178,0.9991182684898376,0.9999933242797852,0.43027836517497803,-0.7547624404219012,0.0438695512712001,0.7843297719955444,0.9999959468841552,1.473216961117789,0.22715968802350528,-0.2522255182266235,0.9993115663528442,0.999998927116394,0.47987934232073404,0.16235493743057106,-0.0162930004298686,0.9570003747940063,0.9999997615814208,0.16923373640094308,-0.21679046605968727,-0.0699242055416107,0.9999699592590332,0.9999990463256836,0.2951680446827413,0.5546908495086655,0.0698940455913543,0.9999618530273438,0.9999992847442628,0.8558430818274723,0.9144646387657038,-0.0869921892881393,0.9893575310707092,0.9999949932098388,0.8266973212214648,0.9673687221915604,0.0612929426133632,0.8319546580314636,0.99999737739563,0.8553416928458949,0.3182796737215984,0.0280527602881193,0.9814839959144592,0.999974012374878,0.8115981793761987,0.30017922634439775,0.162854865193367,0.8254607915878296,0.9999899864196776,False,False,False,False,False,False,False,False,False,False,False,False
437,8.74,-0.5721907337985205,-0.21009443729428862,-0.2277577221393585,0.9999983906745912,0.9999996423721312,0.5721907337985133,0.2100944372942784,-0.0012390130432322,0.9999895095825196,0.999998927116394,0.831782312894748,-0.7963606728371365,-0.2442004531621933,0.9990748167037964,0.9999923706054688,0.4107800958379409,-0.7472090274889494,0.0458294786512851,0.7896372079849243,0.9999953508377076,1.4309629436642615,0.18606628054121208,-0.2536418735980987,0.9992849230766296,0.999998927116394,0.4783184036362781,0.14193166688466566,-0.0193428937345743,0.9600740671157836,0.9999997615814208,0.07566293606348569,-0.13610292908879373,-0.0709601715207099,0.9999714493751526,0.9999990463256836,0.2160728740506339,0.6164945276827406,0.0709180012345314,0.9999637007713318,0.9999992847442628,0.7987836664855112,0.9210179693437223,-0.0884579345583915,0.9884635210037231,0.9999946355819702,0.8287721946313469,0.9251412050459791,0.0701813772320747,0.8265669941902161,0.9999966621398926,0.8288393791836663,0.2990442558753483,0.0202024225145578,0.9818289875984192,0.999971866607666,0.8054369540472621,0.27420147087631785,0.1756072640419006,0.8290998935699463,0.9999897480010986,False,False,False,False,False,False,False,False,False,False,False,False
438,8.76,-0.6773051764091417,-0.40008431426146385,-0.2122885882854461,0.9999984502792358,0.9999996423721312,0.6773051764091346,0.400084314261468,0.0119883613660931,0.9999898672103882,0.9999985694885254,0.7801070080079094,-0.9515517501427259,-0.2316854298114776,0.9990363121032716,0.9999939203262328,0.4050640790730664,-0.7258664088976091,0.0548752285540103,0.7953240275382996,0.9999949932098388,1.376640727399891,0.13985228071678588,-0.2473608702421188,0.9992859959602356,0.9999994039535522,0.47675898108636666,0.10232289606940358,-0.0178985614329576,0.9629668593406676,0.9999997615814208,-0.008090547349637524,-0.20004868480257856,-0.0707819014787674,0.9999731779098512,0.9999994039535522,0.14611349815578756,0.7781551531652399,0.0707379430532455,0.9999657869338988,0.9999995231628418,0.750744834576422,0.8702450494405986,-0.0892900303006172,0.9865877032279968,0.999995231628418,0.8385066756823985,0.8777228914718982,0.0687397867441177,0.8172746896743774,0.999996781349182,0.804741994746798,0.20511272510403653,0.0217376518994569,0.9813567996025084,0.9999817609786988,0.7964662345185528,0.1947235429355772,0.1798013001680374,0.8300449848175049,0.9999914169311525,False,False,False,False,False,False,False,False,False,False,False,False
439,8.78,-0.6422955987302955,-0.5806500908615287,-0.2075773328542709,0.9999985098838806,0.9999996423721312,0.6422955987302884,0.5806500908615331,0.0159609373658895,0.9999902248382568,0.9999986886978148,0.7640917424200161,-1.009728611355746,-0.2251611799001693,0.9989926218986512,0.9999946355819702,0.35021279911626413,-0.5549427653051052,0.0627034530043602,0.7940478920936584,0.9999953508377076,1.3494112322453065,0.11494504338998919,-0.2414298057556152,0.999273419380188,0.9999994039535522,0.4544188680025489,0.10684537299133155,-0.0074283089488744,0.9650335311889648,0.9999998807907104,-0.08864975319674516,-0.18026459426063576,-0.0706557556986808,0.99997478723526,0.9999995231628418,0.048337725313059965,0.8743171848609409,0.0706119760870933,0.9999677538871764,0.9999995231628418,0.7462775380585538,0.8945144007135329,-0.0818949714303016,0.9846489429473876,0.9999959468841552,0.8394115997325214,0.9129833438609208,0.0788557454943656,0.8076936602592468,0.99999737739563,0.7947405828800429,0.18813967856558994,0.0276845004409551,0.9809197783470154,0.9999830722808838,0.7970093983573517,0.26709228303861776,0.1840013861656189,0.832083523273468,0.9999927282333374,False,False,False,False,False,False,False,False,False,False,False,False
440,8.8,-0.7641592093740656,-0.4770218691558757,-0.2113603204488754,0.9999985694885254,0.9999996423721312,0.7641592093740586,0.4770218691558612,0.020830413326621,0.999990463256836,0.9999982118606568,0.6891732739760972,-1.000384735502378,-0.2284700125455856,0.9989726543426514,0.9999946355819702,0.38264216125390094,-0.6452827662649957,0.0703113451600074,0.7903093099594116,0.9999940395355223,1.3048621605347217,0.03997981396555524,-0.2422595918178558,0.9992601275444032,0.9999990463256836,0.46600746093840134,0.022748434753392558,0.0003103697090409,0.9667752981185912,0.9999997615814208,-0.1661846186264147,-0.16117324118841816,-0.0712514743208885,0.9999764561653136,0.9999995231628418,0.0013946215959222304,0.9322899170723163,0.0712034255266189,0.999969720840454,0.9999995231628418,0.7772987993301799,0.814534810007554,-0.0565013848245143,0.983839511871338,0.999994158744812,0.849144882889533,0.8448537527393908,0.1175966411828994,0.8060495257377625,0.9999955892562866,0.7628714329943103,0.0067139162332961405,0.0810646563768386,0.9808260202407836,0.9999730587005616,0.7861683306066238,0.04578231027731833,0.2534129023551941,0.8351315855979919,0.9999880790710448,False,False,False,False,False,False,False,False,False,False,False,False
441,8.82,-0.8583606026605543,-0.659513373545386,-0.207129567861557,0.9999985694885254,0.9999996423721312,0.8583606026605474,0.6595133735453763,0.0320211723446846,0.999990463256836,0.99999737739563,0.6264148718390176,-1.232137305579195,-0.2320811599493026,0.9989626407623292,0.9999938011169434,0.4121635999870074,-0.8235542873957417,0.0816215947270393,0.7816110849380493,0.9999924898147584,1.273368343376414,-0.05481820958778073,-0.2489356696605682,0.9992512464523317,0.9999990463256836,0.4665010223302415,-0.031957156847684055,0.0121487183496356,0.9678838849067688,0.9999997615814208,-0.26811516598177126,-0.10601557580586038,-0.072804257273674,0.9999781250953674,0.9999995231628418,-0.10014577147031789,0.9934143716324525,0.0727542340755462,0.9999716281890868,0.9999995231628418,0.7763593092294143,0.7432419953541172,-0.0463505499064922,0.9835636615753174,0.9999959468841552,0.8587185423529596,0.7895679471741349,0.1296038031578064,0.806506872177124,0.9999969005584716,0.7283680047635109,-0.14602087284107945,0.0836231857538223,0.9815616607666016,0.999980092048645,0.8012703845455772,-0.07287188933561586,0.2582665681838989,0.8425413370132446,0.999991774559021,False,False,False,False,False,False,False,False,False,False,False,False
442,8.84,-0.87347836719058,-0.71410243891481,-0.194577932357788,0.9999985694885254,0.9999995231628418,0.8734783671905685,0.7141024389148144,0.03257542476058,0.9999902844429016,0.9999972581863404,0.5864469639920727,-1.311365725246121,-0.221459150314331,0.9989213943481444,0.9999910593032836,0.4005544760304104,-0.9819118221057362,0.0828862413764,0.7755513787269592,0.9999911785125732,1.2545091197293505,-0.11944897687715453,-0.2499809563159942,0.999233901500702,0.9999988079071044,0.44976508915189706,-0.09149089323029236,0.0161829870194196,0.969108819961548,0.9999997615814208,-0.3265466681179138,-0.14474740502058167,-0.0725526139140129,0.9999793767929076,0.9999995231628418,-0.1649524754248477,1.0847409471820513,0.0725031644105911,0.9999730587005616,0.9999995231628418,0.8053149597652897,0.7637317240076904,-0.0473447814583778,0.9835326075553894,0.9999948740005492,0.8552712418272388,0.8039211544461012,0.1239135712385177,0.8079641461372375,0.9999964237213136,0.7093106313208187,-0.15759683507765057,0.0750769451260566,0.9824919104576112,0.9999802112579346,0.8014933412093357,-0.05818765907712053,0.2465906739234924,0.850994884967804,0.9999924898147584,False,False,False,False,False,False,False,False,False,False,False,False
443,8.86,-0.9081873537749152,-0.6659086756904158,-0.1935073286294937,0.9999985694885254,0.9999996423721312,0.908187353774909,0.6659086756904203,0.0313525907695293,0.9999900460243224,0.9999971389770508,0.5195042752356679,-1.3426236990459361,-0.2197933495044708,0.9989035725593568,0.9999918937683104,0.3903505139032948,-0.9965612390069879,0.0822872295975685,0.765896737575531,0.9999908208847046,1.2192967488468966,-0.16259199314533812,-0.2505298852920532,0.9992243647575378,0.9999988079071044,0.4468977360263117,-0.1347566589152782,0.0172398909926414,0.9696962237358092,0.9999996423721312,-0.4004828395125735,-0.0871218350587308,-0.072331853210926,0.9999805688858032,0.9999995231628418,-0.23571635620425718,1.0982812502244246,0.0722841918468475,0.9999743700027466,0.9999995231628418,0.8347408700687426,0.7418515555645726,-0.0361945480108261,0.9833872318267822,0.999994158744812,0.8520667237123647,0.7838343582395642,0.1274553686380386,0.8090978860855103,0.9999959468841552,0.6816077483195502,-0.22715611556744478,0.0890413895249366,0.983247697353363,0.9999752044677734,0.7897351561720106,-0.09805470970983719,0.249499499797821,0.858526885509491,0.9999911785125732,False,False,False,False,False,False,False,False,False,False,False,False
444,8.88,-0.9165188868306196,-0.6065712318567319,-0.1870824545621872,0.9999985098838806,0.9999994039535522,0.9165188868306134,0.6065712318567362,0.0315380692481994,0.9999895691871644,0.9999959468841552,0.4712328846287105,-1.3441160762909994,-0.2151392102241516,0.9988192319869996,0.9999866485595704,0.37548147164125745,-0.9663432427362336,0.0791527107357978,0.7557672262191772,0.9999855756759644,1.1929773627941391,-0.19889921270716643,-0.2527810931205749,0.9991686940193176,0.9999979734420776,0.4292640304600015,-0.16292608762430588,0.0100409416481852,0.9701076745986938,0.9999994039535522,-0.47822830289323426,-0.0373204049369993,-0.0722785219550132,0.99998140335083,0.9999992847442628,-0.3165162776998108,1.1162632602996296,0.0722374841570854,0.9999752640724182,0.9999992847442628,0.8183878333778652,0.7207822131411222,-0.0450322665274143,0.982667088508606,0.9999887943267822,0.8437938881262259,0.767831141991472,0.1186260730028152,0.8064619302749634,0.999991774559021,0.655543070633168,-0.2747362336023642,0.079909361898899,0.9834473133087158,0.9999560117721558,0.7735053709777612,-0.13841212257991742,0.2362011224031448,0.8635096549987793,0.9999830722808838,False,False,False,False,False,False,False,False,False,False,False,False
445,8.9,-0.9081875372512204,-0.6676605835883739,-0.1770814210176468,0.9999984502792358,0.9999992847442628,0.908187537251228,0.6676605835883783,0.035899244248867,0.999988853931427,0.9999946355819702,0.4239128533831659,-1.4565849082805167,-0.1995578706264495,0.998776078224182,0.999988317489624,0.35859878042442506,-1.135113029241776,0.0833198353648185,0.7484217286109924,0.9999864101409912,1.1613918004396773,-0.23740888136117383,-0.2329484671354293,0.9991355538368224,0.9999980926513672,0.42093139132482765,-0.20403960339594682,0.0181955602020025,0.9709823727607728,0.9999995231628418,-0.5381729663982667,-0.0034895769249721036,-0.0710199177265167,0.9999820590019226,0.9999990463256836,-0.38782229557495385,1.1309522593429855,0.070975162088871,0.9999756813049316,0.999998927116394,0.8344374080569348,0.690032272803857,-0.0347261615097522,0.9822180867195128,0.9999841451644896,0.8502738732391487,0.7475018146816658,0.1284937858581543,0.7982652187347412,0.9999874830245972,0.6300848242997967,-0.3280027622406321,0.0809890776872634,0.9838270545005798,0.9999396800994872,0.7614976543704072,-0.19079741388320018,0.2426408976316452,0.8647411465644836,0.999974012374878,False,False,False,False,False,False,False,False,False,False,False,False
446,8.92,-0.8925205550060468,-0.82654797070001,-0.1757174134254455,0.9999984502792358,0.9999995231628418,0.8925205550060543,0.8265479707000004,0.0399776697158813,0.9999885559082032,0.9999960660934448,0.40195113061285725,-1.567396608692322,-0.2033587545156479,0.9986897110939026,0.9999892711639404,0.34448664085445885,-1.1415820661599578,0.0857593938708305,0.7318007349967957,0.9999860525131226,1.1324394014854189,-0.2734767667519563,-0.2336505055427551,0.9990696310997008,0.9999982118606568,0.4046151769373813,-0.23188660690113594,0.014531685039401,0.9704526662826538,0.9999994039535522,-0.5811919698954835,0.05301938329363942,-0.0709572806954383,0.9999828338623048,0.9999994039535522,-0.4287618021084648,1.1079635095554123,0.0709133669734001,0.999976396560669,0.9999992847442628,0.8218835518495284,0.6972779743029214,-0.0285658799111843,0.9810285568237304,0.9999908208847046,0.8531693718540715,0.7449932368978862,0.1380045264959335,0.7880487442016602,0.9999927282333374,0.6012302974129653,-0.33182934784770446,0.0940119549632072,0.9838191866874696,0.9999629259109496,0.7558047965728366,-0.1949626432102742,0.2594781517982483,0.8668939471244812,0.9999855756759644,False,False,False,False,False,False,False,False,False,False,False,False
447,8.94,-0.8463749172236821,-0.8798695508075367,-0.1651739031076431,0.9999983906745912,0.9999994039535522,0.8463749172236759,0.8798695508075274,0.0395764149725437,0.9999879598617554,0.9999948740005492,0.3890891949832146,-1.5920320819241007,-0.1917478144168853,0.9986410140991212,0.9999868869781494,0.31765160173075124,-1.1156401062580614,0.0801872536540031,0.7246370911598206,0.9999825954437256,1.0997818800122046,-0.28865761293773623,-0.2308717221021652,0.9990350604057312,0.9999980926513672,0.3695597464861625,-0.24154380834860129,0.010585912503302,0.970547616481781,0.9999992847442628,-0.6390681580754067,0.08595911881011307,-0.0697005912661552,0.9999833703041076,0.9999992847442628,-0.48125741207582273,1.1093462324110783,0.0696463957428932,0.9999767541885376,0.9999990463256836,0.8133493834993591,0.7216962287882837,-0.0319424383342266,0.9804611802101136,0.999988317489624,0.8468521567424776,0.7659229594867698,0.1284899115562439,0.7791110873222351,0.9999903440475464,0.5775099110857356,-0.2887450226730682,0.0792340263724327,0.9842999577522278,0.999957799911499,0.7501814617844118,-0.17507874479488772,0.2389460951089859,0.8696220517158508,0.9999833106994628,False,False,False,False,False,False,False,False,False,False,False,False
448,8.96,-0.8583369959443132,-0.8121590978544149,-0.1611828505992889,0.9999982714653016,0.9999992847442628,0.8583369959443063,0.8121590978544053,0.0448182933032512,0.999987244606018,0.999994158744812,0.3503043808367453,-1.6456601016565497,-0.1882044225931167,0.9986134767532348,0.9999878406524658,0.29974630934149576,-1.2308383778040393,0.0854980275034904,0.7112980484962463,0.9999827146530152,1.0627868455560443,-0.3226712316567282,-0.2312633395195007,0.9989688396453856,0.9999974966049194,0.34294121167900077,-0.2667669879512357,0.0118862157687544,0.9699979424476624,0.9999992847442628,-0.7027019963857684,0.12197154864733968,-0.0689241215586662,0.9999839663505554,0.9999991655349731,-0.5544805215938314,1.1093249823346338,0.0688755586743354,0.9999772906303406,0.9999990463256836,0.8045047860660236,0.6784032154437788,-0.0037850029766559,0.9803844094276428,0.9999858140945436,0.847592228901272,0.7288221250033423,0.137439489364624,0.7826153635978699,0.9999908208847046,0.546052798681603,-0.35392985442810454,0.1165994480252265,0.9849920272827148,0.9999392032623292,0.7501565885071128,-0.20614675900778176,0.2533097565174103,0.8763247728347778,0.9999806880950928,False,False,False,False,False,False,False,False,False,False,False,False
449,8.98,-0.8128564852481889,-0.827175472843696,-0.1588372141122818,0.999998152256012,0.9999991655349731,0.8128564852481825,0.8271754728437006,0.0482439436018466,0.9999871850013732,0.9999959468841552,0.3167424420882838,-1.6107261936823316,-0.186171606183052,0.9984774589538574,0.9999853372573853,0.27841010625951657,-1.3127810471608183,0.0908338651061058,0.7003768086433411,0.9999887943267822,1.0263114517071783,-0.32764586818292923,-0.2309532463550567,0.998774230480194,0.9999969005584716,0.3124122032675911,-0.27571878101926534,0.0147414300590753,0.970216989517212,0.9999995231628418,-0.7462767049372994,0.16297344911735454,-0.0688366442918777,0.9999843835830688,0.9999991655349731,-0.6234207506320731,1.0948589623469704,0.0687889829277992,0.9999779462814332,0.9999992847442628,0.8056302742741501,0.663402904196666,-0.0003187766706105,0.9793124794960022,0.999985694885254,0.8385002517352215,0.6978485301889191,0.1419574618339538,0.7802815437316895,0.9999932050704956,0.5322580612531627,-0.3633324484126676,0.1190380901098251,0.9853519797325134,0.999942660331726,0.7425497214125816,-0.22448081645810644,0.258207768201828,0.8810773491859436,0.9999865293502808,False,False,False,False,False,False,False,False,False,False,False,False
450,9.0,-0.7770271822477636,-0.8515621702807384,-0.162733718752861,0.999998152256012,0.9999994039535522,0.7770271822477566,0.851562170280729,0.0470255240797996,0.9999874830245972,0.9999970197677612,0.2946612858070805,-1.6260812297704037,-0.1895070970058441,0.9984630942344666,0.9999885559082032,0.26179799889448657,-1.3211963655309777,0.0957161486148834,0.6944587826728821,0.9999908208847046,0.9964101838869108,-0.3247366916476963,-0.2321547567844391,0.9986523985862732,0.9999972581863404,0.28506185113374344,-0.2693272828302052,0.0242309737950563,0.971146047115326,0.9999996423721312,-0.7802644359610696,0.15833633341304157,-0.0688586980104446,0.9999850988388062,0.9999992847442628,-0.6659818459952471,1.1104209262359384,0.0688119605183601,0.9999789595603944,0.9999994039535522,0.8245109283450112,0.6715568406716211,0.0099790664389729,0.9795308113098145,0.9999871253967284,0.8448881561499643,0.7060385788110406,0.1512127220630645,0.7856006622314453,0.999994158744812,0.52927110242384,-0.3523408931734886,0.1402428597211837,0.9860002994537354,0.9999338388442992,0.7391528694109714,-0.21956893037071973,0.2740020155906677,0.8873993158340454,0.9999854564666748,False,False,False,False,False,False,False,False,False,False,False,False
