frame,time,nose_x,nose_y,nose_z,nose_visibility,nose_presence,left_shoulder_x,left_shoulder_y,left_shoulder_z,left_shoulder_visibility,left_shoulder_presence,right_shoulder_x,right_shoulder_y,right_shoulder_z,right_shoulder_visibility,right_shoulder_presence,left_elbow_x,left_elbow_y,left_elbow_z,left_elbow_visibility,left_elbow_presence,right_elbow_x,right_elbow_y,right_elbow_z,right_elbow_visibility,right_elbow_presence,left_wrist_x,left_wrist_y,left_wrist_z,left_wrist_visibility,left_wrist_presence,right_wrist_x,right_wrist_y,right_wrist_z,right_wrist_visibility,right_wrist_presence,left_hip_x,left_hip_y,left_hip_z,left_hip_visibility,left_hip_presence,right_hip_x,right_hip_y,right_hip_z,right_hip_visibility,right_hip_presence,left_knee_x,left_knee_y,left_knee_z,left_knee_visibility,left_knee_presence,right_knee_x,right_knee_y,right_knee_z,right_knee_visibility,right_knee_presence,left_ankle_x,left_ankle_y,left_ankle_z,left_ankle_visibility,left_ankle_presence,right_ankle_x,right_ankle_y,right_ankle_z,right_ankle_visibility,right_ankle_presence,nose_interpolated,left_shoulder_interpolated,right_shoulder_interpolated,left_elbow_interpolated,right_elbow_interpolated,left_wrist_interpolated,right_wrist_interpolated,left_hip_interpolated,right_hip_interpolated,left_knee_interpolated,right_knee_interpolated,left_ankle_interpolated,right_ankle_interpolated
250,5.0,0.5262327194213867,0.4894465208053589,-0.1746723502874374,0.9999876022338868,0.9999980926513672,0.5663815140724182,0.5423744320869446,-0.1797583103179931,0.9999958872795104,0.9999985694885254,0.5223526358604431,0.5403605699539185,-0.0195694249123334,0.999984860420227,0.9999982118606568,0.5590919852256775,0.6383116841316223,-0.1991003304719925,0.9978594183921814,0.9999768733978271,0.5130984783172607,0.6208217740058899,-0.0070689101703464,0.8739504814147949,0.9999927282333374,0.5171778202056885,0.6861996650695801,-0.210859328508377,0.9971278309822084,0.9999972581863404,0.4927444756031036,0.6695681810379028,-0.0757537633180618,0.962357223033905,0.9999982118606568,0.5569996237754822,0.6799332499504089,-0.0512371510267257,0.9999801516532898,0.9999990463256836,0.5297459959983826,0.6724603772163391,0.0511943623423576,0.9999821186065674,0.9999996423721312,0.502376139163971,0.7317943572998047,-0.1608323156833648,0.9745519161224364,0.9999947547912598,0.4795921444892883,0.7137756943702698,-0.040597703307867,0.8790730237960815,0.9999953508377076,0.5183166265487671,0.8480133414268494,-0.0665542334318161,0.939137876033783,0.9999456405639648,0.4994784593582153,0.8292208909988403,0.0373226180672645,0.7850013375282288,0.9999868869781494,False,False,False,False,False,False,False,False,False,False,False,False,False
251,5.02,0.5262388586997986,0.4894630014896393,-0.1815744787454605,0.9999879598617554,0.9999977350234984,0.5663828253746033,0.5423733592033386,-0.1826809495687484,0.9999959468841552,0.9999985694885254,0.5223545432090759,0.5403764247894287,-0.0197842605412006,0.9999849796295166,0.999997854232788,0.559118926525116,0.638311505317688,-0.2015156894922256,0.9979042410850524,0.9999796152114868,0.5131101012229919,0.6208574771881104,-0.0071950568817555,0.8743415474891663,0.999991536140442,0.5171715617179871,0.6862235069274902,-0.2132352739572525,0.9971923828125,0.999997615814209,0.4926868677139282,0.6695759892463684,-0.0758638828992843,0.962598979473114,0.999997854232788,0.5570483803749084,0.6800061464309692,-0.0514389686286449,0.9999801516532898,0.999998927116394,0.5297492146492004,0.672529399394989,0.051395483314991,0.9999820590019226,0.9999995231628418,0.5023114681243896,0.7317851781845093,-0.1625112891197204,0.9749355912208556,0.9999936819076538,0.4795396029949188,0.7137587070465088,-0.041058775037527,0.8808192014694214,0.9999935626983644,0.5183173418045044,0.8480788469314575,-0.0669436305761337,0.9400252103805542,0.9999369382858276,0.4994778335094452,0.8291656970977783,0.0371950827538967,0.787777304649353,0.9999841451644896,False,False,False,False,False,False,False,False,False,False,False,False,False
252,5.04,0.5262347459793091,0.4894735813140869,-0.1820197254419326,0.9999881982803344,0.99999737739563,0.5663825273513794,0.5423718094825745,-0.183552399277687,0.9999960064888,0.9999985694885254,0.5223560333251953,0.5403892993927002,-0.0200863070785999,0.9999849796295166,0.9999977350234984,0.5591320395469666,0.6383324861526489,-0.2022313326597213,0.9979552626609802,0.9999799728393556,0.5131190419197083,0.6208660006523132,-0.007148805540055,0.8742093443870544,0.9999916553497314,0.5171710848808289,0.6862438917160034,-0.2136590778827667,0.9972572326660156,0.9999977350234984,0.492677241563797,0.6695790886878967,-0.0757350847125053,0.962583601474762,0.999997854232788,0.5570356845855713,0.6800253987312317,-0.0515286773443222,0.9999803900718688,0.9999991655349731,0.5296972990036011,0.6725322008132935,0.0514853559434413,0.9999821782112122,0.9999995231628418,0.5022681355476379,0.731772780418396,-0.1626361459493637,0.9755273461341858,0.9999942779541016,0.4794778525829315,0.7137472629547119,-0.0409618280827999,0.8825283050537109,0.9999939203262328,0.518329918384552,0.8481082320213318,-0.0672453343868255,0.9415207505226136,0.9999440908432008,0.4994732439517975,0.8289692401885986,0.0383780635893344,0.7908297777175903,0.9999855756759644,False,False,False,False,False,False,False,False,False,False,False,False,False
253,5.06,0.5262241959571838,0.4894918501377105,-0.184511661529541,0.999987781047821,0.999996304512024,0.5663765668869019,0.5423663258552551,-0.1861844509840011,0.9999959468841552,0.9999983310699464,0.5223576426506042,0.5403909087181091,-0.0229963306337595,0.9999848008155824,0.9999971389770508,0.5591329336166382,0.638335645198822,-0.2051726281642913,0.9979318380355836,0.999976396560669,0.5131202936172485,0.620867133140564,-0.0086818570271134,0.8716496229171753,0.9999896287918092,0.5171712636947632,0.6862702965736389,-0.2173446118831634,0.99719899892807,0.9999972581863404,0.4927119612693786,0.6695784330368042,-0.0765014365315437,0.9617999792099,0.9999974966049194,0.5569412708282471,0.6799010038375854,-0.0515386499464511,0.9999805092811584,0.9999991655349731,0.5296515822410583,0.6723558902740479,0.0514949969947338,0.9999822974205016,0.9999995231628418,0.5022986531257629,0.7318207025527954,-0.1651328057050705,0.9750434160232544,0.9999940395355223,0.4794769883155823,0.7137370109558105,-0.0434473231434822,0.8816167116165161,0.9999935626983644,0.5183091163635254,0.8479616641998291,-0.0674945414066314,0.939624547958374,0.9999392032623292,0.4994714856147766,0.8290774822235107,0.0381867513060569,0.7891601324081421,0.9999828338623048,False,False,False,False,False,False,False,False,False,False,False,False,False
254,5.08,0.5262187719345093,0.4894927442073822,-0.1878499984741211,0.9999879598617554,0.9999971389770508,0.5663742423057556,0.5423280596733093,-0.1889561265707016,0.9999960064888,0.9999988079071044,0.522368311882019,0.5403702259063721,-0.0304882880300283,0.9999848008155824,0.9999977350234984,0.5591320395469666,0.6383118629455566,-0.2061768323183059,0.9979681968688964,0.9999822378158568,0.5131213068962097,0.620830774307251,-0.0155375720933079,0.8709105253219604,0.9999914169311525,0.5171641111373901,0.6862716674804688,-0.2178076952695846,0.997259795665741,0.9999980926513672,0.4928139746189117,0.669437050819397,-0.0818572789430618,0.9617049098014832,0.999997854232788,0.5569246411323547,0.6795399785041809,-0.0514714531600475,0.9999805688858032,0.9999990463256836,0.5296529531478882,0.6719831824302673,0.0514283031225204,0.9999822378158568,0.9999995231628418,0.5023759603500366,0.7323380708694458,-0.1583194285631179,0.974603533744812,0.9999927282333374,0.4795630872249603,0.714275598526001,-0.0406928099691867,0.8796112537384033,0.9999920129776,0.518301248550415,0.8480295538902283,-0.0665462091565132,0.9393165111541748,0.9999301433563232,0.4994713366031647,0.8292297124862671,0.0391126237809658,0.786651074886322,0.9999827146530152,False,False,False,False,False,False,False,False,False,False,False,False,False
255,5.1,0.5262081623077393,0.4894937574863434,-0.1855583190917968,0.9999873042106628,0.999994158744812,0.5663741230964661,0.5423277020454407,-0.1871997416019439,0.9999959468841552,0.9999982118606568,0.5223667621612549,0.5403341054916382,-0.0323323272168636,0.999984622001648,0.9999972581863404,0.559138298034668,0.6383405923843384,-0.2021405100822448,0.9979554414749146,0.9999785423278807,0.5131123661994934,0.6208378672599792,-0.0179688166826963,0.8730947971343994,0.999990701675415,0.5171894431114197,0.6863048672676086,-0.2117525041103363,0.9972782731056212,0.9999979734420776,0.4927248060703277,0.6697050929069519,-0.0819825306534767,0.9621225595474244,0.9999974966049194,0.5569613575935364,0.679345965385437,-0.0501452274620533,0.9999805092811584,0.999998927116394,0.5296974182128906,0.6718658208847046,0.0501011721789836,0.9999821186065674,0.9999995231628418,0.502628743648529,0.7323365807533264,-0.1566085815429687,0.9744772911071776,0.9999932050704956,0.4796295166015625,0.7143505811691284,-0.0409336909651756,0.8791311979293823,0.9999924898147584,0.5183864831924438,0.8480708599090576,-0.0674065798521041,0.9404342174530028,0.9999425411224364,0.4994775354862213,0.8291664123535156,0.0368768498301506,0.786462664604187,0.9999849796295166,False,False,False,False,False,False,False,False,False,False,False,False,False
256,5.12,0.5262299180030823,0.4894934892654419,-0.1857497096061706,0.999987542629242,0.9999969005584716,0.5663771033287048,0.5423292517662048,-0.1873157322406768,0.9999958872795104,0.9999983310699464,0.5223693251609802,0.5403305292129517,-0.0315120853483676,0.9999847412109376,0.9999979734420776,0.55913907289505,0.6384305953979492,-0.203915387392044,0.9979432821273804,0.999976634979248,0.5131251811981201,0.6209384202957153,-0.0192358419299125,0.8735121488571167,0.9999921321868896,0.5171929001808167,0.6863572597503662,-0.2142380774021148,0.9972514510154724,0.9999972581863404,0.4927710592746734,0.6696459650993347,-0.0882990062236785,0.9624576568603516,0.9999979734420776,0.5571832060813904,0.6795272827148438,-0.0501778163015842,0.9999804496765136,0.999998927116394,0.5298303365707397,0.672004222869873,0.0501339100301265,0.9999821782112122,0.9999995231628418,0.5026114583015442,0.732339084148407,-0.1550631672143936,0.9744226932525636,0.9999935626983644,0.4796646535396576,0.7144374847412109,-0.0386137962341308,0.8786957263946533,0.9999940395355223,0.5184186697006226,0.8479711413383484,-0.0592299066483974,0.9402793645858764,0.9999372959136964,0.4995186030864715,0.829157292842865,0.0436754673719406,0.7857561111450195,0.9999854564666748,False,False,False,False,False,False,False,False,False,False,False,False,False
257,5.14,0.5262500047683716,0.4895146191120147,-0.1863619685173034,0.9999881982803344,0.9999985694885254,0.5663772225379944,0.5423285365104675,-0.1872293055057525,0.9999960064888,0.999998927116394,0.5223681926727295,0.5403662323951721,-0.0307956412434577,0.9999849796295166,0.9999979734420776,0.5591861009597778,0.6384185552597046,-0.2040103077888488,0.9980023503303528,0.9999815225601196,0.5131308436393738,0.6209381818771362,-0.0180169902741909,0.8755566477775574,0.9999905824661256,0.5171542167663574,0.6863048076629639,-0.2168748080730438,0.9973517060279846,0.9999982118606568,0.4927670657634735,0.6696501970291138,-0.0880260095000267,0.9629222750663756,0.999997615814209,0.5568848848342896,0.6794936060905457,-0.0502052940428257,0.999980628490448,0.9999990463256836,0.5296550989151001,0.6719973087310791,0.0501611903309822,0.9999821782112122,0.9999995231628418,0.5025104880332947,0.732333779335022,-0.1561013907194137,0.9752350449562072,0.9999954700469972,0.4796856641769409,0.7145900130271912,-0.0387985967099666,0.8821504712104797,0.9999942779541016,0.518376886844635,0.8479738831520081,-0.059711467474699,0.9424805641174316,0.999947190284729,0.4995123445987701,0.8290464878082275,0.0425079651176929,0.7910971641540527,0.9999858140945436,False,False,False,False,False,False,False,False,False,False,False,False,False
258,5.16,0.526229739189148,0.4895156323909759,-0.1860321462154388,0.9999880790710448,0.9999966621398926,0.5663667917251587,0.5423296689987183,-0.1884741336107254,0.9999960660934448,0.9999986886978148,0.5223690271377563,0.5403947830200195,-0.0305772628635168,0.999984860420227,0.9999974966049194,0.559186577796936,0.638421893119812,-0.2079305946826934,0.9980216026306152,0.99998140335083,0.5131324529647827,0.620892345905304,-0.0174190886318683,0.8739116787910461,0.999990701675415,0.5171719789505005,0.6864423155784607,-0.2216832488775253,0.9973664879798888,0.9999979734420776,0.4930039942264557,0.6694194078445435,-0.0868264660239219,0.96220862865448,0.9999977350234984,0.5568848848342896,0.6795519590377808,-0.0506998114287853,0.9999807476997375,0.9999990463256836,0.529666006565094,0.6721155047416687,0.0506555922329425,0.9999821782112122,0.9999995231628418,0.5025309324264526,0.7331050038337708,-0.1615871787071228,0.9753074645996094,0.9999938011169434,0.4796663820743561,0.7146089673042297,-0.0402309820055961,0.8811397552490234,0.999993085861206,0.5184712409973145,0.848591148853302,-0.0675684437155723,0.942708432674408,0.9999359846115112,0.4993115961551666,0.8290563225746155,0.0402860082685947,0.7908712029457092,0.9999833106994628,False,False,False,False,False,False,False,False,False,False,False,False,False
259,5.18,0.5262343883514404,0.4894879460334778,-0.1853267848491668,0.9999882578849792,0.9999972581863404,0.5663817524909973,0.5423809289932251,-0.1882634907960891,0.9999960660934448,0.9999984502792358,0.5223681330680847,0.5404042601585388,-0.0262073948979377,0.9999850392341614,0.9999979734420776,0.5592212677001953,0.6384512782096863,-0.2074891477823257,0.9980406165122986,0.9999793767929076,0.513143002986908,0.6209385395050049,-0.0132717657834291,0.8737034201622009,0.9999922513961792,0.5171384215354919,0.6863681077957153,-0.221035748720169,0.997373104095459,0.9999974966049194,0.4929185211658478,0.6694195866584778,-0.0856544822454452,0.9624274969100952,0.9999980926513672,0.5567639470100403,0.6796943545341492,-0.0509923473000526,0.999980926513672,0.9999990463256836,0.52962327003479,0.6722553968429565,0.0509499087929725,0.9999823570251464,0.9999995231628418,0.5025274157524109,0.7330709099769592,-0.1621976792812347,0.9755565524101256,0.9999946355819702,0.4796619415283203,0.7146005630493164,-0.0415033847093582,0.8820618987083435,0.9999947547912598,0.5184071063995361,0.8480241298675537,-0.0637865290045738,0.9425451755523682,0.9999436140060424,0.4993419051170349,0.8290144205093384,0.0407918579876422,0.7909027934074402,0.9999855756759644,False,False,False,False,False,False,False,False,False,False,False,False,False
260,5.2,0.5262421369552612,0.4894873201847076,-0.1804483532905578,0.9999881982803344,0.9999969005584716,0.5663836598396301,0.5423785448074341,-0.1841750293970108,0.9999960660934448,0.9999984502792358,0.522368848323822,0.5404273867607117,-0.0208832714706659,0.9999849796295166,0.9999974966049194,0.5592218041419983,0.6384427547454834,-0.2051721215248108,0.9980434775352478,0.9999773502349854,0.513145923614502,0.6209517121315002,-0.0079435696825385,0.8730899095535278,0.999990701675415,0.5171560049057007,0.6863598823547363,-0.2195591181516647,0.9973601698875428,0.99999737739563,0.4929277300834656,0.669420063495636,-0.0792524963617324,0.962342083454132,0.999997854232788,0.5566860437393188,0.6798047423362732,-0.0510835908353328,0.9999810457229614,0.9999990463256836,0.5295723676681519,0.6723710298538208,0.0510403849184513,0.999982476234436,0.9999995231628418,0.5025528073310852,0.7329318523406982,-0.1705664247274398,0.9762853384017944,0.9999945163726808,0.4796584844589233,0.714304506778717,-0.0474613048136234,0.8845916986465454,0.999994158744812,0.5184048414230347,0.8481071591377258,-0.0758461505174636,0.9437382817268372,0.9999417066574096,0.4993146657943725,0.8290968537330627,0.0308085419237613,0.7946183681488037,0.9999837875366212,False,False,False,False,False,False,False,False,False,False,False,False,False
261,5.22,0.526237428188324,0.4894583821296692,-0.1804865151643753,0.999987781047821,0.9999959468841552,0.5663833022117615,0.5423713326454163,-0.1842429935932159,0.9999960064888,0.9999982118606568,0.5223696231842041,0.5404452085494995,-0.0212418083101511,0.999984860420227,0.9999971389770508,0.5592195987701416,0.6384318470954895,-0.2055824548006057,0.9979755878448486,0.999974012374878,0.5131493210792542,0.6209594011306763,-0.0078443754464387,0.8708091974258423,0.9999898672103882,0.5171559453010559,0.6863595843315125,-0.2201931476593017,0.9972156286239624,0.999996781349182,0.4929496943950653,0.6694204211235046,-0.0781628116965293,0.961616277694702,0.999997615814209,0.5566597580909729,0.6797743439674377,-0.0512107573449611,0.9999811053276062,0.9999990463256836,0.5295339822769165,0.6723436117172241,0.0511663593351841,0.9999825358390808,0.9999995231628418,0.5025847554206848,0.7328306436538696,-0.173041358590126,0.976135790348053,0.999994158744812,0.4796561598777771,0.7140817046165466,-0.0495451241731643,0.8845363259315491,0.9999940395355223,0.5184082984924316,0.848192572593689,-0.0793728530406951,0.943318009376526,0.9999402761459352,0.4992822110652923,0.8292375206947327,0.0274001602083444,0.7961722612380981,0.9999836683273317,False,False,False,False,False,False,False,False,False,False,False,False,False
262,5.24,0.5262275338172913,0.4894254803657532,-0.1803124397993087,0.9999874234199524,0.9999960660934448,0.5663836598396301,0.5423697233200073,-0.1828581839799881,0.9999960064888,0.9999984502792358,0.5223827362060547,0.5404348373413086,-0.0213434733450412,0.9999846816062928,0.9999971389770508,0.5592201948165894,0.6384003162384033,-0.2029947489500045,0.9979830980300904,0.9999793767929076,0.5131607055664062,0.6208928227424622,-0.0080353524535894,0.8697379231452942,0.9999898672103882,0.5172436833381653,0.686356246471405,-0.2175646126270294,0.9972497820854188,0.9999977350234984,0.4930097460746765,0.6693850755691528,-0.0756174251437187,0.9613876342773438,0.9999974966049194,0.5564383268356323,0.6796647310256958,-0.0510279014706611,0.9999809861183168,0.999998927116394,0.5294591188430786,0.672050952911377,0.0509825348854064,0.9999824166297911,0.9999994039535522,0.5025962591171265,0.7329893708229065,-0.1726236045360565,0.9761841893196106,0.9999927282333374,0.4796947538852691,0.7139978408813477,-0.0492943972349166,0.886072039604187,0.9999920129776,0.5183717608451843,0.848333477973938,-0.0785022005438804,0.9438133835792542,0.99992835521698,0.4992786347866058,0.8293459415435791,0.0256464909762144,0.7985521554946899,0.999980926513672,False,False,False,False,False,False,False,False,False,False,False,False,False
263,5.26,0.5261615514755249,0.489405870437622,-0.1804095059633255,0.9999870657920836,0.9999948740005492,0.5663858652114868,0.5423742532730103,-0.1837260574102401,0.9999960064888,0.9999983310699464,0.5223881602287292,0.540437638759613,-0.0262864734977483,0.9999843835830688,0.9999969005584716,0.5592186450958252,0.6383931040763855,-0.2031346261501312,0.9980026483535768,0.9999779462814332,0.5131548047065735,0.6208913922309875,-0.0124916341155767,0.8697375059127808,0.9999896287918092,0.5172447562217712,0.6864922642707825,-0.2174306511878967,0.9972774386405944,0.9999977350234984,0.4929976463317871,0.6694937348365784,-0.0767888501286506,0.9609354734420776,0.9999972581863404,0.5564171075820923,0.679665744304657,-0.0507834441959857,0.999980926513672,0.9999990463256836,0.5294565558433533,0.6720141172409058,0.0507394112646579,0.9999822378158568,0.9999995231628418,0.5025968551635742,0.7330983877182007,-0.1665844768285751,0.9761592745780944,0.999992847442627,0.4797121286392212,0.7140041589736938,-0.0471980087459087,0.8847837448120117,0.9999916553497314,0.5184028148651123,0.8486617803573608,-0.0771854966878891,0.9443798661231996,0.9999330043792723,0.4992403984069824,0.8290770053863525,0.0258381888270378,0.7962840795516968,0.9999836683273317,False,False,False,False,False,False,False,False,False,False,False,False,False
264,5.28,0.5261577367782593,0.4893986880779266,-0.1833081245422363,0.9999871850013732,0.999996781349182,0.5663855671882629,0.5423761010169983,-0.1851497143507003,0.9999959468841552,0.9999982118606568,0.52239590883255,0.540428876876831,-0.0280729494988918,0.9999842643737792,0.9999974966049194,0.5592161417007446,0.6384032368659973,-0.2043898850679397,0.9979788064956664,0.9999752044677734,0.5131661891937256,0.6208828687667847,-0.014308881945908,0.8683803081512451,0.9999911785125732,0.5172752141952515,0.6864939332008362,-0.2178213894367218,0.9972134828567504,0.9999969005584716,0.4930035471916199,0.6694928407669067,-0.0795882195234298,0.9605343341827391,0.999997615814209,0.5564488768577576,0.6797977685928345,-0.0508104301989078,0.9999806880950928,0.9999988079071044,0.5294820666313171,0.6720162630081177,0.0507667772471904,0.9999820590019226,0.9999995231628418,0.5024623274803162,0.7330605983734131,-0.1632956117391586,0.9758699536323548,0.9999922513961792,0.479717880487442,0.7139240503311157,-0.0438983403146266,0.8830372095108032,0.999992609024048,0.5183995366096497,0.8486365675926208,-0.0732429698109626,0.943697154521942,0.9999217987060548,0.499241441488266,0.8291035890579224,0.0322259366512298,0.7936597466468811,0.9999818801879884,False,False,False,False,False,False,False,False,False,False,False,False,False
265,5.3,0.5261598825454712,0.4894071817398071,-0.1832757145166397,0.9999876022338868,0.9999974966049194,0.5663925409317017,0.5423739552497864,-0.1838328689336776,0.9999959468841552,0.9999985694885254,0.5223968625068665,0.5404297709465027,-0.0264843050390481,0.9999843835830688,0.999997854232788,0.5592268705368042,0.6384046673774719,-0.2021980881690979,0.9980012774467468,0.9999781847000122,0.5131838321685791,0.6209443211555481,-0.0105863725766539,0.8704369068145752,0.9999920129776,0.5172697901725769,0.6864584684371948,-0.215161383152008,0.997255265712738,0.9999974966049194,0.4929982423782348,0.6694846153259277,-0.0764063820242881,0.9613123536109924,0.9999979734420776,0.5564888715744019,0.6798163652420044,-0.0508177727460861,0.999980628490448,0.999998927116394,0.5294781923294067,0.6720620393753052,0.0507740303874015,0.9999820590019226,0.9999995231628418,0.5024341344833374,0.7328604459762573,-0.1632565855979919,0.9763456583023072,0.9999935626983644,0.4796833097934723,0.7138981223106384,-0.0414414778351783,0.8850163221359253,0.9999933242797852,0.5184057950973511,0.8487083911895752,-0.0716147348284721,0.944632887840271,0.999935269355774,0.4992360472679138,0.8285964727401733,0.0374107882380485,0.796323835849762,0.9999833106994628,False,False,False,False,False,False,False,False,False,False,False,False,False
266,5.32,0.5261608958244324,0.4894279837608337,-0.1830604076385498,0.9999874234199524,0.999996304512024,0.5663968920707703,0.5423756837844849,-0.1836283653974533,0.9999958872795104,0.9999980926513672,0.5224026441574097,0.5404450297355652,-0.0253883562982082,0.9999843835830688,0.99999737739563,0.5592276453971863,0.638397216796875,-0.2022245675325393,0.9979541301727296,0.9999730587005616,0.5131855607032776,0.6210172176361084,-0.0104671437293291,0.8705289959907532,0.999990940093994,0.517278790473938,0.6864433884620667,-0.2158935964107513,0.9971781373023988,0.9999969005584716,0.4929717779159546,0.669489860534668,-0.076864443719387,0.9615155458450316,0.9999977350234984,0.5564894080162048,0.6799306869506836,-0.0508818551898002,0.9999804496765136,0.999998927116394,0.5294263958930969,0.6721975803375244,0.050837080925703,0.9999819993972778,0.9999995231628418,0.502456545829773,0.7327577471733093,-0.1662890762090683,0.9758849143981934,0.9999929666519164,0.4796559512615204,0.7139158248901367,-0.0426090583205223,0.8838374614715576,0.999992847442627,0.5183941125869751,0.8486123085021973,-0.071591816842556,0.9425659775733948,0.9999268054962158,0.4992300868034363,0.8287638425827026,0.0372571349143981,0.7929511666297913,0.999981164932251,False,False,False,False,False,False,False,False,False,False,False,False,False
267,5.34,0.5261633396148682,0.4894284904003143,-0.1826387792825698,0.999987781047821,0.9999977350234984,0.566396951675415,0.5423815846443176,-0.1834599822759628,0.9999959468841552,0.9999986886978148,0.5224071741104126,0.5404505133628845,-0.0229893457144498,0.9999845623970032,0.9999977350234984,0.5592278242111206,0.638388454914093,-0.2024534791707992,0.9979790449142456,0.9999799728393556,0.513187050819397,0.6210317015647888,-0.0084045510739088,0.8710974454879761,0.9999916553497314,0.5172855854034424,0.686423122882843,-0.2174259573221206,0.9972181916236876,0.9999977350234984,0.4929717481136322,0.6694916486740112,-0.0764170214533805,0.9617502093315125,0.9999979734420776,0.5564495921134949,0.6799320578575134,-0.0511122196912765,0.9999804496765136,0.999998927116394,0.5293864607810974,0.6721993684768677,0.0510672181844711,0.9999819993972778,0.9999994039535522,0.502461850643158,0.7327209115028381,-0.1700988113880157,0.9761587381362916,0.9999935626983644,0.4796535074710846,0.7137484550476074,-0.0468340888619422,0.8853045701980591,0.9999932050704956,0.5184110403060913,0.848694920539856,-0.0778879448771476,0.9425886869430542,0.999924659729004,0.4992089569568634,0.829110324382782,0.0296738240867853,0.7942076325416565,0.9999805688858032,False,False,False,False,False,False,False,False,False,False,False,False,False
268,5.36,0.5261631011962891,0.4894194304943084,-0.1823639720678329,0.9999880194664,0.9999972581863404,0.5663967132568359,0.542381763458252,-0.1829384118318557,0.9999960064888,0.9999985694885254,0.5224155783653259,0.54045170545578,-0.0237451400607824,0.999984622001648,0.9999977350234984,0.5592267513275146,0.6383798122406006,-0.2017394006252288,0.9979798793792723,0.9999784231185912,0.5131872296333313,0.6210291981697083,-0.0094299595803022,0.8717367649078369,0.9999911785125732,0.517292857170105,0.6864504218101501,-0.2157995849847793,0.9972112774848938,0.9999974966049194,0.4929763674736023,0.6695439219474792,-0.0766035318374633,0.9618864059448242,0.9999977350234984,0.5564500689506531,0.6799374222755432,-0.0508858188986778,0.9999805688858032,0.9999990463256836,0.5293871164321899,0.6722285747528076,0.0508405230939388,0.9999821186065674,0.9999995231628418,0.5024613738059998,0.732778012752533,-0.1650051772594452,0.9761937856674194,0.9999934434890748,0.4796509742736816,0.7136557698249817,-0.0465320348739624,0.88585364818573,0.9999932050704956,0.5183790326118469,0.8487496972084045,-0.0738479867577552,0.9425161480903624,0.9999369382858276,0.4991615712642669,0.8292430639266968,0.0302406456321477,0.7951853275299072,0.9999827146530152,False,False,False,False,False,False,False,False,False,False,False,False,False
269,5.38,0.5261711478233337,0.4894194304943084,-0.1871671080589294,0.9999882578849792,0.9999974966049194,0.5664013624191284,0.5423870086669922,-0.1848855912685394,0.9999960064888,0.9999984502792358,0.5224253535270691,0.5404642820358276,-0.025286179035902,0.9999846816062928,0.9999974966049194,0.5592288970947266,0.6384133696556091,-0.2043595165014267,0.9979665875434875,0.9999760389328004,0.5131882429122925,0.6210591793060303,-0.0120456237345933,0.8716400861740112,0.9999905824661256,0.5172873139381409,0.6864314675331116,-0.2188336253166198,0.9971985816955566,0.9999972581863404,0.4929196238517761,0.6696145534515381,-0.0819632709026336,0.9618203043937684,0.9999974966049194,0.5565622448921204,0.6800037622451782,-0.0510229505598545,0.999980330467224,0.999998927116394,0.5293915271759033,0.6722341179847717,0.0509761683642864,0.9999819993972778,0.9999995231628418,0.5024734735488892,0.7326487898826599,-0.1668436378240585,0.9757150411605836,0.9999934434890748,0.4796489179134369,0.7137293815612793,-0.0458003021776676,0.8834871053695679,0.9999927282333374,0.518349826335907,0.8486095070838928,-0.0734530538320541,0.9406625032424928,0.9999332427978516,0.4991455376148224,0.8292198777198792,0.0355182513594627,0.7912698984146118,0.9999819993972778,False,False,False,False,False,False,False,False,False,False,False,False,False
270,5.4,0.5261811017990112,0.4894329011440277,-0.1883882582187652,0.9999884963035583,0.9999972581863404,0.566404402256012,0.5424068570137024,-0.1857480108737945,0.9999960064888,0.9999983310699464,0.5224267840385437,0.5404627919197083,-0.0259064007550477,0.9999845623970032,0.9999974966049194,0.5592345595359802,0.6384315490722656,-0.2044757157564163,0.9979844093322754,0.9999772310256958,0.5131900310516357,0.6210654973983765,-0.0119210937991738,0.8717978596687317,0.9999911785125732,0.5172697305679321,0.6863618493080139,-0.2188074439764022,0.9972301721572876,0.99999737739563,0.4929065406322479,0.6696121692657471,-0.0811332315206527,0.9618228673934937,0.999997615814209,0.5566246509552002,0.6800161004066467,-0.0511264950037002,0.9999800324440002,0.9999988079071044,0.5293895602226257,0.6722369194030762,0.051080122590065,0.999981701374054,0.9999994039535522,0.502452552318573,0.7324198484420776,-0.1661267578601837,0.9759280681610109,0.999992609024048,0.4796070754528045,0.713697612285614,-0.0404154434800148,0.8833271265029907,0.9999920129776,0.5184029340744019,0.8486798405647278,-0.0728755891323089,0.941425621509552,0.9999260902404784,0.4991443455219269,0.8287404775619507,0.0412575863301754,0.7914818525314331,0.99998140335083,False,False,False,False,False,False,False,False,False,False,False,False,False
271,5.42,0.5261820554733276,0.4894724488258362,-0.1847801208496093,0.9999878406524658,0.9999954700469972,0.5664106607437134,0.5424352288246155,-0.1845170706510543,0.9999959468841552,0.9999982118606568,0.5224276781082153,0.5404652953147888,-0.0237941723316907,0.9999844431877136,0.9999971389770508,0.5592349171638489,0.6384103298187256,-0.2034859806299209,0.9979379177093506,0.9999768733978271,0.5131922960281372,0.6210623979568481,-0.0085402065888047,0.8697077631950378,0.9999901056289672,0.5172784328460693,0.6863508224487305,-0.217577114701271,0.997177243232727,0.99999737739563,0.4929136633872986,0.6695864796638489,-0.0763594359159469,0.9612209796905518,0.9999977350234984,0.5566176176071167,0.6800179481506348,-0.0511361472308635,0.9999800324440002,0.9999990463256836,0.5293488502502441,0.6722388863563538,0.0510894879698753,0.999981701374054,0.9999995231628418,0.5024886727333069,0.732237696647644,-0.1697819977998733,0.975621223449707,0.9999940395355223,0.4796091616153717,0.7137008905410767,-0.0446032620966434,0.882637619972229,0.9999934434890748,0.5184020400047302,0.8486102223396301,-0.0774809420108795,0.9408261179924012,0.999941349029541,0.4991435110569,0.8288663625717163,0.0334506444633007,0.7909177541732788,0.9999831914901732,False,False,False,False,False,False,False,False,False,False,False,False,False
272,5.44,0.5261819958686829,0.4895009398460388,-0.1843238025903701,0.9999865889549256,0.999994158744812,0.5664122700691223,0.5424666404724121,-0.1847171485424041,0.9999958276748656,0.9999979734420776,0.5224331617355347,0.5404664874076843,-0.0237521473318338,0.9999840259552002,0.999996542930603,0.5592315196990967,0.6384087800979614,-0.2041157186031341,0.9978873133659364,0.9999749660491944,0.5131931304931641,0.621060311794281,-0.0081056458875536,0.8660300374031067,0.9999889135360718,0.5172786712646484,0.686374843120575,-0.2179614603519439,0.9970946907997132,0.9999970197677612,0.4929394423961639,0.6695785522460938,-0.0749887377023696,0.9600055813789368,0.9999972581863404,0.5566197633743286,0.6800064444541931,-0.0511569157242774,0.999980092048645,0.999998927116394,0.5293514132499695,0.6722533702850342,0.0511096902191638,0.999981701374054,0.9999995231628418,0.5025089979171753,0.7322436571121216,-0.1704565584659576,0.9749857783317566,0.9999932050704956,0.4796086549758911,0.7135305404663086,-0.0465050227940082,0.8806517720222473,0.999992609024048,0.5184057950973511,0.8485661745071411,-0.0768746435642242,0.939450740814209,0.9999340772628784,0.4991348683834076,0.8288910984992981,0.0325295403599739,0.7886269688606262,0.999981164932251,False,False,False,False,False,False,False,False,False,False,False,False,False
273,5.46,0.5261817574501038,0.4894911050796509,-0.1846284419298172,0.9999866485595704,0.9999966621398926,0.5664132237434387,0.5424976944923401,-0.1854294836521148,0.9999958872795104,0.9999985694885254,0.522434413433075,0.5404672622680664,-0.0255856867879629,0.999984085559845,0.9999974966049194,0.5592315196990967,0.6384081244468689,-0.2050510048866272,0.9978849291801452,0.9999792575836182,0.513200581073761,0.6210606694221497,-0.0116304289549589,0.8653168082237244,0.9999901056289672,0.5173264145851135,0.6863600611686707,-0.2193716019392013,0.9971034526824952,0.999997615814209,0.4929400086402893,0.6695653796195984,-0.0803109407424926,0.9597257971763612,0.9999974966049194,0.5565769672393799,0.680004358291626,-0.0511341206729412,0.9999802112579346,0.9999990463256836,0.5292966365814209,0.6722330451011658,0.0510867200791835,0.9999817609786988,0.9999995231628418,0.5024725794792175,0.7321555018424988,-0.1688160151243209,0.9744704365730286,0.9999936819076538,0.4796050488948822,0.7135519981384277,-0.046463768929243,0.8793565034866333,0.9999927282333374,0.5183788537979126,0.8484504818916321,-0.0725718364119529,0.938085675239563,0.9999366998672484,0.4991341233253479,0.8288719058036804,0.0338732153177261,0.7861611843109131,0.9999821186065674,False,False,False,False,False,False,False,False,False,False,False,False,False
274,5.48,0.5261813998222351,0.4894908666610718,-0.1845301985740661,0.9999857544898988,0.9999943971633912,0.5664177536964417,0.5424986481666565,-0.1854245662689209,0.9999958872795104,0.9999983310699464,0.5224417448043823,0.540465235710144,-0.0265084747225046,0.9999837875366212,0.999996781349182,0.5592151880264282,0.6383787393569946,-0.204425573348999,0.9978516697883606,0.9999785423278807,0.5131927132606506,0.6210607290267944,-0.0118942065164446,0.863333523273468,0.9999887943267822,0.517311692237854,0.6863666772842407,-0.2179456055164337,0.9970707297325134,0.999997615814209,0.492940217256546,0.6695753335952759,-0.0795557275414466,0.9586390256881714,0.9999970197677612,0.5565746426582336,0.6796553134918213,-0.0509392879903316,0.9999802112579346,0.999998927116394,0.5293096899986267,0.6719666719436646,0.0508908703923225,0.999981701374054,0.9999994039535522,0.5024740695953369,0.7324191331863403,-0.1653686314821243,0.9735074639320374,0.9999929666519164,0.4796143174171448,0.713346540927887,-0.0471111498773098,0.8779447078704834,0.9999923706054688,0.5183135867118835,0.8483914136886597,-0.0719086751341819,0.936574935913086,0.9999277591705322,0.4990958571434021,0.8289075493812561,0.0296891219913959,0.7852649688720703,0.999980092048645,False,False,False,False,False,False,False,False,False,False,False,False,False
275,5.5,0.5261671543121338,0.4894900321960449,-0.1844736635684967,0.9999853372573853,0.9999946355819702,0.5664290189743042,0.5425145626068115,-0.1861090362071991,0.9999958276748656,0.9999979734420776,0.5224444270133972,0.5404813885688782,-0.0296212825924158,0.9999836087226868,0.9999971389770508,0.5592040419578552,0.6384162306785583,-0.2045570760965347,0.997827410697937,0.9999783039093018,0.513174295425415,0.6210711002349854,-0.0163952074944973,0.8648419380187988,0.9999905824661256,0.5172932744026184,0.6864089965820312,-0.2175555080175399,0.997053563594818,0.999997615814209,0.4929198026657104,0.6696390509605408,-0.0835907831788063,0.9586229920387268,0.9999972581863404,0.556969404220581,0.6795144081115723,-0.050785806030035,0.9999800324440002,0.9999988079071044,0.5296021699905396,0.671891987323761,0.0507380217313766,0.9999815821647644,0.9999994039535522,0.5025606751441956,0.732414186000824,-0.1589501351118087,0.9719303846359252,0.9999912977218628,0.4797102808952331,0.7133501768112183,-0.0449286513030529,0.8729082942008972,0.9999908208847046,0.5183157920837402,0.848351240158081,-0.0673899203538894,0.9347756505012512,0.999914288520813,0.4990890622138977,0.8286938667297363,0.0360904783010482,0.7772223353385925,0.9999796152114868,False,False,False,False,False,False,False,False,False,False,False,False,False
276,5.52,0.5261852145195007,0.4895406067371368,-0.1821476370096206,0.999984860420227,0.999995231628418,0.5664604306221008,0.5425117611885071,-0.1852012276649475,0.9999957084655762,0.999997854232788,0.5224472284317017,0.5404819250106812,-0.027495939284563,0.9999839067459106,0.999997854232788,0.5591323375701904,0.6384308934211731,-0.2043854594230651,0.9978026151657104,0.999974489212036,0.5131807327270508,0.6210921406745911,-0.0159046854823827,0.8657395839691162,0.9999921321868896,0.5171599984169006,0.6864084601402283,-0.2170678079128265,0.9969752430915833,0.9999966621398926,0.4928704798221588,0.6696524620056152,-0.0849405154585838,0.9591590762138368,0.9999979734420776,0.5569267272949219,0.6796042919158936,-0.0507659092545509,0.9999802112579346,0.9999990463256836,0.529558539390564,0.6719790697097778,0.0507186464965343,0.9999819397926332,0.9999996423721312,0.5025679469108582,0.7325590252876282,-0.1638922691345214,0.9720882177352904,0.999994158744812,0.4797793626785278,0.7134365439414978,-0.0489905886352062,0.8739300966262817,0.9999948740005492,0.5183150172233582,0.84745192527771,-0.0668913796544075,0.9342937469482422,0.9999436140060424,0.4991334676742553,0.828813910484314,0.0361768491566181,0.7763912081718445,0.9999853372573853,False,False,False,False,False,False,False,False,False,False,False,False,False
277,5.54,0.5261894464492798,0.4895489811897278,-0.1823586076498031,0.9999850988388062,0.9999969005584716,0.5664610266685486,0.5426033139228821,-0.1851809918880462,0.9999957084655762,0.9999982118606568,0.5224484205245972,0.5404815673828125,-0.0270604994148015,0.9999839663505554,0.99999737739563,0.5591386556625366,0.6384440660476685,-0.2043996602296829,0.9977830052375792,0.999974489212036,0.5131813287734985,0.6210924983024597,-0.0141544509679079,0.8660155534744263,0.9999908208847046,0.5171583890914917,0.6864610314369202,-0.2173415124416351,0.9969393610954284,0.9999972581863404,0.4929153621196747,0.6696478724479675,-0.0817103534936904,0.9593809843063354,0.999997854232788,0.5568385720252991,0.6796067953109741,-0.0508842580020427,0.9999799728393556,0.9999988079071044,0.5295164585113525,0.6719815731048584,0.0508372336626052,0.999981701374054,0.9999994039535522,0.5025697350502014,0.7323847413063049,-0.1661768853664398,0.972044050693512,0.9999929666519164,0.4797239899635315,0.7133229374885559,-0.048600398004055,0.8735677599906921,0.9999929666519164,0.5184217691421509,0.8480305075645447,-0.0764721408486366,0.934179425239563,0.9999240636825562,0.4991131424903869,0.8288751244544983,0.0301209483295679,0.776779294013977,0.999980926513672,False,False,False,False,False,False,False,False,False,False,False,False,False
278,5.56,0.5261853933334351,0.4895431101322174,-0.1827314347028732,0.9999849200248718,0.9999955892562866,0.5664615631103516,0.542610228061676,-0.1849860399961471,0.9999957084655762,0.9999983310699464,0.5224494338035583,0.5404782295227051,-0.0272740013897418,0.9999837875366212,0.9999969005584716,0.5591345429420471,0.6384444832801819,-0.2036262601613998,0.9977815747261048,0.9999780654907228,0.5131819844245911,0.6210866570472717,-0.0139490747824311,0.8656890988349915,0.9999886751174928,0.517175555229187,0.686477780342102,-0.2164609432220459,0.9969524145126344,0.999997615814209,0.492946594953537,0.6696519255638123,-0.0807601660490036,0.9589345455169678,0.9999970197677612,0.5568569898605347,0.6795724630355835,-0.0507496669888496,0.9999799728393556,0.999998927116394,0.5295713543891907,0.6719565987586975,0.0507016517221927,0.999981701374054,0.9999994039535522,0.502571165561676,0.7325037717819214,-0.1646247804164886,0.9719508290290833,0.9999932050704956,0.4797282218933105,0.7132535576820374,-0.0482748337090015,0.8741349577903748,0.9999924898147584,0.5183908939361572,0.8480353951454163,-0.0748005285859108,0.9343503713607788,0.9999345541000366,0.4990886151790619,0.8289313316345215,0.0301546715199947,0.7789749503135681,0.999981164932251,False,False,False,False,False,False,False,False,False,False,False,False,False
279,5.58,0.5261874198913574,0.4895440638065338,-0.182338684797287,0.9999856352806092,0.999997615814209,0.566471517086029,0.5426106452941895,-0.1840062290430069,0.999995768070221,0.9999985694885254,0.5224515795707703,0.5404837131500244,-0.0272091515362262,0.9999840259552002,0.9999980926513672,0.5591360926628113,0.6384336948394775,-0.2025987207889557,0.9978190660476683,0.9999775886535645,0.5131839513778687,0.6211896538734436,-0.0146745489910244,0.8674082159996033,0.9999922513961792,0.5171788334846497,0.6864643096923828,-0.2150727212429046,0.9969975352287292,0.99999737739563,0.4929459989070892,0.6696503162384033,-0.0836630538105964,0.9596893787384032,0.9999979734420776,0.5568590760231018,0.6796428561210632,-0.0507038421928882,0.9999801516532898,0.9999990463256836,0.5295667052268982,0.6720274686813354,0.0506568886339664,0.9999818801879884,0.9999995231628418,0.5025550127029419,0.7326059937477112,-0.1605673879384994,0.972703218460083,0.9999938011169434,0.4795045256614685,0.713257372379303,-0.0439548641443252,0.8760581016540527,0.9999936819076538,0.5183925032615662,0.8480420112609863,-0.067811980843544,0.9359018802642822,0.9999382495880128,0.4991313517093658,0.8289352655410767,0.036626923829317,0.780928373336792,0.9999850988388062,False,False,False,False,False,False,False,False,False,False,False,False,False
280,5.6,0.5262066721916199,0.4895631670951843,-0.1829025596380233,0.9999858736991882,0.9999969005584716,0.5664722323417664,0.5426369309425354,-0.1835625916719436,0.9999957084655762,0.9999980926513672,0.5224531292915344,0.5404790639877319,-0.0262057874351739,0.9999839067459106,0.9999971389770508,0.5591457486152649,0.6384338140487671,-0.2021901756525039,0.9977916479110718,0.9999704360961914,0.5131871104240417,0.6211802363395691,-0.0122833363711833,0.867587685585022,0.99998939037323,0.5172096490859985,0.6864553093910217,-0.2147213667631149,0.9969358444213868,0.9999964237213136,0.4929617345333099,0.6695908308029175,-0.0800450518727302,0.9599149823188782,0.99999737739563,0.5569122433662415,0.6796603202819824,-0.0507339648902416,0.9999801516532898,0.999998927116394,0.5295738577842712,0.6720417141914368,0.0506866611540317,0.9999819397926332,0.9999995231628418,0.5026135444641113,0.7324720621109009,-0.1625964492559433,0.9733341336250304,0.9999936819076538,0.479504257440567,0.7132410407066345,-0.0439889840781688,0.8786028027534485,0.9999934434890748,0.5183980464935303,0.8480048775672913,-0.0691495686769485,0.9373152256011964,0.9999390840530396,0.4991305768489837,0.8289382457733154,0.0364006236195564,0.785686194896698,0.9999831914901732,False,False,False,False,False,False,False,False,False,False,False,False,False
281,5.62,0.5262084603309631,0.4896062910556793,-0.1819222718477249,0.9999862909317015,0.9999969005584716,0.5664740204811096,0.5426428318023682,-0.1818345338106155,0.9999957084655762,0.9999982118606568,0.5224472880363464,0.5405029058456421,-0.0247548297047615,0.9999839067459106,0.999997615814209,0.5591453313827515,0.6384367346763611,-0.1995900422334671,0.997830092906952,0.9999761581420898,0.5131877660751343,0.6212494373321533,-0.0103086791932582,0.8699787855148315,0.9999916553497314,0.5172100067138672,0.6864258050918579,-0.2110774964094162,0.9969943761825562,0.9999972581863404,0.4929571449756622,0.6695908904075623,-0.0779634788632392,0.960748553276062,0.9999977350234984,0.5570750832557678,0.6798239350318909,-0.0507372766733169,0.9999802112579346,0.9999988079071044,0.5295745730400085,0.6722727417945862,0.0506901405751705,0.9999819993972778,0.9999995231628418,0.5026092529296875,0.7322547435760498,-0.1619818657636642,0.9743278622627258,0.9999933242797852,0.4795116782188415,0.7132182717323303,-0.0412459336221218,0.8817949295043945,0.9999934434890748,0.5184192061424255,0.8480052351951599,-0.0672063827514648,0.939569056034088,0.9999353885650636,0.499130517244339,0.8288590908050537,0.0402793139219284,0.7907572388648987,0.9999834299087524,False,False,False,False,False,False,False,False,False,False,False,False,False
282,5.64,0.5262669324874878,0.4896483719348907,-0.1868116110563278,0.9999869465827942,0.9999980926513672,0.5664746165275574,0.5426548719406128,-0.1830226629972458,0.999995768070221,0.9999986886978148,0.5224505066871643,0.5405305027961731,-0.025940679013729,0.9999841451644896,0.9999979734420776,0.559162437915802,0.6384469866752625,-0.2000982612371444,0.9978601336479188,0.9999791383743286,0.5131880640983582,0.6212589144706726,-0.0107725551351904,0.8719022274017334,0.9999916553497314,0.5172095894813538,0.6864117383956909,-0.2118368148803711,0.9970455169677734,0.999997615814209,0.4927786886692047,0.6696205735206604,-0.0784449353814125,0.9612462520599364,0.9999977350234984,0.5570974349975586,0.6798849701881409,-0.0507490001618862,0.9999802112579346,0.9999990463256836,0.5295761823654175,0.6723512411117554,0.0507018454372882,0.9999819993972778,0.9999995231628418,0.5025578141212463,0.7321562170982361,-0.1616541296243667,0.9746910929679872,0.9999946355819702,0.4795017838478088,0.7133287191390991,-0.0410179905593395,0.8833954334259033,0.9999942779541016,0.5184046626091003,0.8480052351951599,-0.0662756040692329,0.9403592348098756,0.9999446868896484,0.4991046190261841,0.8287912011146545,0.0404279194772243,0.793225884437561,0.9999852180480956,False,False,False,False,False,False,False,False,False,False,False,False,False
283,5.66,0.5262799263000488,0.4896845519542694,-0.1866057515144348,0.9999874830245972,0.999997854232788,0.5664733052253723,0.5426596403121948,-0.1830403059720993,0.9999958276748656,0.9999985694885254,0.5224640965461731,0.5405736565589905,-0.0247734729200601,0.9999842047691344,0.999997854232788,0.5591644048690796,0.6384605169296265,-0.2002978920936584,0.9979180693626404,0.99997878074646,0.5131903290748596,0.6212769746780396,-0.0083786211907863,0.8726390600204468,0.9999916553497314,0.517207682132721,0.6864029169082642,-0.2122486233711242,0.997132420539856,0.9999974966049194,0.4927770495414734,0.6696166396141052,-0.0754303038120269,0.9616900086402892,0.999997854232788,0.5571298599243164,0.6799657940864563,-0.0509348958730697,0.9999802112579346,0.999998927116394,0.5295882821083069,0.6724708080291748,0.0508888512849807,0.9999819993972778,0.9999995231628418,0.5025377869606018,0.7319838404655457,-0.1617312729358673,0.9755344986915588,0.9999940395355223,0.479472815990448,0.713326096534729,-0.040317952632904,0.8857528567314148,0.9999938011169434,0.5184067487716675,0.8482600450515747,-0.0666276887059211,0.9424476027488708,0.9999420642852784,0.499104380607605,0.8287270069122314,0.040515910834074,0.7972174882888794,0.9999853372573853,False,False,False,False,False,False,False,False,False,False,False,False,False
284,5.68,0.526294469833374,0.4897138774394989,-0.1888022273778915,0.9999880790710448,0.9999982118606568,0.5664728879928589,0.5426741242408752,-0.1846521943807602,0.9999958872795104,0.9999986886978148,0.5224769711494446,0.5405953526496887,-0.0249934829771518,0.9999843835830688,0.9999979734420776,0.5591658353805542,0.6384822726249695,-0.2016711980104446,0.9979628920555116,0.9999785423278807,0.5131910443305969,0.621317446231842,-0.0084820995107293,0.8737205862998962,0.999991774559021,0.5172075629234314,0.6863847970962524,-0.2130182385444641,0.9971888661384584,0.9999974966049194,0.4927546083927154,0.6696242094039917,-0.0752996131777763,0.9621515274047852,0.9999979734420776,0.5571630597114563,0.6799677610397339,-0.0511228889226913,0.9999802112579346,0.9999990463256836,0.5296061635017395,0.672472357749939,0.0510774441063404,0.9999819993972778,0.9999995231628418,0.5025069713592529,0.7318799495697021,-0.1617202162742614,0.9760756492614746,0.9999942779541016,0.4794350862503052,0.7133802771568298,-0.0399457328021526,0.8874456286430359,0.999994158744812,0.5183830261230469,0.8482831120491028,-0.0665058717131614,0.9436986446380616,0.9999445676803588,0.4991175532341003,0.8287299275398254,0.0406881161034107,0.8003541231155396,0.9999855756759644,False,False,False,False,False,False,False,False,False,False,False,False,False
285,5.7,0.5263062119483948,0.4897451400756836,-0.1846509128808975,0.9999885559082032,0.9999979734420776,0.5664733648300171,0.542673647403717,-0.1806813031435012,0.9999959468841552,0.9999985694885254,0.5224832892417908,0.5406070947647095,-0.022318061441183,0.9999846816062928,0.9999980926513672,0.5591681003570557,0.6384643316268921,-0.1994900554418563,0.997987985610962,0.9999759197235109,0.5131947994232178,0.6213483810424805,-0.0076748924329876,0.8754757046699524,0.999992609024048,0.5172147154808044,0.6863316297531128,-0.2121068090200424,0.9972407221794128,0.9999971389770508,0.4927546679973602,0.6696211099624634,-0.0755528062582016,0.9632062911987304,0.9999982118606568,0.5571545362472534,0.6802642345428467,-0.0511742793023586,0.9999802112579346,0.999998927116394,0.5295684933662415,0.6728563904762268,0.0511286482214927,0.9999820590019226,0.9999995231628418,0.5024815797805786,0.7317891120910645,-0.1625410914421081,0.976872742176056,0.9999936819076538,0.479434609413147,0.7133805155754089,-0.039573036134243,0.8899116516113281,0.9999938011169434,0.5183997750282288,0.8480679988861084,-0.0665660202503204,0.9448895454406738,0.9999339580535888,0.4991205930709839,0.8287409543991089,0.04069709405303,0.8032234311103821,0.9999836683273317,False,False,False,False,False,False,False,False,False,False,False,False,False
286,5.72,0.5263131260871887,0.4898014068603515,-0.187018796801567,0.9999889731407166,0.9999983310699464,0.5664737820625305,0.5427024364471436,-0.1823919266462326,0.9999960064888,0.9999986886978148,0.5224736332893372,0.5406246781349182,-0.0227990839630365,0.999984860420227,0.9999979734420776,0.5591659545898438,0.6384678483009338,-0.2015443295240402,0.997986137866974,0.9999788999557496,0.5131948590278625,0.6213510036468506,-0.0076926853507757,0.8753915429115295,0.9999918937683104,0.5172445774078369,0.6863335967063904,-0.2165194004774093,0.997241199016571,0.999997615814209,0.4927459061145782,0.6696227192878723,-0.0762566402554512,0.9630659222602844,0.9999979734420776,0.557152509689331,0.6801921129226685,-0.0513937883079052,0.9999800324440002,0.999998927116394,0.5295679569244385,0.6727428436279297,0.0513478554785251,0.9999818801879884,0.9999995231628418,0.5024959444999695,0.731849730014801,-0.1644019335508346,0.9768458008766174,0.9999933242797852,0.4794119894504547,0.713314950466156,-0.0397653058171272,0.8892412781715393,0.9999933242797852,0.5183929800987244,0.8488088250160217,-0.0752490758895874,0.9449101090431212,0.9999284744262696,0.4990752041339874,0.828896701335907,0.03571592643857,0.8033934831619263,0.9999822378158568,False,False,False,False,False,False,False,False,False,False,False,False,False
287,5.74,0.5263028740882874,0.4898028969764709,-0.1864175498485565,0.9999890327453612,0.9999972581863404,0.5664733648300171,0.542702317237854,-0.182278886437416,0.9999960064888,0.9999985694885254,0.5224771499633789,0.5406186580657959,-0.0246722754091024,0.999984860420227,0.999997615814209,0.5591675639152527,0.6383979916572571,-0.2011313289403915,0.9979771375656128,0.9999797344207764,0.5132080912590027,0.6213215589523315,-0.0101351356133818,0.875461757183075,0.9999912977218628,0.5173534154891968,0.6863314509391785,-0.2161665856838226,0.997266411781311,0.999997854232788,0.4927582442760467,0.6696208119392395,-0.0777073353528976,0.9631681442260742,0.999997854232788,0.5571449398994446,0.6801684498786926,-0.0511278882622718,0.9999799132347108,0.999998927116394,0.5295674204826355,0.6727238297462463,0.0510812141001224,0.999981701374054,0.9999994039535522,0.5025108456611633,0.7316389679908752,-0.161592349410057,0.9760518670082092,0.9999924898147584,0.4794136881828308,0.7133322358131409,-0.0395836792886257,0.8863179683685303,0.9999916553497314,0.5183896422386169,0.8485695719718933,-0.072285272181034,0.9433234930038452,0.99992835521698,0.4990595579147339,0.828819215297699,0.0370244532823562,0.7982234358787537,0.9999806880950928,False,False,False,False,False,False,False,False,False,False,False,False,False
288,5.76,0.5262852907180786,0.4898046851158142,-0.1860230565071106,0.9999884963035583,0.999996304512024,0.5664682984352112,0.5427027344703674,-0.1834667026996612,0.9999960064888,0.9999983310699464,0.5224794149398804,0.5406116247177124,-0.0246392227709293,0.9999847412109376,0.9999972581863404,0.559171736240387,0.6383684873580933,-0.2031135410070419,0.9979349374771118,0.9999785423278807,0.5132223963737488,0.6213154196739197,-0.0098586194217205,0.8725239634513855,0.9999903440475464,0.5173683762550354,0.6863094568252563,-0.2179732471704483,0.9972187280654908,0.9999974966049194,0.4927965402603149,0.6695594787597656,-0.0775529593229293,0.9622606635093688,0.999997615814209,0.5570803284645081,0.6801550388336182,-0.051194854080677,0.999979853630066,0.999998927116394,0.5295587778091431,0.6726598143577576,0.0511476211249828,0.9999816417694092,0.9999995231628418,0.5025177001953125,0.7314224243164062,-0.1646845936775207,0.9749637246131896,0.999993085861206,0.4794287979602813,0.713337242603302,-0.0421282090246677,0.882800817489624,0.9999923706054688,0.5183696150779724,0.8482338190078735,-0.0726129561662674,0.9407350420951844,0.9999300241470336,0.499059110879898,0.8288719058036804,0.0361110083758831,0.7930047512054443,0.9999802112579346,False,False,False,False,False,False,False,False,False,False,False,False,False
289,5.78,0.5262351632118225,0.4898061156272888,-0.1858493387699127,0.9999876022338868,0.9999942779541016,0.5664509534835815,0.5427107214927673,-0.1844327300786972,0.9999959468841552,0.9999979734420776,0.5224812030792236,0.5406076908111572,-0.0246478524059057,0.999984323978424,0.9999966621398926,0.5591714978218079,0.6383717656135559,-0.2038691490888595,0.997913122177124,0.9999758005142212,0.5132256746292114,0.6212870478630066,-0.0090228915214538,0.8693386316299438,0.9999889135360718,0.517410397529602,0.6863134503364563,-0.2178599834442138,0.997171938419342,0.9999970197677612,0.4928885102272033,0.6694668531417847,-0.0749160721898078,0.9612273573875428,0.9999971389770508,0.5571053624153137,0.6801523566246033,-0.0512420050799846,0.9999797344207764,0.9999988079071044,0.5296691656112671,0.6726413369178772,0.0511947348713874,0.9999815225601196,0.9999994039535522,0.5025232434272766,0.7314582467079163,-0.1649885028600692,0.9745616316795348,0.9999924898147584,0.4795051217079162,0.7133340835571289,-0.0449985116720199,0.8822999596595764,0.9999922513961792,0.51836758852005,0.8480954170227051,-0.0718966498970985,0.9396193027496338,0.9999268054962158,0.4990832507610321,0.8291325569152832,0.0347705222666263,0.7919492125511169,0.999979853630066,False,False,False,False,False,False,False,False,False,False,False,False,False
290,5.8,0.5262231230735779,0.4898577630519867,-0.178632915019989,0.9999874234199524,0.9999960660934448,0.5664492845535278,0.5427113175392151,-0.1816213726997375,0.9999958872795104,0.9999982118606568,0.5224725604057312,0.5406076908111572,-0.0230198670178651,0.9999844431877136,0.999997854232788,0.559195876121521,0.6383563280105591,-0.201034590601921,0.9978983402252196,0.9999767541885376,0.5132232308387756,0.6212979555130005,-0.0086596179753541,0.8699869513511658,0.9999923706054688,0.5173898935317993,0.6862221956253052,-0.2134125381708145,0.9971539974212646,0.99999737739563,0.4928773045539856,0.669488787651062,-0.0751528292894363,0.9615925550460817,0.9999980926513672,0.557104229927063,0.680222749710083,-0.0511771999299526,0.999979853630066,0.999998927116394,0.5296659469604492,0.672768235206604,0.0511309243738651,0.999981701374054,0.9999995231628418,0.5025299191474915,0.7314665913581848,-0.1649741232395172,0.9748018383979796,0.9999936819076538,0.4795536696910858,0.7133405804634094,-0.0449302345514297,0.8827735185623169,0.9999940395355223,0.5184715390205383,0.848067045211792,-0.0703944042325019,0.939599871635437,0.9999377727508544,0.4991568922996521,0.8292613625526428,0.0348539799451828,0.7916370034217834,0.999983549118042,False,False,False,False,False,False,False,False,False,False,False,False,False
291,5.82,0.5261810421943665,0.489942193031311,-0.1777348220348358,0.9999874830245972,0.9999970197677612,0.566394567489624,0.5427123308181763,-0.1796352714300155,0.9999959468841552,0.9999984502792358,0.5224472880363464,0.5406101942062378,-0.020747322589159,0.9999845623970032,0.999997615814209,0.5591964721679688,0.6383512020111084,-0.1992603838443756,0.9979027509689332,0.9999773502349854,0.5132250785827637,0.6212990283966064,-0.0050861178897321,0.8710967302322388,0.9999911785125732,0.5174010992050171,0.6862212419509888,-0.2127760946750641,0.997178077697754,0.9999974966049194,0.4929003119468689,0.6694980263710022,-0.0707863122224807,0.9621171355247498,0.9999979734420776,0.5570951104164124,0.6802512407302856,-0.0511744730174541,0.9999797940254213,0.999998927116394,0.5296552181243896,0.6728087663650513,0.0511281341314315,0.999981701374054,0.9999994039535522,0.502673864364624,0.7311767935752869,-0.1673514544963836,0.9752722382545472,0.9999936819076538,0.4795712232589721,0.7132528424263,-0.0459704250097274,0.8850677013397217,0.9999935626983644,0.5184227228164673,0.8480114340782166,-0.0748748630285263,0.9402719140052797,0.9999336004257202,0.4991494119167328,0.8291569948196411,0.0264421738684177,0.7955474257469177,0.9999806880950928,False,False,False,False,False,False,False,False,False,False,False,False,False
292,5.84,0.5261217355728149,0.4900332987308502,-0.178487941622734,0.9999876618385316,0.99999737739563,0.5663107633590698,0.542722761631012,-0.1799564212560653,0.9999960064888,0.9999985694885254,0.5224035978317261,0.5406265258789062,-0.0208318121731281,0.9999845623970032,0.99999737739563,0.559197723865509,0.6383522748947144,-0.1994106918573379,0.9979155659675598,0.9999790191650392,0.5132257342338562,0.6213061809539795,-0.0052285250276327,0.8715099096298218,0.9999899864196776,0.5174061059951782,0.6862191557884216,-0.213988721370697,0.9972196221351624,0.9999977350234984,0.4929141700267792,0.6695030927658081,-0.0717427656054496,0.9621241688728333,0.9999974966049194,0.5571019053459167,0.6802537441253662,-0.0512373559176921,0.9999796152114868,0.9999988079071044,0.5296543836593628,0.6728243827819824,0.0511901378631591,0.9999814629554749,0.9999994039535522,0.5027448534965515,0.7309675216674805,-0.1703192293643951,0.975391685962677,0.9999929666519164,0.4795941710472107,0.713216245174408,-0.0462696738541126,0.8856046199798584,0.9999920129776,0.5183395743370056,0.8478437662124634,-0.0778717994689941,0.9401996731758118,0.9999221563339232,0.4991359710693359,0.8288944363594055,0.027521738782525,0.7964803576469421,0.9999772310256958,False,False,False,False,False,False,False,False,False,False,False,False,False
293,5.86,0.5258286595344543,0.4900441467761993,-0.1769624501466751,0.999987542629242,0.999996304512024,0.5662084817886353,0.5427277684211731,-0.1801715344190597,0.9999960064888,0.9999985694885254,0.5222461819648743,0.5406365990638733,-0.020862428471446,0.9999846816062928,0.9999979734420776,0.5591897964477539,0.6383916735649109,-0.1990619748830795,0.997930943965912,0.9999812841415404,0.513224720954895,0.6213410496711731,-0.0051807146519422,0.8720272779464722,0.9999922513961792,0.5173965692520142,0.6862080693244934,-0.2116364389657974,0.997231662273407,0.999997854232788,0.4929083883762359,0.6695691347122192,-0.0717862620949745,0.9620243310928344,0.9999979734420776,0.5571755766868591,0.6803627014160156,-0.0512224659323692,0.999979853630066,0.9999990463256836,0.529658854007721,0.6729484796524048,0.0511755235493183,0.9999816417694092,0.9999995231628418,0.5027400255203247,0.7308478951454163,-0.1697664707899093,0.9759716391563416,0.9999949932098388,0.4795952141284942,0.7132167816162109,-0.0460599064826965,0.8869782090187073,0.9999948740005492,0.518298864364624,0.8478426337242126,-0.0773384198546409,0.9416943192481996,0.9999504089355468,0.4991492629051208,0.8288931846618652,0.0285872630774974,0.7991612553596497,0.999985694885254,False,False,False,False,False,False,False,False,False,False,False,False,False
294,5.88,0.5254450440406799,0.4900571405887604,-0.1775318831205368,0.9999871253967284,0.9999959468841552,0.5660256147384644,0.5427287817001343,-0.1802653223276138,0.9999959468841552,0.9999984502792358,0.5218827724456787,0.5406376719474792,-0.0209496673196554,0.999984622001648,0.9999974966049194,0.5592120885848999,0.6383997797966003,-0.198983609676361,0.99789559841156,0.99997878074646,0.5132231116294861,0.6213479042053223,-0.0054839579388499,0.8705571293830872,0.999990463256836,0.5173562169075012,0.6860873699188232,-0.2116993218660354,0.997189164161682,0.9999977350234984,0.4929374158382416,0.6695457696914673,-0.0714025050401687,0.961231768131256,0.999997615814209,0.557134211063385,0.6802340149879456,-0.0511046797037124,0.9999799728393556,0.9999990463256836,0.5296245217323303,0.6729174852371216,0.0510574169456958,0.999981701374054,0.9999995231628418,0.5027399659156799,0.7303415536880493,-0.1694740951061248,0.9762545228004456,0.9999954700469972,0.4796729683876037,0.7133969068527222,-0.0495223253965377,0.8888792991638184,0.999995231628418,0.5182555913925171,0.8474554419517517,-0.0777516737580299,0.94271320104599,0.9999537467956544,0.4992494285106659,0.8288983702659607,0.0250912364572286,0.8026158213615417,0.9999862909317015,False,False,False,False,False,False,False,False,False,False,False,False,False
295,5.9,0.5246604084968567,0.4900576472282409,-0.1750516593456268,0.99998676776886,0.9999954700469972,0.5656028389930725,0.5426673889160156,-0.1794798374176025,0.9999959468841552,0.9999984502792358,0.5216172337532043,0.5406461358070374,-0.0177161283791065,0.9999845027923584,0.99999737739563,0.5592172741889954,0.6384548544883728,-0.198845624923706,0.9979265928268432,0.9999783039093018,0.5131744146347046,0.6213447451591492,-0.0018186705419793,0.8685932159423828,0.9999903440475464,0.5173524022102356,0.686072826385498,-0.2118526995182037,0.9972347021102904,0.999997615814209,0.4930067062377929,0.6695451736450195,-0.069370336830616,0.961097538471222,0.999997854232788,0.5569362640380859,0.6802861094474792,-0.0511673465371131,0.9999799132347108,0.999998927116394,0.5295026302337646,0.6730844974517822,0.0511208139359951,0.9999815821647644,0.9999994039535522,0.5026916265487671,0.7302807569503784,-0.1707538962364196,0.976689338684082,0.9999940395355223,0.4796722531318664,0.7134688496589661,-0.0494302697479724,0.8899041414260864,0.9999935626983644,0.5182588696479797,0.8474087119102478,-0.0772103294730186,0.9434579610824584,0.9999407529830932,0.4992765188217163,0.8289226293563843,0.0265595819801092,0.8035774827003479,0.9999821186065674,False,False,False,False,False,False,False,False,False,False,False,False,False
296,5.92,0.5236027836799622,0.4901058673858642,-0.1739823222160339,0.99998676776886,0.999996304512024,0.5650224089622498,0.5426216125488281,-0.1792297065258026,0.9999960064888,0.9999986886978148,0.5210974216461182,0.5409551858901978,-0.0127096800133585,0.999984323978424,0.9999971389770508,0.559224009513855,0.6384621262550354,-0.1992832273244857,0.9979947209358216,0.999980330467224,0.513099730014801,0.621593713760376,0.0017008126014843,0.8675293922424316,0.9999884366989136,0.5173583626747131,0.6859610676765442,-0.2140553593635559,0.9973288178443908,0.9999977350234984,0.4930096566677093,0.6695832014083862,-0.0695056542754173,0.9607995748519896,0.9999972581863404,0.5569059252738953,0.6804044246673584,-0.0516676530241966,0.9999801516532898,0.999998927116394,0.5294334292411804,0.6735420227050781,0.0516212172806263,0.9999816417694092,0.9999994039535522,0.5027801394462585,0.7302854657173157,-0.1786163598299026,0.9777281880378724,0.9999947547912598,0.4796731173992157,0.7134746313095093,-0.052420474588871,0.8932855129241943,0.9999935626983644,0.5182196497917175,0.8473781943321228,-0.0801789537072181,0.9456229209899902,0.9999446868896484,0.4992377161979675,0.8288607001304626,0.0275001097470521,0.8085958361625671,0.9999821186065674,False,False,False,False,False,False,False,False,False,False,False,False,False
297,5.94,0.522633969783783,0.4901286959648132,-0.173759713768959,0.9999868869781494,0.9999966621398926,0.5643050074577332,0.5426222681999207,-0.1794134080410003,0.9999960660934448,0.9999986886978148,0.5203713178634644,0.5411996245384216,-0.0119771035388112,0.9999841451644896,0.99999737739563,0.559221625328064,0.6385601758956909,-0.2002724707126617,0.9980366826057434,0.9999792575836182,0.5130555629730225,0.6224181056022644,0.0010145175037905,0.862798810005188,0.9999884366989136,0.5173525214195251,0.6858251690864563,-0.2153114229440689,0.9973719716072084,0.999997615814209,0.4932743012905121,0.6695836186408997,-0.0702986195683479,0.9592142701148988,0.9999970197677612,0.556951642036438,0.6806368827819824,-0.052235584706068,0.9999801516532898,0.9999986886978148,0.5294333100318909,0.6743490695953369,0.0521916821599006,0.9999814629554749,0.9999992847442628,0.5027823448181152,0.7302111983299255,-0.1763455271720886,0.9785319566726683,0.9999951124191284,0.4797390103340149,0.7136955857276917,-0.0514223612844944,0.8941034078598022,0.999994158744812,0.5181944966316223,0.8472082614898682,-0.0793671980500221,0.947577178478241,0.9999440908432008,0.4993198812007904,0.8289020657539368,0.0280143618583679,0.8109585642814636,0.9999817609786988,False,False,False,False,False,False,False,False,False,False,False,False,False
298,5.96,0.5214934945106506,0.4901997745037079,-0.1546986997127533,0.999986469745636,0.9999966621398926,0.5634365677833557,0.5425918102264404,-0.1647855937480926,0.9999961256980896,0.999998927116394,0.5192453861236572,0.5413488745689392,0.0024688788689672,0.999984085559845,0.9999974966049194,0.5591908693313599,0.6385675072669983,-0.1912354975938797,0.998092770576477,0.999982476234436,0.5129740834236145,0.6231560707092285,0.0137236714363098,0.8607445955276489,0.9999874830245972,0.5172983407974243,0.685497522354126,-0.2114123851060867,0.9974756240844728,0.9999982118606568,0.4933510720729828,0.669598400592804,-0.0603014267981052,0.9592743515968324,0.999997854232788,0.5562824606895447,0.6808973550796509,-0.0521332994103431,0.9999807476997375,0.9999992847442628,0.5282998085021973,0.6751603484153748,0.0520891770720481,0.9999818205833436,0.9999995231628418,0.5028355121612549,0.7301328778266907,-0.1873131692409515,0.9800354838371276,0.9999977350234984,0.4798279106616974,0.7136955261230469,-0.0760321468114852,0.9009091258049012,0.9999972581863404,0.5181435346603394,0.8469125628471375,-0.094139777123928,0.9512198567390442,0.999972939491272,0.4993710517883301,0.8289055228233337,0.0028284622821956,0.8220216035842896,0.9999902248382568,False,False,False,False,False,False,False,False,False,False,False,False,False
299,5.98,0.520251452922821,0.4902311563491821,-0.1548557877540588,0.9999859929084778,0.9999960660934448,0.5620322823524475,0.5425472855567932,-0.1627793461084365,0.9999961256980896,0.9999985694885254,0.5182314515113831,0.5415865182876587,0.0026645539328455,0.999983847141266,0.9999969005584716,0.5590975880622864,0.6385679244995117,-0.1907744705677032,0.9981243014335632,0.9999784231185912,0.5129432082176208,0.6232134699821472,0.0113118421286344,0.8605237603187561,0.999985694885254,0.5172979235649109,0.6854845881462097,-0.2114568352699279,0.9975494146347046,0.9999979734420776,0.4934403300285339,0.6696311831474304,-0.0634562000632286,0.9595531225204468,0.99999737739563,0.5561136603355408,0.6811578869819641,-0.052138976752758,0.9999809861183168,0.999998927116394,0.5281923413276672,0.675460934638977,0.0520937256515026,0.9999818205833436,0.9999992847442628,0.5029299855232239,0.7301248908042908,-0.1878779828548431,0.981159210205078,0.999996781349182,0.4799717664718628,0.7135668992996216,-0.0706749781966209,0.9060105681419371,0.9999960660934448,0.5180307030677795,0.8467238545417786,-0.0959426090121269,0.9540464282035828,0.9999598264694214,0.4993399679660797,0.8288575410842896,0.0063980580307543,0.8312464952468872,0.99998676776886,False,False,False,False,False,False,False,False,False,False,False,False,False
300,6.0,0.5187798142433167,0.490482747554779,-0.1584613621234893,0.9999862313270568,0.9999970197677612,0.5606443285942078,0.5425358414649963,-0.1663725823163986,0.9999962449073792,0.9999991655349731,0.517336905002594,0.5418025255203247,0.003339277813211,0.999983549118042,0.9999972581863404,0.5590318441390991,0.6385698914527893,-0.1921244263648986,0.9982110857963562,0.9999839067459106,0.5128039717674255,0.623680055141449,0.0199383832514286,0.8542850017547607,0.9999860525131226,0.51732337474823,0.6854187250137329,-0.2115630805492401,0.9976794719696044,0.9999983310699464,0.4938473105430603,0.669629693031311,-0.04948665574193,0.95791757106781,0.9999970197677612,0.55611652135849,0.6813417673110962,-0.0525493249297142,0.9999810457229614,0.9999988079071044,0.5281923413276672,0.6759635210037231,0.0525074787437915,0.9999815225601196,0.9999992847442628,0.5030154585838318,0.7304792404174805,-0.1851379871368408,0.9824364185333252,0.999996304512024,0.4799745976924896,0.7135783433914185,-0.0652456432580947,0.9111033082008362,0.9999953508377076,0.5180074572563171,0.846724271774292,-0.0910367891192436,0.9570040702819824,0.9999606609344482,0.4993443787097931,0.8291360139846802,0.0098233493044972,0.8404149413108826,0.9999845027923584,False,False,False,False,False,False,False,False,False,False,False,False,False
301,6.02,0.5169535875320435,0.490621954202652,-0.151922270655632,0.9999861121177672,0.9999964237213136,0.5592893362045288,0.5423895716667175,-0.1639497429132461,0.999996304512024,0.9999988079071044,0.5159021019935608,0.5421572923660278,0.0102801863104105,0.9999831914901732,0.9999971389770508,0.5589410662651062,0.6385968327522278,-0.1890624910593032,0.9982932209968568,0.999980926513672,0.5126039385795593,0.624238133430481,0.0274552758783102,0.8529946804046631,0.999984860420227,0.517236590385437,0.6854183673858643,-0.205314353108406,0.9977955222129822,0.9999979734420776,0.4940157830715179,0.6695906519889832,-0.0436615124344825,0.9583503603935242,0.999997615814209,0.5561243891716003,0.6816251873970032,-0.0528542064130306,0.9999812245368958,0.9999986886978148,0.5281534790992737,0.6770918965339661,0.0528143160045146,0.99998140335083,0.9999991655349731,0.5033100843429565,0.7304781675338745,-0.1899444162845611,0.9838208556175232,0.9999966621398926,0.4799056351184845,0.713653028011322,-0.0679280534386634,0.9171513319015504,0.9999960660934448,0.5180315375328064,0.8467323780059814,-0.0938200131058693,0.9603928923606871,0.9999659061431884,0.499337762594223,0.8291446566581726,0.0118363602086901,0.8510200381278992,0.9999866485595704,False,False,False,False,False,False,False,False,False,False,False,False,False
302,6.04,0.5152217745780945,0.4908481240272522,-0.1549872010946273,0.9999858140945436,0.999996304512024,0.5577283501625061,0.5423673391342163,-0.1632889658212661,0.9999963641166688,0.9999991655349731,0.5146843194961548,0.542453944683075,0.0112689072266221,0.9999826550483704,0.9999970197677612,0.5586926341056824,0.6386094689369202,-0.1857215315103531,0.9983476400375366,0.9999841451644896,0.5125907063484192,0.6242244243621826,0.0371200591325759,0.8410581946372986,0.9999823570251464,0.5171650052070618,0.6854161024093628,-0.2023302912712097,0.9978982210159302,0.9999983310699464,0.4942258596420288,0.6695852875709534,-0.0265818499028682,0.9559713006019592,0.9999970197677612,0.5562589168548584,0.6816738843917847,-0.0529173128306865,0.999980926513672,0.9999988079071044,0.5281586647033691,0.6771875619888306,0.0528787784278392,0.999980628490448,0.9999991655349731,0.5033088326454163,0.7307378053665161,-0.1872783154249191,0.984785795211792,0.9999966621398926,0.4799364805221557,0.7141337394714355,-0.0713470950722694,0.9219016432762146,0.9999960660934448,0.5180283784866333,0.8466899991035461,-0.086046889424324,0.9624175429344176,0.999964475631714,0.4993430078029632,0.8292266130447388,0.0123873455449938,0.8586917519569397,0.9999845027923584,False,False,False,False,False,False,False,False,False,False,False,False,False
303,6.06,0.5130714774131775,0.4911392629146576,-0.1551174074411392,0.9999859929084778,0.999997615814209,0.556058943271637,0.5423592925071716,-0.164698839187622,0.9999964237213136,0.9999990463256836,0.5128562450408936,0.5431209802627563,0.0060558612458407,0.9999823570251464,0.999997615814209,0.5585146546363831,0.6386285424232483,-0.1876150220632553,0.9984042048454284,0.9999819993972778,0.5124387741088867,0.6255762577056885,0.0273737851530313,0.8297663927078247,0.9999836683273317,0.5169787406921387,0.685412585735321,-0.2092654556035995,0.9979680180549622,0.999997854232788,0.4942049384117126,0.6698410511016846,-0.0416397899389267,0.954131543636322,0.999997615814209,0.5561791658401489,0.6817569732666016,-0.0530842132866382,0.9999807476997375,0.999998927116394,0.5281364917755127,0.6775736212730408,0.0530473329126834,0.9999799728393556,0.9999992847442628,0.5034247636795044,0.7310393452644348,-0.1939173191785812,0.9857649207115172,0.999997615814209,0.4800099730491638,0.7146955728530884,-0.0802510157227516,0.9257574677467346,0.99999737739563,0.5180441737174988,0.8477854132652283,-0.091592364013195,0.9648255109786988,0.9999738931655884,0.4993132054805755,0.8291401863098145,0.0116298245266079,0.8651010394096375,0.999990463256836,False,False,False,False,False,False,False,False,False,False,False,False,False
304,6.08,0.5109142065048218,0.4916562736034393,-0.1564077883958816,0.9999868869781494,0.9999991655349731,0.5543921589851379,0.5424128174781799,-0.1649758070707321,0.9999966025352478,0.9999995231628418,0.5114477276802063,0.5436561703681946,0.0093022333458065,0.9999829530715942,0.9999986886978148,0.5581730604171753,0.6387835144996643,-0.1885184347629547,0.9985082149505616,0.9999887943267822,0.5122326016426086,0.6260045170783997,0.0361128598451614,0.8265708684921265,0.99998939037323,0.5164675116539001,0.6854311227798462,-0.2100404649972915,0.9981176853179932,0.9999988079071044,0.4941989779472351,0.6698665022850037,-0.0344176106154918,0.9558882713317872,0.999998927116394,0.5558622479438782,0.6819700598716736,-0.0539407357573509,0.9999805688858032,0.9999986886978148,0.5279257297515869,0.6779287457466125,0.0539097860455513,0.9999793767929076,0.9999991655349731,0.503440260887146,0.7314164042472839,-0.197446584701538,0.9868127703666688,0.99999737739563,0.4800382256507873,0.7150429487228394,-0.0812185555696487,0.930423378944397,0.9999972581863404,0.5181004405021667,0.848321795463562,-0.0925464332103729,0.9672646522521972,0.9999721050262452,0.4992250204086303,0.8290992975234985,0.0114072393625974,0.872441828250885,0.9999891519546508,False,False,False,False,False,False,False,False,False,False,False,False,False
305,6.1,0.5083571076393127,0.492506742477417,-0.1563746929168701,0.9999876022338868,0.9999988079071044,0.5527147650718689,0.5425344705581665,-0.1667006760835647,0.9999967217445374,0.9999995231628418,0.5097075700759888,0.5442789196968079,0.0123803233727812,0.9999831318855286,0.9999983310699464,0.5578339099884033,0.6389893889427185,-0.1896491050720214,0.9985896348953248,0.9999890327453612,0.5122116208076477,0.626056969165802,0.0328947305679321,0.8163772821426392,0.999985933303833,0.516352653503418,0.6854149103164673,-0.2126897126436233,0.9982278943061828,0.9999986886978148,0.4942573606967926,0.6698338985443115,-0.0418903268873691,0.9545019865036012,0.9999979734420776,0.5553269982337952,0.6821784973144531,-0.0542411170899868,0.9999810457229614,0.9999990463256836,0.5276237726211548,0.6784173250198364,0.0542107485234737,0.9999794363975524,0.9999992847442628,0.5033491849899292,0.7320507764816284,-0.1953251510858535,0.9877933859825134,0.9999979734420776,0.4800347089767456,0.7156462073326111,-0.0811351910233497,0.9346429109573364,0.9999974966049194,0.5180913209915161,0.8484966158866882,-0.0919147431850433,0.9695842862129213,0.99997878074646,0.4991674125194549,0.8290894031524658,0.0085830530151724,0.8794727921485901,0.9999902248382568,False,False,False,False,False,False,False,False,False,False,False,False,False
306,6.12,0.5060614943504333,0.4931761026382446,-0.1587594896554947,0.9999884366989136,0.9999991655349731,0.5499473214149475,0.5427982807159424,-0.1697850823402404,0.9999969005584716,0.9999996423721312,0.507914662361145,0.5451586842536926,0.0104765957221388,0.9999834895133972,0.9999988079071044,0.5573839545249939,0.6391235589981079,-0.1961578875780105,0.998666763305664,0.9999901056289672,0.5121088027954102,0.6262322068214417,0.0296700876206159,0.8083062171936035,0.9999890327453612,0.5163158178329468,0.685385525226593,-0.2189235985279083,0.998332977294922,0.999998927116394,0.4942550659179687,0.6697852611541748,-0.0454564169049263,0.954220712184906,0.9999985694885254,0.5551292300224304,0.6823159456253052,-0.0547911152243614,0.9999808669090272,0.9999984502792358,0.5275636315345764,0.6785749197006226,0.0547652505338192,0.9999787211418152,0.9999990463256836,0.5033480525016785,0.732272744178772,-0.1940386742353439,0.9885882139205932,0.9999972581863404,0.4799712896347046,0.7158025503158569,-0.0758959874510765,0.9370155334472656,0.9999969005584716,0.5180802345275879,0.848710298538208,-0.0883573442697525,0.9713841676712036,0.9999676942825316,0.4991258978843689,0.8290904760360718,0.0089029492810368,0.8833437561988831,0.9999852180480956,False,False,False,False,False,False,False,False,False,False,False,False,False
307,6.14,0.5044748783111572,0.4944963753223419,-0.1656168103218078,0.9999885559082032,0.9999982118606568,0.5475788116455078,0.5431228876113892,-0.1723226904869079,0.9999969601631165,0.9999994039535522,0.5055946111679077,0.545884907245636,0.0098832063376903,0.9999830722808838,0.9999977350234984,0.5572182536125183,0.6392349004745483,-0.1972217857837677,0.9987171292304992,0.9999877214431764,0.511945903301239,0.626683235168457,0.0269723925739526,0.7899640202522278,0.9999796152114868,0.5160176753997803,0.6854369640350342,-0.2206581681966781,0.998408019542694,0.9999985694885254,0.4942353069782257,0.6697863936424255,-0.052208162844181,0.9514711499214172,0.999997615814209,0.5546897649765015,0.682316243648529,-0.0546969585120677,0.999979853630066,0.9999983310699464,0.5267462730407715,0.6785165667533875,0.0546734854578971,0.9999763369560242,0.9999986886978148,0.5033944845199585,0.7323697805404663,-0.1917622685432434,0.989249348640442,0.999997615814209,0.4799491167068481,0.7159837484359741,-0.0748614892363548,0.938498854637146,0.999996542930603,0.5179780721664429,0.8490201234817505,-0.0890946090221405,0.973039209842682,0.999974250793457,0.4990036189556122,0.829017698764801,0.0096055092290043,0.8864814043045044,0.999987006187439,False,False,False,False,False,False,False,False,False,False,False,False,False
308,6.16,0.5023694038391113,0.4961641728878021,-0.1657236516475677,0.9999880194664,0.9999972581863404,0.5452365279197693,0.5438745021820068,-0.1691396683454513,0.9999970197677612,0.9999994039535522,0.5031495690345764,0.5466131567955017,0.0080441441386938,0.9999819397926332,0.9999961853027344,0.5567238330841064,0.6393552422523499,-0.1951890438795089,0.9987746477127076,0.9999877214431764,0.5118118524551392,0.6267890930175781,0.025441538542509,0.7659152150154114,0.9999611377716064,0.5160250067710876,0.6854378581047058,-0.2221617996692657,0.9985018968582152,0.9999986886978148,0.4942191243171692,0.6696724891662598,-0.0523665882647037,0.9457364678382874,0.9999946355819702,0.5536926984786987,0.6823405027389526,-0.0540084280073642,0.9999791979789734,0.9999983310699464,0.5254366397857666,0.6791384220123291,0.0539797134697437,0.9999743700027466,0.9999983310699464,0.5034032464027405,0.7324586510658264,-0.1992135196924209,0.9898723363876344,0.9999970197677612,0.4797341227531433,0.7162411212921143,-0.0913764685392379,0.9409154653549194,0.9999949932098388,0.517852246761322,0.8490104675292969,-0.0948507487773895,0.9743801355361938,0.9999678134918212,0.4988872706890106,0.8290178179740906,-0.006246134173125,0.8907719850540161,0.999980092048645,False,False,False,False,False,False,False,False,False,False,False,False,False
309,6.18,0.4994756877422333,0.500205397605896,-0.1666853278875351,0.9999876618385316,0.999997615814209,0.5428615212440491,0.5464199781417847,-0.1719632297754287,0.9999970197677612,0.9999992847442628,0.5010193586349487,0.5479518175125122,0.00738046457991,0.9999812841415404,0.9999972581863404,0.5561212301254272,0.6397453546524048,-0.1978163421154022,0.9988258481025696,0.9999845027923584,0.5112703442573547,0.6275692582130432,0.0240382049232721,0.7503326535224915,0.9999704360961914,0.5157896876335144,0.6857874989509583,-0.2251987606287002,0.9985687732696532,0.9999980926513672,0.4940657913684845,0.6699325442314148,-0.0556614063680172,0.9442947506904602,0.999996781349182,0.5530233979225159,0.68318110704422,-0.0539917461574077,0.9999779462814332,0.9999972581863404,0.5251859426498413,0.6796706914901733,0.0539636276662349,0.999971568584442,0.9999977350234984,0.5032990574836731,0.732652485370636,-0.1957301050424575,0.9905936121940612,0.9999961853027344,0.4796220064163208,0.7167930603027344,-0.083482377231121,0.9432836771011353,0.9999946355819702,0.5175458788871765,0.8491595983505249,-0.0970249250531196,0.9761114716529846,0.9999620914459229,0.4988456666469574,0.8291239738464355,0.0014003234682604,0.8955702781677246,0.999976634979248,False,False,False,False,False,False,False,False,False,False,False,False,False
310,6.2,0.4962171018123626,0.5037490725517273,-0.1845621615648269,0.9999877214431764,0.999997854232788,0.5402352809906006,0.5489574670791626,-0.1852640658617019,0.9999969601631165,0.9999991655349731,0.4983045160770416,0.54880690574646,-0.0195729099214077,0.9999812841415404,0.9999985694885254,0.5556627511978149,0.6407842040061951,-0.2042475789785385,0.9988759756088256,0.999980330467224,0.5106654763221741,0.628174364566803,-7.83242576289922e-05,0.7503089904785156,0.9999816417694092,0.5157384276390076,0.6858874559402466,-0.2289917767047882,0.9986109733581544,0.99999737739563,0.4938482046127319,0.670106053352356,-0.0782997533679008,0.9458736181259156,0.9999972581863404,0.5528344511985779,0.6828154921531677,-0.0529750436544418,0.9999759197235109,0.999996542930603,0.5248978734016418,0.6786110401153564,0.0529570803046226,0.999968409538269,0.9999979734420776,0.5032371282577515,0.7325661778450012,-0.1866451352834701,0.9913541078567504,0.9999948740005492,0.4791907072067261,0.7168183922767639,-0.0639416053891182,0.9457836151123048,0.999994158744812,0.517622172832489,0.8495755195617676,-0.095938540995121,0.9779630303382874,0.9999551773071288,0.4988670349121094,0.8297878503799438,0.0181184634566307,0.9010968208312988,0.9999723434448242,False,False,False,False,False,False,False,False,False,False,False,False,False
311,6.22,0.4938765466213226,0.5069501399993896,-0.192287877202034,0.9999873042106628,0.9999964237213136,0.5374910831451416,0.5500973463058472,-0.1884021759033203,0.9999968409538268,0.9999988079071044,0.4960136711597442,0.5500884056091309,-0.0258733015507459,0.9999805092811584,0.9999972581863404,0.5548084378242493,0.6409726142883301,-0.2052259147167205,0.9988932013511658,0.999976396560669,0.5098782777786255,0.6282218098640442,-0.0017713480629026,0.7398934364318848,0.999971866607666,0.5155589580535889,0.68707275390625,-0.2313572615385055,0.99863600730896,0.9999969005584716,0.4937156736850738,0.6701491475105286,-0.0761260986328125,0.9460843801498412,0.9999969005584716,0.5523620247840881,0.6823944449424744,-0.052318699657917,0.9999727010726928,0.9999959468841552,0.524246871471405,0.6779336333274841,0.0522995255887508,0.9999624490737916,0.9999971389770508,0.5032405853271484,0.7328570485115051,-0.1800830215215683,0.9919024109840392,0.9999945163726808,0.4789800643920898,0.7175188660621643,-0.0501508936285972,0.9454640746116638,0.9999929666519164,0.5178772211074829,0.8495950102806091,-0.0873025953769683,0.9792446494102478,0.9999487400054932,0.4988735616207123,0.8303250074386597,0.0376675613224506,0.9021023511886596,0.9999716281890868,False,False,False,False,False,False,False,False,False,False,False,False,False
312,6.24,0.4912239611148834,0.508665919303894,-0.2177744060754776,0.999986469745636,0.9999964237213136,0.5342608690261841,0.5529658794403076,-0.2029694020748138,0.999996542930603,0.9999983310699464,0.493839681148529,0.5511791110038757,-0.0457389019429683,0.9999797344207764,0.9999977350234984,0.5540962815284729,0.6419219970703125,-0.2166656851768493,0.9989164471626282,0.9999675750732422,0.5081728100776672,0.6283122301101685,-0.0180455036461353,0.7297106385231018,0.999975323677063,0.5151781439781189,0.68767249584198,-0.2462060004472732,0.998646080493927,0.9999951124191284,0.4933449625968933,0.6710086464881897,-0.0888021662831306,0.9464694261550904,0.999996781349182,0.5519729256629944,0.6803011298179626,-0.0518453791737556,0.9999662637710572,0.9999932050704956,0.5238491892814636,0.6756112575531006,0.0518263354897499,0.9999530911445618,0.999996304512024,0.5032481551170349,0.7329934239387512,-0.1767242550849914,0.9923412203788756,0.9999897480010986,0.4785246551036834,0.7179068326950073,-0.0501783229410648,0.9435422420501708,0.9999911785125732,0.5179837942123413,0.8497331738471985,-0.0831089317798614,0.9802173972129822,0.9999253749847412,0.4988755583763122,0.8314576745033264,0.0384188331663608,0.9025942087173462,0.9999593496322632,False,False,False,False,False,False,False,False,False,False,False,False,False
313,6.26,0.4880927801132202,0.5112093687057495,-0.2202279567718505,0.9999839067459106,0.9999932050704956,0.5314514636993408,0.5554764866828918,-0.2052280455827713,0.9999959468841552,0.9999970197677612,0.4917110204696655,0.5530321598052979,-0.0460266321897506,0.9999775290489196,0.9999960660934448,0.5532155632972717,0.6421053409576416,-0.2218560874462127,0.998929798603058,0.9999496936798096,0.5072425603866577,0.6285568475723267,-0.0171165764331817,0.7125754952430725,0.9999557733535768,0.5145198106765747,0.6899312138557434,-0.2535474002361297,0.9986572861671448,0.9999918937683104,0.4925357103347778,0.6726084351539612,-0.083784095942974,0.945809245109558,0.9999954700469972,0.552084743976593,0.6797477006912231,-0.0517845042049884,0.9999550580978394,0.9999858140945436,0.5240174531936646,0.6750269532203674,0.0517647825181484,0.9999362826347352,0.9999923706054688,0.5033113360404968,0.7328746914863586,-0.1781873703002929,0.9927339553833008,0.9999858140945436,0.4785031676292419,0.7180426716804504,-0.0540034100413322,0.9408747553825378,0.99998939037323,0.5185197591781616,0.8497777581214905,-0.0869828686118125,0.9811394810676576,0.9998958110809326,0.4989120662212372,0.8319010734558105,0.0329136662185192,0.9031388163566588,0.9999419450759888,False,False,False,False,False,False,False,False,False,False,False,False,False
314,6.28,0.4848670065402984,0.5122425556182861,-0.2338903695344925,0.9999831914901732,0.9999969005584716,0.5291014909744263,0.5567439198493958,-0.2161239087581634,0.9999956488609314,0.9999977350234984,0.4898405373096466,0.555761992931366,-0.0562435425817966,0.999976396560669,0.9999969005584716,0.5523037314414978,0.6423892974853516,-0.2366116046905517,0.9989778995513916,0.9999537467956544,0.5053249597549438,0.6303575038909912,-0.0186507161706686,0.7058849930763245,0.99996018409729,0.513515055179596,0.6900495290756226,-0.274035096168518,0.998745858669281,0.9999957084655762,0.4909456074237823,0.6770994067192078,-0.0784622952342033,0.947974979877472,0.999996781349182,0.5521863698959351,0.6784025430679321,-0.0518212392926216,0.999942421913147,0.9999834299087524,0.524130642414093,0.6739929914474487,0.0517995804548263,0.9999154806137084,0.9999908208847046,0.5033214092254639,0.7329967617988586,-0.1753448545932769,0.9931254982948304,0.9999862909317015,0.4784827530384063,0.7194780707359314,-0.0394061654806137,0.936844766139984,0.9999887943267822,0.5184728503227234,0.8500691056251526,-0.0873046815395355,0.9824140071868896,0.9999101161956788,0.4989123046398163,0.8324700593948364,0.0471011027693748,0.9045341610908508,0.9999508857727052,False,False,False,False,False,False,False,False,False,False,False,False,False
315,6.3,0.4824666380882263,0.5121150612831116,-0.2483074367046356,0.999983012676239,0.9999974966049194,0.526498556137085,0.5566161274909973,-0.2284160703420639,0.9999952912330629,0.9999972581863404,0.4872733056545257,0.5562732815742493,-0.0717145204544067,0.9999760389328004,0.999997854232788,0.5509223341941833,0.6424323320388794,-0.2460477799177169,0.9989845156669616,0.9999511241912842,0.5037234425544739,0.631073534488678,-0.0264308582991361,0.696624755859375,0.9999746084213256,0.5128811597824097,0.6907823085784912,-0.2804155945777893,0.9987842440605164,0.999992609024048,0.4895113408565521,0.6804221868515015,-0.0772650167346,0.9499847292900084,0.9999977350234984,0.5522547364234924,0.6731757521629333,-0.0518218241631984,0.9999272227287292,0.9999829530715942,0.5242351293563843,0.6698424816131592,0.0517983064055442,0.9998947978019714,0.999992609024048,0.5032333135604858,0.7337989807128906,-0.1550057232379913,0.9927641153335572,0.9999754428863524,0.4784879088401794,0.7217217683792114,-0.0263389647006988,0.9187633395195008,0.9999854564666748,0.5184687972068787,0.8514075875282288,-0.0717488378286361,0.9823209047317504,0.9998584985733032,0.4989461600780487,0.8358537554740906,0.0609693787992,0.8925195932388306,0.9999339580535888,False,False,False,False,False,False,False,False,False,False,False,False,False
316,6.32,0.4799125790596008,0.5114578008651733,-0.2328961193561554,0.9999821782112122,0.9999966621398926,0.5235122442245483,0.55609530210495,-0.2268751263618469,0.9999949932098388,0.999997854232788,0.4857263565063476,0.5579643249511719,-0.0631444156169891,0.9999760985374452,0.9999985694885254,0.5489373803138733,0.6423707604408264,-0.2443225234746933,0.9989867806434632,0.999962329864502,0.5019808411598206,0.6316508650779724,-0.0177942533046007,0.6840790510177612,0.9999829530715942,0.5124181509017944,0.691631555557251,-0.2722610533237457,0.998813271522522,0.9999947547912598,0.4886926114559173,0.6816357374191284,-0.0624615512788295,0.9500504732131958,0.9999979734420776,0.5519829392433167,0.6663888692855835,-0.0519019812345504,0.999917447566986,0.9999860525131226,0.524307131767273,0.6657959818840027,0.0518800504505634,0.9998843669891356,0.9999948740005492,0.5025757551193237,0.7327653765678406,-0.1520574390888214,0.9925053119659424,0.9999792575836182,0.4785906672477722,0.7229775786399841,-0.0297164097428321,0.9041346311569214,0.9999896287918092,0.5184613466262817,0.8513651490211487,-0.0728475973010063,0.9824568033218384,0.9998644590377808,0.4989582002162933,0.837430477142334,0.0496682971715927,0.8845561742782593,0.9999380111694336,False,False,False,False,False,False,False,False,False,False,False,False,False
317,6.34,0.4775277972221374,0.5106741786003113,-0.2192549854516983,0.9999828934669496,0.9999984502792358,0.5204991698265076,0.5564844012260437,-0.2233232110738754,0.9999950528144836,0.999998927116394,0.4852275848388672,0.5614140033721924,-0.0524118617177009,0.9999759793281556,0.9999988079071044,0.5463578701019287,0.6424602270126343,-0.2441022396087646,0.999039351940155,0.9999767541885376,0.500727117061615,0.63350909948349,-0.0131613118574023,0.6682527661323547,0.9999840259552002,0.5106565356254578,0.6927828192710876,-0.2677183747291565,0.9988980293273926,0.9999979734420776,0.4880168735980987,0.6824858784675598,-0.0573166795074939,0.9482370615005492,0.999997854232788,0.5517367720603943,0.6659234166145325,-0.0529201440513134,0.9999098777770996,0.9999855756759644,0.5243456363677979,0.6639341711997986,0.0529115311801433,0.9998739361763,0.999994158744812,0.501176655292511,0.732448935508728,-0.1369893103837967,0.9926202297210692,0.9999850988388062,0.4785946309566498,0.7227134108543396,-0.0152615811675786,0.8893041014671326,0.99998939037323,0.5184762477874756,0.853056013584137,-0.067991517484188,0.9834092259407043,0.9998831748962402,0.4989538192749023,0.8374453783035278,0.0610319934785366,0.8778363466262817,0.9999446868896484,False,False,False,False,False,False,False,False,False,False,False,False,False
318,6.36,0.474789023399353,0.5100932717323303,-0.1836586892604828,0.9999839663505554,0.9999983310699464,0.519137978553772,0.556297779083252,-0.2197697460651397,0.999995231628418,0.9999991655349731,0.4855602979660034,0.5639607310295105,-0.0350809879601001,0.9999768137931824,0.9999991655349731,0.5442296266555786,0.6424785256385803,-0.2409141361713409,0.9990918040275574,0.9999790191650392,0.499407410621643,0.6346216201782227,0.009876056574285,0.6636172533035278,0.9999886751174928,0.508921205997467,0.692787230014801,-0.245339810848236,0.9989773631095886,0.9999984502792358,0.4865772128105163,0.6852000951766968,-0.0308693703263998,0.9496349692344666,0.9999988079071044,0.5517224073410034,0.6665207743644714,-0.0532303042709827,0.9999070763587952,0.999986171722412,0.5244528651237488,0.664119303226471,0.0532307997345924,0.9998716115951538,0.9999945163726808,0.500180721282959,0.7324506640434265,-0.1273074895143509,0.9929871559143066,0.9999878406524658,0.4784091413021087,0.7225186228752136,-0.0084262676537036,0.8839945197105408,0.999990463256836,0.5184582471847534,0.8529773354530334,-0.0522296875715255,0.9844119548797609,0.9998897314071656,0.4988930821418762,0.8372268080711365,0.0679073855280876,0.8731216788291931,0.9999397993087769,False,False,False,False,False,False,False,False,False,False,False,False,False
319,6.38,0.4736551344394684,0.5097797513008118,-0.1861905753612518,0.9999848008155824,0.999997854232788,0.5169634222984314,0.556134819984436,-0.2130844593048095,0.9999952912330629,0.999998927116394,0.4841791093349457,0.5633594393730164,-0.034616831690073,0.9999771118164062,0.999998927116394,0.5416156649589539,0.6424506902694702,-0.2398258000612259,0.9991463422775269,0.9999794960021972,0.4979214966297149,0.6343445181846619,0.0168887488543987,0.6583918333053589,0.9999891519546508,0.506685197353363,0.6928279399871826,-0.2359235435724258,0.999053120613098,0.9999982118606568,0.486270010471344,0.6852673888206482,-0.016199080273509,0.9507471919059752,0.9999988079071044,0.5513157248497009,0.664969265460968,-0.0534487031400203,0.9999014139175416,0.9999839067459106,0.5244982838630676,0.6630657911300659,0.0534552223980426,0.9998654127120972,0.9999936819076538,0.4993378818035126,0.7324314713478088,-0.1199963018298149,0.9931901693344116,0.9999796152114868,0.4781006276607513,0.7223604321479797,-0.0075383903458714,0.8716899752616882,0.9999849796295166,0.5184357762336731,0.8529123067855835,-0.0512496568262577,0.985193133354187,0.9998158812522888,0.4988252520561218,0.8363423943519592,0.0661863833665847,0.8623013496398926,0.9999136924743652,False,False,False,False,False,False,False,False,False,False,False,False,False
320,6.4,0.471835732460022,0.5082466006278992,-0.1870536059141159,0.9999858736991882,0.9999988079071044,0.5156720280647278,0.5549641847610474,-0.2096116691827774,0.9999955296516418,0.9999994039535522,0.483377456665039,0.5626865029335022,-0.0343257971107959,0.999977707862854,0.9999991655349731,0.5394890904426575,0.6418288350105286,-0.2343907505273819,0.9992096424102784,0.9999902248382568,0.4970453381538391,0.6343674063682556,0.0124671505764126,0.657663106918335,0.9999896287918092,0.5051287412643433,0.6926990747451782,-0.2361808270215988,0.9991333484649658,0.9999991655349731,0.4850899577140808,0.6891906261444092,-0.0330213196575641,0.9504722952842712,0.9999982118606568,0.5508624315261841,0.663619339466095,-0.0534743890166282,0.99990314245224,0.9999921321868896,0.5245503187179565,0.6611018776893616,0.0534814223647117,0.9998674392700196,0.9999964237213136,0.4990907907485962,0.7324782609939575,-0.1248997002840042,0.993503987789154,0.999990463256836,0.4779784977436065,0.7230446338653564,-0.0107531510293483,0.8644683957099915,0.9999905824661256,0.5181667804718018,0.8541884422302246,-0.0524340905249118,0.9860527515411376,0.9999089241027832,0.4988247454166412,0.8364620208740234,0.063852921128273,0.8559908866882324,0.9999449253082277,False,False,False,False,False,False,False,False,False,False,False,False,False
321,6.42,0.4705584943294525,0.5026754140853882,-0.1731124222278595,0.999987006187439,0.9999990463256836,0.5143665671348572,0.5514853596687317,-0.2068830579519271,0.999995768070221,0.9999995231628418,0.4826243221759796,0.5621441602706909,-0.0285012647509574,0.9999788403511048,0.9999995231628418,0.5368844270706177,0.6406129002571106,-0.2220711559057235,0.999258041381836,0.9999918937683104,0.496032565832138,0.6341602802276611,0.0099362526088953,0.6641746163368225,0.9999935626983644,0.5028248429298401,0.6925860643386841,-0.2190432250499725,0.9991976618766784,0.9999991655349731,0.4850492179393768,0.6899850368499756,-0.0401294082403183,0.9512288570404052,0.9999988079071044,0.5502811670303345,0.6612910628318787,-0.0534961149096488,0.9999080300331116,0.9999943971633912,0.524600088596344,0.6595038771629333,0.0535048432648181,0.9998746514320374,0.9999977350234984,0.4988792240619659,0.7324938178062439,-0.1224410533905029,0.9939408898353576,0.9999936819076538,0.4780685305595398,0.7232758402824402,-0.0072382441721856,0.8630551099777222,0.999994158744812,0.5177543759346008,0.8557116985321045,-0.0579233206808567,0.987131118774414,0.9999269247055054,0.4986666440963745,0.8369872570037842,0.0608134604990482,0.8556842803955078,0.999953031539917,False,False,False,False,False,False,False,False,False,False,False,False,False
322,6.44,0.4695878624916076,0.4969173967838287,-0.1767228990793228,0.9999880194664,0.9999990463256836,0.5133681297302246,0.5469183325767517,-0.2071529179811477,0.9999960064888,0.9999995231628418,0.4811338484287262,0.5616234540939331,-0.0250108707696199,0.9999797940254213,0.9999994039535522,0.5338526964187622,0.6384392976760864,-0.2219230234622955,0.9993105530738832,0.999992609024048,0.4951927065849304,0.6335947513580322,0.00535758305341,0.6755145788192749,0.9999936819076538,0.500622034072876,0.6925269365310669,-0.2221791893243789,0.9992581009864808,0.9999991655349731,0.4851717352867126,0.6887439489364624,-0.0635526031255722,0.9514433145523072,0.9999983310699464,0.549964964389801,0.6584340333938599,-0.055478285998106,0.9999130368232728,0.9999943971633912,0.52460777759552,0.6569420099258423,0.0554960146546363,0.9998820424079896,0.9999977350234984,0.4989155530929565,0.7326752543449402,-0.1215235292911529,0.9943394660949708,0.9999923706054688,0.4782047271728515,0.7243174910545349,0.003758126636967,0.8615546822547913,0.9999927282333374,0.5175501108169556,0.8556046485900879,-0.049666654318571,0.988042175769806,0.9999066591262816,0.4986806213855743,0.8374847173690796,0.0797392129898071,0.8562428951263428,0.9999477863311768,False,False,False,False,False,False,False,False,False,False,False,False,False
323,6.46,0.4688359797000885,0.4913070201873779,-0.1762325912714004,0.9999887347221376,0.9999979734420776,0.5121951699256897,0.5416358709335327,-0.2073524594306945,0.9999961256980896,0.9999992847442628,0.4798509180545807,0.5573890209197998,-0.0262878760695457,0.999980330467224,0.9999994039535522,0.5312913656234741,0.6350059509277344,-0.221114695072174,0.9993510842323304,0.999992847442627,0.4942320585250854,0.6314623355865479,-0.0028720195405185,0.6761407256126404,0.9999947547912598,0.4993427693843841,0.6923729777336121,-0.2169345319271087,0.9992961287498474,0.9999988079071044,0.4853051304817199,0.6878008842468262,-0.06546401232481,0.9470582008361816,0.999997854232788,0.5496536493301392,0.6548687815666199,-0.0553917028009891,0.9999179244041444,0.9999958276748656,0.5244932770729065,0.6526987552642822,0.0554091818630695,0.9998892545700072,0.9999985694885254,0.497810959815979,0.7326766848564148,-0.1021426245570182,0.994494616985321,0.9999910593032836,0.4781844019889831,0.7243273854255676,0.0056389654055237,0.8450028300285339,0.999992847442627,0.5173928737640381,0.8556882739067078,-0.035884466022253,0.9886052012443542,0.9998947381973268,0.4985104203224182,0.8384972810745239,0.0755183324217796,0.8442687392234802,0.9999406337738036,False,False,False,False,False,False,False,False,False,False,False,False,False
324,6.48,0.4680042862892151,0.4862945079803467,-0.177106574177742,0.9999892115592957,0.9999970197677612,0.5113288760185242,0.5358812808990479,-0.2090760022401809,0.9999962449073792,0.9999992847442628,0.4782897531986236,0.5505480766296387,-0.0263673905283212,0.9999805092811584,0.9999991655349731,0.5292419195175171,0.6317741274833679,-0.2210397124290466,0.999372124671936,0.999992609024048,0.4927830696105957,0.6263881325721741,-0.0014090475160628,0.6702486276626587,0.9999935626983644,0.4978116452693939,0.6920145750045776,-0.2167297303676605,0.9993170499801636,0.9999986886978148,0.4852396249771118,0.6873973608016968,-0.0634748190641403,0.9395344853401184,0.9999972581863404,0.5490241646766663,0.6521999835968018,-0.0558857321739196,0.9999223947525024,0.999996304512024,0.5238872766494751,0.6499069929122925,0.0559090711176395,0.9998958110809326,0.9999984502792358,0.4976482391357422,0.7329584956169128,-0.1037510633468627,0.9945247173309326,0.9999920129776,0.4781894385814667,0.724359929561615,0.0078957667574286,0.8297489881515503,0.9999929666519164,0.5173642039299011,0.8555843234062195,-0.0303763039410114,0.9888874888420104,0.999891996383667,0.498369425535202,0.8385521173477173,0.0825108662247657,0.831950843334198,0.9999449253082277,False,False,False,False,False,False,False,False,False,False,False,False,False
325,6.5,0.4675617814064026,0.4798257350921631,-0.1909920126199722,0.9999893307685852,0.9999961853027344,0.5112232565879822,0.5315830111503601,-0.2243259698152542,0.9999963641166688,0.9999992847442628,0.4766810536384582,0.5431490540504456,-0.0396487824618816,0.9999802708625792,0.999998927116394,0.527340292930603,0.6285365223884583,-0.2309561371803283,0.9993955492973328,0.9999935626983644,0.4911576211452484,0.6203061938285828,-0.010123130865395,0.6652206778526306,0.999992847442627,0.4965513944625854,0.6919539570808411,-0.2201760560274124,0.9993422031402588,0.9999988079071044,0.4847708642482757,0.6870066523551941,-0.0663301423192024,0.92912358045578,0.9999961853027344,0.54863041639328,0.6490160226821899,-0.0561563484370708,0.9999266862869264,0.99999737739563,0.5232948064804077,0.646570086479187,0.0561783127486705,0.9999014735221864,0.9999988079071044,0.4972037374973297,0.7332746982574463,-0.1018325537443161,0.994563102722168,0.999994158744812,0.478251039981842,0.7252765893936157,0.0174883902072906,0.8135491609573364,0.9999943971633912,0.5172304511070251,0.8559791445732117,-0.018353784456849,0.9891186356544496,0.9999346733093262,0.4983711540699005,0.8384933471679688,0.101920761168003,0.8227498531341553,0.9999616146087646,False,False,False,False,False,False,False,False,False,False,False,False,False
326,6.52,0.4672553837299347,0.4726192355155945,-0.2030121386051178,0.9999898076057434,0.9999974966049194,0.5109438300132751,0.5259628891944885,-0.2304136455059051,0.9999964833259584,0.9999994039535522,0.4754632115364074,0.536747395992279,-0.0444942228496074,0.9999805688858032,0.9999990463256836,0.5251035690307617,0.6245505809783936,-0.2359927594661712,0.9994283318519592,0.9999942779541016,0.4892686009407043,0.6155959963798523,-0.0155038498342037,0.6704279780387878,0.9999936819076538,0.4955789148807525,0.6916962265968323,-0.2233956009149551,0.9993792772293092,0.999998927116394,0.4840848743915558,0.6865249872207642,-0.0757506266236305,0.9250125288963318,0.9999970197677612,0.5485294461250305,0.6462544798851013,-0.056767713278532,0.999930500984192,0.9999969005584716,0.5227836966514587,0.6441439390182495,0.0567895211279392,0.999906599521637,0.9999985694885254,0.4973483085632324,0.7341390252113342,-0.1022449880838394,0.994707465171814,0.9999933242797852,0.4782560169696808,0.7268213629722595,0.0209244843572378,0.8041552901268005,0.9999936819076538,0.5172229409217834,0.8565152287483215,-0.0122636072337627,0.9893947243690492,0.999926209449768,0.4983721077442169,0.8385716080665588,0.1123974844813346,0.8168063163757324,0.9999556541442872,False,False,False,False,False,False,False,False,False,False,False,False,False
327,6.54,0.4671492576599121,0.4661124348640442,-0.2111849188804626,0.9999903440475464,0.9999977350234984,0.5112760663032532,0.5202702283859253,-0.2348474711179733,0.9999966621398926,0.9999994039535522,0.4742805659770965,0.5307839512825012,-0.0490153692662715,0.9999809861183168,0.9999990463256836,0.5227975845336914,0.6191955208778381,-0.2399653941392898,0.9994598627090454,0.9999946355819702,0.4876604080200195,0.610788881778717,-0.0202237945050001,0.680779755115509,0.9999934434890748,0.4950858056545257,0.691279947757721,-0.2297485619783401,0.9994169473648072,0.9999990463256836,0.4831961393356323,0.6855408549308777,-0.0807648077607154,0.9234679937362672,0.999996781349182,0.5484427809715271,0.6425557732582092,-0.0570487380027771,0.9999344348907472,0.9999970197677612,0.522175133228302,0.6416577696800232,0.0570679493248462,0.999911904335022,0.9999985694885254,0.4972425699234009,0.7342685461044312,-0.1041032895445823,0.9949064254760742,0.9999933242797852,0.4787059128284454,0.7281955480575562,0.0210647098720073,0.8015187382698059,0.9999934434890748,0.5171458721160889,0.8564169406890869,-0.0069285267964005,0.9896594882011414,0.9999232292175292,0.4983732998371124,0.8390630483627319,0.1154924854636192,0.8154177069664001,0.999948263168335,False,False,False,False,False,False,False,False,False,False,False,False,False
328,6.56,0.4666915833950043,0.4577465057373047,-0.2068027704954147,0.9999908208847046,0.9999970197677612,0.5109626054763794,0.5132080316543579,-0.2305636405944824,0.999996781349182,0.9999992847442628,0.4738799631595611,0.5258519649505615,-0.0454264134168624,0.9999808669090272,0.9999984502792358,0.5206288695335388,0.6139159202575684,-0.2367637753486633,0.9994832277297974,0.9999929666519164,0.4864477217197418,0.607617199420929,-0.0165463667362928,0.6886752843856812,0.999990463256836,0.4945213496685028,0.6904522180557251,-0.229243978857994,0.9994409680366516,0.9999988079071044,0.4815575182437897,0.6855038404464722,-0.0795647650957107,0.9192251563072203,0.9999942779541016,0.5485047698020935,0.6401900053024292,-0.0579306930303573,0.9999376535415648,0.9999958276748656,0.5220382809638977,0.6401470899581909,0.0579477027058601,0.99991637468338,0.999997854232788,0.4968692362308502,0.7342579960823059,-0.1110392734408378,0.9950886964797974,0.999990940093994,0.4787075817584991,0.7282984256744385,0.0216427575796842,0.7983407378196716,0.9999898672103882,0.5171658396720886,0.8563452363014221,-0.0099682155996561,0.9896425604820251,0.9998881816864014,0.4984831213951111,0.8404858708381653,0.1157393008470535,0.8131170868873596,0.9999176263809204,False,False,False,False,False,False,False,False,False,False,False,False,False
329,6.58,0.4666637778282165,0.4500016868114471,-0.2041972279548645,0.9999911785125732,0.9999970197677612,0.5109925866127014,0.5074946880340576,-0.2284392863512039,0.9999969005584716,0.9999992847442628,0.4736120104789734,0.5218350887298584,-0.044800229370594,0.9999808073043824,0.9999982118606568,0.5181816220283508,0.6079906821250916,-0.2365045994520187,0.9994954466819764,0.999992609024048,0.4851458370685577,0.6043252944946289,-0.0152157517150044,0.6948241591453552,0.9999899864196776,0.4946589469909668,0.6902129054069519,-0.2297333925962448,0.9994463920593262,0.9999986886978148,0.4804226160049438,0.6852662563323975,-0.0798772200942039,0.9132523536682128,0.9999942779541016,0.5481263995170593,0.6382846832275391,-0.0582752898335456,0.9999412894248962,0.9999971389770508,0.5211455225944519,0.6402133107185364,0.0582890957593917,0.9999213218688964,0.9999983310699464,0.4961723685264587,0.7341216802597046,-0.1146717295050621,0.9951496124267578,0.999993085861206,0.4784638583660126,0.7282226085662842,0.0158785674721002,0.7906354665756226,0.9999916553497314,0.5172309279441833,0.8561280965805054,-0.0234323572367429,0.9891947507858276,0.9999018907546996,0.4986446499824524,0.8410961031913757,0.1036083772778511,0.8074080944061279,0.9999293088912964,False,False,False,False,False,False,False,False,False,False,False,False,False
330,6.6,0.4667253494262695,0.4429170787334442,-0.2119438201189041,0.999991774559021,0.9999980926513672,0.5111017227172852,0.5020163655281067,-0.2412536442279815,0.999997079372406,0.9999995231628418,0.4728096723556518,0.5146899223327637,-0.046777069568634,0.9999810457229614,0.9999985694885254,0.516680896282196,0.6036702394485474,-0.2502425014972687,0.9995231628417968,0.9999954700469972,0.4824852347373962,0.5989981293678284,-0.0179137792438268,0.7069302201271057,0.9999924898147584,0.4953501522541046,0.6877486705780029,-0.2445199638605117,0.9994759559631348,0.9999992847442628,0.4786219596862793,0.683948814868927,-0.0768427923321724,0.9091370701789856,0.9999945163726808,0.5476922988891602,0.6337089538574219,-0.0589281395077705,0.9999448657035828,0.9999974966049194,0.519913911819458,0.6363222599029541,0.0589397028088569,0.9999260306358336,0.9999985694885254,0.4952436983585357,0.734017550945282,-0.1178508549928665,0.9952306747436525,0.9999936819076538,0.4783235490322113,0.7280738353729248,0.017978822812438,0.7845985293388367,0.9999921321868896,0.5173514485359192,0.8560807108879089,-0.0232333932071924,0.9892098903656006,0.9999104738235474,0.4986519515514374,0.8413329124450684,0.1061033383011818,0.8049222230911255,0.9999382495880128,False,False,False,False,False,False,False,False,False,False,False,False,False
331,6.62,0.4668277204036712,0.4355291128158569,-0.2107061594724655,0.999992311000824,0.9999986886978148,0.511240541934967,0.4958301782608032,-0.2413448691368103,0.9999972581863404,0.9999995231628418,0.4720121026039123,0.5073533654212952,-0.0449576526880264,0.9999815225601196,0.9999988079071044,0.5153950452804565,0.5980992913246155,-0.2518357634544372,0.9995520114898682,0.9999958276748656,0.4811765253543854,0.5919159054756165,-0.0184492077678442,0.7217221856117249,0.9999935626983644,0.4953885376453399,0.6830000281333923,-0.2484937757253646,0.9995055198669434,0.9999994039535522,0.4783523678779602,0.6747000217437744,-0.0881497785449028,0.9091737270355223,0.9999969005584716,0.5463958978652954,0.6285514831542969,-0.0611801743507385,0.9999487400054932,0.9999980926513672,0.5177416205406189,0.6317411065101624,0.0611941665410995,0.9999310374259948,0.9999988079071044,0.4947734177112579,0.7324494123458862,-0.1232611089944839,0.9955477118492126,0.9999961853027344,0.4771323800086975,0.7262752652168274,0.0250378437340259,0.7897883653640747,0.9999948740005492,0.5173466801643372,0.8554277420043945,-0.0309361442923545,0.9899407029151917,0.999946355819702,0.4983151257038116,0.8394713401794434,0.1164231672883033,0.8134486675262451,0.9999672174453736,False,False,False,False,False,False,False,False,False,False,False,False,False
332,6.64,0.4671348929405212,0.4273296892642975,-0.2135633379220962,0.999992847442627,0.9999988079071044,0.5113217234611511,0.4887335300445556,-0.2458857744932174,0.9999974370002748,0.9999997615814208,0.4720397591590881,0.5004792213439941,-0.0438602603971958,0.9999815225601196,0.9999985694885254,0.5143673419952393,0.5920449495315552,-0.2576368451118469,0.9995754957199096,0.9999970197677612,0.4796793758869171,0.5870050191879272,-0.0163817126303911,0.7257923483848572,0.9999916553497314,0.4953014254570007,0.6786319017410278,-0.2556813955307007,0.9995326399803162,0.9999995231628418,0.4774845838546753,0.6703636646270752,-0.0827427580952644,0.896813154220581,0.9999940395355223,0.5451777577400208,0.6237172484397888,-0.0628674402832984,0.9999522566795348,0.9999984502792358,0.5165345668792725,0.6277687549591064,0.0628778785467147,0.9999353289604188,0.9999988079071044,0.4935081601142883,0.7302103042602539,-0.1276337504386901,0.9957516193389891,0.9999970197677612,0.476491242647171,0.7233445644378662,0.0261049810796976,0.7893646359443665,0.9999948740005492,0.5172185301780701,0.8540620803833008,-0.0419821292161941,0.99052095413208,0.99994957447052,0.4981712996959686,0.8390255570411682,0.1151284128427505,0.8187776207923889,0.999966025352478,False,False,False,False,False,False,False,False,False,False,False,False,False
333,6.66,0.467404156923294,0.4197633266448974,-0.2181516140699386,0.9999934434890748,0.9999995231628418,0.5112448930740356,0.4806355834007263,-0.2477878928184509,0.999997615814209,0.9999997615814208,0.4713961482048034,0.4921904504299164,-0.0429848618805408,0.9999821186065674,0.9999990463256836,0.5138158202171326,0.5857873558998108,-0.2610994577407837,0.9996020197868348,0.999997615814209,0.4784092605113983,0.5802821516990662,-0.0152223734185099,0.737040638923645,0.9999947547912598,0.4951517283916473,0.6733444333076477,-0.2623681128025055,0.9995625019073486,0.9999996423721312,0.4767709076404571,0.6650072932243347,-0.0804688930511474,0.8952744007110596,0.9999972581863404,0.5433903336524963,0.6185548901557922,-0.0646937862038612,0.9999555349349976,0.9999985694885254,0.514599084854126,0.6227810382843018,0.0646983236074447,0.999939501285553,0.9999990463256836,0.4926262199878692,0.7284279465675354,-0.1312004029750824,0.9958881139755248,0.9999969005584716,0.4753005802631378,0.7211593985557556,0.022830344736576,0.7904666662216187,0.9999954700469972,0.5172110795974731,0.8538188934326172,-0.05543202906847,0.9910598397254944,0.9999483823776244,0.4981928765773773,0.8383815884590149,0.1070884019136428,0.824011504650116,0.9999752044677734,False,False,False,False,False,False,False,False,False,False,False,False,False
334,6.68,0.4678258597850799,0.4123203754425049,-0.2154637277126312,0.999993860721588,0.9999990463256836,0.5111567378044128,0.4716733694076538,-0.2513269484043121,0.9999977350234984,0.9999997615814208,0.4714697897434234,0.4834476113319397,-0.0427386164665222,0.9999825954437256,0.999998927116394,0.5133599638938904,0.5784854292869568,-0.2672653198242187,0.9996139407157898,0.999996781349182,0.477609783411026,0.5722542405128479,-0.0149465603753924,0.7433665990829468,0.9999947547912598,0.4950212240219116,0.6677371859550476,-0.2700254619121551,0.9995725154876708,0.9999995231628418,0.4759642481803894,0.6558287739753723,-0.078424148261547,0.8931654691696167,0.999997854232788,0.5414251685142517,0.6144301295280457,-0.0651561319828033,0.9999588131904602,0.9999990463256836,0.5126444697380066,0.6181209683418274,0.0651624575257301,0.9999437928199768,0.9999994039535522,0.4928765296936035,0.7285423278808594,-0.1230555325746536,0.9959413409233092,0.9999964237213136,0.474222868680954,0.7198750376701355,0.0282505750656127,0.7921327948570251,0.999995231628418,0.517111599445343,0.8538252711296082,-0.047667022794485,0.991509199142456,0.9999468326568604,0.4982134103775024,0.8382992744445801,0.1187127530574798,0.8266222476959229,0.9999790191650392,False,False,False,False,False,False,False,False,False,False,False,False,False
335,6.7,0.4682985246181488,0.4050622880458832,-0.2230615317821502,0.9999943971633912,0.9999996423721312,0.5111982822418213,0.4653306305408478,-0.2627952396869659,0.9999979138374328,0.9999998807907104,0.4716826975345611,0.4731956124305725,-0.0450332015752792,0.999983549118042,0.9999994039535522,0.5133521556854248,0.5695441365242004,-0.2800818085670471,0.9996369481086732,0.9999980926513672,0.4769034385681152,0.5624068975448608,-0.014874986372888,0.7527068853378296,0.999996304512024,0.4953698217868805,0.6588859558105469,-0.2847057282924652,0.9995981454849244,0.9999997615814208,0.4753896594047546,0.6435425877571106,-0.0769482851028442,0.8952544331550598,0.9999988079071044,0.5389429926872253,0.6094915866851807,-0.0662491768598556,0.9999622702598572,0.9999995231628418,0.510486900806427,0.6114316582679749,0.0662591680884361,0.9999483823776244,0.9999996423721312,0.4931501746177673,0.7285718321800232,-0.1124984472990036,0.9961681962013244,0.9999984502792358,0.4744403660297394,0.719495952129364,0.0317687913775444,0.8040397763252258,0.9999980926513672,0.5169951915740967,0.8537569642066956,-0.0329137779772281,0.9921603202819824,0.9999773502349854,0.4981879293918609,0.8380733728408813,0.1242261826992034,0.8379471898078918,0.999991536140442,False,False,False,False,False,False,False,False,False,False,False,False,False
336,6.72,0.4686399400234222,0.396740972995758,-0.2179376631975174,0.9999948740005492,0.9999996423721312,0.5113846659660339,0.4572204947471618,-0.2546775043010711,0.9999980926513672,0.9999998807907104,0.4719972014427185,0.4657341241836548,-0.0399871915578842,0.9999845027923584,0.9999994039535522,0.5134700536727905,0.5611450672149658,-0.2693270444869995,0.999658703804016,0.9999982118606568,0.4761988818645477,0.5554261207580566,-0.0016613519983366,0.7660242915153503,0.9999969005584716,0.4954283833503723,0.6514715552330017,-0.2718745768070221,0.9996252655982972,0.9999997615814208,0.4741696715354919,0.6346020698547363,-0.0583194978535175,0.9014391899108888,0.9999992847442628,0.5374912023544312,0.6053704023361206,-0.066995233297348,0.9999653100967408,0.9999995231628418,0.5093692541122437,0.6071476936340332,0.067008800804615,0.9999524354934692,0.9999996423721312,0.4932693839073181,0.7286567091941833,-0.1059042140841484,0.9963745474815368,0.9999983310699464,0.4746070802211761,0.7195703387260437,0.0362475141882896,0.8145972490310669,0.999997854232788,0.5169958472251892,0.8536189794540405,-0.0284197945147752,0.992760181427002,0.9999797344207764,0.4981962740421295,0.8366748094558716,0.1316745430231094,0.8472523093223572,0.9999921321868896,False,False,False,False,False,False,False,False,False,False,False,False,False
337,6.74,0.4688811600208282,0.3892931938171386,-0.2154444009065628,0.9999953508377076,0.9999997615814208,0.5116866230964661,0.4497466683387756,-0.2522070705890655,0.9999982118606568,0.9999998807907104,0.4720809161663055,0.4595101475715637,-0.0376625433564186,0.9999855756759644,0.9999995231628418,0.5138418078422546,0.5540634393692017,-0.2668164372444153,0.9996781945228576,0.9999980926513672,0.4751903414726257,0.5489305853843689,0.0010531153529882,0.7821405529975891,0.999997615814209,0.4953819513320923,0.6450687050819397,-0.2680475413799286,0.9996489882469176,0.9999997615814208,0.4733586609363556,0.6284653544425964,-0.0570087805390358,0.9089836478233336,0.9999995231628418,0.5358583331108093,0.6005386114120483,-0.0671414360404014,0.9999680519104004,0.9999994039535522,0.5074486136436462,0.6023980975151062,0.0671571716666221,0.9999561309814452,0.9999995231628418,0.4934305846691131,0.7267488837242126,-0.1106840074062347,0.9965471029281616,0.9999979734420776,0.4754860997200012,0.7196546196937561,0.0353961326181888,0.8240061402320862,0.9999977350234984,0.517011821269989,0.853100061416626,-0.038103062659502,0.9932799339294434,0.999977707862854,0.4981889724731445,0.8361843824386597,0.1230368316173553,0.8556392788887024,0.9999902248382568,False,False,False,False,False,False,False,False,False,False,False,False,False
338,6.76,0.4690313935279846,0.3810690641403198,-0.2110306471586227,0.999995768070221,0.9999997615814208,0.5118978023529053,0.4414878785610199,-0.2477200478315353,0.9999983310699464,0.9999998807907104,0.4722283780574798,0.4540739357471466,-0.0300747565925121,0.9999865889549256,0.9999996423721312,0.5144787430763245,0.5462834239006042,-0.2622675597667694,0.9996899366378784,0.999997854232788,0.4741735160350799,0.543047308921814,0.0093535482883453,0.7972284555435181,0.9999979734420776,0.4951235353946686,0.637434720993042,-0.2645255029201507,0.999664545059204,0.9999997615814208,0.4726110696792602,0.6218899488449097,-0.0509888716042041,0.9163740277290344,0.9999997615814208,0.5339040160179138,0.5969715714454651,-0.0670608952641487,0.9999704360961914,0.9999994039535522,0.5056546926498413,0.5996589660644531,0.067075490951538,0.999959409236908,0.9999996423721312,0.4944831728935241,0.7249889373779297,-0.1080207750201225,0.9965497851371764,0.9999971389770508,0.4755437970161438,0.7196453213691711,0.0332408174872398,0.8314172029495239,0.99999737739563,0.5170060992240906,0.8520628213882446,-0.0333646386861801,0.9935755133628844,0.9999732971191406,0.4981082379817962,0.8342265486717224,0.1213735789060592,0.8611261248588562,0.9999901056289672,False,False,False,False,False,False,False,False,False,False,False,False,False
339,6.78,0.4690508842468261,0.3741169571876526,-0.2010180354118347,0.9999961256980896,0.9999997615814208,0.5120341777801514,0.4355389773845672,-0.2442699372768402,0.9999984502792358,0.9999998807907104,0.4723497331142425,0.4470898509025574,-0.0212075747549533,0.999987542629242,0.9999995231628418,0.5148177146911621,0.5398097634315491,-0.2600843608379364,0.9996854662895204,0.9999974966049194,0.4727469980716705,0.5375581383705139,0.0157997459173202,0.8096373081207275,0.9999980926513672,0.4949388802051544,0.6306135654449463,-0.2619828283786773,0.9996629357337952,0.9999996423721312,0.4721892774105072,0.6157583594322205,-0.0478527098894119,0.9230193495750428,0.9999997615814208,0.531658411026001,0.5921094417572021,-0.0676121413707733,0.99997216463089,0.999998927116394,0.5036355257034302,0.595910370349884,0.0676192492246627,0.9999618530273438,0.9999994039535522,0.4945768713951111,0.7214131951332092,-0.1091070547699928,0.99587881565094,0.9999953508377076,0.4773606061935425,0.7194576263427734,0.0363263450562953,0.8265191316604614,0.9999964237213136,0.5169115662574768,0.8515342473983765,-0.0414315424859523,0.9931452870368958,0.999956488609314,0.4981156885623932,0.8343298435211182,0.1178543344140052,0.8587198257446289,0.9999836683273317,False,False,False,False,False,False,False,False,False,False,False,False,False
340,6.8,0.4693088829517364,0.367924302816391,-0.1839120686054229,0.9999963641166688,0.9999995231628418,0.5121037364006042,0.430009514093399,-0.2312357276678085,0.9999985098838806,0.9999997615814208,0.4724498391151428,0.4396775066852569,-0.011297850869596,0.9999884366989136,0.9999995231628418,0.5153306126594543,0.5317947268486023,-0.2513071596622467,0.9996723532676696,0.999996781349182,0.4713013470172882,0.5300231575965881,0.0222903098911046,0.8210551738739014,0.999997854232788,0.4950260519981384,0.6231603026390076,-0.2547039091587066,0.9996449947357178,0.9999994039535522,0.4718579053878784,0.6093031764030457,-0.0429052785038948,0.929230570793152,0.9999997615814208,0.5297801494598389,0.5886675715446472,-0.0680623725056648,0.9999741315841676,0.9999992847442628,0.501878559589386,0.592875063419342,0.0680588036775589,0.9999646544456482,0.9999995231628418,0.4946231842041015,0.7197319269180298,-0.1084942147135734,0.99578595161438,0.9999971389770508,0.4783221185207367,0.7190742492675781,0.0467220805585384,0.8300533294677734,0.9999977350234984,0.516861617565155,0.8514131903648376,-0.0417678393423557,0.9934078454971312,0.9999794960021972,0.498124212026596,0.8343774080276489,0.1247672960162162,0.8643794059753418,0.9999916553497314,False,False,False,False,False,False,False,False,False,False,False,False,False
341,6.82,0.4698346853256225,0.3649199306964874,-0.1779691725969314,0.9999964237213136,0.9999990463256836,0.5123355984687805,0.4237283170223236,-0.2215166836977005,0.9999985694885254,0.9999996423721312,0.4725852310657501,0.4331658482551574,-0.0055779512040317,0.9999891519546508,0.9999992847442628,0.5156665444374084,0.5262454152107239,-0.2386699765920639,0.9996443390846252,0.9999959468841552,0.4708908200263977,0.5241649150848389,0.0302548687905073,0.8309696316719055,0.9999971389770508,0.4951629042625427,0.6151878833770752,-0.2429527342319488,0.9996147751808168,0.9999994039535522,0.4714570343494415,0.6038485765457153,-0.0362781733274459,0.9350561499595642,0.9999997615814208,0.5262966752052307,0.5862279534339905,-0.0678832978010177,0.9999759793281556,0.9999992847442628,0.4987120032310486,0.5893221497535706,0.067874327301979,0.9999671578407288,0.9999995231628418,0.4947071671485901,0.7197964191436768,-0.1041520684957504,0.9956849217414856,0.9999972581863404,0.4791252911090851,0.7187967300415039,0.0503931157290935,0.8353193402290344,0.9999979734420776,0.5169661641120911,0.8510797023773193,-0.0326546281576156,0.993626356124878,0.9999829530715942,0.4981581568717956,0.8336285948753357,0.1374026387929916,0.870762050151825,0.9999933242797852,False,False,False,False,False,False,False,False,False,False,False,False,False
342,6.84,0.470254510641098,0.3585792183876037,-0.1830258071422577,0.9999966025352478,0.9999996423721312,0.5124897360801697,0.4192967116832733,-0.2228939831256866,0.9999986290931702,0.9999997615814208,0.4726810753345489,0.4268586635589599,-0.0102353207767009,0.9999898672103882,0.9999994039535522,0.5158828496932983,0.5201111435890198,-0.239814355969429,0.9996306896209716,0.9999961853027344,0.4708826243877411,0.5197385549545288,0.0253552291542291,0.83967125415802,0.9999972581863404,0.4951544106006622,0.611193060874939,-0.2488665282726287,0.9995892643928528,0.9999994039535522,0.4712028205394745,0.5992702841758728,-0.0438775494694709,0.9404024481773376,0.9999998807907104,0.5225870013237,0.5846928358078003,-0.0698819085955619,0.9999777674674988,0.9999994039535522,0.4962267577648163,0.5866849422454834,0.0698570758104324,0.999969482421875,0.9999995231628418,0.4957491457462311,0.7199579477310181,-0.1075965538620948,0.9957960247993468,0.999997615814209,0.4800050556659698,0.7168930768966675,0.0717207714915275,0.8389672636985779,0.999997854232788,0.5170012712478638,0.8512056469917297,-0.0398673899471759,0.9940190315246582,0.999985933303833,0.4981596767902374,0.8318146467208862,0.1754181534051895,0.8774920105934143,0.9999945163726808,False,False,False,False,False,False,False,False,False,False,False,False,False
343,6.86,0.4710403978824615,0.3562731146812439,-0.1881466060876846,0.9999964833259584,0.999998927116394,0.5126118063926697,0.4176421463489532,-0.2251376807689666,0.9999986290931702,0.9999996423721312,0.4727410078048706,0.4237742125988006,-0.0049486733041703,0.9999903440475464,0.9999991655349731,0.516160249710083,0.5171071887016296,-0.2412633746862411,0.999565601348877,0.9999940395355223,0.470744788646698,0.5157821774482727,0.0336557999253273,0.8399664163589478,0.9999960660934448,0.4952419698238373,0.6064127683639526,-0.2549217641353607,0.9994757175445556,0.9999988079071044,0.4705619812011719,0.5943933129310608,-0.0419990196824073,0.9440369606018066,0.9999997615814208,0.519705593585968,0.5815885663032532,-0.0709103569388389,0.9999792575836182,0.9999994039535522,0.4947324395179748,0.5833009481430054,0.0708778351545333,0.9999715089797974,0.9999995231628418,0.4962153434753418,0.7200695276260376,-0.1078124940395355,0.9955657720565796,0.999996781349182,0.4819414913654327,0.7163811922073364,0.0735205337405204,0.8385344743728638,0.9999979734420776,0.5170361995697021,0.8509640693664551,-0.0349491983652114,0.9940464496612548,0.9999834299087524,0.4985217154026031,0.8318870663642883,0.1715025901794433,0.8825251460075378,0.9999939203262328,False,False,False,False,False,False,False,False,False,False,False,False,False
344,6.88,0.4715493619441986,0.3529087901115417,-0.1909245550632476,0.9999961853027344,0.9999983310699464,0.5126657485961914,0.414089024066925,-0.2266035228967666,0.9999985694885254,0.9999994039535522,0.4728303551673889,0.418563038110733,-0.0036025915760546,0.9999905228614808,0.9999983310699464,0.5163675546646118,0.5146133303642273,-0.2435443103313446,0.999528706073761,0.9999920129776,0.4702625274658203,0.512183666229248,0.0332414954900741,0.8401548266410828,0.9999938011169434,0.4953143000602722,0.6025213599205017,-0.2627572417259216,0.9993869662284852,0.9999983310699464,0.4698449969291687,0.5918598175048828,-0.0450236611068248,0.9472209215164183,0.9999996423721312,0.5185086131095886,0.5822122097015381,-0.0720433369278907,0.9999803900718688,0.9999990463256836,0.4925437569618225,0.5825471878051758,0.0720027238130569,0.9999728798866272,0.9999991655349731,0.4969513118267059,0.7204045653343201,-0.1090464666485786,0.995587170124054,0.9999945163726808,0.4831809401512146,0.7165401577949524,0.0891952067613601,0.83770352602005,0.999995231628418,0.5175586342811584,0.8512018322944641,-0.0445138663053512,0.994352638721466,0.9999712705612184,0.498542308807373,0.8319358229637146,0.1943148225545883,0.8872126340866089,0.9999892711639404,False,False,False,False,False,False,False,False,False,False,False,False,False
345,6.9,0.4721328914165497,0.3493360877037048,-0.1719524562358856,0.9999942779541016,0.999994158744812,0.5129874348640442,0.4115735292434692,-0.2202240526676178,0.9999984502792358,0.9999991655349731,0.4730209708213806,0.4160206317901611,0.0083234403282403,0.9999900460243224,0.999996542930603,0.5165386199951172,0.5118786096572876,-0.2431432157754898,0.9994542598724364,0.9999879598617554,0.4704010188579559,0.508179247379303,0.0472231283783912,0.8309102654457092,0.9999892711639404,0.4952797889709472,0.6012964844703674,-0.2616851925849914,0.9992436170578004,0.999997615814209,0.4693022668361664,0.5865234732627869,-0.0255053080618381,0.9484532475471495,0.9999994039535522,0.5174317955970764,0.581238329410553,-0.0715794116258621,0.9999815225601196,0.9999992847442628,0.4913602173328399,0.5817745923995972,0.0715415254235267,0.999974250793457,0.9999992847442628,0.4984711110591888,0.7204766869544983,-0.0965730398893356,0.9954437613487244,0.9999951124191284,0.4838000535964966,0.7166271805763245,0.087173156440258,0.8378455638885498,0.999996304512024,0.5176821947097778,0.8519304394721985,-0.0336139649152755,0.9946392774581908,0.9999773502349854,0.4985195696353912,0.832041323184967,0.190054565668106,0.8923164010047913,0.9999920129776,False,False,False,False,False,False,False,False,False,False,False,False,False
346,6.92,0.4726344048976898,0.3488067984580993,-0.1555364578962326,0.9999889135360718,0.9999853372573853,0.513388454914093,0.4082363247871399,-0.2078708112239837,0.9999982714653016,0.999998927116394,0.47339528799057,0.4145967066287994,0.0206070579588413,0.999988853931427,0.999994158744812,0.5166717171669006,0.5082054138183594,-0.230370208621025,0.9993446469306946,0.9999850988388062,0.470800518989563,0.5061570405960083,0.0574138425290584,0.806049108505249,0.9999817609786988,0.4953284859657287,0.5974656343460083,-0.2470134049654007,0.9989779591560364,0.9999960660934448,0.468971848487854,0.5825390815734863,-0.0180914588272571,0.945936679840088,0.999998927116394,0.5150682330131531,0.5815885066986084,-0.0710548907518386,0.9999823570251464,0.9999990463256836,0.489432692527771,0.5814710259437561,0.071020558476448,0.9999750256538392,0.999998927116394,0.4995573759078979,0.7207197546958923,-0.0841473415493965,0.9952684044837952,0.9999924898147584,0.4844104647636413,0.7166732549667358,0.0927206352353096,0.8371071815490723,0.9999939203262328,0.5176905393600464,0.8519400954246521,-0.0168070215731859,0.9948222637176514,0.9999605417251588,0.4985853135585785,0.8330268859863281,0.1894190013408661,0.8967021703720093,0.9999845027923584,False,False,False,False,False,False,False,False,False,False,False,False,False
347,6.94,0.4734354019165039,0.3461466133594513,-0.147865355014801,0.9999867081642152,0.9999922513961792,0.5138019323348999,0.4064584970474243,-0.1905881464481353,0.999998152256012,0.9999990463256836,0.4738266766071319,0.4130920171737671,0.031367365270853,0.9999879598617554,0.9999945163726808,0.5168026089668274,0.5061708688735962,-0.2156420797109604,0.9992691874504088,0.9999865293502808,0.4705749750137329,0.5042136311531067,0.0665737092494964,0.7928143739700317,0.9999839067459106,0.4953441023826599,0.5958704352378845,-0.2394801527261734,0.998853325843811,0.9999972581863404,0.4681510329246521,0.5793409943580627,-0.0109161352738738,0.9466374516487122,0.9999992847442628,0.513654351234436,0.5838630795478821,-0.0708345398306846,0.999983012676239,0.9999990463256836,0.4872497618198395,0.5830664038658142,0.0708085298538208,0.999975562095642,0.9999988079071044,0.5008094906806946,0.7208265066146851,-0.0764476582407951,0.9949858784675598,0.9999912977218628,0.4842799305915832,0.7167519927024841,0.0909345149993896,0.8356941938400269,0.999993085861206,0.517205536365509,0.8518422842025757,-0.0061256755143404,0.9949471354484558,0.9999622106552124,0.4988741874694824,0.8330726623535156,0.1919000148773193,0.8996885418891907,0.999985694885254,False,False,False,False,False,False,False,False,False,False,False,False,False
348,6.96,0.4739543795585632,0.3441330790519714,-0.1620233356952667,0.9999862313270568,0.9999966621398926,0.514153778553009,0.4044528007507324,-0.2000186443328857,0.9999980330467224,0.9999992847442628,0.4742476642131805,0.4105645716190338,0.028364485129714,0.9999877214431764,0.9999961853027344,0.5168923139572144,0.505761981010437,-0.2239205986261367,0.9991700649261476,0.9999881982803344,0.470645397901535,0.5032162666320801,0.0676973015069961,0.7743192911148071,0.9999881982803344,0.4953206777572632,0.5959659814834595,-0.2419017702341079,0.9986629486083984,0.9999971389770508,0.4665860533714294,0.5779847502708435,-0.0099906362593173,0.9467369318008424,0.9999994039535522,0.5099316835403442,0.5843127369880676,-0.070894680917263,0.999983847141266,0.9999994039535522,0.4836042821407318,0.582462728023529,0.0708633437752723,0.9999765753746032,0.9999992847442628,0.5016995668411255,0.720879852771759,-0.0646204277873039,0.9942402243614196,0.9999934434890748,0.4845032393932342,0.7167909145355225,0.1070232540369033,0.8297668099403381,0.9999954700469972,0.517195463180542,0.8503366112709045,0.010265621356666,0.994897186756134,0.9999700784683228,0.499314934015274,0.8330822587013245,0.2098373621702194,0.901725172996521,0.999990940093994,False,False,False,False,False,False,False,False,False,False,False,False,False
349,6.98,0.4744674265384674,0.3439373970031738,-0.1466604769229889,0.9999815225601196,0.9999878406524658,0.5143280625343323,0.4030267000198364,-0.1991952508687973,0.9999979734420776,0.9999992847442628,0.4749334752559662,0.4111230671405792,0.0285343658179044,0.9999867081642152,0.9999946355819702,0.5169879794120789,0.5053628087043762,-0.2195074707269668,0.9990479946136476,0.99998939037323,0.4709731042385101,0.5045902729034424,0.0678580775856971,0.736545205116272,0.999984622001648,0.4951129555702209,0.5947369933128357,-0.2345093339681625,0.9983668923377992,0.9999972581863404,0.4661999642848968,0.578417181968689,-0.0046053752303123,0.9398481249809264,0.9999992847442628,0.5102221965789795,0.5841976404190063,-0.0706012174487114,0.9999847412109376,0.9999996423721312,0.4827510118484497,0.5824605822563171,0.0705717429518699,0.9999776482582092,0.9999995231628418,0.5019368529319763,0.721024215221405,-0.0528447218239307,0.9934852719306946,0.9999946355819702,0.4848979115486145,0.716842532157898,0.1117822602391243,0.8197721242904663,0.9999966621398926,0.5171955227851868,0.8501665592193604,0.0317743942141532,0.99472838640213,0.9999805688858032,0.4992172122001648,0.8324332237243652,0.2114204615354538,0.9027597904205322,0.9999934434890748,False,False,False,False,False,False,False,False,False,False,False,False,False
350,7.0,0.4750433266162872,0.3440880179405212,-0.1411072164773941,0.9999786615371704,0.9999889135360718,0.5145319700241089,0.4029051959514618,-0.1911677420139312,0.9999979138374328,0.9999992847442628,0.4758141934871673,0.4107836782932281,0.0310798231512308,0.9999863505363464,0.9999954700469972,0.5170685052871704,0.5053789019584656,-0.2101945728063583,0.9989787340164183,0.9999896287918092,0.4709859490394592,0.504743754863739,0.0693740844726562,0.7091390490531921,0.9999850988388062,0.4949556887149811,0.5951245427131653,-0.2254365235567093,0.9982573986053468,0.99999737739563,0.4654001295566559,0.5776243805885315,-0.0027089493814855,0.9388781785964966,0.9999994039535522,0.5095070004463196,0.5845589637756348,-0.0703750625252723,0.9999855160713196,0.9999995231628418,0.4817862808704376,0.5828955173492432,0.0703475326299667,0.9999786615371704,0.9999994039535522,0.5018551349639893,0.7210476398468018,-0.0396240502595901,0.992278814315796,0.9999922513961792,0.4858814775943756,0.7168868780136108,0.1076741069555282,0.8099399209022522,0.9999957084655762,0.5166080594062805,0.8492972254753113,0.0484310984611511,0.9943476319313048,0.999969482421875,0.4992146790027618,0.83261638879776,0.1990160495042801,0.903476059436798,0.99998939037323,False,False,False,False,False,False,False,False,False,False,False,False,False
351,7.02,0.4755823314189911,0.343159556388855,-0.1475997865200042,0.999976933002472,0.9999910593032836,0.5146956443786621,0.4025144577026367,-0.1942059099674224,0.999997854232788,0.9999991655349731,0.4763484597206116,0.4106991291046142,0.0318832136690616,0.9999857544898988,0.9999942779541016,0.5171253681182861,0.505487322807312,-0.2127924859523773,0.9988825917243958,0.9999878406524658,0.4712443947792053,0.5051534175872803,0.072289191186428,0.6834089159965515,0.9999858140945436,0.4949835240840912,0.5953516364097595,-0.2283184379339218,0.9981115460395812,0.9999972581863404,0.4645895063877105,0.5765989422798157,-0.0011781663633883,0.938653528690338,0.9999995231628418,0.5089356899261475,0.5855478644371033,-0.0703036040067672,0.9999860525131226,0.9999994039535522,0.481137216091156,0.5837386250495911,0.0702765136957168,0.9999792575836182,0.9999992847442628,0.5021801590919495,0.7208986878395081,-0.0419818051159381,0.9908758997917176,0.9999912977218628,0.4860830307006836,0.7169049978256226,0.1251667290925979,0.7921682596206665,0.9999948740005492,0.5166299343109131,0.8486474752426147,0.0467518605291843,0.9938202500343324,0.999967098236084,0.4992236196994781,0.8311054706573486,0.2272978574037552,0.9001372456550598,0.9999897480010986,False,False,False,False,False,False,False,False,False,False,False,False,False
352,7.04,0.4758402109146118,0.3439306616783142,-0.1533218920230865,0.9999743700027466,0.99998676776886,0.5148524045944214,0.4029037058353424,-0.1970347762107849,0.999997854232788,0.9999994039535522,0.4765907824039459,0.4092776477336883,0.0228440202772617,0.9999855756759644,0.9999958276748656,0.517179548740387,0.505496621131897,-0.2177663147449493,0.9988482594490052,0.9999916553497314,0.4710924029350281,0.5052425861358643,0.0647270902991294,0.6657631397247314,0.9999886751174928,0.4949714541435241,0.5956674218177795,-0.2328608334064483,0.998052418231964,0.999997854232788,0.4635372757911682,0.5770286321640015,-0.0017933711642399,0.9390482306480408,0.9999995231628418,0.508308470249176,0.5856220126152039,-0.07012889534235,0.9999868273735046,0.9999996423721312,0.4805031418800354,0.5832241773605347,0.0701027065515518,0.9999802112579346,0.9999995231628418,0.5027434825897217,0.7210044860839844,-0.0384367704391479,0.990494668483734,0.9999951124191284,0.4862218499183655,0.7169205546379089,0.1280222237110138,0.7863965630531311,0.999996781349182,0.5165765881538391,0.8487070202827454,0.0467513240873813,0.9939448833465576,0.9999810457229614,0.499214619398117,0.8311898112297058,0.2320572882890701,0.9020196795463562,0.9999938011169434,False,False,False,False,False,False,False,False,False,False,False,False,False
353,7.06,0.4762911200523376,0.3441734910011291,-0.1552247852087021,0.999972939491272,0.9999901056289672,0.5149866342544556,0.4024028480052948,-0.1998970359563827,0.9999977946281432,0.9999992847442628,0.4770340621471405,0.4089782536029815,0.0237374939024448,0.9999853372573853,0.9999957084655762,0.5172291398048401,0.5053420066833496,-0.2177319675683975,0.9987730979919434,0.9999891519546508,0.4708958864212036,0.5056964159011841,0.067430630326271,0.6465730667114258,0.999987006187439,0.4949804544448852,0.5957130789756775,-0.2313680052757263,0.9978367686271667,0.999996781349182,0.4630239307880401,0.5788914561271667,-0.0014174386160448,0.9376118183135986,0.9999994039535522,0.50761479139328,0.5854673981666565,-0.0700001940131187,0.999987542629242,0.9999996423721312,0.4801695048809051,0.5827164053916931,0.0699744746088981,0.9999812245368958,0.9999995231628418,0.5031569004058838,0.7210897207260132,-0.0456280298531055,0.9902637004852296,0.9999946355819702,0.4868967831134796,0.7169639468193054,0.1245715916156768,0.782397449016571,0.9999969005584716,0.5161516070365906,0.8484531044960022,0.0415580794215202,0.9939757585525512,0.99998140335083,0.4992054402828216,0.8312844038009644,0.2246461659669876,0.904853582382202,0.9999935626983644,False,False,False,False,False,False,False,False,False,False,False,False,False
354,7.08,0.476646363735199,0.3444058895111084,-0.1575676798820495,0.99997216463089,0.9999914169311525,0.5151216983795166,0.4020952582359314,-0.2010611742734909,0.9999977350234984,0.9999991655349731,0.477648377418518,0.4086906909942627,0.0236066356301307,0.9999850988388062,0.9999947547912598,0.5171008110046387,0.5056518316268921,-0.2193352729082107,0.9986923336982728,0.9999866485595704,0.4708811938762665,0.5056648850440979,0.066528670489788,0.6327041983604431,0.9999845027923584,0.4949602782726288,0.5958736538887024,-0.2334317117929458,0.997660517692566,0.9999961853027344,0.4625956118106842,0.5800283551216125,-0.0033698915503919,0.9378429055213928,0.9999992847442628,0.5078129172325134,0.5851260423660278,-0.0699873343110084,0.9999881982803344,0.9999996423721312,0.4803808331489563,0.5827561616897583,0.0699596777558326,0.9999821186065674,0.9999995231628418,0.5033385753631592,0.7211334109306335,-0.0472422242164611,0.9901260733604432,0.9999948740005492,0.487192690372467,0.7169913649559021,0.1291463822126388,0.7791741490364075,0.9999966621398926,0.5156232714653015,0.8483875393867493,0.0416752472519874,0.9940943717956544,0.9999817609786988,0.4992336630821228,0.8312572240829468,0.2365727573633194,0.9075304269790648,0.9999936819076538,False,False,False,False,False,False,False,False,False,False,False,False,False
355,7.1,0.4769965410232544,0.3446035087108612,-0.1579450219869613,0.9999732971191406,0.9999966621398926,0.5152746438980103,0.4024878442287445,-0.1898970752954483,0.9999976754188538,0.9999991655349731,0.4779566526412964,0.4098487496376037,0.0341093093156814,0.9999849796295166,0.9999951124191284,0.5168206691741943,0.5058709979057312,-0.2115357816219329,0.9985965490341188,0.999984860420227,0.4707017838954925,0.5068730115890503,0.0737158730626106,0.6209990382194519,0.999984622001648,0.4949367642402649,0.5970381498336792,-0.2323419004678726,0.997495412826538,0.9999960660934448,0.4619614779949188,0.5810715556144714,-0.0016074337763711,0.9384118914604188,0.9999992847442628,0.5076113343238831,0.5856350064277649,-0.0700192749500274,0.9999887347221376,0.9999996423721312,0.4802479445934295,0.5834378600120544,0.0699874237179756,0.9999828934669496,0.9999995231628418,0.5036632418632507,0.7211912870407104,-0.0472872592508792,0.9896576404571532,0.9999940395355223,0.48750701546669,0.7170900106430054,0.123000867664814,0.7770892977714539,0.999996781349182,0.5155270099639893,0.8473351001739502,0.0450304336845874,0.9940300583839417,0.999981164932251,0.4994531273841858,0.8312902450561523,0.226235955953598,0.9106858372688292,0.9999942779541016,False,False,False,False,False,False,False,False,False,False,False,False,False
356,7.12,0.4771707355976105,0.3447093367576599,-0.1563141345977783,0.9999730587005616,0.9999929666519164,0.5153619050979614,0.4029500484466553,-0.1910596340894699,0.999997615814209,0.9999992847442628,0.4781794548034668,0.4101330637931824,0.0309180803596973,0.9999847412109376,0.9999949932098388,0.5166298747062683,0.5064681768417358,-0.208129197359085,0.998528003692627,0.9999878406524658,0.4706586301326751,0.5074834823608398,0.0714628547430038,0.6069527268409729,0.9999849796295166,0.4949440658092499,0.5975959300994873,-0.2253071516752243,0.9973941445350648,0.999996781349182,0.4616461098194122,0.5810171365737915,-0.0024861104320734,0.9386755228042604,0.9999994039535522,0.5078182220458984,0.5857112407684326,-0.0699581727385521,0.9999891519546508,0.9999995231628418,0.4801897406578064,0.5834503173828125,0.0699268132448196,0.9999833703041076,0.9999994039535522,0.5039419531822205,0.721290111541748,-0.0424955524504184,0.9891586303710938,0.9999933242797852,0.4877801239490509,0.7172766923904419,0.1255816668272018,0.7691658139228821,0.9999959468841552,0.5150949358940125,0.8466308116912842,0.0471926815807819,0.9939411878585817,0.9999760389328004,0.4995851218700409,0.8311071991920471,0.2312687188386917,0.9104855060577391,0.9999924898147584,False,False,False,False,False,False,False,False,False,False,False,False,False
357,7.14,0.4775626957416534,0.3451783061027527,-0.158232182264328,0.9999747276306152,0.9999980926513672,0.5154553651809692,0.4031830430030823,-0.180741548538208,0.999997615814209,0.9999992847442628,0.4782760441303253,0.4105140268802643,0.0312913693487644,0.9999847412109376,0.9999954700469972,0.5162627100944519,0.5068391561508179,-0.1971628069877624,0.9984452724456788,0.999983549118042,,,,0.5988480448722839,0.9999831914901732,0.4948832094669342,0.59786057472229,-0.2200693190097808,0.997323513031006,0.9999961853027344,0.4612235724925995,0.5794378519058228,-0.0024077619891613,0.9402382969856262,0.9999992847442628,0.5076474547386169,0.5854308605194092,-0.0697398260235786,0.9999894499778748,0.9999996423721312,0.4800153076648712,0.5832422971725464,0.0696997493505477,0.999983847141266,0.9999995231628418,0.5040417909622192,0.7213452458381653,-0.0466994456946849,0.9891176223754884,0.9999945163726808,0.4881076514720917,0.7172843813896179,0.1208413019776344,0.7710264921188354,0.999996781349182,0.5149951577186584,0.8460436463356018,0.0409394055604934,0.994029700756073,0.999981164932251,0.4996982216835022,0.830864667892456,0.2223043739795684,0.914089858531952,0.9999945163726808,False,False,False,False,False,False,False,False,False,False,False,False,False
358,7.16,0.4777843654155731,0.3456550538539886,-0.1548206508159637,0.999974489212036,0.9999936819076538,0.5155909061431885,0.4034016728401184,-0.1797258704900741,0.9999974966049194,0.9999990463256836,0.4784242808818817,0.4107311069965362,0.0320866517722606,0.9999842047691344,0.9999932050704956,0.5160306692123413,0.5073370337486267,-0.1966313272714615,0.9983584880828856,0.999980926513672,,,,0.5843244791030884,0.9999785423278807,0.4947859346866607,0.5985220670700073,-0.2168183475732803,0.9972230195999146,0.9999953508377076,0.4611346125602722,0.5793249607086182,-0.000286024500383,0.9405786395072936,0.9999992847442628,0.506946861743927,0.5857532620429993,-0.0696230009198188,0.9999897480010986,0.9999995231628418,0.4793879687786102,0.5836596488952637,0.0695809051394462,0.9999842643737792,0.9999994039535522,0.5042320489883423,0.7213916182518005,-0.0378439016640186,0.9888310432434082,0.9999933242797852,0.4883959591388702,0.717354416847229,0.1254355162382125,0.7683562636375427,0.9999964237213136,0.5149760246276855,0.8454132080078125,0.0534863919019699,0.994059920310974,0.9999775886535645,0.4999545812606811,0.8309047818183899,0.2263451218605041,0.9165827631950378,0.9999933242797852,False,False,False,False,False,False,False,False,False,False,False,False,False
359,7.18,0.4778665602207184,0.3459013402462005,-0.1507414132356643,0.9999747276306152,0.9999947547912598,0.5156156420707703,0.4033893644809723,-0.1811042129993438,0.9999974966049194,0.9999992847442628,0.4785503149032593,0.410412847995758,0.0305075626820325,0.999984323978424,0.999996304512024,0.5158382654190063,0.5076030492782593,-0.1962773203849792,0.998327136039734,0.999987006187439,,,,0.5750735402107239,0.9999871253967284,0.494789719581604,0.5983854532241821,-0.2142103016376495,0.9971646666526794,0.999996542930603,0.4611125588417053,0.5787600874900818,0.0038997165393084,0.941498637199402,0.9999995231628418,0.5066973567008972,0.5854945778846741,-0.0688942149281501,0.9999901056289672,0.9999996423721312,0.479326993227005,0.5834552049636841,0.068860188126564,0.9999848008155824,0.9999995231628418,0.504132866859436,0.7214361429214478,-0.0410491712391376,0.9886555671691896,0.9999934434890748,0.4882507920265198,0.7173075675964355,0.1198600828647613,0.7668192386627197,0.9999969005584716,0.5149310827255249,0.8445836901664734,0.04684853926301,0.9940487146377563,0.9999788999557496,0.5000752210617065,0.8302342295646667,0.2242406755685806,0.9177109599113464,0.9999940395355223,False,False,False,False,False,False,False,False,False,False,False,False,False
360,7.2,0.4780059158802032,0.3461175858974457,-0.1518904715776443,0.999975323677063,0.9999958276748656,0.5156623721122742,0.4031640887260437,-0.1787105053663253,0.9999974966049194,0.9999992847442628,0.4786446988582611,0.410224974155426,0.0311883892863988,0.9999840259552002,0.9999945163726808,0.5156258940696716,0.5076670050621033,-0.1940899491310119,0.998310387134552,0.9999854564666748,,,,0.5666908621788025,0.9999822378158568,0.4947631657123565,0.5984129905700684,-0.2133806645870208,0.997166395187378,0.999996542930603,0.4608097970485687,0.5793930888175964,0.0043907114304602,0.9418140053749084,0.9999992847442628,0.5064770579338074,0.5855987668037415,-0.068629465997219,0.9999902844429016,0.9999995231628418,0.4791926145553589,0.5834159255027771,0.0685960724949836,0.9999849200248718,0.9999992847442628,0.5044801235198975,0.7214754223823547,-0.042153850197792,0.9886193871498108,0.9999927282333374,0.4883184731006622,0.7173150181770325,0.1181970164179802,0.7649503350257874,0.9999957084655762,0.5148970484733582,0.8444623351097107,0.040726576000452,0.9941754341125488,0.9999760389328004,0.5000720620155334,0.830213725566864,0.2181453257799148,0.919260799884796,0.9999929666519164,False,False,False,False,False,False,False,False,False,False,False,False,False
361,7.22,0.4781656563282013,0.3459572792053222,-0.1533208489418029,0.9999762177467346,0.999996304512024,0.5157051682472229,0.4032847881317138,-0.1754797250032425,0.99999737739563,0.9999990463256836,0.4786500334739685,0.4103514552116394,0.0305600445717573,0.9999836683273317,0.9999946355819702,0.5154727101325989,0.5078812837600708,-0.1874504536390304,0.9982406497001648,0.9999805688858032,,,,0.5569789409637451,0.9999827146530152,0.494756817817688,0.5983192920684814,-0.2065608650445938,0.9970623254776,0.9999948740005492,0.4605237543582916,0.5785936117172241,0.0043705669231712,0.9423416256904602,0.9999992847442628,0.5061925649642944,0.5857369303703308,-0.0684687793254852,0.9999902844429016,0.9999994039535522,0.4790228009223938,0.5835536122322083,0.0684359073638916,0.9999849200248718,0.9999992847442628,0.5045539140701294,0.7215156555175781,-0.0334169492125511,0.988342583179474,0.9999903440475464,0.4883652627468109,0.7173058986663818,0.1217293739318847,0.7622745633125305,0.9999954700469972,0.5149027109146118,0.8444098830223083,0.0486705675721168,0.9941848516464232,0.9999637603759766,0.500190794467926,0.8300259709358215,0.219139888882637,0.9203968644142152,0.9999921321868896,False,False,False,False,False,False,False,False,False,False,False,False,False
362,7.24,0.4782187640666961,0.3460788130760193,-0.1459197700023651,0.999975860118866,0.9999927282333374,0.5157089829444885,0.4035489857196808,-0.1766921430826187,0.9999973177909852,0.9999992847442628,0.4787329137325287,0.4105298221111297,0.0290773995220661,0.9999837875366212,0.999996304512024,0.515306830406189,0.5082404613494873,-0.1867158710956573,0.9981953501701356,0.99998676776886,,,,0.5505548119544983,0.9999889135360718,0.4947439432144165,0.5980823636054993,-0.2005647271871566,0.9969863891601562,0.999996542930603,0.4601737260818481,0.578302264213562,0.0067189475521445,0.9436251521110536,0.9999996423721312,0.506050169467926,0.5857868790626526,-0.0676281973719596,0.9999905824661256,0.9999996423721312,0.4788750410079956,0.5835921764373779,0.0676054209470748,0.99998539686203,0.9999996423721312,0.5046594142913818,0.7215433120727539,-0.0283705592155456,0.9880624413490297,0.9999933242797852,0.4884026348590851,0.7172884941101074,0.1226890608668327,0.7560674548149109,0.9999971389770508,0.5151097178459167,0.8441928625106812,0.0551898442208766,0.9941537380218506,0.9999788999557496,0.5001885890960693,0.830027163028717,0.2197237759828567,0.9200838208198548,0.9999946355819702,False,False,False,False,False,False,False,False,False,False,False,False,False
363,7.26,0.4782153367996216,0.3463570475578308,-0.1467532515525818,0.9999739527702332,0.999987006187439,0.5156973004341125,0.4038219749927521,-0.1806395500898361,0.9999972581863404,0.9999991655349731,0.4792161285877228,0.4101091623306274,0.0278701763600111,0.9999833703041076,0.9999943971633912,0.515146017074585,0.5085160136222839,-0.1932199895381927,0.9981680512428284,0.999987006187439,,,,0.5352001190185547,0.9999834299087524,0.494607925415039,0.598163902759552,-0.2081477344036102,0.9969571232795716,0.999996304512024,0.4597896039485931,0.5781422257423401,0.0066095693036913,0.9421322345733644,0.9999992847442628,0.5054970383644104,0.5858022570610046,-0.0671358034014701,0.9999908804893494,0.9999996423721312,0.4783120155334472,0.5837094783782959,0.0671182796359062,0.9999858736991882,0.9999996423721312,0.5046656131744385,0.7215715646743774,-0.0192423928529024,0.987486720085144,0.9999934434890748,0.4884058237075805,0.7172799706459045,0.1303379833698272,0.7480054497718811,0.9999966621398926,0.5151148438453674,0.8442364931106567,0.0695391446352005,0.9940987825393676,0.9999791383743286,0.5001718997955322,0.8301420211791992,0.2270533740520477,0.9200171828269958,0.9999940395355223,False,False,False,False,False,False,False,False,False,False,False,False,False
364,7.28,0.4783408343791961,0.3464820683002472,-0.1471916139125824,0.9999743700027466,0.9999942779541016,0.5156999230384827,0.4042129814624786,-0.1827320009469986,0.9999971985816956,0.9999992847442628,0.4792902171611786,0.4098879098892212,0.0276823807507753,0.9999834299087524,0.9999961853027344,0.5150343775749207,0.5087324380874634,-0.1950264424085617,0.9981400966644288,0.999984860420227,,,,0.5303604006767273,0.9999881982803344,0.4945811033248901,0.597933828830719,-0.2094552218914032,0.9968636631965636,0.9999954700469972,0.4596239924430847,0.5776185393333435,0.0076972497627139,0.943247139453888,0.9999995231628418,0.5056130886077881,0.5857250690460205,-0.0671145692467689,0.9999909996986388,0.9999995231628418,0.4781474173069,0.5837127566337585,0.0670977160334587,0.9999860525131226,0.9999995231628418,0.5049400925636292,0.7213968634605408,-0.0266875494271516,0.9876065254211426,0.999992609024048,0.4885397851467132,0.717079222202301,0.1254942715167999,0.7486105561256409,0.999996781349182,0.5156232118606567,0.8444018363952637,0.0569624118506908,0.9942508339881896,0.999975562095642,0.5007274746894836,0.8304183483123779,0.222478300333023,0.921653926372528,0.9999942779541016,False,False,False,False,False,False,False,False,False,False,False,False,False
365,7.3,0.478358119726181,0.3465043604373932,-0.1433239728212356,0.9999738931655884,0.9999932050704956,0.5157040953636169,0.4041788578033447,-0.1729295551776886,0.9999971389770508,0.9999991655349731,0.4792750775814056,0.4101372957229614,0.0276839304715394,0.999983549118042,0.9999960660934448,0.5150135159492493,0.5087274312973022,-0.183570384979248,0.9980913400650024,0.9999850988388062,,,,0.5303531289100647,0.9999868869781494,0.4945416748523712,0.5978260636329651,-0.2005734592676162,0.996841847896576,0.9999969005584716,0.459287166595459,0.5778988003730774,0.009703061543405,0.9450175166130066,0.9999995231628418,0.5054997205734253,0.5854600071907043,-0.0656607374548912,0.9999911189079284,0.9999995231628418,0.4777580797672272,0.5835956335067749,0.0656423792243003,0.9999862313270568,0.9999995231628418,0.5050801634788513,0.7213597893714905,-0.0322847701609134,0.9875308275222778,0.9999933242797852,0.4885161221027374,0.7168770432472229,0.1108629703521728,0.749354898929596,0.9999969005584716,0.5161259174346924,0.8444489240646362,0.0567110329866409,0.9942606687545776,0.9999788999557496,0.5009050965309143,0.830441951751709,0.1957252770662307,0.9228168725967408,0.9999943971633912,False,False,False,False,False,False,False,False,False,False,False,False,False
366,7.32,0.4783371984958648,0.3464133739471435,-0.1282639652490615,0.999969244003296,0.9999780654907228,0.5156868696212769,0.4040655493736267,-0.17423877120018,0.999997079372406,0.9999991655349731,0.4792806506156921,0.4103600978851318,0.0292396340519189,0.9999831318855286,0.9999946355819702,0.5150315761566162,0.5085682272911072,-0.1847458779811859,0.9980720281600952,0.9999880790710448,,,,0.5199424624443054,0.9999868869781494,0.4945179522037506,0.5978087186813354,-0.1949818134307861,0.9968317747116088,0.99999737739563,0.4592883884906769,0.5782981514930725,0.0123896356672048,0.9442211985588074,0.9999995231628418,0.5053135752677917,0.5855238437652588,-0.0654732063412666,0.9999912977218628,0.9999996423721312,0.4775337874889374,0.5836684107780457,0.0654597654938697,0.9999864101409912,0.9999995231628418,0.505160391330719,0.7213031053543091,-0.027244409546256,0.9869168400764464,0.9999943971633912,0.4885666966438293,0.7168640494346619,0.1132836565375328,0.735701858997345,0.9999972581863404,0.5163000822067261,0.8444796800613403,0.0549249686300754,0.9941891431808472,0.9999827146530152,0.5010645985603333,0.8304800987243652,0.197953388094902,0.9203261733055116,0.9999953508377076,False,False,False,False,False,False,False,False,False,False,False,False,False
367,7.34,0.47837033867836,0.3463338613510132,-0.1364509016275406,0.9999698400497437,0.9999927282333374,0.515606164932251,0.4039669036865234,-0.1771659553050995,0.9999971389770508,0.9999994039535522,0.4792947173118591,0.4103854596614837,0.0290714241564273,0.999983251094818,0.9999966621398926,0.5150487422943115,0.508539080619812,-0.1877098232507705,0.9980847239494324,0.9999879598617554,,,,0.5152924656867981,0.9999896287918092,0.4945153594017029,0.5974924564361572,-0.19722880423069,0.9968189001083374,0.9999969005584716,0.4592909514904022,0.5782654881477356,0.0111770639196038,0.944764256477356,0.9999996423721312,0.5052492618560791,0.5855916738510132,-0.0655169263482093,0.999991536140442,0.9999996423721312,0.477619469165802,0.5837343335151672,0.0655035153031349,0.9999866485595704,0.9999996423721312,0.5054881572723389,0.721501350402832,-0.0305191241204738,0.9872630834579468,0.9999951124191284,0.4887877404689789,0.7168682217597961,0.1174322366714477,0.7332566380500793,0.999997615814209,0.5165277123451233,0.8456401228904724,0.0533549599349498,0.994404911994934,0.999984622001648,0.5011780858039856,0.8310072422027588,0.2059784680604934,0.9208634495735168,0.9999961853027344,False,False,False,False,False,False,False,False,False,False,False,False,False
368,7.36,0.4784030318260193,0.3462131917476654,-0.1356474012136459,0.9999696016311646,0.999991774559021,0.5155350565910339,0.403808981180191,-0.1769017577171325,0.9999971389770508,0.9999991655349731,0.4793411493301391,0.41055428981781,0.0342312864959239,0.999983251094818,0.9999960660934448,0.5150080919265747,0.5085575580596924,-0.187146246433258,0.9980470538139344,0.999985933303833,,,,0.5083853602409363,0.9999886751174928,0.4944512248039245,0.5976227521896362,-0.1961022466421127,0.996713936328888,0.999996304512024,0.4592485129833221,0.5781139135360718,0.0157678816467523,0.9449483156204224,0.9999996423721312,0.5052821040153503,0.5856473445892334,-0.0660150349140167,0.9999916553497314,0.9999996423721312,0.4776284098625183,0.5837913751602173,0.0660036727786064,0.9999868869781494,0.9999995231628418,0.5057231783866882,0.7215133309364319,-0.0320743694901466,0.9872934222221376,0.9999938011169434,0.4887988269329071,0.7168218493461609,0.1189200580120086,0.7321635484695435,0.9999974966049194,0.5167860388755798,0.8455325365066528,0.0516411401331424,0.9944255352020264,0.999980092048645,0.5013275742530823,0.8311967253684998,0.2087596803903579,0.9218978881835938,0.999995231628418,False,False,False,False,False,False,False,False,False,False,False,False,False
369,7.38,0.4784449636936188,0.346292495727539,-0.1371117383241653,0.999970018863678,0.9999934434890748,0.5154948830604553,0.4038161039352417,-0.1752738058567047,0.9999971389770508,0.9999994039535522,0.4795276522636413,0.4104944765567779,0.0326679162681102,0.9999833703041076,0.999996304512024,0.5149693489074707,0.50865238904953,-0.1835580766201019,0.9980553984642028,0.9999890327453612,,,,0.5075305104255676,0.9999885559082032,0.4944193065166473,0.5977398753166199,-0.1931808441877365,0.9967373609542848,0.99999737739563,0.4591933488845825,0.5781198740005493,0.0149877183139324,0.9453780651092528,0.9999995231628418,0.5052146315574646,0.5855709314346313,-0.0652232691645622,0.999991774559021,0.9999996423721312,0.4774772524833679,0.5836997032165527,0.0652142614126205,0.9999870657920836,0.9999995231628418,0.5058377385139465,0.7215200066566467,-0.0336673967540264,0.9874386191368104,0.9999943971633912,0.4887412786483764,0.7166458964347839,0.1146965697407722,0.7328058481216431,0.9999972581863404,0.5171020030975342,0.8456700444221497,0.050200168043375,0.9944796562194824,0.9999806880950928,0.5013208985328674,0.8313533663749695,0.202756717801094,0.9223620891571044,0.9999945163726808,False,False,False,False,False,False,False,False,False,False,False,False,False
370,7.4,0.4784368872642517,0.3458795249462127,-0.138631984591484,0.99996817111969,0.9999841451644896,0.5154961943626404,0.4038404524326324,-0.1757483035326004,0.9999971389770508,0.9999992847442628,0.4795036017894745,0.4105244576931,0.0292691085487604,0.9999833106994628,0.9999958276748656,0.5149744153022766,0.5086372494697571,-0.1866320669651031,0.9980483055114746,0.9999880790710448,,,,0.5035503506660461,0.9999881982803344,0.4944161772727966,0.597790539264679,-0.1966501325368881,0.9967267513275146,0.9999971389770508,0.4591475129127502,0.5782749056816101,0.0127566438168287,0.9457656741142272,0.9999996423721312,0.5052310228347778,0.5856056809425354,-0.0652681589126586,0.9999919533729552,0.9999996423721312,0.4773375391960144,0.5837457180023193,0.0652588754892349,0.999987244606018,0.9999995231628418,0.5060288906097412,0.7215285897254944,-0.029750395566225,0.9874371886253356,0.9999947547912598,0.4887922704219818,0.7166478633880615,0.1175507828593254,0.7280693650245667,0.9999974966049194,0.5171276926994324,0.8462496399879456,0.0504086725413799,0.9945976734161376,0.9999834299087524,0.501398503780365,0.8318056464195251,0.2086813151836395,0.9222399592399596,0.9999957084655762,False,False,False,False,False,False,False,False,False,False,False,False,False
371,7.42,0.4785147309303283,0.3459720313549042,-0.1396436840295791,0.9999679327011108,0.9999911785125732,0.5154851078987122,0.4037379026412964,-0.1751590222120285,0.999997079372406,0.9999991655349731,0.4795601963996887,0.4105706810951233,0.0321145541965961,0.999983251094818,0.9999954700469972,0.5149750113487244,0.5086086392402649,-0.1842389851808548,0.9980313181877136,0.9999850988388062,,,,0.4994392991065979,0.9999860525131226,0.494390606880188,0.5978211760520935,-0.1943200528621673,0.996666133403778,0.9999958276748656,0.4591743350028991,0.578265368938446,0.0160148423165082,0.9459781050682068,0.9999995231628418,0.5049659013748169,0.5856345295906067,-0.0652883499860763,0.9999920725822448,0.9999995231628418,0.4770373404026031,0.5837634801864624,0.0652782768011093,0.9999874234199524,0.9999995231628418,0.5060727596282959,0.7215363383293152,-0.0313536189496517,0.987645983695984,0.999992609024048,0.4887717366218567,0.7165417075157166,0.1151768788695335,0.7348922491073608,0.999996781349182,0.5172207951545715,0.8460865020751953,0.0525242127478122,0.9946722984313964,0.9999748468399048,0.5014551281929016,0.8317291140556335,0.2067854851484298,0.9246336817741394,0.9999936819076538,False,False,False,False,False,False,False,False,False,False,False,False,False
372,7.44,0.478520929813385,0.3457464575767517,-0.1348444670438766,0.9999658465385436,0.999985933303833,0.5154694318771362,0.4037162363529205,-0.1764868944883346,0.999997079372406,0.9999994039535522,0.4795844852924347,0.4103222191333771,0.0312950201332569,0.9999830722808838,0.9999960660934448,0.5149428844451904,0.5086636543273926,-0.1852680146694183,0.998035728931427,0.9999902248382568,,,,0.491369366645813,0.99998939037323,0.4944137632846832,0.5978784561157227,-0.1944688856601715,0.9966810941696168,0.9999977350234984,0.4592138826847076,0.5780590772628784,0.0172860324382781,0.9447616338729858,0.9999996423721312,0.5050839781761169,0.584784209728241,-0.0651819333434104,0.9999920129776,0.9999995231628418,0.4770955443382263,0.5835104584693909,0.0651754364371299,0.999987244606018,0.9999995231628418,0.5061156153678894,0.7214719653129578,-0.0320665724575519,0.9871360063552856,0.9999936819076538,0.4887568652629852,0.7163246870040894,0.1050979942083358,0.724713146686554,0.9999971389770508,0.517319917678833,0.8464398384094238,0.0426633395254612,0.9945194125175476,0.999979853630066,0.5015228986740112,0.831915020942688,0.1915906518697738,0.9208987951278688,0.9999948740005492,False,False,False,False,False,False,False,False,False,False,False,False,False
373,7.46,0.4785187840461731,0.3458189368247986,-0.1314040124416351,0.9999635815620422,0.9999860525131226,0.5154730081558228,0.4037805795669555,-0.1770846098661422,0.999997079372406,0.9999991655349731,0.479589968919754,0.4103998839855194,0.0355369597673416,0.9999825954437256,0.9999938011169434,0.5148890018463135,0.5086929202079773,-0.1859804093837738,0.9980284571647644,0.9999854564666748,,,,0.4877445101737976,0.9999839067459106,0.4943529963493347,0.5979160666465759,-0.1958249509334564,0.9966977834701538,0.999996781349182,0.459187239408493,0.5781491994857788,0.017376260831952,0.9449494481086732,0.9999995231628418,0.5049918293952942,0.5850538611412048,-0.0657861083745956,0.9999918341636658,0.9999992847442628,0.4770033061504364,0.5835275053977966,0.0657776445150375,0.9999868869781494,0.9999991655349731,0.5062571167945862,0.7215869426727295,-0.0328891687095165,0.9870659708976746,0.9999910593032836,0.4888622164726257,0.7163820266723633,0.1156435459852218,0.7207975387573242,0.9999949932098388,0.5173388123512268,0.8464325666427612,0.0416995733976364,0.9945228695869446,0.9999691247940063,0.5015089511871338,0.8318405151367188,0.2058673053979873,0.9199439883232116,0.9999911785125732,False,False,False,False,False,False,False,False,False,False,False,False,False
374,7.48,0.4785114824771881,0.3458798229694366,-0.1257160156965255,0.9999631643295288,0.9999879598617554,0.5153782963752747,0.4038220643997192,-0.178115576505661,0.9999971389770508,0.9999994039535522,0.4798862338066101,0.4103583097457886,0.0341804213821888,0.9999827146530152,0.999996542930603,0.5148921608924866,0.5086798071861267,-0.1898366659879684,0.9980481863021852,0.9999901056289672,,,,0.4789504706859588,0.9999905824661256,0.494350790977478,0.5976924896240234,-0.1970000714063644,0.996684730052948,0.9999972581863404,0.4592234492301941,0.5781307220458984,0.0198689512908458,0.9432018995285034,0.9999996423721312,0.5049516558647156,0.5850761532783508,-0.0658334344625473,0.9999919533729552,0.9999996423721312,0.4770812392234802,0.5835562944412231,0.0658275112509727,0.999987006187439,0.9999995231628418,0.50640469789505,0.7215927243232727,-0.0310052447021007,0.9868106842041016,0.9999942779541016,0.4890624284744262,0.7163723111152649,0.1155519634485244,0.7106760144233704,0.99999737739563,0.5173582434654236,0.8477637767791748,0.0412327460944652,0.9945395588874816,0.9999794960021972,0.5016592741012573,0.8325513601303101,0.2036058902740478,0.9170529842376708,0.9999951124191284,False,False,False,False,False,False,False,False,False,False,False,False,False
375,7.5,0.4785062670707702,0.3459208011627197,-0.1289613842964172,0.9999610185623168,0.9999854564666748,0.5153784155845642,0.4038723409175873,-0.1783325225114822,0.999997079372406,0.9999990463256836,0.479879766702652,0.4103766083717346,0.0334358550608158,0.9999825954437256,0.9999953508377076,0.5148767828941345,0.5086968541145325,-0.1902465522289276,0.9979519248008728,0.9999858140945436,,,,0.469336986541748,0.9999877214431764,0.49433234333992,0.5976548790931702,-0.1984752714633941,0.9964776039123536,0.9999961853027344,0.4592510163784027,0.578157365322113,0.0178429000079631,0.9421157836914062,0.9999995231628418,0.5049638152122498,0.585334300994873,-0.0660626739263534,0.9999919533729552,0.9999995231628418,0.4771116375923157,0.583888828754425,0.0660571381449699,0.9999870657920836,0.9999995231628418,0.5065866112709045,0.7215995788574219,-0.0299430415034294,0.9859048128128052,0.9999921321868896,0.4893231391906738,0.7163861393928528,0.1194305643439292,0.6989789605140686,0.999996781349182,0.5175272226333618,0.8477287292480469,0.0487217828631401,0.99421489238739,0.999975085258484,0.50172358751297,0.8322097659111023,0.2106337547302246,0.913841724395752,0.9999939203262328,False,False,False,False,False,False,False,False,False,False,False,False,False
376,7.52,0.4785018265247345,0.3459608256816864,-0.1309556066989898,0.9999598860740662,0.9999864101409912,0.5153214931488037,0.4038525521755218,-0.1814878135919571,0.999997079372406,0.9999992847442628,0.480000764131546,0.4103685021400451,0.0328385606408119,0.9999828338623048,0.9999966621398926,0.5148765444755554,0.5087118744850159,-0.1906322538852691,0.9979032278060912,0.9999889135360718,,,,0.4632694125175476,0.999991536140442,0.494329959154129,0.5976864099502563,-0.1981375962495803,0.9963409304618835,0.9999966621398926,0.4592619240283966,0.5779274106025696,0.0190606750547885,0.942054569721222,0.9999997615814208,0.5049425959587097,0.5853603482246399,-0.0663678348064422,0.9999919533729552,0.9999995231628418,0.4771713316440582,0.5839112997055054,0.0663641989231109,0.9999871253967284,0.9999995231628418,0.5067097544670105,0.7216047048568726,-0.030008440837264,0.9851864576339722,0.9999929666519164,0.4895180761814117,0.716381311416626,0.1210755854845047,0.6872451305389404,0.9999971389770508,0.5175527930259705,0.8476881384849548,0.0481467694044113,0.993998885154724,0.9999765157699584,0.5017526745796204,0.832210123538971,0.2124413400888443,0.9099804759025574,0.9999943971633912,False,False,False,False,False,False,False,False,False,False,False,False,False
377,7.54,0.4784766733646393,0.3459913432598114,-0.1286410391330719,0.9999593496322632,0.999985933303833,0.5153002142906189,0.4037736356258392,-0.1875378638505935,0.9999971389770508,0.9999995231628418,0.4801182746887207,0.410121887922287,0.0327417738735675,0.9999830722808838,0.9999969005584716,0.5148786306381226,0.5087254643440247,-0.1955591738224029,0.997914969921112,0.9999916553497314,,,,0.4590881764888763,0.9999922513961792,0.4942976236343384,0.5977100133895874,-0.1986532509326934,0.9963273406028748,0.9999974966049194,0.4592854380607605,0.5779576301574707,0.0202590506523847,0.9412484169006348,0.9999996423721312,0.5047966241836548,0.58548504114151,-0.0669935941696167,0.9999921321868896,0.9999996423721312,0.477139949798584,0.5839208960533142,0.0669943317770958,0.9999873638153076,0.9999996423721312,0.5069642066955566,0.7216113805770874,-0.0263807754963636,0.985092282295227,0.9999946355819702,0.4895178973674774,0.7163240909576416,0.1281654685735702,0.6809477210044861,0.9999974966049194,0.517769455909729,0.8477069139480591,0.0501459687948226,0.9940581321716307,0.9999784231185912,0.5018896460533142,0.8321930170059204,0.2239716351032257,0.907914102077484,0.999995231628418,False,False,False,False,False,False,False,False,False,False,False,False,False
378,7.56,0.4784736931324005,0.3460122644901275,-0.1286819875240326,0.9999596476554872,0.9999901056289672,0.515259325504303,0.4037694931030273,-0.1890433728694915,0.9999971985816956,0.9999995231628418,0.4802089929580688,0.4100498259067535,0.0318390019237995,0.9999831318855286,0.9999969005584716,0.5148895382881165,0.5087382197380066,-0.1993817687034607,0.9979543089866638,0.9999918937683104,,,,0.4517279863357544,0.9999910593032836,0.4943424761295318,0.5977378487586975,-0.2016481012105941,0.9963635206222534,0.999997854232788,0.4593308568000793,0.5779656171798706,0.0224350169301033,0.9384000897407532,0.9999996423721312,0.5048277378082275,0.584961473941803,-0.0670130252838134,0.9999921917915344,0.9999996423721312,0.4771823585033417,0.5837799310684204,0.0670141950249672,0.9999873638153076,0.9999995231628418,0.5069648623466492,0.7213369011878967,-0.0306770224124193,0.9850409030914308,0.9999951124191284,0.4895115196704864,0.7160122990608215,0.1183983534574508,0.6737931966781616,0.999997615814209,0.5178456902503967,0.847876787185669,0.0317289605736732,0.99409019947052,0.9999825954437256,0.5020589232444763,0.8326236009597778,0.1998068988323211,0.9057560563087464,0.9999955892562866,False,False,False,False,False,False,False,False,False,False,False,False,False
379,7.58,0.4784922897815704,0.3460062146186828,-0.1361158490180969,0.999958336353302,0.9999878406524658,0.5152591466903687,0.4037843346595764,-0.1885207593441009,0.9999971389770508,0.9999990463256836,0.4800742566585541,0.4100581407546997,0.034350823611021,0.99998277425766,0.9999940395355223,0.5148906707763672,0.5087359547615051,-0.19907908141613,0.9978849291801452,0.9999845027923584,,,,0.4499322772026062,0.9999837875366212,0.494325041770935,0.5977591276168823,-0.2047371417284011,0.9961940050125122,0.9999955892562866,0.4593739509582519,0.5779597163200378,0.0169944148510694,0.9383034110069276,0.9999994039535522,0.5048559308052063,0.5851197838783264,-0.0678654089570045,0.9999921321868896,0.9999994039535522,0.4771890938282013,0.5838582515716553,0.0678567439317703,0.999987244606018,0.9999992847442628,0.5072720646858215,0.7215028405189514,-0.0324612073600292,0.985036075115204,0.999990940093994,0.489620178937912,0.7160128355026245,0.1206465065479278,0.6785563230514526,0.9999955892562866,0.517835259437561,0.847263514995575,0.0411280505359172,0.9940269589424132,0.999969482421875,0.5020427107810974,0.8325862288475037,0.2139658480882644,0.9078569412231444,0.9999912977218628,False,False,False,False,False,False,False,False,False,False,False,False,False
380,7.6,0.4784939885139465,0.3459636270999908,-0.135751187801361,0.9999574422836304,0.9999855756759644,0.5151506662368774,0.4036701619625091,-0.1888379901647567,0.9999971389770508,0.9999992847442628,0.4800934195518493,0.4097795486450195,0.0326253287494182,0.9999828934669496,0.9999960660934448,0.5148932933807373,0.5087152719497681,-0.1987943053245544,0.997870683670044,0.9999897480010986,,,,0.4449251294136047,0.9999898672103882,0.4942860305309295,0.5977758765220642,-0.2029323577880859,0.9961174130439758,0.999996781349182,0.4593835473060608,0.5776950716972351,0.0166461579501628,0.9373794198036194,0.9999996423721312,0.5048357248306274,0.5851374268531799,-0.0678406953811645,0.9999921917915344,0.9999996423721312,0.4772153794765472,0.5838415026664734,0.0678333416581153,0.9999873638153076,0.9999995231628418,0.5075384974479675,0.7215057015419006,-0.0307044051587581,0.9844947457313538,0.9999935626983644,0.4897563755512237,0.7159865498542786,0.1207949146628379,0.6689329743385315,0.9999970197677612,0.517852246761322,0.8472613096237183,0.0459781028330326,0.9938579797744752,0.9999774694442748,0.5020317435264587,0.832739531993866,0.2149133682250976,0.9045235514640808,0.9999940395355223,False,False,False,False,False,False,False,False,False,False,False,False,False
381,7.62,0.4784870743751526,0.3457573354244232,-0.1353492587804794,0.999954879283905,0.9999765157699584,0.5151504874229431,0.4034986495971679,-0.1885138154029846,0.9999971389770508,0.9999992847442628,0.4800531268119812,0.4095916748046875,0.0297217927873134,0.9999825954437256,0.9999948740005492,0.5148997902870178,0.5086641907691956,-0.1969092935323715,0.997875988483429,0.9999887943267822,,,,0.4386549890041351,0.9999876022338868,0.4942869842052459,0.5978704690933228,-0.1978214085102081,0.9961379766464232,0.9999970197677612,0.4593923687934875,0.5777037739753723,0.0164138190448284,0.9361441135406494,0.9999995231628418,0.504855751991272,0.5852165222167969,-0.0678349956870079,0.9999921917915344,0.9999995231628418,0.4771262407302856,0.5838639736175537,0.067826896905899,0.9999873042106628,0.9999994039535522,0.5076965093612671,0.7216423749923706,-0.0273513924330472,0.9842484593391418,0.9999938011169434,0.4900325238704681,0.7159873247146606,0.1245321854948997,0.6588293313980103,0.9999969005584716,0.5178614854812622,0.8476446270942688,0.0503474064171314,0.993843674659729,0.9999765157699584,0.5022286176681519,0.8328123092651367,0.2206901162862777,0.9015457034111024,0.999994158744812,False,False,False,False,False,False,False,False,False,False,False,False,False
382,7.64,0.4784923791885376,0.3455674052238464,-0.1423299312591552,0.9999550580978394,0.9999891519546508,0.5151556730270386,0.4033164083957672,-0.191125139594078,0.9999971985816956,0.9999994039535522,0.4800347089767456,0.4093597829341888,0.0255681313574314,0.9999828934669496,0.999996542930603,0.5148996114730835,0.5086426734924316,-0.1982520520687103,0.9978930950164796,0.9999911785125732,,,,0.4392967522144317,0.9999898672103882,0.494366705417633,0.5979683995246887,-0.2005097866058349,0.9961584210395812,0.99999737739563,0.4594210982322693,0.5777157545089722,0.0106581430882215,0.9361844658851624,0.9999996423721312,0.5049493312835693,0.5849054455757141,-0.0677071586251258,0.999992311000824,0.9999996423721312,0.4771241843700409,0.5838239192962646,0.0677003934979438,0.9999874830245972,0.9999995231628418,0.5077945590019226,0.7213148474693298,-0.0301404651254415,0.9840734601020812,0.9999932050704956,0.4900307655334472,0.7158098816871643,0.114321582019329,0.6618543863296509,0.9999969005584716,0.5178731083869934,0.8463076949119568,0.0499937981367111,0.9936708807945251,0.9999772310256958,0.502304196357727,0.8327655792236328,0.2084303051233291,0.9021692276000975,0.9999936819076538,False,False,False,False,False,False,False,False,False,False,False,False,False
383,7.66,0.4784809947013855,0.3455106019973755,-0.1385677754878997,0.9999502897262572,0.9999679327011108,0.5151557326316833,0.4033084511756897,-0.1906043589115142,0.9999971389770508,0.999998927116394,0.4799632132053375,0.4093610942363739,0.0257179550826549,0.9999825358390808,0.9999938011169434,0.5148871541023254,0.5086450576782227,-0.19558946788311,0.9978647828102112,0.999986171722412,,,,0.4372120797634125,0.9999860525131226,0.4943667352199554,0.5982135534286499,-0.1962364166975021,0.9961084723472596,0.9999960660934448,0.4594399333000183,0.5777539014816284,0.0108092324808239,0.9364396929740906,0.9999995231628418,0.50496906042099,0.584933340549469,-0.0676988065242767,0.999992311000824,0.9999994039535522,0.4771157801151275,0.583828330039978,0.0676921531558036,0.9999874234199524,0.9999992847442628,0.5079417824745178,0.7213821411132812,-0.0288729574531316,0.9840189218521118,0.9999920129776,0.4900818765163421,0.7158756852149963,0.1231071799993515,0.6563647389411926,0.9999960660934448,0.51810622215271,0.846477210521698,0.051290139555931,0.993704080581665,0.9999722242355348,0.5022817850112915,0.8327301740646362,0.2219817787408828,0.9008442163467408,0.9999922513961792,False,False,False,False,False,False,False,False,False,False,False,False,False
384,7.68,0.4784770905971527,0.3452929854393005,-0.1416114419698715,0.9999486207962036,0.999980926513672,0.5151553750038147,0.4031874239444732,-0.1941007673740387,0.9999971389770508,0.9999991655349731,0.4798767268657684,0.4093582332134247,0.0252177845686674,0.9999824166297911,0.999995231628418,0.514888346195221,0.508629322052002,-0.2010552436113357,0.9978532195091248,0.999988317489624,,,,0.4315177202224731,0.9999879598617554,0.4943966269493103,0.5982612371444702,-0.2038373053073883,0.99603933095932,0.999996304512024,0.4594770073890686,0.5777086019515991,0.0105582876130938,0.9355068802833556,0.9999995231628418,0.5049936175346375,0.584926187992096,-0.0680276229977607,0.9999921917915344,0.9999994039535522,0.4770996868610382,0.583838164806366,0.0680224075913429,0.9999871850013732,0.9999992847442628,0.5081064701080322,0.7213882207870483,-0.0293095037341117,0.9835745692253112,0.9999914169311525,0.4901813864707947,0.7158209085464478,0.1234608888626098,0.64860600233078,0.9999958276748656,0.5181776881217957,0.8466542363166809,0.0507667101919651,0.9935745000839232,0.9999679327011108,0.5024368762969971,0.8327311873435974,0.2220077514648437,0.8978564143180847,0.9999920129776,False,False,False,False,False,False,False,False,False,False,False,False,False
385,7.7,0.4784872829914093,0.3453022241592407,-0.149714857339859,0.9999507665634156,0.9999934434890748,0.5151746869087219,0.4031952321529388,-0.1932296454906463,0.999997079372406,0.9999991655349731,0.4796570837497711,0.4097150862216949,0.0259960312396287,0.9999823570251464,0.9999954700469972,0.5148788690567017,0.5086336135864258,-0.2008852064609527,0.997817039489746,0.999984860420227,,,,0.4281118810176849,0.99998676776886,0.494404524564743,0.5983879566192627,-0.2077250927686691,0.9959696531295776,0.9999958276748656,0.4594976603984833,0.5777206420898438,0.0096166850998997,0.9354268908500672,0.9999995231628418,0.5050774216651917,0.5849388241767883,-0.0682022869586944,0.9999918937683104,0.9999994039535522,0.4770873188972473,0.5838440656661987,0.0681941509246826,0.99998676776886,0.9999992847442628,0.5083006620407104,0.7213892340660095,-0.0356620028614997,0.9833746552467346,0.9999903440475464,0.4902878403663635,0.7157437801361084,0.1211150661110878,0.6474908590316772,0.9999955892562866,0.5182124376296997,0.8466840982437134,0.0413187406957149,0.993450939655304,0.9999648332595824,0.5025421380996704,0.8326451182365417,0.2176154404878616,0.8975557088851929,0.999991774559021,False,False,False,False,False,False,False,False,False,False,False,False,False
386,7.72,0.4784573316574096,0.345232605934143,-0.1415298283100128,0.9999473094940186,0.999976634979248,0.5151405930519104,0.4031195044517517,-0.1923051923513412,0.9999970197677612,0.9999990463256836,0.4796103239059448,0.4097209572792053,0.0276691410690546,0.9999818801879884,0.9999938011169434,0.5148974061012268,0.5085931420326233,-0.2007209211587906,0.997765302658081,0.999985933303833,,,,0.4205089807510376,0.9999855756759644,0.4944090843200683,0.5985044836997986,-0.2064410597085952,0.995838701725006,0.9999958276748656,0.4595363438129425,0.5777305364608765,0.0098715964704751,0.9332824945449828,0.9999995231628418,0.5050960183143616,0.5850686430931091,-0.0681928470730781,0.9999918341636658,0.9999994039535522,0.4770874381065368,0.584003210067749,0.068184919655323,0.9999865889549256,0.9999992847442628,0.5083627104759216,0.7213926911354065,-0.0334836095571517,0.9826040863990784,0.9999911785125732,0.4904404282569885,0.7157363295555115,0.1211158037185669,0.637222945690155,0.9999958276748656,0.5181959867477417,0.8466631174087524,0.0439628027379512,0.9932276606559752,0.999968409538269,0.502541184425354,0.8326247334480286,0.2169954925775528,0.8938432931900024,0.999991774559021,False,False,False,False,False,False,False,False,False,False,False,False,False
387,7.74,0.4784407317638397,0.3452378511428833,-0.1387882083654403,0.999944269657135,0.9999778270721436,0.5150995850563049,0.4030875265598297,-0.1905140131711959,0.9999970197677612,0.9999991655349731,0.4796018898487091,0.4096798300743103,0.0273157227784395,0.9999815225601196,0.9999945163726808,0.5149518847465515,0.5085902214050293,-0.1975396126508712,0.9977681040763856,0.9999879598617554,,,,0.4198383092880249,0.9999865293502808,0.4945565164089203,0.5985293984413147,-0.2017252743244171,0.9958428740501404,0.9999970197677612,0.4595510363578796,0.5777401328086853,0.0099616656079888,0.9323838949203492,0.9999995231628418,0.505149781703949,0.5849037170410156,-0.0674852207303047,0.9999917149543762,0.9999995231628418,0.4771147966384887,0.5839471817016602,0.0674808546900749,0.9999863505363464,0.9999992847442628,0.5084380507469177,0.7213910818099976,-0.0363768301904201,0.9823939800262452,0.9999920129776,0.4904606640338897,0.715661883354187,0.1042642667889595,0.6342175602912903,0.9999961853027344,0.5181921720504761,0.8466606140136719,0.0370273329317569,0.9931665658950806,0.9999730587005616,0.5026019215583801,0.8325865864753723,0.1918323338031768,0.892299473285675,0.999992609024048,False,False,False,False,False,False,False,False,False,False,False,False,False
388,7.76,0.4784434139728546,0.3452430963516235,-0.1495816707611084,0.9999473094940186,0.9999936819076538,0.5151044726371765,0.4030911922454834,-0.1821269392967224,0.9999969005584716,0.9999988079071044,0.4794268012046814,0.409798115491867,0.0315926484763622,0.9999810457229614,0.999993085861206,0.5149505138397217,0.508568286895752,-0.1924395114183426,0.9977322816848756,0.9999786615371704,,,,0.4205927550792694,0.9999799728393556,0.4946357011795044,0.5986447334289551,-0.2022013068199157,0.9957744479179382,0.9999938011169434,0.4596233069896698,0.5778264403343201,0.0093787005171179,0.933022141456604,0.9999992847442628,0.5052320957183838,0.5850123763084412,-0.0676793381571769,0.9999914169311525,0.9999991655349731,0.4771492779254913,0.5841158032417297,0.0676687732338905,0.9999858736991882,0.9999990463256836,0.5087357759475708,0.7215497493743896,-0.0379532724618911,0.9826412796974182,0.9999877214431764,0.4908741116523742,0.7158909440040588,0.1142814978957176,0.6367437839508057,0.9999940395355223,0.5178428888320923,0.8466641902923584,0.0379876159131526,0.993221402168274,0.9999608993530272,0.5024752020835876,0.8325858116149902,0.2114229351282119,0.8943888545036316,0.9999891519546508,False,False,False,False,False,False,False,False,False,False,False,False,False
389,7.78,0.4784010946750641,0.3451862335205078,-0.1409576386213302,0.9999454617500304,0.9999791383743286,0.5150885581970215,0.4030943512916565,-0.1836096793413162,0.9999969005584716,0.9999990463256836,0.4793160855770111,0.4097980260848999,0.0325644649565219,0.9999810457229614,0.9999943971633912,0.5149849653244019,0.5085591077804565,-0.1963376849889755,0.9977548122406006,0.9999881982803344,,,,0.4233227968215942,0.9999868869781494,0.4948267638683319,0.5986274480819702,-0.2053144425153732,0.9958126544952391,0.9999966621398926,0.4596379399299621,0.5777950882911682,0.0097339572384953,0.9339132905006408,0.9999995231628418,0.5054817795753479,0.5849859714508057,-0.067888006567955,0.9999914765357972,0.9999994039535522,0.4772068560123443,0.5841450095176697,0.0678774118423461,0.9999859929084778,0.9999992847442628,0.508977472782135,0.7215537428855896,-0.0379328392446041,0.9825750589370728,0.999990701675415,0.4910078644752502,0.7160534858703613,0.1152578964829444,0.6360212564468384,0.9999953508377076,0.5177401304244995,0.8465337157249451,0.0386420041322708,0.9931913018226624,0.999968409538269,0.5024329423904419,0.8326846361160278,0.2145497351884842,0.8935509920120239,0.9999908208847046,False,False,False,False,False,False,False,False,False,False,False,False,False
390,7.8,0.4783993065357208,0.3451186418533325,-0.1409103572368621,0.9999427199363708,0.999975562095642,0.5151068568229675,0.4031025767326355,-0.183764562010765,0.999996781349182,0.9999988079071044,0.4793046414852142,0.4098038673400879,0.0323046259582042,0.9999804496765136,0.9999923706054688,0.5150580406188965,0.5085424184799194,-0.1968434154987335,0.9977246522903442,0.9999847412109376,,,,0.4182948172092438,0.999983549118042,0.4949069321155548,0.5986355543136597,-0.2066070884466171,0.9957492351531982,0.9999955892562866,0.4596431851387024,0.5778092741966248,0.0082394639030098,0.9323986768722534,0.9999994039535522,0.5056904554367065,0.5853123664855957,-0.0678945928812027,0.9999914169311525,0.9999994039535522,0.4772502481937408,0.5845381021499634,0.0678844451904296,0.9999858736991882,0.9999992847442628,0.509048342704773,0.7215803265571594,-0.0257922764867544,0.9816622138023376,0.9999899864196776,0.4910291731357574,0.7161315083503723,0.1249319612979888,0.6279077529907227,0.999995231628418,0.5175698399543762,0.8465368151664734,0.0533022247254848,0.9930359125137328,0.9999659061431884,0.5023464560508728,0.8330177068710327,0.2237258106470108,0.8915256261825562,0.9999910593032836,False,False,False,False,False,False,False,False,False,False,False,False,False
391,7.82,0.4783974885940552,0.3451562523841858,-0.1391837298870086,0.9999412298202516,0.9999784231185912,0.5151087641716003,0.4031211733818054,-0.1855795979499817,0.999996781349182,0.9999991655349731,0.4793294072151184,0.4097425937652588,0.0321709662675857,0.9999805092811584,0.9999946355819702,0.5151364803314209,0.5086162686347961,-0.1974122375249862,0.9977253675460817,0.9999879598617554,,,,0.4196342527866363,0.9999877214431764,0.4950512647628784,0.5986467599868774,-0.2062385231256485,0.9957531690597534,0.999996542930603,0.4596804082393646,0.5778252482414246,0.0101420786231756,0.9328790903091432,0.9999995231628418,0.5057993531227112,0.5852836966514587,-0.0679939985275268,0.9999914169311525,0.9999994039535522,0.4773520827293396,0.5845426917076111,0.0679839625954628,0.9999858140945436,0.9999992847442628,0.5090886950492859,0.7216349840164185,-0.0288137756288051,0.981542944908142,0.9999908208847046,0.4910226464271545,0.7161588668823242,0.1244564205408096,0.6228899955749512,0.999995231628418,0.517214834690094,0.8465111255645752,0.0481541641056537,0.9930019974708556,0.99996817111969,0.5022001266479492,0.8330247402191162,0.2228163033723831,0.8891034126281738,0.999990940093994,False,False,False,False,False,False,False,False,False,False,False,False,False
392,7.84,0.4783958494663238,0.3451313078403473,-0.1363867074251175,0.9999399781227112,0.9999784231185912,0.5151605010032654,0.4031253755092621,-0.1844129115343094,0.999996781349182,0.9999990463256836,0.4793425500392914,0.4097298979759216,0.0308588445186615,0.9999804496765136,0.9999947547912598,0.5152503252029419,0.5086005330085754,-0.1925407499074936,0.9977127313613892,0.9999879598617554,,,,0.41568523645401,0.9999876022338868,0.495106041431427,0.5986495018005371,-0.1976441890001297,0.9957482814788818,0.999996542930603,0.459744393825531,0.5778326988220215,0.0102873556315898,0.9320430755615234,0.9999995231628418,0.5058434009552002,0.5854708552360535,-0.0676261708140373,0.9999914169311525,0.9999995231628418,0.477361798286438,0.5846912860870361,0.0676200240850448,0.9999858736991882,0.9999994039535522,0.5091551542282104,0.7216177582740784,-0.0251811128109693,0.9806727170944214,0.9999902248382568,0.4911139607429504,0.7161543369293213,0.1238542348146438,0.6158855557441711,0.9999958276748656,0.5171369314193726,0.8463171720504761,0.0559545904397964,0.9926798939704896,0.9999672174453736,0.5022241473197937,0.833020806312561,0.2204241752624511,0.886667788028717,0.999991536140442,False,False,False,False,False,False,False,False,False,False,False,False,False
393,7.86,0.4783939719200134,0.3451499342918396,-0.1358451843261718,0.9999396204948424,0.9999812841415404,0.5151615738868713,0.4031269252300262,-0.1855663210153579,0.9999968409538268,0.9999992847442628,0.479448914527893,0.409665048122406,0.0289445389062166,0.9999805092811584,0.9999953508377076,0.5152770280838013,0.5086644887924194,-0.1932457983493805,0.9977267384529114,0.9999897480010986,,,,0.4132969081401825,0.9999879598617554,0.4952658116817474,0.5987216234207153,-0.1983021795749664,0.9957751035690308,0.9999970197677612,0.4598711431026459,0.5777745842933655,0.0105325523763895,0.9306206703186036,0.9999995231628418,0.5060318112373352,0.5854402780532837,-0.0674275532364845,0.9999914765357972,0.9999995231628418,0.4776679575443268,0.5846921801567078,0.0674227327108383,0.999985933303833,0.9999994039535522,0.5091569423675537,0.7217649221420288,-0.026390703395009,0.9803962707519532,0.9999923706054688,0.4911552369594574,0.7161735892295837,0.1207410618662834,0.6126907467842102,0.9999964237213136,0.5170737504959106,0.8462725877761841,0.0546443834900856,0.9924882650375366,0.9999721050262452,0.5022079944610596,0.833232581615448,0.2134263515472412,0.8851422667503357,0.999991774559021,False,False,False,False,False,False,False,False,False,False,False,False,False
394,7.88,0.4783243834972381,0.3452038764953613,-0.1296465545892715,0.9999383687973022,0.9999737739562988,0.515194296836853,0.4031302332878113,-0.1855127662420272,0.9999969005584716,0.9999992847442628,0.4794579446315765,0.4096668660640716,0.0288438983261585,0.9999805688858032,0.9999949932098388,0.5153740048408508,0.508635401725769,-0.1927060186862945,0.9977656602859496,0.9999896287918092,,,,0.4157389998435974,0.9999877214431764,0.4953181147575378,0.598732054233551,-0.1934842616319656,0.9958197474479676,0.9999966621398926,0.4598976969718933,0.5778957605361938,0.0140288118273019,0.9306570887565612,0.9999994039535522,0.5060485601425171,0.5855653285980225,-0.0671779587864875,0.9999916553497314,0.9999995231628418,0.4776705205440521,0.5847382545471191,0.0671745985746383,0.999986171722412,0.9999994039535522,0.5092126727104187,0.7217704653739929,-0.0250179097056388,0.9811668992042542,0.999993085861206,0.49121755361557,0.7161996364593506,0.1235944330692291,0.6200133562088013,0.999996542930603,0.5169896483421326,0.8464135527610779,0.0534003265202045,0.9928306937217712,0.999975323677063,0.501970648765564,0.8337076902389526,0.2165506184101104,0.8884517550468445,0.9999923706054688,False,False,False,False,False,False,False,False,False,False,False,False,False
395,7.9,0.4783117473125458,0.3452395796775818,-0.128430426120758,0.9999397993087769,0.9999850988388062,0.515215277671814,0.4031280279159546,-0.1842958182096481,0.9999969601631165,0.9999994039535522,0.479506641626358,0.4096637368202209,0.0285931508988142,0.9999808669090272,0.9999964237213136,0.5154395699501038,0.5086509585380554,-0.189838096499443,0.9978116154670716,0.9999912977218628,,,,0.4192075729370117,0.9999899864196776,0.4954794049263,0.5987624526023865,-0.1905707269906997,0.9959253072738647,0.999997615814209,0.4600000381469726,0.5779176354408264,0.0147117488086223,0.9311049580574036,0.9999996423721312,0.5062364935874939,0.5855682492256165,-0.0667341947555542,0.9999918341636658,0.9999996423721312,0.4779014885425567,0.5847405791282654,0.0667319074273109,0.9999864101409912,0.9999995231628418,0.5093244910240173,0.7222452759742737,-0.0266263056546449,0.9816865921020508,0.9999939203262328,0.4912292659282684,0.7162088751792908,0.1217296570539474,0.62302166223526,0.9999971389770508,0.5173467397689819,0.8465103507041931,0.0527452602982521,0.9929116368293762,0.9999788999557496,0.5019704699516296,0.8336865901947021,0.2136502116918563,0.8892104625701904,0.9999936819076538,False,False,False,False,False,False,False,False,False,False,False,False,False
396,7.92,0.4782838523387909,0.3452652990818023,-0.1261568516492843,0.9999373555183412,0.9999736547470092,0.5152674913406372,0.4031304717063904,-0.1841121166944503,0.9999969601631165,0.9999991655349731,0.4795044660568237,0.4096702039241791,0.0295395422726869,0.9999807476997375,0.9999942779541016,0.5155014991760254,0.5086367726325989,-0.1903031468391418,0.9978076219558716,0.9999885559082032,,,,0.4177708029747009,0.9999874830245972,0.4955683350563049,0.5987710356712341,-0.19244185090065,0.9959428906440736,0.999996781349182,0.4600375294685364,0.5779227018356323,0.0163321532309055,0.9310192465782166,0.9999995231628418,0.506295382976532,0.5856683850288391,-0.0667384713888168,0.999991774559021,0.9999994039535522,0.4779039621353149,0.5847835540771484,0.0667360574007034,0.9999862909317015,0.9999992847442628,0.5093715190887451,0.7222134470939636,-0.0238164849579334,0.981276512145996,0.9999914169311525,0.4912363886833191,0.7161973118782043,0.1246522367000579,0.617321252822876,0.9999958276748656,0.5172790884971619,0.8464990258216858,0.0531830675899982,0.9928849339485168,0.9999679327011108,0.5019365549087524,0.8336837887763977,0.216909110546112,0.8872570991516113,0.9999911785125732,False,False,False,False,False,False,False,False,False,False,False,False,False
397,7.94,0.478287398815155,0.3452624678611755,-0.1276997327804565,0.9999386072158812,0.9999836683273317,0.5152699947357178,0.403132677078247,-0.1841461211442947,0.9999970197677612,0.9999994039535522,0.4795819520950317,0.4092950820922851,0.0262215659022331,0.9999809861183168,0.9999961853027344,0.5155370831489563,0.5086631774902344,-0.1896009147167205,0.9978355169296264,0.999991536140442,,,,0.4178403615951538,0.99998939037323,0.4957059025764465,0.5989331007003784,-0.1901806890964508,0.996021330356598,0.999997615814209,0.4601859152317047,0.5776135921478271,0.0155745344236493,0.9308028221130372,0.9999995231628418,0.5063854455947876,0.5855299830436707,-0.0662595406174659,0.9999918937683104,0.9999996423721312,0.4779549837112427,0.584678590297699,0.0662601962685585,0.9999864101409912,0.9999995231628418,0.5094651579856873,0.7222757339477539,-0.0246176719665527,0.9814741015434264,0.9999933242797852,0.4912428557872772,0.716163694858551,0.1215057298541069,0.615651547908783,0.9999966621398926,0.5172427892684937,0.8466172814369202,0.052717637270689,0.9929271936416626,0.9999749660491944,0.501941978931427,0.8336026668548584,0.211713969707489,0.8858698010444641,0.999992847442627,False,False,False,False,False,False,False,False,False,False,False,False,False
398,7.96,0.4782533347606659,0.3452751040458679,-0.1216756626963615,0.9999343156814576,0.9999712705612184,0.5155127048492432,0.4031573534011841,-0.1772509515285492,0.9999969601631165,0.999998927116394,0.4795185625553131,0.4093467891216278,0.0328216738998889,0.9999805092811584,0.9999929666519164,0.5155781507492065,0.5086463689804077,-0.1866347640752792,0.9977982044219972,0.9999860525131226,,,,0.4151147305965423,0.999984622001648,0.4958836138248443,0.5991365909576416,-0.1913848370313644,0.9960209131240844,0.9999966621398926,0.4602424800395965,0.5775762796401978,0.0165615994483232,0.9307593703269958,0.9999995231628418,0.5064617395401001,0.5857283473014832,-0.0662519037723541,0.9999917149543762,0.9999994039535522,0.4779566824436188,0.5848228335380554,0.0662519484758377,0.9999861121177672,0.9999991655349731,0.5095569491386414,0.7222765684127808,-0.0253166612237691,0.9805999398231506,0.9999895095825196,0.4913610816001892,0.7161691188812256,0.119473285973072,0.6081079244613647,0.9999951124191284,0.5170901417732239,0.846512496471405,0.0517576709389686,0.9925953149795532,0.9999639987945556,0.5019466876983643,0.8335651159286499,0.207441359758377,0.882851779460907,0.9999897480010986,False,False,False,False,False,False,False,False,False,False,False,False,False
399,7.98,0.4782442450523376,0.3452899754047394,-0.1222578808665275,0.999933898448944,0.9999797344207764,0.5155033469200134,0.4031595885753631,-0.1786396652460098,0.9999970197677612,0.9999992847442628,0.4795276224613189,0.4093391001224518,0.0338740684092044,0.9999805092811584,0.9999949932098388,0.5156804919242859,0.5086510181427002,-0.191828578710556,0.9978232383728028,0.9999901056289672,,,,0.413750022649765,0.9999878406524658,0.4961902201175689,0.5991899967193604,-0.1970605105161667,0.9960607290267944,0.9999969005584716,0.4602886140346527,0.5771803259849548,0.0211558621376752,0.930217742919922,0.9999995231628418,0.5066087245941162,0.5854874849319458,-0.0663608908653259,0.9999916553497314,0.9999994039535522,0.478173166513443,0.5847529768943787,0.0663594529032707,0.9999859929084778,0.9999992847442628,0.5096558928489685,0.7222572565078735,-0.0304003749042749,0.9805976748466492,0.999990940093994,0.4914170503616333,0.7161839604377747,0.1164678707718849,0.6081051230430603,0.9999957084655762,0.5170590281486511,0.8464120030403137,0.0428463816642761,0.9925726056098938,0.9999678134918212,0.5019540190696716,0.8335797190666199,0.2042031735181808,0.8822928667068481,0.999990463256836,False,False,False,False,False,False,False,False,False,False,False,False,False
400,8.0,0.4782844483852386,0.3452934324741363,-0.1254038959741592,0.9999343752861024,0.9999850988388062,0.5157023668289185,0.4031863510608673,-0.1779503524303436,0.9999969005584716,0.9999988079071044,0.4794403612613678,0.409638911485672,0.038078423589468,0.9999801516532898,0.9999933242797852,0.5157179236412048,0.5085577964782715,-0.1918749362230301,0.9977768659591676,0.9999843835830688,,,,0.4105417728424072,0.9999843835830688,0.4963367283344269,0.5991963744163513,-0.2030680626630783,0.9959597587585448,0.9999955892562866,0.4602947831153869,0.5772688388824463,0.0203966982662677,0.9300923347473145,0.9999995231628418,0.5067186951637268,0.5858955979347229,-0.0667939856648445,0.9999914765357972,0.9999994039535522,0.4781734049320221,0.5850085616111755,0.0667913109064102,0.9999858140945436,0.9999992847442628,0.5096447467803955,0.722149670124054,-0.0209888406097888,0.980055809020996,0.9999895095825196,0.4914034008979797,0.7162849307060242,0.1228068321943283,0.6108847856521606,0.9999955892562866,0.517109751701355,0.8452393412590027,0.0645528063178062,0.9924200177192688,0.9999635219573976,0.5019224882125854,0.8335957527160645,0.2213193923234939,0.8836813569068909,0.999990940093994,False,False,False,False,False,False,False,False,False,False,False,False,False
