frame,time,nose_x,nose_y,nose_z,nose_visibility,nose_presence,left_ear_x,left_ear_y,left_ear_z,left_ear_visibility,left_ear_presence,left_shoulder_x,left_shoulder_y,left_shoulder_z,left_shoulder_visibility,left_shoulder_presence,right_shoulder_x,right_shoulder_y,right_shoulder_z,right_shoulder_visibility,right_shoulder_presence,left_elbow_x,left_elbow_y,left_elbow_z,left_elbow_visibility,left_elbow_presence,right_elbow_x,right_elbow_y,right_elbow_z,right_elbow_visibility,right_elbow_presence,left_wrist_x,left_wrist_y,left_wrist_z,left_wrist_visibility,left_wrist_presence,right_wrist_x,right_wrist_y,right_wrist_z,right_wrist_visibility,right_wrist_presence,left_hip_x,left_hip_y,left_hip_z,left_hip_visibility,left_hip_presence,right_hip_x,right_hip_y,right_hip_z,right_hip_visibility,right_hip_presence,left_knee_x,left_knee_y,left_knee_z,left_knee_visibility,left_knee_presence,right_knee_x,right_knee_y,right_knee_z,right_knee_visibility,right_knee_presence,left_ankle_x,left_ankle_y,left_ankle_z,left_ankle_visibility,left_ankle_presence,right_ankle_x,right_ankle_y,right_ankle_z,right_ankle_visibility,right_ankle_presence,left_heel_x,left_heel_y,left_heel_z,left_heel_visibility,left_heel_presence,right_heel_x,right_heel_y,right_heel_z,right_heel_visibility,right_heel_presence,left_foot_index_x,left_foot_index_y,left_foot_index_z,left_foot_index_visibility,left_foot_index_presence,right_foot_index_x,right_foot_index_y,right_foot_index_z,right_foot_index_visibility,right_foot_index_presence,nose_interpolated,left_ear_interpolated,left_shoulder_interpolated,right_shoulder_interpolated,left_elbow_interpolated,right_elbow_interpolated,left_wrist_interpolated,right_wrist_interpolated,left_hip_interpolated,right_hip_interpolated,left_knee_interpolated,right_knee_interpolated,left_ankle_interpolated,right_ankle_interpolated,left_heel_interpolated,right_heel_interpolated,left_foot_index_interpolated,right_foot_index_interpolated
460,9.2,0.46029993891716,0.342049092054367,-0.2190193235874176,0.999992847442627,0.9999994039535522,0.4796180129051208,0.3378922939300537,-0.2019557058811187,0.9999943971633912,0.9999990463256836,0.501438558101654,0.4080823957920074,-0.2088868618011474,0.9999971985816956,0.9999994039535522,0.4629501700401306,0.4069768190383911,0.0040480736643075,0.9999779462814332,0.9999954700469972,0.5085504651069641,0.5094366669654846,-0.2284211963415146,0.9983726143836976,0.9999792575836182,,,,0.4360020160675049,0.9999794960021972,0.4888170957565307,0.5932917594909668,-0.2640134990215301,0.9974337220191956,0.9999947547912598,0.4511000216007232,0.5773429274559021,-0.0207239110022783,0.9424328804016112,0.9999991655349731,0.4957943856716156,0.5837283134460449,-0.0691231489181518,0.9999850988388062,0.9999992847442628,0.4696832299232483,0.5820020437240601,0.0690682306885719,0.999974250793457,0.9999991655349731,0.4947220385074615,0.7178348898887634,-0.0610351413488388,0.9865972399711608,0.9999910593032836,0.4759693741798401,0.7143850922584534,0.1186317279934883,0.745070219039917,0.9999946355819702,0.5033566951751709,0.8474805951118469,0.0183229353278875,0.9944390654563904,0.9999710321426392,0.4844385683536529,0.8290160298347473,0.2177783399820327,0.9332581758499146,0.9999905824661256,0.5099104642868042,0.8669200539588928,0.0209180042147636,0.9569029211997986,0.9998780488967896,0.4922613799571991,0.846969723701477,0.2244596779346466,0.8948460221290588,0.9999802112579346,0.4766040444374084,0.8889191150665283,-0.0710438787937164,0.9951034784317015,0.9997655749320984,0.4631707370281219,0.8706266283988953,0.1620349735021591,0.9664157629013062,0.9999158382415771,False,False,False,False,False,False,False,False,False,False,False,False,False,False,False,False,False,False
461,9.22,0.4602967500686645,0.3420397043228149,-0.207205444574356,0.9999932050704956,0.9999991655349731,0.4796798527240753,0.3379053175449371,-0.1857667118310928,0.9999946355819702,0.999998927116394,0.5014303922653198,0.4079949855804443,-0.1943367570638656,0.9999972581863404,0.9999994039535522,0.4628864824771881,0.4069905877113342,0.0120398355647921,0.9999781847000122,0.9999942779541016,0.5084454417228699,0.5093252658843994,-0.215967908501625,0.9984052777290344,0.999980092048645,,,,0.4369383752346039,0.9999727010726928,0.4889119267463684,0.5932948589324951,-0.2534562051296234,0.9975223541259766,0.999995231628418,0.4511063396930694,0.5774534344673157,-0.0161660797894001,0.943042814731598,0.9999990463256836,0.4956687092781067,0.5836562514305115,-0.0690115019679069,0.9999852180480956,0.9999992847442628,0.4696469306945801,0.5818192362785339,0.0689551085233688,0.9999743700027466,0.9999990463256836,0.4947212040424347,0.7178358435630798,-0.0577204599976539,0.9867355227470398,0.9999918937683104,0.4760634005069732,0.7149438858032227,0.1177824735641479,0.7456803917884827,0.9999942779541016,0.5033546686172485,0.8478717803955078,0.022335996851325,0.9945362210273744,0.9999676942825316,0.4844442903995514,0.8291416168212891,0.2164723128080368,0.9335015416145324,0.9999898672103882,0.5099186897277832,0.8670455813407898,0.0249196570366621,0.9574225544929504,0.9998517036437988,0.492279052734375,0.8471620678901672,0.2233081310987472,0.8948584794998169,0.9999771118164062,0.4761242866516113,0.8889226317405701,-0.0659911409020423,0.9951984882354736,0.9996742010116576,0.4628684818744659,0.8708697557449341,0.1630456894636154,0.9666895270347596,0.9998972415924072,False,False,False,False,False,False,False,False,False,False,False,False,False,False,False,False,False,False
462,9.24,0.4602894783020019,0.3419719338417053,-0.2041938453912735,0.9999933242797852,0.9999988079071044,0.4795925319194793,0.3378326892852783,-0.185461550951004,0.999994695186615,0.9999983310699464,0.5012434124946594,0.4078191518783569,-0.1953572332859039,0.9999972581863404,0.9999991655349731,0.4628857374191284,0.4078353345394134,0.0161753930151462,0.9999779462814332,0.9999929666519164,0.5084569454193115,0.5092800855636597,-0.2183902412652969,0.9984142780303956,0.9999741315841676,,,,0.4365570843219757,0.9999741315841676,0.4888169169425964,0.5932987928390503,-0.2590304613113403,0.9975373148918152,0.9999940395355223,0.4510709345340729,0.5779728889465332,-0.0138232009485363,0.9433698654174804,0.9999991655349731,0.495683878660202,0.5836629271507263,-0.0693628638982772,0.9999849796295166,0.9999990463256836,0.4696254432201385,0.5820198059082031,0.0693058595061302,0.999974012374878,0.9999988079071044,0.49477618932724,0.7178360819816589,-0.0530804619193077,0.9861222505569458,0.9999871253967284,0.4760156869888305,0.7148563265800476,0.1223907396197319,0.7387260794639587,0.999992609024048,0.5033515691757202,0.8473407030105591,0.0345486849546432,0.9942852258682252,0.999954104423523,0.4844421148300171,0.828983724117279,0.2246565967798233,0.9314413070678712,0.9999868869781494,0.5098124742507935,0.8667992353439331,0.0379991494119167,0.9561819434165956,0.9998117089271544,0.4923281371593475,0.8468808531761169,0.2318568974733352,0.892989993095398,0.999972939491272,0.4761717617511749,0.8888697624206543,-0.0513168834149837,0.9950060844421388,0.9996767044067384,0.4629983305931091,0.8708553314208984,0.1721168458461761,0.9657442569732666,0.9998953342437744,False,False,False,False,False,False,False,False,False,False,False,False,False,False,False,False,False,False
463,9.26,0.4602640569210052,0.3419833779335022,-0.1984710246324539,0.999993085861206,0.999997615814209,0.479588896036148,0.3378027379512787,-0.1844408214092254,0.9999945759773254,0.9999971389770508,0.5012295842170715,0.4078242182731628,-0.1947595626115799,0.9999971985816956,0.999998927116394,0.4628898501396179,0.4077784419059753,0.0156436711549758,0.9999775290489196,0.9999922513961792,0.5083436965942383,0.5092851519584656,-0.2165051400661468,0.9984046816825868,0.9999704360961914,,,,0.4307743012905121,0.999969482421875,0.488886147737503,0.5933096408843994,-0.2529543042182922,0.9975372552871704,0.9999924898147584,0.4510783851146698,0.5775444507598877,-0.0142281372100114,0.942499577999115,0.999998927116394,0.4955061674118042,0.5836877822875977,-0.0693285465240478,0.9999848008155824,0.9999988079071044,0.469550609588623,0.5820322632789612,0.0692735239863395,0.9999735951423644,0.9999986886978148,0.4947743117809295,0.7178502678871155,-0.0480379089713096,0.9860615730285645,0.999987006187439,0.4760243594646454,0.7147774696350098,0.1230035126209259,0.7345008850097656,0.999991536140442,0.5033121705055237,0.8476734757423401,0.0326079577207565,0.9943292140960692,0.9999438524246216,0.4845274090766907,0.8289145827293396,0.2235638052225113,0.9295872449874878,0.9999855756759644,0.5098135471343994,0.8668516874313354,0.0350630842149257,0.9563922882080078,0.999749481678009,0.4925728142261505,0.8468480706214905,0.2305609136819839,0.891664981842041,0.9999680519104004,0.4758457243442535,0.8888688087463379,-0.0542346276342868,0.995032548904419,0.9995205402374268,0.4629712402820587,0.8708153367042542,0.1721819341182708,0.9650806188583374,0.9998739957809448,False,False,False,False,False,False,False,False,False,False,False,False,False,False,False,False,False,False
464,9.28,0.460271269083023,0.3417973816394806,-0.2003500610589981,0.9999933242797852,0.9999990463256836,0.4795892834663391,0.337807148694992,-0.1852708905935287,0.9999946355819702,0.9999984502792358,0.5011039972305298,0.4078316688537597,-0.1953480839729309,0.9999971389770508,0.9999991655349731,0.4628689885139465,0.4090005159378052,0.0168208852410316,0.9999772906303406,0.9999932050704956,0.5083180665969849,0.5093016624450684,-0.2185124009847641,0.9983657002449036,0.999971866607666,,,,0.4253647327423095,0.9999728202819824,0.4886863529682159,0.5935372710227966,-0.2599459290504455,0.99747896194458,0.9999932050704956,0.4510039389133453,0.5780333280563354,-0.0139729930087924,0.9418987035751344,0.9999991655349731,0.4955148696899414,0.5843141078948975,-0.0698509290814399,0.9999844431877136,0.9999990463256836,0.4695639610290527,0.5828592777252197,0.0697929039597511,0.9999730587005616,0.999998927116394,0.4949615895748138,0.7179227471351624,-0.0435490235686302,0.9847550988197328,0.9999858140945436,0.4760541319847107,0.7150699496269226,0.1326408386230468,0.719768226146698,0.9999924898147584,0.5031944513320923,0.8476980328559875,0.0448339208960533,0.9938433766365052,0.999947428703308,0.4843908846378326,0.8289690613746643,0.2370350211858749,0.9259436130523682,0.999985933303833,0.5096030831336975,0.8668593168258667,0.0482427366077899,0.9540386199951172,0.9997846484184264,0.4924833476543426,0.8469426035881042,0.2443296909332275,0.8880615234375,0.9999704360961914,0.4753370881080627,0.8888686299324036,-0.0420663766562938,0.9946600198745728,0.9996469020843506,0.4629327356815338,0.8708037734031677,0.1840622276067733,0.9633677005767822,0.9998898506164552,False,False,False,False,False,False,False,False,False,False,False,False,False,False,False,False,False,False
465,9.3,0.4602603018283844,0.3418048620223999,-0.1998103260993957,0.9999933242797852,0.9999982118606568,0.4795930981636047,0.3377377688884735,-0.1855560839176178,0.9999946355819702,0.9999979734420776,0.5011423826217651,0.4078219532966614,-0.1954742074012756,0.9999971389770508,0.9999992847442628,0.4628828763961792,0.409060537815094,0.0162817053496837,0.9999773502349854,0.9999935626983644,0.5082435011863708,0.5093302726745605,-0.216788187623024,0.998368799686432,0.9999791383743286,,,,0.4245178699493408,0.999975323677063,0.488737940788269,0.5935420393943787,-0.2541079521179199,0.9975014328956604,0.9999943971633912,0.4510117471218109,0.578021764755249,-0.0141104282811284,0.9414519667625428,0.9999990463256836,0.4953075349330902,0.5843139290809631,-0.0694564804434776,0.9999846816062928,0.9999991655349731,0.4694758355617523,0.5828053951263428,0.0694028213620185,0.9999733567237854,0.9999990463256836,0.4949114918708801,0.717900276184082,-0.0384876020252704,0.9848094582557678,0.9999892711639404,0.4760546386241913,0.7150200605392456,0.1339691281318664,0.7211330533027649,0.999992609024048,0.5032088756561279,0.847690999507904,0.0447885245084762,0.9938750267028807,0.999952793121338,0.4843924939632416,0.8289793729782104,0.2366863340139389,0.9261151552200316,0.9999860525131226,0.5096281170845032,0.8667163848876953,0.0477524325251579,0.9537053108215332,0.9997929930686952,0.4924809634685516,0.8469418287277222,0.2438853681087494,0.887610912322998,0.9999698400497437,0.4753316640853882,0.8888214230537415,-0.0421339534223079,0.9946672916412354,0.9995850920677184,0.4630279541015625,0.8707323670387268,0.184278056025505,0.9633937478065492,0.9998719692230223,False,False,False,False,False,False,False,False,False,False,False,False,False,False,False,False,False,False
466,9.32,0.4602901637554168,0.341808408498764,-0.2149777710437774,0.9999935626983644,0.9999990463256836,0.4795922935009002,0.3377104699611664,-0.1979844719171524,0.9999948143959044,0.9999986886978148,0.5011927485466003,0.4081068038940429,-0.2046756297349929,0.9999971389770508,0.9999992847442628,0.4628310203552246,0.409264862537384,0.0057224323973059,0.9999779462814332,0.9999953508377076,0.5082462430000305,0.5093909502029419,-0.2282307296991348,0.9983580708503724,0.9999728202819824,,,,0.437548279762268,0.9999788999557496,0.4887810945510864,0.5935478210449219,-0.269709438085556,0.9974961280822754,0.9999942779541016,0.4510044157505035,0.5781118273735046,-0.0232402011752128,0.9440292716026306,0.9999992847442628,0.4957051575183868,0.5839680433273315,-0.0693336576223373,0.9999850392341614,0.9999992847442628,0.4695859551429748,0.5825682878494263,0.0692771822214126,0.9999740719795228,0.9999992847442628,0.4950124323368072,0.7176083326339722,-0.0478611402213573,0.9852510690689088,0.9999921321868896,0.4760644733905792,0.7149999737739563,0.1279605776071548,0.7288315296173096,0.999995231628418,0.503197431564331,0.847466766834259,0.0445311106741428,0.9940053820610046,0.9999738931655884,0.4843595623970032,0.8283173441886902,0.236167162656784,0.928016483783722,0.999991536140442,0.5095370411872864,0.866572916507721,0.046702791005373,0.9544146656990052,0.999887228012085,0.4924339652061462,0.8459372520446777,0.2431263327598571,0.8893689513206482,0.9999825954437256,0.4754035770893097,0.888805627822876,-0.0432099141180515,0.9947871565818788,0.999761164188385,0.4631095230579376,0.8705054521560669,0.1836676150560379,0.964284598827362,0.999919891357422,False,False,False,False,False,False,False,False,False,False,False,False,False,False,False,False,False,False
467,9.34,0.4603424966335296,0.3418130576610565,-0.214244082570076,0.9999938011169434,0.9999990463256836,0.4796886146068573,0.3377679586410522,-0.1954327374696731,0.9999949932098388,0.9999986886978148,0.5010596513748169,0.4081105291843414,-0.202726200222969,0.9999971985816956,0.9999992847442628,0.4628312885761261,0.4084756672382355,0.0060663446784019,0.999978005886078,0.9999940395355223,0.5083088874816895,0.5092658400535583,-0.2247178554534912,0.9983994364738464,0.9999779462814332,,,,0.4349734187126159,0.9999711513519288,0.4888203740119934,0.5934609770774841,-0.2624894082546234,0.9975511431694032,0.9999940395355223,0.4510378837585449,0.5779009461402893,-0.0218902397900819,0.9435489177703856,0.999998927116394,0.4956873059272766,0.5839682221412659,-0.0693007037043571,0.9999851584434508,0.9999991655349731,0.4695919156074524,0.5825714468955994,0.0692443028092384,0.9999740719795228,0.9999990463256836,0.4951068460941314,0.7175341844558716,-0.0437148474156856,0.9855068922042848,0.999991536140442,0.4764188230037689,0.7149714827537537,0.1280158311128616,0.7299398183822632,0.9999945163726808,0.503160297870636,0.8484707474708557,0.0433154851198196,0.9941832423210144,0.9999639987945556,0.4843608140945434,0.8292765617370605,0.2336883693933487,0.9294095635414124,0.9999891519546508,0.509526789188385,0.8667183518409729,0.0458096340298652,0.9555793404579164,0.9998364448547364,0.4923305511474609,0.8468300700187683,0.2402985244989395,0.8911733031272888,0.9999752044677734,0.4752178788185119,0.8888348340988159,-0.0438294745981693,0.9949311017990112,0.999653697013855,0.4626642763614654,0.8706129789352417,0.1790032237768173,0.9649829268455504,0.9998924732208252,False,False,False,False,False,False,False,False,False,False,False,False,False,False,False,False,False,False
468,9.36,0.460352748632431,0.3417343497276306,-0.2126840502023697,0.9999938011169434,0.9999988079071044,0.4796886146068573,0.3377706110477447,-0.1949018090963363,0.9999949932098388,0.9999983310699464,0.5009317398071289,0.4080763757228851,-0.2035462409257888,0.9999971389770508,0.9999990463256836,0.4628276526927948,0.4087433516979217,0.0097818318754434,0.999977707862854,0.999993085861206,0.5083120465278625,0.5092743635177612,-0.2285129427909851,0.9983951449394226,0.9999716281890868,,,,0.4326559603214264,0.9999723434448242,0.4888418614864349,0.5935213565826416,-0.2683656513690948,0.9975079298019408,0.9999934434890748,0.451042503118515,0.577942430973053,-0.021840114146471,0.9427536129951476,0.9999990463256836,0.4957121014595032,0.584026038646698,-0.0697583928704261,0.9999851584434508,0.9999991655349731,0.4696002602577209,0.5825778841972351,0.0696990862488746,0.999974012374878,0.999998927116394,0.4951048791408539,0.7175368666648865,-0.0523470975458622,0.9855672121047974,0.9999901056289672,0.4764108955860138,0.7150527238845825,0.1267615854740142,0.7282346487045288,0.9999938011169434,0.5031609535217285,0.8482303619384766,0.0306434910744428,0.9942350387573242,0.9999659061431884,0.4845206141471863,0.8292672038078308,0.2327810972929,0.9293214082717896,0.9999899864196776,0.5096453428268433,0.8667537569999695,0.033135138452053,0.9560328722000122,0.9998537302017212,0.4924665987491607,0.8468132019042969,0.2395429909229278,0.8915175199508667,0.9999792575836182,0.4752147793769836,0.8889569044113159,-0.060372520238161,0.9949851632118224,0.9997298121452332,0.4627715349197387,0.8706178665161133,0.1774095147848129,0.9649491906166076,0.9999160766601562,False,False,False,False,False,False,False,False,False,False,False,False,False,False,False,False,False,False
469,9.38,0.4603244066238403,0.3416722118854522,-0.2121239006519317,0.999993860721588,0.9999985694885254,0.4796748161315918,0.3377750217914581,-0.1945788115262985,0.9999950528144836,0.9999982118606568,0.5009307861328125,0.4081111252307892,-0.2032803744077682,0.9999971389770508,0.9999992847442628,0.4628052711486816,0.4082392752170563,0.0093722585588693,0.9999779462814332,0.9999947547912598,0.5083101391792297,0.5093019604682922,-0.2279977947473526,0.9984193444252014,0.9999771118164062,,,,0.4341008961200714,0.9999761581420898,0.4888450801372528,0.5935273170471191,-0.2654114365577698,0.9975303411483764,0.9999942779541016,0.4510475397109985,0.5778294801712036,-0.0209717359393835,0.9428454637527466,0.9999991655349731,0.4957182705402374,0.5840284824371338,-0.0697002410888671,0.9999855160713196,0.9999992847442628,0.4696091711521148,0.582472562789917,0.0696412250399589,0.9999745488166808,0.9999991655349731,0.4951024651527405,0.7176383137702942,-0.0544631145894527,0.9862278699874878,0.999992847442627,0.4764605462551117,0.7152352929115295,0.124422550201416,0.7353882193565369,0.999995231628418,0.5031594038009644,0.8489399552345276,0.0240801908075809,0.9944780468940736,0.9999693632125854,0.4845186173915863,0.8299986720085144,0.2252843528985977,0.9315110445022584,0.999990463256836,0.509647786617279,0.8672474026679993,0.0262444540858268,0.957475483417511,0.9998584985733032,0.4924310147762298,0.8475051522254944,0.2318226248025894,0.8941425085067749,0.9999788999557496,0.4751646816730499,0.8889789581298828,-0.0672993287444114,0.9951863288879396,0.999705970287323,0.462766021490097,0.8706600069999695,0.1697214990854263,0.9660375714302064,0.9999078512191772,False,False,False,False,False,False,False,False,False,False,False,False,False,False,False,False,False,False
470,9.4,0.4603971540927887,0.3416513502597809,-0.2130712866783142,0.9999940395355223,0.999998927116394,0.4797448217868805,0.3378007113933563,-0.1950538754463195,0.999995231628418,0.9999986886978148,0.5008406639099121,0.4080460965633392,-0.20398810505867,0.9999971985816956,0.9999992847442628,0.4628154635429382,0.4083046913146972,0.0093692708760499,0.999978005886078,0.9999943971633912,0.5083215236663818,0.5093067288398743,-0.2279144376516342,0.9984604120254515,0.999975323677063,,,,0.4356510043144226,0.9999717473983764,0.4888625741004944,0.5935308933258057,-0.2658341228961944,0.9975600242614746,0.9999934434890748,0.4510927200317383,0.5778331756591797,-0.0204290226101875,0.9426764249801636,0.999998927116394,0.4959050416946411,0.5840286016464233,-0.0696990564465522,0.9999857544898988,0.9999992847442628,0.4696351289749145,0.5824593901634216,0.0696401074528694,0.9999749064445496,0.9999990463256836,0.4951003193855285,0.7176852822303772,-0.0566342025995254,0.9869367480278016,0.999991536140442,0.4765381515026092,0.7154181599617004,0.1215391233563423,0.7447154521942139,0.9999946355819702,0.5031471252441406,0.8491320610046387,0.0252328906208276,0.9947173595428468,0.999969244003296,0.4845129251480102,0.8304639458656311,0.2222493588924408,0.9344525337219238,0.9999895095825196,0.5096601247787476,0.8672953248023987,0.0278107803314924,0.9589861631393432,0.9998621940612792,0.492428183555603,0.8479924201965332,0.2289637774229049,0.8975353240966797,0.9999772310256958,0.4751314222812652,0.8889790177345276,-0.0647989884018898,0.9953875541687012,0.9997133612632751,0.4630243182182312,0.8707505464553833,0.1665270030498504,0.967402994632721,0.9998953342437744,False,False,False,False,False,False,False,False,False,False,False,False,False,False,False,False,False,False
471,9.42,0.460396260023117,0.3415296077728271,-0.2093188315629959,0.9999942183494568,0.9999990463256836,0.4797667264938354,0.3377761542797088,-0.1921419948339462,0.9999953508377076,0.9999988079071044,0.5008372068405151,0.407988578081131,-0.2006826996803283,0.9999972581863404,0.9999994039535522,0.4628071784973144,0.4084134101867676,0.00942372251302,0.999978244304657,0.9999951124191284,0.5083462595939636,0.5093123912811279,-0.2213113456964492,0.9984818696975708,0.9999815225601196,,,,0.4360116720199585,0.999975323677063,0.4888993501663208,0.59341961145401,-0.257583737373352,0.9976179599761964,0.9999958276748656,0.4511565268039703,0.577797532081604,-0.0200021304190158,0.943050503730774,0.9999991655349731,0.4959138333797455,0.5840281844139099,-0.0691937729716301,0.9999860525131226,0.9999994039535522,0.4696425795555115,0.582466185092926,0.0691351071000099,0.999975323677063,0.9999992847442628,0.4951119422912597,0.7176833748817444,-0.050352606922388,0.9872673749923706,0.9999938011169434,0.4765669107437134,0.71534663438797,0.1219882741570472,0.7487804293632507,0.9999958276748656,0.5031638145446777,0.8496297597885132,0.0303272251039743,0.9948952198028564,0.9999760389328004,0.4845666587352752,0.8304527401924133,0.2230460345745086,0.9362398386001588,0.9999924898147584,0.509853720664978,0.8673698902130127,0.0327722392976284,0.959997832775116,0.9998912811279296,0.4924399256706238,0.847983717918396,0.2298511564731598,0.8993628025054932,0.9999833106994628,0.4751327931880951,0.8889750242233276,-0.0602491237223148,0.9955415725708008,0.9997709393501282,0.463418960571289,0.8707773685455322,0.1680295169353485,0.9683437943458556,0.9999260902404784,False,False,False,False,False,False,False,False,False,False,False,False,False,False,False,False,False,False
472,9.44,0.4603976309299469,0.3416115343570709,-0.2093651443719864,0.999994158744812,0.9999986886978148,0.4797718822956085,0.3377971053123474,-0.1939923018217086,0.9999953508377076,0.9999983310699464,0.5008783936500549,0.4080021679401397,-0.2028006017208099,0.9999972581863404,0.9999992847442628,0.4628060162067413,0.4085383713245392,0.0092974388971924,0.999978482723236,0.9999946355819702,0.5083625912666321,0.5093289613723755,-0.2241586595773697,0.998510479927063,0.9999771118164062,,,,0.4423855543136596,0.9999761581420898,0.488906055688858,0.5934543609619141,-0.2610236704349518,0.997651994228363,0.9999946355819702,0.4511981010437011,0.5778905153274536,-0.0200445987284183,0.9441404938697816,0.9999991655349731,0.4959273040294647,0.583897054195404,-0.0692024454474449,0.9999862313270568,0.9999991655349731,0.4696487188339233,0.5823274850845337,0.0691440925002098,0.999975562095642,0.999998927116394,0.4951063692569732,0.7176644802093506,-0.0588830970227718,0.9878775477409364,0.999991536140442,0.4765817523002624,0.7153419852256775,0.1178222075104713,0.7571644186973572,0.9999942779541016,0.5032131671905518,0.8497192859649658,0.0172173585742712,0.9951227903366088,0.9999676942825316,0.4845545887947082,0.8304915428161621,0.2180995941162109,0.9383898973464966,0.9999890327453612,0.5099843144416809,0.8675782084465027,0.0191680211573839,0.9614068269729614,0.999853014945984,0.4923688173294067,0.8480335474014282,0.2248453944921493,0.9019980430603028,0.999976634979248,0.4751300513744354,0.8890026807785034,-0.0759919360280036,0.9957302212715148,0.9996976852416992,0.4633914530277252,0.8707696199417114,0.1619957387447357,0.9693610668182372,0.9998983144760132,False,False,False,False,False,False,False,False,False,False,False,False,False,False,False,False,False,False
473,9.46,0.4604453146457672,0.3415982723236084,-0.2091822922229766,0.999994456768036,0.9999994039535522,0.4797967672348022,0.3377997875213623,-0.1924678683280944,0.9999955892562866,0.9999990463256836,0.5008708834648132,0.4080021381378174,-0.2005224376916885,0.9999973177909852,0.9999994039535522,0.4628529548645019,0.4085555076599121,0.0093284901231527,0.9999790191650392,0.9999959468841552,0.5084345936775208,0.5093539357185364,-0.2196222990751266,0.9985535740852356,0.9999805688858032,,,,0.451490193605423,0.9999781847000122,0.4889921247959137,0.593404233455658,-0.2534598708152771,0.9977194666862488,0.9999955892562866,0.4512462019920349,0.5782590508460999,-0.020139692351222,0.9456564784049988,0.9999992847442628,0.4959378838539123,0.5836129188537598,-0.068921647965908,0.9999863505363464,0.9999992847442628,0.4697718322277069,0.5820148587226868,0.0688633546233177,0.999975860118866,0.9999991655349731,0.4949034750461578,0.7173066735267639,-0.0578539483249187,0.9883094429969788,0.9999924898147584,0.4765170514583587,0.7149166464805603,0.1156487613916397,0.7615523338317871,0.999995231628418,0.503190815448761,0.8495495915412903,0.018824815750122,0.9952924251556396,0.9999743700027466,0.4845464527606964,0.830432116985321,0.2122606635093689,0.9399633407592772,0.9999911785125732,0.5100330710411072,0.8675689697265625,0.021009050309658,0.962693214416504,0.999884843826294,0.4923686683177948,0.8478159308433533,0.2186924815177917,0.9037135243415833,0.999980926513672,0.4750875532627105,0.8890169262886047,-0.0718382894992828,0.9958893656730652,0.9997578263282776,0.4634351432323456,0.8708676695823669,0.1565168350934982,0.970207691192627,0.999916672706604,False,False,False,False,False,False,False,False,False,False,False,False,False,False,False,False,False,False
474,9.48,0.4604616165161133,0.3416002094745636,-0.2056008130311966,0.9999945163726808,0.999998927116394,0.4797976315021515,0.3378095328807831,-0.1892275214195251,0.9999955892562866,0.9999984502792358,0.5008670687675476,0.4080451130867004,-0.1971535086631775,0.9999973177909852,0.9999992847442628,0.4629025459289551,0.4092989861965179,0.0105485068634152,0.9999791383743286,0.9999945163726808,0.5084760785102844,0.5094313025474548,-0.2149510979652404,0.9985466003417968,0.999977707862854,,,,0.4536113142967224,0.999975562095642,0.4890418946743011,0.5934033393859863,-0.2486113011837005,0.9977221488952636,0.9999947547912598,0.4513141512870788,0.578416645526886,-0.0159928034991025,0.9462764263153076,0.9999991655349731,0.4960168898105621,0.5835832953453064,-0.0686283037066459,0.9999862909317015,0.9999991655349731,0.4698809683322906,0.5820049047470093,0.0685691684484481,0.9999757409095764,0.9999990463256836,0.4949443638324737,0.7172256112098694,-0.0574248395860195,0.9881308674812316,0.9999901056289672,0.476529061794281,0.7149130702018738,0.1170428097248077,0.7579985857009888,0.9999938011169434,0.5032265186309814,0.8495565056800842,0.0204061400145292,0.9952518939971924,0.9999648332595824,0.4845538139343261,0.8304420113563538,0.2151448130607605,0.9391932487487792,0.999988317489624,0.5100374817848206,0.8675371408462524,0.0227686204016208,0.9624053835868835,0.9998472929000854,0.4922802150249481,0.8477615714073181,0.2217878550291061,0.9019257426261902,0.9999752044677734,0.4751356840133667,0.8889971375465393,-0.0697394534945488,0.9958630800247192,0.999695897102356,0.4637992680072784,0.8709438443183899,0.1601057201623916,0.9698688387870787,0.9998983144760132,False,False,False,False,False,False,False,False,False,False,False,False,False,False,False,False,False,False
475,9.5,0.4604768455028534,0.3417215049266815,-0.2030164897441864,0.999994695186615,0.9999991655349731,0.4798243641853332,0.3378212451934814,-0.1882753670215606,0.9999957084655762,0.999998927116394,0.5008863806724548,0.408052384853363,-0.1966848075389862,0.99999737739563,0.9999994039535522,0.4629127383232116,0.4093364775180816,0.0106698907911777,0.9999793767929076,0.9999953508377076,0.5085009336471558,0.5094985961914062,-0.2149259150028228,0.9985767006874084,0.9999825954437256,,,,0.458125501871109,0.9999760389328004,0.4892106354236603,0.5933595895767212,-0.2486099898815155,0.9977900981903076,0.9999961853027344,0.4514667689800262,0.578397810459137,-0.0170145407319068,0.947083592414856,0.9999991655349731,0.4960558116436004,0.583587646484375,-0.0683706924319267,0.9999865889549256,0.9999994039535522,0.4699108898639679,0.5819838047027588,0.0683117657899856,0.9999760389328004,0.9999991655349731,0.4950521290302276,0.7172189950942993,-0.0559368915855884,0.988619863986969,0.9999939203262328,0.4765065312385559,0.7145618796348572,0.1177762895822525,0.7642751932144165,0.9999953508377076,0.5032190084457397,0.8499711155891418,0.0220195110887289,0.9954617023468018,0.9999760389328004,0.4845806360244751,0.8299618363380432,0.2163672000169754,0.9409897923469543,0.9999916553497314,0.5100283026695251,0.8677350282669067,0.0245501566678285,0.963760793209076,0.9998894929885864,0.49228036403656,0.8472958207130432,0.2230472266674041,0.904202938079834,0.9999821186065674,0.4751143753528595,0.8889971971511841,-0.0678388178348541,0.9960364699363708,0.9997554421424866,0.4636915922164917,0.870913565158844,0.1602334529161453,0.9707601070404052,0.9999191761016846,False,False,False,False,False,False,False,False,False,False,False,False,False,False,False,False,False,False
476,9.52,0.4605481922626495,0.3418671786785126,-0.202016681432724,0.9999948143959044,0.9999990463256836,0.4798727035522461,0.3378359377384186,-0.1867264956235885,0.999995768070221,0.9999986886978148,0.5009008049964905,0.4080487489700317,-0.1943107396364212,0.99999737739563,0.9999992847442628,0.4629203975200653,0.4094363451004028,0.0108438404276967,0.9999797940254213,0.9999958276748656,0.5085050463676453,0.5095045566558838,-0.2123824954032898,0.9985960721969604,0.9999783039093018,,,,0.4666577875614166,0.9999796152114868,0.4892645478248596,0.5933612585067749,-0.2472194135189056,0.997833251953125,0.9999953508377076,0.4515569508075714,0.5784666538238525,-0.0136038800701498,0.948832631111145,0.9999994039535522,0.4961257874965668,0.5834972262382507,-0.0681216344237327,0.9999866485595704,0.9999991655349731,0.4699534475803375,0.5818563103675842,0.0680629536509513,0.9999762177467346,0.9999990463256836,0.4950765371322632,0.717222273349762,-0.0567354187369346,0.9889857769012452,0.9999921321868896,0.4765141606330871,0.7145600318908691,0.1123411655426025,0.7704458236694336,0.9999955892562866,0.5032333731651306,0.8500311374664307,0.0212937109172344,0.9955716133117676,0.9999712705612184,0.4845725297927856,0.8300671577453613,0.2082877457141876,0.942458987236023,0.9999911785125732,0.5100510716438293,0.8677513003349304,0.0237830206751823,0.9644153714179992,0.9998716115951538,0.4922735393047333,0.8474776744842529,0.214796170592308,0.905803382396698,0.9999805688858032,0.4751131236553192,0.8889979124069214,-0.0675984248518943,0.996131718158722,0.9997463822364808,0.4636400938034057,0.8709109425544739,0.1535768359899521,0.9715242981910706,0.99991774559021,False,False,False,False,False,False,False,False,False,False,False,False,False,False,False,False,False,False
477,9.54,0.460645318031311,0.3418681025505066,-0.2090798914432525,0.999994933605194,0.9999990463256836,0.4800175130367279,0.3378341197967529,-0.1935362368822097,0.9999958276748656,0.9999986886978148,0.5009481906890869,0.4080503582954407,-0.1983551979064941,0.99999737739563,0.9999992847442628,0.4630030691623688,0.4093800187110901,0.0049030231311917,0.9999802112579346,0.9999955892562866,0.5085751414299011,0.509515106678009,-0.2127111256122589,0.9986010193824768,0.9999788999557496,,,,0.472805768251419,0.9999785423278807,0.4895144402980804,0.5933592915534973,-0.2482718676328659,0.9978414177894592,0.9999946355819702,0.4516758918762207,0.5784659385681152,-0.0140906879678368,0.9501786828041076,0.9999992847442628,0.4961661100387573,0.5834587812423706,-0.0677398368716239,0.99998676776886,0.9999992847442628,0.4701195061206817,0.5815355777740479,0.067682072520256,0.9999765157699584,0.9999991655349731,0.4951115846633911,0.7170974612236023,-0.0497353486716747,0.9890872240066528,0.9999912977218628,0.4765056371688843,0.7144531011581421,0.1134761497378349,0.7744380831718445,0.9999947547912598,0.5032542943954468,0.8498624563217163,0.0335195139050483,0.995624542236328,0.9999661445617676,0.4845905601978302,0.8299530148506165,0.2100081890821457,0.9433677196502686,0.9999889135360718,0.5100516080856323,0.8673886060714722,0.0365233980119228,0.9647918939590454,0.9998494386672974,0.4922534227371216,0.8471582531929016,0.2170274406671524,0.9065062999725342,0.9999758005142212,0.4751113355159759,0.888997495174408,-0.0535753928124904,0.9961710572242736,0.9996722936630248,0.4637586772441864,0.8709723949432373,0.1558075994253158,0.9719053506851196,0.9998903274536132,False,False,False,False,False,False,False,False,False,False,False,False,False,False,False,False,False,False
478,9.56,0.4607603847980499,0.3418629765510559,-0.2105043530464172,0.9999951720237732,0.9999994039535522,0.4801310300827026,0.3378364443778991,-0.1936939656734466,0.9999960064888,0.9999991655349731,0.5009551048278809,0.4080560505390167,-0.1995684653520584,0.9999974370002748,0.9999995231628418,0.463028997182846,0.4093908071517944,0.00538075203076,0.9999805092811584,0.9999958276748656,0.5086489915847778,0.5095158815383911,-0.2151173651218414,0.9986178278923036,0.9999810457229614,,,,0.4744190275669098,0.99997878074646,0.4895542562007904,0.5933626294136047,-0.2500653862953186,0.9978607892990112,0.999995231628418,0.4517758786678314,0.5785061120986938,-0.0141329187899827,0.9502972960472108,0.9999992847442628,0.4962154328823089,0.5834548473358154,-0.0680047124624252,0.9999868869781494,0.9999992847442628,0.470205157995224,0.5815188884735107,0.0679456815123558,0.9999766945838928,0.9999991655349731,0.4951397180557251,0.7171023488044739,-0.049391396343708,0.9892228245735168,0.999993085861206,0.4764997661113739,0.714330792427063,0.1206794530153274,0.773449718952179,0.9999953508377076,0.5032538771629333,0.8499369621276855,0.033187199383974,0.9956849813461304,0.999971866607666,0.4846289455890655,0.8298537731170654,0.2204993367195129,0.9435842633247375,0.9999910593032836,0.5100716352462769,0.8674263954162598,0.0361105091869831,0.9651871919631958,0.9998714923858644,0.4922764003276825,0.8471400141716003,0.2275656014680862,0.9067840576171876,0.999980330467224,0.4750618636608124,0.8890306353569031,-0.0542401112616062,0.9962278604507446,0.9997304081916808,0.4638549089431762,0.871041476726532,0.1676616370677948,0.97207373380661,0.999913454055786,False,False,False,False,False,False,False,False,False,False,False,False,False,False,False,False,False,False
479,9.58,0.4608301520347595,0.3418681621551513,-0.2021154463291168,0.9999951124191284,0.9999988079071044,0.4802254438400268,0.3377838134765625,-0.190093994140625,0.9999960064888,0.9999984502792358,0.5010610222816467,0.4080579578876495,-0.1984731405973434,0.9999974370002748,0.9999992847442628,0.4630761742591858,0.4094166457653045,0.0076351431198418,0.9999805688858032,0.9999947547912598,0.508674144744873,0.5096466541290283,-0.2157060652971267,0.9986171722412108,0.9999773502349854,,,,0.4771293997764587,0.9999747276306152,0.4896064698696136,0.5933638215065002,-0.2528330981731415,0.9978803992271424,0.9999948740005492,0.4518636763095855,0.5784668326377869,-0.0142372492700815,0.9510564804077148,0.9999991655349731,0.4963030517101288,0.5833836197853088,-0.0679064095020294,0.9999870657920836,0.9999992847442628,0.47023805975914,0.5814359784126282,0.0678479671478271,0.9999769926071168,0.9999990463256836,0.4951456487178802,0.7170851826667786,-0.0495022647082805,0.9895789623260498,0.999992609024048,0.4764821827411651,0.7138082385063171,0.1199502125382423,0.7789240479469299,0.9999948740005492,0.5032527446746826,0.8502485156059265,0.030988672748208,0.9958379864692688,0.9999738931655884,0.4846431314945221,0.8293976783752441,0.2189055830240249,0.9450536370277404,0.9999908208847046,0.5100950002670288,0.8674858808517456,0.0335859581828117,0.9660550951957704,0.999881625175476,0.4922762811183929,0.8467142581939697,0.2258042991161346,0.9083094596862792,0.9999804496765136,0.4750604629516601,0.8891502618789673,-0.0564151853322982,0.996349036693573,0.9997431635856628,0.4640244245529175,0.8710627555847168,0.1661844998598098,0.972769260406494,0.9999120235443116,False,False,False,False,False,False,False,False,False,False,False,False,False,False,False,False,False,False
480,9.6,0.4609757363796234,0.3418691754341125,-0.2024340033531189,0.9999951720237732,0.9999990463256836,0.4803679585456848,0.337786465883255,-0.1893972903490066,0.9999960064888,0.9999986886978148,0.5011194348335266,0.4080611765384674,-0.197904035449028,0.9999974370002748,0.9999992847442628,0.4630951583385467,0.4094137549400329,0.0076486226171255,0.9999805092811584,0.9999945163726808,0.5087050199508667,0.5096914768218994,-0.2153604477643966,0.998612642288208,0.9999783039093018,,,,0.4756141901016235,0.9999749660491944,0.4896144270896911,0.5934474468231201,-0.2500039935111999,0.997883677482605,0.9999947547912598,0.4519621133804321,0.5786322355270386,-0.0143703995272517,0.9510018229484558,0.9999991655349731,0.4963428080081939,0.58355712890625,-0.0678531676530838,0.9999868869781494,0.9999991655349731,0.4703892171382904,0.5815513730049133,0.0677948892116546,0.9999766945838928,0.9999990463256836,0.495178610086441,0.7171026468276978,-0.0422880724072456,0.9891411066055298,0.9999902248382568,0.4764826595783233,0.7138252854347229,0.1248851120471954,0.7723509669303894,0.9999939203262328,0.5032577514648438,0.8502414226531982,0.0392871275544166,0.9957119226455688,0.9999626874923706,0.4846377074718475,0.8294337391853333,0.2248051166534423,0.9434641003608704,0.9999880790710448,0.5100992321968079,0.8674818277359009,0.0420946292579174,0.9653586745262146,0.9998364448547364,0.4921723306179046,0.8467351794242859,0.231780931353569,0.9059914946556092,0.999974489212036,0.4750674366950989,0.8890923261642456,-0.0465987659990787,0.9962496757507324,0.9996716976165771,0.4640846252441406,0.8710767030715942,0.172760009765625,0.9720275402069092,0.9998937845230104,False,False,False,False,False,False,False,False,False,False,False,False,False,False,False,False,False,False
481,9.62,0.4610343873500824,0.3418675065040588,-0.2065033316612243,0.9999951720237732,0.9999990463256836,0.4805496335029602,0.3377885222434997,-0.1927070468664169,0.9999960064888,0.9999986886978148,0.5014259815216064,0.4081180095672607,-0.2003168910741806,0.9999974370002748,0.9999994039535522,0.4631445109844208,0.4089142382144928,0.0061923000030219,0.9999804496765136,0.9999949932098388,0.5088384747505188,0.5098251104354858,-0.2159494310617447,0.998614490032196,0.9999799728393556,,,,0.473905473947525,0.9999769926071168,0.4897189140319824,0.5934492349624634,-0.2501822412014007,0.9978817701339722,0.9999951124191284,0.4520774781703949,0.5786268711090088,-0.0154760163277387,0.95033460855484,0.9999991655349731,0.4963827133178711,0.583594799041748,-0.0678635686635971,0.9999871253967284,0.9999995231628418,0.4704425632953644,0.5815515518188477,0.0678056254982948,0.9999770522117616,0.9999994039535522,0.4951308071613312,0.717106819152832,-0.0402579717338085,0.989246428012848,0.9999936819076538,0.4764070510864258,0.713748037815094,0.1287299692630767,0.7746856212615967,0.9999958276748656,0.5032570958137512,0.8502515554428101,0.0443480983376503,0.9957796335220336,0.9999734163284302,0.4847018420696258,0.8284950852394104,0.2331203073263168,0.9443101286888124,0.9999923706054688,0.5102100968360901,0.8674855828285217,0.0474574342370033,0.965701937675476,0.9998812675476074,0.4922877252101898,0.8458027839660645,0.2405807375907898,0.9071146249771118,0.999983549118042,0.4749945104122162,0.889051079750061,-0.0417082831263542,0.9962948560714722,0.9997366070747375,0.4641135334968567,0.8710707426071167,0.1819496750831604,0.9723837375640868,0.9999226331710817,False,False,False,False,False,False,False,False,False,False,False,False,False,False,False,False,False,False
482,9.64,0.4611687064170837,0.3418662250041961,-0.2091879099607467,0.9999951124191284,0.9999988079071044,0.4808134734630584,0.3377896547317505,-0.1938974857330322,0.9999960064888,0.9999984502792358,0.5017000436782837,0.4081248939037323,-0.2015855759382248,0.9999974370002748,0.9999992847442628,0.4631890952587127,0.4084670841693878,0.0061743604019284,0.9999803900718688,0.9999943971633912,0.5088415741920471,0.5098509788513184,-0.2190739065408706,0.99860942363739,0.9999781847000122,,,,0.471965491771698,0.999975085258484,0.4898006319999695,0.5934168100357056,-0.2552284002304077,0.9978716969490052,0.9999942779541016,0.4521428644657135,0.5786476135253906,-0.0176694132387638,0.9500805735588074,0.9999991655349731,0.4965580403804779,0.5835942625999451,-0.0680481344461441,0.9999869465827942,0.9999990463256836,0.4704452753067016,0.5815485119819641,0.0679913833737373,0.9999766945838928,0.9999988079071044,0.4951591789722442,0.717351496219635,-0.0414350144565105,0.9891530871391296,0.9999896287918092,0.4764217734336853,0.7138723134994507,0.1299193203449249,0.7718652486801147,0.999992609024048,0.5031406283378601,0.850852906703949,0.0437369123101234,0.99575537443161,0.999953269958496,0.4847021102905273,0.8289635181427002,0.2358028590679168,0.9429683089256288,0.9999860525131226,0.5100879073143005,0.8682737946510315,0.0472887493669986,0.9654473662376404,0.9997871518135072,0.4922084808349609,0.8461828827857971,0.2433327585458755,0.9058724641799928,0.9999698400497437,0.4750201106071472,0.8891093730926514,-0.0469114184379577,0.996268391609192,0.9995679259300232,0.4641829431056976,0.8710718154907227,0.1832549422979354,0.9717024564743042,0.9998738765716552,False,False,False,False,False,False,False,False,False,False,False,False,False,False,False,False,False,False
483,9.66,0.461306482553482,0.3418499529361725,-0.207884281873703,0.9999950528144836,0.9999986886978148,0.4809252917766571,0.3377794921398163,-0.1926240175962448,0.9999959468841552,0.9999983310699464,0.5018051266670227,0.4081104695796966,-0.2012238800525665,0.9999974370002748,0.9999991655349731,0.4631999433040619,0.4084721803665161,0.0086195869371294,0.999980330467224,0.9999945163726808,0.5088597536087036,0.5098438858985901,-0.2195128798484802,0.9986020922660828,0.9999743700027466,,,,0.4716833531856537,0.9999765157699584,0.4898803532123565,0.5934203267097473,-0.2564191222190857,0.9978457689285278,0.9999939203262328,0.4522370398044586,0.5786353945732117,-0.0159483179450035,0.9503979086875916,0.9999992847442628,0.4967399835586548,0.5835908651351929,-0.0682969465851783,0.9999867081642152,0.999998927116394,0.4704991281032562,0.581547200679779,0.0682399496436119,0.9999762773513794,0.9999988079071044,0.4952050745487213,0.7173327207565308,-0.0543140098452568,0.98940110206604,0.9999908208847046,0.4764229655265808,0.7138562798500061,0.1261492818593979,0.7714711427688599,0.999994158744812,0.5031751990318298,0.8509646654129028,0.0196242313832044,0.9958539009094238,0.999969720840454,0.4846848845481872,0.8295648694038391,0.2282865643501281,0.9431742429733276,0.9999899864196776,0.5101253390312195,0.8684282898902893,0.0216066297143697,0.966134786605835,0.9998633861541748,0.4921897649765014,0.8470911979675293,0.2353177964687347,0.9062524437904358,0.9999786615371704,0.475014328956604,0.8891419172286987,-0.0731594413518905,0.9963635206222534,0.9997304081916808,0.4641813039779663,0.8710822463035583,0.1738427728414535,0.971912443637848,0.9999133348464966,False,False,False,False,False,False,False,False,False,False,False,False,False,False,False,False,False,False
484,9.68,0.4614450335502624,0.3418501913547516,-0.202732115983963,0.9999949932098388,0.9999986886978148,0.4810177981853485,0.3377755880355835,-0.189811423420906,0.9999959468841552,0.9999983310699464,0.5019788146018982,0.4081119894981384,-0.1994738131761551,0.9999974370002748,0.9999992847442628,0.4632686376571655,0.4086922109127044,0.0094713931903243,0.9999802112579346,0.9999942779541016,0.5088808536529541,0.5098482370376587,-0.2184639126062393,0.9986050724983216,0.9999773502349854,,,,0.4719062149524688,0.999974489212036,0.489951878786087,0.5934213995933533,-0.2541345357894897,0.997867465019226,0.9999947547912598,0.4523610174655914,0.5785893797874451,-0.0150532331317663,0.950832188129425,0.9999991655349731,0.4967927038669586,0.5836168527603149,-0.068194068968296,0.9999868273735046,0.9999992847442628,0.4705654978752136,0.5815908908843994,0.0681381598114967,0.9999764561653136,0.9999991655349731,0.4952059090137481,0.7173819541931152,-0.0425388552248477,0.9894228577613832,0.9999916553497314,0.4764106571674347,0.713711678981781,0.1268691569566726,0.773101806640625,0.9999946355819702,0.5031711459159851,0.8509653806686401,0.0398284085094928,0.9958921670913696,0.999967098236084,0.484752207994461,0.8289632797241211,0.2295062243938446,0.9436424374580384,0.9999897480010986,0.5101490616798401,0.8684199452400208,0.0427979566156864,0.9664205312728882,0.9998546838760376,0.4922508895397186,0.8462180495262146,0.2366945594549179,0.9068491458892822,0.9999780654907228,0.4749970734119415,0.8891588449478149,-0.0460195504128932,0.9963845014572144,0.9996954202651978,0.4642255902290344,0.8710834980010986,0.1772072166204452,0.9721096754074096,0.999902844429016,False,False,False,False,False,False,False,False,False,False,False,False,False,False,False,False,False,False
485,9.7,0.4615945219993591,0.3418776094913482,-0.2114062309265136,0.999994933605194,0.9999986886978148,0.4811578691005707,0.337831050157547,-0.1935853362083435,0.9999958872795104,0.9999984502792358,0.5022737979888916,0.4081268608570099,-0.2008734196424484,0.9999974370002748,0.9999992847442628,0.4632861018180847,0.4083339869976043,0.0071999579668045,0.9999801516532898,0.999994158744812,0.5088842511177063,0.5098512172698975,-0.218871459364891,0.9986040592193604,0.9999790191650392,,,,0.4744879007339477,0.9999738931655884,0.4899810552597046,0.593418538570404,-0.2547200620174408,0.997860312461853,0.9999947547912598,0.4524701833724975,0.5785880088806152,-0.0161697044968605,0.9507451057434082,0.9999990463256836,0.4968334138393402,0.5833247900009155,-0.0681629404425621,0.9999866485595704,0.9999990463256836,0.4705680012702942,0.5813797116279602,0.0681067705154419,0.9999761581420898,0.9999988079071044,0.4952662289142608,0.7174408435821533,-0.052383542060852,0.9895822405815125,0.9999899864196776,0.4764337241649627,0.7138153910636902,0.1172598972916603,0.7772508263587952,0.999992847442627,0.5031486749649048,0.8510141968727112,0.0283215455710887,0.9958834052085876,0.9999595880508424,0.484743982553482,0.8298530578613281,0.2204721570014953,0.944095015525818,0.9999860525131226,0.5100521445274353,0.8684747219085693,0.0309572238475084,0.966053068637848,0.9998170733451844,0.4922316968441009,0.8473246693611145,0.2277262657880783,0.9069621562957764,0.9999699592590332,0.4749937355518341,0.8892127275466919,-0.0613916628062725,0.9963708519935608,0.9996148347854614,0.4642150700092315,0.8710941076278687,0.16631481051445,0.9722075462341307,0.9998648166656494,False,False,False,False,False,False,False,False,False,False,False,False,False,False,False,False,False,False
486,9.72,0.4616860449314117,0.3419080376625061,-0.1990367472171783,0.9999951124191284,0.9999992847442628,0.481174498796463,0.337825745344162,-0.1807318329811096,0.9999960064888,0.9999990463256836,0.502285897731781,0.4081178903579712,-0.1925925463438034,0.9999974966049194,0.9999994039535522,0.4633751213550567,0.4092555940151214,0.0178450047969818,0.9999799728393556,0.9999945163726808,0.5090110898017883,0.5097923278808594,-0.217535987496376,0.9985967874526978,0.9999759197235109,,,,0.4686081409454345,0.999972939491272,0.4900427162647247,0.5934178233146667,-0.255216509103775,0.9978702068328856,0.9999947547912598,0.4525476098060608,0.5785244107246399,-0.0107148578390479,0.9502872824668884,0.9999991655349731,0.496844470500946,0.5836044549942017,-0.0684275329113006,0.9999864101409912,0.9999991655349731,0.4707130491733551,0.5818237066268921,0.0683685988187789,0.999975562095642,0.999998927116394,0.4952577650547027,0.71753990650177,-0.0520438775420188,0.9895219206809998,0.9999921321868896,0.4765015244483948,0.7138791680335999,0.1214653402566909,0.7704198956489563,0.9999947547912598,0.5031275153160095,0.8510670065879822,0.0264396127313375,0.9958918690681458,0.9999736547470092,0.4845536351203918,0.8297135233879089,0.2230866998434066,0.9429165720939636,0.9999912977218628,0.5101240277290344,0.8686236143112183,0.028859406709671,0.9662770628929138,0.9998810291290284,0.4921307861804962,0.8471863269805908,0.2302816957235336,0.9058631658554076,0.99998140335083,0.4747690856456756,0.8892309665679932,-0.0620922334492206,0.9963964819908142,0.999765694141388,0.4634212851524353,0.8710383176803589,0.1717303544282913,0.9718665480613708,0.9999243021011353,False,False,False,False,False,False,False,False,False,False,False,False,False,False,False,False,False,False
487,9.74,0.4616971015930176,0.3418762385845184,-0.1993046551942825,0.9999948143959044,0.9999984502792358,0.4812869429588318,0.3378256857395172,-0.1815038621425628,0.999995768070221,0.9999979734420776,0.502581775188446,0.4082362353801727,-0.193352609872818,0.9999974370002748,0.9999990463256836,0.4633793532848358,0.4091352224349975,0.0175401512533426,0.9999794960021972,0.9999933242797852,0.5090898275375366,0.5098440647125244,-0.217156708240509,0.998570680618286,0.9999756813049316,,,,0.4625013172626495,0.999972939491272,0.4900999963283539,0.5934183597564697,-0.2551251649856567,0.9978429079055786,0.9999949932098388,0.4527167677879333,0.5781872868537903,-0.0112454444169998,0.9489158391952516,0.9999991655349731,0.496846079826355,0.5836787223815918,-0.0683367922902107,0.9999863505363464,0.9999992847442628,0.4707256853580475,0.5818239450454712,0.0682786330580711,0.9999755024909972,0.9999990463256836,0.495264858007431,0.717494547367096,-0.051686093211174,0.989167869091034,0.9999918937683104,0.4765656590461731,0.7138806581497192,0.1215920075774192,0.7686159610748291,0.9999951124191284,0.5032272934913635,0.8504675626754761,0.031606052070856,0.9957412481307985,0.9999675750732422,0.4845771789550781,0.8297026753425598,0.2232051491737365,0.9426406025886536,0.9999905824661256,0.5102470517158508,0.8685844540596008,0.034509751945734,0.9652504324913024,0.999859094619751,0.4921298921108246,0.8471955060958862,0.2303900420665741,0.9053030610084534,0.9999797344207764,0.4748402535915375,0.8892338275909424,-0.0578362867236137,0.996271550655365,0.99973064661026,0.4631484746932983,0.8710257411003113,0.1708462983369827,0.971674382686615,0.9999152421951294,False,False,False,False,False,False,False,False,False,False,False,False,False,False,False,False,False,False
488,9.76,0.4617906212806701,0.3418832719326019,-0.2016393393278122,0.9999948143959044,0.9999988079071044,0.481507271528244,0.3378419280052185,-0.1817148327827453,0.999995768070221,0.9999984502792358,0.5028640031814575,0.4084200859069824,-0.1938977241516113,0.9999974370002748,0.9999992847442628,0.4634260535240173,0.4090729653835296,0.0174319334328174,0.9999797344207764,0.9999947547912598,0.5091066360473633,0.5099626779556274,-0.2149550020694732,0.9985621571540833,0.9999786615371704,,,,0.4635495245456695,0.999975085258484,0.4901330769062042,0.5934340357780457,-0.2513390183448791,0.9978309869766236,0.9999942779541016,0.4528025090694427,0.5781539678573608,-0.0120005449280142,0.949115514755249,0.9999990463256836,0.4968441128730774,0.583675742149353,-0.0682562887668609,0.9999862909317015,0.999998927116394,0.4707283973693847,0.5817086100578308,0.0681983679533004,0.9999754428863524,0.9999986886978148,0.4951467514038086,0.7174453139305115,-0.0541102699935436,0.989307165145874,0.9999884366989136,0.47659432888031,0.7138897180557251,0.1185363680124282,0.7728978991508484,0.9999920129776,0.5031079053878784,0.8503251075744629,0.0262106340378522,0.9957359433174132,0.999952793121338,0.4845058619976043,0.829717218875885,0.2200756520032882,0.9430885314941406,0.9999840259552002,0.5101061463356018,0.8685168623924255,0.0288047529757022,0.9650285840034484,0.999790370464325,0.4920155107975006,0.847194254398346,0.2272499948740005,0.9054279923439026,0.9999656677246094,0.4748164117336273,0.889185905456543,-0.0641741827130317,0.9962615966796876,0.999556005001068,0.4631914794445038,0.8710295557975769,0.1663285791873932,0.9717694520950316,0.9998513460159302,False,False,False,False,False,False,False,False,False,False,False,False,False,False,False,False,False,False
489,9.78,0.4617902934551239,0.3418887555599212,-0.1878730654716491,0.9999945759773254,0.9999982118606568,0.481448769569397,0.3378245830535888,-0.1786349266767501,0.9999956488609314,0.999997854232788,0.502880871295929,0.4084085822105407,-0.1926514357328415,0.9999974370002748,0.9999991655349731,0.4634458422660827,0.4094797372817993,0.0215251930058002,0.9999796748161316,0.9999942779541016,0.5092380046844482,0.509924590587616,-0.215099036693573,0.9985768795013428,0.9999758005142212,,,,0.4662191867828369,0.9999774694442748,0.4902262091636657,0.5934343338012695,-0.2518263161182403,0.9978668689727784,0.9999953508377076,0.4528276026248932,0.5781418681144714,-0.0057567013427615,0.9502936601638794,0.9999994039535522,0.4970480501651764,0.5836760997772217,-0.0685767009854316,0.9999862313270568,0.9999990463256836,0.4707985818386078,0.5817310214042664,0.0685206949710846,0.9999753832817078,0.9999988079071044,0.4952459335327148,0.717433512210846,-0.0577188953757286,0.9895301461219788,0.999990940093994,0.4766135811805725,0.7139458060264587,0.1178399100899696,0.771920382976532,0.9999943971633912,0.5031400918960571,0.8503802418708801,0.0178340189158916,0.9958279132843018,0.9999735355377196,0.4844641387462616,0.8301822543144226,0.2172445803880691,0.9431002736091614,0.9999908208847046,0.5100950598716736,0.8685448169708252,0.019969081506133,0.9656374454498292,0.9998849630355836,0.4920563995838165,0.8479444980621338,0.2241298556327819,0.9058440327644348,0.999980926513672,0.4747238755226135,0.8891911506652832,-0.0720569118857383,0.9963495135307312,0.9997841715812684,0.4631955027580261,0.8712990880012512,0.1640606671571731,0.9720202684402466,0.9999247789382936,False,False,False,False,False,False,False,False,False,False,False,False,False,False,False,False,False,False
490,9.8,0.4619455337524414,0.3418899178504944,-0.1917610764503479,0.9999945759773254,0.9999988079071044,0.4816497564315796,0.3378003239631653,-0.1795354187488556,0.9999956488609314,0.9999984502792358,0.5029670596122742,0.4083735346794128,-0.1910076290369033,0.9999974370002748,0.9999992847442628,0.4634982049465179,0.4097084701061249,0.0201351549476385,0.999979555606842,0.999994158744812,0.5093273520469666,0.509888231754303,-0.2127256840467453,0.998562514781952,0.9999772310256958,,,,0.4657113254070282,0.9999724626541138,0.4903652966022491,0.5934066772460938,-0.2508655786514282,0.997865617275238,0.9999946355819702,0.4531085789203644,0.5779922008514404,-0.0068292147479951,0.950319528579712,0.9999990463256836,0.4971936345100403,0.5838229060173035,-0.0680617094039917,0.999986469745636,0.9999994039535522,0.4708807170391083,0.5820393562316895,0.0680032521486282,0.999975860118866,0.9999992847442628,0.4952706098556518,0.7176411151885986,-0.0446838997304439,0.9895565509796144,0.9999929666519164,0.4766499698162079,0.7139620780944824,0.120025597512722,0.776700496673584,0.9999955892562866,0.5031505823135376,0.850285530090332,0.0457298271358013,0.9958511590957642,0.9999722242355348,0.4845344126224518,0.8295419812202454,0.2227012068033218,0.944471538066864,0.9999912977218628,0.5101731419563293,0.8683367371559143,0.0496042743325233,0.9656994938850404,0.9998778104782104,0.4920779168605804,0.8467264175415039,0.2301049828529358,0.907155215740204,0.9999810457229614,0.4747296273708343,0.8891965746879578,-0.0380268767476081,0.9963526725769044,0.999731719493866,0.4634799361228943,0.8713166117668152,0.171389490365982,0.9725616574287416,0.9999099969863892,False,False,False,False,False,False,False,False,False,False,False,False,False,False,False,False,False,False
491,9.82,0.4620005190372467,0.3418933749198913,-0.1937567740678787,0.999994456768036,0.9999984502792358,0.4818145334720611,0.3378129601478576,-0.1807574182748794,0.9999955892562866,0.9999980926513672,0.5031362771987915,0.4086559116840362,-0.1916260123252868,0.99999737739563,0.9999991655349731,0.4635738730430603,0.4095729887485504,0.0188691597431898,0.9999794363975524,0.999994158744812,0.5094437599182129,0.5099239349365234,-0.2113657146692276,0.9985082745552064,0.9999765157699584,,,,0.4575603902339935,0.9999741315841676,0.4904760122299194,0.5933951735496521,-0.2450626492500305,0.9977825284004213,0.9999935626983644,0.4532303810119629,0.577938437461853,-0.0073783751577138,0.949180543422699,0.9999991655349731,0.4972462058067322,0.5842618346214294,-0.0681040287017822,0.9999865889549256,0.9999992847442628,0.4709281325340271,0.5823231339454651,0.068046323955059,0.9999760985374452,0.9999991655349731,0.4953145086765289,0.7176998853683472,-0.0355566218495368,0.9892434477806092,0.9999914169311525,0.4766591191291809,0.7139589190483093,0.1313482969999313,0.7750657200813293,0.9999947547912598,0.5031464695930481,0.8505047559738159,0.0533667877316474,0.995804488658905,0.9999667406082152,0.4845541417598724,0.8295035362243652,0.2356978505849838,0.9446643590927124,0.9999902248382568,0.5101360082626343,0.868320882320404,0.0569212809205055,0.96536523103714,0.999855637550354,0.4921128153800964,0.8467444181442261,0.2431825250387191,0.9074477553367616,0.9999786615371704,0.4747265875339508,0.8892202973365784,-0.0316970907151699,0.9962984919548036,0.9996892213821412,0.4634134471416473,0.8712341785430908,0.1841522306203842,0.972564160823822,0.9999022483825684,False,False,False,False,False,False,False,False,False,False,False,False,False,False,False,False,False,False
492,9.84,0.4620656371116638,0.3419241309165954,-0.1976357251405716,0.9999939799308776,0.99999737739563,0.4818985164165497,0.3378465175628662,-0.183339849114418,0.9999952912330629,0.9999971389770508,0.5034091472625732,0.4088850319385528,-0.1938735693693161,0.9999972581863404,0.999998927116394,0.463675707578659,0.4094513356685638,0.0180818848311901,0.999978482723236,0.9999902248382568,0.5095796585083008,0.5100469589233398,-0.2145947068929672,0.998475193977356,0.9999736547470092,,,,0.4482816159725189,0.9999637603759766,0.4904800951480865,0.5935341715812683,-0.2506083250045776,0.9977285265922546,0.9999932050704956,0.4533405900001526,0.5779390335083008,-0.009297345764935,0.9463558197021484,0.9999985694885254,0.4972616732120514,0.5851771831512451,-0.0682354345917701,0.9999865889549256,0.9999991655349731,0.4710185825824737,0.5827218294143677,0.0681805312633514,0.9999760389328004,0.9999988079071044,0.495406836271286,0.7179787158966064,-0.0343713238835334,0.9889933466911316,0.9999884366989136,0.4768122434616089,0.7142642140388489,0.1382096409797668,0.775016725063324,0.9999920129776,0.5031849145889282,0.8504594564437866,0.0578417256474494,0.9957244396209716,0.9999557733535768,0.4845526814460754,0.8296197652816772,0.2475927323102951,0.944856584072113,0.9999853372573853,0.5101269483566284,0.8683167099952698,0.0616318099200725,0.9645267724990844,0.9998131394386292,0.4921124279499054,0.8469261527061462,0.2554255425930023,0.9075480103492736,0.9999696016311646,0.4747261106967926,0.8892322778701782,-0.0300123896449804,0.9962003231048584,0.999610960483551,0.4634082615375519,0.8712413311004639,0.1935583502054214,0.9724273681640624,0.9998635053634644,False,False,False,False,False,False,False,False,False,False,False,False,False,False,False,False,False,False
493,9.86,0.4620791375637054,0.3419270813465118,-0.1878903359174728,0.9999930262565612,0.9999957084655762,0.4818949699401855,0.3378019630908966,-0.1809242218732834,0.9999948740005492,0.9999960660934448,0.5035368204116821,0.4088325798511505,-0.1929442286491394,0.9999971985816956,0.9999990463256836,0.4637296497821808,0.4094768166542053,0.0202070958912372,0.9999778866767884,0.9999916553497314,0.5096880197525024,0.5100252032279968,-0.212689608335495,0.9984527826309204,0.9999781847000122,,,,0.4429410398006439,0.9999709129333496,0.4906052649021148,0.5935333371162415,-0.2446602433919906,0.9976853132247924,0.9999942779541016,0.4533983170986175,0.5778394937515259,-0.0085600167512893,0.9447757005691528,0.999998927116394,0.4972671866416931,0.5855947136878967,-0.0682388991117477,0.9999868273735046,0.9999991655349731,0.4710208773612976,0.5830793380737305,0.0681847631931305,0.999976396560669,0.999998927116394,0.4955664277076721,0.7182126045227051,-0.0351425968110561,0.989105761051178,0.999990463256836,0.4769441783428192,0.7148786187171936,0.1390267759561538,0.7772616147994995,0.9999932050704956,0.5032064914703369,0.8503652215003967,0.0543047711253166,0.995773196220398,0.9999655485153198,0.4845527708530426,0.8298320174217224,0.2484659999608993,0.9453297853469848,0.9999879598617554,0.5101377964019775,0.8683001399040222,0.0578314028680324,0.9645615220069884,0.9998553991317748,0.492119163274765,0.8472034931182861,0.2563812434673309,0.9081696271896362,0.9999754428863524,0.4747259020805359,0.8892295360565186,-0.0331177972257137,0.996220588684082,0.9996991157531738,0.4633997678756714,0.8712370991706848,0.1961808055639267,0.9725940823554992,0.9998948574066162,False,False,False,False,False,False,False,False,False,False,False,False,False,False,False,False,False,False
494,9.88,0.4621362090110779,0.3420712947845459,-0.1850870549678802,0.999991238117218,0.999992847442627,0.4818819165229797,0.3377480208873749,-0.180380493402481,0.9999938011169434,0.9999935626983644,0.503608763217926,0.4087933301925659,-0.1924687922000885,0.9999970197677612,0.9999985694885254,0.4638090431690216,0.4094784557819366,0.0194570608437061,0.9999767541885376,0.9999887943267822,0.5098493099212646,0.5100367069244385,-0.2115463316440582,0.998406708240509,0.9999731779098512,,,,0.4358856379985809,0.9999653100967408,0.4907202124595642,0.5935506224632263,-0.2424857169389724,0.9976033568382264,0.9999927282333374,0.4534850120544433,0.5779016613960266,-0.0065045929513871,0.9426262974739076,0.9999986886978148,0.4974685609340668,0.5864328742027283,-0.0679232254624366,0.9999867081642152,0.9999990463256836,0.4711265861988067,0.5833843946456909,0.0678770542144775,0.9999762773513794,0.9999986886978148,0.496028870344162,0.7185352444648743,-0.0254467297345399,0.9883869886398317,0.9999834299087524,0.4771410822868347,0.715648353099823,0.1386149525642395,0.7745957374572754,0.999990463256836,0.5032333731651306,0.8495235443115234,0.0711897239089012,0.9954879283905028,0.9999425411224364,0.4845772683620453,0.830474317073822,0.2462744563817978,0.9441612362861632,0.999980926513672,0.5100138783454895,0.8678005933761597,0.0755502432584762,0.9626004695892334,0.9997748732566832,0.4921970963478088,0.8481851816177368,0.2540038526058197,0.9063801169395448,0.9999610185623168,0.4765852391719818,0.8892282843589783,-0.0134103894233703,0.9959339499473572,0.9995865225791932,0.4634251594543457,0.8711391091346741,0.193163126707077,0.9718176126480104,0.9998452663421632,False,False,False,False,False,False,False,False,False,False,False,False,False,False,False,False,False,False
495,9.9,0.4621635675430298,0.3421010076999664,-0.1878598481416702,0.9999910593032836,0.9999972581863404,0.4818803071975708,0.3377490937709808,-0.180718794465065,0.9999936819076538,0.9999972581863404,0.503792405128479,0.4087748527526855,-0.1926491260528564,0.9999970197677612,0.9999991655349731,0.4639123678207397,0.4096059501171112,0.0201592501252889,0.9999765157699584,0.999992609024048,0.5099790692329407,0.5100223422050476,-0.2118641883134842,0.99837064743042,0.9999796152114868,,,,0.4257946610450744,0.999972939491272,0.4909636378288269,0.593492329120636,-0.2428198754787445,0.9975336194038392,0.9999939203262328,0.453573077917099,0.5778564214706421,-0.0067209773696959,0.9391398429870604,0.9999988079071044,0.4974843263626098,0.5867307186126709,-0.0681337863206863,0.999987006187439,0.9999994039535522,0.4711466133594513,0.5836580395698547,0.0680922642350196,0.9999768137931824,0.9999991655349731,0.4964483678340912,0.7188763618469238,-0.0251506641507148,0.9880637526512146,0.9999897480010986,0.4772983491420746,0.7159061431884766,0.1435463577508926,0.7740889191627502,0.9999936819076538,0.5033021569252014,0.849348783493042,0.0735745877027511,0.9953020215034484,0.9999566078186036,0.4845985770225525,0.8307897448539734,0.2530893385410309,0.9438155889511108,0.99998676776886,0.5100136399269104,0.8677986264228821,0.0781121626496315,0.9611281156539916,0.9998236298561096,0.4921974539756775,0.8483402729034424,0.2609884440898895,0.9061687588691713,0.9999721050262452,0.4765415787696838,0.8892284035682678,-0.0113206068053841,0.9957375526428224,0.9996604919433594,0.4634303450584411,0.8711338043212891,0.2000053524971008,0.9715068340301514,0.9998786449432372,False,False,False,False,False,False,False,False,False,False,False,False,False,False,False,False,False,False
496,9.92,0.462164044380188,0.3422465026378631,-0.1897009760141372,0.9999899864196776,0.9999945163726808,0.481850266456604,0.3377267122268677,-0.1855876445770263,0.9999931454658508,0.9999951124191284,0.5040563941001892,0.4087669551372528,-0.1970457434654235,0.9999969601631165,0.999998927116394,0.4640692174434662,0.4096428751945495,0.0167886652052402,0.9999760985374452,0.9999914169311525,0.5101069808006287,0.5100719928741455,-0.2132759690284729,0.9983382821083068,0.9999774694442748,,,,0.4226011633872986,0.9999719858169556,0.4910050630569458,0.5935220718383789,-0.2436673939228058,0.9974594712257384,0.9999934434890748,0.4536767303943634,0.5778368711471558,-0.0073186391964554,0.9383096694946288,0.999998927116394,0.4975233078002929,0.5870733261108398,-0.0680437162518501,0.999987244606018,0.9999992847442628,0.4712166488170624,0.583707869052887,0.0680049881339073,0.9999772906303406,0.9999990463256836,0.4964435696601867,0.7188985347747803,-0.0240264032036066,0.9878069758415222,0.9999878406524658,0.4773331582546234,0.7159004211425781,0.1448186188936233,0.7748599052429199,0.9999923706054688,0.5032904148101807,0.8476317524909973,0.076499305665493,0.9951711893081664,0.9999560117721558,0.484601080417633,0.8297042846679688,0.2576642334461212,0.943589687347412,0.999984860420227,0.5096870064735413,0.8667990565299988,0.0813025459647178,0.9600197076797484,0.9998266100883484,0.4921932220458984,0.847488284111023,0.2660092711448669,0.9057211875915528,0.999970316886902,0.4767463505268097,0.8887454271316528,-0.0061328425072133,0.9955909848213196,0.999649167060852,0.463533341884613,0.8708574771881104,0.2068441063165664,0.971228301525116,0.9998717308044434,False,False,False,False,False,False,False,False,False,False,False,False,False,False,False,False,False,False
497,9.94,0.4621873497962951,0.3422718048095703,-0.1902969628572464,0.9999898672103882,0.9999966621398926,0.4818473756313324,0.3376625478267669,-0.1859137415885925,0.9999932050704956,0.9999971389770508,0.5041733980178833,0.4087470769882202,-0.1972394734621048,0.9999970197677612,0.9999992847442628,0.4643584191799164,0.4097275137901306,0.0156438145786523,0.9999760389328004,0.9999927282333374,0.5102542042732239,0.5100926756858826,-0.213272675871849,0.9983668923377992,0.9999825954437256,,,,0.4214168488979339,0.9999717473983764,0.4911977350711822,0.5935198068618774,-0.242281824350357,0.997525691986084,0.9999955892562866,0.4538139402866363,0.5778403878211975,-0.0093023246154189,0.937882125377655,0.9999988079071044,0.4975778758525848,0.5870572328567505,-0.0680441483855247,0.9999874234199524,0.9999992847442628,0.4713797867298126,0.5836634635925293,0.068005546927452,0.9999775290489196,0.999998927116394,0.4964485168457031,0.7188946604728699,-0.0278308857232332,0.9879650473594666,0.9999903440475464,0.4773339629173279,0.7158955335617065,0.141819953918457,0.7763620615005493,0.9999924898147584,0.5031979084014893,0.8476438522338867,0.0687500983476638,0.9952473044395448,0.9999606609344482,0.4846024811267853,0.8296852111816406,0.2513400018215179,0.9435316324234008,0.999987006187439,0.5096113085746765,0.8667795658111572,0.0731919705867767,0.9603146314620972,0.9998326301574708,0.4921937584877014,0.8473114371299744,0.2592624723911285,0.9058612585067748,0.9999734163284302,0.4765645563602447,0.8887367248535156,-0.0162110868841409,0.9956487417221068,0.9996453523635864,0.4635659754276275,0.8708592653274536,0.1996597647666931,0.971260905265808,0.9998842477798462,False,False,False,False,False,False,False,False,False,False,False,False,False,False,False,False,False,False
498,9.96,0.4624601602554321,0.342231810092926,-0.1974162459373474,0.9999901056289672,0.9999983310699464,0.4821572005748749,0.337661474943161,-0.1855401247739792,0.9999932646751404,0.999997854232788,0.5045301914215088,0.4087460041046142,-0.1957972794771194,0.9999969601631165,0.9999990463256836,0.4645323157310486,0.4096924662590027,0.0181722976267337,0.999975860118866,0.9999924898147584,0.5106413960456848,0.510087251663208,-0.2139933109283447,0.9983642101287842,0.999972939491272,,,,0.4207769632339477,0.9999698400497437,0.4916547536849975,0.5934832096099854,-0.2533597648143768,0.9975103735923768,0.9999935626983644,0.4540959894657135,0.577650785446167,-0.0089191943407058,0.9377844929695128,0.999998927116394,0.4977694451808929,0.587060272693634,-0.0682988539338111,0.999987006187439,0.999998927116394,0.4717905819416046,0.5835936665534973,0.0682551637291908,0.999976933002472,0.9999986886978148,0.4964936077594757,0.7189264297485352,-0.0434282533824443,0.9879754781723022,0.999988317489624,0.477592408657074,0.7159792184829712,0.1293935477733612,0.77972012758255,0.9999934434890748,0.5032969117164612,0.8476820588111877,0.0552782490849494,0.9951475262641908,0.9999525547027588,0.4846024811267853,0.8306471109390259,0.2332868725061416,0.9443215727806092,0.9999854564666748,0.5097174644470215,0.8669885396957397,0.0599913150072097,0.959837019443512,0.9997991919517516,0.492194265127182,0.8485651016235352,0.2404973953962326,0.9071834087371826,0.9999682903289796,0.4765245318412781,0.888803243637085,-0.0318588614463806,0.9955552220344543,0.9996340274810792,0.4633955061435699,0.8708920478820801,0.1776391118764877,0.971501886844635,0.9998667240142822,False,False,False,False,False,False,False,False,False,False,False,False,False,False,False,False,False,False
499,9.98,0.4625276625156402,0.3423056006431579,-0.1950777918100357,0.9999895095825196,0.9999959468841552,0.4821532666683197,0.3376253843307495,-0.1863007694482803,0.9999929070472716,0.9999958276748656,0.5045384168624878,0.4086668193340301,-0.1970861405134201,0.9999969005584716,0.999998927116394,0.4647116661071777,0.409642219543457,0.0166712161153554,0.9999756217002868,0.9999921321868896,0.5108272433280945,0.5101065635681152,-0.2144623696804046,0.9983319640159608,0.9999769926071168,,,,0.4173351228237152,0.9999727010726928,0.4919444620609283,0.5934463143348694,-0.2496413141489029,0.9974544644355774,0.9999939203262328,0.4543711543083191,0.5777770280838013,-0.010749852284789,0.9372546076774596,0.9999990463256836,0.4978257715702057,0.5870753526687622,-0.0682965144515037,0.9999871253967284,0.9999992847442628,0.4719977974891662,0.5835899710655212,0.0682532042264938,0.999977171421051,0.9999991655349731,0.4964898824691772,0.7187304496765137,-0.0285833291709423,0.9877257347106934,0.9999901056289672,0.4776034951210022,0.7154525518417358,0.13759545981884,0.77774578332901,0.9999939203262328,0.5032978653907776,0.847714900970459,0.0662494748830795,0.995152473449707,0.9999641180038452,0.4847869873046875,0.8301677703857422,0.2449248284101486,0.9440640807151794,0.9999892711639404,0.5097244381904602,0.8669548034667969,0.0703561529517173,0.959674060344696,0.9998518228530884,0.4922585189342499,0.847926676273346,0.2525905072689056,0.9069177508354188,0.9999780654907228,0.476420521736145,0.8887802958488464,-0.0194781832396984,0.9955481886863708,0.9997053742408752,0.4637965261936188,0.8709180355072021,0.1920289099216461,0.9713952541351318,0.9999041557312012,False,False,False,False,False,False,False,False,False,False,False,False,False,False,False,False,False,False
500,10.0,0.4626112282276153,0.3423020243644714,-0.1858814507722854,0.9999892115592957,0.9999960660934448,0.4821903109550476,0.3375520706176758,-0.1760529577732086,0.9999927282333374,0.9999959468841552,0.5046874284744263,0.4084705114364624,-0.188053697347641,0.9999969005584716,0.999998927116394,0.464764267206192,0.4095287024974823,0.0215676259249448,0.9999752640724182,0.999990940093994,0.51103276014328,0.5101032257080078,-0.2059173434972763,0.9982941746711732,0.9999761581420898,,,,0.4123279154300689,0.999968647956848,0.4925052225589752,0.5932825803756714,-0.237966388463974,0.9974377155303956,0.999994158744812,0.4547158479690552,0.5777502059936523,-0.0079278126358985,0.9364683032035828,0.9999988079071044,0.498036652803421,0.587064266204834,-0.0683010295033454,0.9999869465827942,0.9999990463256836,0.4721843302249908,0.5835903286933899,0.0682577192783355,0.9999768733978271,0.9999988079071044,0.4964894652366638,0.7186906933784485,-0.0300046410411596,0.9872386455535888,0.9999879598617554,0.4776299297809601,0.7152987718582153,0.1373831331729889,0.76943439245224,0.9999920129776,0.5032933950424194,0.8482043147087097,0.0627591833472251,0.9950649738311768,0.9999558925628662,0.4848385155200958,0.8301860094070435,0.2438288331031799,0.9421166181564332,0.999985694885254,0.5097298622131348,0.8669607043266296,0.0668402016162872,0.9592044949531556,0.9998142123222352,0.4922885298728943,0.8480261564254761,0.2514820992946625,0.9048264622688292,0.9999704360961914,0.4762708842754364,0.8888315558433533,-0.0234132707118988,0.9954777359962464,0.9996302127838136,0.4638207852840423,0.8709380030632019,0.1909489780664444,0.970570147037506,0.9998775720596312,False,False,False,False,False,False,False,False,False,False,False,False,False,False,False,False,False,False
501,10.02,0.4627162218093872,0.3423334062099457,-0.1874720752239227,0.9999887943267822,0.999996304512024,0.4823283553123474,0.3375343978404999,-0.1764353364706039,0.9999923706054688,0.9999960660934448,0.504920482635498,0.4084540903568268,-0.1874305307865142,0.9999968409538268,0.9999988079071044,0.4648846387863159,0.4095282852649688,0.0213069096207618,0.9999745488166808,0.9999901056289672,0.5112882256507874,0.5100825428962708,-0.2071062922477722,0.9982500076293944,0.999970316886902,,,,0.4067240953445434,0.999963402748108,0.4929390251636505,0.5932772159576416,-0.2382761836051941,0.9974119663238524,0.9999932050704956,0.4551191329956054,0.5777000784873962,-0.0063923769630491,0.9357249736785888,0.9999986886978148,0.4983174204826355,0.5871676206588745,-0.0682367235422134,0.9999866485595704,0.9999990463256836,0.47251096367836,0.5836167931556702,0.068193070590496,0.999976396560669,0.9999988079071044,0.49667689204216,0.7186877727508545,-0.0309697575867176,0.9867774248123168,0.9999874830245972,0.4777652025222778,0.7154436707496643,0.1338240951299667,0.7674634456634521,0.9999927282333374,0.5032989978790283,0.8481707572937012,0.0615067929029464,0.9949376583099364,0.9999576807022096,0.4848835170269012,0.830210268497467,0.2369614988565445,0.9418308138847352,0.9999865293502808,0.5097151398658752,0.8669636845588684,0.0655250772833824,0.9583810567855836,0.9998260140419006,0.4923065900802612,0.8480144739151001,0.2442772090435028,0.904029130935669,0.9999716281890868,0.4762410819530487,0.8888336420059204,-0.0239691007882356,0.9953677654266356,0.9996709823608398,0.463817298412323,0.8708447217941284,0.1832967847585678,0.9704195857048036,0.9998812675476074,False,False,False,False,False,False,False,False,False,False,False,False,False,False,False,False,False,False
502,10.04,0.4627672433853149,0.3423984944820404,-0.1878224164247512,0.9999884963035583,0.9999959468841552,0.4823303818702698,0.3375252187252044,-0.1776032447814941,0.999992311000824,0.999996304512024,0.5049387812614441,0.4083559811115265,-0.1904695481061935,0.9999968409538268,0.999998927116394,0.4649620950222015,0.409526526927948,0.0207697208970785,0.9999741911888124,0.9999911785125732,0.5114986300468445,0.5099616050720215,-0.2117515206336975,0.9982693195343018,0.9999743700027466,,,,0.4047668576240539,0.9999691247940063,0.49339759349823,0.5932226777076721,-0.2413723170757293,0.9974310398101808,0.9999936819076538,0.4554913640022278,0.5775517225265503,-0.0067541161552071,0.9352116584777832,0.999998927116394,0.4984224736690521,0.5872099995613098,-0.0685398951172828,0.9999865889549256,0.999998927116394,0.4727838635444641,0.5836250185966492,0.0684990137815475,0.9999761581420898,0.9999986886978148,0.4967142641544342,0.7187007069587708,-0.0353605560958385,0.987217128276825,0.99998939037323,0.4779524803161621,0.7157256007194519,0.1337760984897613,0.7690152525901794,0.9999924898147584,0.5032974481582642,0.849163293838501,0.0467366389930248,0.9951534271240234,0.9999628067016602,0.4848859012126922,0.8302339911460876,0.2379851937294006,0.942306101322174,0.9999877214431764,0.5097473859786987,0.8675459027290344,0.0494221597909927,0.9599175453186036,0.99983811378479,0.4923068284988403,0.8480497002601624,0.2454553991556167,0.905396282672882,0.9999748468399048,0.4760064780712127,0.8888413310050964,-0.0438498705625534,0.9955580234527588,0.9996856451034546,0.463676244020462,0.8708254098892212,0.1848068535327911,0.9708129167556764,0.9999005794525146,False,False,False,False,False,False,False,False,False,False,False,False,False,False,False,False,False,False
503,10.06,0.4630629122257232,0.3424834311008453,-0.1895425766706466,0.999988615512848,0.9999974966049194,0.4828390777111053,0.3375493586063385,-0.1750560104846954,0.9999922513961792,0.9999971389770508,0.5051540732383728,0.4083456397056579,-0.1860996335744857,0.9999967217445374,0.9999988079071044,0.465156614780426,0.4095118343830108,0.0285569727420806,0.9999732971191406,0.9999895095825196,0.5119210481643677,0.5099055171012878,-0.2085251212120056,0.9982011914253236,0.9999661445617676,,,,0.3928816616535187,0.9999595880508424,0.493626207113266,0.5931480526924133,-0.2422942221164703,0.9972853064537048,0.9999899864196776,0.4556694030761719,0.5772928595542908,0.0035175769589841,0.930367112159729,0.9999982118606568,0.4984162747859955,0.5877423882484436,-0.0691369771957397,0.999985933303833,0.9999985694885254,0.4729584157466888,0.5837506055831909,0.0690918415784835,0.9999750256538392,0.9999983310699464,0.4967044591903686,0.7187009453773499,-0.042213175445795,0.9869714379310608,0.9999821186065674,0.4779642820358276,0.7157261967658997,0.1333840042352676,0.7682744860649109,0.9999901056289672,0.5033149719238281,0.8491263389587402,0.0470379702746868,0.994927942752838,0.99993097782135,0.4849035143852234,0.8314511775970459,0.2345370352268219,0.9424704909324646,0.9999797344207764,0.5098182559013367,0.867543637752533,0.0499226823449134,0.9585543274879456,0.9997188448905944,0.4922965764999389,0.8489080667495728,0.2415075302124023,0.9055298566818236,0.9999561309814452,0.4759947955608368,0.8887538909912109,-0.0426357053220272,0.9953470826148988,0.999521017074585,0.4634599685668945,0.8708422183990479,0.1778730303049087,0.9706597328186036,0.9998254179954528,False,False,False,False,False,False,False,False,False,False,False,False,False,False,False,False,False,False
504,10.08,0.4630623161792755,0.3427099287509918,-0.1769584119319915,0.9999869465827942,0.9999914169311525,0.4827133417129516,0.3375492990016937,-0.1735631376504898,0.9999912977218628,0.999992847442627,0.5053106546401978,0.4083426296710968,-0.1865545064210891,0.9999966621398926,0.9999988079071044,0.4654671549797058,0.4095545411109924,0.0282776989042758,0.9999721050262452,0.9999876022338868,0.5123913884162903,0.5099061131477356,-0.2077015191316604,0.9981883764266968,0.9999761581420898,,,,0.3802163004875183,0.9999648332595824,0.4943583905696869,0.5931957364082336,-0.2394031584262848,0.9972784519195556,0.9999934434890748,0.4559293091297149,0.5772640109062195,0.0055655846372246,0.9270893335342408,0.9999988079071044,0.4985381662845611,0.5881541967391968,-0.0692140758037567,0.9999858140945436,0.999998927116394,0.4733152687549591,0.5839924812316895,0.0691740810871124,0.9999746680259703,0.9999986886978148,0.4967783093452453,0.7187203168869019,-0.0167366750538349,0.9856092929840088,0.9999849796295166,0.4780716300010681,0.7158046364784241,0.1466140300035476,0.756499707698822,0.999991536140442,0.5033558011054993,0.8490613102912903,0.0813298895955085,0.9945279955863952,0.9999428987503052,0.4849253594875335,0.8317892551422119,0.2525517642498016,0.9393200278282166,0.9999831914901732,0.509831964969635,0.867597222328186,0.0855833813548088,0.955875277519226,0.9997772574424744,0.49237260222435,0.8492976427078247,0.2600255608558655,0.9022910594940186,0.999964952468872,0.4759799540042877,0.8887470364570618,-0.0036371918395161,0.9949613809585572,0.9996381998062134,0.4634561836719513,0.8708421587944031,0.1985002905130386,0.9691748023033142,0.9998735189437866,False,False,False,False,False,False,False,False,False,False,False,False,False,False,False,False,False,False
505,10.1,0.4631024003028869,0.3428128063678741,-0.1803474724292755,0.9999870657920836,0.9999964237213136,0.4827091097831726,0.3375474512577057,-0.173268049955368,0.9999913573265076,0.999996781349182,0.5053831934928894,0.408336728811264,-0.1846739649772644,0.9999966621398926,0.9999990463256836,0.4658282995223999,0.4099131226539612,0.0275002345442771,0.999971568584442,0.9999905824661256,0.5126623511314392,0.5098004937171936,-0.2006680518388748,0.9981770515441896,0.9999762773513794,,,,0.3719666004180908,0.9999653100967408,0.4948283731937408,0.5931967496871948,-0.2285604178905487,0.9972838759422302,0.9999939203262328,0.4563880860805511,0.5773415565490723,0.0093663865700364,0.9242578148841858,0.9999985694885254,0.4988341033458709,0.5881858468055725,-0.0692410692572593,0.9999857544898988,0.9999990463256836,0.4735795855522156,0.5840023159980774,0.0692018568515777,0.999974489212036,0.9999988079071044,0.4968509078025818,0.7186878323554993,-0.0222247634083032,0.9854316115379332,0.9999886751174928,0.4780419766902923,0.7156270742416382,0.1441706866025924,0.7534183263778687,0.9999929666519164,0.5033597350120544,0.8490760922431946,0.0716289281845092,0.9944798350334167,0.9999569654464722,0.4849327802658081,0.8318264484405518,0.2496915459632873,0.9394572973251344,0.9999868869781494,0.509820282459259,0.8676149845123291,0.0755529105663299,0.9553768038749696,0.9998227953910828,0.4923707544803619,0.8493211269378662,0.2573643922805786,0.9020800590515136,0.9999717473983764,0.4759672284126282,0.8886988759040833,-0.0140422619879245,0.9949169158935548,0.9996719360351562,0.4632974565029144,0.870536208152771,0.1961207389831543,0.9692550897598268,0.999885320663452,False,False,False,False,False,False,False,False,False,False,False,False,False,False,False,False,False,False
506,10.12,0.4631042182445526,0.3430489003658294,-0.1814296245574951,0.9999866485595704,0.9999946355819702,0.482641190290451,0.3375617265701294,-0.1737477481365203,0.9999913573265076,0.9999958276748656,0.5055406093597412,0.4083525836467743,-0.1863279789686203,0.9999967217445374,0.9999990463256836,0.4659857153892517,0.4099352657794952,0.0258568041026592,0.9999715089797974,0.9999905824661256,0.5129975080490112,0.5097540616989136,-0.204340174794197,0.9982354640960692,0.9999761581420898,,,,0.3755040466785431,0.999964952468872,0.4951547682285309,0.5932003855705261,-0.2312613874673843,0.9973728060722352,0.9999942779541016,0.4567131400108337,0.5772796869277954,0.0048031890764832,0.9250536561012268,0.9999986886978148,0.4991558194160461,0.5880735516548157,-0.0692360550165176,0.999985933303833,0.999998927116394,0.4739449620246887,0.5838460326194763,0.0691972449421882,0.9999746084213256,0.9999985694885254,0.4968325197696686,0.7186704277992249,-0.0440149307250976,0.9862208962440492,0.9999898672103882,0.4780490696430206,0.7156264781951904,0.1300089061260223,0.7605205178260803,0.9999922513961792,0.5033434629440308,0.8500698804855347,0.0346778519451618,0.99476557970047,0.999963641166687,0.4849294424057007,0.8318962454795837,0.2278376221656799,0.9410663843154908,0.9999864101409912,0.5098207592964172,0.8681322336196899,0.0371667183935642,0.9574034810066224,0.9998393058776855,0.4923668801784515,0.849423885345459,0.2346235066652298,0.9045345187187196,0.9999713897705078,0.4758545160293579,0.8887997269630432,-0.0542380884289741,0.9951706528663636,0.9996718168258668,0.4630504846572876,0.8706479072570801,0.174266442656517,0.9701428413391112,0.9998821020126344,False,False,False,False,False,False,False,False,False,False,False,False,False,False,False,False,False,False
507,10.14,0.4634636640548706,0.3430477678775787,-0.1950338929891586,0.9999874830245972,0.999998927116394,0.4828952848911285,0.3375754356384277,-0.1744048595428466,0.9999918341636658,0.999998927116394,0.5056413412094116,0.4080862402915954,-0.1869009882211685,0.9999968409538268,0.9999994039535522,0.4659899771213531,0.4099343419075012,0.0250782277435064,0.9999715089797974,0.999992847442627,0.5133522748947144,0.5094777941703796,-0.2054515779018402,0.9982494711875916,0.9999783039093018,,,,0.3705644309520721,0.9999631643295288,0.4953227043151855,0.5931342840194702,-0.2358630299568176,0.9973586201667786,0.9999942779541016,0.4567876756191253,0.5771961808204651,0.0040823477320373,0.92121684551239,0.9999983310699464,0.4996925890445709,0.5880308747291565,-0.0692379549145698,0.9999860525131226,0.9999992847442628,0.4741487503051758,0.5838484764099121,0.0691979974508285,0.9999746680259703,0.9999990463256836,0.4968532621860504,0.7186650037765503,-0.0517818517982959,0.9866619110107422,0.9999924898147584,0.4780579209327698,0.715757429599762,0.1220215931534767,0.7647362947463989,0.9999948740005492,0.5033246278762817,0.8500687479972839,0.0366011820733547,0.9948326349258424,0.9999701976776124,0.4849809110164642,0.8318924307823181,0.2195608615875244,0.9426447153091432,0.9999897480010986,0.5098715424537659,0.8682384490966797,0.0400600880384445,0.9579868316650392,0.999871015548706,0.4924147427082062,0.8494191765785217,0.2262343615293502,0.9061667919158936,0.9999775886535645,0.4760853052139282,0.8888028264045715,-0.0504805222153663,0.9952472448349,0.9997404217720032,0.4630166888236999,0.8706499338150024,0.1641642451286316,0.9708711504936218,0.999897003173828,False,False,False,False,False,False,False,False,False,False,False,False,False,False,False,False,False,False
508,10.16,0.4636915922164917,0.3430490493774414,-0.2175227701663971,0.9999881982803344,0.9999988079071044,0.4832473993301391,0.3376115262508392,-0.1903615295886993,0.9999921917915344,0.9999986886978148,0.5057269334793091,0.4080705046653747,-0.1959801316261291,0.9999969005584716,0.9999994039535522,0.4659876525402069,0.4099082350730896,0.0158376917243003,0.9999719858169556,0.9999934434890748,0.5137315988540649,0.5094789862632751,-0.2136876881122589,0.998256266117096,0.9999778270721436,,,,0.3733397126197815,0.9999665021896362,0.4954970777034759,0.5930665135383606,-0.2510599493980407,0.9973050951957704,0.9999929666519164,0.4568690955638885,0.5772060751914978,-0.0104603776708245,0.9196423888206482,0.9999980926513672,0.5003740787506104,0.5870563387870789,-0.0692352354526519,0.9999861121177672,0.9999990463256836,0.4745966792106628,0.5833495855331421,0.0691954940557479,0.9999748468399048,0.9999988079071044,0.496842473745346,0.7184452414512634,-0.0615049749612808,0.987113118171692,0.9999891519546508,0.4780465066432953,0.7156199216842651,0.1097050383687019,0.7741555571556091,0.999992609024048,0.5033039450645447,0.8499484658241272,0.0304508786648511,0.9948667883872986,0.9999593496322632,0.4850862920284271,0.8326138257980347,0.2061071693897247,0.9449396133422852,0.9999845027923584,0.5098699927330017,0.8680770397186279,0.0342559702694416,0.957923173904419,0.999827206134796,0.4924713969230652,0.8499164581298828,0.2125087529420852,0.9082632660865784,0.9999667406082152,0.4769336879253387,0.8888053894042969,-0.0579262748360633,0.99527770280838,0.9996395111083984,0.4629730582237243,0.8708850145339966,0.146580308675766,0.9718039631843568,0.9998385906219482,False,False,False,False,False,False,False,False,False,False,False,False,False,False,False,False,False,False
509,10.18,0.4638282060623169,0.3430501818656921,-0.2138454616069793,0.9999889135360718,0.9999990463256836,0.4833306074142456,0.3376764357089996,-0.1907655596733093,0.999992609024048,0.9999990463256836,0.5057238936424255,0.4078443050384521,-0.1980611681938171,0.9999970197677612,0.9999995231628418,0.4660604298114776,0.4100488126277923,0.0147385504096746,0.9999716877937316,0.999991536140442,0.513856053352356,0.5092781782150269,-0.2207545191049575,0.99829363822937,0.9999816417694092,,,,0.368972897529602,0.9999549388885498,0.4957799017429352,0.5930715203285217,-0.2629818320274353,0.9973378777503968,0.9999948740005492,0.4571278989315033,0.5771973729133606,-0.0193879716098308,0.9133873581886292,0.99999737739563,0.5011803507804871,0.5868106484413147,-0.0691488087177276,0.9999865293502808,0.9999995231628418,0.4748507440090179,0.5833010077476501,0.0691058561205864,0.9999752640724182,0.9999991655349731,0.4969212710857391,0.7179561853408813,-0.0603431947529315,0.9876797795295716,0.9999940395355223,0.4780139327049255,0.7148661613464355,0.1120254546403884,0.780780017375946,0.9999945163726808,0.5032281279563904,0.8497787714004517,0.0253119934350252,0.995088517665863,0.9999783039093018,0.4855622053146362,0.832344114780426,0.2103879004716873,0.9470008015632628,0.9999908208847046,0.5097111463546753,0.8678146004676819,0.0283455569297075,0.9594086408615112,0.9999027252197266,0.4928187727928161,0.8495665192604065,0.2169592976570129,0.91043221950531,0.9999808073043824,0.476900190114975,0.8888763189315796,-0.0663686767220497,0.9954774379730223,0.9997710585594176,0.4629525542259216,0.8708692789077759,0.1514855921268463,0.972739279270172,0.9999046325683594,False,False,False,False,False,False,False,False,False,False,False,False,False,False,False,False,False,False
510,10.2,0.4638457894325256,0.3430800437927246,-0.2096633166074752,0.9999893307685852,0.9999984502792358,0.483370840549469,0.3377516567707062,-0.1904771625995636,0.9999927878379822,0.9999982118606568,0.5057672262191772,0.4079137146472931,-0.1998905688524246,0.9999970197677612,0.9999990463256836,0.4660727679729461,0.410127580165863,0.0149642918258905,0.999971866607666,0.9999927282333374,0.5139811038970947,0.5094407796859741,-0.2232031971216201,0.9983001351356506,0.9999736547470092,,,,0.3729907274246216,0.99997079372406,0.4959338009357452,0.5938841700553894,-0.2625406980514526,0.9972909092903136,0.9999924898147584,0.4573089480400085,0.577221691608429,-0.0194299574941396,0.9149501323699952,0.9999988079071044,0.5019539594650269,0.5867780447006226,-0.0693239271640777,0.999986469745636,0.9999990463256836,0.4752067923545837,0.5833241939544678,0.0692794248461723,0.9999752044677734,0.9999988079071044,0.4970395267009735,0.7178639769554138,-0.0577985793352127,0.9879132509231568,0.9999896287918092,0.4780111610889435,0.7147862911224365,0.1159545332193374,0.7791951894760132,0.999993085861206,0.5032192468643188,0.849678635597229,0.0251037832349538,0.9951746463775636,0.9999637603759766,0.4861040115356445,0.8319900631904602,0.2154309153556823,0.9467323422431946,0.999987244606018,0.5097330808639526,0.8678151369094849,0.027828425168991,0.9601140022277832,0.9998452663421632,0.4932877123355865,0.8493254780769348,0.2222377508878708,0.9100638031959534,0.999974250793457,0.4770209193229675,0.8888713717460632,-0.0664246454834938,0.9955642819404602,0.9996949434280396,0.4629867672920227,0.870849072933197,0.1587667316198349,0.9726057052612304,0.9998928308486938,False,False,False,False,False,False,False,False,False,False,False,False,False,False,False,False,False,False
511,10.22,0.4638435542583465,0.3431329429149627,-0.1989307254552841,0.9999895095825196,0.9999982118606568,0.4833654165267944,0.3379202783107757,-0.1835062950849533,0.999992847442627,0.999997854232788,0.5057733654975891,0.4079213738441467,-0.1953841298818588,0.9999970197677612,0.9999990463256836,0.4660702645778656,0.4101700782775879,0.0189852360635995,0.9999721050262452,0.999992609024048,0.5139794945716858,0.5095152854919434,-0.2209512293338775,0.9982933402061462,0.9999769926071168,,,,0.3794566392898559,0.9999698400497437,0.4960294961929321,0.5942134261131287,-0.2610066831111908,0.9972854852676392,0.9999939203262328,0.4574057459831238,0.57724529504776,-0.0174713339656591,0.917150616645813,0.9999988079071044,0.5020569562911987,0.5873762369155884,-0.0693152174353599,0.999986469745636,0.9999990463256836,0.4755298793315887,0.5837829113006592,0.0692701414227485,0.9999752044677734,0.9999988079071044,0.4969215095043182,0.7180944085121155,-0.0564201474189758,0.9879841804504396,0.9999891519546508,0.4779847860336303,0.7151126861572266,0.1170994043350219,0.780048668384552,0.9999927282333374,0.5030723810195923,0.8499001860618591,0.0278610121458768,0.9951574802398682,0.9999603033065796,0.4861198961734772,0.8321652412414551,0.2172595560550689,0.9464896321296692,0.9999860525131226,0.5095646977424622,0.8679328560829163,0.0308181717991828,0.9599234461784364,0.9998326301574708,0.493287593126297,0.8493350744247437,0.2241057306528091,0.9092775583267212,0.9999712705612184,0.4773507118225097,0.8888916969299316,-0.0619462840259075,0.9955433011054992,0.9996849298477172,0.4629174768924713,0.8709176778793335,0.1610905677080154,0.9723965525627136,0.9998855590820312,False,False,False,False,False,False,False,False,False,False,False,False,False,False,False,False,False,False
512,10.24,0.4638057351112366,0.3432832360267639,-0.1961789429187774,0.9999895691871644,0.999997615814209,0.483359545469284,0.3381982147693634,-0.1808405071496963,0.999992847442627,0.99999737739563,0.5059187412261963,0.4083662033081054,-0.1919302344322204,0.9999969601631165,0.999998927116394,0.4660552740097046,0.4101543426513672,0.0190807860344648,0.9999724626541138,0.999992609024048,0.5140318274497986,0.509951114654541,-0.2114887833595276,0.9982815980911256,0.9999779462814332,,,,0.3911795318126678,0.9999732971191406,0.496295303106308,0.5952373743057251,-0.2451633363962173,0.9972983598709106,0.999994158744812,0.4574918150901794,0.5772319436073303,-0.0169350113719701,0.920197606086731,0.999998927116394,0.5021697878837585,0.588901937007904,-0.0688507631421089,0.9999864101409912,0.999998927116394,0.4758289158344269,0.5845895409584045,0.0688046291470527,0.999975323677063,0.9999986886978148,0.4969163537025451,0.7184070944786072,-0.0487273745238781,0.9879043102264404,0.999986171722412,0.4779107868671417,0.7157377600669861,0.1190451011061668,0.7817186713218689,0.9999914169311525,0.502785861492157,0.8498986959457397,0.0456592664122581,0.9950695037841796,0.9999477863311768,0.4861373901367187,0.8321859836578369,0.2215716242790222,0.946573793888092,0.9999808073043824,0.5095290541648865,0.8679339289665222,0.0497870557010173,0.9593281149864196,0.9997871518135072,0.4932841360569,0.8493115305900574,0.2286791652441024,0.9086001515388488,0.9999613761901855,0.4776270985603332,0.8894796371459961,-0.0396351106464862,0.995452642440796,0.9995918869972228,0.4627376496791839,0.8708957433700562,0.1661508083343505,0.9722745418548584,0.999841332435608,False,False,False,False,False,False,False,False,False,False,False,False,False,False,False,False,False,False
513,10.26,0.4635557830333709,0.3437784910202026,-0.1954138576984405,0.9999893307685852,0.999997615814209,0.482904851436615,0.338974267244339,-0.1869206130504608,0.999992609024048,0.9999972581863404,0.5059161186218262,0.4085650444030761,-0.198437750339508,0.9999969601631165,0.9999991655349731,0.4660528302192688,0.410156786441803,0.0142011884599924,0.9999734163284302,0.9999951124191284,0.514065682888031,0.5102438926696777,-0.2166584432125091,0.9982162117958068,0.9999830722808838,,,,0.4054118394851684,0.9999840259552002,0.4965799450874328,0.5963946580886841,-0.2464401870965957,0.9972876906394958,0.9999964237213136,0.4577316343784332,0.5772319436073303,-0.0159136410802602,0.9245403409004213,0.9999995231628418,0.5023782849311829,0.5895081758499146,-0.0688444599509239,0.9999862313270568,0.9999991655349731,0.4762549996376037,0.5851953029632568,0.0687982514500618,0.999975323677063,0.9999990463256836,0.4968768656253814,0.7188675999641418,-0.0426967032253742,0.9868453741073608,0.9999889135360718,0.4775233268737793,0.7157500982284546,0.1218196526169776,0.7746796607971191,0.999993085861206,0.5024058222770691,0.8499531745910645,0.0512918978929519,0.9947017431259156,0.9999611377716064,0.4860497415065765,0.8313801884651184,0.2292710691690445,0.942684769630432,0.9999873638153076,0.5092706084251404,0.8682058453559875,0.0552793927490711,0.9567133784294128,0.9998419284820556,0.4932240545749664,0.8482537865638733,0.2369978725910186,0.9034018516540528,0.9999759197235109,0.4770817458629608,0.8896353244781494,-0.0331481322646141,0.9951604604721068,0.9997380375862122,0.4627337157726288,0.8704723119735718,0.1783170849084854,0.9705442786216736,0.9999090433120728,False,False,False,False,False,False,False,False,False,False,False,False,False,False,False,False,False,False
514,10.28,0.4632836580276489,0.3444643020629883,-0.210118219256401,0.9999894499778748,0.9999979734420776,0.4823569655418396,0.3395813107490539,-0.2033618092536926,0.9999927282333374,0.9999977350234984,0.5058633089065552,0.4097159802913666,-0.2111001461744308,0.9999970197677612,0.9999991655349731,0.4660506546497345,0.4107694625854492,0.0010631222976371,0.9999743700027466,0.9999954700469972,0.5140595436096191,0.5117051005363464,-0.2277590334415435,0.9982411861419678,0.9999810457229614,,,,0.4264450967311859,0.9999822378158568,0.4968489110469818,0.5981791615486145,-0.2589943408966064,0.9973312616348268,0.9999959468841552,0.4578061401844024,0.578490138053894,-0.0228886064141988,0.9287970066070556,0.9999994039535522,0.5032899379730225,0.589180588722229,-0.0687093511223793,0.9999865293502808,0.9999992847442628,0.4776636660099029,0.5848832726478577,0.0686630308628082,0.9999759793281556,0.9999991655349731,0.496364027261734,0.7188646197319031,-0.0528176166117191,0.9873003363609314,0.999991774559021,0.4766809046268463,0.71491938829422,0.117862194776535,0.780093252658844,0.9999947547912598,0.5023381114006042,0.8499488830566406,0.0381842590868473,0.9948487877845764,0.9999747276306152,0.4860464036464691,0.8313376307487488,0.2223034799098968,0.9440288543701172,0.9999897480010986,0.5093078017234802,0.8684021234512329,0.041750144213438,0.9575168490409852,0.999893069267273,0.4932237863540649,0.8479599356651306,0.2294930666685104,0.904284656047821,0.999980092048645,0.4775110483169555,0.890113115310669,-0.0506530813872814,0.9953030347824096,0.9997825026512146,0.4626817405223846,0.8704453706741333,0.1664129793643951,0.971223533153534,0.9999109506607056,False,False,False,False,False,False,False,False,False,False,False,False,False,False,False,False,False,False
515,10.3,0.462837815284729,0.3457016348838806,-0.209477424621582,0.9999900460243224,0.9999990463256836,0.4818548560142517,0.340829849243164,-0.2001515924930572,0.9999930262565612,0.9999985694885254,0.5055422186851501,0.4109282493591308,-0.2110635787248611,0.9999970197677612,0.9999990463256836,0.4659802615642547,0.4138549268245697,0.0044238208793103,0.999975085258484,0.9999954700469972,0.5138751268386841,0.512074887752533,-0.231477752327919,0.9982183575630188,0.9999771118164062,,,,0.4404480159282684,0.9999827146530152,0.4970276951789856,0.5988420248031616,-0.2630904912948608,0.9973080158233644,0.9999951124191284,0.4578205943107605,0.580425500869751,-0.0254648234695196,0.9319708347320556,0.9999994039535522,0.5061994791030884,0.589171290397644,-0.0689302682876586,0.9999858736991882,0.9999988079071044,0.4794158935546875,0.5849357843399048,0.0688834860920906,0.999975323677063,0.9999988079071044,0.4947014153003692,0.7187298536300659,-0.0533812567591667,0.9860625267028807,0.999984622001648,0.476515382528305,0.7144331932067871,0.1186717674136161,0.7630216479301453,0.9999916553497314,0.5023040771484375,0.8499480485916138,0.036538191139698,0.9940566420555116,0.999946117401123,0.4857891201972961,0.8312227725982666,0.2216487675905227,0.9365161061286926,0.99998140335083,0.5092440843582153,0.8683387041091919,0.0401071868836879,0.9539840221405028,0.9997866749763488,0.4928719401359558,0.8479180932044983,0.2286130040884018,0.8950340151786804,0.9999651908874512,0.4781944155693054,0.8901469707489014,-0.0507528074085712,0.9947728514671326,0.9997010231018066,0.4626815915107727,0.8702441453933716,0.1658600270748138,0.9677159786224364,0.9998879432678224,False,False,False,False,False,False,False,False,False,False,False,False,False,False,False,False,False,False
516,10.32,0.4618316888809204,0.3466769754886627,-0.2117505818605423,0.999990701675415,0.9999991655349731,0.4812812507152557,0.3422726988792419,-0.2006871104240417,0.99999338388443,0.9999986886978148,0.5054264664649963,0.4122411012649536,-0.2100846320390701,0.9999971389770508,0.9999994039535522,0.4654524624347687,0.4147608578205108,0.0016720556886866,0.9999763369560242,0.9999971389770508,0.5138075947761536,0.5134075284004211,-0.2285642176866531,0.9982654452323914,0.99998676776886,,,,0.4698968231678009,0.999988317489624,0.4968375265598297,0.6002724170684814,-0.2610446512699127,0.9974242448806764,0.9999977350234984,0.4578857421875,0.5810039639472961,-0.0267975442111492,0.9364939332008362,0.9999995231628418,0.5081341862678528,0.5861548185348511,-0.0688584223389625,0.9999858140945436,0.999998927116394,0.4808716177940368,0.5840861201286316,0.0688103213906288,0.9999753832817078,0.999998927116394,0.4943729639053345,0.7176945209503174,-0.0795619413256645,0.986449658870697,0.9999924898147584,0.4763417541980743,0.7126702070236206,0.0841332152485847,0.7669610977172852,0.9999947547912598,0.5023416876792908,0.849949836730957,-0.0161901619285345,0.9942189455032348,0.99996817111969,0.4857301414012909,0.8307631611824036,0.1755956262350082,0.9359416961669922,0.9999884366989136,0.509830117225647,0.8683229088783264,-0.0156300403177738,0.9547613859176636,0.9998533725738524,0.4927774667739868,0.8473365902900696,0.1813612282276153,0.8940056562423706,0.9999774694442748,0.4781517088413238,0.8898656964302063,-0.1113538071513176,0.9949355721473694,0.9997580647468568,0.4627031981945038,0.8700147867202759,0.1172109097242355,0.9675990343093872,0.9999163150787354,False,False,False,False,False,False,False,False,False,False,False,False,False,False,False,False,False,False
517,10.34,0.460871160030365,0.3493134081363678,-0.2393610626459121,0.9999913573265076,0.9999994039535522,0.4803636968135834,0.3456121981143951,-0.2299816310405731,0.9999937415122986,0.9999990463256836,0.5049596428871155,0.4154447615146637,-0.2392955422401428,0.9999971985816956,0.9999994039535522,0.4650820195674896,0.4168958663940429,-0.014480154030025,0.9999774694442748,0.999997615814209,0.5135663151741028,0.516248881816864,-0.2564230859279632,0.9982991814613342,0.9999853372573853,,,,0.4951018095016479,0.999990463256836,0.4948326051235199,0.6026684641838074,-0.2830327153205871,0.9974545836448668,0.9999969005584716,0.457877904176712,0.5835705995559692,-0.0407928638160228,0.9398709535598756,0.9999995231628418,0.510367751121521,0.5850937962532043,-0.0700274482369422,0.999985933303833,0.9999992847442628,0.482671707868576,0.5840549468994141,0.069980464875698,0.9999760389328004,0.9999994039535522,0.4938467741012573,0.7174944877624512,-0.0780224651098251,0.9866244792938232,0.999992609024048,0.4756742119789123,0.7123730182647705,0.0928781107068061,0.7722569108009338,0.9999960660934448,0.50240159034729,0.8498765826225281,0.0022053222637623,0.994146764278412,0.9999727010726928,0.4855363965034485,0.8307610750198364,0.1906347721815109,0.9370590448379515,0.9999912977218628,0.5103480219841003,0.8676512241363525,0.0045700324699282,0.9541411995887756,0.9998880624771118,0.4924701750278473,0.8472620844841003,0.19693623483181,0.8947466015815735,0.9999837875366212,0.4783960282802582,0.8898592591285706,-0.0896438732743263,0.9949225783348083,0.999825656414032,0.4626922607421875,0.8698773980140686,0.1310534924268722,0.9681016206741332,0.9999334812164308,False,False,False,False,False,False,False,False,False,False,False,False,False,False,False,False,False,False
518,10.36,0.4598770141601562,0.3523427546024322,-0.2723689377307892,0.9999921917915344,1.0,0.4795402884483337,0.3499032855033874,-0.2508561313152313,0.9999943375587464,0.9999998807907104,0.5035361051559448,0.4184398651123047,-0.2545160055160522,0.99999737739563,0.9999997615814208,0.4645738899707794,0.4184337258338928,-0.0267763473093509,0.9999793171882628,0.9999995231628418,0.5128603577613831,0.5201486945152283,-0.2677249908447265,0.998362958431244,0.9999911785125732,,,,0.525075376033783,0.9999957084655762,0.493928849697113,0.6068540215492249,-0.2901321649551391,0.997507631778717,0.999997615814209,0.4578702747821808,0.5860870480537415,-0.0541064366698265,0.9440089464187622,0.9999997615814208,0.5131654739379883,0.5834540128707886,-0.0729249939322471,0.9999859929084778,0.9999992847442628,0.485688179731369,0.5839026570320129,0.0728683546185493,0.9999767541885376,0.9999995231628418,0.4932298958301544,0.7172711491584778,-0.0964831411838531,0.9871578216552734,0.999995231628418,0.4751625657081604,0.711993396282196,0.0948178246617317,0.7728575468063354,0.999997615814209,0.5025621056556702,0.8499062061309814,-0.0323540903627872,0.994304656982422,0.9999788999557496,0.4852655231952667,0.8307557702064514,0.1924578845500946,0.937700092792511,0.999993085861206,0.5105686187744141,0.8674448132514954,-0.0317496173083782,0.9558215141296388,0.999903440475464,0.4920781254768371,0.8467710614204407,0.1984660327434539,0.8958960771560669,0.9999865293502808,0.4795325398445129,0.8898730278015137,-0.1301366239786148,0.9951297640800476,0.9998372793197632,0.4623995423316955,0.8698595762252808,0.1306989938020706,0.9686286449432372,0.9999455213546752,False,False,False,False,False,False,False,False,False,False,False,False,False,False,False,False,False,False
519,10.38,0.4582889378070831,0.3572638034820556,-0.295035183429718,0.9999929666519164,1.0,0.4787832498550415,0.3538295030593872,-0.2755673825740814,0.9999948740005492,0.9999998807907104,0.5021534562110901,0.4200589060783386,-0.2780822515487671,0.9999975562095642,0.9999998807907104,0.4637757241725921,0.4218157827854156,-0.0459917970001697,0.9999810457229614,0.9999996423721312,0.5122308731079102,0.5248688459396362,-0.2935390472412109,0.9984197616577148,0.9999936819076538,,,,0.5507440567016602,0.999996781349182,0.4932753443717956,0.6113355159759521,-0.3182742893695831,0.9976080060005188,0.9999986886978148,0.4576770365238189,0.5900223255157471,-0.0696401447057724,0.947583019733429,0.9999997615814208,0.5153180360794067,0.5819798111915588,-0.0745628550648689,0.9999861121177672,0.9999994039535522,0.4878440797328949,0.5833150744438171,0.0745186880230903,0.9999775886535645,0.9999996423721312,0.4930189847946167,0.7160096168518066,-0.0972606763243675,0.9868502616882324,0.999996304512024,0.474660724401474,0.7111443281173706,0.0755538493394851,0.7733855843544006,0.9999983310699464,0.5025929808616638,0.8490772247314453,-0.0165587421506643,0.9938141107559204,0.9999850988388062,0.4847040474414825,0.830748975276947,0.1661547273397445,0.9364243149757384,0.9999951124191284,0.5106059312820435,0.8668563365936279,-0.0141129335388541,0.954683005809784,0.9999384880065918,0.4920860528945923,0.8468080759048462,0.1714545339345932,0.8946179151535034,0.9999905824661256,0.478848785161972,0.8897601962089539,-0.1072323098778724,0.99497389793396,0.999914288520813,0.4622128307819366,0.8699524998664856,0.102004699409008,0.9685648679733276,0.9999628067016602,False,False,False,False,False,False,False,False,False,False,False,False,False,False,False,False,False,False
520,10.4,0.4567068219184875,0.3622792661190033,-0.2719515264034271,0.9999936819076538,1.0,0.4773987829685211,0.3583829402923584,-0.2551215887069702,0.9999953508377076,0.9999998807907104,0.5013245940208435,0.4243911206722259,-0.2615142464637756,0.9999977350234984,0.9999998807907104,0.4634116291999817,0.427194207906723,-0.0343648977577686,0.9999825954437256,0.9999995231628418,0.5117877125740051,0.5282921195030212,-0.2803773283958435,0.998496115207672,0.9999946355819702,,,,0.5753251910209656,0.9999960660934448,0.4926671087741852,0.6130838394165039,-0.3059612214565277,0.9977736473083496,0.9999990463256836,0.4574020504951477,0.5942875146865845,-0.0563339926302433,0.9510217905044556,0.9999997615814208,0.5166209936141968,0.5815357565879822,-0.0751031637191772,0.9999854564666748,0.9999985694885254,0.489639014005661,0.5832862257957458,0.0750588849186897,0.9999773502349854,0.9999990463256836,0.4905925691127777,0.7141203284263611,-0.1152312755584716,0.9857247471809388,0.9999932050704956,0.4744851291179657,0.7100017666816711,0.056921437382698,0.7625214457511902,0.9999961853027344,0.5022608041763306,0.8490478992462158,-0.048100259155035,0.9927749633789062,0.9999701976776124,0.4845411479473114,0.8314306735992432,0.1306059062480926,0.9278239607810974,0.999987244606018,0.5105320811271667,0.8665441274642944,-0.0465853475034236,0.9519520401954652,0.9998699426651,0.4920314252376556,0.8478773832321167,0.1344592869281768,0.8869503140449524,0.9999754428863524,0.4773532748222351,0.8897572755813599,-0.135380670428276,0.9945220351219176,0.9998340606689452,0.4609714150428772,0.870109498500824,0.0681333318352699,0.965539813041687,0.9999194145202636,False,False,False,False,False,False,False,False,False,False,False,False,False,False,False,False,False,False
521,10.42,0.4553456902503967,0.3689373433589935,-0.2922020256519317,0.9999942779541016,1.0,0.4763479828834533,0.3640548288822174,-0.2763284742832184,0.999995768070221,0.9999998807907104,0.5000632405281067,0.4291360974311828,-0.2790440022945404,0.9999979138374328,0.9999998807907104,0.4630432426929474,0.4306837320327759,-0.0509211979806423,0.9999839663505554,0.9999995231628418,0.5116361975669861,0.533489465713501,-0.2951072752475738,0.9985750913619996,0.9999947547912598,,,,0.5964629054069519,0.999996542930603,0.4926995933055877,0.618135392665863,-0.3189877867698669,0.99793142080307,0.9999991655349731,0.4570607244968414,0.6006492376327515,-0.0516177527606487,0.953945517539978,0.9999997615814208,0.5175988078117371,0.5813087821006775,-0.0752731636166572,0.9999837279319764,0.9999980926513672,0.4912737905979156,0.5831364393234253,0.0752277448773384,0.999975860118866,0.999998927116394,0.4894819855690002,0.7137408256530762,-0.1156861037015914,0.9820257425308228,0.9999899864196776,0.4741851687431335,0.7097560167312622,0.038192693144083,0.740852952003479,0.9999955892562866,0.502259373664856,0.84940505027771,-0.0545806810259819,0.9904587268829346,0.9999572038650512,0.4844763576984405,0.8320969939231873,0.1043367907404899,0.9136567115783693,0.9999855756759644,0.5105462670326233,0.8666040897369385,-0.0539453215897083,0.944857120513916,0.9998200535774232,0.4920127987861633,0.8487623929977417,0.1073563620448112,0.8737030625343323,0.9999722242355348,0.4772191345691681,0.889751136302948,-0.1459569036960601,0.9934401512145996,0.9998281002044678,0.4609985649585724,0.8706302046775818,0.0379438027739524,0.9605519771575928,0.9999231100082396,False,False,False,False,False,False,False,False,False,False,False,False,False,False,False,False,False,False
522,10.44,0.4538936614990234,0.3759509027004242,-0.2778952419757843,0.9999948143959044,1.0,0.4748184978961944,0.3692343235015869,-0.266135424375534,0.9999961853027344,0.9999998807907104,0.499352753162384,0.4326511919498443,-0.2721473574638366,0.9999980926513672,0.9999998807907104,0.4623678624629974,0.4348134696483612,-0.0456536561250686,0.9999850988388062,0.9999995231628418,0.5115550756454468,0.5389247536659241,-0.2875523567199707,0.9986749291419984,0.9999957084655762,0.4652587175369262,0.5245785713195801,0.0138902487233281,0.618999719619751,0.9999959468841552,0.4927157759666443,0.6233761310577393,-0.3081149458885193,0.9981088638305664,0.9999994039535522,0.4568873643875122,0.6041455268859863,-0.046837743371725,0.9570226669311525,0.9999997615814208,0.5194565057754517,0.5816287994384766,-0.0749788358807563,0.9999809861183168,0.99999737739563,0.4928120970726013,0.5838088393211365,0.0749343410134315,0.9999725222587584,0.9999983310699464,0.4883977472782135,0.712745189666748,-0.1179976984858512,0.9810040593147278,0.9999911785125732,0.4728301763534546,0.708797037601471,0.030689038336277,0.7340688705444336,0.999995231628418,0.5022627115249634,0.8495600819587708,-0.0584731251001358,0.9895465970039368,0.9999492168426514,0.4844271540641784,0.8321251273155212,0.0991603210568428,0.9047362804412842,0.9999825954437256,0.5107227563858032,0.8671880960464478,-0.0577930621802806,0.9422594308853148,0.9997771382331848,0.4918946325778961,0.8491386771202087,0.1026108637452125,0.865412175655365,0.9999668598175048,0.4770775139331817,0.8889334201812744,-0.1468126326799392,0.9930427074432372,0.9998039603233336,0.4608151018619537,0.87063068151474,0.0372385047376155,0.9574648141860962,0.999919056892395,False,False,False,False,False,False,False,False,False,False,False,False,False,False,False,False,False,False
523,10.46,0.4527004361152649,0.3833025693893432,-0.2803292274475097,0.9999952912330629,1.0,0.4736506044864654,0.375535249710083,-0.2679031491279602,0.999996542930603,0.9999998807907104,0.499204009771347,0.437393456697464,-0.2729911804199219,0.9999982118606568,0.9999998807907104,0.4619697332382202,0.4415914416313171,-0.0480545610189437,0.9999860525131226,0.9999994039535522,0.5113260746002197,0.5427947044372559,-0.2894817292690277,0.9987583160400392,0.9999946355819702,0.4645847380161285,0.5306428074836731,0.0094524947926402,0.640034019947052,0.9999958276748656,0.4928214848041534,0.6277511715888977,-0.3101420402526855,0.9982635974884032,0.9999992847442628,0.4558824896812439,0.6104491353034973,-0.0519005432724952,0.9599786996841432,0.9999997615814208,0.5215607285499573,0.5827102065086365,-0.0747530236840248,0.9999777674674988,0.9999970197677612,0.4944504201412201,0.5854187607765198,0.0747079998254776,0.999968647956848,0.9999983310699464,0.4879516363143921,0.7127999067306519,-0.1185218393802642,0.9799336791038512,0.9999910593032836,0.4720128178596496,0.7087549567222595,0.0243452601134777,0.7314997315406799,0.9999958276748656,0.5022185444831848,0.8495542407035828,-0.0626508221030235,0.9889578819274902,0.9999455213546752,0.4843453764915466,0.8313232064247131,0.0943912789225578,0.8994305729866028,0.9999840259552002,0.5107141733169556,0.8685079216957092,-0.0625024065375328,0.9404894709587096,0.9997583031654358,0.4916512668132782,0.8491354584693909,0.0979887172579765,0.8603389263153076,0.9999693632125854,0.4768745601177215,0.8889067769050598,-0.1527446955442428,0.9927341341972352,0.999790608882904,0.4593822658061981,0.8705165386199951,0.0325410813093185,0.9552849531173706,0.9999244213104248,False,False,False,False,False,False,False,False,False,False,False,False,False,False,False,False,False,False
524,10.48,0.4518958032131195,0.38998743891716,-0.2705820798873901,0.999995768070221,1.0,0.4726559519767761,0.3820266127586365,-0.2576747238636017,0.9999968409538268,0.9999998807907104,0.4989461302757263,0.4435136616230011,-0.2663415074348449,0.9999983310699464,0.9999998807907104,0.4615954160690307,0.4493707120418548,-0.0422177836298942,0.99998676776886,0.9999994039535522,0.5109134316444397,0.5484758615493774,-0.2872334718704223,0.9988557696342468,0.9999939203262328,0.4642077684402466,0.5378946661949158,0.0092301815748214,0.6606960892677307,0.9999951124191284,0.4929206073284149,0.6341460943222046,-0.3101380169391632,0.9984188079833984,0.9999992847442628,0.4549882709980011,0.616543710231781,-0.0545937903225421,0.9629039168357848,0.9999997615814208,0.5240402817726135,0.5871313214302063,-0.0746264606714248,0.999975323677063,0.9999974966049194,0.4971303939819336,0.5896293520927429,0.0745868533849716,0.9999651908874512,0.9999985694885254,0.487909197807312,0.7129176259040833,-0.1214637011289596,0.9808611869812012,0.9999936819076538,0.4718053936958313,0.7087739109992981,0.0268545374274253,0.7392920851707458,0.9999969005584716,0.5025370717048645,0.8488945364952087,-0.0586665160953998,0.9893336296081544,0.9999607801437378,0.4843373298645019,0.8310992121696472,0.1056369617581367,0.9003964066505432,0.9999874830245972,0.5111229419708252,0.8686734437942505,-0.0573813505470752,0.9430513381958008,0.9998273253440856,0.4916192591190338,0.8486126661300659,0.1103129610419273,0.8624942302703857,0.9999772310256958,0.4769390821456909,0.8895204663276672,-0.1434036344289779,0.9929869771003724,0.999837040901184,0.4592120051383972,0.8705153465270996,0.0489399209618568,0.9556488990783693,0.9999397993087769,False,False,False,False,False,False,False,False,False,False,False,False,False,False,False,False,False,False
525,10.5,0.4505740404129028,0.3954330682754516,-0.2782810032367706,0.9999961853027344,1.0,0.4714250564575195,0.3890713453292846,-0.2630594968795776,0.9999971389770508,0.9999998807907104,0.4985734820365906,0.4502404928207397,-0.2715124189853668,0.9999984502792358,0.9999998807907104,0.4607529044151306,0.4577581882476806,-0.0513321794569492,0.9999876022338868,0.9999996423721312,0.5100064873695374,0.5565465688705444,-0.2936162054538727,0.9989477396011353,0.9999947547912598,0.4638259708881378,0.5456794500350952,-0.0076000415720045,0.6837067008018494,0.999996304512024,0.4929634928703308,0.6409009695053101,-0.3151157200336456,0.9985617399215698,0.9999992847442628,0.4545597732067108,0.6232912540435791,-0.0758372247219085,0.965803861618042,0.9999997615814208,0.5262264609336853,0.592494785785675,-0.0738484114408493,0.9999738931655884,0.999997615814209,0.4993956387042999,0.5958861112594604,0.0738066509366035,0.9999637603759766,0.9999988079071044,0.4877361953258514,0.7141532897949219,-0.1159194633364677,0.9818217754364014,0.9999938011169434,0.471792995929718,0.7107254862785339,0.0295963194221258,0.7471937537193298,0.9999969005584716,0.5023623108863831,0.849932849407196,-0.0460566841065883,0.98976331949234,0.9999542236328124,0.4843485057353973,0.8315356969833374,0.1171235591173172,0.8998019099235535,0.999985933303833,0.5111150741577148,0.8698201775550842,-0.0438545234501361,0.945886254310608,0.999792754650116,0.4918217062950134,0.8486390709877014,0.1228832677006721,0.8632717132568359,0.999975323677063,0.476830780506134,0.8906388282775879,-0.1287382841110229,0.9932439923286438,0.9997928738594056,0.4592698514461517,0.8705067038536072,0.0644726380705833,0.9549697041511536,0.9999303817749025,False,False,False,False,False,False,False,False,False,False,False,False,False,False,False,False,False,False
526,10.52,0.4495763778686523,0.4020450115203857,-0.2832808196544647,0.999996542930603,1.0,0.4703888893127441,0.3960535824298858,-0.2715372741222381,0.99999737739563,0.9999998807907104,0.4982440173625946,0.4565771520137787,-0.2806363701820373,0.9999985694885254,0.9999998807907104,0.4598731398582458,0.4647024273872375,-0.0593098625540733,0.999988317489624,0.9999995231628418,0.5092650055885315,0.5664033889770508,-0.3016702830791473,0.9990309476852416,0.9999948740005492,0.4634360373020172,0.5516611337661743,-0.0137431276962161,0.7039572596549988,0.9999958276748656,0.4928868412971496,0.6492452025413513,-0.3212296664714813,0.998693585395813,0.9999992847442628,0.453739732503891,0.6310800909996033,-0.0800770968198776,0.9683440923690796,0.9999997615814208,0.5279698967933655,0.5969954133033752,-0.0732670873403549,0.999972403049469,0.9999974966049194,0.5014565587043762,0.599734365940094,0.0732264220714569,0.9999621510505676,0.9999986886978148,0.4869042336940765,0.7146921753883362,-0.1110489666461944,0.9826719760894777,0.9999933242797852,0.4717121124267578,0.7110326886177063,0.0425881780683994,0.7518593668937683,0.9999960660934448,0.5016221404075623,0.849704384803772,-0.0404821671545505,0.9899944067001344,0.999945878982544,0.4843398928642273,0.8316794037818909,0.1298702955245971,0.8967434763908386,0.9999804496765136,0.5109671354293823,0.8697648644447327,-0.0323246866464614,0.9479905962944032,0.9997695088386536,0.4918707907199859,0.8483651280403137,0.1316358298063278,0.8607043027877808,0.999969244003296,0.4766749143600464,0.8905129432678223,-0.1024731397628784,0.9933494329452516,0.9997759461402892,0.4593197107315063,0.8699951171875,0.0834774300456047,0.9526789784431458,0.999916672706604,False,False,False,False,False,False,False,False,False,False,False,False,False,False,False,False,False,False
527,10.54,0.4485675096511841,0.4090778231620788,-0.274264931678772,0.9999968409538268,0.9999998807907104,0.4693682789802551,0.4039055705070495,-0.2669104635715484,0.999997615814209,0.9999997615814208,0.4974696338176727,0.4637257754802704,-0.2797288298606872,0.9999986290931702,0.9999997615814208,0.4588126540184021,0.4719408452510834,-0.0568699724972248,0.999988853931427,0.9999994039535522,0.5087180137634277,0.5751326680183411,-0.3000231385231018,0.9991039037704468,0.9999932050704956,0.4632831811904907,0.5592523813247681,-0.0112813292071223,0.7231029272079468,0.9999954700469972,0.4921520352363586,0.6605294942855835,-0.3155239522457123,0.9988101720809937,0.9999990463256836,0.4533039331436157,0.6366122961044312,-0.0746423006057739,0.9706539511680604,0.9999996423721312,0.52982497215271,0.6014213562011719,-0.0726251527667045,0.9999706745147704,0.9999964237213136,0.502109169960022,0.6040428876876831,0.0725896283984184,0.9999605417251588,0.9999982118606568,0.4870231747627258,0.7177144885063171,-0.1156614795327186,0.983782947063446,0.9999914169311525,0.4715476930141449,0.7114837765693665,0.0375841297209262,0.7618916630744934,0.9999953508377076,0.5016139149665833,0.8499290943145752,-0.0379248410463333,0.9904703497886658,0.9999241828918456,0.4843921065330505,0.8319382071495056,0.1298437416553497,0.8972907662391663,0.9999738931655884,0.5109612345695496,0.8698901534080505,-0.0327214412391185,0.9506896138191224,0.9996775388717652,0.4919123947620392,0.8484418392181396,0.1353409439325332,0.8607670664787292,0.9999589920043944,0.4766721427440643,0.890623152256012,-0.1050284728407859,0.9935896396636964,0.9996951818466188,0.4593530595302582,0.8698698878288269,0.0819893926382064,0.9519594311714172,0.9998899698257446,False,False,False,False,False,False,False,False,False,False,False,False,False,False,False,False,False,False
528,10.56,0.4475497007369995,0.4181245863437652,-0.2876683175563812,0.9999971389770508,0.9999998807907104,0.4682860374450683,0.4120647311210632,-0.2821660935878753,0.9999977946281432,0.9999997615814208,0.4968806207180023,0.4710834324359894,-0.2937453091144562,0.9999986290931702,0.9999996423721312,0.458652526140213,0.477739006280899,-0.0698940679430961,0.9999892115592957,0.9999994039535522,0.5078901052474976,0.5840107798576355,-0.3136073648929596,0.99916273355484,0.9999887943267822,0.4632187187671661,0.5664665699005127,-0.0233672149479389,0.7392709851264954,0.9999940395355223,0.4921038448810577,0.670388400554657,-0.325700581073761,0.998909056186676,0.999997854232788,0.4530804753303528,0.6451011896133423,-0.0835620313882827,0.9724865555763244,0.9999994039535522,0.5308999419212341,0.6063249707221985,-0.0724277347326278,0.999969244003296,0.999996542930603,0.5024816393852234,0.6065341234207153,0.0723949000239372,0.9999594688415528,0.9999984502792358,0.4872250258922577,0.7191116809844971,-0.1249051019549369,0.9849684834480286,0.9999912977218628,0.4702363908290863,0.7114860415458679,0.0400222316384315,0.7746631503105164,0.9999955892562866,0.501619279384613,0.8495318293571472,-0.0339238420128822,0.9909538626670836,0.9999253749847412,0.4840451180934906,0.8300670981407166,0.1343576461076736,0.899774968624115,0.9999771118164062,0.5109772086143494,0.8690505027770996,-0.0298711992800235,0.9532198905944824,0.999697208404541,0.4917024374008178,0.8474987745285034,0.1459676176309585,0.8626685738563538,0.9999663829803468,0.4766216874122619,0.8907076716423035,-0.1011389791965484,0.9938152432441713,0.999670147895813,0.4593411386013031,0.8696081042289734,0.1008054837584495,0.9518457055091858,0.9998916387557985,False,False,False,False,False,False,False,False,False,False,False,False,False,False,False,False,False,False
529,10.58,0.4474441707134247,0.4275667369365692,-0.2904397249221802,0.99999737739563,1.0,0.4681694805622101,0.4202852845191955,-0.2812109291553497,0.9999979734420776,0.9999998807907104,0.4965676665306091,0.4776635766029358,-0.2917724549770355,0.9999986886978148,0.9999997615814208,0.4583098292350769,0.4858681559562683,-0.0716890916228294,0.9999895691871644,0.9999994039535522,0.5075152516365051,0.5885114669799805,-0.3117528855800628,0.9992334246635436,0.9999934434890748,0.4631813764572143,0.5732030272483826,-0.0244103390723466,0.7551690340042114,0.9999936819076538,0.491642951965332,0.6747779846191406,-0.3274442255496979,0.9990115165710448,0.9999990463256836,0.4527963399887085,0.6540631651878357,-0.0827041938900947,0.9742075800895692,0.9999994039535522,0.5319486856460571,0.6111634373664856,-0.071796678006649,0.999967396259308,0.9999958276748656,0.5029484629631042,0.6104378700256348,0.0717656090855598,0.9999568462371826,0.9999977350234984,0.4873181879520416,0.7209860682487488,-0.1231761276721954,0.9861246347427368,0.9999927282333374,0.4692032933235168,0.7114884853363037,0.0396560467779636,0.7863512635231018,0.9999953508377076,0.5017107725143433,0.8495256304740906,-0.0317030884325504,0.9914388060569764,0.9999293088912964,0.4838758707046509,0.8294876217842102,0.1392313987016677,0.9025530219078064,0.9999747276306152,0.510989785194397,0.8689526319503784,-0.028493283316493,0.9558666348457336,0.9997130036354064,0.4917282462120056,0.8474993109703064,0.148533821105957,0.8653658032417297,0.9999628067016602,0.4766218066215515,0.8911800980567932,-0.0962754637002945,0.9940769076347352,0.9997001886367798,0.4592089653015136,0.8695530891418457,0.1017329543828964,0.9522562623023988,0.9998873472213744,False,False,False,False,False,False,False,False,False,False,False,False,False,False,False,False,False,False
530,10.6,0.4470351338386535,0.4361549913883209,-0.2932780086994171,0.999997615814209,0.9999998807907104,0.4675796926021576,0.4275951981544494,-0.2848392128944397,0.999998152256012,0.9999998807907104,0.4964145123958587,0.4852685928344726,-0.2946732938289642,0.9999987483024596,0.9999997615814208,0.4578606486320495,0.4931989908218384,-0.0783449858427047,0.999989926815033,0.9999995231628418,0.5073745250701904,0.5967878103256226,-0.3127540051937103,0.9993004202842712,0.9999938011169434,0.4630743861198425,0.5807366967201233,-0.0334593057632446,0.7720630168914795,0.9999939203262328,0.4914898574352264,0.6864097118377686,-0.3276352286338806,0.999105989933014,0.9999991655349731,0.4522404968738556,0.6639530658721924,-0.0922934710979461,0.9760468006134032,0.9999994039535522,0.5333957076072693,0.6160683631896973,-0.0707482993602752,0.9999656081199646,0.9999948740005492,0.5047228336334229,0.6148921847343445,0.0707169622182846,0.9999545812606812,0.99999737739563,0.4871665835380554,0.7238343954086304,-0.116860955953598,0.9872335195541382,0.999991774559021,0.4691014289855957,0.7130222320556641,0.044778686016798,0.7965871691703796,0.9999947547912598,0.5017130374908447,0.849552571773529,-0.0171460583806037,0.9918956756591796,0.9999239444732666,0.4835979342460632,0.830575168132782,0.148907795548439,0.9046242237091064,0.9999642372131348,0.511002779006958,0.8699235320091248,-0.0103599019348621,0.958522081375122,0.9996896982192992,0.4917119443416595,0.8494272828102112,0.1585969179868698,0.8674576878547668,0.9999487400054932,0.4766414761543274,0.8913931846618652,-0.074491299688816,0.9943249821662904,0.99966299533844,0.4586866497993469,0.8695550560951233,0.1140354350209236,0.9523401856422424,0.9998408555984496,False,False,False,False,False,False,False,False,False,False,False,False,False,False,False,False,False,False
531,10.62,0.4468216300010681,0.4441575109958648,-0.2985476553440094,0.9999977350234984,0.9999997615814208,0.4666435122489929,0.4347296953201294,-0.2924003303050995,0.9999982118606568,0.9999994039535522,0.4962127804756164,0.4924543499946594,-0.302481472492218,0.9999986886978148,0.9999994039535522,0.457504391670227,0.4974933266639709,-0.0810773521661758,0.9999898076057434,0.999998927116394,0.5069119334220886,0.6019198894500732,-0.3181467652320862,0.999344766139984,0.9999871253967284,0.4630296528339386,0.5871976017951965,-0.0297682676464319,0.7820278406143188,0.9999898672103882,0.4911621510982513,0.6917195916175842,-0.3293343484401703,0.999182939529419,0.999997854232788,0.4521295428276062,0.6685572862625122,-0.0856021270155906,0.976965606212616,0.9999988079071044,0.534994900226593,0.6193090081214905,-0.0707181692123413,0.9999604225158693,0.9999892711639404,0.5058313608169556,0.6172523498535156,0.070686362683773,0.999948501586914,0.9999947547912598,0.4865621626377105,0.723649799823761,-0.1252464652061462,0.9880075454711914,0.9999837875366212,0.4688586890697479,0.7142153978347778,0.0509763956069946,0.7995011210441589,0.9999891519546508,0.5018224120140076,0.8491840958595276,-0.0174016822129488,0.9918897747993468,0.9998565912246704,0.4836038947105407,0.8308796286582947,0.167905256152153,0.9017610549926758,0.9999333620071412,0.5109108090400696,0.8696835041046143,-0.0102071436122059,0.959116756916046,0.9994725584983826,0.4918710887432098,0.8495028018951416,0.1775016635656356,0.8616597056388855,0.999913215637207,0.4766373038291931,0.8916988968849182,-0.0784032121300697,0.9941720962524414,0.9994997978210448,0.4587295651435852,0.8695530295372009,0.1291983276605606,0.9485161304473876,0.9997796416282654,False,False,False,False,False,False,False,False,False,False,False,False,False,False,False,False,False,False
532,10.64,0.4465084373950958,0.4503462314605713,-0.2908335328102112,0.9999976754188538,0.9999992847442628,0.4659943580627441,0.4415826499462127,-0.2820786535739898,0.9999980926513672,0.9999984502792358,0.496192455291748,0.4996857345104217,-0.2926103472709656,0.9999985098838806,0.9999988079071044,0.457126647233963,0.5045642852783203,-0.0779688879847526,0.9999895691871644,0.9999984502792358,0.5065827965736389,0.6077539324760437,-0.3099791705608368,0.9993532299995422,0.999981164932251,0.4628855586051941,0.5938878655433655,-0.028073476627469,0.790429413318634,0.9999891519546508,0.4908640086650848,0.6966388821601868,-0.3243229985237121,0.9992396235466005,0.9999969005584716,0.4518552124500274,0.6739779710769653,-0.0830459743738174,0.9779194593429564,0.9999986886978148,0.5353590846061707,0.6226295232772827,-0.0688621178269386,0.9999489188194276,0.999980330467224,0.5072058439254761,0.6221457123756409,0.0688230842351913,0.9999375343322754,0.9999912977218628,0.4866032898426056,0.7240244746208191,-0.1301248669624328,0.9871940612792968,0.9999641180038452,0.4690233170986175,0.7169603109359741,0.0383473597466945,0.7862124443054199,0.9999804496765136,0.501613974571228,0.8493841886520386,-0.0183359365910291,0.9889013767242432,0.9996860027313232,0.4833999872207641,0.8364035487174988,0.14431694149971,0.8818239569664001,0.999839186668396,0.5099518895149231,0.8696699738502502,-0.0116341393440961,0.9526726603507996,0.998956561088562,0.4918672740459442,0.8568360209465027,0.1531708389520645,0.838599443435669,0.999795138835907,0.4762396812438965,0.8904598951339722,-0.0803933814167976,0.991698443889618,0.9991857409477234,0.4587474763393402,0.8702191114425659,0.1067522689700126,0.9326407313346864,0.9995689988136292,False,False,False,False,False,False,False,False,False,False,False,False,False,False,False,False,False,False
533,10.66,0.4462233781814575,0.4573323726654053,-0.2724469304084778,0.999997615814209,0.9999991655349731,0.4655317366123199,0.4484832882881164,-0.2719272077083587,0.9999979734420776,0.9999980926513672,0.4959832429885864,0.5042852163314819,-0.2913756072521209,0.9999983906745912,0.9999988079071044,0.456908255815506,0.5108477473258972,-0.0696872398257255,0.9999894499778748,0.9999986886978148,0.5063799619674683,0.6116818189620972,-0.3014615774154663,0.9993663430213928,0.9999834299087524,0.4627117216587066,0.5996564626693726,-0.0224120933562517,0.7995580434799194,0.9999910593032836,0.4906794130802154,0.7007714509963989,-0.3039135634899139,0.9992918968200684,0.9999974966049194,0.4517260491847992,0.6801632642745972,-0.0785036608576774,0.978816568851471,0.9999988079071044,0.5360826253890991,0.6250540614128113,-0.0664983466267585,0.9999406933784484,0.9999822378158568,0.5087298154830933,0.6253889203071594,0.0664633587002754,0.9999301433563232,0.999992609024048,0.4866277873516083,0.7238437533378601,-0.1315643042325973,0.9871907830238342,0.999969244003296,0.4690181314945221,0.7174831032752991,0.0264613218605518,0.7787038087844849,0.9999839067459106,0.5014903545379639,0.8489500880241394,-0.0247272532433271,0.9875213503837584,0.999746024608612,0.4830694496631622,0.8372349143028259,0.1238807812333107,0.8683691620826721,0.9998661279678344,0.5098094940185547,0.8691273927688599,-0.0165443159639835,0.9496837258338928,0.9991911053657532,0.491627037525177,0.8569441437721252,0.1317074447870254,0.8209773898124695,0.9998348951339722,0.4761692881584167,0.8893613219261169,-0.0844008475542068,0.9904435276985168,0.9993221759796144,0.4589594006538391,0.8708664774894714,0.0831353142857551,0.9220102429389954,0.9996241331100464,False,False,False,False,False,False,False,False,False,False,False,False,False,False,False,False,False,False
534,10.68,0.4461354911327362,0.4648885130882263,-0.2670774161815643,0.999997615814209,0.9999994039535522,0.4652553796768188,0.4554166793823242,-0.2715745568275451,0.9999979138374328,0.9999983310699464,0.4958744645118713,0.510158896446228,-0.2854321300983429,0.9999982714653016,0.999998927116394,0.4566727578639984,0.5149145722389221,-0.0674316510558128,0.99998939037323,0.9999990463256836,0.5061183571815491,0.6155466437339783,-0.2988805174827575,0.9993898272514344,0.9999853372573853,0.4626238942146301,0.6039564609527588,-0.0215759631246328,0.8091669082641602,0.9999929666519164,0.4906087517738342,0.7035939693450928,-0.3031791448593139,0.9993423223495485,0.99999737739563,0.4516090452671051,0.6841378808021545,-0.0789114162325859,0.979817509651184,0.999998927116394,0.5363455414772034,0.6284675002098083,-0.0666440576314926,0.9999346137046814,0.9999827146530152,0.5096179842948914,0.6276887059211731,0.0666085332632064,0.999925136566162,0.9999935626983644,0.4863040149211883,0.7252923846244812,-0.1252540796995163,0.9874938726425172,0.9999765157699584,0.468904972076416,0.7173084020614624,0.0325659066438674,0.7761906981468201,0.9999878406524658,0.501447856426239,0.8514388799667358,-0.0234348252415657,0.9872594475746156,0.9997242093086244,0.4830683171749115,0.8369489908218384,0.1316291689872741,0.8574989438056946,0.9998993873596193,0.5096617341041565,0.8698574304580688,-0.0151488529518246,0.949427604675293,0.9990911483764648,0.4916327595710754,0.8564416766166687,0.1394394487142563,0.809306263923645,0.999874711036682,0.4759985506534576,0.8892794847488403,-0.0755165740847587,0.9899082779884338,0.9991783499717712,0.4590798020362854,0.870901346206665,0.0867534875869751,0.9121919870376588,0.999686598777771,False,False,False,False,False,False,False,False,False,False,False,False,False,False,False,False,False,False
535,10.7,0.4460817873477936,0.4696745276451111,-0.2546319961547851,0.9999974370002748,0.9999986886978148,0.4651688933372497,0.4610000550746918,-0.2552647888660431,0.9999976754188538,0.9999970197677612,0.4957379400730133,0.5145050883293152,-0.2746605575084686,0.9999980926513672,0.9999985694885254,0.4565345048904419,0.5201546549797058,-0.0652257576584816,0.999988853931427,0.9999983310699464,0.5059064030647278,0.6205914616584778,-0.2880224287509918,0.9994020462036132,0.9999769926071168,0.4625993371009826,0.6079300045967102,-0.0175492037087678,0.8165052533149719,0.9999876022338868,0.4906614422798157,0.707857072353363,-0.2916257977485657,0.9993831515312196,0.9999961853027344,0.45139279961586,0.6875274181365967,-0.0741622969508171,0.9806612730026244,0.9999984502792358,0.5365697741508484,0.6319260597229004,-0.0662470981478691,0.9999274015426636,0.9999756813049316,0.5104246735572815,0.6313460469245911,0.066207431256771,0.999917447566986,0.9999892711639404,0.4861817955970764,0.7255151867866516,-0.1320430934429168,0.9882121682167052,0.999976634979248,0.4685639441013336,0.7151228785514832,0.0330762006342411,0.7765707969665527,0.9999864101409912,0.5005782246589661,0.8513450026512146,-0.0356439314782619,0.9874823689460754,0.9997358918190002,0.4824663400650024,0.8364224433898926,0.1276996880769729,0.8533200621604919,0.9998648166656494,0.5092962384223938,0.8705234527587891,-0.0280694589018821,0.950806438922882,0.9990923404693604,0.4904672801494598,0.8535670042037964,0.1353044658899307,0.8038026094436646,0.9998315572738647,0.4753396809101105,0.8888959288597107,-0.0761096328496933,0.9898679256439208,0.9991055130958556,0.4589411616325378,0.8709117770195007,0.0889359638094902,0.907622456550598,0.9995785355567932,False,False,False,False,False,False,False,False,False,False,False,False,False,False,False,False,False,False
536,10.72,0.4460587501525879,0.4760290086269378,-0.2584316432476043,0.999996542930603,0.999996542930603,0.4650864899158478,0.4668137431144714,-0.2556768953800201,0.999996542930603,0.999991774559021,0.4958157539367676,0.5201603174209595,-0.2745952010154724,0.999997615814209,0.99999737739563,0.4563522338867187,0.5261863470077515,-0.0708755552768707,0.9999878406524658,0.999997854232788,0.5057514905929565,0.6247367858886719,-0.2881706655025482,0.9993725419044496,0.9999700784683228,0.462617963552475,0.6136753559112549,-0.0248777475208044,0.8164639472961426,0.9999868869781494,0.490692526102066,0.7133804559707642,-0.2953144013881683,0.9993878602981568,0.9999935626983644,0.4514509737491607,0.6929126977920532,-0.0760940015316009,0.9802842736244202,0.999997854232788,0.5370190143585205,0.6339752674102783,-0.0647089481353759,0.9999195337295532,0.999975562095642,0.5107951760292053,0.6342872977256775,0.0646705403923988,0.9999110698699952,0.999990701675415,0.4856035113334656,0.7267306447029114,-0.1285427659749984,0.9878782033920288,0.9999639987945556,0.4680963456630707,0.7146217823028564,0.0128782363608479,0.7694523334503174,0.9999841451644896,0.5001163482666016,0.8510690927505493,-0.0342507809400558,0.9861519932746888,0.9995824694633484,0.4824827015399933,0.8365501165390015,0.0975600779056549,0.8405528664588928,0.9998379945755004,0.509046196937561,0.8706044554710388,-0.0273099970072507,0.947737991809845,0.9986686706542968,0.4904868006706238,0.8534005284309387,0.1043268218636512,0.7891750931739807,0.9997950196266174,0.4753522872924804,0.8883938193321228,-0.0810121223330497,0.9882689714431764,0.9987142086029052,0.458966851234436,0.8712119460105896,0.0595032200217247,0.8960822224617004,0.9994300007820128,False,False,False,False,False,False,False,False,False,False,False,False,False,False,False,False,False,False
537,10.74,0.4462416470050812,0.4807963669300079,-0.2589445114135742,0.9999951720237732,0.9999955892562866,0.4653940796852112,0.4731270372867584,-0.2578374743461609,0.9999948740005492,0.9999892711639404,0.4958630204200744,0.5254181623458862,-0.2748107016086578,0.9999969005584716,0.999996304512024,0.4563912451267242,0.5321097373962402,-0.0748031213879585,0.9999864101409912,0.9999972581863404,0.5055277943611145,0.6311158537864685,-0.2888092994689941,0.999313235282898,0.999962329864502,0.4626337587833404,0.6189644932746887,-0.029360719025135,0.8140828013420105,0.9999827146530152,0.4907323122024536,0.7197768688201904,-0.2969890236854553,0.9993723034858704,0.999990463256836,0.4514975249767303,0.6971438527107239,-0.0784447565674781,0.9795809388160706,0.9999972581863404,0.5376163125038147,0.6374627351760864,-0.063492901623249,0.9999103546142578,0.9999732971191406,0.5114886164665222,0.637916624546051,0.0634496286511421,0.9999035596847534,0.9999899864196776,0.4844099879264831,0.7264642715454102,-0.1366629004478454,0.9875273704528807,0.9999607801437378,0.4676767885684967,0.7144835591316223,0.0026154129300266,0.7633537650108337,0.9999841451644896,0.4995931088924408,0.8508179783821106,-0.0440484955906868,0.9848386645317078,0.9996168613433838,0.4824169278144836,0.8375660181045532,0.0836069360375404,0.8307983875274658,0.9998382329940796,0.5086978077888489,0.8705697655677795,-0.0373610220849514,0.944844126701355,0.9987707734107972,0.4905148148536682,0.8533360362052917,0.0900017395615577,0.777046263217926,0.9997900128364564,0.4753660261631012,0.8877816200256348,-0.0926432460546493,0.9867273569107056,0.9987609386444092,0.4590402543544769,0.8717254996299744,0.0424310490489006,0.8866448998451233,0.999403476715088,False,False,False,False,False,False,False,False,False,False,False,False,False,False,False,False,False,False
538,10.76,0.4464478194713592,0.4855144917964935,-0.2674873471260071,0.9999942183494568,0.9999960660934448,0.4656751751899719,0.4781005382537842,-0.2642684876918793,0.99999338388443,0.9999891519546508,0.4958725571632385,0.530190110206604,-0.2771371901035309,0.9999961853027344,0.9999959468841552,0.4564880728721618,0.5360292792320251,-0.0812624767422676,0.9999852180480956,0.9999972581863404,0.5055744647979736,0.6340926289558411,-0.2945972979068756,0.999239981174469,0.9999537467956544,0.4626710116863251,0.6230828166007996,-0.0352226831018924,0.8069754242897034,0.9999796152114868,0.4909404218196869,0.7233156561851501,-0.3060989677906036,0.99933660030365,0.9999862909317015,0.4514892995357513,0.7012794017791748,-0.080640397965908,0.9782180786132812,0.999996304512024,0.5379679799079895,0.6392207145690918,-0.062138233333826,0.999905526638031,0.999980330467224,0.5119157433509827,0.638684093952179,0.0620927140116691,0.9999008774757384,0.999992847442627,0.4843007028102875,0.7271852493286133,-0.1382462680339813,0.9869940280914308,0.9999661445617676,0.4673233032226562,0.714216411113739,-0.0160317216068506,0.7607520818710327,0.9999886751174928,0.4992953240871429,0.8507954478263855,-0.0493927150964736,0.983759880065918,0.999706208705902,0.4822589755058288,0.8382581472396851,0.0571118630468845,0.8262209296226501,0.9998904466629028,0.5081608295440674,0.870424211025238,-0.0431493930518627,0.9427430629730223,0.9990668892860411,0.4904826581478119,0.8534695506095886,0.0627637356519699,0.7697870135307312,0.9998501539230348,0.475182831287384,0.8870179653167725,-0.0993029400706291,0.9854916930198668,0.99891197681427,0.458887368440628,0.8717204332351685,0.0146318096667528,0.8817315101623535,0.9994757771492004,False,False,False,False,False,False,False,False,False,False,False,False,False,False,False,False,False,False
539,10.78,0.4468958079814911,0.4904813468456268,-0.277252197265625,0.999994158744812,0.9999983310699464,0.4658277630805969,0.4829350113868713,-0.2685065865516662,0.999993085861206,0.9999947547912598,0.4960538148880005,0.5343382358551025,-0.2797513604164123,0.999995768070221,0.999996781349182,0.4565569460391998,0.5405930280685425,-0.0823711454868316,0.9999848008155824,0.9999980926513672,0.5056045651435852,0.6384923458099365,-0.3003561794757843,0.9991949200630188,0.9999555349349976,0.4627760052680969,0.6266064047813416,-0.0398444570600986,0.8065215349197388,0.9999830722808838,0.4913071393966675,0.7248257398605347,-0.3161719143390655,0.9993217587471008,0.9999877214431764,0.451397031545639,0.7030277252197266,-0.0926262959837913,0.9781848192214966,0.9999972581863404,0.5384094715118408,0.6418898701667786,-0.0623146444559097,0.9999004006385804,0.9999784231185912,0.5123711228370667,0.6398758292198181,0.0622665770351886,0.9998983144760132,0.9999924898147584,0.4843690693378448,0.7292110919952393,-0.1341317445039749,0.9868862628936768,0.999974012374878,0.4671923220157623,0.713324248790741,-0.0036986884661018,0.7603700757026672,0.9999914169311525,0.49933722615242,0.8508537411689758,-0.0438195392489433,0.983543574810028,0.999745786190033,0.4822636842727661,0.8380688428878784,0.0751869231462478,0.8249565958976746,0.9999165534973145,0.508184015750885,0.8704115748405457,-0.0380390472710132,0.9427716732025146,0.999164581298828,0.4904979169368744,0.8534810543060303,0.0813347920775413,0.7673692107200623,0.999882698059082,0.4750517010688782,0.8864638805389404,-0.0943062528967857,0.9850972890853882,0.9990383386611938,0.4589060842990875,0.8717150688171387,0.0339714176952838,0.8794859647750854,0.9995808005332948,False,False,False,False,False,False,False,False,False,False,False,False,False,False,False,False,False,False
540,10.8,0.4473521411418915,0.4941319823265075,-0.2720379531383514,0.9999938011169434,0.99999737739563,0.4660985171794891,0.4868974387645721,-0.2660324275493622,0.999992311000824,0.9999921321868896,0.496224045753479,0.5377731323242188,-0.279198557138443,0.9999950528144836,0.9999955892562866,0.4570394158363342,0.5453892350196838,-0.0794964805245399,0.9999840259552002,0.9999977350234984,0.5056511759757996,0.6412280201911926,-0.2989712059497833,0.9991376996040344,0.9999468326568604,0.4631049335002899,0.6312704086303711,-0.0386512316763401,0.8060240745544434,0.9999834299087524,0.4913418889045715,0.7273551821708679,-0.315719336271286,0.9992741346359252,0.9999833106994628,0.451386421918869,0.7056837677955627,-0.091206781566143,0.9779643416404724,0.9999972581863404,0.5383890271186829,0.6465226411819458,-0.0618495233356952,0.9998956322669984,0.9999804496765136,0.513044536113739,0.6442515850067139,0.0618064329028129,0.9998961091041564,0.9999934434890748,0.4843144416809082,0.7306250333786011,-0.124037928879261,0.9867551922798156,0.9999743700027466,0.4671458303928375,0.7133978605270386,0.0045698811300098,0.7604430913925171,0.9999922513961792,0.4990589022636413,0.8508428931236267,-0.0171079766005277,0.9826098680496216,0.9997312426567078,0.4824166595935821,0.8379727602005005,0.0908242315053939,0.8210629820823669,0.9999186992645264,0.5077325105667114,0.8697686195373535,-0.0087805856019258,0.941265106201172,0.9991759657859802,0.4908000826835632,0.8534104228019714,0.0978142172098159,0.7630598545074463,0.9998904466629028,0.4746349155902862,0.885953962802887,-0.0557175800204277,0.9838841557502748,0.9990885257720948,0.4590577781200409,0.8710219264030457,0.050838403403759,0.8747904300689697,0.9996039271354676,False,False,False,False,False,False,False,False,False,False,False,False,False,False,False,False,False,False
541,10.82,0.44805708527565,0.498025119304657,-0.2673408091068268,0.9999937415122986,0.9999979734420776,0.4664630591869354,0.4893592000007629,-0.2629540264606476,0.999992311000824,0.9999953508377076,0.4966257214546203,0.5419628620147705,-0.2773842811584472,0.9999948740005492,0.99999737739563,0.4574741423130035,0.5463740229606628,-0.0770016014575958,0.9999836087226868,0.999997615814209,0.5056918263435364,0.6439529657363892,-0.2984704673290252,0.9991356134414672,0.999963879585266,0.4632260501384735,0.633467972278595,-0.0343732610344886,0.8062176704406738,0.9999788999557496,0.4918513000011444,0.7290253043174744,-0.3103070557117462,0.9992842674255372,0.9999899864196776,0.4511253535747528,0.70869380235672,-0.0903658643364906,0.9773783087730408,0.9999960660934448,0.5378080606460571,0.6486856937408447,-0.0609249100089073,0.9998934864997864,0.9999781847000122,0.5125318169593811,0.6472817659378052,0.0608810633420944,0.999894678592682,0.9999905824661256,0.4844079315662384,0.7314881086349487,-0.1367433220148086,0.987196683883667,0.9999765157699584,0.4671971499919891,0.7133950591087341,-0.0101894289255142,0.768536388874054,0.999990463256836,0.49864661693573,0.85066157579422,-0.0283895656466484,0.9821676015853882,0.9997286200523376,0.4824249148368835,0.8379011154174805,0.0702544748783111,0.8231819868087769,0.9998847246170044,0.5071128010749817,0.8687962889671326,-0.0187738351523876,0.9410242438316344,0.999123752117157,0.4906297624111175,0.8533684015274048,0.0767143741250038,0.7647581696510315,0.9998383522033693,0.4746507108211517,0.8845546841621399,-0.0692097172141075,0.9833094477653505,0.9990435242652892,0.4592382609844208,0.8703444600105286,0.0330034531652927,0.8749536871910095,0.9994582533836364,False,False,False,False,False,False,False,False,False,False,False,False,False,False,False,False,False,False
542,10.84,0.449170708656311,0.5022458434104919,-0.2492760866880417,0.999993622303009,0.9999970197677612,0.4674199521541595,0.4938204288482666,-0.2454778552055359,0.9999920725822448,0.9999927282333374,0.4974431097507477,0.5469999313354492,-0.2598863840103149,0.9999945759773254,0.9999964237213136,0.4585810899734497,0.5491851568222046,-0.0749749392271041,0.999983012676239,0.99999737739563,0.5057007074356079,0.6490700244903564,-0.2778063118457794,0.9991304874420166,0.99995756149292,0.4636091589927673,0.6346489787101746,-0.0325748398900032,0.8070520162582397,0.9999790191650392,0.4918960630893707,0.734938383102417,-0.2861427366733551,0.9992870688438416,0.9999873638153076,0.4510158896446228,0.7101929187774658,-0.0833119601011276,0.9771554470062256,0.9999957084655762,0.537916898727417,0.6505982875823975,-0.0579672306776046,0.9998898506164552,0.9999749660491944,0.5125997066497803,0.6489356756210327,0.0579202398657798,0.9998920559883118,0.9999902248382568,0.4844651818275451,0.7324230074882507,-0.1336297988891601,0.9873822331428528,0.9999597072601318,0.4670543670654297,0.7147092223167419,-0.0147359827533364,0.7727891802787781,0.9999849796295166,0.4984397292137146,0.8506519198417664,-0.0296658165752887,0.9808977842330932,0.999536395072937,0.4823519587516784,0.8381927013397217,0.0606491565704345,0.8176660537719727,0.999801218509674,0.5069234371185303,0.8687638640403748,-0.0195824485272169,0.9389461278915404,0.9985236525535583,0.4904017448425293,0.8533157706260681,0.0670108944177627,0.7578698992729187,0.9997290968894958,0.4749804437160492,0.8847280740737915,-0.0700216367840766,0.9818130731582642,0.9982284903526306,0.4592446684837341,0.8706896305084229,0.0284530762583017,0.8691201210021973,0.999017596244812,False,False,False,False,False,False,False,False,False,False,False,False,False,False,False,False,False,False
543,10.86,0.4507661163806915,0.5057629346847534,-0.2424432188272476,0.9999932050704956,0.9999966621398926,0.4691227972507477,0.4962577521800995,-0.2371812909841537,0.9999916553497314,0.999993085861206,0.4982128441333771,0.5492121577262878,-0.2518991529941559,0.9999942779541016,0.999996304512024,0.4601710736751556,0.5522412657737732,-0.0728264227509498,0.9999818205833436,0.9999958276748656,0.5060555338859558,0.6527456641197205,-0.2691426873207092,0.9991135001182556,0.9999574422836304,0.4639401733875274,0.6370235681533813,-0.0308178644627332,0.8052963614463806,0.999966025352478,0.4919638931751251,0.7384214997291565,-0.2758312225341797,0.9992977380752563,0.9999898672103882,0.4510045051574707,0.7121109366416931,-0.0777470842003822,0.976441502571106,0.9999943971633912,0.5380499958992004,0.6536239385604858,-0.0563226081430912,0.999883770942688,0.999969720840454,0.5126708149909973,0.6524547934532166,0.0562707521021366,0.9998849630355836,0.9999847412109376,0.4847775101661682,0.732423722743988,-0.1463624984025955,0.987647831439972,0.9999691247940063,0.4670826196670532,0.7151876091957092,-0.0210295245051383,0.7768235802650452,0.9999842643737792,0.4982593655586242,0.8505959510803223,-0.0513835363090038,0.9799585342407228,0.9996421337127686,0.4823190867900848,0.8381569385528564,0.0508620180189609,0.8149372339248657,0.9997914433479308,0.5067481398582458,0.868642270565033,-0.0434145256876945,0.9377619624137878,0.9988112449645996,0.4901373982429504,0.8532688617706299,0.0567744486033916,0.754258394241333,0.9997145533561708,0.4750681221485138,0.8842573761940002,-0.0878643840551376,0.9807576537132264,0.9985587000846864,0.4593159258365631,0.8705167174339294,0.017251057550311,0.8655866384506226,0.9990648627281188,False,False,False,False,False,False,False,False,False,False,False,False,False,False,False,False,False,False
544,10.88,0.45245561003685,0.5084391236305237,-0.2474244683980941,0.9999930262565612,0.99999737739563,0.4707547426223755,0.4975163340568542,-0.2421458214521408,0.9999916553497314,0.9999951124191284,0.4991865754127502,0.5501412749290466,-0.2559931576251983,0.9999942779541016,0.999997615814209,0.4607074558734894,0.5536366105079651,-0.0721452161669731,0.9999810457229614,0.9999964237213136,0.5063734650611877,0.6516106128692627,-0.2742175459861755,0.999137818813324,0.9999719858169556,0.4645169973373413,0.6380023956298828,-0.0301073603332042,0.8033390045166016,0.99997079372406,0.4923236668109894,0.7399683594703674,-0.2838013470172882,0.9993300437927246,0.9999935626983644,0.4510078132152557,0.7119651436805725,-0.075081318616867,0.9754314422607422,0.9999947547912598,0.5377740859985352,0.6552495956420898,-0.0566614717245101,0.9998824000358582,0.9999767541885376,0.5123482346534729,0.6548246145248413,0.0566099137067794,0.9998821020126344,0.9999874830245972,0.4848148226737976,0.7339794039726257,-0.146151453256607,0.9879283308982848,0.999971866607666,0.4671159982681274,0.7157275080680847,-0.021436920389533,0.7832508683204651,0.9999841451644896,0.4981279671192169,0.8505818843841553,-0.0526574179530143,0.979492485523224,0.999646782875061,0.4823230504989624,0.8388699889183044,0.0515999235212802,0.8143892884254456,0.9998341798782348,0.5065858364105225,0.8687039017677307,-0.0453169792890548,0.9370075464248656,0.9988131523132324,0.4901492893695831,0.8533115386962891,0.0575803257524967,0.7537795305252075,0.999771773815155,0.4750915765762329,0.8843988180160522,-0.0932261496782302,0.9802421927452089,0.9985914826393129,0.459507554769516,0.8708303570747375,0.0168614089488983,0.8640786409378052,0.9992052912712096,False,False,False,False,False,False,False,False,False,False,False,False,False,False,False,False,False,False
545,10.9,0.454673022031784,0.5099387168884277,-0.2417737394571304,0.9999932646751404,0.9999984502792358,0.4728394150733948,0.5001651048660278,-0.2378451079130172,0.9999918937683104,0.9999960660934448,0.5006201863288879,0.5524454116821289,-0.2533301413059234,0.9999942779541016,0.9999974966049194,0.462887167930603,0.557148277759552,-0.0710515230894088,0.9999808669090272,0.99999737739563,0.5069812536239624,0.653978168964386,-0.2733370363712311,0.9991608262062072,0.9999706745147704,0.4653245508670807,0.6392337083816528,-0.0321532860398292,0.8043987154960632,0.9999796152114868,0.4927811920642853,0.7410697937011719,-0.2845765948295593,0.9993586540222168,0.9999936819076538,0.4510217905044555,0.713630199432373,-0.078336477279663,0.9754442572593688,0.9999966621398926,0.5383695960044861,0.6608800888061523,-0.0568844601511955,0.9998794794082642,0.9999736547470092,0.512753427028656,0.6587121486663818,0.0568320043385028,0.999879002571106,0.9999881982803344,0.484828770160675,0.7341840863227844,-0.1429968029260635,0.9876546859741212,0.9999657869338988,0.4674232602119446,0.7161432504653931,-0.0137275578454136,0.7788432836532593,0.999983549118042,0.4978730380535126,0.8505715727806091,-0.0477568246424198,0.9781779646873474,0.9995637536048888,0.4824234545230865,0.8390107750892639,0.0592381171882152,0.8026764988899231,0.999816596508026,0.5062682628631592,0.8689033389091492,-0.0408142060041427,0.935241997241974,0.9985800981521606,0.4901556968688965,0.8533362746238708,0.0652854815125465,0.7454444169998169,0.9997521042823792,0.4748290181159973,0.8843659162521362,-0.0843030363321304,0.9788568019866944,0.9984283447265624,0.4596166014671325,0.8708333373069763,0.0280103255063295,0.8543698191642761,0.9991891980171204,False,False,False,False,False,False,False,False,False,False,False,False,False,False,False,False,False,False
546,10.92,0.456980437040329,0.5104846358299255,-0.2355213314294815,0.9999930262565612,0.9999955892562866,0.4748541116714477,0.500266969203949,-0.233735054731369,0.9999916553497314,0.999991536140442,0.5017252564430237,0.5537642240524292,-0.2486572414636612,0.9999942183494568,0.9999970197677612,0.4641802608966827,0.5559752583503723,-0.0707385167479515,0.9999802112579346,0.9999964237213136,0.5089585185050964,0.6551908254623413,-0.2652941346168518,0.9991633892059326,0.9999666213989258,0.4659460783004761,0.6398603916168213,-0.0336418412625789,0.8021793365478516,0.9999728202819824,0.4934699833393097,0.742133617401123,-0.2721312642097473,0.9993640184402466,0.999991774559021,0.451112300157547,0.713910698890686,-0.0782597512006759,0.9742388725280762,0.9999938011169434,0.5386953353881836,0.6614401340484619,-0.0549529716372489,0.9998790621757508,0.9999778270721436,0.5129964351654053,0.6593684554100037,0.0549027808010578,0.9998780488967896,0.9999889135360718,0.4852776229381561,0.7362523674964905,-0.1395712047815323,0.98761785030365,0.9999651908874512,0.4674350619316101,0.7168326377868652,-0.021097918972373,0.7765753269195557,0.999981164932251,0.4979038834571838,0.8505653738975525,-0.0447997786104679,0.97626930475235,0.9995966553688048,0.4822907745838165,0.8389350175857544,0.0498271323740482,0.7908133864402771,0.9997794032096864,0.506260335445404,0.868900716304779,-0.0381507836282253,0.9316174983978271,0.998691976070404,0.4899976849555969,0.853317141532898,0.0558011718094348,0.7329398989677429,0.9997112154960632,0.4751679301261902,0.8846372961997986,-0.0794247090816497,0.9769816994667052,0.9984121322631836,0.459810346364975,0.8709269165992737,0.0193809196352958,0.8449499011039734,0.9989655017852784,False,False,False,False,False,False,False,False,False,False,False,False,False,False,False,False,False,False
547,10.94,0.4586782455444336,0.5125545859336853,-0.2390828877687454,0.9999926686286926,0.9999957084655762,0.4771542549133301,0.5016308426856995,-0.2363264709711074,0.9999914169311525,0.999992847442627,0.5043235421180725,0.5576077699661255,-0.2497843354940414,0.9999940991401672,0.9999972581863404,0.4650720357894897,0.5587698221206665,-0.0735990107059478,0.9999791979789734,0.9999955892562866,0.5100879073143005,0.6591548323631287,-0.2657714188098907,0.9991729855537416,0.9999736547470092,0.4670053720474243,0.6414308547973633,-0.0395667217671871,0.7988287210464478,0.9999661445617676,0.4939658343791961,0.7432147264480591,-0.2742604613304138,0.9993833899497986,0.9999946355819702,0.4511280953884125,0.7152122855186462,-0.0807866230607032,0.972051739692688,0.9999921321868896,0.5385156273841858,0.6629361510276794,-0.0537229590117931,0.9998783469200134,0.9999783039093018,0.5126962065696716,0.662477970123291,0.0536709278821945,0.9998754858970642,0.999987006187439,0.4853240549564361,0.7377805113792419,-0.1378259062767028,0.9872145652770996,0.9999716281890868,0.4675752222537994,0.7173084616661072,-0.0254402551800012,0.771697998046875,0.999980330467224,0.4972125589847564,0.8505488634109497,-0.046169776469469,0.9745145440101624,0.999646544456482,0.4823545515537262,0.8388658165931702,0.0434358306229114,0.777556836605072,0.9998002648353576,0.5055521130561829,0.869063675403595,-0.0393776446580886,0.9285068511962892,0.9988210797309875,0.490193098783493,0.8532170057296753,0.0491959266364574,0.721146821975708,0.9997346997261048,0.4745758771896362,0.8841292262077332,-0.0796695500612258,0.9753369688987732,0.9984955787658693,0.460479587316513,0.870650053024292,0.0124812126159667,0.8347959518432617,0.9990426898002625,False,False,False,False,False,False,False,False,False,False,False,False,False,False,False,False,False,False
548,10.96,0.4610008001327514,0.5113836526870728,-0.2407347410917282,0.9999921917915344,0.999995231628418,0.4795139729976654,0.5026834607124329,-0.2387579083442688,0.999991238117218,0.9999918937683104,0.506261944770813,0.559295117855072,-0.2502858936786651,0.9999940991401672,0.999997615814209,0.4662520587444305,0.5593897104263306,-0.0775934979319572,0.9999789595603944,0.9999969005584716,0.5112695097923279,0.6617615818977356,-0.2681732773780823,0.9991889595985411,0.9999768733978271,0.4681679606437683,0.6417365670204163,-0.0419637225568294,0.7997997999191284,0.9999749660491944,0.494316965341568,0.7450929880142212,-0.2787151336669922,0.9994083642959596,0.9999945163726808,0.4513965249061584,0.7167296409606934,-0.0836810693144798,0.97150456905365,0.9999947547912598,0.5387927889823914,0.6655241847038269,-0.0545530579984188,0.9998786449432372,0.9999781847000122,0.5128804445266724,0.6629020571708679,0.0545027740299701,0.9998750686645508,0.9999886751174928,0.4852847158908844,0.7379542589187622,-0.1438106894493103,0.9872173070907592,0.9999735355377196,0.468074232339859,0.7194879055023193,-0.0244488064199686,0.7718758583068848,0.999982476234436,0.4973222017288208,0.8510991930961609,-0.045361403375864,0.97384512424469,0.9996961355209352,0.4823581576347351,0.8388052582740784,0.0563374198973178,0.7687888741493225,0.999853253364563,0.505622148513794,0.8698827028274536,-0.0380469672381877,0.9265605807304382,0.998990833759308,0.4901455044746399,0.8529806137084961,0.0630373880267143,0.7121003270149231,0.9998127818107604,0.4746911823749542,0.8841943144798279,-0.0821650922298431,0.9747041463851928,0.9987881779670716,0.4608959555625915,0.870940625667572,0.0226093903183937,0.8279443383216858,0.9993413090705872,False,False,False,False,False,False,False,False,False,False,False,False,False,False,False,False,False,False
549,10.98,0.4633277952671051,0.5123525857925415,-0.243612453341484,0.999990940093994,0.9999923706054688,0.4826526045799255,0.5041207671165466,-0.2375179231166839,0.9999899864196776,0.999985694885254,0.5081271529197693,0.5607191324234009,-0.2501423358917236,0.9999936819076538,0.999995231628418,0.4683737158775329,0.5594554543495178,-0.0762234628200531,0.9999779462814332,0.999995231628418,0.5125917792320251,0.6627820134162903,-0.2677779793739319,0.9991551637649536,0.9999558925628662,0.4693843722343445,0.6425377130508423,-0.0401309393346309,0.7960605621337891,0.9999626874923706,0.49479940533638,0.7456681132316589,-0.2782682478427887,0.9993905425071716,0.9999886751174928,0.451569527387619,0.7165310978889465,-0.0833068042993545,0.9701454043388368,0.9999922513961792,0.5398858785629272,0.666521430015564,-0.0545541793107986,0.9998763203620912,0.9999723434448242,0.5136539340019226,0.662498950958252,0.054501473903656,0.999872863292694,0.9999866485595704,0.4854401648044586,0.737687349319458,-0.1506838500499725,0.9871345162391664,0.9999667406082152,0.4686223566532135,0.7193248867988586,-0.0335019938647747,0.772424578666687,0.999982476234436,0.4974569678306579,0.8510837554931641,-0.0484365634620189,0.9723793268203736,0.9996441602706908,0.4823562502861023,0.8387560844421387,0.0464546792209148,0.763312578201294,0.999825656414032,0.5056638121604919,0.8698656558990479,-0.0402537658810615,0.92348313331604,0.9988656044006348,0.4901443719863891,0.8526396155357361,0.0533726476132869,0.7054657340049744,0.9997734427452089,0.4748282432556152,0.8853722810745239,-0.0846819803118705,0.973301887512207,0.9984524250030518,0.4609309434890747,0.8709989786148071,0.0136447716504335,0.822736382484436,0.9990583062171936,False,False,False,False,False,False,False,False,False,False,False,False,False,False,False,False,False,False
550,11.0,0.4657756090164184,0.5120406746864319,-0.2342782169580459,0.9999902248382568,0.9999953508377076,0.4854625463485718,0.5039322376251221,-0.2227571755647659,0.999989092350006,0.9999911785125732,0.5102074146270752,0.5614506006240845,-0.2371664345264434,0.9999933242797852,0.9999953508377076,0.4709054827690124,0.5612674355506897,-0.0658917501568794,0.999976396560669,0.999992847442627,0.513590395450592,0.6629793047904968,-0.2544703185558319,0.9990888237953186,0.999957799911499,0.4707894623279571,0.6430593132972717,-0.0327162556350231,0.7887723445892334,0.9999505281448364,0.4957224130630493,0.744377851486206,-0.2639683485031128,0.999369502067566,0.999991536140442,0.4523228108882904,0.7156620621681213,-0.0729887187480926,0.968664526939392,0.9999933242797852,0.5399429202079773,0.6684772372245789,-0.0536508001387119,0.9998717308044434,0.9999737739562988,0.5136685371398926,0.6654347777366638,0.0535928718745708,0.9998657703399658,0.9999836683273317,0.4858311116695404,0.738071858882904,-0.1506818234920501,0.9864473938941956,0.9999719858169556,0.4696968495845794,0.7191802859306335,-0.0322795882821083,0.7666871547698975,0.9999821186065674,0.4974900484085083,0.8510715365409851,-0.0589243657886981,0.9701793789863586,0.9997095465660096,0.4823764860630035,0.838718056678772,0.0408651828765869,0.7548969388008118,0.9998440742492676,0.5056822299957275,0.8699266314506531,-0.0517714545130729,0.9193663597106934,0.999040424823761,0.4901455640792846,0.8524937629699707,0.0470065996050834,0.696921706199646,0.9997918009757996,0.474843680858612,0.8853203058242798,-0.0975371599197387,0.971577525138855,0.9987603425979614,0.4611158072948456,0.8709605932235718,0.0085681220516562,0.816005289554596,0.9992584586143494,False,False,False,False,False,False,False,False,False,False,False,False,False,False,False,False,False,False
551,11.02,0.4694293439388275,0.5115733742713928,-0.2381414026021957,0.9999905824661256,0.9999969005584716,0.488753467798233,0.5034341812133789,-0.2255001962184906,0.9999895691871644,0.999994158744812,0.5128909945487976,0.5611506700515747,-0.2369650304317474,0.99999338388443,0.9999970197677612,0.4734392166137695,0.5605602264404297,-0.0660199746489524,0.9999758005142212,0.9999948740005492,0.5159876942634583,0.663470447063446,-0.2513958215713501,0.9991143941879272,0.9999675750732422,0.472299188375473,0.6422725319862366,-0.0343591496348381,0.7915269732475281,0.9999563694000244,0.4970954060554504,0.7449320554733276,-0.2595621049404144,0.9993934631347656,0.9999922513961792,0.4535472989082336,0.7158952951431274,-0.0744034945964813,0.9687432050704956,0.9999916553497314,0.5408549904823303,0.6724137663841248,-0.0526857264339923,0.999871790409088,0.9999784231185912,0.5144829750061035,0.6680286526679993,0.0526204742491245,0.9998632073402404,0.9999864101409912,0.4858316779136657,0.7378185987472534,-0.149422138929367,0.987127959728241,0.999977707862854,0.4700208306312561,0.7201718688011169,-0.0252419766038656,0.7748886942863464,0.9999819993972778,0.4980832636356354,0.8510445356369019,-0.0566989071667194,0.9706220626831056,0.9997861981391908,0.4824180603027344,0.8375706076622009,0.0546524859964847,0.7578383684158325,0.9998612403869628,0.5058505535125732,0.8698086738586426,-0.0495619736611843,0.9194651246070862,0.999250590801239,0.4901616275310516,0.8506036996841431,0.0636870041489601,0.6970454454421997,0.9998262524604796,0.4764313995838165,0.8856740593910217,-0.0858113691210746,0.9719411134719848,0.9988730549812316,0.4611137211322784,0.8701911568641663,0.0341041199862957,0.8169834613800049,0.999278485774994,False,False,False,False,False,False,False,False,False,False,False,False,False,False,False,False,False,False
552,11.04,0.4722989797592163,0.5110509991645813,-0.2400296032428741,0.9999908804893494,0.9999974966049194,0.4911805093288421,0.5024910569190979,-0.230109766125679,0.9999898076057434,0.9999947547912598,0.5153467059135437,0.560516357421875,-0.2405038028955459,0.9999935030937196,0.9999972581863404,0.4755869209766388,0.5603340268135071,-0.0713484585285186,0.9999759197235109,0.9999958276748656,0.5179350972175598,0.6634093523025513,-0.2533313035964966,0.9991028904914856,0.999966025352478,0.4736356437206268,0.6428570747375488,-0.0431106314063072,0.7954131364822388,0.999967098236084,0.4977636933326721,0.7439055442810059,-0.2612282931804657,0.9993817210197448,0.9999916553497314,0.4545010924339294,0.7165787220001221,-0.0909038856625557,0.9688615798950196,0.9999935626983644,0.5413293242454529,0.6722276210784912,-0.0519549623131752,0.999870240688324,0.9999799728393556,0.5149098634719849,0.6676943898200989,0.051881730556488,0.9998595714569092,0.9999879598617554,0.4858362972736358,0.7373057007789612,-0.1593363583087921,0.9869772791862488,0.9999762773513794,0.4705279767513275,0.7209010124206543,-0.0210365336388349,0.7657976746559143,0.9999788999557496,0.4982373416423797,0.8510518670082092,-0.0611519441008567,0.9681171178817748,0.9997689127922058,0.482410579919815,0.8376185894012451,0.0650095790624618,0.742583692073822,0.9998249411582948,0.5059959292411804,0.8699148297309875,-0.0533016175031662,0.9126647114753724,0.999195635318756,0.4899716377258301,0.8507383465766907,0.0744902938604354,0.6786059141159058,0.9997963309288024,0.4768413305282593,0.8869146704673767,-0.099406398832798,0.9701963663101196,0.9988610744476318,0.460899293422699,0.8701943159103394,0.0408558137714862,0.8046196103096008,0.9992851614952089,False,False,False,False,False,False,False,False,False,False,False,False,False,False,False,False,False,False
553,11.06,0.4750782549381256,0.5099619626998901,-0.2427902072668075,0.9999912977218628,0.9999980926513672,0.4941764175891876,0.5018967390060425,-0.2328285127878189,0.9999903440475464,0.999996304512024,0.5171450972557068,0.5608255863189697,-0.24424409866333,0.9999937415122986,0.9999979734420776,0.4778074622154236,0.5592987537384033,-0.0741244405508041,0.9999761581420898,0.9999961853027344,0.5189254283905029,0.6621524095535278,-0.2577399909496307,0.9991334080696106,0.9999759197235109,0.47525155544281,0.6420819163322449,-0.0440567359328269,0.8009451031684875,0.9999690055847168,0.4987743496894836,0.743422269821167,-0.2652943134307861,0.9994121789932252,0.9999955892562866,0.4562214612960815,0.7157118916511536,-0.0912875086069107,0.96924090385437,0.999994158744812,0.5414221286773682,0.6735734343528748,-0.0524430051445961,0.9998722672462464,0.9999849796295166,0.5151157379150391,0.6672847867012024,0.0523726269602775,0.999859631061554,0.999990463256836,0.4858450889587402,0.7360877394676208,-0.1562427878379821,0.9873568415641784,0.9999841451644896,0.4704958498477936,0.7217065095901489,-0.0189932715147733,0.7687614560127258,0.9999840259552002,0.4988307952880859,0.8512343764305115,-0.0559754520654678,0.9686602354049684,0.9998437166213988,0.4824142456054687,0.8357473611831665,0.0791321843862533,0.741569459438324,0.9999127388000488,0.5061668753623962,0.8699350357055664,-0.0483130775392055,0.9121452569961548,0.999445378780365,0.4899555444717407,0.8497902750968933,0.0885881409049034,0.6750338077545166,0.9998958110809326,0.4768908321857452,0.8879431486129761,-0.0968527123332023,0.970757007598877,0.9991745352745056,0.4608978629112243,0.8698371052742004,0.0520851835608482,0.8037135004997253,0.9995779395103456,False,False,False,False,False,False,False,False,False,False,False,False,False,False,False,False,False,False
554,11.08,0.4778011739253998,0.5088663101196289,-0.2436078488826751,0.9999919533729552,0.9999991655349731,0.4969764053821563,0.5011742115020752,-0.2345159202814102,0.9999911189079284,0.9999984502792358,0.5193893909454346,0.5612890720367432,-0.2453640252351761,0.9999940991401672,0.999998927116394,0.4804869890213012,0.5584713220596313,-0.0730298534035682,0.999977171421051,0.9999977350234984,0.520313024520874,0.6608619093894958,-0.2578341662883758,0.99918133020401,0.9999843835830688,0.4770617485046386,0.6415271759033203,-0.0437890700995922,0.810115396976471,0.9999790191650392,0.4991692900657654,0.7422804236412048,-0.2643970251083374,0.9994560480117798,0.999997854232788,0.4573641121387481,0.714738667011261,-0.0895289182662963,0.9709300994873048,0.9999972581863404,0.5419401526451111,0.6764559745788574,-0.0528811179101467,0.9998740553855896,0.9999850988388062,0.515673816204071,0.6680106520652771,0.0528140999376773,0.9998598098754884,0.999990463256836,0.4858706593513489,0.7345553636550903,-0.1551267504692077,0.987851619720459,0.9999881982803344,0.4705812036991119,0.7219386696815491,-0.0089992005378007,0.7737720012664795,0.999987244606018,0.4995753467082977,0.8512422442436218,-0.0534056015312671,0.9697604775428772,0.9998868703842164,0.4824093282222748,0.8353204727172852,0.0950157418847084,0.7455286979675293,0.999925971031189,0.506611704826355,0.8699310421943665,-0.0460699647665023,0.914050042629242,0.9995890259742736,0.4898628294467926,0.8497634530067444,0.1040863245725631,0.6775565147399902,0.9999094009399414,0.4769286513328552,0.8885617852210999,-0.095439426600933,0.9719814658164978,0.9994261264801024,0.4610565602779388,0.869785726070404,0.0645577609539032,0.8073010444641113,0.9996782541275024,False,False,False,False,False,False,False,False,False,False,False,False,False,False,False,False,False,False
555,11.1,0.4807836711406708,0.5075621008872986,-0.2512851655483246,0.9999925494194032,0.9999991655349731,0.4996131956577301,0.5001696348190308,-0.2355514913797378,0.999991774559021,0.9999984502792358,0.5219278931617737,0.5593588352203369,-0.2455551326274871,0.9999943971633912,0.9999986886978148,0.4827922284603119,0.5578024983406067,-0.0728406086564064,0.9999775886535645,0.999996304512024,0.5221776366233826,0.659660279750824,-0.2580597996711731,0.9991948008537292,0.9999791383743286,0.4791159629821777,0.6408741474151611,-0.041717417538166,0.8172613978385925,0.9999666213989258,0.4998767673969269,0.7411513328552246,-0.2662907242774963,0.9994844794273376,0.9999972581863404,0.4592266082763672,0.7138303518295288,-0.0898244157433509,0.9719045162200928,0.9999954700469972,0.5433210730552673,0.6771966218948364,-0.0532054938375949,0.9998728036880492,0.99998140335083,0.5169131755828857,0.6681742072105408,0.0531420037150383,0.9998549818992616,0.9999866485595704,0.4860213696956634,0.7325184345245361,-0.1597596108913421,0.9878937602043152,0.9999865293502808,0.4710043966770172,0.7218866944313049,-0.0024228082038462,0.7716892957687378,0.9999810457229614,0.5005716681480408,0.85124671459198,-0.0611260086297988,0.9702420234680176,0.999847650527954,0.4822920262813568,0.8334949016571045,0.0991166830062866,0.7449553608894348,0.999900221824646,0.5076307654380798,0.8699235916137695,-0.0536988712847232,0.9136364459991456,0.9993999004364014,0.4898601770401001,0.8489396572113037,0.1076826676726341,0.675273597240448,0.9998773336410522,0.4769188165664673,0.8895555138587952,-0.1094873026013374,0.9726443886756896,0.999099612236023,0.4609263837337494,0.8695225119590759,0.0667705833911895,0.8060643076896667,0.9995417594909668,False,False,False,False,False,False,False,False,False,False,False,False,False,False,False,False,False,False
556,11.12,0.4831214249134063,0.5067819952964783,-0.2493475824594497,0.999993085861206,0.9999990463256836,0.5013877749443054,0.4991741180419922,-0.2336826771497726,0.9999924302101136,0.9999984502792358,0.5242006182670593,0.5579969882965088,-0.2432491332292556,0.9999947547912598,0.9999990463256836,0.4851656556129455,0.5568761825561523,-0.0681330636143684,0.9999783635139464,0.9999974966049194,0.5242980122566223,0.6585034728050232,-0.2547508478164673,0.9992353916168212,0.9999845027923584,0.4810173213481903,0.6400243639945984,-0.0357498154044151,0.8255165219306946,0.999975323677063,0.5014821290969849,0.740722119808197,-0.262371689081192,0.9995229840278624,0.9999980926513672,0.4604466259479522,0.7135546803474426,-0.0848523676395416,0.973321497440338,0.9999964237213136,0.5450357794761658,0.6769883036613464,-0.0534236170351505,0.999874472618103,0.9999830722808838,0.5192540287971497,0.6680406332015991,0.0533611737191677,0.9998555183410645,0.9999889135360718,0.4866281747817993,0.7304812669754028,-0.1600573807954788,0.988566756248474,0.9999881982803344,0.4715066850185394,0.7217540740966797,-0.0033785696141421,0.7818745374679565,0.9999855756759644,0.501011312007904,0.8512439727783203,-0.0586891584098339,0.9717389345169068,0.9998703002929688,0.4822830557823181,0.833523154258728,0.0920648723840713,0.7563314437866211,0.9999029636383056,0.5079671144485474,0.869920551776886,-0.0508858785033226,0.91661274433136,0.9995113611221312,0.4898619651794433,0.8493808507919312,0.0999883338809013,0.6852285265922546,0.9998788833618164,0.4768368303775787,0.8899674415588379,-0.1058247312903404,0.9740898013114928,0.9992755055427552,0.460815817117691,0.8695345520973206,0.0587506927549839,0.8146679401397705,0.999528169631958,False,False,False,False,False,False,False,False,False,False,False,False,False,False,False,False,False,False
557,11.14,0.4850836098194122,0.5054931044578552,-0.2407794743776321,0.99999338388443,0.9999984502792358,0.5033246874809265,0.4989833831787109,-0.2233111411333084,0.999992847442627,0.99999737739563,0.5263863801956177,0.5569491982460022,-0.2338393330574035,0.999994933605194,0.9999984502792358,0.4871148765087127,0.5561579465866089,-0.0585809461772441,0.9999786019325256,0.9999961853027344,0.526093065738678,0.6577174663543701,-0.2459781020879745,0.999256432056427,0.9999797344207764,0.4829139709472656,0.6395373940467834,-0.0258743669837713,0.8305454850196838,0.9999668598175048,0.5026918053627014,0.7396966218948364,-0.2543472647666931,0.9995506405830384,0.9999974966049194,0.4628943204879761,0.7118380069732666,-0.0754426419734954,0.974217653274536,0.9999958276748656,0.5458500385284424,0.6773204803466797,-0.0535620041191577,0.9998761415481568,0.9999827146530152,0.5195685029029846,0.668355405330658,0.0534983463585376,0.999856173992157,0.9999879598617554,0.4876286685466766,0.7292279601097107,-0.1626954674720764,0.9890552163124084,0.9999864101409912,0.4722931981086731,0.7188894748687744,-0.0139728747308254,0.7922734618186951,0.9999847412109376,0.5012849569320679,0.8508937358856201,-0.0610579438507556,0.972808599472046,0.9998493194580078,0.482343465089798,0.8321870565414429,0.0773318335413932,0.7675867080688477,0.999903917312622,0.5081735849380493,0.8693974018096924,-0.0530965775251388,0.9181760549545288,0.9994474053382874,0.4898819029331207,0.8486517667770386,0.0848993957042694,0.695268988609314,0.9998763799667358,0.4767841398715973,0.8901677131652832,-0.1079432070255279,0.9751445055007936,0.9991220831871032,0.4608219861984253,0.8694716691970825,0.0417015887796878,0.8228186368942261,0.9994614720344543,False,False,False,False,False,False,False,False,False,False,False,False,False,False,False,False,False,False
558,11.16,0.4874100387096405,0.5028315186500549,-0.2387087047100067,0.999993622303009,0.9999980926513672,0.5049882531166077,0.4977081716060638,-0.2251268774271011,0.9999932050704956,0.9999970197677612,0.5278865694999695,0.5561959147453308,-0.2333628833293914,0.9999951720237732,0.9999986886978148,0.4891067147254944,0.5552433133125305,-0.0601525455713272,0.9999789595603944,0.9999969005584716,0.5276123881340027,0.6573753952980042,-0.241939827799797,0.9992836713790894,0.9999806880950928,0.4847523272037506,0.6384817361831665,-0.0266009271144866,0.8347416520118713,0.9999725818634032,0.5036156177520752,0.7376866936683655,-0.2476013749837875,0.9995725750923156,0.9999971389770508,0.4645035862922668,0.7090741395950317,-0.0691746175289154,0.97503662109375,0.9999964237213136,0.5458294749259949,0.6768186092376709,-0.0520193986594677,0.9998794198036194,0.9999880790710448,0.519547700881958,0.6677098274230957,0.0519533529877662,0.999858260154724,0.9999914169311525,0.4884536862373352,0.7285060286521912,-0.1591250896453857,0.9896228909492492,0.9999866485595704,0.4725280702114105,0.7167900204658508,-0.0160188563168048,0.8008954524993896,0.9999833106994628,0.5017831921577454,0.8503707051277161,-0.0608798265457153,0.9737217426300048,0.9998836517333984,0.4822913408279419,0.8295163512229919,0.0773397609591484,0.7722635269165039,0.9999146461486816,0.5084973573684692,0.8680660724639893,-0.0515178553760051,0.9194139838218688,0.9995706677436828,0.4898842573165893,0.8460455536842346,0.0850187465548515,0.6968034505844116,0.9998968839645386,0.477182537317276,0.8905317187309265,-0.1009857952594757,0.9761314988136292,0.999257266521454,0.4608739912509918,0.8687807321548462,0.0440473221242427,0.8269599676132202,0.9995412826538086,False,False,False,False,False,False,False,False,False,False,False,False,False,False,False,False,False,False
559,11.18,0.4899344742298126,0.499201625585556,-0.2384552210569381,0.9999940991401672,0.9999994039535522,0.5072237849235535,0.4945067763328552,-0.2253627926111221,0.9999937415122986,0.9999990463256836,0.5297356247901917,0.5560945272445679,-0.2322932332754135,0.9999954104423524,0.9999991655349731,0.491398811340332,0.5530732870101929,-0.0617107525467872,0.9999797344207764,0.9999979734420776,0.5284679532051086,0.6556417346000671,-0.2421296536922454,0.9993228912353516,0.9999839067459106,0.4865603744983673,0.6365808248519897,-0.0255377870053052,0.8422569632530212,0.9999806880950928,0.5058306455612183,0.7345553636550903,-0.249455839395523,0.9995994567871094,0.999997854232788,0.4670956432819366,0.7031673789024353,-0.0652343481779098,0.9761527180671692,0.99999737739563,0.5458435416221619,0.6760066151618958,-0.0517542213201522,0.9998840093612672,0.9999908208847046,0.5194700360298157,0.6670388579368591,0.0516924634575843,0.9998618960380554,0.9999934434890748,0.4897312521934509,0.7283976674079895,-0.157518520951271,0.9903804063796996,0.9999901056289672,0.4731317162513733,0.7164172530174255,-0.0068952310830354,0.8118167519569397,0.999987244606018,0.5017572641372681,0.8502976894378662,-0.059010948985815,0.9755046367645264,0.999907612800598,0.4825413823127746,0.8295215964317322,0.092392198741436,0.78331059217453,0.9999313354492188,0.5085590481758118,0.8668777346611023,-0.050516664981842,0.9232740998268129,0.999637484550476,0.4902326166629791,0.8459187150001526,0.1008036211133003,0.7058321237564087,0.9999158382415771,0.4775979816913605,0.8907952308654785,-0.1027000397443771,0.977792263031006,0.9993550181388856,0.4608707427978515,0.868152379989624,0.0609782114624977,0.8357270956039429,0.999643325805664,False,False,False,False,False,False,False,False,False,False,False,False,False,False,False,False,False,False
560,11.2,0.4920673668384552,0.4955088198184967,-0.2474377453327179,0.9999945163726808,0.9999994039535522,0.5094691514968872,0.4908940494060516,-0.2298448383808136,0.9999942183494568,0.9999990463256836,0.5320783853530884,0.554909884929657,-0.234941154718399,0.9999957084655762,0.9999994039535522,0.4932757318019867,0.5503523349761963,-0.0650434419512748,0.999980330467224,0.99999737739563,0.5300351977348328,0.6526974439620972,-0.2470383644104004,0.9993457794189452,0.9999878406524658,0.4883786737918854,0.633948028087616,-0.0295555517077446,0.8472750186920166,0.999975323677063,0.5086494088172913,0.7316110730171204,-0.2533566057682037,0.9996199011802672,0.9999985694885254,0.469786137342453,0.6998066902160645,-0.0737322494387626,0.976278841495514,0.999996542930603,0.5461248159408569,0.6751038432121277,-0.0519674606621265,0.99988853931427,0.9999927282333374,0.5195509791374207,0.6665050387382507,0.0519064106047153,0.999865174293518,0.999994158744812,0.4920433759689331,0.7278674244880676,-0.1659214794635772,0.9907070994377136,0.999993085861206,0.473552793264389,0.7163866758346558,-0.0070837493985891,0.8193522095680237,0.9999890327453612,0.501761794090271,0.8501638770103455,-0.0686219185590744,0.976507008075714,0.9999208450317384,0.482766330242157,0.8296875953674316,0.093401052057743,0.7928105592727661,0.9999465942382812,0.5085916519165039,0.8664885759353638,-0.0613651908934116,0.92350172996521,0.9996740818023682,0.4903787076473236,0.8460215330123901,0.1017714664340019,0.7134453654289246,0.9999302625656128,0.4781249165534973,0.8914582133293152,-0.1236807182431221,0.9788302183151244,0.9994404911994934,0.4608765244483948,0.8680035471916199,0.0579873286187648,0.8429245948791504,0.9997040629386902,False,False,False,False,False,False,False,False,False,False,False,False,False,False,False,False,False,False
561,11.22,0.4938287436962127,0.4925900995731354,-0.2448659986257553,0.9999947547912598,0.999998927116394,0.511048436164856,0.4877943396568298,-0.2292612642049789,0.9999945163726808,0.9999983310699464,0.5342608690261841,0.5522944927215576,-0.2355407327413559,0.9999959468841552,0.9999991655349731,0.4952298700809479,0.5474052429199219,-0.0644088685512542,0.9999804496765136,0.9999966621398926,0.5319611430168152,0.6496893167495728,-0.2475518882274627,0.9993547201156616,0.9999853372573853,0.4901522099971771,0.6308537125587463,-0.0293164551258087,0.8479935526847839,0.9999719858169556,0.511285126209259,0.7296638488769531,-0.2556647658348083,0.9996251463890076,0.9999980926513672,0.4710758030414581,0.6968135237693787,-0.0740115419030189,0.974984049797058,0.9999953508377076,0.5472096800804138,0.6750660538673401,-0.0521963313221931,0.999893307685852,0.9999939203262328,0.5205007195472717,0.666109561920166,0.0521349869668483,0.999869465827942,0.9999953508377076,0.4934576451778412,0.7280464768409729,-0.1634998321533203,0.9908679127693176,0.999993085861206,0.4735919237136841,0.7161537408828735,-0.0113540617749094,0.8268879055976868,0.9999903440475464,0.5017611980438232,0.85015469789505,-0.064589224755764,0.9772681593894958,0.9999148845672609,0.4828115701675415,0.829133152961731,0.0920323580503463,0.801304817199707,0.9999547004699708,0.5085895657539368,0.8665259480476379,-0.0568736605346202,0.9229339361190796,0.9996575117111206,0.4903784096240997,0.8458700180053711,0.1007912307977676,0.7204104065895081,0.9999392032623292,0.4782238006591797,0.8914278745651245,-0.1146288588643074,0.9795826077461244,0.9993849992752076,0.4612194001674652,0.8680182695388794,0.0536272302269935,0.8492130041122437,0.99970144033432,False,False,False,False,False,False,False,False,False,False,False,False,False,False,False,False,False,False
562,11.24,0.495597630739212,0.4908133745193481,-0.2432841211557388,0.9999949932098388,0.9999992847442628,0.5128360986709595,0.4854762256145477,-0.2299965023994445,0.9999948143959044,0.9999990463256836,0.5364992022514343,0.5499781966209412,-0.2371152490377426,0.9999961853027344,0.9999995231628418,0.4973132908344269,0.5449632406234741,-0.0647323578596115,0.9999805092811584,0.9999971389770508,0.5339486598968506,0.6472811102867126,-0.2493723034858703,0.999366581439972,0.9999908208847046,0.4920211732387543,0.6272904872894287,-0.0307195801287889,0.8416852951049805,0.9999769926071168,0.513497531414032,0.7279815077781677,-0.2578926980495453,0.9996291399002076,0.9999986886978148,0.4727550148963928,0.692903995513916,-0.0756938681006431,0.9691567420959472,0.9999947547912598,0.5473104119300842,0.6744568347930908,-0.0523632429540157,0.9998995661735536,0.9999972581863404,0.5208635926246643,0.6658605337142944,0.0523022525012493,0.9998756051063538,0.9999974966049194,0.4941212236881256,0.7291221022605896,-0.160893514752388,0.9907582402229308,0.9999957084655762,0.4736109673976898,0.716162919998169,-0.0179803185164928,0.8319121599197388,0.9999936819076538,0.5017355680465698,0.8502339124679565,-0.0676934942603111,0.9776692390441896,0.999942660331726,0.4829958975315094,0.8292490243911743,0.0718040540814399,0.808064341545105,0.99997079372406,0.5085257291793823,0.8667173385620117,-0.061450894922018,0.9208139777183532,0.9997658133506776,0.4903896450996399,0.8468733429908752,0.0787269622087478,0.7258039712905884,0.999959111213684,0.4782267808914184,0.8914868235588074,-0.122986190021038,0.980056881904602,0.9996054768562316,0.4612488150596618,0.8680287003517151,0.0312389954924583,0.8546919822692871,0.999806821346283,False,False,False,False,False,False,False,False,False,False,False,False,False,False,False,False,False,False
563,11.26,0.498008668422699,0.4890464544296264,-0.236281931400299,0.999995231628418,0.9999992847442628,0.5156150460243225,0.4843093454837799,-0.2258468270301818,0.9999951124191284,0.9999991655349731,0.5389721393585205,0.5482240319252014,-0.2353192269802093,0.9999964237213136,0.9999996423721312,0.4987331032752991,0.5438669323921204,-0.0568337924778461,0.9999799728393556,0.9999958276748656,0.5352569222450256,0.6453150510787964,-0.2499997317790985,0.9993666410446168,0.9999933242797852,0.4937857687473297,0.6251360177993774,-0.0276509951800107,0.8200790882110596,0.9999667406082152,0.5152568817138672,0.7247092723846436,-0.2594547271728515,0.9996169209480286,0.9999988079071044,0.4753411412239074,0.687309741973877,-0.0757591724395752,0.9518322348594666,0.9999891519546508,0.5478124618530273,0.6744264960289001,-0.0530899316072464,0.9999061822891236,0.9999977350234984,0.5213028788566589,0.6656528115272522,0.0530285760760307,0.999882161617279,0.999997615814209,0.4941058456897735,0.732865035533905,-0.148156851530075,0.989126980304718,0.9999947547912598,0.473687082529068,0.7160882949829102,-0.0158229004591703,0.8263252377510071,0.9999897480010986,0.501662015914917,0.8502390384674072,-0.0510929673910141,0.9752131700515748,0.9999215602874756,0.4830832779407501,0.8293942809104919,0.0747725591063499,0.8031880259513855,0.9999555349349976,0.5083755850791931,0.8667551279067993,-0.0444195941090583,0.9099767804145812,0.9996901750564576,0.4904322922229767,0.8469340801239014,0.0815472304821014,0.7204633355140686,0.9999401569366456,0.478132426738739,0.8910933136940002,-0.1034078299999237,0.978312075138092,0.9994364380836488,0.4612470269203186,0.8679430484771729,0.0353499837219715,0.8510670065879822,0.9996856451034546,False,False,False,False,False,False,False,False,False,False,False,False,False,False,False,False,False,False
564,11.28,0.5003660321235657,0.4884796142578125,-0.2289038449525833,0.9999954104423524,0.999998927116394,0.5178436636924744,0.4830369055271148,-0.2197759002447128,0.9999953508377076,0.9999986886978148,0.540553867816925,0.5467631220817566,-0.2310925275087356,0.9999966025352478,0.9999994039535522,0.5007928013801575,0.5427947640419006,-0.0519676096737384,0.99997878074646,0.999994158744812,0.5365303158760071,0.6430181264877319,-0.247247114777565,0.9993510246276855,0.999990940093994,0.4951240420341491,0.6231848001480103,-0.0239066109061241,0.7998349666595459,0.99996018409729,0.516394317150116,0.720389723777771,-0.2563231289386749,0.9995892643928528,0.9999983310699464,0.4774007499217987,0.6851618885993958,-0.0731012672185897,0.931621551513672,0.999984860420227,0.5489109754562378,0.6743214726448059,-0.0534612014889717,0.9999114274978638,0.9999969005584716,0.5226317048072815,0.6656545400619507,0.0534022077918052,0.999887228012085,0.9999969005584716,0.4947598874568939,0.732284426689148,-0.1471514105796814,0.9878984689712524,0.9999940395355223,0.4742107689380646,0.7154514193534851,-0.0154888918623328,0.8218703866004944,0.9999884366989136,0.501647412776947,0.8501936793327332,-0.0517591573297977,0.9739128947257996,0.9999150037765504,0.4832465946674347,0.8294150233268738,0.0733468979597091,0.8002280592918396,0.999948263168335,0.5084027647972107,0.8667264580726624,-0.0456179939210414,0.9038190245628356,0.9996600151062012,0.4904736578464508,0.8469235301017761,0.0801201611757278,0.7180497050285339,0.99993097782135,0.4781067967414856,0.8909900188446045,-0.1045300513505935,0.97738379240036,0.9993378520011902,0.461245447397232,0.8678040504455566,0.0360960140824317,0.8484923243522644,0.999614715576172,False,False,False,False,False,False,False,False,False,False,False,False,False,False,False,False,False,False
565,11.3,0.502299964427948,0.4877075850963592,-0.2286653667688369,0.9999956488609314,0.9999992847442628,0.5195834636688232,0.4816697835922241,-0.2178128361701965,0.9999955892562866,0.9999990463256836,0.5423823595046997,0.5454345941543579,-0.2295385897159576,0.999996781349182,0.9999995231628418,0.5028089284896851,0.5414011478424072,-0.050242219120264,0.9999774694442748,0.999994158744812,0.5377822518348694,0.6415547728538513,-0.2468861490488052,0.9993326663970948,0.999991774559021,0.4966419339179992,0.6211490035057068,-0.0248241741210222,0.7717308402061462,0.9999558925628662,0.517982006072998,0.7180725932121277,-0.257459282875061,0.9995484352111816,0.9999979734420776,0.4795738160610199,0.6840099096298218,-0.0807025879621505,0.8969275951385498,0.9999735355377196,0.549329936504364,0.6742097735404968,-0.0540651902556419,0.9999167323112488,0.9999977350234984,0.523368239402771,0.6655558943748474,0.054006703197956,0.9998922944068908,0.999997615814209,0.4945908486843109,0.7322515845298767,-0.1496694982051849,0.9869331121444702,0.9999945163726808,0.4749013781547546,0.7150920629501343,-0.0103465672582387,0.8154362440109253,0.9999880790710448,0.5016345381736755,0.8501928448677063,-0.0643880069255828,0.9724299907684326,0.999907612800598,0.4833152890205383,0.8295254111289978,0.0728543475270271,0.7985352873802185,0.9999434947967528,0.5084048509597778,0.8667426705360413,-0.0589907169342041,0.8964699506759644,0.999619960784912,0.4903645813465118,0.8469836115837097,0.0789328441023826,0.7158917188644409,0.9999219179153442,0.4780256450176239,0.8909039497375488,-0.1202135980129242,0.9762200713157654,0.9993181228637696,0.4611337780952453,0.8678146600723267,0.0334952548146247,0.8466408252716064,0.9996091723442078,False,False,False,False,False,False,False,False,False,False,False,False,False,False,False,False,False,False
566,11.32,0.5042136907577515,0.4866266250610351,-0.2301172465085983,0.9999959468841552,0.9999996423721312,0.5214064717292786,0.480479896068573,-0.2163753807544708,0.9999958872795104,0.9999992847442628,0.5436659455299377,0.543885350227356,-0.2275568097829818,0.9999969601631165,0.9999995231628418,0.5042403340339661,0.5409206748008728,-0.0479059107601642,0.9999761581420898,0.9999949932098388,0.5393499732017517,0.6401861906051636,-0.2462098896503448,0.9993398189544678,0.9999914169311525,0.4982912242412567,0.6199522018432617,-0.0253580305725336,0.7498583197593689,0.9999639987945556,0.519149899482727,0.7140688896179199,-0.2584518194198608,0.999528169631958,0.9999979734420776,0.4819251000881195,0.6807082891464233,-0.0950583517551422,0.8756541013717651,0.9999822378158568,0.549906313419342,0.6740419864654541,-0.0557288005948066,0.999921441078186,0.9999977350234984,0.5242146253585815,0.6654366254806519,0.0556794442236423,0.9998967051506042,0.999997854232788,0.4942581355571747,0.7333618998527527,-0.1317069083452224,0.986046314239502,0.9999935626983644,0.4752552211284637,0.7151741981506348,0.0048324861563742,0.8091681003570557,0.9999889135360718,0.5016160607337952,0.8503263592720032,-0.0515678152441978,0.9725500345230104,0.999908208847046,0.4835015535354614,0.8296381235122681,0.0864570066332817,0.8004125356674194,0.999959111213684,0.5085358023643494,0.866874635219574,-0.0472050905227661,0.8941882252693176,0.999632716178894,0.4903989434242248,0.8471307158470154,0.0922223702073097,0.7196024060249329,0.9999439716339112,0.4779805541038513,0.8908286690711975,-0.1086726859211921,0.9762264490127563,0.9993465542793274,0.4610781073570251,0.8677080869674683,0.0485173612833023,0.8476828336715698,0.999704658985138,False,False,False,False,False,False,False,False,False,False,False,False,False,False,False,False,False,False
567,11.34,0.5057647228240967,0.4856013059616089,-0.2303540706634521,0.9999961256980896,0.9999992847442628,0.5231646299362183,0.4794656336307525,-0.21741883456707,0.9999961256980896,0.9999991655349731,0.5453491806983948,0.5432359576225281,-0.2277027815580368,0.9999971389770508,0.9999996423721312,0.5055136680603027,0.5395869612693787,-0.0501563586294651,0.9999738335609436,0.999991774559021,0.540848970413208,0.639208972454071,-0.2453103065490722,0.9993554949760436,0.9999936819076538,0.4999557435512543,0.6169079542160034,-0.026394909247756,0.7210921049118042,0.9999403953552246,0.5207276940345764,0.7124261260032654,-0.2586176693439483,0.9995239973068236,0.9999985694885254,0.4842406511306762,0.6788793802261353,-0.0925392806529998,0.8404964804649353,0.9999620914459229,0.5499029159545898,0.6738940477371216,-0.0557127222418785,0.999926507472992,0.9999984502792358,0.5241340398788452,0.665398120880127,0.055662702769041,0.9999011158943176,0.999997854232788,0.4941590428352356,0.7340677380561829,-0.1338262110948562,0.9854490756988524,0.9999949932098388,0.4753477871417999,0.7151445150375366,0.0027075035031884,0.8062319159507751,0.9999860525131226,0.501528263092041,0.8503559231758118,-0.0494210645556449,0.9723488092422484,0.9999231100082396,0.4838353991508484,0.8296645879745483,0.0861099436879158,0.8019092082977295,0.999953031539917,0.5084142684936523,0.8668850064277649,-0.0445319414138793,0.8908402919769287,0.9996875524520874,0.4906152784824371,0.847003161907196,0.0921805128455162,0.7215892672538757,0.9999371767044068,0.4780718684196472,0.8908304572105408,-0.1052979901432991,0.9759472012519836,0.9993752837181092,0.4611242711544037,0.8672713041305542,0.048655416816473,0.8485112190246582,0.9996544122695924,False,False,False,False,False,False,False,False,False,False,False,False,False,False,False,False,False,False
568,11.36,0.5071008205413818,0.4844982028007507,-0.2074831277132034,0.9999961853027344,0.9999988079071044,0.5245690941810608,0.4783152937889099,-0.1973268240690231,0.999996304512024,0.999998927116394,0.5470329523086548,0.5424296855926514,-0.2130284458398819,0.9999973177909852,0.9999996423721312,0.5069226622581482,0.5393658876419067,-0.0325385257601738,0.9999719262123108,0.9999918937683104,0.5419032573699951,0.6388226747512817,-0.2339317798614502,0.999345600605011,0.9999932050704956,0.5011327266693115,0.6163772940635681,-0.0170631986111402,0.6869046688079834,0.9999425411224364,0.5225714445114136,0.711538553237915,-0.2499191164970398,0.9994794726371764,0.9999982118606568,0.4865843057632446,0.6761913299560547,-0.0877218097448349,0.8000169396400452,0.9999663829803468,0.549904465675354,0.6751578450202942,-0.0557850636541843,0.9999317526817322,0.9999986886978148,0.5241739749908447,0.6659706234931946,0.0557364858686924,0.9999066591262816,0.9999982118606568,0.4952096939086914,0.7357703447341919,-0.137526273727417,0.984796702861786,0.9999948740005492,0.4756928980350494,0.7148604393005371,-0.0003808844776358,0.8033344149589539,0.9999864101409912,0.5015149116516113,0.8503400683403015,-0.0502197556197643,0.9714382886886596,0.9999138116836548,0.4840273559093475,0.829750657081604,0.0718095302581787,0.8004775643348694,0.9999481439590454,0.5083932280540466,0.8663671612739563,-0.0457395315170288,0.8861314058303833,0.9996541738510132,0.4905833601951599,0.8470202684402466,0.0770806223154068,0.7216749787330627,0.9999287128448486,0.478153645992279,0.8913459777832031,-0.1061087846755981,0.9752649068832396,0.999315857887268,0.4609955847263336,0.8672837615013123,0.0326124988496303,0.8477119207382202,0.9995993971824646,False,False,False,False,False,False,False,False,False,False,False,False,False,False,False,False,False,False
569,11.38,0.5082800984382629,0.4841861724853515,-0.1989642977714538,0.9999960660934448,0.999997854232788,0.5257354974746704,0.4777439832687378,-0.1906259506940841,0.999996304512024,0.9999980926513672,0.5483847260475159,0.5420566201210022,-0.204562246799469,0.9999974370002748,0.9999996423721312,0.5082986950874329,0.5384361743927002,-0.0315715335309505,0.9999702572822572,0.999992609024048,0.5428457260131836,0.6387000679969788,-0.2203392833471298,0.9993231296539308,0.9999933242797852,0.5022923350334167,0.6159178018569946,-0.0146945817396044,0.6604849696159363,0.9999536275863647,0.5239213705062866,0.7107111215591431,-0.2321089655160904,0.9994148015975952,0.9999982118606568,0.4881668388843536,0.6744590997695923,-0.0791411474347114,0.7658315896987915,0.9999685287475586,0.5497947335243225,0.6757123470306396,-0.0549469366669654,0.9999368786811828,0.9999990463256836,0.5241628289222717,0.6660240888595581,0.0549062602221965,0.9999126195907592,0.9999988079071044,0.4955439865589142,0.7363955974578857,-0.1296717375516891,0.9846112132072448,0.9999958276748656,0.475814551115036,0.714762806892395,-0.0010552725289016,0.806664764881134,0.99998939037323,0.5016123652458191,0.8499959111213684,-0.0380342677235603,0.9712159037590028,0.9999288320541382,0.4840445816516876,0.8298149108886719,0.0721988826990127,0.8027988076210022,0.9999566078186036,0.5083914399147034,0.8661124110221863,-0.0318373702466487,0.8822637796401978,0.9997214674949646,0.4905934631824493,0.8469346165657043,0.0780438631772995,0.7225602269172668,0.9999430179595948,0.4782587587833404,0.8913456201553345,-0.0868222340941429,0.9749670624732972,0.9993610978126526,0.4608722329139709,0.8672947287559509,0.0348999015986919,0.8491872549057007,0.99962317943573,False,False,False,False,False,False,False,False,False,False,False,False,False,False,False,False,False,False
570,11.4,0.509780764579773,0.4830396771430969,-0.1941409856081009,0.9999961853027344,0.999998927116394,0.5276432037353516,0.4770183563232422,-0.1795083433389663,0.9999964237213136,0.999998927116394,0.5492779612541199,0.541234016418457,-0.1939038187265396,0.9999975562095642,0.9999996423721312,0.5093203783035278,0.5379692316055298,-0.023374605923891,0.9999676942825316,0.9999908208847046,0.543821394443512,0.6382587552070618,-0.2131236642599105,0.999323070049286,0.9999924898147584,0.5031191110610962,0.6155280470848083,-0.0110542364418506,0.6310314536094666,0.9999336004257202,0.5255681872367859,0.7106031179428101,-0.228931188583374,0.9993836283683776,0.9999982118606568,0.4894073605537414,0.6737567782402039,-0.0769433677196502,0.7313592433929443,0.9999618530273438,0.5495817065238953,0.6762428283691406,-0.0546945519745349,0.999941110610962,0.999998927116394,0.5241402983665466,0.6668963432312012,0.0546571835875511,0.9999169111251832,0.9999984502792358,0.4953794777393341,0.7363101243972778,-0.1266604363918304,0.984646499156952,0.9999957084655762,0.4757581353187561,0.7139438986778259,-0.0109874876216053,0.8101184368133545,0.999988317489624,0.5016106367111206,0.849702775478363,-0.0415441878139972,0.97209894657135,0.9999324083328248,0.484039306640625,0.8298666477203369,0.061794739216566,0.8071673512458801,0.9999655485153198,0.5083873271942139,0.8659830689430237,-0.0354757197201252,0.8841406106948853,0.9997262358665466,0.4905972480773926,0.8469510078430176,0.0674531459808349,0.728676974773407,0.9999524354934692,0.4781872630119324,0.8913803100585938,-0.0910105407238006,0.975691020488739,0.9993433356285096,0.4604563415050506,0.8672719597816467,0.0257619693875312,0.8527565002441406,0.9996734857559204,False,False,False,False,False,False,False,False,False,False,False,False,False,False,False,False,False,False
571,11.42,0.5106601715087891,0.4816199839115143,-0.1792528629302978,0.999996304512024,0.999998927116394,0.5285936594009399,0.4763306677341461,-0.1684460937976837,0.999996542930603,0.9999986886978148,0.5500109791755676,0.5408627986907959,-0.183071881532669,0.9999976754188538,0.9999996423721312,0.5102892518043518,0.5378049612045288,-0.0146836247295141,0.9999684691429138,0.9999959468841552,0.5440993905067444,0.6380972266197205,-0.2017432302236557,0.999328076839447,0.9999924898147584,0.5035789012908936,0.6160673499107361,0.0026696748100221,0.6334210634231567,0.9999728202819824,0.5267720222473145,0.7104472517967224,-0.2154691368341446,0.9993839263916016,0.9999986886978148,0.4895265400409698,0.6743524670600891,-0.0566477142274379,0.7411630153656006,0.999992847442627,0.5494261980056763,0.6767837405204773,-0.0541228242218494,0.9999454021453856,0.9999990463256836,0.5240752100944519,0.668129026889801,0.0540888123214244,0.9999225735664368,0.9999990463256836,0.4951817691326141,0.7343418002128601,-0.1315147131681442,0.9854223132133484,0.9999972581863404,0.4756985604763031,0.7138687968254089,-0.0247064866125583,0.8209714293479919,0.9999949932098388,0.5016763210296631,0.8492673635482788,-0.0437932424247264,0.9736751317977904,0.9999675750732422,0.4840354323387146,0.8300289511680603,0.0499896854162216,0.8171485066413879,0.9999818801879884,0.5084285140037537,0.865705132484436,-0.0375501178205013,0.8891043066978455,0.999868869781494,0.4905920922756195,0.8471670150756836,0.0558293089270591,0.7403054237365723,0.9999743700027466,0.4781741499900818,0.8913708329200745,-0.0923549234867096,0.9771251082420348,0.999682068824768,0.4598250091075897,0.8673489689826965,0.0151903741061687,0.8611372113227844,0.999819815158844,False,False,False,False,False,False,False,False,False,False,False,False,False,False,False,False,False,False
572,11.44,0.5117923021316528,0.4807543754577636,-0.1896372139453888,0.9999963641166688,0.999998927116394,0.5296233296394348,0.4757686555385589,-0.1801933348178863,0.9999966025352478,0.999998927116394,0.5508418679237366,0.5407893657684326,-0.1942808032035827,0.9999977946281432,0.9999997615814208,0.5113629102706909,0.5373556613922119,-0.0205219332128763,0.9999685287475586,0.9999947547912598,0.5451465845108032,0.6381108164787292,-0.2141260951757431,0.9993270635604858,0.9999946355819702,0.5040282607078552,0.6160460710525513,-0.0033249061089009,0.6184638738632202,0.9999637603759766,0.5274876356124878,0.7108218669891357,-0.2295185923576355,0.99936705827713,0.999998927116394,0.4900988638401031,0.6740884780883789,-0.0633368715643882,0.726586103439331,0.9999849796295166,0.5492960810661316,0.676952064037323,-0.0541326776146888,0.9999494552612304,0.9999992847442628,0.5239222049713135,0.6682261228561401,0.0540980473160743,0.999927580356598,0.9999990463256836,0.4950799942016601,0.7332663536071777,-0.1330063939094543,0.985486090183258,0.99999737739563,0.4756507873535156,0.7137879729270935,-0.0297986809164285,0.8262583613395691,0.9999935626983644,0.5018336176872253,0.8493359684944153,-0.0491226091980934,0.974258542060852,0.9999630451202391,0.484015941619873,0.8305642604827881,0.0432609654963016,0.8223025798797607,0.9999783039093018,0.5085275769233704,0.8657617568969727,-0.0436315722763538,0.8895177841186523,0.9998507499694824,0.4905613362789154,0.8477530479431152,0.0486704111099243,0.7464689016342163,0.9999693632125854,0.4780484139919281,0.8913567066192627,-0.0996789261698722,0.9777325987815856,0.999663233757019,0.4597567021846771,0.8675203323364258,0.0051488974131643,0.8659917116165161,0.9997945427894592,False,False,False,False,False,False,False,False,False,False,False,False,False,False,False,False,False,False
573,11.46,0.5130900740623474,0.4804222881793976,-0.1812155246734619,0.9999962449073792,0.9999982118606568,0.5307967662811279,0.4753438234329223,-0.172198936343193,0.999996542930603,0.9999983310699464,0.5519304871559143,0.5406135320663452,-0.1852021664381027,0.999997854232788,0.9999995231628418,0.5118482112884521,0.5370543003082275,-0.0172654893249273,0.9999682307243348,0.999992847442627,0.545396089553833,0.6380977034568787,-0.2032118141651153,0.9993184804916382,0.9999923706054688,0.5046340227127075,0.6159856915473938,0.0034830090589821,0.6096456050872803,0.9999501705169678,0.527999758720398,0.711168646812439,-0.2158086150884628,0.9993417859077454,0.9999985694885254,0.4899811744689941,0.6751130223274231,-0.0489193722605705,0.7172713279724121,0.999980330467224,0.5492165684700012,0.6767982244491577,-0.0527412146329879,0.9999535083770752,0.9999995231628418,0.5238997936248779,0.6684637665748596,0.0527115613222122,0.9999330043792723,0.9999992847442628,0.4949928820133209,0.7305436730384827,-0.1367445439100265,0.986161470413208,0.999997854232788,0.4756315052509308,0.7137242555618286,-0.0449980534613132,0.8373934030532837,0.9999948740005492,0.5018441677093506,0.849338173866272,-0.0520653836429119,0.975737988948822,0.999981164932251,0.4839499592781067,0.830504834651947,0.029810007661581,0.8332564830780029,0.9999864101409912,0.5085207223892212,0.865767240524292,-0.0461802445352077,0.8939311504364014,0.9999270439147948,0.4905676543712616,0.8475483655929565,0.0356083549559116,0.7578951120376587,0.99998140335083,0.4780456125736236,0.8914651274681091,-0.1008588373661041,0.9790337681770324,0.9997552037239076,0.4597046077251434,0.8684677481651306,-0.0082745645195245,0.8744379281997681,0.9998249411582948,False,False,False,False,False,False,False,False,False,False,False,False,False,False,False,False,False,False
574,11.48,0.5142237544059753,0.4800588488578796,-0.1655874103307724,0.9999961853027344,0.9999983310699464,0.5317310094833374,0.4750395119190216,-0.1571651101112365,0.999996542930603,0.9999984502792358,0.5531908273696899,0.5402149558067322,-0.1722633093595504,0.9999979138374328,0.9999995231628418,0.5126404762268066,0.536721408367157,-0.0098395431414246,0.9999672770500184,0.9999910593032836,0.5471779108047485,0.6371886730194092,-0.1947329938411712,0.9993382692337036,0.9999938011169434,0.5054246187210083,0.615929126739502,0.0039085038006305,0.6076078414916992,0.9999434947967528,0.5291455388069153,0.7107740044593811,-0.2137868404388427,0.999360978603363,0.9999990463256836,0.4900436401367187,0.6755322217941284,-0.0529281832277774,0.7119553685188293,0.9999775886535645,0.5487867593765259,0.6769576668739319,-0.0509687103331089,0.999957263469696,0.9999995231628418,0.5237690210342407,0.668826162815094,0.0509387589991092,0.999937891960144,0.9999994039535522,0.4956462979316711,0.730090320110321,-0.1375961899757385,0.986979067325592,0.9999979734420776,0.4756124913692474,0.7126539349555969,-0.0501023344695568,0.8488667607307434,0.9999943971633912,0.5019673109054565,0.8493583798408508,-0.0608328729867935,0.9775806665420532,0.9999812841415404,0.4834909737110138,0.8300310969352722,0.0198051370680332,0.8446378111839294,0.9999877214431764,0.5084134340286255,0.8662245869636536,-0.0560712218284606,0.9004291296005249,0.9999226331710817,0.4902986586093902,0.8472195863723755,0.0250743813812732,0.7713876366615295,0.9999825954437256,0.4780383706092834,0.8917422890663147,-0.1138235256075859,0.9806017875671388,0.9997209906578064,0.4599747955799103,0.868715226650238,-0.0196390822529792,0.8831997513771057,0.9998262524604796,False,False,False,False,False,False,False,False,False,False,False,False,False,False,False,False,False,False
575,11.5,0.5153123736381531,0.4797109961509704,-0.1556117534637451,0.9999961256980896,0.999997854232788,0.5328871607780457,0.4749919176101684,-0.1468303799629211,0.999996542930603,0.9999977350234984,0.5540356040000916,0.5394700765609741,-0.1619253307580948,0.9999979734420776,0.9999994039535522,0.5135585069656372,0.536749541759491,-0.0040031024254858,0.9999673366546632,0.999993085861206,0.5475064516067505,0.6362780928611755,-0.1837159693241119,0.9993163347244264,0.999991774559021,0.5063287615776062,0.6159582734107971,0.009783923625946,0.6169821619987488,0.9999605417251588,0.5301593542098999,0.7099131345748901,-0.2037744522094726,0.9993370175361632,0.9999985694885254,0.4896590411663055,0.6761174201965332,-0.046236228197813,0.7160767912864685,0.999980926513672,0.5494797825813293,0.6770262718200684,-0.0500967353582382,0.9999605417251588,0.9999994039535522,0.5241687893867493,0.6694111824035645,0.0500561855733394,0.9999425411224364,0.9999992847442628,0.4960575401782989,0.7279353737831116,-0.1440818309783935,0.9875673055648804,0.9999964237213136,0.4755739867687225,0.7123591303825378,-0.0460661984980106,0.8587905764579773,0.9999921321868896,0.5020407438278198,0.8490625619888306,-0.0676510408520698,0.9788110256195068,0.9999701976776124,0.4834543466567993,0.8300538063049316,0.0204088315367698,0.8537435531616211,0.9999793767929076,0.5084115862846375,0.8662323951721191,-0.0623792372643947,0.9039355516433716,0.9998810291290284,0.4902727007865906,0.8472102284431458,0.0253382083028554,0.7804841995239258,0.9999722242355348,0.4780352711677551,0.8916349411010742,-0.1193747296929359,0.981665015220642,0.9995818734169006,0.4599804282188415,0.8688492774963379,-0.0199834294617176,0.8899226784706116,0.9997127652168274,False,False,False,False,False,False,False,False,False,False,False,False,False,False,False,False,False,False
576,11.52,0.5159587264060974,0.4795776903629303,-0.1768558174371719,0.999996304512024,0.9999991655349731,0.5337439775466919,0.4747234880924225,-0.166200503706932,0.9999966621398926,0.9999990463256836,0.5544379353523254,0.5391749143600464,-0.1790934056043625,0.9999980330467224,0.9999996423721312,0.5142531991004944,0.5365069508552551,-0.015097034163773,0.9999679327011108,0.9999953508377076,0.5484840273857117,0.6363167762756348,-0.198158711194992,0.9992914795875548,0.9999922513961792,0.5067185163497925,0.6155741214752197,0.002306752372533,0.6145526170730591,0.9999680519104004,0.5302028059959412,0.7094979882240295,-0.2146999984979629,0.999288022518158,0.9999983310699464,0.4900222718715668,0.6758049130439758,-0.0536621361970901,0.7164887189865112,0.999987244606018,0.5497320890426636,0.6769675016403198,-0.0503868348896503,0.9999632835388184,0.9999994039535522,0.5244408249855042,0.6692841649055481,0.050345242023468,0.9999462962150574,0.9999994039535522,0.4957479238510132,0.7278174161911011,-0.1371460258960724,0.9875559210777284,0.9999971389770508,0.4755441844463348,0.7123898267745972,-0.0388157181441783,0.8623163104057312,0.999994158744812,0.5021053552627563,0.8490873575210571,-0.0549928359687328,0.979022979736328,0.999968647956848,0.4834609031677246,0.8300708532333374,0.035803485661745,0.8568744659423828,0.9999822378158568,0.5084254145622253,0.8661776781082153,-0.0491289421916008,0.903740644454956,0.9998761415481568,0.4902783632278442,0.8472022414207458,0.041511908173561,0.7831106185913086,0.999975323677063,0.47816002368927,0.8917507529258728,-0.1005424261093139,0.981937289237976,0.9996340274810792,0.4599691033363342,0.8690531849861145,-0.0038886996917426,0.8926919102668762,0.999788224697113,False,False,False,False,False,False,False,False,False,False,False,False,False,False,False,False,False,False
577,11.54,0.5168374180793762,0.4794195592403412,-0.1656070053577423,0.9999964237213136,0.9999990463256836,0.5344586968421936,0.4744421541690826,-0.1532884240150451,0.999996781349182,0.9999988079071044,0.5554412603378296,0.5390820503234863,-0.1681210696697235,0.9999980926513672,0.9999995231628418,0.5149430632591248,0.5362980961799622,-0.0046383803710341,0.9999685287475586,0.9999948740005492,0.5497141480445862,0.636177122592926,-0.1903062164783477,0.9992976188659668,0.999990463256836,0.5074579119682312,0.6154027581214905,0.0089329667389392,0.6210482716560364,0.999963879585266,0.5309956669807434,0.7084622383117676,-0.2092091888189315,0.9992882013320924,0.9999979734420776,0.490347683429718,0.6750131249427795,-0.0527612119913101,0.7281309366226196,0.9999881982803344,0.5496370196342468,0.6770126819610596,-0.0505832880735397,0.9999661445617676,0.9999995231628418,0.5243427753448486,0.6693248748779297,0.0505412295460701,0.9999504089355468,0.9999994039535522,0.495676577091217,0.7277698516845703,-0.1336697936058044,0.988392174243927,0.9999971389770508,0.475519597530365,0.7123979926109314,-0.0359816513955593,0.8726846575737,0.9999942779541016,0.5021999478340149,0.8489346504211426,-0.0492743849754333,0.9805960655212402,0.9999761581420898,0.483438640832901,0.8299897909164429,0.0387250296771526,0.8671967387199402,0.9999871253967284,0.5086137056350708,0.8660482168197632,-0.0430686883628368,0.909805417060852,0.9999066591262816,0.4902790188789367,0.8469971418380737,0.0445945970714092,0.7962760329246521,0.9999818801879884,0.4781617224216461,0.8919767141342163,-0.0932569801807403,0.983260989189148,0.9996405839920044,0.4599723815917969,0.8697794079780579,0.0023173855151981,0.9003592729568481,0.999800145626068,False,False,False,False,False,False,False,False,False,False,False,False,False,False,False,False,False,False
578,11.56,0.5178183913230896,0.4792501926422119,-0.1492180675268173,0.9999964237213136,0.9999983310699464,0.5353028774261475,0.4743282198905945,-0.1379046142101287,0.9999968409538268,0.9999983310699464,0.5560239553451538,0.5387125015258789,-0.1541864424943924,0.999998152256012,0.9999995231628418,0.5154507160186768,0.5363174676895142,0.005919421557337,0.9999681115150452,0.9999923706054688,0.5496652722358704,0.6357841491699219,-0.1755768209695816,0.999306321144104,0.9999922513961792,0.5076500773429871,0.6154565215110779,0.0169795043766498,0.626518726348877,0.9999520778656006,0.5315041542053223,0.7081298232078552,-0.1942716240882873,0.9992992281913756,0.9999986886978148,0.4900146424770355,0.675355076789856,-0.0449572168290615,0.7309344410896301,0.9999808073043824,0.5496782660484314,0.6773149967193604,-0.0501721613109111,0.9999688267707824,0.9999995231628418,0.5244478583335876,0.6705752015113831,0.0501298904418945,0.9999540448188782,0.9999994039535522,0.4957574307918548,0.7273162007331848,-0.1400803625583648,0.9892343878746032,0.999997854232788,0.47550830245018,0.7119180560112,-0.042608369141817,0.8824599385261536,0.9999949932098388,0.5021955966949463,0.8482088446617126,-0.0539275556802749,0.9820903539657592,0.9999830722808838,0.4833005666732788,0.8297140598297119,0.0317059569060802,0.8769753575325012,0.9999879598617554,0.5083962678909302,0.8657666444778442,-0.0474634394049644,0.9156527519226074,0.999932050704956,0.4902787208557129,0.8469870090484619,0.0375469774007797,0.8084582090377808,0.9999834299087524,0.4782517552375793,0.8919711709022522,-0.0992012098431587,0.9845213294029236,0.9997336268424988,0.4599899649620056,0.8697737455368042,-0.0060355374589562,0.9075925946235656,0.9998192191123962,False,False,False,False,False,False,False,False,False,False,False,False,False,False,False,False,False,False
579,11.58,0.5183362364768982,0.4790579378604889,-0.1547830402851104,0.999996542930603,0.999998927116394,0.5360887050628662,0.4741936028003692,-0.1418215632438659,0.9999969005584716,0.9999986886978148,0.5564379096031189,0.538429856300354,-0.1557975858449936,0.9999982118606568,0.9999995231628418,0.516209065914154,0.5363301038742065,0.0019242956768721,0.999968647956848,0.9999946355819702,0.5502086281776428,0.6349776387214661,-0.1726284027099609,0.9992974400520324,0.9999921321868896,0.5081988573074341,0.6151788830757141,0.0159679297357797,0.6362261772155762,0.9999680519104004,0.5317344665527344,0.7074704766273499,-0.1875710189342498,0.9992942214012146,0.9999986886978148,0.4900912940502167,0.6755239963531494,-0.0443311519920825,0.7411602735519409,0.9999879598617554,0.5496191382408142,0.6773016452789307,-0.0499122180044651,0.999971091747284,0.9999995231628418,0.5243861079216003,0.6704694032669067,0.0498687513172626,0.9999572038650512,0.9999995231628418,0.4956877827644348,0.7268053889274597,-0.1394178569316864,0.9897823929786682,0.99999737739563,0.4754917025566101,0.7119570970535278,-0.039343100041151,0.8900655508041382,0.999994158744812,0.5021933317184448,0.8481419682502747,-0.0539285019040107,0.983201026916504,0.9999772310256958,0.4833018481731415,0.8292248845100403,0.035274937748909,0.8843093514442444,0.999987244606018,0.5082786679267883,0.8657941222190857,-0.0474850125610828,0.9192428588867188,0.9999102354049684,0.4902905225753784,0.8469244241714478,0.0411604195833206,0.8163145184516907,0.9999827146530152,0.4782498776912689,0.8920565247535706,-0.0995687022805213,0.98544442653656,0.999659299850464,0.4603246748447418,0.8697623610496521,-0.0013053541770204,0.9130257964134216,0.99981290102005,False,False,False,False,False,False,False,False,False,False,False,False,False,False,False,False,False,False
580,11.6,0.5189793705940247,0.4790438711643219,-0.1530531495809555,0.9999966025352478,0.9999988079071044,0.5367944240570068,0.47412770986557,-0.1371079534292221,0.9999969601631165,0.9999984502792358,0.5571168661117554,0.5379732251167297,-0.1516944020986557,0.9999982118606568,0.9999994039535522,0.5165164470672607,0.5363237261772156,0.0050618583336472,0.9999690651893616,0.9999940395355223,0.5507906675338745,0.6335577368736267,-0.1764449179172516,0.9992846250534058,0.9999891519546508,0.5083507895469666,0.61515212059021,0.0173803213983774,0.6475208401679993,0.9999607801437378,0.5323967337608337,0.7064163684844971,-0.2002875357866287,0.999289870262146,0.9999980926513672,0.4897612929344177,0.6755475997924805,-0.0435095094144344,0.752327024936676,0.9999864101409912,0.5502251982688904,0.6776062846183777,-0.0498143285512924,0.9999731183052064,0.9999994039535522,0.5245669484138489,0.6713067889213562,0.0497667454183101,0.99996018409729,0.9999994039535522,0.49573415517807,0.7267493009567261,-0.1485749632120132,0.9903843998908995,0.999996781349182,0.4754031896591186,0.7119797468185425,-0.047996561974287,0.8981635570526123,0.9999935626983644,0.5022293329238892,0.8480206727981567,-0.0617834329605102,0.9842134714126588,0.999975085258484,0.4832806587219238,0.8292862176895142,0.0241999085992574,0.8918852210044861,0.9999841451644896,0.508288562297821,0.8656318783760071,-0.0551840402185916,0.9227872490882874,0.9999003410339355,0.4902837574481964,0.8469280004501343,0.0298867356032133,0.8250972628593445,0.9999780654907228,0.4782449305057525,0.8919432759284973,-0.10871572047472,0.9863134622573853,0.999619483947754,0.4603376984596252,0.8697595596313477,-0.0142450770363211,0.918570637702942,0.9997479319572448,False,False,False,False,False,False,False,False,False,False,False,False,False,False,False,False,False,False
581,11.62,0.519372284412384,0.4789076745510101,-0.1652944236993789,0.9999966621398926,0.999998927116394,0.5372183918952942,0.4741364121437073,-0.1520542800426483,0.9999969601631165,0.9999986886978148,0.557267963886261,0.5376771688461304,-0.1654655635356903,0.9999982714653016,0.9999995231628418,0.517047107219696,0.5361549258232117,-0.0031455990392714,0.999969720840454,0.9999951124191284,0.5511035919189453,0.6332514882087708,-0.1857962757349014,0.999268114566803,0.999990701675415,0.5088836550712585,0.6150762438774109,0.0125537356361746,0.651717483997345,0.9999672174453736,0.5323039889335632,0.7056257128715515,-0.2038657963275909,0.9992607831954956,0.9999982118606568,0.4900940954685211,0.6754002571105957,-0.0479284040629863,0.759575366973877,0.9999887943267822,0.5500549674034119,0.6775636672973633,-0.0499486662447452,0.9999748468399048,0.9999995231628418,0.5245140790939331,0.6710779070854187,0.049900934100151,0.9999626278877258,0.9999994039535522,0.4956701397895813,0.7264422178268433,-0.147658571600914,0.9907716512680054,0.9999972581863404,0.4754240214824676,0.7119361758232117,-0.042623147368431,0.9032803773880004,0.9999943971633912,0.5022499561309814,0.8482247591018677,-0.0610526911914348,0.9849738478660583,0.9999792575836182,0.4831671714782715,0.8285402655601501,0.0311617851257324,0.8970596194267273,0.9999878406524658,0.5082718729972839,0.8656616806983948,-0.0546468347311019,0.9247385263442992,0.9999207258224488,0.4901796281337738,0.8462008833885193,0.0369248203933239,0.8299063444137573,0.9999836683273317,0.4782422184944153,0.8920109868049622,-0.1089532300829887,0.9869567155838012,0.9997205138206482,0.4603562355041504,0.8697589039802551,-0.0062336069531738,0.9225034117698668,0.9998431205749512,False,False,False,False,False,False,False,False,False,False,False,False,False,False,False,False,False,False
582,11.64,0.519784688949585,0.4788392186164856,-0.1576440632343292,0.9999964833259584,0.9999974966049194,0.5374630689620972,0.4741442501544952,-0.1446157991886139,0.9999968409538268,0.99999737739563,0.5583345890045166,0.5375733375549316,-0.1563154011964798,0.9999982714653016,0.9999994039535522,0.5172075033187866,0.5361193418502808,-0.0026246034540235,0.999969244003296,0.999991774559021,0.5514687299728394,0.633039653301239,-0.1795556992292404,0.9992483854293824,0.9999898672103882,0.5091373920440674,0.6150609850883484,0.0095452275127172,0.6603118777275085,0.9999524354934692,0.5329890847206116,0.70501309633255,-0.2046685069799423,0.9992653727531432,0.9999985694885254,0.4899883568286896,0.6754992008209229,-0.049298632889986,0.7662681937217712,0.999982476234436,0.5501231551170349,0.6775327324867249,-0.0492204241454601,0.9999764561653136,0.9999994039535522,0.5244733095169067,0.6710319519042969,0.0491676963865757,0.9999648928642272,0.9999994039535522,0.4960995614528656,0.7258157134056091,-0.1518652290105819,0.9912694692611694,0.9999970197677612,0.4753371775150299,0.7123144268989563,-0.0441487655043602,0.9101560115814208,0.999991774559021,0.5024576783180237,0.8482364416122437,-0.0703785493969917,0.9858959913253784,0.999974489212036,0.4831566512584686,0.8285784125328064,0.0308388359844684,0.9030274748802184,0.9999837875366212,0.5088383555412292,0.8657128810882568,-0.064689002931118,0.9276203513145448,0.9998915195465088,0.4901798665523529,0.8461140990257263,0.0367734096944332,0.836857259273529,0.9999779462814332,0.4781107902526855,0.8919422030448914,-0.1244215071201324,0.98773193359375,0.9995890259742736,0.4603429734706878,0.8697917461395264,-0.0085906935855746,0.9268888235092164,0.9997710585594176,False,False,False,False,False,False,False,False,False,False,False,False,False,False,False,False,False,False
583,11.66,0.5201224684715271,0.4789018929004669,-0.1634001582860946,0.9999961853027344,0.99999737739563,0.5375878810882568,0.4740289449691772,-0.1498197466135025,0.9999966025352478,0.9999974966049194,0.5587408542633057,0.5372430682182312,-0.159987524151802,0.9999982714653016,0.9999994039535522,0.5173887610435486,0.5360300540924072,-0.0046364101581275,0.99996817111969,0.9999902248382568,0.5518526434898376,0.6323170065879822,-0.1779877841472625,0.9991952776908876,0.9999889135360718,0.5094536542892456,0.614974856376648,0.0091065280139446,0.6613923907279968,0.9999418258666992,0.5333759784698486,0.7047290205955505,-0.1980641335248947,0.9992157816886902,0.9999982118606568,0.4900673925876617,0.6756395101547241,-0.0494874380528926,0.7604755163192749,0.9999706745147704,0.5502663850784302,0.6775180101394653,-0.0490932054817676,0.9999778866767884,0.9999995231628418,0.5244573950767517,0.6709339618682861,0.0490396171808242,0.9999668598175048,0.9999994039535522,0.496350347995758,0.7245131731033325,-0.1593930870294571,0.9916123747825624,0.9999969005584716,0.4752224683761596,0.7122682929039001,-0.0456007122993469,0.9157035946846008,0.9999920129776,0.5025397539138794,0.8478944897651672,-0.0694922283291816,0.9863519072532654,0.9999754428863524,0.4831800758838653,0.8282924890518188,0.031824741512537,0.9079846739768982,0.9999834299087524,0.5094336867332458,0.8651303052902222,-0.0629935190081596,0.9275028109550476,0.999904990196228,0.490321546792984,0.8457202911376953,0.0379699431359767,0.8410794734954834,0.9999786615371704,0.478571355342865,0.8915610313415527,-0.1210423856973648,0.9880627393722534,0.9996329545974731,0.460347831249237,0.8697712421417236,-0.0077605638653039,0.9301824569702148,0.9997567534446716,False,False,False,False,False,False,False,False,False,False,False,False,False,False,False,False,False,False
584,11.68,0.5202860236167908,0.478792667388916,-0.1587575078010559,0.9999959468841552,0.9999974966049194,0.5377761721611023,0.473903477191925,-0.148598164319992,0.9999964237213136,0.9999974966049194,0.5592383146286011,0.5372689962387085,-0.1591674536466598,0.9999982714653016,0.9999994039535522,0.5175693035125732,0.535764753818512,-0.0030360661912709,0.9999685287475586,0.9999939203262328,0.5522483587265015,0.6321687698364258,-0.175959825515747,0.9991930723190308,0.9999902248382568,0.5096527934074402,0.6146181225776672,0.0134939113631844,0.6725095510482788,0.999964475631714,0.5336055755615234,0.7044294476509094,-0.1945385634899139,0.9992235898971558,0.9999986886978148,0.4904823303222656,0.6748389005661011,-0.0446648858487606,0.7725155353546143,0.9999901056289672,0.5501915216445923,0.6774952411651611,-0.0489346869289875,0.9999792575836182,0.9999995231628418,0.5242724418640137,0.670898973941803,0.0488850809633731,0.9999688267707824,0.9999994039535522,0.4965189099311828,0.7246250510215759,-0.155845433473587,0.9920804500579834,0.9999970197677612,0.4751431345939636,0.7122637033462524,-0.0460042729973793,0.9217984676361084,0.9999938011169434,0.5025533437728882,0.8479008674621582,-0.0669892951846122,0.9871163964271544,0.999976634979248,0.4831793904304504,0.8283278346061707,0.0315865725278854,0.9136636257171632,0.9999865293502808,0.5094195604324341,0.8651174902915955,-0.0606741569936275,0.9296990633010864,0.9999098777770996,0.4903298020362854,0.8455348014831543,0.0377656705677509,0.8476330041885376,0.9999818801879884,0.4785619378089905,0.8915467858314514,-0.1175369918346405,0.988686203956604,0.9996851682662964,0.4603385627269745,0.869757354259491,-0.0079630566760897,0.9343745708465576,0.9998193383216858,False,False,False,False,False,False,False,False,False,False,False,False,False,False,False,False,False,False
585,11.7,0.520333468914032,0.4783899486064911,-0.1558010876178741,0.9999957084655762,0.9999970197677612,0.5382117629051208,0.473753809928894,-0.1437390893697738,0.9999962449073792,0.9999972581863404,0.5595575571060181,0.537335991859436,-0.1566604673862457,0.9999982714653016,0.9999992847442628,0.5178740620613098,0.5357251167297363,-4.593781341100112e-05,0.9999663829803468,0.9999862909317015,0.5522473454475403,0.6321823596954346,-0.179220825433731,0.9991687536239624,0.99998939037323,0.5098792314529419,0.6146324872970581,0.0113656390458345,0.6632908582687378,0.9999250173568726,0.5335941910743713,0.7041012048721313,-0.2006049305200576,0.999193549156189,0.9999982118606568,0.4906584322452545,0.674830973148346,-0.0459288842976093,0.7575485110282898,0.9999622106552124,0.5502156019210815,0.6774880290031433,-0.0490004085004329,0.9999805688858032,0.9999995231628418,0.5242622494697571,0.6708568930625916,0.0489505976438522,0.9999706149101256,0.9999994039535522,0.4964779317378998,0.7247268557548523,-0.1539056599140167,0.9922155141830444,0.999996781349182,0.4750768840312958,0.7122597098350525,-0.0454120300710201,0.9256040453910828,0.9999910593032836,0.5026183724403381,0.8474315404891968,-0.0654978454113006,0.9874610304832458,0.9999756813049316,0.4832282364368438,0.8288834095001221,0.0306432452052831,0.91690194606781,0.9999836683273317,0.5096974968910217,0.8646778464317322,-0.0592112503945827,0.9302010536193848,0.9999051094055176,0.4903367459774017,0.8459188342094421,0.0366817787289619,0.8513861894607544,0.99997878074646,0.4788108766078949,0.8915213346481323,-0.1157849133014679,0.9889418482780457,0.9996140599250792,0.4603388905525207,0.8699473142623901,-0.0080612702295184,0.9365430474281312,0.9997462630271912,False,False,False,False,False,False,False,False,False,False,False,False,False,False,False,False,False,False
586,11.72,0.5205186009407043,0.4784043431282043,-0.1542428284883499,0.9999955892562866,0.9999980926513672,0.5383750796318054,0.4736771583557129,-0.1430010348558426,0.9999961256980896,0.999997854232788,0.5597261190414429,0.5373856425285339,-0.154961958527565,0.9999982714653016,0.9999994039535522,0.5180055499076843,0.5356875658035278,5.932281419518404e-05,0.9999665021896362,0.9999932050704956,0.5524371266365051,0.631493866443634,-0.1757448464632034,0.999131977558136,0.9999891519546508,0.5099983811378479,0.6146268248558044,0.0124148027971386,0.6671685576438904,0.9999618530273438,0.5337165594100952,0.7036428451538086,-0.1976218074560165,0.9991621375083924,0.9999983310699464,0.4907511472702026,0.6749199032783508,-0.0463677421212196,0.7631337642669678,0.9999873638153076,0.5497139096260071,0.6774531602859497,-0.0488955751061439,0.9999817609786988,0.9999996423721312,0.523881196975708,0.6708025932312012,0.0488458909094333,0.9999723434448242,0.9999996423721312,0.4964376986026764,0.7248096466064453,-0.1526224017143249,0.9925537705421448,0.999997615814209,0.4748586416244507,0.7122665047645569,-0.0449489578604698,0.9298620223999025,0.9999948740005492,0.502696692943573,0.8474928736686707,-0.0648714005947113,0.9880441427230836,0.9999818801879884,0.483223557472229,0.8288293480873108,0.031083695590496,0.9209318161010742,0.9999898672103882,0.5099362134933472,0.86468106508255,-0.05872268602252,0.9318410754203796,0.9999281167984008,0.4904213845729828,0.8456094861030579,0.0373796857893466,0.8559756875038147,0.9999864101409912,0.4789157509803772,0.8914266228675842,-0.1154742091894149,0.9894171953201294,0.9997302889823914,0.460335373878479,0.869749128818512,-0.0063027720898389,0.9395431876182556,0.999852180480957,False,False,False,False,False,False,False,False,False,False,False,False,False,False,False,False,False,False
587,11.74,0.5207558274269104,0.4781474471092224,-0.1467017233371734,0.9999953508377076,0.99999737739563,0.5388047099113464,0.4736315906047821,-0.1354408115148544,0.9999960064888,0.99999737739563,0.5599144697189331,0.5373944640159607,-0.1505879461765289,0.9999982714653016,0.9999994039535522,0.5181321501731873,0.5356982946395874,0.0049067437648773,0.999964475631714,0.9999879598617554,0.5523611903190613,0.6316506266593933,-0.1762723922729492,0.9991320967674256,0.9999901056289672,0.5103180408477783,0.6146690249443054,0.0113742174580693,0.6577392220497131,0.9999358654022216,0.5336147546768188,0.7036362886428833,-0.2005080729722976,0.999155342578888,0.9999985694885254,0.4908102750778198,0.6750231981277466,-0.0472995899617672,0.7496029138565063,0.999970555305481,0.5497023463249207,0.6775088906288147,-0.0489449724555015,0.9999828934669496,0.9999996423721312,0.5237659215927124,0.6710569858551025,0.0488958097994327,0.9999738335609436,0.9999995231628418,0.4964083433151245,0.7246415019035339,-0.1541746109724044,0.9928484559059144,0.999997615814209,0.4747739732265472,0.7121166586875916,-0.0502338968217372,0.9337159991264344,0.9999936819076538,0.5026997923851013,0.8473467826843262,-0.0729788988828659,0.988645315170288,0.9999818801879884,0.4832569360733032,0.8287770748138428,0.0188552625477314,0.9248118996620178,0.9999901056289672,0.5099173784255981,0.8646168112754822,-0.0674612075090408,0.9342183470726012,0.9999264478683472,0.4908026754856109,0.8456825017929077,0.0241584572941064,0.8618686199188232,0.9999864101409912,0.4791236817836761,0.8897867202758789,-0.1263468861579895,0.9899333715438844,0.9997194409370422,0.4603706002235412,0.8695275187492371,-0.0217825286090374,0.9424723386764526,0.9998401403427124,False,False,False,False,False,False,False,False,False,False,False,False,False,False,False,False,False,False
588,11.76,0.5213872194290161,0.4780434370040893,-0.1479243785142898,0.999995231628418,0.9999971389770508,0.5391674637794495,0.4736146032810211,-0.1363878548145294,0.9999958872795104,0.9999971389770508,0.5599299669265747,0.5372476577758789,-0.1506192535161972,0.9999982118606568,0.9999992847442628,0.5182875990867615,0.5357042551040649,0.0041578281670808,0.9999629259109496,0.9999877214431764,0.5523236393928528,0.6317945718765259,-0.1747715920209884,0.9990876317024232,0.9999887943267822,0.510257363319397,0.6146993637084961,0.0111405123025178,0.6502889394760132,0.999935269355774,0.533453106880188,0.7035704255104065,-0.1979792863130569,0.9991015791893004,0.9999980926513672,0.4906400442123413,0.6751041412353516,-0.0485651940107345,0.7370706796646118,0.9999669790267944,0.549826979637146,0.6775259375572205,-0.0489464774727821,0.9999839067459106,0.9999996423721312,0.5237806439399719,0.6710994839668274,0.0488967522978782,0.9999752640724182,0.9999995231628418,0.4963865578174591,0.7247281670570374,-0.1533024162054062,0.9929850101470948,0.9999974966049194,0.4747326672077179,0.7121154069900513,-0.047317374497652,0.9362955093383788,0.9999932050704956,0.5027657747268677,0.8473536372184753,-0.0699446201324462,0.988978385925293,0.9999802112579346,0.483378916978836,0.8288264274597168,0.0250483825802803,0.9269875884056092,0.999988317489624,0.5099431276321411,0.8646234273910522,-0.0641182512044906,0.9350683689117432,0.9999194145202636,0.4909185469150543,0.8459143042564392,0.0306823533028364,0.8646546006202698,0.9999843835830688,0.4791643917560577,0.8898573517799377,-0.1217969730496406,0.990196168422699,0.9996671676635742,0.460388720035553,0.8695251941680908,-0.0147144338116049,0.9439919590950012,0.9998099207878112,False,False,False,False,False,False,False,False,False,False,False,False,False,False,False,False,False,False
589,11.78,0.5215451121330261,0.4779461324214935,-0.152589350938797,0.9999952912330629,0.9999983310699464,0.5391957759857178,0.4735622406005859,-0.1421933472156524,0.9999958872795104,0.9999979734420776,0.559913694858551,0.5372485518455505,-0.1550735682249069,0.9999982118606568,0.9999994039535522,0.5184305906295776,0.5356356501579285,0.0014655821723863,0.9999634623527528,0.9999927282333374,0.5524235963821411,0.6318791508674622,-0.1756899952888488,0.9990614652633668,0.9999895095825196,0.5102745890617371,0.6146658658981323,0.0105398036539554,0.6554719805717468,0.9999572038650512,0.5335380434989929,0.7037216424942017,-0.1966971755027771,0.9990766048431396,0.9999982118606568,0.4907251298427582,0.675151526927948,-0.049343604594469,0.743558406829834,0.9999850988388062,0.5496333241462708,0.6774998903274536,-0.0489510335028171,0.9999847412109376,0.9999996423721312,0.5235938429832458,0.6710581183433533,0.0489005483686924,0.9999765157699584,0.9999995231628418,0.4962182939052582,0.7237467169761658,-0.1536822468042373,0.9932041168212892,0.999997854232788,0.4746548235416412,0.7121464610099792,-0.0472440049052238,0.9389529824256896,0.9999946355819702,0.5028083324432373,0.847348690032959,-0.068263940513134,0.989310622215271,0.9999850988388062,0.4833784103393554,0.8288667798042297,0.0320419743657112,0.9294102191925048,0.9999903440475464,0.5100119113922119,0.8645471930503845,-0.0623828768730163,0.9357386827468872,0.9999401569366456,0.4909100830554962,0.8458846211433411,0.038558579981327,0.8667675256729126,0.999987244606018,0.4791815876960754,0.8898695707321167,-0.1201560050249099,0.990505576133728,0.9997538924217224,0.4604086875915527,0.8695178031921387,-0.0050742109306156,0.9458594918251038,0.9998531341552734,False,False,False,False,False,False,False,False,False,False,False,False,False,False,False,False,False,False
590,11.8,0.5218178033828735,0.4777864813804626,-0.1450086534023285,0.9999950528144836,0.999996781349182,0.5395692586898804,0.47345632314682,-0.1345803439617157,0.999995768070221,0.9999970197677612,0.5599897503852844,0.5372120141983032,-0.1506488919258117,0.9999982118606568,0.9999992847442628,0.5185733437538147,0.5355916023254395,0.0063194544054567,0.9999619126319884,0.9999874830245972,0.55239337682724,0.6318491101264954,-0.1755047738552093,0.9990711808204652,0.9999899864196776,0.5103011131286621,0.6146857142448425,0.0112403966486454,0.6477923393249512,0.9999362230300904,0.5333721041679382,0.7037525177001953,-0.1984768509864807,0.9990756511688232,0.9999984502792358,0.4908161163330078,0.6752029657363892,-0.0496101453900337,0.7310413718223572,0.9999690055847168,0.5496284365653992,0.6774842143058777,-0.0489685051143169,0.9999856352806092,0.9999996423721312,0.5235370993614197,0.6710593700408936,0.0489175841212272,0.9999776482582092,0.9999995231628418,0.4962107241153717,0.7237567901611328,-0.1566089987754821,0.9934809803962708,0.999997615814209,0.4746024012565613,0.7120919227600098,-0.0494002625346183,0.941921055316925,0.9999934434890748,0.502834677696228,0.8473111987113953,-0.0776436701416969,0.9898073673248292,0.9999812841415404,0.4834617972373962,0.8288459777832031,0.0176985077559947,0.932559609413147,0.9999891519546508,0.5100009441375732,0.8645198345184326,-0.0723180994391441,0.9379029273986816,0.9999233484268188,0.4911222159862518,0.8459580540657043,0.0226444732397794,0.8718515038490295,0.999984860420227,0.4796765148639679,0.8887864947319031,-0.131049558520317,0.9909365773200988,0.9997112154960632,0.4604459404945373,0.8693094253540039,-0.0235700961202383,0.9482698440551758,0.9998278617858888,False,False,False,False,False,False,False,False,False,False,False,False,False,False,False,False,False,False
591,11.82,0.5218199491500854,0.4777823686599731,-0.1505866348743438,0.9999948143959044,0.9999969005584716,0.5395179986953735,0.4733906090259552,-0.139561265707016,0.9999955892562866,0.9999970197677612,0.5600351691246033,0.5371381044387817,-0.1541580259799957,0.9999982118606568,0.9999994039535522,0.5186426639556885,0.5355138778686523,0.0033628589008003,0.9999605417251588,0.9999873638153076,0.5525748133659363,0.6316984295845032,-0.1776987463235855,0.9990562796592712,0.9999903440475464,0.5103364586830139,0.6146610379219055,0.0103977899998426,0.6402133107185364,0.9999351501464844,0.5332279205322266,0.7038437724113464,-0.1999716311693191,0.999054789543152,0.9999985694885254,0.4907928705215454,0.6752224564552307,-0.0514589585363864,0.7170891761779785,0.9999668598175048,0.5496618747711182,0.6774686574935913,-0.0489994809031486,0.9999862909317015,0.9999996423721312,0.5235533118247986,0.6710315346717834,0.0489488244056701,0.999978482723236,0.9999994039535522,0.4963176548480987,0.7238495945930481,-0.1558821499347686,0.9935148358345032,0.9999974966049194,0.4745984375476837,0.7119868993759155,-0.0491725206375122,0.9435986876487732,0.9999929666519164,0.5028817057609558,0.8472965359687805,-0.0775931775569915,0.9899853467941284,0.9999797344207764,0.4835085570812225,0.8290085196495056,0.0164905022829771,0.9341644644737244,0.9999878406524658,0.5100037455558777,0.8645080327987671,-0.0723795443773269,0.9379566311836244,0.9999167919158936,0.4911352097988128,0.8465657234191895,0.0213124118745327,0.8738621473312378,0.9999830722808838,0.480288028717041,0.8884662389755249,-0.1312715858221054,0.9910846948623656,0.9996968507766724,0.4604464769363403,0.8692365884780884,-0.0249504800885915,0.9494749307632446,0.9998136162757874,False,False,False,False,False,False,False,False,False,False,False,False,False,False,False,False,False,False
592,11.84,0.5218237042427063,0.4777034521102905,-0.1534668654203415,0.9999947547912598,0.999997615814209,0.539581298828125,0.4733398258686065,-0.1417633891105651,0.9999955296516418,0.9999974966049194,0.560110867023468,0.5371584296226501,-0.1562303751707077,0.9999982118606568,0.9999994039535522,0.5187626481056213,0.5354171991348267,0.0023285399656742,0.999960958957672,0.9999910593032836,0.5526511073112488,0.6317624449729919,-0.1789626330137252,0.9990420937538148,0.999990463256836,0.5102980732917786,0.6146498322486877,0.0101866135373711,0.6426665782928467,0.9999504089355468,0.5333260893821716,0.7038881182670593,-0.2005350887775421,0.9990503787994384,0.9999985694885254,0.4908048510551452,0.675249457359314,-0.0515063852071762,0.7215027213096619,0.999980926513672,0.5495497584342957,0.6774575710296631,-0.0489931516349315,0.9999869465827942,0.9999996423721312,0.5235505700111389,0.6710085272789001,0.0489418692886829,0.9999793767929076,0.9999995231628418,0.4963010251522064,0.7239043116569519,-0.155033066868782,0.9934899210929872,0.9999971389770508,0.4745891690254211,0.7119694352149963,-0.0476516745984554,0.9451717138290404,0.999992609024048,0.5028808116912842,0.8469114899635315,-0.0754635781049728,0.9899485111236572,0.9999784231185912,0.4835208654403686,0.8290143013000488,0.0207413733005523,0.9348469376564026,0.999986171722412,0.5100304484367371,0.864246666431427,-0.0693849325180053,0.937039077281952,0.9999154806137084,0.4912037551403045,0.8465754985809326,0.0256408415734767,0.8738365173339844,0.9999817609786988,0.4802476763725281,0.8885597586631775,-0.1248315051198005,0.991051435470581,0.999663472175598,0.4604350626468658,0.8692949414253235,-0.0215189475566148,0.9499247074127196,0.9997907280921936,False,False,False,False,False,False,False,False,False,False,False,False,False,False,False,False,False,False
593,11.86,0.5217894911766052,0.477549284696579,-0.1552455127239227,0.9999946355819702,0.999997615814209,0.5397745966911316,0.4733517169952392,-0.1431951522827148,0.9999954700469972,0.9999979734420776,0.5603588223457336,0.5372713804244995,-0.1566972881555557,0.9999982118606568,0.9999995231628418,0.5188474059104919,0.5353778600692749,-0.0007289861096069,0.9999599456787108,0.9999878406524658,0.552751362323761,0.6318175792694092,-0.183551475405693,0.9990333914756776,0.9999912977218628,0.5102853775024414,0.6146588325500488,0.0046316077932715,0.6304826736450195,0.999925971031189,0.533552885055542,0.7039533257484436,-0.2128953337669372,0.999043583869934,0.9999988079071044,0.4908073842525482,0.6752104163169861,-0.0568510256707668,0.7024524807929993,0.9999630451202391,0.5490792393684387,0.6772260665893555,-0.0488234795629978,0.9999876022338868,0.9999996423721312,0.5231488347053528,0.6707909107208252,0.0487727001309394,0.999980092048645,0.9999995231628418,0.496320366859436,0.7239260673522949,-0.1587396264076233,0.9935479164123536,0.9999982118606568,0.4745627045631408,0.7119812369346619,-0.052918117493391,0.946751832962036,0.9999942779541016,0.502906084060669,0.8470996618270874,-0.0781087428331375,0.990081787109375,0.9999860525131226,0.483519047498703,0.8291283845901489,0.0174577254801988,0.936141848564148,0.9999903440475464,0.5100529789924622,0.8643440008163452,-0.0724539384245872,0.9367867112159728,0.99994158744812,0.4912021458148956,0.8468494415283203,0.0227640103548765,0.875222384929657,0.9999865293502808,0.4802751243114471,0.8885266780853271,-0.1316694319248199,0.9911870360374452,0.9997866749763488,0.4604304730892181,0.8692945837974548,-0.0241983104497194,0.951066553592682,0.9998586177825928,False,False,False,False,False,False,False,False,False,False,False,False,False,False,False,False,False,False
594,11.88,0.5216161012649536,0.4775625765323639,-0.1517259180545807,0.9999942779541016,0.999996781349182,0.5397080183029175,0.4733595848083496,-0.1416407376527786,0.9999951720237732,0.999996542930603,0.5604822039604187,0.5373256802558899,-0.1550285816192627,0.999998152256012,0.9999991655349731,0.518893837928772,0.5353453159332275,0.0012253965251147,0.9999602437019348,0.999990463256836,0.5529464483261108,0.6317034363746643,-0.18180912733078,0.999038815498352,0.9999890327453612,0.5104795694351196,0.6146692633628845,0.0084380768239498,0.6352026462554932,0.9999510049819946,0.5335280895233154,0.7033671140670776,-0.2110208570957183,0.9990460872650146,0.9999984502792358,0.4908197522163391,0.6750422120094299,-0.0526778288185596,0.7106334567070007,0.9999831914901732,0.5486732125282288,0.6772163510322571,-0.048807181417942,0.9999881982803344,0.9999996423721312,0.5230579376220703,0.6708984971046448,0.048756469041109,0.9999810457229614,0.9999995231628418,0.4961359798908233,0.723957359790802,-0.160573348402977,0.9937387704849244,0.9999972581863404,0.4746020138263702,0.711980402469635,-0.0600901208817958,0.9497786164283752,0.9999945163726808,0.5028856992721558,0.8463432788848877,-0.0754830911755561,0.9903297424316406,0.9999808073043824,0.4835014045238495,0.8287929892539978,0.0109900049865245,0.9390748143196106,0.9999892711639404,0.5099534392356873,0.8635976314544678,-0.0695647895336151,0.9377015829086304,0.9999269247055054,0.4912837445735931,0.8465054035186768,0.0165248624980449,0.8797458410263062,0.9999849796295166,0.4814394116401672,0.8883898854255676,-0.1277609169483184,0.9913944602012634,0.9997228980064392,0.460739254951477,0.8692243099212646,-0.0292736813426017,0.9532403945922852,0.9998277425765992,False,False,False,False,False,False,False,False,False,False,False,False,False,False,False,False,False,False
595,11.9,0.5216307640075684,0.4775785803794861,-0.1518394649028778,0.999993622303009,0.9999957084655762,0.539621114730835,0.4733721017837524,-0.1418881714344024,0.9999947547912598,0.9999964237213136,0.5604025721549988,0.5373134613037109,-0.1551343351602554,0.9999980926513672,0.9999992847442628,0.5188177227973938,0.535131573677063,0.0006183963851071,0.999958634376526,0.9999855756759644,0.5528980493545532,0.631679356098175,-0.1814058274030685,0.9990386962890624,0.9999910593032836,0.5104509592056274,0.6146764159202576,0.0083949929103255,0.6278620362281799,0.9999279975891112,0.5334843993186951,0.703429639339447,-0.2104879170656204,0.9990400075912476,0.9999986886978148,0.4908016324043274,0.6750938296318054,-0.0527338422834873,0.6968442797660828,0.999963641166687,0.548150360584259,0.6771157383918762,-0.048722255975008,0.9999887347221376,0.9999996423721312,0.5225542187690735,0.6709316372871399,0.0486715510487556,0.999981701374054,0.9999995231628418,0.4961295127868652,0.7233006954193115,-0.1656792759895324,0.9938978552818298,0.9999980926513672,0.4745863676071167,0.71197909116745,-0.0626785680651664,0.9518416523933412,0.9999942779541016,0.5028817653656006,0.8462957739830017,-0.0859212651848793,0.99062579870224,0.9999862909317015,0.4834417700767517,0.8286466002464294,0.0054183872416615,0.9413396120071412,0.9999910593032836,0.5099690556526184,0.8634969592094421,-0.0805597379803657,0.9387413859367372,0.9999436140060424,0.4912750124931335,0.8464080095291138,0.0105825653299689,0.8832795023918152,0.9999874830245972,0.4814197421073913,0.8881083130836487,-0.1407244950532913,0.9916545748710632,0.999777615070343,0.4607012867927551,0.8691679239273071,-0.0367419943213462,0.9549795985221864,0.9998542070388794,False,False,False,False,False,False,False,False,False,False,False,False,False,False,False,False,False,False
596,11.92,0.5216525197029114,0.4775586724281311,-0.1463288217782974,0.9999932050704956,0.9999960660934448,0.539788007736206,0.4733792841434479,-0.1348798274993896,0.999994456768036,0.9999961853027344,0.560431182384491,0.5373172163963318,-0.1494438797235489,0.9999980330467224,0.9999991655349731,0.5187601447105408,0.5351213812828064,0.007704499643296,0.9999582767486572,0.9999885559082032,0.5529173016548157,0.631705105304718,-0.1750837117433548,0.999042510986328,0.99998939037323,0.5105251669883728,0.6146828532218933,0.0153882447630167,0.6270068883895874,0.9999419450759888,0.5334618091583252,0.703401505947113,-0.2016143947839737,0.9990317821502686,0.9999982118606568,0.4908821284770965,0.67481529712677,-0.0472574308514595,0.6989861130714417,0.9999788999557496,0.5481864809989929,0.677314817905426,-0.0487879551947116,0.9999892115592957,0.9999996423721312,0.5225294232368469,0.6717877984046936,0.0487370677292346,0.9999824166297911,0.9999995231628418,0.4959479868412018,0.723354160785675,-0.1676133275032043,0.9941228628158568,0.9999974966049194,0.4746937751770019,0.7120054960250854,-0.0650432780385017,0.9544124603271484,0.9999947547912598,0.5028561949729919,0.8461329340934753,-0.0833711102604866,0.9909144043922424,0.9999821186065674,0.4833985567092895,0.8286533355712891,0.0041524535045027,0.9440721869468688,0.99998939037323,0.5099650621414185,0.8631525635719299,-0.0774479880928993,0.9402124881744384,0.9999306201934814,0.4912850260734558,0.8465283513069153,0.0094873709604144,0.8877038955688477,0.999984860420227,0.4813294112682342,0.8881351351737976,-0.1359882354736328,0.9919154047966005,0.999737560749054,0.4607427418231964,0.8691572546958923,-0.0377867445349693,0.957041323184967,0.9998283386230468,False,False,False,False,False,False,False,False,False,False,False,False,False,False,False,False,False,False
597,11.94,0.5218103528022766,0.4774448573589325,-0.1646930277347564,0.9999932050704956,0.99999737739563,0.5399966835975647,0.4733870029449463,-0.1476825326681137,0.9999943375587464,0.9999971389770508,0.5603578686714172,0.5373165607452393,-0.1566992700099945,0.9999980330467224,0.9999992847442628,0.5187010169029236,0.5350714921951294,-0.0057549932971596,0.99995756149292,0.9999868869781494,0.5528417229652405,0.6317123174667358,-0.1777561753988266,0.9990124106407166,0.99998939037323,0.5104912519454956,0.6146723628044128,0.0009658291819505,0.6263216137886047,0.9999327659606934,0.5334064364433289,0.7034144997596741,-0.203031986951828,0.9989871978759766,0.9999985694885254,0.4908530414104461,0.6753544211387634,-0.0607110112905502,0.6903248429298401,0.9999651908874512,0.5482653975486755,0.6769075989723206,-0.0486651770770549,0.99998939037323,0.9999996423721312,0.5225334763526917,0.671352744102478,0.04861406609416,0.9999826550483704,0.9999994039535522,0.4961028695106506,0.7232608199119568,-0.1653898805379867,0.9938703775405884,0.999997615814209,0.4747012257575989,0.7118819355964661,-0.0616821497678756,0.9543774724006652,0.9999934434890748,0.5028514862060547,0.846146285533905,-0.0822706073522567,0.9905672669410706,0.9999805688858032,0.4834125638008117,0.8287976980209351,0.0085704429075121,0.9439871907234192,0.9999881982803344,0.5098866820335388,0.8631669878959656,-0.0766215249896049,0.9370223879814148,0.999921441078186,0.4912940263748169,0.8467902541160583,0.0139005426317453,0.88646399974823,0.999983549118042,0.4812773168087005,0.8880423903465271,-0.1364784240722656,0.9916143417358398,0.9997207522392272,0.4607253968715668,0.8691562414169312,-0.0336205326020717,0.9568334817886353,0.9998194575309752,False,False,False,False,False,False,False,False,False,False,False,False,False,False,False,False,False,False
598,11.96,0.5218042731285095,0.4774172604084015,-0.1596011817455291,0.9999932050704956,0.999996542930603,0.5400258898735046,0.4733970463275909,-0.1454642862081527,0.9999943971633912,0.999996542930603,0.5604156255722046,0.537498950958252,-0.1565304696559906,0.9999980330467224,0.9999992847442628,0.5186764001846313,0.535050630569458,-0.0046385251916944,0.9999573826789856,0.9999899864196776,0.5528753995895386,0.6321460604667664,-0.1782808899879455,0.9990286827087402,0.999990463256836,0.5104541182518005,0.6146779656410217,0.0018737172940745,0.6300585865974426,0.9999450445175172,0.533361554145813,0.703463613986969,-0.202392503619194,0.9989983439445496,0.9999984502792358,0.4908443987369537,0.6753637194633484,-0.0597722604870796,0.6924525499343872,0.9999722242355348,0.5487673878669739,0.6771754622459412,-0.0486699528992176,0.9999898672103882,0.9999996423721312,0.5227274894714355,0.6714277267456055,0.0486190766096115,0.9999833703041076,0.9999995231628418,0.4960986673831939,0.7232950925827026,-0.1549063622951507,0.9940890669822692,0.9999974966049194,0.47459277510643,0.7119255661964417,-0.0547404326498508,0.9564080834388732,0.9999936819076538,0.5029955506324768,0.8461942076683044,-0.0666201338171958,0.9909336566925048,0.9999796152114868,0.4834815561771393,0.828195333480835,0.0209313966333866,0.9460779428482056,0.9999895095825196,0.5099568963050842,0.8631908297538757,-0.0601959899067878,0.9384952783584596,0.999918818473816,0.491397500038147,0.8459471464157104,0.0269731320440769,0.8896176815032959,0.999985694885254,0.4812463521957397,0.8880566358566284,-0.1169875189661979,0.9919008612632751,0.999663472175598,0.4607641398906708,0.8688976764678955,-0.0174099449068307,0.9582878351211548,0.999817430973053,False,False,False,False,False,False,False,False,False,False,False,False,False,False,False,False,False,False
599,11.98,0.5217511653900146,0.4774283468723297,-0.1647748798131942,0.9999932050704956,0.999997615814209,0.5399468541145325,0.4734040200710296,-0.1523018777370453,0.9999943971633912,0.9999979734420776,0.5603721737861633,0.5375065207481384,-0.1627154201269149,0.9999980926513672,0.9999995231628418,0.5186701416969299,0.5349153280258179,-0.0058707473799586,0.999957799911499,0.9999905824661256,0.552912712097168,0.6320181488990784,-0.1832955032587051,0.9990333914756776,0.9999914169311525,0.5104179978370667,0.6146827340126038,0.0025896395090967,0.6247040629386902,0.9999406337738036,0.5333694815635681,0.7034832239151001,-0.2058062553405761,0.9990035891532898,0.9999986886978148,0.4908282458782196,0.675468921661377,-0.0589960254728794,0.6870697140693665,0.9999736547470092,0.5483610033988953,0.6771060228347778,-0.0486893095076084,0.999990165233612,0.9999996423721312,0.5225890874862671,0.6712677478790283,0.0486391596496105,0.9999837279319764,0.9999995231628418,0.4961179494857788,0.7237100005149841,-0.1608948856592178,0.9941970109939576,0.9999980926513672,0.4746262431144714,0.7119284868240356,-0.0545831285417079,0.9568719863891602,0.9999946355819702,0.5030043721199036,0.8463636040687561,-0.0676777809858322,0.9909012317657472,0.9999864101409912,0.4833885729312897,0.8282656669616699,0.0228321868926286,0.9465216994285583,0.9999895095825196,0.51006019115448,0.863200843334198,-0.0606792122125625,0.937688648700714,0.9999465942382812,0.4911884367465973,0.8458845615386963,0.028933472931385,0.8890438079833984,0.999985694885254,0.480507880449295,0.8884634971618652,-0.1177323311567306,0.9919118285179138,0.9998084902763368,0.4607285261154175,0.8689242601394653,-0.0165514703840017,0.9588145613670348,0.9998573064804076,False,False,False,False,False,False,False,False,False,False,False,False,False,False,False,False,False,False
600,12.0,0.521701455116272,0.4774381220340729,-0.1533408164978027,0.9999927282333374,0.999996304512024,0.5399036407470703,0.4734107851982116,-0.1420813351869583,0.9999940991401672,0.999996542930603,0.5604003667831421,0.537506639957428,-0.1546973139047622,0.9999980330467224,0.9999991655349731,0.5186365842819214,0.5348924398422241,0.0026631786022335,0.9999579787254332,0.9999889135360718,0.553095281124115,0.6317708492279053,-0.1801662594079971,0.9990345239639282,0.9999884366989136,0.5104162693023682,0.6146476864814758,0.0132851218804717,0.6270304322242737,0.9999414682388306,0.5335950255393982,0.7030690908432007,-0.2053560763597488,0.9990068078041076,0.9999983310699464,0.4908180832862854,0.6753830909729004,-0.0458900183439254,0.6933141946792603,0.9999808073043824,0.5483517050743103,0.6771017909049988,-0.0486988686025142,0.999990463256836,0.9999995231628418,0.5225705504417419,0.6713207364082336,0.0486487112939357,0.9999842047691344,0.9999994039535522,0.4958438277244568,0.7236229181289673,-0.1726878583431244,0.9943523406982422,0.99999737739563,0.474739134311676,0.711987316608429,-0.0677370652556419,0.9587641358375548,0.9999943971633912,0.5029920339584351,0.8461006283760071,-0.080712653696537,0.9910154938697816,0.9999834299087524,0.4833908081054687,0.8282789587974548,0.0070403795689344,0.9482246041297911,0.9999889135360718,0.5101146697998047,0.8627442717552185,-0.0738022178411483,0.9384458661079408,0.9999372959136964,0.4911985099315643,0.84588223695755,0.0129446946084499,0.8916624784469604,0.9999847412109376,0.4812951982021332,0.8882647752761841,-0.1320917755365371,0.992046594619751,0.9997724890708924,0.4609223306179046,0.8689162731170654,-0.0347983911633491,0.9601672887802124,0.9998382329940796,False,False,False,False,False,False,False,False,False,False,False,False,False,False,False,False,False,False
601,12.02,0.5217118263244629,0.4774463772773742,-0.1528062373399734,0.9999925494194032,0.9999969005584716,0.5399764180183411,0.47342449426651,-0.1394959539175033,0.9999939203262328,0.9999969005584716,0.5604265928268433,0.5375237464904785,-0.1520297676324844,0.9999979734420776,0.9999992847442628,0.5185986757278442,0.5348647832870483,0.0031224472913891,0.9999571442604064,0.999987006187439,0.5531140565872192,0.6317852139472961,-0.1767080128192901,0.9990292191505432,0.9999895095825196,0.5104016661643982,0.6146010160446167,0.0124380895867943,0.6255576610565186,0.999931812286377,0.5335620045661926,0.7031067609786987,-0.2020727097988128,0.9990005493164062,0.9999985694885254,0.4908427894115448,0.675387442111969,-0.0466704219579696,0.6894739270210266,0.9999706745147704,0.5481888055801392,0.6770995259284973,-0.0486810132861137,0.9999906420707704,0.9999996423721312,0.5224910974502563,0.6713687777519226,0.0486308485269546,0.9999844431877136,0.9999995231628418,0.49581378698349,0.7230546474456787,-0.1735074371099472,0.9944711327552797,0.9999980926513672,0.4748462438583374,0.7119072079658508,-0.0694786757230758,0.9601330757141112,0.9999949932098388,0.5029086470603943,0.8461281657218933,-0.0894024819135665,0.9912118315696716,0.9999858140945436,0.4833789467811584,0.8283718824386597,0.0010613246122375,0.9497004747390748,0.9999911785125732,0.5099154114723206,0.8627588748931885,-0.0835353881120681,0.9392836093902588,0.9999430179595948,0.4912037849426269,0.8465036153793335,0.0064661358483135,0.8939130902290344,0.9999873638153076,0.4812272191047668,0.8881568908691406,-0.1436366885900497,0.9922296404838562,0.9997829794883728,0.4608335494995117,0.8689155578613281,-0.0417382456362247,0.9613205194473268,0.9998594522476196,False,False,False,False,False,False,False,False,False,False,False,False,False,False,False,False,False,False
602,12.04,0.5217733383178711,0.477451354265213,-0.1506124287843704,0.9999924898147584,0.9999972581863404,0.5401172041893005,0.4734347462654114,-0.136845663189888,0.999993860721588,0.99999737739563,0.5604228973388672,0.5375269651412964,-0.1499926000833511,0.9999979734420776,0.9999994039535522,0.5185677409172058,0.5348377227783203,0.0045732674188911,0.9999566078186036,0.999987244606018,0.5531269311904907,0.6317973732948303,-0.1747089475393295,0.9990419745445251,0.9999911785125732,0.5103795528411865,0.6145980358123779,0.012156126089394,0.6238642334938049,0.99993097782135,0.5335392355918884,0.7031307220458984,-0.1993789970874786,0.9990194439888,0.9999988079071044,0.4908511340618133,0.6753873825073242,-0.0478505566716194,0.6867028474807739,0.9999719858169556,0.5479125380516052,0.6770957708358765,-0.0486343950033187,0.9999908804893494,0.9999996423721312,0.5221567749977112,0.6715400218963623,0.0485844872891902,0.9999846816062928,0.9999994039535522,0.4958101212978363,0.7223818302154541,-0.1768074929714203,0.9946378469467164,0.9999983310699464,0.4747922718524933,0.7117645144462585,-0.0725040435791015,0.9614257216453552,0.9999951124191284,0.5028488039970398,0.846097469329834,-0.0947770252823829,0.991476833820343,0.999988317489624,0.4833400547504425,0.8274394273757935,-0.0011699793394654,0.9509183764457704,0.9999918937683104,0.5097774267196655,0.862766683101654,-0.0890315249562263,0.9408783316612244,0.999952793121338,0.4912037253379822,0.8463184237480164,0.0043757180683314,0.895969808101654,0.9999886751174928,0.4811094105243683,0.8878454566001892,-0.1485189348459243,0.9924840927124025,0.9998078942298888,0.4608263671398163,0.8688539266586304,-0.0430476106703281,0.9623605608940125,0.9998717308044434,False,False,False,False,False,False,False,False,False,False,False,False,False,False,False,False,False,False
603,12.06,0.5219229459762573,0.4774419665336609,-0.1512802243232727,0.999992311000824,0.9999971389770508,0.5403138995170593,0.4734412729740143,-0.1368278414011001,0.9999935626983644,0.9999969005584716,0.5604218244552612,0.537506103515625,-0.1493007540702819,0.9999979138374328,0.9999991655349731,0.5185413360595703,0.5348060131072998,0.0041748839430511,0.9999567866325378,0.9999886751174928,0.5531441569328308,0.6317805647850037,-0.1734726130962371,0.9990350604057312,0.9999885559082032,0.510367751121521,0.6145926713943481,0.0117916176095604,0.6274723410606384,0.9999408721923828,0.5335157513618469,0.7031579613685608,-0.1985010355710983,0.999010443687439,0.9999984502792358,0.4909435212612152,0.675390899181366,-0.0486178360879421,0.691300094127655,0.9999791383743286,0.5473743677139282,0.6770580410957336,-0.0483587980270385,0.9999910593032836,0.9999996423721312,0.521526575088501,0.6715339422225952,0.0483090132474899,0.9999849796295166,0.9999995231628418,0.4955668151378631,0.7222129106521606,-0.1789481043815612,0.9947264790534972,0.9999979734420776,0.4747921824455261,0.7117663621902466,-0.0775429457426071,0.962830364704132,0.999995231628418,0.502680778503418,0.84577476978302,-0.0925382077693939,0.9914628267288208,0.999985933303833,0.4832673072814941,0.8275744915008545,-0.0056984666734933,0.9519996643066406,0.9999910593032836,0.5095564723014832,0.8617318868637085,-0.0863477066159248,0.940630316734314,0.999945878982544,0.4912039339542389,0.8465086817741394,-0.0001085127369151,0.8970454931259155,0.9999873638153076,0.481512039899826,0.8876622319221497,-0.1449736207723617,0.9924964904785156,0.9997962117195128,0.4607982337474823,0.8688654899597168,-0.0481996871531009,0.963151514530182,0.9998594522476196,False,False,False,False,False,False,False,False,False,False,False,False,False,False,False,False,False,False
604,12.08,0.5218960046768188,0.4774479568004608,-0.1415236890316009,0.9999913573265076,0.9999932050704956,0.5402888655662537,0.4734445214271545,-0.1306163370609283,0.999992847442627,0.9999938011169434,0.5604197382926941,0.5375098586082458,-0.14474718272686,0.9999977946281432,0.999998927116394,0.5185178518295288,0.534803569316864,0.0095114959403872,0.9999551773071288,0.999984622001648,0.5531899929046631,0.6318342089653015,-0.168290764093399,0.9990302920341492,0.9999874830245972,0.5103699564933777,0.6145816445350647,0.0177839864045381,0.6270996332168579,0.9999321699142456,0.5334952473640442,0.7031932473182678,-0.1912408322095871,0.9989904165267944,0.9999980926513672,0.4909358024597168,0.6753022074699402,-0.0414787009358406,0.6902562975883484,0.9999730587005616,0.5474058985710144,0.6772422194480896,-0.04830052703619,0.9999913573265076,0.9999996423721312,0.5215444564819336,0.6717304587364197,0.0482509806752204,0.9999855160713196,0.9999996423721312,0.4955328404903412,0.7224702835083008,-0.1747467815876007,0.9949005246162416,0.999997854232788,0.4747914671897888,0.7116968035697937,-0.0729453638195991,0.964548408985138,0.9999951124191284,0.502693235874176,0.8457654714584351,-0.0913842171430587,0.9917330145835876,0.9999850988388062,0.4832866489887237,0.8275982141494751,0.0006865427130833,0.953847587108612,0.9999918937683104,0.5095988512039185,0.8617135882377625,-0.0837361440062522,0.9420164227485656,0.9999436140060424,0.4912485778331756,0.8460828065872192,0.0063955914229154,0.900052547454834,0.9999889135360718,0.4817819893360138,0.8876580595970154,-0.1425863057374954,0.992695152759552,0.9997674822807312,0.4608546495437622,0.8688647150993347,-0.0409081988036632,0.964392364025116,0.999859094619751,False,False,False,False,False,False,False,False,False,False,False,False,False,False,False,False,False,False
605,12.1,0.5218976140022278,0.4774509072303772,-0.1474001109600067,0.9999913573265076,0.9999966621398926,0.5402411818504333,0.4734576046466827,-0.1349723488092422,0.999992847442627,0.9999969005584716,0.5604010224342346,0.5374468564987183,-0.1484661549329757,0.9999977946281432,0.9999992847442628,0.518497884273529,0.5348338484764099,0.0046712113544344,0.9999533891677856,0.9999831914901732,0.5531909465789795,0.6318672895431519,-0.1726580262184143,0.9990114569664,0.9999885559082032,0.510364294052124,0.614611804485321,0.0121497176587581,0.6172657012939453,0.999913454055786,0.5334900617599487,0.7032750248908997,-0.1964859217405319,0.9989615678787231,0.9999983310699464,0.4908671975135803,0.6755281686782837,-0.0457690134644508,0.6734195351600647,0.9999545812606812,0.5473945736885071,0.6771903038024902,-0.0482975430786609,0.9999914765357972,0.9999996423721312,0.5215669274330139,0.6717236042022705,0.0482481680810451,0.9999855160713196,0.9999995231628418,0.4955331087112427,0.7231223583221436,-0.1671430915594101,0.9948606491088868,0.999997854232788,0.4747956991195678,0.7117152810096741,-0.0617719665169715,0.96429443359375,0.9999938011169434,0.5026664137840271,0.8458355665206909,-0.0869012773036956,0.991769313812256,0.999984860420227,0.483285903930664,0.8276214003562927,0.0112622706219553,0.9537749886512756,0.9999898672103882,0.5094686150550842,0.861821174621582,-0.0802812576293945,0.941962718963623,0.9999382495880128,0.4911989569664001,0.8461567759513855,0.0168935451656579,0.8997218012809753,0.999985933303833,0.481762945652008,0.8875271677970886,-0.1396127194166183,0.9926962852478028,0.9997599720954896,0.460819810628891,0.8688470721244812,-0.0291645284742116,0.9642162322998048,0.999841332435608,False,False,False,False,False,False,False,False,False,False,False,False,False,False,False,False,False,False
606,12.12,0.5218766331672668,0.4774836301803589,-0.1458262652158737,0.9999912977218628,0.9999961853027344,0.5402019619941711,0.4734573364257812,-0.1337076276540756,0.999992847442627,0.999996781349182,0.5603894591331482,0.5374472141265869,-0.1477979570627212,0.9999977946281432,0.9999992847442628,0.5184803009033203,0.5348430871963501,0.0050755250267684,0.9999527335166932,0.9999858140945436,0.5532206892967224,0.6318784356117249,-0.1730783283710479,0.9990085959434508,0.9999889135360718,0.5103562474250793,0.6146252155303955,0.0122066456824541,0.6116874814033508,0.9999212026596068,0.5334759950637817,0.7032930254936218,-0.1973751634359359,0.9989621639251708,0.9999983310699464,0.4908829927444458,0.6755287647247314,-0.0463362149894237,0.6669635772705078,0.9999650716781616,0.547301173210144,0.6771001219749451,-0.0482372716069221,0.9999917149543762,0.9999996423721312,0.5215814113616943,0.6717110872268677,0.0481876023113727,0.9999858140945436,0.9999995231628418,0.4955344200134277,0.7231416702270508,-0.1636337637901306,0.9950110912322998,0.9999982118606568,0.4748538732528686,0.7119854092597961,-0.060642197728157,0.9656000137329102,0.9999948740005492,0.5026875138282776,0.8458846807479858,-0.0862388163805008,0.9920764565467834,0.9999866485595704,0.4832856059074402,0.8276476263999939,0.0112966252490878,0.9554365277290344,0.9999910593032836,0.5095545053482056,0.8618870973587036,-0.0802079439163208,0.943665623664856,0.9999444484710692,0.4911873638629913,0.8461850881576538,0.0168641339987516,0.9025453925132751,0.9999871253967284,0.4816440939903259,0.8875201940536499,-0.1390747725963592,0.9929445385932922,0.999761164188385,0.4608111679553985,0.8688451051712036,-0.0290922448039054,0.9654302000999452,0.9998393058776855,False,False,False,False,False,False,False,False,False,False,False,False,False,False,False,False,False,False
607,12.14,0.5218572616577148,0.4774874150753021,-0.1423377990722656,0.9999911785125732,0.9999961853027344,0.5402356386184692,0.4735243618488312,-0.1302195340394973,0.9999927878379822,0.9999960660934448,0.56038898229599,0.5374494194984436,-0.1449762433767318,0.9999977350234984,0.9999991655349731,0.5184704661369324,0.5348608493804932,0.0090947691351175,0.9999527335166932,0.9999886751174928,0.5532575845718384,0.6318908929824829,-0.1702658385038375,0.9989963173866272,0.9999887943267822,0.510371208190918,0.6146226525306702,0.0163549426943063,0.6118981242179871,0.9999412298202516,0.5335861444473267,0.7031149864196777,-0.1950013190507888,0.9989449977874756,0.9999982118606568,0.4909372627735138,0.6754899024963379,-0.0437661930918693,0.6695594787597656,0.9999754428863524,0.5479658246040344,0.6772206425666809,-0.0482599399983882,0.9999919533729552,0.9999996423721312,0.5217531323432922,0.6719473600387573,0.0482098311185836,0.9999862313270568,0.9999995231628418,0.4955307245254516,0.7231577038764954,-0.1614556312561035,0.9950814247131348,0.999997615814209,0.4749508202075958,0.7117598652839661,-0.0617047138512134,0.9668768644332886,0.999995231628418,0.5026734471321106,0.8455923795700073,-0.0765348374843597,0.9921985268592834,0.9999827146530152,0.4832992553710937,0.8276594281196594,0.0084216501563787,0.9569000601768494,0.9999905824661256,0.5095164775848389,0.8617355823516846,-0.069941945374012,0.9442617893218994,0.9999334812164308,0.4912821650505066,0.8461443185806274,0.0138744860887527,0.9049407839775084,0.9999865293502808,0.4816035628318786,0.8875477313995361,-0.125730276107788,0.9930329918861388,0.9997288584709167,0.4607994258403778,0.8687902092933655,-0.0317928306758403,0.9664517641067504,0.9998252987861632,False,False,False,False,False,False,False,False,False,False,False,False,False,False,False,False,False,False
608,12.16,0.5218599438667297,0.4774881303310394,-0.1613834947347641,0.9999914765357972,0.99999737739563,0.5402077436447144,0.4735498428344726,-0.1474415212869644,0.9999929666519164,0.9999972581863404,0.560383677482605,0.537416398525238,-0.1576774716377258,0.9999977350234984,0.9999994039535522,0.5184582471847534,0.534855306148529,-0.0045446092262864,0.999952495098114,0.999988317489624,0.5533334016799927,0.6321027874946594,-0.1785657405853271,0.9989856481552124,0.9999898672103882,0.510360836982727,0.6146273612976074,0.005070817656815,0.6115213632583618,0.9999366998672484,0.5336123108863831,0.7032027840614319,-0.2019660472869873,0.9989315867424012,0.9999984502792358,0.4908707439899444,0.6756029725074768,-0.0546408370137214,0.6644527912139893,0.9999645948410034,0.5482850670814514,0.6769245862960815,-0.0483090318739414,0.9999918937683104,0.9999995231628418,0.5221037864685059,0.6713361144065857,0.0482587106525898,0.9999860525131226,0.9999994039535522,0.4955315589904785,0.7232256531715393,-0.1558707505464553,0.9949506521224976,0.9999972581863404,0.4748320579528808,0.711769163608551,-0.0484183505177497,0.9662221074104308,0.9999921321868896,0.5027049779891968,0.8458129167556763,-0.0745370760560035,0.9920712113380432,0.9999768733978271,0.4833279550075531,0.8280697464942932,0.0207365676760673,0.9561955332756042,0.99998676776886,0.5096735954284668,0.8623843193054199,-0.0685864835977554,0.9426730275154114,0.9999054670333862,0.4912797212600708,0.846564769744873,0.0259688906371593,0.9032273888587952,0.9999818801879884,0.4815153181552887,0.8876751661300659,-0.1256199330091476,0.9928805828094482,0.9996472597122192,0.4607377648353576,0.8688199520111084,-0.0193591639399528,0.9657276272773744,0.999794065952301,False,False,False,False,False,False,False,False,False,False,False,False,False,False,False,False,False,False
609,12.18,0.5218528509140015,0.4774967432022095,-0.1629510074853897,0.9999915957450868,0.9999969005584716,0.5401866436004639,0.473555713891983,-0.1511469036340713,0.9999931454658508,0.9999972581863404,0.5603770017623901,0.5374755859375,-0.1629233956336975,0.9999977946281432,0.9999994039535522,0.5184651017189026,0.534835159778595,-0.0053462730720639,0.9999529719352722,0.9999884366989136,0.5533581972122192,0.6323785781860352,-0.1868707090616226,0.999001443386078,0.9999902248382568,0.5103453993797302,0.6146227121353149,0.0049039470031857,0.6112518906593323,0.9999347925186156,0.5335995554924011,0.7032495737075806,-0.2116642296314239,0.9989521503448486,0.9999983310699464,0.4908444583415985,0.6755427718162537,-0.0554561428725719,0.6667031645774841,0.9999710321426392,0.5482848286628723,0.6769261360168457,-0.0485526509582996,0.9999918937683104,0.9999995231628418,0.5222730040550232,0.6713070273399353,0.0485016591846942,0.9999859929084778,0.9999994039535522,0.4956326782703399,0.7233337163925171,-0.1565359383821487,0.9949038624763488,0.9999969005584716,0.4748292565345764,0.7120671272277832,-0.0464225299656391,0.965877652168274,0.999991536140442,0.5028054714202881,0.8459024429321289,-0.0727143287658691,0.9920153617858888,0.99997878074646,0.4833280742168426,0.8284790515899658,0.0258337091654539,0.9557495713233948,0.9999845027923584,0.5098273754119873,0.8627587556838989,-0.0666248500347137,0.9423790574073792,0.9999147653579712,0.4911384582519531,0.8467077016830444,0.0314182192087173,0.9022825360298156,0.99997878074646,0.4806970357894897,0.8884416818618774,-0.1241855397820472,0.9928371906280518,0.9996755123138428,0.4607541263103485,0.8689603805541992,-0.0144275007769465,0.9653975963592528,0.9997745156288148,False,False,False,False,False,False,False,False,False,False,False,False,False,False,False,False,False,False
610,12.2,0.5218407511711121,0.4774812459945678,-0.1649996191263198,0.9999919533729552,0.9999982118606568,0.5401684045791626,0.473560631275177,-0.1520009636878967,0.9999934434890748,0.9999982118606568,0.5603682994842529,0.5374959111213684,-0.1634377539157867,0.9999977946281432,0.9999994039535522,0.5184679627418518,0.5348354578018188,-0.0074404724873602,0.9999523758888244,0.9999879598617554,0.553370475769043,0.6323839426040649,-0.1874992996454239,0.9989955425262452,0.9999899864196776,0.5103389024734497,0.6146169304847717,-0.0001685134193394,0.6052522659301758,0.9999260902404784,0.53359055519104,0.7034842371940613,-0.2124885469675064,0.9989394545555116,0.9999984502792358,0.4908249676227569,0.6755690574645996,-0.0617760680615901,0.6537424921989441,0.999959111213684,0.5482901930809021,0.6769337058067322,-0.0485557802021503,0.9999920129776,0.9999997615814208,0.5224530696868896,0.6712812185287476,0.0485047549009323,0.9999860525131226,0.9999996423721312,0.4957332909107208,0.7241522669792175,-0.1534517258405685,0.9948973059654236,0.9999982118606568,0.4747660756111145,0.7120316028594971,-0.046825673431158,0.965615451335907,0.9999947547912598,0.5028150677680969,0.846679151058197,-0.0704996362328529,0.9921467304229736,0.9999855756759644,0.4833516478538513,0.8287548422813416,0.0276565756648778,0.9556829929351808,0.999991774559021,0.50983726978302,0.863532304763794,-0.0647226721048355,0.9427410364151,0.9999394416809082,0.4911256730556488,0.8470871448516846,0.0334726609289646,0.9024035930633544,0.9999884366989136,0.4806942343711853,0.8884456157684326,-0.1236390322446823,0.9929269552230836,0.999769389629364,0.4606906771659851,0.8689672350883484,-0.0120664648711681,0.9653606414794922,0.9998687505722046,False,False,False,False,False,False,False,False,False,False,False,False,False,False,False,False,False,False
611,12.22,0.5218421220779419,0.4774595499038696,-0.1717012226581573,0.9999924302101136,0.9999986886978148,0.540182888507843,0.4735868573188782,-0.1578147113323211,0.9999938011169434,0.9999984502792358,0.5603616833686829,0.5375037789344788,-0.1677337735891342,0.999997854232788,0.9999995231628418,0.5184783339500427,0.5348156094551086,-0.0117123574018478,0.9999533891677856,0.999991774559021,0.5533649921417236,0.6323999762535095,-0.1899542808532714,0.9989984035491944,0.9999908208847046,0.51032555103302,0.6146168112754822,-0.0023890279699116,0.6078572273254395,0.9999490976333618,0.5335916876792908,0.7036576867103577,-0.2134288698434829,0.9989384412765504,0.9999985694885254,0.4907956421375274,0.6755757927894592,-0.0631263256072998,0.6562262773513794,0.9999759197235109,0.5482750535011292,0.6767811179161072,-0.048613853752613,0.9999920725822448,0.9999996423721312,0.5225496292114258,0.6708440184593201,0.0485630147159099,0.9999861121177672,0.9999995231628418,0.495734304189682,0.7245880961418152,-0.1501441299915313,0.9948851466178894,0.999997854232788,0.4746931791305542,0.7121411561965942,-0.0408651046454906,0.9651404023170472,0.9999943971633912,0.50284343957901,0.8471246361732483,-0.0671831741929054,0.9921714067459106,0.9999843835830688,0.4833813011646271,0.8293317556381226,0.0332039594650268,0.9553707838058472,0.9999905824661256,0.5098387598991394,0.8640345931053162,-0.0614951662719249,0.942249834537506,0.9999349117279052,0.4911257326602936,0.8476685881614685,0.0389270149171352,0.9013423323631288,0.99998676776886,0.4805794358253479,0.8885292410850525,-0.1201126053929328,0.9929556846618652,0.9997623562812804,0.4606172442436218,0.868972659111023,-0.0061241034418344,0.9652392864227296,0.9998581409454346,False,False,False,False,False,False,False,False,False,False,False,False,False,False,False,False,False,False
612,12.24,0.5218359231948853,0.4774630963802337,-0.1624673157930374,0.999992311000824,0.999996542930603,0.5401698350906372,0.4735914766788482,-0.1503543108701706,0.999993860721588,0.99999737739563,0.5603607296943665,0.5376226902008057,-0.1641599684953689,0.999997854232788,0.9999994039535522,0.5184736251831055,0.5348089337348938,-0.0074211554601788,0.999951958656311,0.9999834299087524,0.5533933639526367,0.6325854659080505,-0.1880600303411483,0.9990167617797852,0.999990463256836,0.5103161334991455,0.6146143972873688,0.00174929073546085,0.5970603227615356,0.9998999834060668,0.5335851311683655,0.7036702036857605,-0.2147115021944046,0.9989643692970276,0.9999985694885254,0.4909112155437469,0.6753019690513611,-0.0622936561703681,0.6414988040924072,0.9999481439590454,0.5478178858757019,0.6767803430557251,-0.0486347824335098,0.9999922513961792,0.9999996423721312,0.5220820903778076,0.6708705425262451,0.0485842116177082,0.999986171722412,0.9999994039535522,0.4957490563392639,0.7245945930480957,-0.157052993774414,0.9950034618377686,0.9999980926513672,0.4746251106262207,0.7121347784996033,-0.0425544902682304,0.9657626152038574,0.9999933242797852,0.5028659701347351,0.8471602201461792,-0.075890727341175,0.9923652410507202,0.9999842643737792,0.4834440648555755,0.8293306231498718,0.0249350406229496,0.9562036395072936,0.9999895095825196,0.5098552107810974,0.8640472292900085,-0.0703670904040336,0.9435310363769532,0.9999340772628784,0.4912185370922088,0.8476617932319641,0.0299914069473743,0.9034805297851562,0.9999850988388062,0.4797469079494476,0.888533353805542,-0.1309602409601211,0.993117332458496,0.9997562766075134,0.4606168568134308,0.8689305186271667,-0.0173981096595525,0.9659292697906494,0.9998433589935304,False,False,False,False,False,True,False,False,False,False,False,False,False,False,False,False,False,False
613,12.26,0.5218338966369629,0.4774552583694458,-0.1562419384717941,0.9999924898147584,0.9999977350234984,0.5402204394340515,0.473618596792221,-0.1428520530462265,0.9999939203262328,0.99999737739563,0.5603546500205994,0.5375837087631226,-0.1567307859659195,0.999997854232788,0.9999992847442628,0.518449068069458,0.5348092317581177,-0.0005646279314532,0.9999526739120485,0.9999899864196776,0.5533884763717651,0.6325855255126953,-0.1805180460214615,0.9990299344062804,0.9999898672103882,0.510306715965271,0.6146119832992554,0.0058876094408333,0.6049185395240784,0.9999500513076782,0.533490002155304,0.7036819458007812,-0.2060235291719436,0.9989731311798096,0.9999984502792358,0.4910167157649994,0.6752200722694397,-0.0591164492070674,0.6526908874511719,0.9999827146530152,0.5478169322013855,0.6769626140594482,-0.0486927404999733,0.9999923706054688,0.9999996423721312,0.5220441222190857,0.6711592674255371,0.0486431270837783,0.9999864101409912,0.9999995231628418,0.4956879317760467,0.7245445251464844,-0.1640929132699966,0.9951310753822328,0.9999979734420776,0.4746213555335998,0.7121652960777283,-0.0535179637372493,0.966813325881958,0.999995231628418,0.5028661489486694,0.8471505641937256,-0.0827736034989357,0.9925633072853088,0.9999850988388062,0.4834499359130859,0.8295848965644836,0.0165871307253837,0.9573481678962708,0.9999918937683104,0.509876549243927,0.863867998123169,-0.0772170946002006,0.9449514150619508,0.9999406337738036,0.4912444055080414,0.8478802442550659,0.021901337429881,0.9059139490127563,0.9999884366989136,0.4808030128479004,0.8885514736175537,-0.1378505825996399,0.9933053851127625,0.9997815489768982,0.4605927467346191,0.8689299821853638,-0.0264512039721012,0.9668514132499696,0.9998748302459716,False,False,False,False,False,False,False,False,False,False,False,False,False,False,False,False,False,False
614,12.28,0.5218278765678406,0.4775246977806091,-0.1560265719890594,0.9999924302101136,0.9999971389770508,0.5402106046676636,0.4736708700656891,-0.142903134226799,0.999993860721588,0.9999971389770508,0.560336709022522,0.5375345945358276,-0.1567106395959854,0.999997854232788,0.9999994039535522,0.5184463858604431,0.534826934337616,0.0001209648471558,0.9999524354934692,0.9999879598617554,0.5533939003944397,0.6325762271881104,-0.1801074147224426,0.9990397691726683,0.999990940093994,0.5102994441986084,0.6146574020385742,0.0080658309161663,0.6024094223976135,0.9999375343322754,0.5334862470626831,0.703691840171814,-0.2035104483366012,0.9989849328994752,0.9999986886978148,0.4910141825675964,0.6753250360488892,-0.0550641901791095,0.6520246863365173,0.9999748468399048,0.5478311777114868,0.6769657135009766,-0.0487291254103183,0.9999924302101136,0.9999996423721312,0.5220483541488647,0.6712214350700378,0.0486799292266368,0.9999864101409912,0.9999995231628418,0.4956884086132049,0.7242836356163025,-0.1663460284471511,0.9951724410057068,0.999997854232788,0.4745019376277923,0.7121270298957825,-0.0570453591644763,0.966778576374054,0.9999940395355223,0.5027590394020081,0.8470245599746704,-0.084951139986515,0.9926627278327942,0.9999854564666748,0.483395367860794,0.8285800218582153,0.0150066949427127,0.957131028175354,0.9999910593032836,0.5098102688789368,0.8638651967048645,-0.0793093293905258,0.9457442760467528,0.9999418258666992,0.4912541508674621,0.8472091555595398,0.0205409806221723,0.905900776386261,0.9999879598617554,0.4804214239120483,0.8882750272750854,-0.1395762115716934,0.9934073686599731,0.9997783303260804,0.460588127374649,0.868877649307251,-0.0272570624947547,0.9667820930480956,0.9998667240142822,False,False,False,False,False,False,False,False,False,False,False,False,False,False,False,False,False,False
615,12.3,0.5218293070793152,0.4776275157928467,-0.1554107815027237,0.999992311000824,0.999996781349182,0.540203869342804,0.4736770689487457,-0.142582431435585,0.9999938011169434,0.9999971389770508,0.5603255033493042,0.5375226140022278,-0.1562264114618301,0.999997854232788,0.9999994039535522,0.5184441208839417,0.5348672866821289,0.0001084659525076,0.9999518990516664,0.9999864101409912,0.5533910393714905,0.6326144933700562,-0.1792586594820022,0.99903404712677,0.9999896287918092,0.5102954804897308,0.6146960556507111,0.0097795948386192,0.5969431400299072,0.9999256134033204,0.5334504246711731,0.7037490010261536,-0.2016844153404235,0.99897301197052,0.9999984502792358,0.4910375475883484,0.67533278465271,-0.0550724044442176,0.6449024081230164,0.9999653100967408,0.5474287867546082,0.6769248247146606,-0.0487273521721363,0.9999925494194032,0.9999996423721312,0.5217841267585754,0.6712698340415955,0.048678271472454,0.999986469745636,0.9999995231628418,0.4956538081169128,0.7243548631668091,-0.1660451591014862,0.995240032672882,0.9999983310699464,0.4744420945644378,0.7121657729148865,-0.0570091605186462,0.967209815979004,0.9999949932098388,0.5027351379394531,0.8470250964164734,-0.0835239365696907,0.992813229560852,0.999987244606018,0.4833927750587463,0.8282991647720337,0.0151411648839712,0.9577025771141052,0.9999923706054688,0.5097683668136597,0.8638643622398376,-0.0777686014771461,0.9464976191520692,0.9999473094940186,0.4912430047988891,0.8469268679618835,0.0206848997622728,0.9068915843963624,0.9999891519546508,0.4803122282028198,0.8878964781761169,-0.1375227868556976,0.9935287237167358,0.9997910857200624,0.4605894088745117,0.8686497211456299,-0.0270418468862772,0.9672470092773438,0.9998760223388672,False,False,False,False,False,True,False,False,False,False,False,False,False,False,False,False,False,False
