frame,time,nose_x,nose_y,nose_z,nose_visibility,nose_presence,left_ear_x,left_ear_y,left_ear_z,left_ear_visibility,left_ear_presence,left_shoulder_x,left_shoulder_y,left_shoulder_z,left_shoulder_visibility,left_shoulder_presence,right_shoulder_x,right_shoulder_y,right_shoulder_z,right_shoulder_visibility,right_shoulder_presence,left_elbow_x,left_elbow_y,left_elbow_z,left_elbow_visibility,left_elbow_presence,right_elbow_x,right_elbow_y,right_elbow_z,right_elbow_visibility,right_elbow_presence,left_wrist_x,left_wrist_y,left_wrist_z,left_wrist_visibility,left_wrist_presence,right_wrist_x,right_wrist_y,right_wrist_z,right_wrist_visibility,right_wrist_presence,left_hip_x,left_hip_y,left_hip_z,left_hip_visibility,left_hip_presence,right_hip_x,right_hip_y,right_hip_z,right_hip_visibility,right_hip_presence,left_knee_x,left_knee_y,left_knee_z,left_knee_visibility,left_knee_presence,right_knee_x,right_knee_y,right_knee_z,right_knee_visibility,right_knee_presence,left_ankle_x,left_ankle_y,left_ankle_z,left_ankle_visibility,left_ankle_presence,right_ankle_x,right_ankle_y,right_ankle_z,right_ankle_visibility,right_ankle_presence,left_heel_x,left_heel_y,left_heel_z,left_heel_visibility,left_heel_presence,right_heel_x,right_heel_y,right_heel_z,right_heel_visibility,right_heel_presence,left_foot_index_x,left_foot_index_y,left_foot_index_z,left_foot_index_visibility,left_foot_index_presence,right_foot_index_x,right_foot_index_y,right_foot_index_z,right_foot_index_visibility,right_foot_index_presence,nose_interpolated,left_ear_interpolated,left_shoulder_interpolated,right_shoulder_interpolated,left_elbow_interpolated,right_elbow_interpolated,left_wrist_interpolated,right_wrist_interpolated,left_hip_interpolated,right_hip_interpolated,left_knee_interpolated,right_knee_interpolated,left_ankle_interpolated,right_ankle_interpolated,left_heel_interpolated,right_heel_interpolated,left_foot_index_interpolated,right_foot_index_interpolated,nose_source,left_ear_source,left_shoulder_source,right_shoulder_source,left_elbow_source,right_elbow_source,left_wrist_source,right_wrist_source,left_hip_source,right_hip_source,left_knee_source,right_knee_source,left_ankle_source,right_ankle_source,left_heel_source,right_heel_source,left_foot_index_source,right_foot_index_source
290,5.8,-0.11257296156002829,-0.3305228785112043,-0.4484194379958822,0.9999791383743286,0.9999918937683104,0.4726221263408661,0.4880337715148926,-0.0990731790661811,0.9999830722808838,0.9999910593032836,0.11364158395158425,-0.0038223522467600896,-0.5024664543966418,0.9999962449073792,0.9999988079071044,-0.11364158395158425,0.0038223522467600896,1.6652519837051198,0.9999562501907348,0.9999916553497314,0.12405305028069372,0.5690671254646819,-4.45036039263505,0.9992390275001526,0.9999831914901732,-0.12632839785593858,0.4840881153714264,-3.2435643701774266,0.6508854627609253,0.9999606609344482,-0.08086886827966348,0.8944206517565724,-4.613794730140726,0.9980170726776124,0.9999970197677612,-0.19430737053691755,0.8487851904451025,-3.7421089111646624,0.7744384407997131,0.9999874830245972,0.08564360850979286,1.017809391420758,-3.8430789756888726,0.9999929666519164,0.9999994039535522,-0.07874530080325237,0.9821787118815557,-3.218985104923077,0.999989092350006,0.9999994039535522,-0.23330647683714306,1.191782570180225,-4.812254415427759,0.9990152716636658,0.9999974966049194,-0.3921465887578508,1.1056444378316304,-4.177716294757198,0.9924582839012146,0.9999957084655762,-0.13869998238161493,1.9328413680152108,-4.245369739428148,0.9965819120407104,0.9999731779098512,-0.27813765510044164,1.7947363152835853,-3.723642481834536,0.9824053645133972,0.9999895095825196,0.45813393155178,0.884280097651315,-0.1105160638689994,0.9753849506378174,0.9999061822891236,0.4360033959358722,0.8631791514116574,-0.0256764311343431,0.9624668955802916,0.9999839067459106,0.4235588987390478,0.9099837070578466,-0.1700302809476852,0.9964657425880432,0.9996695518493652,0.4060479308758584,0.8919928532380332,-0.0745763704180717,0.9851473569869996,0.9998328685760498,False,False,False,False,False,False,False,False,False,False,False,False,False,False,False,False,False,False,mediapipe,mediapipe,mediapipe,mediapipe,mediapipe,mediapipe,mediapipe,mediapipe,mediapipe,mediapipe,mediapipe,mediapipe,mediapipe,mediapipe,mediapipe,mediapipe,mediapipe,mediapipe
291,5.82,-0.11238764081255172,-0.3306418747780099,-0.46485345999406774,0.9999796152114868,0.9999951124191284,0.4726106226444244,0.4881426692008972,-0.0993906483054161,0.9999833106994628,0.9999939203262328,0.11371484484177054,-0.003972747175246523,-0.5008178216580993,0.9999962449073792,0.9999990463256836,-0.11371484484177054,0.003972747175246523,1.6586160469902302,0.999955713748932,0.9999923706054688,0.12405458920898656,0.5687034891051008,-4.42993764860873,0.9992350339889526,0.9999817609786988,-0.1261382054582374,0.4840866337460726,-3.232578194974596,0.6471748352050781,0.9999561309814452,-0.08133710914260418,0.8933535876775918,-4.5964891805733545,0.9979913234710692,0.999996781349182,-0.19405284217257515,0.8489230085173344,-3.7309549996801006,0.7690120935440063,0.999984622001648,0.08546659765804401,1.018033082622222,-3.825635543320182,0.9999929666519164,0.9999995231628418,-0.07866906901156259,0.9819553657454937,-3.2029092327660877,0.9999890327453612,0.9999995231628418,-0.2330781766789394,1.1910434975322342,-4.79757117461987,0.9990341663360596,0.9999980926513672,-0.3915334203238298,1.105042268504779,-4.161511809657062,0.992606282234192,0.999996781349182,-0.1386359253192923,1.933035244127717,-4.22736454011172,0.9966079592704772,0.9999761581420898,-0.27779768720799947,1.7954971187167603,-3.7211941883681594,0.9828765988349916,0.999990701675415,0.4581161301869613,0.8846250322315246,-0.1102603450417518,0.975513219833374,0.9999146461486816,0.4359757918994744,0.8636880275252822,-0.0284134745597839,0.9631896018981934,0.9999849796295166,0.4234430877478807,0.9100261234736944,-0.1695614457130432,0.9964777231216432,0.9997017979621888,0.4060669430902788,0.8920537287538708,-0.0785046741366386,0.9854589104652404,0.9998360872268676,False,False,False,False,False,False,False,False,False,False,False,False,False,False,False,False,False,False,mediapipe,mediapipe,mediapipe,mediapipe,mediapipe,mediapipe,mediapipe,mediapipe,mediapipe,mediapipe,mediapipe,mediapipe,mediapipe,mediapipe,mediapipe,mediapipe,mediapipe,mediapipe
292,5.84,-0.11237230451605305,-0.33047612538244014,-0.4639920639615431,0.9999799132347108,0.9999958276748656,0.4726001620292663,0.4881848394870758,-0.0994374528527259,0.9999837875366212,0.9999959468841552,0.11363164587888858,-0.003931893363421191,-0.5092382192591866,0.999996304512024,0.9999992847442628,-0.11363164587888891,0.003931893363421191,1.6918515606923603,0.999955713748932,0.9999936819076538,0.12402984579781604,0.5683478990411948,-4.503560747741253,0.9992538690567015,0.999988317489624,-0.12605853353521995,0.4838362394521556,-3.283287670734261,0.6374574303627014,0.999961256980896,-0.08168234535420021,0.8923246296456736,-4.662708769401168,0.9980328679084778,0.9999977350234984,-0.19404524775239687,0.8491200899974857,-3.783517293712028,0.7592333555221558,0.999987006187439,0.08227525338952141,1.0181755052392336,-3.90052764488548,0.999993085861206,0.9999996423721312,-0.0793488458192335,0.9818223537943028,-3.2744120940793837,0.9999891519546508,0.9999995231628418,-0.23305047610814247,1.1902603867482038,-4.898509726602125,0.9990678429603576,0.9999986886978148,-0.39108579328178456,1.1042754876151035,-4.267636613755883,0.99282044172287,0.9999974966049194,-0.13863813943616582,1.9328682280510099,-4.344149783198796,0.9967228174209596,0.9999847412109376,-0.2776247898571303,1.7958230112860853,-3.843123986168828,0.9833295345306396,0.9999940395355223,0.4580887105915097,0.8848449012616301,-0.1178382560610771,0.9762958884239196,0.9999446868896484,0.4359471696517963,0.8640697537324373,-0.0367221496999263,0.9642273783683776,0.999990463256836,0.4233833588920274,0.9100459168007324,-0.1784686297178268,0.9966009855270386,0.9998076558113098,0.406071962176503,0.8920848165358702,-0.0878411382436752,0.9859018325805664,0.9999024868011476,False,False,False,False,False,False,False,False,False,False,False,False,False,False,False,False,False,False,mediapipe,mediapipe,mediapipe,mediapipe,mediapipe,mediapipe,mediapipe,mediapipe,mediapipe,mediapipe,mediapipe,mediapipe,mediapipe,mediapipe,mediapipe,mediapipe,mediapipe,mediapipe
293,5.86,-0.11241624621605094,-0.3300956300597302,-0.4560172153199821,0.9999796748161316,0.9999935626983644,0.4725602865219116,0.4881854057312011,-0.0995440781116485,0.999983549118042,0.9999922513961792,0.1136733693870761,-0.003928848915057038,-0.5069527165102381,0.999996304512024,0.9999990463256836,-0.11367336938707644,0.003928848915057038,1.6823827429311362,0.999955713748932,0.9999934434890748,0.12431344438947826,0.5682055706706683,-4.481258984607683,0.9992513060569764,0.9999858140945436,-0.12616269734406654,0.48370801774585265,-3.277343239910355,0.6389694213867188,0.99996817111969,-0.08137327730345427,0.8924102777966485,-4.637938423769672,0.9980342388153076,0.999997615814209,-0.1955017278096839,0.8483330407231973,-3.784233635890892,0.7595856785774231,0.9999899864196776,0.08328378083560085,1.0179376315150246,-3.878512178423729,0.9999929666519164,0.9999995231628418,-0.07910301194808636,0.9820579987730785,-3.2525690269743177,0.9999890327453612,0.9999995231628418,-0.23171457734248918,1.1901830345963507,-4.873138611503736,0.9990400075912476,0.999997854232788,-0.39074364172655,1.1036767604821063,-4.2376246991198405,0.9925890564918518,0.9999964237213136,-0.13863834749184462,1.9335376952323076,-4.334560683960709,0.9966970682144164,0.9999748468399048,-0.27761132844000075,1.7968248148438188,-3.812464553340902,0.982808232307434,0.999991536140442,0.4580553053142309,0.8849615073982101,-0.1206481531262397,0.9761778712272644,0.9999102354049684,0.435921038468401,0.8643322343176068,-0.0353839844465255,0.9636544585227966,0.9999871253967284,0.4233704412872698,0.910045378066443,-0.182535707950592,0.9965801239013672,0.9997060894966124,0.4060651031268504,0.8920906769645802,-0.0861691907048225,0.9855676889419556,0.999875783920288,False,False,False,False,False,False,False,False,False,False,False,False,False,False,False,False,False,False,mediapipe,mediapipe,mediapipe,mediapipe,mediapipe,mediapipe,mediapipe,mediapipe,mediapipe,mediapipe,mediapipe,mediapipe,mediapipe,mediapipe,mediapipe,mediapipe,mediapipe,mediapipe
294,5.88,-0.112498708310683,-0.3300550410344082,-0.4588995307952237,0.9999801516532898,0.9999959468841552,0.4725595414638519,0.4882223606109619,-0.0992749258875846,0.999984085559845,0.9999958276748656,0.11362987814614231,-0.003804367453964896,-0.5114515249338953,0.9999963641166688,0.9999992847442628,-0.11362987814614231,0.003804367453964896,1.7000556967152491,0.9999555945396424,0.9999936819076538,0.1242870597263347,0.5681644838405328,-4.519927258762974,0.9992715120315552,0.9999879598617554,-0.1261217311596866,0.48350894803377514,-3.299955868974658,0.6324317455291748,0.9999618530273438,-0.08140979417198241,0.8919628433976976,-4.673675526592804,0.9980818629264832,0.999997854232788,-0.19550954703644918,0.8490994960404252,-3.8020829361850175,0.7519617080688477,0.9999868869781494,0.08263862811738545,1.0181212638879005,-3.9185208557811206,0.999993085861206,0.9999996423721312,-0.07921369333847286,0.9818758035653897,-3.2905952713871116,0.999989092350006,0.9999995231628418,-0.2316574546802376,1.1896152370936417,-4.91870475355137,0.999074399471283,0.9999986886978148,-0.39051198365848816,1.1032558970572517,-4.28741500987502,0.9928061366081238,0.9999974966049194,-0.13861164136431864,1.9333802936333646,-4.373931155573325,0.9968030452728271,0.9999827146530152,-0.2775909747992664,1.7969518404892402,-3.86772851941621,0.983292043209076,0.9999936819076538,0.4580195469039305,0.8849966532978427,-0.1203641444444656,0.9768806099891664,0.9999372959136964,0.4359009076248516,0.8644833735652743,-0.0381175354123115,0.9646875858306884,0.9999897480010986,0.4233950640493897,0.910026798298309,-0.1817775815725326,0.9966894388198853,0.9997870326042176,0.4060484809336407,0.8920758704205497,-0.0895191952586174,0.9859989881515504,0.9998948574066162,False,False,False,False,False,False,False,False,False,False,False,False,False,False,False,False,False,False,mediapipe,mediapipe,mediapipe,mediapipe,mediapipe,mediapipe,mediapipe,mediapipe,mediapipe,mediapipe,mediapipe,mediapipe,mediapipe,mediapipe,mediapipe,mediapipe,mediapipe,mediapipe
295,5.9,-0.11251749445325825,-0.32987395167385114,-0.4567816874910308,0.999980092048645,0.9999939203262328,0.4725599884986877,0.4882195293903351,-0.0994321405887603,0.9999840259552002,0.999992609024048,0.11365103718492564,-0.0038027014063623317,-0.5101164097166545,0.9999963641166688,0.9999990463256836,-0.11365103718492564,0.0038027014063623317,1.6946900448463602,0.9999561309814452,0.9999936819076538,0.12455076466374934,0.5682643157345084,-4.511361993962404,0.9992874264717102,0.9999831914901732,-0.1261624924871651,0.48360078649602345,-3.2918284530473803,0.6391873955726624,0.9999672174453736,-0.081672838546522,0.8920977682456047,-4.668757746838237,0.9981334805488586,0.9999972581863404,-0.19548667560861932,0.848904547307958,-3.7931772283739917,0.7614611387252808,0.9999922513961792,0.08211030984550825,1.0181176815313489,-3.9069873366771035,0.999993085861206,0.9999995231628418,-0.07975782420216529,0.9818809349209966,-3.2789741101082273,0.999989092350006,0.9999995231628418,-0.2317555233141142,1.1898185181926542,-4.905860265340836,0.9990986585617064,0.9999979734420776,-0.3905229171317606,1.1030372346385788,-4.268176084269444,0.9929850697517396,0.9999970197677612,-0.13864347252658035,1.9339035347378795,-4.351125921075159,0.9968876838684082,0.999980092048645,-0.2777075204103379,1.7976276598669052,-3.8454971179949307,0.9837248921394348,0.999992609024048,0.4579850679094153,0.8849721416171081,-0.1181962192058563,0.9773794412612916,0.999930500984192,0.4358902863967123,0.8645310757599255,-0.0362959280610084,0.9654671549797058,0.9999884366989136,0.4234479562941698,0.9099924685238148,-0.1774067729711532,0.9967748522758484,0.9997593760490416,0.4060242105891942,0.8920449572843294,-0.087778516113758,0.9863764643669128,0.9998787641525269,False,False,False,False,False,False,False,False,False,False,False,False,False,False,False,False,False,False,mediapipe,mediapipe,mediapipe,mediapipe,mediapipe,mediapipe,mediapipe,mediapipe,mediapipe,mediapipe,mediapipe,mediapipe,mediapipe,mediapipe,mediapipe,mediapipe,mediapipe,mediapipe
296,5.92,-0.11238287052765451,-0.3299507910967432,-0.4564585439691091,0.9999797344207764,0.9999933242797852,0.4725377261638641,0.4882986545562744,-0.0994391962885856,0.999983549118042,0.9999916553497314,0.1140318300436878,-0.0035704533857912704,-0.5011549018428955,0.999996304512024,0.999998927116394,-0.1140318300436878,0.0035704533857912704,1.663763863561024,0.9999562501907348,0.9999929666519164,0.12492596556445015,0.5689348267322976,-4.4213426771476785,0.9992815852165222,0.9999841451644896,-0.12622638513010057,0.4832938920082528,-3.2431774124764194,0.6459927558898926,0.9999651908874512,-0.0812846377585371,0.8935999714787013,-4.5769492971139,0.9981388449668884,0.9999977350234984,-0.1967803898835406,0.8478525647825791,-3.7453113048594635,0.7672851085662842,0.9999903440475464,0.08379765999565351,1.0171075833634793,-3.841495912393259,0.9999930262565612,0.9999995231628418,-0.0799983835405167,0.9828888080078703,-3.2181591071634146,0.9999890327453612,0.9999995231628418,-0.23059708949307176,1.1912266681116814,-4.842271624545107,0.9990782141685486,0.999997854232788,-0.39064008374985,1.1041749247411274,-4.207898603094323,0.9929251074790956,0.9999966621398926,-0.13853519327375213,1.935788698490087,-4.285286777747125,0.9968555569648744,0.9999779462814332,-0.27770621757148173,1.7995488504018744,-3.7801130686706608,0.9836525321006776,0.9999921321868896,0.4579580950709223,0.8849196347879108,-0.1176899597048759,0.97706401348114,0.9999237060546876,0.4359100767365714,0.8644268236238106,-0.0357556343078613,0.9651885628700256,0.9999880790710448,0.4235148784858651,0.9099162957329318,-0.1778937429189682,0.9967465996742249,0.9997270703315736,0.4059947129590816,0.8919896212491145,-0.0870066583156585,0.986330270767212,0.9998725652694702,False,False,False,False,False,False,False,False,False,False,False,False,False,False,False,False,False,False,mediapipe,mediapipe,mediapipe,mediapipe,mediapipe,mediapipe,mediapipe,mediapipe,mediapipe,mediapipe,mediapipe,mediapipe,mediapipe,mediapipe,mediapipe,mediapipe,mediapipe,mediapipe
297,5.94,-0.11210554043768096,-0.32983829205143883,-0.47298490705736723,0.9999804496765136,0.9999960660934448,0.472551554441452,0.4883042573928833,-0.099502108991146,0.9999840259552002,0.9999942779541016,0.11419800324282489,-0.0035639179704359644,-0.4977615647967734,0.999996304512024,0.9999990463256836,-0.11419800324282522,0.0035639179704359644,1.6495389181198947,0.9999569654464722,0.999994158744812,0.1251030928206206,0.568980155386717,-4.390798950886845,0.9992856979370116,0.9999827146530152,-0.12614154353306636,0.483210532037079,-3.2198389012064212,0.6561263799667358,0.9999691247940063,-0.0809241533368784,0.893671611392711,-4.551865750568606,0.9981722831726074,0.99999737739563,-0.19687109286845475,0.847763006399251,-3.7294248644758756,0.7772473692893982,0.999991774559021,0.08548700857415198,1.0171930885320053,-3.8082673665479603,0.9999929070472716,0.9999994039535522,-0.07966171134115131,0.9827984279280396,-3.1848700596220474,0.9999889731407166,0.9999994039535522,-0.23022618765502298,1.190606631523756,-4.79434715848463,0.9990742802619934,0.9999974966049194,-0.3903307150090649,1.103751330482068,-4.137848307749812,0.9929747581481934,0.9999959468841552,-0.1383252628074569,1.9351582262173057,-4.249332342945364,0.996840238571167,0.9999690055847168,-0.2774494260155496,1.799014812202046,-3.739117794910498,0.9838006496429444,0.9999899864196776,0.4579482337672683,0.884871611367297,-0.1171588227152824,0.9769881963729858,0.9998897314071656,0.4359280380196793,0.8643100235289927,-0.0349910408258438,0.965448260307312,0.9999840259552002,0.4236126666441397,0.9098384069118212,-0.1772847175598144,0.996734857559204,0.9996190071105956,0.4059763946038592,0.8919475123043128,-0.086093321442604,0.986423134803772,0.99983012676239,False,False,False,False,False,False,False,False,False,False,False,False,False,False,False,False,False,False,mediapipe,mediapipe,mediapipe,mediapipe,mediapipe,mediapipe,mediapipe,mediapipe,mediapipe,mediapipe,mediapipe,mediapipe,mediapipe,mediapipe,mediapipe,mediapipe,mediapipe,mediapipe
298,5.96,-0.11278269876226067,-0.3309886280716468,-0.4464184625596251,0.9999792575836182,0.9999898672103882,0.4725362956523895,0.4883076846599579,-0.1046530157327652,0.9999831318855286,0.9999896287918092,0.11458697189916618,-0.003546580603583265,-0.4992031282714024,0.999996304512024,0.9999988079071044,-0.11458697189916618,0.003546580603583265,1.6434595294044998,0.9999560713768004,0.9999908208847046,0.125360094360786,0.5715210064248579,-4.4141886287794865,0.9992614984512328,0.99998140335083,-0.12672315738827372,0.48521900065674917,-3.2466377169002083,0.6496725678443909,0.9999570846557616,-0.08173026584315839,0.8974502556388436,-4.560120144491861,0.998055338859558,0.9999966621398926,-0.19668276250966113,0.8505518743048689,-3.7451412214084763,0.7659423351287842,0.9999825954437256,0.08664357599910863,1.0172154332686432,-3.8012885696057435,0.9999929666519164,0.9999996423721312,-0.07831693825346157,0.9827672334322084,-3.1757953054102814,0.9999890327453612,0.9999995231628418,-0.23111932058019743,1.1967248173447695,-4.76595202009417,0.99903005361557,0.9999977350234984,-0.3920510714252245,1.1094568013041473,-4.083507012437601,0.9926021099090576,0.9999960660934448,-0.13897509904788785,1.9426799123289,-4.1608432126492545,0.9966093301773072,0.999970555305481,-0.27859108376590314,1.8058136222995715,-3.613113196166582,0.9830770492553712,0.999988317489624,0.4579392618093747,0.8847832054525011,-0.1024368479847908,0.9754838347434998,0.9998995065689088,0.4359680992184274,0.8640901061482663,-0.0142400441691279,0.9640496373176576,0.9999827146530152,0.4236899031486833,0.90980887232405,-0.1600689142942428,0.9964604377746582,0.9996654987335204,0.4059360278097354,0.8919057311155879,-0.0627991259098053,0.9856818914413452,0.9998243451118468,False,False,False,False,False,False,False,False,False,False,False,False,False,False,False,False,False,False,mediapipe,mediapipe,mediapipe,mediapipe,mediapipe,mediapipe,mediapipe,mediapipe,mediapipe,mediapipe,mediapipe,mediapipe,mediapipe,mediapipe,mediapipe,mediapipe,mediapipe,mediapipe
299,5.98,-0.11257207670563343,-0.3314915437569858,-0.4775540196086655,0.9999799728393556,0.9999961853027344,0.4726123511791229,0.4882219135761261,-0.1054606288671493,0.999983549118042,0.9999940395355223,0.1146282482907334,-0.003642428613796129,-0.49416036374766786,0.9999963641166688,0.9999990463256836,-0.11462824829073374,0.003642428613796129,1.6241562918663044,0.9999578595161438,0.9999957084655762,0.12539247287212402,0.5717005943126612,-4.388278409312093,0.9992637038230896,0.9999819993972778,-0.12640865173877708,0.48544355098051245,-3.210451548417694,0.6622897386550903,0.9999746084213256,-0.07998563819428645,0.8976478734445948,-4.5866757896703945,0.9981013536453248,0.9999972581863404,-0.1956444263768002,0.8491265141652613,-3.719555024635444,0.7805171608924866,0.9999948740005492,0.08703779690873646,1.017418745532182,-3.758589040797024,0.9999929666519164,0.9999995231628418,-0.07801556855219886,0.9825609042131555,-3.1341294940814985,0.9999891519546508,0.9999995231628418,-0.23131139567066936,1.1990425260209683,-4.724398384218246,0.9990196228027344,0.9999979734420776,-0.39205853098641036,1.1108214761637185,-4.062540592094131,0.9926873445510864,0.9999972581863404,-0.13904319824803743,1.942859100533367,-4.108994781788108,0.996516764163971,0.9999765157699584,-0.27853853128047124,1.8058370965472943,-3.5926260016056175,0.9831225275993348,0.9999922513961792,0.4579345233790536,0.884741955981668,-0.1005527675151825,0.9748950600624084,0.9999182224273682,0.4360094276758351,0.8638886923278706,-0.0180809628218412,0.9637375473976136,0.9999877214431764,0.4237125267932476,0.9098250790909476,-0.1576602011919021,0.9963910579681396,0.9997298121452332,0.4058755237461536,0.8918580280873071,-0.0671846941113472,0.9857347011566162,0.9998701810836792,False,False,False,False,False,False,False,False,False,False,False,False,False,False,False,False,False,False,mediapipe,mediapipe,mediapipe,mediapipe,mediapipe,mediapipe,mediapipe,mediapipe,mediapipe,mediapipe,mediapipe,mediapipe,mediapipe,mediapipe,mediapipe,mediapipe,mediapipe,mediapipe
300,6.0,-0.11223303805607329,-0.33121489567281504,-0.471784072017797,0.999981164932251,0.9999977350234984,0.4727098047733307,0.488119512796402,-0.1052905172109603,0.9999845027923584,0.9999966621398926,0.11430753960592013,-0.003756132573502447,-0.4932900133056193,0.9999964237213136,0.9999992847442628,-0.11430753960592013,0.003756132573502447,1.6189207065997437,0.9999592900276184,0.9999964237213136,0.12510975516394035,0.5712742116536055,-4.370732197941759,0.9992647171020508,0.999987244606018,-0.12634752415200032,0.48489677229652,-3.185768274961595,0.6668848395347595,0.9999781847000122,-0.07884212822540296,0.8966392379717655,-4.559784126379463,0.9981613159179688,0.9999980926513672,-0.19603277495378377,0.8479120419283805,-3.697763019605487,0.7902612090110779,0.9999947547912598,0.08836799081258913,1.017380892987147,-3.740463146262427,0.999992847442627,0.9999995231628418,-0.07615190497453116,0.9825817984765713,-3.1135470358400257,0.999989092350006,0.9999995231628418,-0.23128551000326314,1.1964391901694282,-4.695263395129273,0.998990535736084,0.999997615814209,-0.39146544698372715,1.108449257742719,-4.002650350237602,0.9923714399337769,0.9999958276748656,-0.1389320424709305,1.9394838367621494,-4.116981344123204,0.9964739084243774,0.9999749660491944,-0.2780719585984927,1.8022129490190282,-3.5772210534586666,0.9824076890945436,0.9999916553497314,0.4579348589851596,0.8847566956962484,-0.1063407361507415,0.9749974608421326,0.9999110698699952,0.436043937028428,0.8636436854209122,-0.0191592946648597,0.9627647995948792,0.9999876022338868,0.4237016551283423,0.9098839763994842,-0.1624693423509597,0.9964019656181335,0.9997101426124572,0.4058272203643293,0.8918277961668735,-0.0676877945661544,0.9853383898735046,0.9998784065246582,False,False,False,False,False,False,False,False,False,False,False,False,False,False,False,False,False,False,mediapipe,mediapipe,mediapipe,mediapipe,mediapipe,mediapipe,mediapipe,mediapipe,mediapipe,mediapipe,mediapipe,mediapipe,mediapipe,mediapipe,mediapipe,mediapipe,mediapipe,mediapipe
301,6.02,-0.11223766867258728,-0.33140943062600736,-0.4708640344170456,0.9999808073043824,0.9999929666519164,0.4727092087268829,0.4882101416587829,-0.1050177887082099,0.9999839663505554,0.999990463256836,0.11437452807232039,-0.0038861725185950205,-0.49368216041715035,0.999996304512024,0.9999984502792358,-0.11437452807232072,0.0038861725185950205,1.6209794352621596,0.9999582171440125,0.999991536140442,0.1251252615762821,0.5712354126243656,-4.376662414242345,0.9992462992668152,0.9999748468399048,-0.1264873914552833,0.48504076326616075,-3.191230722355096,0.6630763411521912,0.9999593496322632,-0.08147992648877017,0.8952477010996296,-4.552524926325601,0.9980328679084778,0.999995231628418,-0.1961112153172006,0.848583135431437,-3.699388235544227,0.7862759828567505,0.9999866485595704,0.08723440906303079,1.0172871655059743,-3.7465877421443783,0.9999927878379822,0.9999995231628418,-0.0762925836390095,0.9826829033841561,-3.1196853677939993,0.9999890327453612,0.9999995231628418,-0.23209003182267407,1.1985401498669415,-4.698750222310204,0.9990073442459106,0.999997615814209,-0.39203410310915315,1.109417937783719,-4.018503441111452,0.992430567741394,0.9999964237213136,-0.13910148923162005,1.9397085396800884,-4.109256342662692,0.9965113401412964,0.9999730587005616,-0.27821775715201913,1.8017318418423973,-3.582057362401615,0.9826221466064452,0.9999905824661256,0.457926756157465,0.8846988436225434,-0.1035638377070427,0.975136935710907,0.9999072551727296,0.4360668933613884,0.8633715927184068,-0.0185262951999902,0.963089644908905,0.9999855756759644,0.4236234213227726,0.9099729734978778,-0.1598006933927536,0.9964035153388976,0.9996739625930786,0.4058025179904112,0.8918271086988495,-0.066505953669548,0.9853838086128236,0.999840259552002,False,False,False,False,False,False,False,False,False,False,False,False,False,False,False,False,False,False,mediapipe,mediapipe,mediapipe,mediapipe,mediapipe,mediapipe,mediapipe,mediapipe,mediapipe,mediapipe,mediapipe,mediapipe,mediapipe,mediapipe,mediapipe,mediapipe,mediapipe,mediapipe
302,6.04,-0.11258057946419742,-0.33128715490378147,-0.4697050357197201,0.9999814629554749,0.999996304512024,0.4726445376873016,0.4881891906261444,-0.1035690382122993,0.9999845623970032,0.9999955892562866,0.11430839251080463,-0.004029387003075447,-0.5015684478668959,0.9999963641166688,0.9999992847442628,-0.11430839251080463,0.004029387003075447,1.6539212852259007,0.9999581575393676,0.999994158744812,0.12518517971160628,0.5706174692005287,-4.4446294484031315,0.9992546439170836,0.999985694885254,-0.12639111158917551,0.4848188989472246,-3.2549382652065084,0.6591807007789612,0.9999666213989258,-0.08093720272127686,0.8961744523112092,-4.613952496704092,0.9980595707893372,0.99999737739563,-0.19609879929136986,0.847741267697643,-3.7691410285307554,0.7835403680801392,0.9999892711639404,0.08787517466508048,1.0170448474420053,-3.8218695518432457,0.999992847442627,0.9999995231628418,-0.07588281634450313,0.9829191980702912,-3.1922581736374926,0.9999890327453612,0.9999995231628418,-0.23203023615069493,1.197475298417557,-4.772467779627267,0.9990178346633912,0.9999979734420776,-0.3917411112828142,1.1084159231956632,-4.099497341161711,0.992472231388092,0.999996304512024,-0.13912307500619503,1.937796951292948,-4.215637442249038,0.9965710043907166,0.9999749660491944,-0.278190226033217,1.7994481249907233,-3.662396534438933,0.9826886653900146,0.9999918937683104,0.4579134539012876,0.8845833177333136,-0.1097706034779548,0.9755955934524536,0.9999099969863892,0.4360818263395138,0.8631122925064801,-0.0200735852122306,0.9634808897972108,0.999987244606018,0.423524283306861,0.9100703470634716,-0.1685604006052017,0.9964665174484252,0.999685525894165,0.4057776010953473,0.8918716890828615,-0.06833466142416,0.985467493534088,0.999866247177124,False,False,False,False,False,False,False,False,False,False,False,False,False,False,False,False,False,False,mediapipe,mediapipe,mediapipe,mediapipe,mediapipe,mediapipe,mediapipe,mediapipe,mediapipe,mediapipe,mediapipe,mediapipe,mediapipe,mediapipe,mediapipe,mediapipe,mediapipe,mediapipe
303,6.06,-0.1126527089262771,-0.3309640093523659,-0.46909766979871764,0.9999814629554749,0.9999945163726808,0.4726440012454986,0.4881713390350342,-0.1035951450467109,0.9999846816062928,0.9999939203262328,0.11424124213261483,-0.004006252810547975,-0.5014787047266622,0.9999963641166688,0.9999990463256836,-0.11424124213261516,0.004006252810547975,1.653696613221612,0.999957263469696,0.9999923706054688,0.12512678520055032,0.5707956989985837,-4.44296941909521,0.9992589950561525,0.9999842643737792,-0.12646262607430583,0.4849615738062538,-3.2535645910542565,0.6509778499603271,0.9999589920043944,-0.08184619393640603,0.89503642341016,-4.590113452309102,0.998052418231964,0.9999970197677612,-0.19610557622211333,0.8500912916982184,-3.7472997859549984,0.7737717032432556,0.9999847412109376,0.0861074692671472,1.0168757662530907,-3.8214895201251373,0.9999927878379822,0.9999995231628418,-0.07627947960745,0.9831000862559461,-3.191960177647233,0.999988853931427,0.9999995231628418,-0.2323042517188237,1.197351144778452,-4.772570468044948,0.9990284442901612,0.9999979734420776,-0.3918911601436694,1.1083530140836735,-4.100178302028626,0.9924936890602112,0.9999960660934448,-0.1392694688688251,1.937029008092513,-4.2179139725522745,0.9965955018997192,0.9999738931655884,-0.2784391005086062,1.7986634740463294,-3.674013340708116,0.9826599955558776,0.9999905824661256,0.4578990780668115,0.8843985854328953,-0.1101410239934921,0.975833535194397,0.9999070167541504,0.4361209936075288,0.8629126868325814,-0.022144628688693,0.9635708928108216,0.9999853372573853,0.4234907063015146,0.910122837220041,-0.1686053276062011,0.9964802265167236,0.9996761083602904,0.4057656948938802,0.891915021798552,-0.0696007907390594,0.9854080677032472,0.9998469352722168,False,False,False,False,False,False,False,False,False,False,False,False,False,False,False,False,False,False,mediapipe,mediapipe,mediapipe,mediapipe,mediapipe,mediapipe,mediapipe,mediapipe,mediapipe,mediapipe,mediapipe,mediapipe,mediapipe,mediapipe,mediapipe,mediapipe,mediapipe,mediapipe
304,6.08,-0.11295304065606271,-0.33103439493476433,-0.47054661688231225,0.99998140335083,0.9999946355819702,0.4725872278213501,0.4881369173526764,-0.1035466715693473,0.999984622001648,0.9999938011169434,0.11425164441001276,-0.004041108315477968,-0.49927788482363905,0.999996304512024,0.999998927116394,-0.11425164441001309,0.004041108315477968,1.6470392474012956,0.9999562501907348,0.9999912977218628,0.12520515574990612,0.5707282778026613,-4.419045687041452,0.9992459416389464,0.9999805688858032,-0.1263873041874665,0.48493735132712784,-3.236252890606245,0.6460636258125305,0.9999544620513916,-0.08147854257491374,0.8949112182898129,-4.575192131522774,0.9980329275131226,0.9999969005584716,-0.19679996148400805,0.8495509655830311,-3.728768317695049,0.7704007625579834,0.9999855756759644,0.08699543821873693,1.0171270748823582,-3.8068242167539106,0.9999926686286926,0.9999995231628418,-0.07655892302885196,0.9828456947199411,-3.179235428984772,0.9999885559082032,0.9999994039535522,-0.23227420991780487,1.1971700850072395,-4.75933456104046,0.9990041851997375,0.9999971389770508,-0.39185808157294505,1.1082341394108801,-4.091075590642166,0.992281138896942,0.9999946355819702,-0.13921105362542444,1.9362781973065224,-4.189304561649704,0.99648916721344,0.9999691247940063,-0.27857993131227193,1.7975117660943072,-3.6194046221683744,0.9820440411567688,0.9999879598617554,0.4578957478483252,0.8842233311046276,-0.1070629060268402,0.975153148174286,0.9998972415924072,0.4361322743075722,0.8627593674304068,-0.0141482902690768,0.9622145891189576,0.9999830722808838,0.4235353990868266,0.910123675853225,-0.1650363504886627,0.9963661432266236,0.9996397495269777,0.4057867178272266,0.8919543062612472,-0.0612298399209976,0.984825849533081,0.9998257756233216,False,False,False,False,False,False,False,False,False,False,False,False,False,False,False,False,False,False,mediapipe,mediapipe,mediapipe,mediapipe,mediapipe,mediapipe,mediapipe,mediapipe,mediapipe,mediapipe,mediapipe,mediapipe,mediapipe,mediapipe,mediapipe,mediapipe,mediapipe,mediapipe
305,6.1,-0.11348162012676047,-0.3308632262880883,-0.46991666724680836,0.9999808073043824,0.9999918937683104,0.4725518822669983,0.4881683886051178,-0.1035300120711326,0.9999842047691344,0.999990940093994,0.11414741315829416,-0.0038558321575609773,-0.4996991166454649,0.9999962449073792,0.9999986886978148,-0.1141474131582945,0.0038558321575609773,1.6486216631242308,0.9999550580978394,0.999990463256836,0.1251867730720487,0.570572476530747,-4.423416587166624,0.99923837184906,0.9999796152114868,-0.12628893168077393,0.48492185754030487,-3.230538304939739,0.6385993957519531,0.9999549388885498,-0.08143377865274837,0.894669497254295,-4.580254192465606,0.9980041980743408,0.9999961853027344,-0.19675707552663738,0.8497833307126785,-3.716758490630509,0.7652080655097961,0.9999852180480956,0.08651829414996737,1.0171450267909028,-3.809741379820617,0.9999925494194032,0.9999994039535522,-0.07639538763377814,0.9828293547359374,-3.1822673353135715,0.999988317489624,0.9999992847442628,-0.23284175200361276,1.1950500669940416,-4.7609013799719495,0.9989845752716064,0.9999970197677612,-0.39236565353973973,1.1083914181291061,-4.095591052920256,0.9920920133590698,0.999994158744812,-0.13914678039333844,1.9354916715636863,-4.18655763298371,0.9964084029197692,0.9999669790267944,-0.27872295520379475,1.7967648300571832,-3.627871788328292,0.981409192085266,0.9999866485595704,0.457890689998241,0.8840581602427809,-0.1059756800532341,0.9749274253845216,0.99988853931427,0.436088127759232,0.8627184685015755,-0.015267482958734,0.9612647294998168,0.9999808073043824,0.4236088253401387,0.9101591149132316,-0.1627312302589416,0.9962846636772156,0.9996132254600524,0.4057746087754533,0.8920107353261602,-0.0624713934957981,0.984243631362915,0.9998051524162292,False,False,False,False,False,False,False,False,False,False,False,False,False,False,False,False,False,False,mediapipe,mediapipe,mediapipe,mediapipe,mediapipe,mediapipe,mediapipe,mediapipe,mediapipe,mediapipe,mediapipe,mediapipe,mediapipe,mediapipe,mediapipe,mediapipe,mediapipe,mediapipe
306,6.12,-0.1139475417052965,-0.33076039008211033,-0.46310605667102084,0.9999805092811584,0.999992847442627,0.4725141525268554,0.4881437420845032,-0.1031457707285881,0.9999842047691344,0.9999927282333374,0.11402641946827104,-0.0039052652440814094,-0.503814688813816,0.9999962449073792,0.9999990463256836,-0.11402641946827104,0.0039052652440814094,1.6650805608289898,0.9999539256095886,0.9999908208847046,0.12528563081621863,0.5703484218729143,-4.461286901709365,0.999245584011078,0.999983549118042,-0.12617087504343716,0.48554122706134006,-3.2562189809034106,0.6311013102531433,0.9999544620513916,-0.0814598764104158,0.8942854321372793,-4.617081272610766,0.9980217218399048,0.9999970197677612,-0.19675323594742455,0.8509548850204022,-3.743888184947241,0.7566579580307007,0.9999825954437256,0.0876062695718073,1.0174367995165752,-3.846991235542849,0.9999925494194032,0.9999994039535522,-0.0762469672546477,0.9825309417859858,-3.218671148451567,0.9999881982803344,0.9999994039535522,-0.23292494609367706,1.1937104975766952,-4.796959472478766,0.9989844560623168,0.9999972581863404,-0.39218821594813047,1.1081395484257017,-4.121156740026873,0.9920166730880736,0.9999945163726808,-0.13897553134474827,1.9346250102932374,-4.2251674515472795,0.9964078664779664,0.9999687671661376,-0.27864307193079435,1.7960530618211727,-3.6648565763362018,0.9811910390853882,0.999987244606018,0.4579060973820998,0.8839680175959115,-0.1063674315810203,0.9750654101371764,0.999891996383667,0.4360461126674315,0.8626524403100826,-0.015586344525218,0.9610690474510192,0.99998140335083,0.4236653877860749,0.9102078064894088,-0.1635148078203201,0.9962801337242126,0.99962317943573,0.4057434642370496,0.8920529427784051,-0.0634249448776245,0.9840286374092102,0.999811589717865,False,False,False,False,False,False,False,False,False,False,False,False,False,False,False,False,False,False,mediapipe,mediapipe,mediapipe,mediapipe,mediapipe,mediapipe,mediapipe,mediapipe,mediapipe,mediapipe,mediapipe,mediapipe,mediapipe,mediapipe,mediapipe,mediapipe,mediapipe,mediapipe
307,6.14,-0.11432478630960376,-0.3303103611760454,-0.4638569097789163,0.9999807476997375,0.9999946355819702,0.4724529981613159,0.4881465137004852,-0.1031326204538345,0.9999842643737792,0.999993085861206,0.11392304240059138,-0.004007105424590736,-0.5026334004786698,0.9999961853027344,0.9999988079071044,-0.11392304240059171,0.004007105424590736,1.6600925017858976,0.9999536275863647,0.999992609024048,0.1252059548199385,0.5702147458960538,-4.443580213065322,0.9992300868034364,0.9999790191650392,-0.12580911456058969,0.4853876797793794,-3.244070186777567,0.6283450126647949,0.9999629259109496,-0.0814847598411573,0.8942763213970871,-4.588515310889878,0.997922420501709,0.9999955892562866,-0.19485685470587882,0.8511494028324491,-3.729480709396537,0.7527629733085632,0.999985933303833,0.08800889910521921,1.0172656739434844,-3.834616623557115,0.9999924302101136,0.9999994039535522,-0.07568239571702441,0.9826963400243364,-3.2064911322326086,0.9999880790710448,0.9999994039535522,-0.23269837529067156,1.1932709624164974,-4.77929426549767,0.9989730715751648,0.9999970197677612,-0.3917818928567077,1.107324597159823,-4.106276317126619,0.9919452667236328,0.999995231628418,-0.13866600951619928,1.93425022255197,-4.198745219548652,0.9963091611862184,0.9999624490737916,-0.2786060856581094,1.7964392064831485,-3.658314975725522,0.9810261726379396,0.9999866485595704,0.4579569196506547,0.883968320204108,-0.103878453373909,0.9745587706565856,0.9998716115951538,0.4359482872736215,0.8627134012731384,-0.0166920069605112,0.9606256484985352,0.9999797344207764,0.4237422447799258,0.9102942315570705,-0.1597201526165008,0.9961601495742798,0.9995580315589904,0.4057049128836973,0.8921188010480322,-0.0646288767457008,0.9837486743927002,0.9997827410697936,False,False,False,False,False,False,False,False,False,False,False,False,False,False,False,False,False,False,mediapipe,mediapipe,mediapipe,mediapipe,mediapipe,mediapipe,mediapipe,mediapipe,mediapipe,mediapipe,mediapipe,mediapipe,mediapipe,mediapipe,mediapipe,mediapipe,mediapipe,mediapipe
308,6.16,-0.1153019497067752,-0.32952006693056507,-0.4599643810291848,0.9999812841415404,0.9999951124191284,0.4722228050231933,0.4882414638996124,-0.1072741076350212,0.9999847412109376,0.999994158744812,0.11370575015107129,-0.0038843030514256922,-0.5004073714466452,0.9999961853027344,0.9999990463256836,-0.11370575015107129,0.0038843030514256922,1.6399412310022807,0.9999534487724304,0.9999929666519164,0.12564299594282527,0.569925153534248,-4.397174165080226,0.999242901802063,0.9999833106994628,-0.12508628329124494,0.4853135291291696,-3.2200502289140647,0.6306561231613159,0.999963402748108,-0.08183050763831975,0.8936144165700837,-4.532407406310046,0.9979354739189148,0.9999970197677612,-0.19183000492682536,0.8505072426014997,-3.7073093074733148,0.7510610222816467,0.9999847412109376,0.08848797506209648,1.0172365545987399,-3.77891860163628,0.9999924302101136,0.9999994039535522,-0.07500019090927784,0.9827179648038007,-3.150433828315368,0.9999880194664,0.9999994039535522,-0.23197402506533313,1.1924857485484106,-4.707484292932282,0.9989965558052064,0.999997615814209,-0.3916079346963264,1.105922367874607,-4.00651429100784,0.9920285940170288,0.9999958276748656,-0.1379492447498691,1.9335590128672926,-4.138521788358059,0.9963802695274352,0.9999667406082152,-0.2781453477695979,1.797074813739274,-3.5807980337010994,0.9814578890800476,0.999988317489624,0.4580293083107566,0.8840337410951294,-0.103498451411724,0.9748891592025756,0.9998791217803956,0.4358335077623675,0.8628355304955904,-0.0136800808832049,0.9614050984382628,0.9999817609786988,0.4237936153000617,0.9104259265608466,-0.1601846069097519,0.9962097406387328,0.999578297138214,0.4056278717267774,0.8921668366952399,-0.0618392825126647,0.9840220808982848,0.9998005032539368,False,False,False,False,False,False,False,False,False,False,False,False,False,False,False,False,False,False,mediapipe,mediapipe,mediapipe,mediapipe,mediapipe,mediapipe,mediapipe,mediapipe,mediapipe,mediapipe,mediapipe,mediapipe,mediapipe,mediapipe,mediapipe,mediapipe,mediapipe,mediapipe
309,6.18,-0.11583462155045131,-0.32696810467511894,-0.4580992569030492,0.9999814629554749,0.9999940395355223,0.4718838334083557,0.4882768392562866,-0.107436366379261,0.9999849200248718,0.9999927282333374,0.11370928043517188,-0.003639768878798782,-0.4951381421661162,0.9999961853027344,0.999998927116394,-0.11370928043517223,0.003639768878798782,1.6173002913686507,0.9999529123306274,0.9999922513961792,0.1266440217243346,0.5696232863369722,-4.347305177871883,0.999237596988678,0.99998140335083,-0.12402382993023034,0.4845288867302889,-3.1850435220072284,0.630418598651886,0.9999624490737916,-0.08090500788281473,0.8906910254537675,-4.493114478493773,0.9979119896888732,0.999996781349182,-0.1905299143012969,0.8490837341296739,-3.6833714412301335,0.7469466328620911,0.9999827146530152,0.09272315408314528,1.0172986441187413,-3.7232077583012964,0.9999922513961792,0.9999994039535522,-0.07136920932946039,0.9825873548930673,-3.0946169614841863,0.9999878406524658,0.9999994039535522,-0.2312186628176029,1.1912589459992842,-4.629569507913747,0.9989710450172424,0.9999971389770508,-0.3904322063057491,1.1050108001337358,-3.9310078798143593,0.9918404817581176,0.9999948740005492,-0.1368875300030262,1.9321919041682127,-4.075383417135743,0.996304988861084,0.9999599456787108,-0.27718880382606886,1.7973765726993256,-3.505507058494285,0.9812119007110596,0.9999864101409912,0.458116266346757,0.8841834410087234,-0.1026332080364227,0.9744786620140076,0.9998570680618286,0.4357138025316058,0.8630339718643069,-0.0104954903945326,0.9611821174621582,0.9999793767929076,0.4237714816223501,0.9105907805038246,-0.159644141793251,0.9961199164390564,0.999509334564209,0.4055528942938461,0.8921764955654033,-0.0580918528139591,0.9837282299995422,0.9997813105583192,False,False,False,False,False,False,False,False,False,False,False,False,False,False,False,False,False,False,mediapipe,mediapipe,mediapipe,mediapipe,mediapipe,mediapipe,mediapipe,mediapipe,mediapipe,mediapipe,mediapipe,mediapipe,mediapipe,mediapipe,mediapipe,mediapipe,mediapipe,mediapipe
310,6.2,-0.11702492359970795,-0.32576523326606976,-0.4629322916448066,0.9999820590019226,0.9999961853027344,0.4713718295097351,0.4883988499641418,-0.1083899512887001,0.9999853372573853,0.9999947547912598,0.11332424100475447,-0.0037575187081754224,-0.49555160496238704,0.9999961853027344,0.999998927116394,-0.11332424100475447,0.0037575187081754224,1.6171566516952374,0.9999529123306274,0.9999939203262328,0.12732004338220715,0.5693821911799047,-4.343548836908337,0.9992241263389589,0.9999812841415404,-0.12208152760913016,0.48509785540688005,-3.1780196681579143,0.6313814520835876,0.9999672174453736,-0.08023566773963578,0.8903183458961691,-4.48638785430099,0.9978492259979248,0.9999966621398926,-0.18713751845371507,0.848793953979164,-3.6743102783472286,0.7456192374229431,0.999987244606018,0.09573556665799364,1.0173174750267622,-3.720867404011136,0.9999920725822448,0.9999994039535522,-0.06855019398212205,0.9824977553164005,-3.0913690992810565,0.9999876022338868,0.9999994039535522,-0.22923135754331606,1.1908105144852799,-4.6275628768247055,0.9989844560623168,0.9999977350234984,-0.38886318380882506,1.1045731160955004,-3.926629836207137,0.9918566942214966,0.9999964237213136,-0.13503817752237715,1.9324874547550726,-4.076722019529504,0.9963730573654176,0.9999675750732422,-0.27563516518007264,1.7991132533258682,-3.5121321851590563,0.9815306663513184,0.9999896287918092,0.4582102482830184,0.8843787720987037,-0.1040412262082099,0.9747848510742188,0.9998801946640016,0.4355879869911231,0.863202312470596,-0.012181581929326,0.9617937207221984,0.9999837875366212,0.4236904530675272,0.910769747965266,-0.1626987010240554,0.9961729049682616,0.9996044039726256,0.4054739322417832,0.8922057438007901,-0.0603521019220352,0.9839279055595398,0.9998283386230468,False,False,False,False,False,False,False,False,False,False,False,False,False,False,False,False,False,False,mediapipe,mediapipe,mediapipe,mediapipe,mediapipe,mediapipe,mediapipe,mediapipe,mediapipe,mediapipe,mediapipe,mediapipe,mediapipe,mediapipe,mediapipe,mediapipe,mediapipe,mediapipe
311,6.22,-0.11914321505300204,-0.323760222220322,-0.4598845037908662,0.9999820590019226,0.9999949932098388,0.4707455933094024,0.4886927306652069,-0.1106112748384475,0.9999851584434508,0.9999934434890748,0.11301556056952022,-0.003868706461592987,-0.4954455558272195,0.9999961853027344,0.999998927116394,-0.11301556056952056,0.003868706461592987,1.6115243483069754,0.9999533295631408,0.9999942779541016,0.12943918803335633,0.5693280394387141,-4.337155486196745,0.9991961717605592,0.9999810457229614,-0.11997832702807625,0.4855311695496529,-3.165551972446011,0.6285973787307739,0.9999674558639526,-0.07830220240337853,0.8904335723023306,-4.474157932000454,0.9977262020111084,0.9999964237213136,-0.18481219904914767,0.8495947320662559,-3.653952990810937,0.7421258687973022,0.9999871253967284,0.09785573883191138,1.0173125149345252,-3.704649315930115,0.9999920725822448,0.9999995231628418,-0.06596786645182237,0.982433259806622,-3.075061579602607,0.9999876618385316,0.9999995231628418,-0.22724884945040777,1.190921814380501,-4.6157791100434995,0.9989803433418274,0.9999982118606568,-0.38681262461409827,1.1046310137373496,-3.923256440059008,0.9918517470359802,0.9999972581863404,-0.13299123905670782,1.9333507741935156,-4.063699445820723,0.9963701963424684,0.9999760389328004,-0.2740063953750273,1.8010569940347538,-3.508359203839533,0.9817965626716614,0.999991774559021,0.4582977731188983,0.8845001699485446,-0.1044028997421264,0.9747106432914734,0.9999128580093384,0.4354712314955849,0.8632990747064999,-0.0147237665951251,0.9620932936668396,0.9999868869781494,0.4235733056262945,0.9109654348769132,-0.1628670245409011,0.996160924434662,0.999691128730774,0.4053600024093292,0.8922612490631784,-0.063877560198307,0.9840850234031676,0.9998477697372437,False,False,False,False,False,False,False,False,False,False,False,False,False,False,False,False,False,False,mediapipe,mediapipe,mediapipe,mediapipe,mediapipe,mediapipe,mediapipe,mediapipe,mediapipe,mediapipe,mediapipe,mediapipe,mediapipe,mediapipe,mediapipe,mediapipe,mediapipe,mediapipe
312,6.24,-0.12234524887210468,-0.32182664104193104,-0.45300864624225234,0.9999825358390808,0.9999969005584716,0.4699247181415558,0.4888427853584289,-0.1118557006120681,0.9999854564666748,0.9999955892562866,0.11238840665254579,-0.0038879115438527974,-0.4978085051187017,0.9999962449073792,0.9999992847442628,-0.11238840665254614,0.0038879115438527974,1.6177893690632916,0.9999548196792604,0.999996304512024,0.13194495667930567,0.5709300668925801,-4.3632811476507225,0.9991835951805116,0.9999841451644896,-0.1175427689801777,0.4857267063542707,-3.17947827556363,0.6278210878372192,0.9999767541885376,-0.0758770271709928,0.8915081863124074,-4.497938116411694,0.9976848363876344,0.9999972581863404,-0.18218554643791993,0.8495626409195047,-3.6650111341762024,0.7452748417854309,0.999992609024048,0.09844622811928296,1.0170343464417722,-3.7179433619691244,0.9999921321868896,0.9999996423721312,-0.06353770582336599,0.9826609791193774,-3.0880330539632057,0.9999878406524658,0.9999996423721312,-0.22487451818108883,1.1911124464199243,-4.6325681008788315,0.998992383480072,0.9999986886978148,-0.38485823883459597,1.1049267851449904,-3.946483193907763,0.9918532371520996,0.9999980926513672,-0.13068399554300772,1.93427249305917,-4.095466151430744,0.9964653253555298,0.9999852180480956,-0.2719873382245696,1.8026928438405256,-3.5217588189103775,0.9820599555969238,0.9999951124191284,0.4583605029088367,0.8845903327415063,-0.1077685505151748,0.975267231464386,0.999944806098938,0.4353938518843184,0.8633174639203909,-0.0150486920028924,0.962515950202942,0.9999921321868896,0.4234964077845052,0.911012456967283,-0.1665849834680557,0.9962722063064576,0.9998061060905457,0.4052928781314895,0.8923009029635206,-0.0640405118465423,0.9843959212303162,0.9999152421951294,False,False,False,False,False,False,False,False,False,False,False,False,False,False,False,False,False,False,mediapipe,mediapipe,mediapipe,mediapipe,mediapipe,mediapipe,mediapipe,mediapipe,mediapipe,mediapipe,mediapipe,mediapipe,mediapipe,mediapipe,mediapipe,mediapipe,mediapipe,mediapipe
313,6.26,-0.12522648099851647,-0.3183921903170741,-0.4442248132998585,0.9999824166297911,0.9999953508377076,0.4691475927829742,0.4890346527099609,-0.1109437048435211,0.9999854564666748,0.9999946355819702,0.11237791227845118,-0.003470223503609656,-0.4987485736045287,0.9999963641166688,0.9999992847442628,-0.11237791227845118,0.003470223503609656,1.6250573284630736,0.999955415725708,0.9999949932098388,0.13558908998386882,0.5718922530292807,-4.390203851005985,0.9991925358772278,0.9999853372573853,-0.11499826292024863,0.4859154435159965,-3.2023693699115667,0.6236551403999329,0.9999713897705078,-0.06923552927603903,0.8927600653189831,-4.538366017418606,0.997727870941162,0.999997615814209,-0.17984232899964053,0.8500266586937342,-3.6747664892135665,0.7462174892425537,0.9999914169311525,0.09827862822770218,1.0170285795409721,-3.7426985989869097,0.9999921321868896,0.9999995231628418,-0.062244268128641325,0.9826467753334757,-3.1116155394828766,0.999987781047821,0.9999995231628418,-0.22281042096060977,1.1923052458081014,-4.660270721549747,0.9989966750144958,0.9999983310699464,-0.3826242427446976,1.1059178276394304,-3.9758179224452066,0.991805911064148,0.9999972581863404,-0.127990798917846,1.936567843018014,-4.126630818011011,0.9965112209320068,0.9999804496765136,-0.269716453680375,1.8051507946623004,-3.5669594433779195,0.982170045375824,0.999993085861206,0.4584113569943233,0.8845896090105164,-0.108818419277668,0.9755845069885254,0.9999287128448486,0.4353536975967311,0.8632729805154978,-0.0188430827111005,0.9628428816795348,0.9999891519546508,0.4234561425544731,0.9110050293115494,-0.1670709103345871,0.9963279962539672,0.9997695088386536,0.4052712656123387,0.8923413722943061,-0.0668831691145896,0.984590709209442,0.9998910427093506,False,False,False,False,False,False,False,False,False,False,False,False,False,False,False,False,False,False,mediapipe,mediapipe,mediapipe,mediapipe,mediapipe,mediapipe,mediapipe,mediapipe,mediapipe,mediapipe,mediapipe,mediapipe,mediapipe,mediapipe,mediapipe,mediapipe,mediapipe,mediapipe
314,6.28,-0.12810259637427585,-0.3162201327645175,-0.434169494027736,0.9999824166297911,0.9999954700469972,0.467967540025711,0.4892813265323639,-0.1104437187314033,0.9999856352806092,0.9999951124191284,0.11271378205942725,-0.0028316392510462983,-0.5048194840234701,0.9999964237213136,0.9999992847442628,-0.11271378205942759,0.0028316392510462983,1.6532700744492475,0.9999560117721558,0.9999946355819702,0.14016650642348638,0.5737311873884714,-4.465725214281224,0.9992213249206544,0.999986171722412,-0.11145862797292401,0.48584277558443034,-3.2285832295818966,0.6214777231216431,0.999970555305481,-0.06649535908755194,0.8936795240013017,-4.593226405374259,0.9978177547454834,0.999997615814209,-0.17770135685771826,0.850638607385398,-3.675057098081603,0.7515022158622742,0.9999923706054688,0.10018606878301338,1.0171703030372639,-3.8181245921099043,0.9999920725822448,0.9999995231628418,-0.06088536892108091,0.9824435234278277,-3.185734807184335,0.9999876618385316,0.9999994039535522,-0.21974247581508502,1.1945239283319766,-4.7423169373988765,0.999005913734436,0.999997615814209,-0.3789798363215167,1.107043359819293,-4.083374127865505,0.9918524026870728,0.999996304512024,-0.12421061735320904,1.9394334587266722,-4.212208352211865,0.9965366125106812,0.9999767541885376,-0.2660939673857788,1.8072436754385879,-3.6979535844862896,0.9821906089782716,0.9999908208847046,0.458434406207715,0.8845615260528819,-0.1101342737674713,0.9758976101875304,0.9999194145202636,0.4353339632491143,0.8631613643575126,-0.0276679564267396,0.9629574418067932,0.999985933303833,0.4234027517286502,0.9109700612532812,-0.1673482954502105,0.9963765740394592,0.9997462630271912,0.4053101947396517,0.892334530264628,-0.0753912702202797,0.9847408533096312,0.9998672008514404,False,False,False,False,False,False,False,False,False,False,False,False,False,False,False,False,False,False,mediapipe,mediapipe,mediapipe,mediapipe,mediapipe,mediapipe,mediapipe,mediapipe,mediapipe,mediapipe,mediapipe,mediapipe,mediapipe,mediapipe,mediapipe,mediapipe,mediapipe,mediapipe
315,6.3,-0.13263067162847933,-0.3157797896875988,-0.3907871850692626,0.9999810457229614,0.9999908208847046,0.4665640890598297,0.4894433915615082,-0.1071075499057769,0.9999852180480956,0.999991536140442,0.11204566151014092,-0.0022117899653731118,-0.5153678684846814,0.9999964833259584,0.9999992847442628,-0.11204566151014127,0.0022117899653731118,1.7011866586559163,0.9999563097953796,0.9999945163726808,0.14468997232994238,0.5757710183587528,-4.56853098693844,0.9992450475692748,0.999987244606018,-0.10837498106534736,0.48499108555555237,-3.2984223264460524,0.6199584603309631,0.9999716281890868,-0.0624572032153728,0.8931444240797668,-4.688344094811565,0.9979206919670104,0.9999979734420776,-0.17581593888333735,0.8500475193340059,-3.7432465039679363,0.758049488067627,0.999993085861206,0.10449549945175879,1.0169768387232383,-3.93352788331146,0.9999920129776,0.9999994039535522,-0.057085850026371614,0.9824611636017555,-3.3009063629382975,0.9999874830245972,0.9999992847442628,-0.21594269970190258,1.1935315010457501,-4.8583177445903125,0.9990154504776,0.9999972581863404,-0.37463867517138927,1.1057409846511534,-4.198176620747245,0.9918702840805054,0.9999953508377076,-0.12042917736063648,1.938731493783891,-4.330396706704594,0.9965745806694032,0.9999730587005616,-0.26203470122456596,1.8057622869531185,-3.830010249370438,0.982176661491394,0.999988317489624,0.4584307371180664,0.8845304810639606,-0.1105368137359619,0.9762577414512634,0.9999070167541504,0.4353099681419659,0.863058074926721,-0.0306515265256166,0.9629621505737304,0.9999827146530152,0.4233139970780541,0.910965049044516,-0.167343333363533,0.9964370727539062,0.999717652797699,0.4053413684551542,0.892314121300804,-0.0783927366137504,0.9848638772964478,0.9998441934585572,False,False,False,False,False,False,False,False,False,False,False,False,False,False,False,False,False,False,mediapipe,mediapipe,mediapipe,mediapipe,mediapipe,mediapipe,mediapipe,mediapipe,mediapipe,mediapipe,mediapipe,mediapipe,mediapipe,mediapipe,mediapipe,mediapipe,mediapipe,mediapipe
316,6.32,-0.1368797347245917,-0.3156520809071057,-0.3814632454682148,0.9999811053276062,0.9999953508377076,0.4651440382003784,0.4896322190761566,-0.1072293072938919,0.9999852776527404,0.9999942779541016,0.11184079332179196,-0.0010523060832305143,-0.5159922465411826,0.9999966025352478,0.9999994039535522,-0.11184079332179196,0.0010523060832305143,1.7061968022609797,0.9999581575393676,0.9999972581863404,0.15067475281187606,0.5766013828340805,-4.591221999836704,0.9992586374282836,0.9999878406524658,-0.10394156983353595,0.4843360897249967,-3.3320753748971006,0.6261906027793884,0.999984860420227,-0.05734183939381794,0.8946439414548589,-4.682100261642736,0.9979654550552368,0.9999982118606568,-0.17067349082295874,0.8504073418971287,-3.779825289356857,0.7682087421417236,0.999996542930603,0.10753834543583168,1.0168301507531925,-3.957546092888524,0.9999920725822448,0.9999995231628418,-0.05386913599518603,0.9824496235550493,-3.323457180414826,0.9999876618385316,0.9999996423721312,-0.2111050522200683,1.1959626363149127,-4.881591934851227,0.9990339875221252,0.9999983310699464,-0.36934785838849693,1.104720843959685,-4.223025351906031,0.9918817281723022,0.9999980926513672,-0.11556549299295976,1.9424057020088163,-4.360449060690886,0.9966391324996948,0.9999834299087524,-0.25707071098839973,1.8077529132817578,-3.903209009415099,0.9824697971343994,0.9999939203262328,0.4584495613486073,0.8845197882129896,-0.1115433424711227,0.9766854643821716,0.9999408721923828,0.4353009274789514,0.8629114876538191,-0.0397087857127189,0.963513195514679,0.9999901056289672,0.4233261287768137,0.9109369819258776,-0.1674417108297348,0.9965221881866456,0.9998362064361572,0.4054324162867807,0.8922719303822484,-0.0874071642756462,0.9852757453918456,0.9999123811721802,False,False,False,False,False,False,False,False,False,False,False,False,False,False,False,False,False,False,mediapipe,mediapipe,mediapipe,mediapipe,mediapipe,mediapipe,mediapipe,mediapipe,mediapipe,mediapipe,mediapipe,mediapipe,mediapipe,mediapipe,mediapipe,mediapipe,mediapipe,mediapipe
317,6.34,-0.14143278922991412,-0.31308809212447625,-0.3749745139317964,0.9999788999557496,0.9999895095825196,0.4635639488697052,0.4897388517856598,-0.1079324036836624,0.999983847141266,0.9999891519546508,0.1108361125743569,-0.0016908516818408693,-0.5100196108327785,0.9999966025352478,0.9999992847442628,-0.11083611257435723,0.0016908516818408693,1.6820601611573844,0.999958336353302,0.9999955892562866,0.1568685640124013,0.5766289734372885,-4.543031088850803,0.9992267489433287,0.9999860525131226,-0.099257319413271,0.4848035348753816,-3.29260511220048,0.6158720850944519,0.9999769926071168,-0.05132758783352402,0.8938578635006594,-4.632426019379329,0.9978858828544616,0.999997615814209,-0.16501692136172164,0.8493167709888159,-3.7463256954210236,0.7636221051216125,0.9999932050704956,0.11383071034161862,1.0167928242402242,-3.905242619290115,0.9999920725822448,0.9999995231628418,-0.0483318291624338,0.9821343621685942,-3.2727556514587164,0.9999876618385316,0.9999996423721312,-0.20594505952964892,1.1958238238314893,-4.815359051116196,0.9989970922470092,0.9999983310699464,-0.36387834539934966,1.1034055650771581,-4.1624916761330075,0.9914982318878174,0.9999974966049194,-0.11043509510850164,1.9427188790757408,-4.302347048948812,0.9965737462043762,0.9999827146530152,-0.25170482189888743,1.8075270576965639,-3.8342101025774733,0.9820706248283386,0.999993085861206,0.4584713177386431,0.884471384795398,-0.1104355752468109,0.9764339923858644,0.9999376535415648,0.4352900151745156,0.8627867387447068,-0.0363345481455326,0.9628275036811828,0.99998939037323,0.4234246409439551,0.9108928150230378,-0.1650908142328262,0.9964695572853088,0.9998098015785216,0.4055334484521614,0.8922275099165256,-0.0837775692343711,0.9850572347640992,0.99989652633667,False,False,False,False,False,False,False,False,False,False,False,False,False,False,False,False,False,False,mediapipe,mediapipe,mediapipe,mediapipe,mediapipe,mediapipe,mediapipe,mediapipe,mediapipe,mediapipe,mediapipe,mediapipe,mediapipe,mediapipe,mediapipe,mediapipe,mediapipe,mediapipe
318,6.36,-0.14166753638102436,-0.30768581712286586,-0.38291771741584824,0.999977707862854,0.9999923706054688,0.4622529149055481,0.4900321066379547,-0.1085290387272834,0.99998277425766,0.9999905824661256,0.11088580523390934,-0.0010658347452598296,-0.5107369812966254,0.999996542930603,0.999998927116394,-0.11088580523390934,0.0010658347452598296,1.6854126858997605,0.9999588131904602,0.9999955892562866,0.16447797055652222,0.5766655423040958,-4.558381803968523,0.9992042183876038,0.999979853630066,-0.0944329401669173,0.48478167486798146,-3.297063839441853,0.6115238666534424,0.9999772310256958,-0.043580423064598944,0.8922702412903041,-4.659302163912876,0.9978106021881104,0.999996542930603,-0.15879978891415256,0.8480552666797139,-3.738799892000457,0.766948401927948,0.9999943971633912,0.12060856870308548,1.0175731831253154,-3.9163155157749268,0.9999917149543762,0.9999992847442628,-0.04217146981398511,0.9808881303651058,-3.2822517772895448,0.999987244606018,0.9999994039535522,-0.19928909032335443,1.194460325179044,-4.845850638989238,0.9989789128303528,0.9999979734420776,-0.3566412543046245,1.0999798096263937,-4.180673328758363,0.9912399053573608,0.9999974966049194,-0.10383994741823477,1.940765387761846,-4.338086263217955,0.9965550303459167,0.999980926513672,-0.24487663468251922,1.8062185000127833,-3.8470213044166957,0.9818752408027648,0.999992847442627,0.4585472357161962,0.8843724569240673,-0.1145101562142372,0.9764249324798584,0.9999326467514038,0.4352749308922918,0.8626247699999888,-0.0365686751902103,0.9625802636146544,0.9999887943267822,0.4236248498196379,0.9108210046252472,-0.1710477769374847,0.996468186378479,0.9998067021369934,0.4056042341780284,0.8921680144774633,-0.0853140503168106,0.9850167632102966,0.9998990297317504,False,False,False,False,False,False,False,False,False,False,False,False,False,False,False,False,False,False,mediapipe,mediapipe,mediapipe,mediapipe,mediapipe,mediapipe,mediapipe,mediapipe,mediapipe,mediapipe,mediapipe,mediapipe,mediapipe,mediapipe,mediapipe,mediapipe,mediapipe,mediapipe
319,6.38,-0.14552955338975435,-0.30386018478543597,-0.38142622157822786,0.9999773502349854,0.9999940395355223,0.4604979753494262,0.4904194474220276,-0.1084374636411666,0.9999826550483704,0.999992847442627,0.10984676754472886,-0.0008029886619989181,-0.514193677880503,0.9999966025352478,0.9999992847442628,-0.1098467675447292,0.0008029886619989181,1.6987448964687175,0.9999598264694214,0.999996542930603,0.17152480503355116,0.5761083966426107,-4.5866790257285555,0.999205768108368,0.9999847412109376,-0.08903752998811194,0.48239388676232864,-3.320805513748742,0.6094257235527039,0.9999806880950928,-0.03840469466109605,0.8901894330193835,-4.678754785100477,0.9978238940238952,0.999997615814209,-0.1515912231438162,0.844953674738454,-3.7669266060573032,0.7732157707214355,0.9999955892562866,0.12645877113592946,1.017997813467987,-3.94673622561428,0.999991536140442,0.9999992847442628,-0.03586423444807595,0.9799492904169773,-3.310332313202321,0.999987006187439,0.9999994039535522,-0.1931171299870116,1.192323502568226,-4.8735628835943325,0.9989908933639526,0.9999982118606568,-0.34950802706139344,1.0971300913322843,-4.193858177309419,0.991149127483368,0.9999977350234984,-0.09744148557336896,1.9364492451110744,-4.364337070439774,0.9966148138046264,0.999984622001648,-0.23808256200476838,1.8034318811219623,-3.867554728727224,0.9820910692214966,0.9999933242797852,0.458618081046708,0.8841755626362822,-0.1139270812273025,0.9769989252090454,0.9999457597732544,0.4352862777965619,0.8624845451408355,-0.0352323278784751,0.9630946516990662,0.99998939037323,0.4238124274429475,0.910770748184002,-0.1708467155694961,0.9965484738349916,0.999841570854187,0.4056539873837879,0.8920903325358772,-0.0833105072379112,0.985306680202484,0.9999058246612548,False,False,False,False,False,False,False,False,False,False,False,False,False,False,False,False,False,False,mediapipe,mediapipe,mediapipe,mediapipe,mediapipe,mediapipe,mediapipe,mediapipe,mediapipe,mediapipe,mediapipe,mediapipe,mediapipe,mediapipe,mediapipe,mediapipe,mediapipe,mediapipe
320,6.4,-0.14819490857224582,-0.29957016438626677,-0.37895236990430364,0.9999743700027466,0.999986171722412,0.4587216079235077,0.4912111759185791,-0.1133094877004623,0.9999804496765136,0.9999842643737792,0.10866992615769856,-0.00041600248889421835,-0.5154069361863112,0.9999964237213136,0.9999984502792358,-0.10866992615769856,0.00041600248889421835,1.6914022082983393,0.9999575018882751,0.9999924898147584,0.17933285002267713,0.5734907360862901,-4.586513359486426,0.9991556406021118,0.999969244003296,-0.10737792140446178,0.48992482027679174,,0.5875696539878845,0.9999611377716064,-0.0310052368390103,0.8853896517241604,-4.68025794141116,0.9975669384002686,0.9999942779541016,-0.14412925546336433,0.8410896762832926,-3.7525634924840587,0.7575414180755615,0.99998676776886,0.13380316627274533,1.0186157626013144,-3.919598531326158,0.9999911189079284,0.9999992847442628,-0.028289536071512127,0.9785990164952548,-3.283351223197194,0.9999863505363464,0.9999992847442628,-0.18705399494489552,1.1892781008316955,-4.816968790051399,0.998965322971344,0.999997854232788,-0.34178848454703387,1.0933127702102137,-4.138464167232624,0.9905890226364136,0.9999970197677612,-0.0902994509375481,1.930322428678381,-4.280059941983401,0.9966046810150146,0.9999817609786988,-0.23055193981842356,1.7994294679712595,-3.764482504557606,0.9816030263900756,0.9999921321868896,0.4586677259498555,0.883824408054354,-0.1040961444377899,0.9770597219467164,0.999935746192932,0.4353092599026261,0.8622498547002729,-0.0221165176481008,0.9624376893043518,0.9999881982803344,0.4240779942704814,0.9107353062062856,-0.1588686257600784,0.996525228023529,0.9998018145561218,0.405650900307792,0.8920600348975021,-0.0683549493551254,0.9848722815513612,0.9998883008956908,False,False,False,False,False,False,False,False,False,False,False,False,False,False,False,False,False,False,mediapipe,mediapipe,mediapipe,mediapipe,mediapipe,movenet,mediapipe,mediapipe,mediapipe,mediapipe,mediapipe,mediapipe,mediapipe,mediapipe,mediapipe,mediapipe,mediapipe,mediapipe
321,6.42,-0.14788854208100174,-0.29505809947625766,-0.3883502063107505,0.9999744296073914,0.9999946355819702,0.4570616483688354,0.4931641221046448,-0.1125358641147613,0.9999802708625792,0.9999927282333374,0.10839984576007575,-0.00029085200245646713,-0.5160923051171316,0.999996304512024,0.9999986886978148,-0.10839984576007575,0.00029085200245646713,1.6991848689265825,0.9999566078186036,0.999994158744812,0.18941576499183116,0.5734743026584062,-4.6178340866836916,0.9991037249565125,0.9999713897705078,-0.09564536411709872,0.4913687255190223,,0.5723165273666382,0.9999673366546632,-0.021507947306887026,0.8826497982287229,-4.72577312695844,0.997339963912964,0.9999947547912598,-0.13497372475103225,0.8392925323219461,-3.7972903544648697,0.7493505477905273,0.9999902248382568,0.14330406692806413,1.0183347816104342,-3.9532417226927907,0.9999906420707704,0.9999991655349731,-0.018852463229613224,0.9777894125059751,-3.3131682603013575,0.999985694885254,0.9999992847442628,-0.17959049514421743,1.1885938896131576,-4.837305077211929,0.9989068508148192,0.999997854232788,-0.33332893311729433,1.0919354774437513,-4.125831932719674,0.9897420406341552,0.9999970197677612,-0.0815085687150034,1.928595855485093,-4.317239914951741,0.9965506196022034,0.9999815225601196,-0.22194260619933825,1.7993116960176563,-3.7365166889828996,0.9806904792785645,0.9999923706054688,0.4586955820902811,0.883327505527401,-0.1047844439744949,0.9770434498786926,0.9999346733093262,0.4353493908485343,0.8617978721231869,-0.0121909864246845,0.961198091506958,0.9999886751174928,0.4243033424818721,0.9107218530628256,-0.1599070131778717,0.996486246585846,0.9997944235801696,0.4055945453666039,0.8920950952109779,-0.0593414902687072,0.984175741672516,0.9998983144760132,False,False,False,False,False,False,False,False,False,False,False,False,False,False,False,False,False,False,mediapipe,mediapipe,mediapipe,mediapipe,mediapipe,movenet,mediapipe,mediapipe,mediapipe,mediapipe,mediapipe,mediapipe,mediapipe,mediapipe,mediapipe,mediapipe,mediapipe,mediapipe
322,6.44,-0.15238123699759706,-0.29389015113920497,-0.38544227684344,0.9999721050262452,0.9999884366989136,0.4548396170139313,0.4946919679641723,-0.1177785322070121,0.9999790787696838,0.9999876022338868,0.10953851033871019,0.002861389092498027,-0.5328427321306827,0.9999961853027344,0.9999986886978148,-0.10953851033871019,-0.002861389092498027,1.7568538108938339,0.9999547004699708,0.9999936819076538,0.19912062828100405,0.5712980468217771,-4.785741029761842,0.9990751147270204,0.9999746084213256,-0.0920643602036219,0.49195047250683815,,0.5512576103210449,0.9999635219573976,-0.013087698546205728,0.8788926876816,-4.874119522733568,0.9971798062324524,0.9999951124191284,-0.12666016284414475,0.8357963341393133,-3.9262532912795844,0.734542191028595,0.9999885559082032,0.1526673543954944,1.0172421818461874,-4.096741845150264,0.9999902248382568,0.9999991655349731,-0.009888112561019732,0.9776548300572265,-3.4516361008877157,0.9999849200248718,0.9999992847442628,-0.17299595656527214,1.1863373578625431,-4.989993834785953,0.9989265203475952,0.9999982118606568,-0.32608900292475856,1.089501878630216,-4.273779084205182,0.9895118474960328,0.99999737739563,-0.073300746184494,1.9272033442863539,-4.468721990679465,0.9966822266578674,0.9999868869781494,-0.21408549435430488,1.7995162277611547,-3.8799294092920666,0.9808165431022644,0.9999934434890748,0.4586548519023382,0.882856073913043,-0.1064227893948555,0.9778422713279724,0.9999538660049438,0.4354083579737001,0.8615797048126368,-0.0125268567353487,0.96141517162323,0.999990463256836,0.4243524817875782,0.9106561504043924,-0.1637644618749618,0.996618151664734,0.9998606443405152,0.4055481263390799,0.8921679298638765,-0.0607036277651786,0.9842865467071532,0.9999186992645264,False,False,False,False,False,False,False,False,False,False,False,False,False,False,False,False,False,False,mediapipe,mediapipe,mediapipe,mediapipe,mediapipe,movenet,mediapipe,mediapipe,mediapipe,mediapipe,mediapipe,mediapipe,mediapipe,mediapipe,mediapipe,mediapipe,mediapipe,mediapipe
323,6.46,-0.15722348387177124,-0.2891880751232455,-0.384458351414219,0.9999679327011108,0.999984860420227,0.4523113965988159,0.4967767298221588,-0.1238694936037063,0.9999762773513794,0.999983549118042,0.11027905823831169,0.005426691411227259,-0.5365488927191854,0.9999959468841552,0.9999983310699464,-0.11027905823831169,-0.005426691411227259,1.7605856801812705,0.9999524354934692,0.9999936819076538,0.21059899671385482,0.569540052071528,-4.848011925177997,0.9989457726478576,0.999962568283081,-0.0868698270351485,0.4938539709644338,,0.5216847062110901,0.9999576807022096,-0.005155006040662785,0.8783533564022106,-4.9345854885977385,0.9965353608131408,0.9999920129776,-0.11591992228280697,0.8320045522471335,-3.9966825854626378,0.7081491351127625,0.9999865293502808,0.16499690850172968,1.01669016742648,-4.11562845779563,0.9999896287918092,0.9999991655349731,0.001135770597242924,0.9763978720076528,-3.4675705258679046,0.9999839067459106,0.9999992847442628,-0.16433309213837874,1.191013644342186,-5.012844076478206,0.9988523721694946,0.9999982118606568,-0.3174255367144061,1.0885578877445323,-4.298723557266215,0.9880518913269044,0.999997615814209,-0.06315366740307367,1.9284422679463644,-4.457010057462161,0.9965524077415466,0.9999868869781494,-0.2045638138410668,1.8019737859221479,-3.8588911023099373,0.9790151715278624,0.9999935626983644,0.4585304433927126,0.8823986202131086,-0.1005072891712188,0.977241575717926,0.9999552965164183,0.4354705756360845,0.8615762790044169,-0.0053683249279856,0.9583919048309326,0.9999910593032836,0.4242104540615936,0.910675318507884,-0.1575417071580886,0.996504008769989,0.999881148338318,0.4055237074693054,0.8922884401741584,-0.0531238205730915,0.982969045639038,0.9999327659606934,False,False,False,False,False,False,False,False,False,False,False,False,False,False,False,False,False,False,mediapipe,mediapipe,mediapipe,mediapipe,mediapipe,movenet,mediapipe,mediapipe,mediapipe,mediapipe,mediapipe,mediapipe,mediapipe,mediapipe,mediapipe,mediapipe,mediapipe,mediapipe
324,6.48,-0.16160282482473695,-0.2871149641719231,-0.4102831056130629,0.9999566674232484,0.9999715089797974,0.4502149224281311,0.4984675645828247,-0.1283776462078094,0.9999687671661376,0.999969244003296,0.11050847752758915,0.006139689262786722,-0.5454440957074608,0.9999953508377076,0.9999971389770508,-0.1105084775275895,-0.006139689262786722,1.788476430572296,0.9999464750289916,0.9999887943267822,0.22290095917227232,0.5663807758646643,-4.986010221276016,0.998708963394165,0.9999450445175172,-0.08081813072990371,0.5091628913419154,,0.4875692427158355,0.9999278783798218,0.00547747145058248,0.8745810961063183,-5.1115193033781265,0.9952041506767272,0.9999865293502808,-0.10468470358931578,0.8296432992417703,-4.1400588588098675,0.6663815975189209,0.999969244003296,0.17678786433473578,1.0170037625541053,-4.189641931118761,0.999988853931427,0.9999990463256836,0.013152778599468213,0.9739564460291159,-3.538599901450526,0.9999825954437256,0.9999991655349731,-0.15690041132279756,1.1883493081377703,-5.126252630617978,0.9987626671791076,0.9999980926513672,-0.30735170312360865,1.0846809069267256,-4.40422366322048,0.986593782901764,0.99999737739563,-0.05198495084003862,1.9272048847872099,-4.535406019423718,0.9964383840560912,0.9999855756759644,-0.19368862636544848,1.801621753518588,-3.949151407704213,0.9773864150047302,0.9999922513961792,0.4583054468348321,0.8820179838400642,-0.1006078496575355,0.9766733050346376,0.9999508857727052,0.4355428669002518,0.8617822259734027,-0.0079511636868119,0.9556924700737,0.99998939037323,0.4238534669081381,0.9107229679058784,-0.1630290001630783,0.9963783025741576,0.9998630285263062,0.4055495623386277,0.89239691381966,-0.057443905621767,0.9815579056739808,0.9999184608459472,False,False,False,False,False,False,False,False,False,False,False,False,False,False,False,False,False,False,mediapipe,mediapipe,mediapipe,mediapipe,mediapipe,movenet,mediapipe,mediapipe,mediapipe,mediapipe,mediapipe,mediapipe,mediapipe,mediapipe,mediapipe,mediapipe,mediapipe,mediapipe
325,6.5,-0.16809292643214102,-0.2862766554035688,-0.43936002413168895,0.999951958656311,0.999982476234436,0.4473439753055572,0.5004658699035645,-0.1335071176290512,0.9999653100967408,0.9999790191650392,0.11163891567978888,0.004565419099960617,-0.5652191818636485,0.999994933605194,0.9999974966049194,-0.11163891567978923,-0.004565419099960617,1.862920193196869,0.9999442100524902,0.9999927282333374,0.23509256223117442,0.5635240757814258,-5.239856799881348,0.9985087513923644,0.9999369382858276,-0.07371722247747428,0.5031587333377504,,0.4614454209804535,0.9999445676803588,0.014563432920938497,0.8722019898517135,-5.377942891068508,0.9938805103302002,0.9999812841415404,-0.09490371491012062,0.8266721880322977,-4.390058403328114,0.6406917572021484,0.9999796152114868,0.190299539765795,1.0167390171926014,-4.400526238444541,0.9999881982803344,0.999998927116394,0.025338153578062378,0.9716020967034376,-3.7321822627752157,0.9999818205833436,0.9999992847442628,-0.15074493151802132,1.1891684069827952,-5.3455162566965795,0.9987114071846008,0.9999977350234984,-0.299033270112553,1.0832366387190389,-4.611003610710674,0.9858046174049376,0.999997615814209,-0.04178735728526409,1.9325990817015752,-4.728774530094241,0.9963376522064208,0.999983549118042,-0.18456559443187331,1.8062627702978291,-4.098859810126753,0.9767069220542908,0.999991536140442,0.4579977358415699,0.8818102052439644,-0.0979196056723594,0.9760006070137024,0.9999462366104126,0.4356017473277523,0.8621587387887493,0.0013454996515065,0.954258143901825,0.9999886751174928,0.4232614393278724,0.910768147670864,-0.1602947413921356,0.9962642788887024,0.9998569488525392,0.4056001236110866,0.8925019255329145,-0.0501943565905094,0.9808753132820128,0.9999126195907592,False,False,False,False,False,False,False,False,False,False,False,False,False,False,False,False,False,False,mediapipe,mediapipe,mediapipe,mediapipe,mediapipe,movenet,mediapipe,mediapipe,mediapipe,mediapipe,mediapipe,mediapipe,mediapipe,mediapipe,mediapipe,mediapipe,mediapipe,mediapipe
326,6.52,-0.17497925907282638,-0.28681053362345327,-0.46335318049752844,0.9999533295631408,0.9999942779541016,0.4444924890995025,0.5029451847076416,-0.1423832327127456,0.9999663829803468,0.9999927282333374,0.11238727253537503,0.009079652452709532,-0.5769257517462844,0.999994933605194,0.9999988079071044,-0.11238727253537538,-0.009079652452709532,1.9140529308459087,0.99994558095932,0.999996781349182,0.24867789481996874,0.5654419641976741,-5.480342929493431,0.9983936548233032,0.9999598264694214,-0.07038698707597624,0.5270868704197739,,0.4400008618831634,0.999967098236084,0.025292393962141068,0.8765418516432051,-5.612023275054629,0.9930931329727172,0.9999887943267822,-0.08584407325734028,0.8223776840797641,-4.637114679230073,0.6241698861122131,0.9999878406524658,0.2058566580310249,1.018969681891609,-4.608793175351109,0.9999876618385316,0.9999990463256836,0.0400157788147294,0.9658594656169445,-3.922604193268723,0.9999812245368958,0.9999992847442628,-0.1424874137773976,1.2009332093807654,-5.5666730256129515,0.9986468553543092,0.9999977350234984,-0.29368083567096875,1.0923945685866017,-4.791019851041647,0.9846150875091552,0.999997615814209,-0.031571253926826685,1.9567868698993502,-4.944491219877006,0.9961764216423036,0.9999822378158568,-0.17723941847691857,1.8268109891550106,-4.288087464245272,0.9754796624183656,0.999990701675415,0.4576626024046156,0.8817486155838978,-0.098964899778366,0.9753437042236328,0.9999396800994872,0.435650253629352,0.8625342251259709,0.0023972680792212,0.9519667029380798,0.9999866485595704,0.4226463707315905,0.91078418215394,-0.1607719957828521,0.9961278438568116,0.9998503923416138,0.4056968031785438,0.8925411652573919,-0.0505864471197128,0.9799309372901917,0.9999104738235474,False,False,False,False,False,False,False,False,False,False,False,False,False,False,False,False,False,False,mediapipe,mediapipe,mediapipe,mediapipe,mediapipe,movenet,mediapipe,mediapipe,mediapipe,mediapipe,mediapipe,mediapipe,mediapipe,mediapipe,mediapipe,mediapipe,mediapipe,mediapipe
327,6.54,-0.1829609213809099,-0.28388084909396144,-0.4743827257062361,0.9999547600746156,0.9999954700469972,0.4416326880455017,0.5060784220695496,-0.1370084732770919,0.999967873096466,0.9999953508377076,0.11598835853268946,0.013784811592706534,-0.5717000046007411,0.9999950528144836,0.9999991655349731,-0.11598835853268982,-0.013784811592706534,1.9324765086349658,0.99994695186615,0.9999970197677612,0.26459894974693193,0.5649745376071836,-5.588881461337212,0.998390018939972,0.9999736547470092,-0.06566030381358286,0.5237723504792055,,0.4229620099067688,0.9999655485153198,0.038186899667137064,0.879747397978888,-5.7243192191687,0.9931330680847168,0.999993085861206,-0.07422806219996586,0.8023568208394054,-4.749882046942191,0.6178544759750366,0.9999901056289672,0.22118434575656737,1.0161101839798317,-4.756266812034572,0.9999871850013732,0.9999990463256836,0.0511374933284737,0.9652632830771332,-4.05997757376604,0.9999803900718688,0.9999992847442628,-0.1306437837075611,1.208338087224858,-5.75877265593392,0.9986486434936525,0.9999983310699464,-0.2857278860260953,1.0978626492949581,-5.011473841575189,0.9845779538154602,0.999997854232788,-0.019447976376782687,1.976498743609654,-5.122991447792899,0.99617999792099,0.9999871253967284,-0.1673968591232638,1.8440058958180587,-4.441457585589045,0.9752140641212464,0.9999921321868896,0.457294417150094,0.8818266975296148,-0.1026016026735305,0.9755244851112366,0.9999566078186036,0.4356713548545803,0.8631577651539628,-0.0011740720365196,0.9509704113006592,0.9999889135360718,0.4220094652303737,0.9108295521258218,-0.1656553894281387,0.996161937713623,0.9998781681060792,0.4057443486504909,0.8926879471832246,-0.0518888346850872,0.97981059551239,0.9999221563339232,False,False,False,False,False,False,False,False,False,False,False,False,False,False,False,False,False,False,mediapipe,mediapipe,mediapipe,mediapipe,mediapipe,movenet,mediapipe,mediapipe,mediapipe,mediapipe,mediapipe,mediapipe,mediapipe,mediapipe,mediapipe,mediapipe,mediapipe,mediapipe
328,6.56,-0.18875309078223948,-0.28291062127960975,-0.5010245484079833,0.9999576807022096,0.9999980926513672,0.4393956363201141,0.5090676546096802,-0.1514298021793365,0.9999700784683228,0.9999977350234984,0.11722998280514642,0.017310827104704406,-0.5853461672116022,0.9999952912330629,0.9999995231628418,-0.11722998280514642,-0.017310827104704406,1.9779341503973136,0.9999496936798096,0.9999984502792358,0.28147385212025505,0.5668907587369548,-5.842355467729766,0.9983448386192322,0.9999781847000122,-0.060535076193483334,0.5214290285726464,,0.4047921299934387,0.9999738931655884,0.05232981443823142,0.8842409805530721,-5.954420316523615,0.9928139448165894,0.9999938011169434,-0.06182904479845859,0.8006744126466209,-5.0090625810823655,0.6074314117431641,0.9999914169311525,0.23847732186608725,1.0128818124444219,-4.948706701432675,0.9999869465827942,0.9999992847442628,0.06359506585086463,0.9641746542704221,-4.238075868291117,0.9999800324440002,0.9999994039535522,-0.11837499424248692,1.2209809015443667,-5.97487638624071,0.9985843896865844,0.9999984502792358,-0.27781233202942013,1.1073711523599588,-5.2049966669289205,0.983694314956665,0.9999982118606568,-0.00662388595894131,2.001538962143402,-5.316497906255393,0.995832622051239,0.9999871253967284,-0.15748369171852705,1.8649323668146487,-4.641893309009854,0.9740379452705384,0.9999923706054688,0.4569793948621472,0.8819935166196692,-0.1016870364546775,0.9739912152290344,0.999956488609314,0.4356354242299276,0.8634232303479358,-0.0019177715294063,0.948437750339508,0.9999889135360718,0.421467025727382,0.9108363413588452,-0.1638822853565216,0.9959030151367188,0.9998927116394044,0.4057639484361068,0.8927865149257923,-0.0532318018376827,0.979026198387146,0.9999277591705322,False,False,False,False,False,False,False,False,False,False,False,False,False,False,False,False,False,False,mediapipe,mediapipe,mediapipe,mediapipe,mediapipe,movenet,mediapipe,mediapipe,mediapipe,mediapipe,mediapipe,mediapipe,mediapipe,mediapipe,mediapipe,mediapipe,mediapipe,mediapipe
329,6.58,-0.19554458741923952,-0.2857945915490496,-0.4934213671106982,0.99996018409729,0.9999974966049194,0.4370211362838745,0.5108963251113892,-0.1481785476207733,0.99997216463089,0.9999972581863404,0.11763387962279896,0.012558430431960517,-0.5967253741851815,0.9999954700469972,0.9999995231628418,-0.11763387962279896,-0.012558430431960517,2.0561349591370517,0.999951720237732,0.9999983310699464,0.29751611940766665,0.566601710980829,-6.133344852357845,0.9983561635017396,0.99997878074646,-0.056929624389765,0.5468741767272758,,0.3874998092651367,0.999969720840454,0.06335810715065061,0.8850959020381637,-6.24003680237984,0.9928312301635742,0.9999951124191284,-0.07802979201431423,0.8502137914721055,,0.5964989066123962,0.9999910593032836,0.2561260520399889,1.0098983472167091,-5.250012106271943,0.9999863505363464,0.999998927116394,0.0785692784786791,0.9618975437742928,-4.527643538597951,0.9999789595603944,0.9999992847442628,-0.10651085241158609,1.2254296263108797,-6.277210730831472,0.9985995292663574,0.9999984502792358,-0.26957237875527157,1.1084421673205986,-5.501070099612185,0.9835647344589232,0.9999982118606568,0.005299977115377949,2.0166889239375725,-5.589677845918841,0.9958325624465942,0.999985694885254,-0.14754324956742476,1.876481245073028,-4.924719944321243,0.9738314151763916,0.999991774559021,0.4566580560796478,0.8820905759062267,-0.0965355858206749,0.9742062091827391,0.9999512434005736,0.4356171058052358,0.863399571749994,0.0010200141696259,0.947739839553833,0.999988317489624,0.4210676909326684,0.9109102826574212,-0.1576236635446548,0.9959150552749634,0.9998838901519777,0.4058070519031633,0.8927760952280419,-0.0497337579727172,0.9788769483566284,0.9999253749847412,False,False,False,False,False,False,False,False,False,False,False,False,False,False,False,False,False,False,mediapipe,mediapipe,mediapipe,mediapipe,mediapipe,movenet,mediapipe,movenet,mediapipe,mediapipe,mediapipe,mediapipe,mediapipe,mediapipe,mediapipe,mediapipe,mediapipe,mediapipe
330,6.6,-0.20271228084850593,-0.29116120075762486,-0.5297361587186451,0.9999587535858154,0.9999920129776,0.4344848990440368,0.5136463642120361,-0.1570022851228714,0.9999716877937316,0.9999923706054688,0.11733435605431257,0.013165863354396483,-0.5945692291414862,0.9999955296516418,0.9999991655349731,-0.11733435605431257,-0.013165863354396483,2.058805487936167,0.9999508857727052,0.999996304512024,0.31675466142315756,0.5720374371594339,-6.283890607910329,0.9982337355613708,0.9999641180038452,-0.04980711772308302,0.5481628202957757,,0.3591158390045166,0.9999427795410156,0.07888662658004866,0.8879333533921353,-6.381706526693335,0.9921422004699708,0.999992847442627,-0.05111493843159442,0.8160004166748341,,0.5654124617576599,0.999981164932251,0.2785364301607928,1.00979709275726,-5.376522755129894,0.9999854564666748,0.9999990463256836,0.09581955742717607,0.9548549361163101,-4.639323365131165,0.9999767541885376,0.9999991655349731,-0.09481168664727971,1.2471638453200162,-6.319654873333658,0.99850332736969,0.9999982118606568,-0.2629243338286762,1.1320815931212669,-5.460386995004105,0.979621648788452,0.9999971389770508,0.018723540958596883,2.0451027318128574,-5.639790943783497,0.9956700801849364,0.9999884366989136,-0.1363832407002877,1.9006305159237873,-4.835387136238746,0.970559298992157,0.9999924898147584,0.4563884173795627,0.8821701676973397,-0.0846494957804679,0.9735066294670104,0.999962329864502,0.4356496601532678,0.8629871241418376,0.0325901471078395,0.9419755339622498,0.999990940093994,0.4209088289932226,0.911017864456268,-0.1454787105321884,0.9957491159439088,0.9998993873596193,0.4058979730228176,0.8927093834588045,-0.0163408573716878,0.9763602614402772,0.9999428987503052,False,False,False,False,False,False,False,False,False,False,False,False,False,False,False,False,False,False,mediapipe,mediapipe,mediapipe,mediapipe,mediapipe,movenet,mediapipe,gpr,mediapipe,mediapipe,mediapipe,mediapipe,mediapipe,mediapipe,mediapipe,mediapipe,mediapipe,mediapipe
331,6.62,-0.2076984146163361,-0.2891815358649911,-0.541150729089127,0.9999576807022096,0.9999914169311525,0.4318140149116516,0.5171087980270386,-0.1533515304327011,0.9999718070030212,0.999991774559021,0.11673742352498194,0.009523853894543079,-0.5946386358510362,0.9999954700469972,0.999998927116394,-0.11673742352498231,-0.009523853894543079,2.090335204104093,0.9999499917030334,0.9999966621398926,0.33579121826223557,0.5670171771085483,-6.446662882531966,0.9980673789978028,0.999948501586914,-0.040118934550219705,0.543731234882883,,0.3303912580013275,0.9999349117279052,0.09488118306271176,0.8867374847674605,-6.498875505129608,0.9908939003944396,0.99998676776886,-0.038878763471026145,0.8071513131248139,,0.5350391268730164,0.9999799728393556,0.2983130418006049,1.0056922686999574,-5.546986145436338,0.9999839067459106,0.9999984502792358,0.11400106959500116,0.9513455627034252,-4.80199947521115,0.9999738931655884,0.999998927116394,-0.07936001901641548,1.2538407492380406,-6.512814034207719,0.9985083937644958,0.9999979734420776,-0.25074175541426286,1.1358605190741977,-5.677771542144886,0.979154407978058,0.999997615814209,0.03425929962497107,2.053266087786404,-5.849085488152402,0.995749533176422,0.9999853372573853,-0.12140968284491979,1.9066805818954637,-5.112264331541429,0.970306932926178,0.9999921321868896,0.4561927302595074,0.8820884543143253,-0.0900010243058204,0.9740734100341796,0.9999476671218872,0.4357099956148999,0.8622998998159596,0.0152848418802022,0.9411823153495787,0.9999885559082032,0.4208622754731667,0.911155092271616,-0.1490289717912674,0.9957984685897828,0.9998639822006226,0.4059636770706365,0.8925694944141651,-0.0335430391132831,0.9760687947273254,0.9999268054962158,False,False,False,False,False,False,False,False,False,False,False,False,False,False,False,False,False,False,mediapipe,mediapipe,mediapipe,mediapipe,mediapipe,movenet,mediapipe,gpr,mediapipe,mediapipe,mediapipe,mediapipe,mediapipe,mediapipe,mediapipe,mediapipe,mediapipe,mediapipe
332,6.64,-0.21312699975506275,-0.2746568087512679,-0.6012264223844922,0.999958872795105,0.9999966621398926,0.4292311370372772,0.521202802658081,-0.1783197820186615,0.9999731779098512,0.9999971389770508,0.1210471253465797,0.018427250646690603,-0.6046453353077184,0.9999955296516418,0.9999995231628418,-0.12104712534658009,-0.018427250646690603,2.103884332422765,0.9999504685401917,0.9999980926513672,0.3561457736308693,0.5712388797224117,-6.656150866068275,0.9980452060699464,0.999969482421875,-0.02982201016211172,0.5481955417459407,,0.3055524528026581,0.9999576807022096,0.11037890530211399,0.8943282546548045,-6.709683717406129,0.99061381816864,0.9999918937683104,-0.026323349614301172,0.8089826269722036,,0.5075109601020813,0.9999853372573853,0.32121816414193993,1.0057795582238385,-5.671356843830714,0.9999833703041076,0.9999991655349731,0.13262598498173545,0.9420462780115799,-4.911528664597542,0.999972403049469,0.9999992847442628,-0.06380620923877463,1.2765539681315194,-6.628048230692229,0.9985315799713136,0.9999983310699464,-0.23969804544752824,1.150809834521751,-5.774491701230335,0.9788472652435304,0.9999979734420776,0.051311530439640866,2.085585969700125,-5.9813033785214875,0.9959306716918944,0.9999886751174928,-0.10614711085672057,1.934630759637089,-5.143053095228998,0.9704753756523132,0.9999947547912598,0.4560724391248132,0.8823240885645661,-0.0907185077667236,0.9748351573944092,0.9999597072601318,0.4357489036930202,0.8617444219011272,0.028505977243185,0.9405716061592102,0.9999929666519164,0.4208342509391991,0.911263616629694,-0.1519914120435714,0.9959563612937928,0.9998860359191896,0.4059769275721981,0.892397004685482,-0.02070620842278,0.9761960506439208,0.9999531507492064,False,False,False,False,False,False,False,False,False,False,False,False,False,False,False,False,False,False,mediapipe,mediapipe,mediapipe,mediapipe,mediapipe,movenet,mediapipe,gpr,mediapipe,mediapipe,mediapipe,mediapipe,mediapipe,mediapipe,mediapipe,mediapipe,mediapipe,mediapipe
333,6.66,-0.22102441989537994,-0.26326964192895413,-0.5152499212874173,0.9999600648880004,0.9999940395355223,0.4258933365345001,0.524079442024231,-0.1650866568088531,0.9999744296073914,0.9999945163726808,0.12268444393269294,0.022380145533592744,-0.5882050119254991,0.9999956488609314,0.9999995231628418,-0.12268444393269294,-0.022380145533592744,2.0778281535269487,0.9999523758888244,0.999998927116394,0.3705821269350592,0.5650255752424836,-6.627595215082458,0.9980471134185792,0.9999706745147704,-0.021326417413807808,0.5389774775341546,,0.2845273017883301,0.999974250793457,0.12443670339224833,0.8937412780353955,-6.574288030580199,0.9902676343917848,0.9999903440475464,-0.016119547208870252,0.8021872246616879,,0.4956104755401611,0.999990940093994,0.3392726633680596,1.0044717194562927,-5.6954709372504375,0.9999828934669496,0.999998927116394,0.14989888730187714,0.9347835999937189,-4.941379593512941,0.9999713897705078,0.9999992847442628,-0.0498164980904196,1.286933914952064,-6.45432327038483,0.9985764026641846,0.9999977350234984,-0.2279889809025295,1.1619476354055405,-5.7160281445325145,0.977641463279724,0.9999977350234984,0.06569436267841318,2.0984653357493195,-5.8134169760144525,0.9960464239120485,0.9999830722808838,-0.09200387534160605,1.9452039092844358,-5.13973601871861,0.969074010848999,0.999990940093994,0.4559718869227085,0.8824519292735855,-0.062177374958992,0.9754830002784728,0.9999423027038574,0.4358023775346362,0.8612235110678618,0.031922485679388,0.9375216364860536,0.9999876022338868,0.4208421343828981,0.9114232488445492,-0.1143961623311042,0.9960355162620544,0.9998568296432496,0.4059774299740524,0.892194599677357,-0.0097406692802906,0.9753937125205994,0.9999284744262696,False,False,False,False,False,False,False,False,False,False,False,False,False,False,False,False,False,False,mediapipe,mediapipe,mediapipe,mediapipe,mediapipe,movenet,mediapipe,gpr,mediapipe,mediapipe,mediapipe,mediapipe,mediapipe,mediapipe,mediapipe,mediapipe,mediapipe,mediapipe
334,6.68,-0.2293559991444685,-0.2504911804771266,-0.49311935611225566,0.999955415725708,0.9999853372573853,0.4230417311191559,0.5273606181144714,-0.1645893454551696,0.9999732971191406,0.9999899864196776,0.12342334315610334,0.019677490512018902,-0.5787290689574003,0.9999955296516418,0.9999991655349731,-0.12342334315610334,-0.019677490512018902,2.0458014106492484,0.99994957447052,0.9999970197677612,0.3839802083675827,0.5597524203628094,-6.566290172383393,0.9977928400039672,0.9999533891677856,-0.018537329098738287,0.5146158019434723,,0.2594693303108215,0.9999290704727172,0.14123488684618848,0.8934705560078049,-6.54462963256909,0.9878021478652954,0.9999845027923584,-0.003167021441842685,0.7929732685984269,,0.4551186561584472,0.9999597072601318,0.35829806379568463,1.0005666316405388,-5.633397269371751,0.9999821186065674,0.999998927116394,0.16489390946261612,0.9297882992253071,-4.885874227126937,0.9999688267707824,0.9999991655349731,-0.03279072455935933,1.2847005404695626,-6.499332875965886,0.9986083507537842,0.9999983310699464,-0.2130033215736388,1.167220682417886,-5.633771174599841,0.9746881127357484,0.9999972581863404,0.08266533552353013,2.103745783540142,-5.860262169675553,0.9961395859718324,0.9999849796295166,-0.07402803934064385,1.946889199821149,-5.031475802426647,0.96609628200531,0.9999898672103882,0.4558638621877134,0.8831140147500405,-0.0767105370759964,0.9760342836380004,0.999943733215332,0.4358866018154137,0.8608789694059168,0.0390331037342548,0.932399332523346,0.99998676776886,0.4208261057352419,0.9116594369039138,-0.1333805620670318,0.9960641264915466,0.999840259552002,0.4059536929452902,0.8919762442439888,-0.0039779888466,0.9729893803596495,0.9999223947525024,False,False,False,False,False,False,False,False,False,False,False,False,False,False,False,False,False,False,mediapipe,mediapipe,mediapipe,mediapipe,mediapipe,movenet,mediapipe,gpr,mediapipe,mediapipe,mediapipe,mediapipe,mediapipe,mediapipe,mediapipe,mediapipe,mediapipe,mediapipe
335,6.7,-0.2361069666981678,-0.25465431376824915,-0.5458026935693401,0.9999542236328124,0.9999938011169434,0.4203270673751831,0.5301015377044678,-0.176961749792099,0.999973475933075,0.9999949932098388,0.12628484153866637,0.02161584957796534,-0.6041975553287501,0.9999953508377076,0.9999992847442628,-0.12628484153866676,-0.02161584957796534,2.1586713330664855,0.9999484419822692,0.9999979734420776,0.40034371033854055,0.5529678986778092,-6.988021620996306,0.9974163174629213,0.9999489784240724,-0.014283802130977444,0.48408126545183383,,0.2360670119524002,0.9999316930770874,0.15709870309480867,0.8934738004373758,-6.9087484061550555,0.9844053983688354,0.9999847412109376,0.008953250820214233,0.7828147072392904,,0.4179167747497558,0.999967098236084,0.37886190521933133,0.9986508261492578,-6.046427749337679,0.9999812841415404,0.999998927116394,0.17590499559140493,0.9228677623022958,-5.285821834726071,0.999966323375702,0.9999992847442628,-0.016953728923352215,1.2880080285080957,-6.977792699937527,0.9986847639083862,0.9999988079071044,-0.1984297926328002,1.1698091424398982,-6.045684088026978,0.9733651280403136,0.9999983310699464,0.10025758452733342,2.1267020813538706,-6.282645818487077,0.9963916540145874,0.999992609024048,-0.057486682265446835,1.9624211671459302,-5.361473641949533,0.965768039226532,0.9999953508377076,0.4557474096477182,0.884234519966279,-0.0780299380421638,0.9773401618003844,0.9999724626541138,0.4359714954327325,0.8606304712506742,0.0502005219459533,0.931160807609558,0.9999939203262328,0.4207739023478725,0.91188028822968,-0.1397475749254226,0.996286153793335,0.999915599822998,0.4059041318915673,0.8917726725687259,0.0077229244634509,0.9728010296821594,0.9999641180038452,False,False,False,False,False,False,False,False,False,False,False,False,False,False,False,False,False,False,mediapipe,mediapipe,mediapipe,mediapipe,mediapipe,movenet,mediapipe,gpr,mediapipe,mediapipe,mediapipe,mediapipe,mediapipe,mediapipe,mediapipe,mediapipe,mediapipe,mediapipe
336,6.72,-0.2462504309986476,-0.25784093988764983,-0.5157601209149627,0.9999556541442872,0.9999945163726808,0.4174404442310333,0.5327869653701782,-0.1722241342067718,0.9999749064445496,0.9999955892562866,0.12477602479145525,0.021234145383035738,-0.6104436651831728,0.9999953508377076,0.9999992847442628,-0.12477602479145566,-0.021234145383035738,2.211524650665265,0.999949276447296,0.9999985694885254,0.41314061037987204,0.5400256738846531,-7.151443262499097,0.9972748756408693,0.9999526739120485,-0.009694820627288445,0.5122119816559125,,0.2168532907962799,0.9999510049819946,0.17180579112047967,0.8858716450201541,-6.979498534289646,0.983178436756134,0.9999898672103882,0.018091947185056453,0.7672447319007949,,0.3926899433135986,0.999980092048645,0.3962910599440349,0.9976804306538571,-6.270370836534635,0.9999799132347108,0.9999979734420776,0.19117296855981916,0.9140951877736871,-5.50272284786261,0.9999629855155944,0.9999986886978148,-0.0035891350838358578,1.2859995040703054,-7.134127734712936,0.998764157295227,0.9999982118606568,-0.18575472422319836,1.1624015956673406,-6.119761361120561,0.9715639352798462,0.9999972581863404,0.11512245225176077,2.137292640493113,-6.515366752181633,0.996617078781128,0.9999881982803344,-0.043077565347302955,1.966375129607888,-5.46165759707287,0.9648939371109008,0.999990701675415,0.4556559311760067,0.8856774786691312,-0.0790091454982757,0.9786580204963684,0.9999555349349976,0.4360643154257672,0.8608558125151364,0.0658105462789535,0.929754912853241,0.9999887943267822,0.4208341039421963,0.9121680461165534,-0.1352236717939376,0.9964868426322936,0.9998799562454224,0.4058379424618685,0.891688777433411,0.0288568139076232,0.9723107814788818,0.9999412298202516,False,False,False,False,False,False,False,False,False,False,False,False,False,False,False,False,False,False,mediapipe,mediapipe,mediapipe,mediapipe,mediapipe,movenet,mediapipe,gpr,mediapipe,mediapipe,mediapipe,mediapipe,mediapipe,mediapipe,mediapipe,mediapipe,mediapipe,mediapipe
337,6.74,-0.2508760616353403,-0.2705077565724013,-0.5814180956788138,0.9999533891677856,0.9999902248382568,0.4152239561080932,0.5348818898200989,-0.1808403581380844,0.9999743103981018,0.9999908208847046,0.12425529225029014,0.01134105063601751,-0.6367635304966849,0.9999948143959044,0.9999983310699464,-0.12425529225029014,-0.01134105063601751,2.3111259833103244,0.9999433755874634,0.9999960660934448,0.4280229371664591,0.5271571711698543,-7.596268756147159,0.9969558119773864,0.9999138116836548,0.003185034798969961,0.49485221457132755,,0.1974486708641052,0.9998899698257446,0.18490572879720266,0.8781061552163569,-7.499635263969158,0.9801484942436218,0.999976634979248,0.03169576328335857,0.7520975105495592,,0.359965056180954,0.9999333620071412,0.42141634836546726,0.9924061873865235,-6.59554565535554,0.999978005886078,0.9999979734420776,0.21477120681241169,0.9037123201537609,-5.801668552688905,0.9999581575393676,0.9999986886978148,0.014692658117347745,1.2795748462636949,-7.457788605362141,0.998806655406952,0.9999982118606568,-0.1679532897715462,1.1661488936908861,-6.340952104077108,0.9664671421051024,0.9999970197677612,0.13414569868494028,2.1467577176595958,-6.811769352578184,0.9967723488807678,0.9999898672103882,-0.023985613482805035,1.9713233430973613,-5.598496656899027,0.9634799957275392,0.9999910593032836,0.4555836865951976,0.8874200878443442,-0.0760458260774612,0.9795796871185304,0.9999628067016602,0.4361121221716876,0.8615282854555948,0.0899504423141479,0.9279183149337769,0.9999896287918092,0.4209678280047891,0.912443651324944,-0.1343191564083099,0.996604025363922,0.999897003173828,0.4057403351321375,0.8917197960240046,0.0507179237902164,0.9710860252380372,0.999942660331726,False,False,False,False,False,False,False,False,False,False,False,False,False,False,False,False,False,False,mediapipe,mediapipe,mediapipe,mediapipe,mediapipe,movenet,mediapipe,gpr,mediapipe,mediapipe,mediapipe,mediapipe,mediapipe,mediapipe,mediapipe,mediapipe,mediapipe,mediapipe
338,6.76,-0.25136598148561384,-0.28527995631392894,-0.5676580709798968,0.999950110912323,0.9999878406524658,0.4134894907474518,0.5368930101394653,-0.178433358669281,0.9999720454216005,0.9999850988388062,0.12208014060764019,0.0076848787264041036,-0.6064343665057068,0.9999938011169434,0.9999969005584716,-0.12208014060764019,-0.0076848787264041036,2.1926095915870514,0.9999378323554992,0.9999953508377076,0.4392341978255618,0.5146114054660959,-7.324521477884079,0.9960428476333618,0.9998430013656616,0.005039142334131368,0.44471898100677365,,0.1795652955770492,0.9998725652694702,0.19747837558232695,0.8725780719505897,-7.242340981971263,0.9726752042770386,0.99994957447052,0.044441423336251666,0.7387515665523339,,0.3317215740680694,0.9999402761459352,0.44387760018297906,0.9857146559194653,-6.319750452667048,0.9999743103981018,0.999996781349182,0.23781671457308784,0.8945227921783159,-5.523092266024534,0.9999501705169678,0.9999980926513672,0.033143862621924876,1.2789908262779073,-7.13828838709994,0.9987337589263916,0.9999966621398926,-0.15081749728352703,1.174139415220239,-6.066057293225189,0.952485740184784,0.9999960660934448,0.1525451183688315,2.159535653865897,-6.543087053354465,0.9967072010040284,0.9999853372573853,-0.005959884988101331,1.9789839892255634,-5.390963535131849,0.956759750843048,0.9999876022338868,0.4555256220844254,0.8891317677664614,-0.0770538747310638,0.9795821905136108,0.999947190284729,0.4361051135546689,0.8620790344573981,0.0790378898382186,0.9188815951347352,0.9999853372573853,0.4211642439965611,0.9126570715215124,-0.1330482810735702,0.9964563846588136,0.9998691082000732,0.4056610044065898,0.8917155014329324,0.0417788997292518,0.9659361839294434,0.9999330043792723,False,False,False,False,False,False,False,False,False,False,False,False,False,False,False,False,False,False,mediapipe,mediapipe,mediapipe,mediapipe,mediapipe,movenet,mediapipe,gpr,mediapipe,mediapipe,mediapipe,mediapipe,mediapipe,mediapipe,mediapipe,mediapipe,mediapipe,mediapipe
339,6.78,-0.24728761722526624,-0.2798521065646211,-0.6383430318603175,0.9999462962150574,0.9999911785125732,0.4117713570594787,0.5379917025566101,-0.1967547833919525,0.9999697804450988,0.9999902248382568,0.12442061642163914,0.017823237440060306,-0.589263389556522,0.9999921321868896,0.9999959468841552,-0.12442061642163954,-0.017823237440060306,2.07896130114732,0.9999347925186156,0.999996542930603,0.44633897709899306,0.5101638927402669,-7.001964768091549,0.9952548146247864,0.9998181462287904,0.014576627910561918,0.43586559610388376,,0.1633029133081436,0.99990975856781,0.20652766028229333,0.870306023346547,-6.89685118809286,0.9648052453994752,0.9999258518218994,0.05523944289923762,0.7335339164009897,,0.3067438900470733,0.999970555305481,0.4553085125847229,0.9809800996409274,-5.9818544474660875,0.999967396259308,0.9999935626983644,0.253321357780953,0.8892722113656722,-5.185781547871292,0.9999374747276306,0.9999966621398926,0.04989599425493398,1.2836857399245591,-6.859776320711481,0.9986237287521362,0.9999922513961792,-0.13483480083608154,1.179389293823324,-5.848543576214765,0.9454538226127625,0.9999946355819702,0.16845237162086282,2.173550529902696,-6.237541313089561,0.9965969920158386,0.9999680519104004,0.010669738426470964,1.9893126765798106,-5.196903533332586,0.9528749585151672,0.9999804496765136,0.4553866238444013,0.8907026765229842,-0.0819774493575096,0.97947758436203,0.9998875856399536,0.4361239143045921,0.862662709537366,0.0594605654478073,0.9133812189102172,0.9999746084213256,0.421402621380378,0.912825098126643,-0.1367368400096893,0.9962474703788756,0.9997377991676332,0.4056551826722704,0.8916287638924361,0.0227010361850261,0.962453544139862,0.9998927116394044,False,False,False,False,False,False,False,False,False,False,False,False,False,False,False,False,False,False,mediapipe,mediapipe,mediapipe,mediapipe,mediapipe,movenet,mediapipe,gpr,mediapipe,mediapipe,mediapipe,mediapipe,mediapipe,mediapipe,mediapipe,mediapipe,mediapipe,mediapipe
340,6.8,-0.2558502071629549,-0.28365514243102485,-0.6632476233137516,0.9999415278434752,0.999990463256836,0.4098388850688934,0.5388805270195007,-0.2031439989805221,0.9999659061431884,0.9999878406524658,0.1253014649320164,0.019536429465463606,-0.6298485987967769,0.9999909996986388,0.9999970197677612,-0.1253014649320164,-0.019536429465463606,2.2674588411006753,0.9999266266822816,0.9999954700469972,0.45416234659389554,0.5088713921174685,-7.774137297633121,0.9944955706596376,0.9998806715011596,0.020667662007642466,0.43999244677074634,,0.1481457501649856,0.9998958110809326,0.22022888255508108,0.8761240044914416,-7.716979552995945,0.957907736301422,0.9999337196350098,0.06268782048320024,0.7345571201525617,,0.2806685268878937,0.9999492168426514,0.47899557878523963,0.9714539813124816,-6.649992510585893,0.9999629855155944,0.9999961853027344,0.2741034568067197,0.8813390029657028,-5.834262234555141,0.9999276995658876,0.999997854232788,0.0635573509307363,1.3018114201143527,-7.4881388741984125,0.9984952211380004,0.9999938011169434,-0.12291410825306431,1.215874304274959,-6.449490602433911,0.9349383115768432,0.9999951124191284,0.18252886127433238,2.2102853285228954,-6.899469380784942,0.9964671730995178,0.9999715089797974,0.023619930147661523,2.020473479055371,-5.762757374830534,0.9486990571022034,0.9999827146530152,0.4552536353225763,0.8920722371770531,-0.0809437781572341,0.9788021445274352,0.9999032020568848,0.4361608344497114,0.8631276880110917,0.0708581283688545,0.90687495470047,0.9999791383743286,0.4216465601276417,0.9129652504598648,-0.1381339877843856,0.9960004091262816,0.9998103976249696,0.405716490981741,0.8915525101003692,0.0319113060832023,0.9587187767028807,0.9999175071716307,False,False,False,False,False,False,False,False,False,False,False,False,False,False,False,False,False,False,mediapipe,mediapipe,mediapipe,mediapipe,mediapipe,movenet,mediapipe,gpr,mediapipe,mediapipe,mediapipe,mediapipe,mediapipe,mediapipe,mediapipe,mediapipe,mediapipe,mediapipe
341,6.82,-0.2749132171204391,-0.29608174287776906,-0.6254008903502714,0.9999370574951172,0.9999884366989136,0.4070938229560852,0.5389964580535889,-0.194240003824234,0.9999619126319884,0.9999849796295166,0.12323218490266875,0.017878116848546302,-0.6461656507471001,0.9999904036521912,0.9999970197677612,-0.1232321849026692,-0.017878116848546302,2.4011911340034366,0.9999260306358336,0.9999966621398926,0.4619966656336643,0.5160079490316704,-8.38654249412003,0.9938098788261414,0.9998900890350342,0.030427950311112513,0.43945445683053763,,0.1355108916759491,0.9999278783798218,0.2297158899334548,0.8915729242741743,-8.336418439660227,0.9528445601463318,0.9999508857727052,0.06717648101437956,0.7455331745677729,,0.2637105584144592,0.9999748468399048,0.4949737339525486,0.9595186777521548,-7.257544735172742,0.9999600648880004,0.9999959468841552,0.2848391075875938,0.8821902927882758,-6.423435485597538,0.9999225735664368,0.999997854232788,0.07488883325543468,1.3422796088336244,-8.127035318358438,0.9982977509498596,0.9999940395355223,-0.11777089831194731,1.2419789964781867,-7.126425912762796,0.923353910446167,0.9999961853027344,0.19437459226414006,2.262150839868822,-7.490101850859324,0.9959496259689332,0.99997079372406,0.03353848610907793,2.0672237834313854,-6.442329433579262,0.941057562828064,0.9999822378158568,0.4550653025681612,0.8928113304651724,-0.0773559585213661,0.9766911268234252,0.9999040365219116,0.4361881312234708,0.863653402089519,0.0587873607873916,0.8964575529098511,0.9999780654907228,0.4219228448845578,0.9130666249004024,-0.1321281939744949,0.9953159093856812,0.9998384714126588,0.4057487549481702,0.8915222797082601,0.0197450295090675,0.9530839920043944,0.9999227523803712,False,False,False,False,False,False,False,False,False,False,False,False,False,False,False,False,False,False,mediapipe,mediapipe,mediapipe,mediapipe,mediapipe,movenet,mediapipe,gpr,mediapipe,mediapipe,mediapipe,mediapipe,mediapipe,mediapipe,mediapipe,mediapipe,mediapipe,mediapipe
342,6.84,-0.27953982918856224,-0.29244363353978636,-0.6045550387957969,0.9999394416809082,0.999994158744812,0.4045223891735077,0.5383463501930237,-0.1868802607059478,0.999963104724884,0.999990940093994,0.12487707661759301,0.016762752347009986,-0.6542462926407848,0.9999905228614808,0.9999979734420776,-0.12487707661759344,-0.016762752347009986,2.4789722855193963,0.999929904937744,0.9999985694885254,0.46459933011231197,0.5195252655552774,-8.683231781285974,0.9934420585632324,0.9999217987060548,0.04464647736833555,0.44207339249632455,,0.1263598799705505,0.9999642372131348,0.24675577151177916,0.9009179200576588,-8.482814337971023,0.9507739543914796,0.9999666213989258,0.07549737194213525,0.7564089990768541,,0.2664393484592438,0.9999908208847046,0.5066813544155928,0.9500599587906255,-7.601999726733909,0.9999576807022096,0.9999942779541016,0.2955722234705386,0.8819851271089829,-6.755208757922393,0.9999197125434875,0.99999737739563,0.08935562093978928,1.3662643248685533,-8.417625035918011,0.9981481432914734,0.9999922513961792,-0.10484722076294024,1.2595043959083947,-7.4300368661799805,0.9114784002304076,0.999995231628418,0.2087593953833524,2.2946034321970026,-7.83652484665371,0.9955634474754332,0.9999552965164183,0.04790586373937686,2.0933888908958793,-6.796303699201662,0.9328463077545166,0.999970555305481,0.4548729374692168,0.8937409213095023,-0.0781124085187912,0.9755626320838928,0.9998457431793212,0.4362022051444431,0.863926395669686,0.0556426122784614,0.8873465657234192,0.9999618530273438,0.4220674483926157,0.9132170546582832,-0.1323857754468917,0.9949150681495668,0.9997468590736388,0.4058144988713575,0.89146610128852,0.0175084043294191,0.94828200340271,0.9998761415481568,False,False,False,False,False,False,False,False,False,False,False,False,False,False,False,False,False,False,mediapipe,mediapipe,mediapipe,mediapipe,mediapipe,movenet,mediapipe,gpr,mediapipe,mediapipe,mediapipe,mediapipe,mediapipe,mediapipe,mediapipe,mediapipe,mediapipe,mediapipe
343,6.86,-0.2893834653765087,-0.2890314952828336,-0.6347750376276325,0.9999395608901978,0.9999951124191284,0.4021242260932922,0.5374115705490112,-0.1961722671985626,0.999962568283081,0.9999920129776,0.1199282747403701,0.01670206420299045,-0.6931132815294401,0.999990463256836,0.9999979734420776,-0.11992827474037054,-0.01670206420299045,2.6564055982019177,0.99993234872818,0.9999982118606568,0.4656822427045345,0.5237502048290598,-9.363642074001278,0.9925004839897156,0.9999270439147948,0.045075783532894945,0.42740512540228603,,0.1166310608386993,0.9999608993530272,0.2550066540611314,0.9078069956277577,-9.163568444937018,0.9466949701309204,0.9999667406082152,0.0774613163546802,0.7708417365536402,,0.2571591138839721,0.999988317489624,0.507812202068512,0.9452714279867598,-8.24350669239232,0.9999544620513916,0.9999947547912598,0.2992143276437332,0.8846761615197288,-7.354927350610462,0.9999148845672609,0.9999974966049194,0.0984077837588474,1.386413395485412,-9.087276766536174,0.997755229473114,0.999992609024048,-0.09853777473189074,1.2810151044540343,-8.025999859096137,0.8906503915786743,0.9999948740005492,0.2166142293459394,2.327025842210274,-8.621437125836502,0.9949784874916076,0.9999489784240724,0.05593785558829042,2.122150688102645,-7.3852994810063315,0.9204472899436952,0.9999699592590332,0.454626883590695,0.8939014079965378,-0.0998898074030876,0.9736384153366088,0.9998205304145812,0.4362460401925184,0.8640227119127932,0.0588360652327537,0.8743686676025391,0.9999616146087646,0.4220878849357447,0.9132421347366926,-0.1617678552865982,0.99425607919693,0.999739110469818,0.4059003946525522,0.8914374003321441,0.0177951361984014,0.9395490884780884,0.9998962879180908,False,False,False,False,False,False,False,False,False,False,False,False,False,False,False,False,False,False,mediapipe,mediapipe,mediapipe,mediapipe,mediapipe,movenet,mediapipe,gpr,mediapipe,mediapipe,mediapipe,mediapipe,mediapipe,mediapipe,mediapipe,mediapipe,mediapipe,mediapipe
344,6.88,-0.29612828097293414,-0.299869688168413,-0.6352657127434235,0.9999433159828186,0.9999970197677612,0.400529682636261,0.5359752178192139,-0.188058465719223,0.9999646544456482,0.9999955892562866,0.12322898757902614,0.017475053190541746,-0.6936905922166718,0.9999907612800598,0.9999988079071044,-0.12322898757902614,-0.017475053190541746,2.7289457790281872,0.9999359250068665,0.9999988079071044,0.47671616252651594,0.5224521028998139,-9.834354676459526,0.9921625256538392,0.9999500513076782,0.05083617133120163,0.4156644642425559,,0.1085598021745681,0.9999696016311646,0.2668878526185316,0.9232747405238455,-9.672709225435447,0.946455180644989,0.9999799728393556,0.08528389901181346,0.7928910523893267,,0.2533052265644073,0.999991774559021,0.529816595192658,0.9277698128513244,-8.709222578838862,0.9999533891677856,0.999996542930603,0.31471963598171404,0.8851721482256947,-7.804082890920026,0.99991375207901,0.9999983310699464,0.11301211443027893,1.4208700492091677,-9.493553176280756,0.997350811958313,0.9999940395355223,-0.08817345538929347,1.3168655545582448,-8.469639632844352,0.8742167353630066,0.9999958276748656,0.23166084313367397,2.385538737255726,-9.032981851968104,0.9943649768829346,0.9999629259109496,0.06960739974253877,2.174268156021706,-7.865358015162661,0.907861053943634,0.999976396560669,0.4543442979003455,0.8940108255906563,-0.0933173820376396,0.9721865057945251,0.9998682737350464,0.4363069158472948,0.8639557128186015,0.0547621212899684,0.8610429167747498,0.9999688863754272,0.4219715471590048,0.9131274103840492,-0.1506377011537552,0.9937353134155272,0.9997894167900084,0.4060190144257677,0.8914871563166751,0.014673737809062,0.9321933388710022,0.9999090433120728,False,False,False,False,False,False,False,False,False,False,False,False,False,False,False,False,False,False,mediapipe,mediapipe,mediapipe,mediapipe,mediapipe,movenet,mediapipe,gpr,mediapipe,mediapipe,mediapipe,mediapipe,mediapipe,mediapipe,mediapipe,mediapipe,mediapipe,mediapipe
345,6.9,-0.30890093587781553,-0.3073631526351164,-0.6645920271339569,0.9999452233314514,0.999994158744812,0.3984498083591461,0.5352897644042969,-0.1842858791351318,0.9999659061431884,0.9999939203262328,0.12559225522367143,0.018015983908287986,-0.7110021068153103,0.9999911189079284,0.9999990463256836,-0.12559225522367143,-0.018015983908287986,2.884340451275919,0.9999381303787231,0.9999983310699464,0.4781812876355101,0.5120689035324896,-10.706546409978142,0.9923108220100404,0.9999626874923706,0.05647296194312443,0.4079166754274081,,0.1017973721027374,0.9999622106552124,0.2757264480198905,0.942669573038703,-10.708203668869322,0.9495135545730592,0.9999868869781494,0.09341169931892433,0.8221059125249223,,0.2484858185052871,0.999988317489624,0.5596833186985161,0.9119141869068863,-9.521282619408039,0.999952793121338,0.999996542930603,0.3363276490697956,0.8761474299393825,-8.592780660026461,0.9999129176139832,0.9999979734420776,0.12923365440602796,1.4674647444503222,-10.287231097255775,0.9970170855522156,0.9999938011169434,-0.07839887729391783,1.3649755028248882,-9.291291794267499,0.8643167614936829,0.9999949932098388,0.24791548163912452,2.459538841121182,-9.766961655956866,0.993904173374176,0.9999567270278932,0.08354607181910574,2.2426795074824044,-8.67487986705908,0.9001790881156921,0.9999666213989258,0.4540964908255298,0.8938195709581999,-0.0818487033247947,0.9711788892745972,0.999846577644348,0.4363604852091749,0.8637134436960844,0.0533646419644355,0.8513447046279907,0.9999561309814452,0.4218008461254193,0.9128920755464184,-0.1388528198003769,0.9933555722236632,0.9997615218162536,0.4061700974727854,0.8916887622891073,0.0125828366726636,0.927672803401947,0.9998670816421508,False,False,False,False,False,False,False,False,False,False,False,False,False,False,False,False,False,False,mediapipe,mediapipe,mediapipe,mediapipe,mediapipe,movenet,mediapipe,gpr,mediapipe,mediapipe,mediapipe,mediapipe,mediapipe,mediapipe,mediapipe,mediapipe,mediapipe,mediapipe
346,6.92,-0.3087036748327424,-0.3116448810347961,-0.6937270342597127,0.9999494552612304,0.9999983310699464,0.3977470397949219,0.5309262871742249,-0.1959986239671707,0.9999684691429138,0.9999971389770508,0.13280729681525336,0.006985664595288895,-0.7589463089915135,0.9999914765357972,0.9999991655349731,-0.13280729681525383,-0.006985664595288895,3.118580696121498,0.9999417662620544,0.9999991655349731,0.48016911529045747,0.525398541096136,-11.795067603205263,0.9927279949188232,0.999969244003296,0.06278455793657832,0.41488895329702674,,0.1043430045247078,0.9999821186065674,0.28614824058677574,0.9813788079042696,-11.825231664544948,0.953886330127716,0.9999912977218628,0.10206450538615136,0.8619844100370231,,0.2825444936752319,0.9999964237213136,0.5871315999228456,0.8917416099145462,-10.481415320451635,0.9999484419822692,0.9999924898147584,0.35625288497528157,0.8717848893628238,-9.512177021367354,0.9999083876609802,0.999996781349182,0.14624909525625332,1.5194865920267535,-11.168257989386332,0.9967020153999328,0.9999886751174928,-0.06504427959138284,1.4131163135858085,-10.180330689090018,0.8566576242446899,0.9999934434890748,0.2637749897160839,2.5290335753478823,-10.730688953726073,0.9939427375793456,0.9999150037765504,0.09828816581438402,2.3133194872804097,-9.612028541439033,0.8950096368789673,0.9999587535858154,0.4539969897631455,0.8935003389011753,-0.0819950923323631,0.9717904329299928,0.9996891021728516,0.4364665923140833,0.8639134935565783,0.0518771484494209,0.8461414575576782,0.9999444484710692,0.4216611579164768,0.9126999661639044,-0.1438224762678146,0.9934552311897278,0.9996035695075988,0.4063419851806624,0.8921455488060483,0.0105022881180047,0.9250984191894532,0.999858260154724,False,False,False,False,False,False,False,False,False,False,False,False,False,False,False,False,False,False,mediapipe,mediapipe,mediapipe,mediapipe,mediapipe,movenet,mediapipe,gpr,mediapipe,mediapipe,mediapipe,mediapipe,mediapipe,mediapipe,mediapipe,mediapipe,mediapipe,mediapipe
347,6.94,-0.3003791728291365,-0.29793826443138904,-0.7018567409749128,0.9999497532844543,0.9999908208847046,0.3967474102973938,0.5247734189033508,-0.1918372809886932,0.9999679327011108,0.9999849796295166,0.12953484849218425,0.003474346065614913,-0.7425821374590615,0.9999912977218628,0.999996781349182,-0.12953484849218472,-0.003474346065614913,2.9996043652822033,0.9999450445175172,0.9999983310699464,0.469193173096893,0.5218705867722155,-11.059999938043376,0.9927118420600892,0.9999301433563232,0.06177339349327808,0.4269096105277185,,0.1112800315022468,0.9999792575836182,0.28520125939762514,0.9980086239960727,-11.057448141005919,0.9573150873184204,0.9999865293502808,0.10201578553083981,0.8879312540574011,,0.3329800963401794,0.9999977350234984,0.5919260748776606,0.8888081723478507,-9.833352059138145,0.999935746192932,0.9999698400497437,0.3655075987860857,0.8671305397189303,-8.870496955319739,0.9998986124992372,0.9999884366989136,0.1510805852785299,1.533942063602255,-10.569254113055656,0.9956184029579164,0.9999604225158693,-0.052731005735049026,1.4305765636299537,-9.567046384476567,0.8515961170196533,0.9999841451644896,0.2644127127355537,2.5185670520771803,-9.981661508908964,0.9918869733810424,0.9997517466545104,0.10420836065359061,2.3174350508092374,-9.042674351271394,0.8867640495300293,0.9998509883880616,0.4539878407280495,0.8929344153070806,-0.0703616812825203,0.9669146537780762,0.9992344379425048,0.4365378341752621,0.8643007641072062,0.0431011132895946,0.8355267643928528,0.9998077750205994,0.4215235284992041,0.912342088622649,-0.1259939074516296,0.9916847348213196,0.999207079410553,0.4064824003856509,0.8924788482539326,0.00072448636638,0.9193468689918518,0.9995493292808532,False,False,False,False,False,False,False,False,False,False,False,False,False,False,False,False,False,False,mediapipe,mediapipe,mediapipe,mediapipe,mediapipe,movenet,mediapipe,gpr,mediapipe,mediapipe,mediapipe,mediapipe,mediapipe,mediapipe,mediapipe,mediapipe,mediapipe,mediapipe
348,6.96,-0.29062573551470383,-0.30639313856307654,-0.7207716301309708,0.9999513030052184,0.9999935626983644,0.3965727686882019,0.5161740183830261,-0.1921236366033554,0.9999682307243348,0.9999876022338868,0.13075085165365216,-0.003809882660516977,-0.7418154689522433,0.999991238117218,0.99999737739563,-0.13075085165365216,0.003809882660516977,2.9344940151725507,0.9999481439590454,0.9999984502792358,0.45438011423130925,0.528530711249551,-10.578852572588236,0.99298757314682,0.9999295473098756,0.05902354010645797,0.4431971817274024,,0.1283377408981323,0.99997878074646,0.2762456384777906,1.0164640239246876,-10.641567138499777,0.9609546065330504,0.9999905824661256,0.10016191059313591,0.9137139253203399,,0.385791152715683,0.9999977350234984,0.5980361929392404,0.8740785379165201,-9.344733646050258,0.9999234080314636,0.9999711513519288,0.3762619309597545,0.8725591365216843,-8.377496885466988,0.999888241291046,0.9999890327453612,0.15372191252504808,1.5492092838820255,-10.073466350516053,0.9952349662780762,0.9999680519104004,-0.04405741371489549,1.4481656171146065,-9.088812645832869,0.849945068359375,0.9999858140945436,0.26246033068292013,2.5040718334879695,-9.508068575160873,0.9915061593055724,0.9998032450675964,0.10794287054800455,2.322693540954635,-8.564987276364285,0.8853878378868103,0.9998924732208252,0.4540938503675539,0.8923004494680414,-0.0741852447390556,0.966099202632904,0.999360740184784,0.4366431165408433,0.8651355067333165,0.04184515401721,0.8331645131111145,0.9998606443405152,0.4213664610902757,0.9118609285299064,-0.1264687478542328,0.9913619756698608,0.9993119239807128,0.4066304400528516,0.8931026939467697,-0.0032560464460402,0.9184119701385498,0.9996572732925416,False,False,False,False,False,False,False,False,False,False,False,False,False,False,False,False,False,False,mediapipe,mediapipe,mediapipe,mediapipe,mediapipe,movenet,mediapipe,gpr,mediapipe,mediapipe,mediapipe,mediapipe,mediapipe,mediapipe,mediapipe,mediapipe,mediapipe,mediapipe
349,6.98,-0.28002889630673905,-0.3125129355037064,-0.6521721716306639,0.9999496936798096,0.9999827146530152,0.3957428336143493,0.5076016187667847,-0.1776366978883743,0.9999666213989258,0.9999752044677734,0.12933857967250967,-0.007424655738058927,-0.7405818684099403,0.9999911785125732,0.9999966621398926,-0.1293385796725101,0.007424655738058927,2.893494680340158,0.999950647354126,0.9999979734420776,0.43363828235172835,0.5305445519861011,-10.078093758922558,0.9932413101196288,0.999924659729004,0.05800855331396435,0.4497182880065218,,0.145019456744194,0.999975085258484,0.27219181170958573,1.038120421176986,-10.132437580960168,0.9641945362091064,0.9999902248382568,0.09670300794158165,0.9339856563081342,,0.4337275922298431,0.9999974966049194,0.5929771572025518,0.8722200482010863,-8.922703539486307,0.999915897846222,0.9999747276306152,0.38120395509879074,0.8744828917504434,-7.986559284387715,0.9998809695243835,0.9999891519546508,0.1543005905971489,1.5526972819544207,-9.649176288968466,0.9951703548431396,0.9999735355377196,-0.03614393570139052,1.4616811143689923,-8.64458508176885,0.8474186658859253,0.9999853372573853,0.2594220359890159,2.482326227632799,-9.090137338418792,0.9911317229270936,0.9998200535774232,0.10974829234456314,2.3211208738299036,-8.15122706551003,0.882629930973053,0.999866247177124,0.4543243978684887,0.8918874298498093,-0.0753866657614708,0.9655358791351318,0.9994319081306458,0.4368272683559331,0.8662043659837118,0.0434094481170177,0.8294232487678528,0.9998371601104736,0.4212745644134807,0.9113874036671143,-0.1293293386697769,0.9910067319869996,0.9993059635162354,0.4068039422963337,0.8938210927523124,-0.000530929188244,0.9168877005577089,0.9995887875556946,False,False,False,False,False,False,False,False,False,False,False,False,False,False,False,False,False,False,mediapipe,mediapipe,mediapipe,mediapipe,mediapipe,movenet,mediapipe,gpr,mediapipe,mediapipe,mediapipe,mediapipe,mediapipe,mediapipe,mediapipe,mediapipe,mediapipe,mediapipe
350,7.0,-0.27335990260341064,-0.3175485505882178,-0.614633882273541,0.9999496936798096,0.9999790191650392,0.3950757682323456,0.4986459910869598,-0.170629471540451,0.9999665021896362,0.9999690055847168,0.12715447236089614,-0.00547397240771624,-0.7228200443496059,0.9999911189079284,0.9999961853027344,-0.12715447236089614,0.00547397240771624,2.7829205447765593,0.9999523162841796,0.9999974966049194,0.4167157078120965,0.5481362613877724,-9.375336205926745,0.9936226010322572,0.9999210834503174,0.05894391095568815,0.4909015608146961,,0.1662455797195434,0.9999688863754272,0.2625069681831769,1.0501308960528029,-9.347994045714234,0.9673330187797546,0.9999897480010986,0.0931730569407495,0.9621718933725475,,0.4793712794780731,0.999996304512024,0.5880221135968073,0.8676171665692104,-8.369321841534683,0.999912679195404,0.9999772310256958,0.3827990570678168,0.8809554669205661,-7.456462365111287,0.999878227710724,0.9999902248382568,0.15539636956890399,1.5655300093657538,-9.045550201966572,0.9954382181167604,0.9999773502349854,-0.029821473645776496,1.4890267233888708,-8.024286182646097,0.8516101837158203,0.9999866485595704,0.258469081621186,2.4835106486867726,-8.49642508841142,0.9914764165878296,0.9998420476913452,0.111099485726952,2.3392094122647187,-7.548388528282286,0.8860427141189575,0.9998693466186525,0.4547510476379139,0.8917716945801605,-0.0707145109772682,0.9670191407203674,0.9994884729385376,0.436974343720017,0.8671886763928398,0.0519887432456016,0.8339299559593201,0.999841332435608,0.4212639313060931,0.9110898660335252,-0.1251094490289688,0.9913457036018372,0.9993404746055604,0.406945356191734,0.894610262834111,0.0089364778250455,0.919641137123108,0.9995859265327454,False,False,False,False,False,False,False,False,False,False,False,False,False,False,False,False,False,False,mediapipe,mediapipe,mediapipe,mediapipe,mediapipe,movenet,mediapipe,gpr,mediapipe,mediapipe,mediapipe,mediapipe,mediapipe,mediapipe,mediapipe,mediapipe,mediapipe,mediapipe
351,7.02,-0.2664994956510329,-0.32527058118822455,-0.6007852725730548,0.9999474883079528,0.9999747276306152,0.3951564133167267,0.4898360073566437,-0.1716440021991729,0.9999648928642272,0.9999675750732422,0.1281253065688676,-0.011779652833960706,-0.7160099036492479,0.999991238117218,0.9999970197677612,-0.1281253065688676,0.011779652833960706,2.715561862931898,0.9999538064002992,0.9999971389770508,0.3986345966765247,0.569955048122791,-9.029747604851334,0.9940215349197388,0.9999483823776244,0.047699634853200355,0.47876465706181615,,0.1906850934028625,0.99997079372406,0.2567890064440298,1.060765715985052,-9.031375085099368,0.9703028798103333,0.9999934434890748,0.09169916843827922,0.990677836859242,,0.521196722984314,0.999996304512024,0.583926510415125,0.8654458449344479,-8.02405700761082,0.9999095797538756,0.9999812841415404,0.3828442255180677,0.8853694920280749,-7.118724259901163,0.9998752474784852,0.9999908208847046,0.15954170138875715,1.5883956700356274,-8.647216283129364,0.9954879283905028,0.999976396560669,-0.023044610243480024,1.525406248681504,-7.676980834541223,0.8517299890518188,0.9999845027923584,0.26190703817201366,2.5031179394761156,-8.055109414250149,0.991399586200714,0.9998124241828918,0.11461712565552701,2.370434428587076,-7.167467671367452,0.8855933547019958,0.9998555183410645,0.4552188992917132,0.8917809237133396,-0.0582454241812229,0.9671035408973694,0.9994288086891174,0.4372144061507612,0.8684318042023778,0.0583496242761611,0.8329416513442993,0.999829649925232,0.4213677865641945,0.9109248960768452,-0.1153397262096405,0.9912646412849426,0.9993225336074828,0.4070469885717194,0.8953723665717622,0.0131773371249437,0.919674813747406,0.9995686411857604,False,False,False,False,False,False,False,False,False,False,False,False,False,False,False,False,False,False,mediapipe,mediapipe,mediapipe,mediapipe,mediapipe,movenet,mediapipe,gpr,mediapipe,mediapipe,mediapipe,mediapipe,mediapipe,mediapipe,mediapipe,mediapipe,mediapipe,mediapipe
352,7.04,-0.2570302533105636,-0.33691769534187105,-0.5797983888705439,0.9999493360519408,0.9999884366989136,0.3952512443065643,0.4792853593826294,-0.1745424717664718,0.9999662637710572,0.9999865293502808,0.1288879744292528,-0.022193277543271987,-0.725205019968393,0.9999915957450868,0.9999983310699464,-0.1288879744292532,0.022193277543271987,2.706140800977608,0.9999553561210632,0.999997615814209,0.37442429215985,0.5837449220866118,-8.855922330841334,0.9944135546684264,0.9999737739562988,0.03662513381052955,0.505203722496702,,0.2124881446361541,0.9999749660491944,0.2516274612451672,1.0781030632377298,-8.849207403554692,0.9730037450790404,0.9999955892562866,0.07874564299075729,1.0053156152581295,,0.5520932078361511,0.9999951124191284,0.5762320021947813,0.8664833167618519,-7.843608646282804,0.9999093413352966,0.999987006187439,0.37980028236338453,0.890218784017473,-6.930108817997628,0.9998745322227478,0.9999929666519164,0.16811378289055326,1.6030011599982634,-8.48111263299441,0.9955247044563292,0.9999799728393556,-0.016645791647261675,1.5561048004028148,-7.469213908282384,0.8451430797576904,0.99998140335083,0.2668273000082766,2.519400865763309,-7.899740322994357,0.991320252418518,0.9998237490653992,0.11912477454159252,2.3928786713946826,-6.914347775781224,0.8786354660987854,0.9998538494110109,0.4557118822922529,0.8923821094986466,-0.0615848712623119,0.9669889807701112,0.9994506239891052,0.4375686055713611,0.8694143210535583,0.0690282508730888,0.8264623284339905,0.9998407363891602,0.4214648391122317,0.9110995608887776,-0.1274236142635345,0.9912148714065552,0.9993675351142884,0.407197886760975,0.8959432074795814,0.0216305237263441,0.9161114692687988,0.999621033668518,False,False,False,False,False,False,False,False,False,False,False,False,False,False,False,False,False,False,mediapipe,mediapipe,mediapipe,mediapipe,mediapipe,movenet,mediapipe,movenet,mediapipe,mediapipe,mediapipe,mediapipe,mediapipe,mediapipe,mediapipe,mediapipe,mediapipe,mediapipe
353,7.06,-0.2476751245645633,-0.3616413855773971,-0.5578634826177596,0.9999526143074036,0.999992847442627,0.3957766890525818,0.4660172164440155,-0.174694538116455,0.9999685883522034,0.999991536140442,0.12782876304088764,-0.029184169069104787,-0.7132346911864107,0.9999920725822448,0.9999988079071044,-0.12782876304088764,0.029184169069104787,2.6013786278155107,0.9999566674232484,0.9999977350234984,0.34920242738607643,0.5869157859256224,-8.317747885640769,0.99485445022583,0.9999831914901732,0.03626338199060066,0.5203425886423415,,0.2411045730113983,0.9999794960021972,0.23490276085151826,1.0780049604454958,-8.308024281931432,0.9755262136459352,0.99999737739563,0.07110557552052717,1.0180398903980035,,0.5756029486656189,0.9999929666519164,0.5616631145421369,0.8716062729983775,-7.333756983455226,0.9999122619628906,0.999990701675415,0.37069931929009503,0.8977722314427823,-6.427184309529746,0.9998772144317628,0.9999943971633912,0.17161826598449612,1.6148026201789722,-7.936155600524257,0.9957635998725892,0.999986171722412,-0.012308419612455941,1.5795511222213527,-6.8080014268082465,0.8378382921218872,0.9999794960021972,0.267790351056237,2.52409786955014,-7.405360000389864,0.9917367696762084,0.999858021736145,0.12075352336047844,2.400822195173647,-6.169049048275932,0.8724992871284485,0.9998661279678344,0.4561602137722347,0.8930973414774563,-0.0626742020249366,0.9683579802513124,0.9995287656784058,0.4379622235998419,0.8703025914294482,0.1044304147362709,0.8218044638633728,0.999863862991333,0.4215502415920482,0.9113063885893322,-0.1372814923524856,0.9916182160377502,0.9994033575057985,0.4072638931391132,0.8963685635920194,0.0583132579922676,0.9130224585533142,0.9996728897094728,False,False,False,False,False,False,False,False,False,False,False,False,False,False,False,False,False,False,mediapipe,mediapipe,mediapipe,mediapipe,mediapipe,movenet,mediapipe,movenet,mediapipe,mediapipe,mediapipe,mediapipe,mediapipe,mediapipe,mediapipe,mediapipe,mediapipe,mediapipe
354,7.08,-0.2365742575483125,-0.3515555643874978,-0.5499209626970677,0.9999564290046692,0.9999966621398926,0.3964681327342987,0.4570978283882141,-0.1818855106830597,0.9999711513519288,0.9999953508377076,0.12571010284583176,-0.026082826366388465,-0.7115407385837691,0.9999925494194032,0.9999991655349731,-0.12571010284583176,0.026082826366388465,2.5223614348619643,0.999958634376526,0.9999986886978148,0.3291243337124041,0.5931751175828159,-7.894987744414388,0.9952772855758668,0.9999901056289672,0.02247067925756661,0.5407988577977973,,0.2792302072048187,0.9999885559082032,0.218813968476421,1.085756319278465,-7.883606851236256,0.977840542793274,0.9999980926513672,0.09472928331596324,1.0482309850882074,-7.023341735798799,0.6016933917999268,0.9999954700469972,0.5423604096788568,0.8798425638090426,-6.893088586810622,0.9999168515205384,0.9999945163726808,0.35440519423173694,0.9078406999831954,-5.994186422327048,0.9998831152915956,0.9999971389770508,0.171629663660221,1.640782744860974,-7.317204039571043,0.9959181547164916,0.99998676776886,-0.00567628900695607,1.6051688433295,-6.258930675853744,0.8298702239990234,0.9999810457229614,0.26861492096983836,2.5313452898308544,-6.829014843296241,0.9920576810836792,0.9998432397842408,0.1228471681433008,2.408552094850567,-5.541984765794719,0.8631893992424011,0.9998927116394044,0.4565376917937985,0.8939919642635182,-0.0493656508624553,0.9691823720932008,0.9994890689849854,0.4383584747225543,0.8710248557837715,0.1348725706338882,0.8148877024650574,0.9998946189880372,0.4217041412016739,0.9116746898575564,-0.1180581003427505,0.9919383525848388,0.9993707537651062,0.4072637510049604,0.8966450670382383,0.0918091386556625,0.9079350233078004,0.9997287392616272,False,False,False,False,False,False,False,False,False,False,False,False,False,False,False,False,False,False,mediapipe,mediapipe,mediapipe,mediapipe,mediapipe,movenet,mediapipe,mediapipe,mediapipe,mediapipe,mediapipe,mediapipe,mediapipe,mediapipe,mediapipe,mediapipe,mediapipe,mediapipe
355,7.1,-0.22777630635942142,-0.3491082560493463,-0.555626107366398,0.9999597072601318,0.9999972581863404,0.3970807194709778,0.4481103718280792,-0.2003006935119629,0.9999732375144958,0.9999957084655762,0.12498930485061002,-0.02719950747913388,-0.7334847792887494,0.9999930262565612,0.9999992847442628,-0.12498930485061041,0.02719950747913388,2.5260149591789594,0.9999608397483826,0.9999988079071044,0.31108729232745996,0.6033781346783456,-7.855985442790445,0.995636522769928,0.9999916553497314,0.010075180595668483,0.5809291283936924,,0.3097893595695495,0.9999910593032836,0.20582112724349788,1.116340904863071,-7.866499322655905,0.9798994660377502,0.9999982118606568,0.09035835186116375,1.058438583502382,-6.835856117235497,0.6254183053970337,0.99999737739563,0.5206753684293225,0.8905009024072665,-6.72166278491898,0.99992036819458,0.9999954700469972,0.3341820572946251,0.9175972093346326,-5.816341214840201,0.9998881816864014,0.999997615814209,0.17153454306142912,1.668076017320648,-7.110804435965291,0.9954206347465516,0.9999852180480956,-0.0006584073112015928,1.6437046282493237,-6.150877336477361,0.8124539256095886,0.9999858140945436,0.2698882419983288,2.558251760412146,-6.664001829195605,0.9916768074035645,0.9998254179954528,0.12494316519916093,2.431733842907775,-5.551446193118783,0.8506069183349609,0.9999074935913086,0.456844449737968,0.8949094224365186,-0.0532202050089836,0.9673948884010316,0.99942147731781,0.4386807753072763,0.871765581044286,0.1088788136839866,0.8039151430130005,0.9998928308486938,0.4216866087524495,0.9120525446805112,-0.1231118440628051,0.9916683435440063,0.9994194507598876,0.4071842010343557,0.8967703193217748,0.0593843981623649,0.901003897190094,0.9997410178184508,False,False,False,False,False,False,False,False,False,False,False,False,False,False,False,False,False,False,mediapipe,mediapipe,mediapipe,mediapipe,mediapipe,movenet,mediapipe,mediapipe,mediapipe,mediapipe,mediapipe,mediapipe,mediapipe,mediapipe,mediapipe,mediapipe,mediapipe,mediapipe
356,7.12,-0.22112948223971488,-0.35653632077085273,-0.5703814935967246,0.9999633431434632,0.9999990463256836,0.3977395594120025,0.4392386972904205,-0.205945685505867,0.9999756217002868,0.9999985694885254,0.1253077664756522,-0.03294945377731093,-0.743665263903222,0.9999935626983644,0.9999996423721312,-0.1253077664756526,0.03294945377731093,2.542142225805244,0.9999628067016602,0.999998927116394,0.2976994826372616,0.6028830851588561,-7.869253404252395,0.9959954023361206,0.9999946355819702,0.0052714630704278195,0.5863672918637961,,0.3298098742961883,0.999991774559021,0.20076521078073503,1.1294272360756568,-7.870877703004778,0.9818004369735718,0.9999988079071044,0.0818310795102695,1.0639979179199577,-6.71391879468195,0.6403725147247314,0.99999737739563,0.49836885120591484,0.8989967346473317,-6.7146783819452285,0.9999240636825562,0.999996542930603,0.31049478082313087,0.9301395710392562,-5.785610722137541,0.9998924732208252,0.9999979734420776,0.17183005244075353,1.7159371453837144,-7.072575983762562,0.9951822757720948,0.9999905824661256,0.0032903364831011702,1.6884370621896252,-6.037514337567244,0.7935178875923157,0.9999885559082032,0.27105660097260725,2.6040859306539814,-6.687094458297141,0.991766631603241,0.9998713731765748,0.12626203761990237,2.470350928845154,-5.448706997856835,0.8404424786567688,0.9999291896820068,0.4570666291774859,0.8956812786889268,-0.0595234222710132,0.9673568606376648,0.9995273351669312,0.4389371837908305,0.8721784783965804,0.1211582347750663,0.7966549396514893,0.9999141693115234,0.4214519181729484,0.9124588976095352,-0.1343065947294235,0.9918287396430968,0.9995118379592896,0.4070457431958837,0.896782230941846,0.0689493864774704,0.8961238861083984,0.9998026490211488,False,False,False,False,False,False,False,False,False,False,False,False,False,False,False,False,False,False,mediapipe,mediapipe,mediapipe,mediapipe,mediapipe,movenet,mediapipe,mediapipe,mediapipe,mediapipe,mediapipe,mediapipe,mediapipe,mediapipe,mediapipe,mediapipe,mediapipe,mediapipe
357,7.14,-0.2166234487191088,-0.37032125551425993,-0.5791263620088836,0.9999668598175048,0.9999996423721312,0.3983421623706817,0.4306192398071289,-0.2096762359142303,0.9999779462814332,0.9999994039535522,0.12547669830149097,-0.03146683107351048,-0.7414818967779119,0.9999940991401672,0.9999997615814208,-0.12547669830149136,0.03146683107351048,2.5096388725695697,0.9999651908874512,0.9999991655349731,0.2845971012980484,0.6120014234349149,-7.745919405553297,0.9963517785072328,0.9999964237213136,-0.003540545458743452,0.5823387530498755,,0.3595001995563507,0.9999939203262328,0.1936021181784053,1.1450739808793848,-7.771143932498945,0.983571231365204,0.9999994039535522,0.06607584159065125,1.0775757835754,-6.511381969983473,0.6631259918212891,0.9999984502792358,0.47158624305627594,0.9097585938697039,-6.566970367390472,0.9999279975891112,0.9999971389770508,0.2824364999392645,0.9426586655633544,-5.633929439995022,0.9998972415924072,0.9999982118606568,0.16960828417954352,1.7561746715702238,-6.921489469943387,0.9949780106544496,0.9999924898147584,0.0032415068215732477,1.7174086149217778,-5.913581996656777,0.7812817692756653,0.9999911785125732,0.26827412482516616,2.641352573867705,-6.556429018053727,0.9919091463088988,0.9998871088027954,0.12505434255012157,2.501958121135068,-5.360897294708063,0.8346037268638611,0.9999420642852784,0.4571138888528031,0.8961127499044659,-0.0607390329241752,0.9674789905548096,0.9995529055595398,0.4390929275320415,0.8722816391702599,0.1124452874064445,0.7932255864143372,0.9999231100082396,0.4211550008305869,0.9126452252025672,-0.1463580578565597,0.9920508861541748,0.9995373487472534,0.4068998482538558,0.8965641080916368,0.0596580877900123,0.8943292498588562,0.999817192554474,False,False,False,False,False,False,False,False,False,False,False,False,False,False,False,False,False,False,mediapipe,mediapipe,mediapipe,mediapipe,mediapipe,movenet,mediapipe,mediapipe,mediapipe,mediapipe,mediapipe,mediapipe,mediapipe,mediapipe,mediapipe,mediapipe,mediapipe,mediapipe
358,7.16,-0.21202413687936572,-0.36973031043525023,-0.5508439178402522,0.9999699592590332,0.9999995231628418,0.3987694680690765,0.4210014939308166,-0.2051441222429275,0.9999799728393556,0.9999991655349731,0.12327346158918118,-0.027526270137071457,-0.7173965256222228,0.9999945759773254,0.9999997615814208,-0.12327346158918157,0.02752627013707108,2.39320545841788,0.999967873096466,0.9999994039535522,0.26776809137575686,0.6209894687613816,-7.282613405265523,0.9966607093811036,0.9999959468841552,-0.011610453795885697,0.589904626122767,,0.4013843238353729,0.9999961853027344,0.18652590705187014,1.1506954409067014,-7.295374780015275,0.9851580858230592,0.9999992847442628,0.05031973697175501,1.0824484801052732,-6.087038073669586,0.6924694776535034,0.9999994039535522,0.44334260736032916,0.9210068219378282,-6.155193263012659,0.9999319911003112,0.9999972581863404,0.25893874104343545,0.9516386083783831,-5.239508442246355,0.9999032020568848,0.9999985694885254,0.16508558162078202,1.789945580772877,-6.424278830814547,0.9948071241378784,0.9999910593032836,0.00242694092402388,1.7494556992524652,-5.51096080431815,0.7825234532356262,0.9999929666519164,0.26158578831243207,2.6628209023165157,-5.972412938501969,0.9917827248573304,0.9998924732208252,0.12191297713214887,2.5219643912045386,-4.95341468237079,0.8346892595291138,0.9999476671218872,0.4570884410040095,0.8963883095410063,-0.037071343511343,0.9660987257957458,0.9995965361595154,0.4392142049221458,0.8722559155284131,0.1150388643145561,0.7927658557891846,0.9999277591705322,0.4209259222576401,0.9126591001635131,-0.1102908328175544,0.992074728012085,0.9995811581611632,0.4067469053057256,0.8965037077456944,0.064584694802761,0.8959829211235046,0.9998008608818054,False,False,False,False,False,False,False,False,False,False,False,False,False,False,False,False,False,False,mediapipe,mediapipe,mediapipe,mediapipe,mediapipe,movenet,mediapipe,mediapipe,mediapipe,mediapipe,mediapipe,mediapipe,mediapipe,mediapipe,mediapipe,mediapipe,mediapipe,mediapipe
359,7.18,-0.20553062734248376,-0.36448688017255687,-0.5186911831484962,0.9999727606773376,0.9999995231628418,0.3989900350570678,0.4120243787765503,-0.2026328444480896,0.9999818205833436,0.9999991655349731,0.12045061716830675,-0.03312146360089837,-0.6971945925062752,0.9999950528144836,0.9999997615814208,-0.12045061716830713,0.03312146360089837,2.2706151953778675,0.9999704957008362,0.9999995231628418,0.2533405318199084,0.6092520148337786,-6.779603093706554,0.9969322085380554,0.999996542930603,-0.024733672738973863,0.5865914815689379,,0.4420862793922424,0.9999970197677612,0.17811527802748137,1.1431549062790223,-6.8082292386423005,0.9865731596946716,0.9999992847442628,0.042901522262950166,1.0894216210356258,-5.5806089706442314,0.719550371170044,0.9999996423721312,0.41385381324190823,0.935633017553946,-5.66907882270072,0.9999364018440248,0.9999983310699464,0.23302861194160965,0.9568635155970896,-4.777759363392729,0.99990975856781,0.9999990463256836,0.16023848123707177,1.7986941793569153,-5.902391955964561,0.9944539666175842,0.9999927282333374,0.002510140193977969,1.763728523047186,-5.0334483593652894,0.7819353342056274,0.9999946355819702,0.2538052256895642,2.654784170682289,-5.450345596010746,0.9914997220039368,0.9999164342880248,0.11856868250229333,2.515416689885328,-4.488950573387509,0.8322792053222656,0.9999616146087646,0.4570318415309455,0.8963718978397243,-0.0312428530305624,0.9639768600463868,0.9996814727783204,0.4391512863146964,0.8718246556384325,0.116233505308628,0.7894612550735474,0.9999446868896484,0.4208385895043275,0.9126309273126266,-0.1039257273077964,0.9919722080230712,0.999678373336792,0.4065508681299535,0.8964234622486289,0.0646654516458511,0.8963857293128967,0.999853014945984,False,False,False,False,False,False,False,False,False,False,False,False,False,False,False,False,False,False,mediapipe,mediapipe,mediapipe,mediapipe,mediapipe,movenet,mediapipe,mediapipe,mediapipe,mediapipe,mediapipe,mediapipe,mediapipe,mediapipe,mediapipe,mediapipe,mediapipe,mediapipe
360,7.2,-0.2061919533089423,-0.3800498064465927,-0.5786021017649452,0.999975323677063,0.9999997615814208,0.3991611301898956,0.4035428464412689,-0.2111875116825103,0.999983549118042,0.9999995231628418,0.11948358057016849,-0.0346326799890085,-0.6953744406714704,0.9999954700469972,0.9999997615814208,-0.11948358057016886,0.0346326799890085,2.2435236922220354,0.9999728202819824,0.9999995231628418,0.24622430071178378,0.6103611433816456,-6.7091737078009235,0.9971554279327391,0.9999954700469972,-0.026145743022056314,0.6024006709150941,,0.4784169495105743,0.9999961853027344,0.17118187243116215,1.1474224609115093,-6.749066394157777,0.9878256320953368,0.9999990463256836,0.03587224584979959,1.1024504188608666,-5.487477991448706,0.744064211845398,0.9999995231628418,0.39043169149821205,0.9374096754210814,-5.574148930286186,0.9999406337738036,0.9999988079071044,0.2151606965124327,0.9687009875740048,-4.687560955082009,0.9999159574508668,0.9999992847442628,0.16419309146081298,1.8370098389719653,-5.806001872317274,0.9941019415855408,0.999993085861206,0.0019772803957912046,1.8069220691888788,-4.968882748288052,0.7845209836959839,0.9999951124191284,0.2512161552282566,2.6997235422405055,-5.37658976303615,0.9915608167648317,0.9999408721923828,0.11697048479696107,2.559555938261706,-4.424803265656875,0.8360440731048584,0.9999773502349854,0.4570145461803839,0.8961727328789563,-0.0347847901284694,0.962708592414856,0.9997599720954896,0.4388758093466026,0.8710712507054544,0.1120983511209487,0.7911381125450134,0.9999639987945556,0.4208727799234423,0.91246755556627,-0.1111462190747261,0.9921194911003112,0.9997184872627258,0.4063443688801684,0.896346879033222,0.0580022968351841,0.9000377655029297,0.999887228012085,False,False,False,False,False,False,False,False,False,False,False,False,False,False,False,False,False,False,mediapipe,mediapipe,mediapipe,mediapipe,mediapipe,movenet,mediapipe,mediapipe,mediapipe,mediapipe,mediapipe,mediapipe,mediapipe,mediapipe,mediapipe,mediapipe,mediapipe,mediapipe
361,7.22,-0.20012748488863036,-0.3689269624826237,-0.5503883657462237,0.9999775886535645,0.9999996423721312,0.4000346064567566,0.3959798812866211,-0.205675333738327,0.9999850392341614,0.9999992847442628,0.11715051652550845,-0.038167583428803616,-0.664557955326987,0.9999958276748656,0.9999997615814208,-0.11715051652550845,0.038167583428803616,2.1108096707875057,0.9999749660491944,0.9999995231628418,0.23671754312984045,0.6016152368738168,-6.2320713441724225,0.997377634048462,0.999996304512024,-0.03620577464186287,0.6117570870310205,,0.5160145163536072,0.9999969005584716,0.16171209919380916,1.1375607319922287,-6.268282983242274,0.988981544971466,0.9999994039535522,0.025388149992782553,1.1064844201649608,-5.02668223627048,0.7673152089118958,0.9999996423721312,0.36637628098407155,0.9463226054319928,-5.157500760775452,0.9999446272850036,0.9999988079071044,0.19351751992966962,0.9737083661146552,-4.289021657417346,0.99992173910141,0.9999992847442628,0.16126535433873423,1.8467770464567348,-5.3632016067237185,0.9939576387405396,0.9999938011169434,0.0019076686621935473,1.8268757797885695,-4.549616435594249,0.7897031307220459,0.9999954700469972,0.24526180285103838,2.703919079189697,-4.917855469398076,0.991632640361786,0.9999490976333618,0.11344885160552777,2.5663565946455535,-4.009087292031001,0.8395417928695679,0.9999775886535645,0.4569970988310312,0.8955320651992518,-0.0271592643111944,0.9619643688201904,0.9997925162315368,0.4385993064561378,0.8703735706967373,0.1150337383151054,0.7939455509185791,0.999963879585266,0.4209654606305647,0.9121562171649288,-0.1024876683950424,0.992290496826172,0.9997631907463074,0.406206184681202,0.8963039485446801,0.0615349374711513,0.9037889838218688,0.9998931884765624,False,False,False,False,False,False,False,False,False,False,False,False,False,False,False,False,False,False,mediapipe,mediapipe,mediapipe,mediapipe,mediapipe,movenet,mediapipe,mediapipe,mediapipe,mediapipe,mediapipe,mediapipe,mediapipe,mediapipe,mediapipe,mediapipe,mediapipe,mediapipe
362,7.24,-0.19459965257794187,-0.37693884985628684,-0.548016386574386,0.9999796748161316,0.9999996423721312,0.4009412229061126,0.3884802162647247,-0.2033441513776779,0.9999864101409912,0.9999995231628418,0.11525622302332116,-0.03808182623259534,-0.6625571453627179,0.9999961853027344,0.9999998807907104,-0.1152562230233215,0.038081826232594984,2.092102526485852,0.999976933002472,0.9999995231628418,0.2271372545503111,0.5936517962587446,-6.069936720255289,0.9975894689559937,0.9999972581863404,-0.05000813681595793,0.6121621321459857,,0.5500221848487854,0.9999970197677612,0.14994136889009677,1.1211701576829443,-6.1217002410797,0.9900318384170532,0.9999995231628418,0.014763333000170643,1.0884046202020823,-4.891543405928203,0.7882168292999268,0.9999997615814208,0.3405114760908367,0.9514663521383026,-5.030320227879451,0.9999488592147828,0.9999991655349731,0.1690089349455117,0.9825421666478342,-4.1730098840518774,0.999927580356598,0.9999994039535522,0.15713227370725408,1.8457721506924047,-5.224114959209916,0.994057297706604,0.9999966621398926,0.0003410398706608269,1.8313968644648988,-4.393881142548184,0.7978993654251099,0.99999737739563,0.24018299926999345,2.7021616002169355,-4.8349372628390865,0.9920856952667236,0.999975323677063,0.11056560103451807,2.5689985725060778,-3.906218997991659,0.8478638529777527,0.9999889135360718,0.4569875779268636,0.8944773454488318,-0.034611776471138,0.9630409479141236,0.9998881816864014,0.4383546473818792,0.8695241194782857,0.1127474829554557,0.8025528192520142,0.999979853630066,0.4211235448613877,0.9118885706354712,-0.1099212691187858,0.9927626252174376,0.999866247177124,0.4061250651910877,0.8963073012712143,0.0565440766513347,0.9099469780921936,0.9999396800994872,False,False,False,False,False,False,False,False,False,False,False,False,False,False,False,False,False,False,mediapipe,mediapipe,mediapipe,mediapipe,mediapipe,movenet,mediapipe,mediapipe,mediapipe,mediapipe,mediapipe,mediapipe,mediapipe,mediapipe,mediapipe,mediapipe,mediapipe,mediapipe
363,7.26,-0.1834493063435867,-0.3652621782348994,-0.5693590619663853,0.9999815225601196,0.9999996423721312,0.4021852910518646,0.3828465044498443,-0.1872349083423614,0.9999876618385316,0.9999994039535522,0.11241280454069355,-0.040768871738482516,-0.6537872004710562,0.9999964833259584,0.9999997615814208,-0.11241280454069355,0.04076887173848216,2.0607893951571064,0.9999785423278807,0.9999992847442628,0.21616658384272697,0.5725183086704781,-5.777062732472828,0.9977381825447084,0.9999955892562866,-0.04692811973670962,0.608145645031607,,0.5741929411888123,0.9999959468841552,0.14269418458306804,1.098083622860111,-5.852893860945576,0.9909141063690186,0.9999990463256836,0.004555919569414436,1.0402644978341837,-4.681673754528963,0.8063562512397766,0.9999996423721312,0.3151851450934022,0.9602714284671424,-4.834510909676597,0.9999523162841796,0.999998927116394,0.14860984922287487,0.9852090271651325,-3.9975523232684913,0.9999324083328248,0.9999992847442628,0.15124292938621878,1.8318011544846242,-5.0077041822864725,0.9940099716186525,0.9999959468841552,-0.0004092255346501556,1.8079798321165474,-4.188158516526778,0.8033878207206726,0.9999972581863404,0.23343230708837254,2.6679688812452995,-4.634934890232163,0.992419421672821,0.9999748468399048,0.10679602651966837,2.53940219386272,-3.7278087164449656,0.8550206422805786,0.99998939037323,0.4569900357500946,0.8934139195299949,-0.0336788818240165,0.963695228099823,0.999884843826294,0.4381348030133692,0.8687194559401865,0.1139522343873977,0.810096800327301,0.9999793767929076,0.4212781537523926,0.9118128209125214,-0.1129429638385772,0.9931395053863524,0.9998600482940674,0.4060222199468911,0.8963133275925719,0.0556758642196655,0.915314257144928,0.9999396800994872,False,False,False,False,False,False,False,False,False,False,False,False,False,False,False,False,False,False,mediapipe,mediapipe,mediapipe,mediapipe,mediapipe,movenet,mediapipe,mediapipe,mediapipe,mediapipe,mediapipe,mediapipe,mediapipe,mediapipe,mediapipe,mediapipe,mediapipe,mediapipe
364,7.28,-0.17150027327282477,-0.35732697859683094,-0.5511511733625991,0.9999831318855286,0.9999995231628418,0.4035730063915252,0.377460777759552,-0.1721404045820236,0.9999887347221376,0.9999991655349731,0.10944118979238339,-0.0318637295740884,-0.6367768390960266,0.9999967217445374,0.9999997615814208,-0.10944118979238339,0.03186372957408806,1.9994669080384921,0.9999799132347108,0.9999990463256836,0.20825182503872489,0.5628941209909715,-5.4336648722190155,0.9978519082069396,0.9999949932098388,-0.05352097393105913,0.6046320249697592,,0.5960153341293335,0.999995231628418,0.13526102858983807,1.0822099153440652,-5.519241059969738,0.991683840751648,0.999998927116394,-0.007770508055006857,1.0106340796551856,-4.415710424606087,0.8227242827415466,0.9999996423721312,0.29293188058578806,0.9654013145077069,-4.5840865558086055,0.9999557733535768,0.9999991655349731,0.12763537750777257,0.9898795301332016,-3.7641551819003083,0.9999372959136964,0.9999994039535522,0.1453961642942947,1.823740641379012,-4.769137269265486,0.9939196705818176,0.9999961853027344,-0.0008393912379528912,1.8034955654004052,-3.9129489180208075,0.809392511844635,0.9999972581863404,0.22737556903292133,2.637801628235404,-4.397294755958484,0.9927582740783693,0.9999802112579346,0.10331333276097415,2.5139207703773003,-3.4544389855317954,0.8627538681030273,0.9999916553497314,0.4570356553251105,0.8923541115714143,-0.0351535752415657,0.9642381072044371,0.9999089241027832,0.4379690090120544,0.8681136964362284,0.1218278557062149,0.8180190920829773,0.9999837875366212,0.4214576475825909,0.9119332566127936,-0.1154165714979171,0.9935038089752196,0.9998699426651,0.4059513237648643,0.8963347659522305,0.0605518706142902,0.920630693435669,0.9999452829360962,False,False,False,False,False,False,False,False,False,False,False,False,False,False,False,False,False,False,mediapipe,mediapipe,mediapipe,mediapipe,mediapipe,movenet,mediapipe,mediapipe,mediapipe,mediapipe,mediapipe,mediapipe,mediapipe,mediapipe,mediapipe,mediapipe,mediapipe,mediapipe
365,7.3,-0.16121284589000628,-0.3658110275442171,-0.5500894605573642,0.9999845027923584,0.9999991655349731,0.404810220003128,0.3711138069629669,-0.1721624433994293,0.9999896287918092,0.999998927116394,0.10851901579417872,-0.03189890432532447,-0.6292642632162835,0.9999969005584716,0.9999995231628418,-0.10851901579417872,0.03189890432532447,1.9576134447093356,0.9999806880950928,0.9999982118606568,0.20393920122366002,0.5664868057077544,-5.27697121516239,0.9979515671730042,0.9999929666519164,-0.04339293416587561,0.5736716372297609,-3.7594325901664525,0.6113436222076416,0.9999914169311525,0.12545603403103994,1.0797168663959589,-5.361012522719486,0.9923523664474488,0.9999986886978148,-0.015122899838137709,1.0182646119751235,-4.272871064157606,0.8352583646774292,0.9999991655349731,0.277313080984919,0.9655224115539476,-4.4400703650776565,0.999959111213684,0.9999992847442628,0.11300251713091394,0.9960213003901627,-3.6237657516054713,0.9999419450759888,0.9999994039535522,0.1421701658189138,1.8243128305073486,-4.600782349657578,0.9939625263214112,0.999996542930603,0.0013667172718181055,1.809413088489687,-3.7355999997997316,0.8157876133918762,0.99999737739563,0.22500205499538176,2.63711602559399,-4.220094250922111,0.9931825399398804,0.9999850988388062,0.10142846593845528,2.5156672267929463,-3.254874793355747,0.8718037605285645,0.9999938011169434,0.4570834889556434,0.8911436523868788,-0.0297975596040487,0.965336263179779,0.9999337196350098,0.4378287005118846,0.8677584911004113,0.1326774507761001,0.8279450535774231,0.9999880790710448,0.4215248056919713,0.9120901342316408,-0.1155828088521957,0.9939066171646118,0.999885320663452,0.4058838496397157,0.8963457059749103,0.0691220238804817,0.9262893795967102,0.9999507665634156,False,False,False,False,False,False,False,False,False,False,False,False,False,False,False,False,False,False,mediapipe,mediapipe,mediapipe,mediapipe,mediapipe,mediapipe,mediapipe,mediapipe,mediapipe,mediapipe,mediapipe,mediapipe,mediapipe,mediapipe,mediapipe,mediapipe,mediapipe,mediapipe
366,7.32,-0.15277286103215584,-0.3666220178366853,-0.534572551965569,0.9999854564666748,0.9999984502792358,0.4059042930603027,0.3663498759269714,-0.1696775555610656,0.9999902844429016,0.9999982118606568,0.10959618970348449,-0.03305435014184518,-0.6232732563087694,0.9999970197677612,0.9999995231628418,-0.10959618970348449,0.033054350141844845,1.936899277356888,0.99998140335083,0.999997854232788,0.1970527202376139,0.5615969083178085,-5.203466330408226,0.9980167746543884,0.999992609024048,-0.04997734952776814,0.5787164226221324,-3.685380495293143,0.6267245411872864,0.9999905824661256,0.1181346727635623,1.0791944869833996,-5.291932028149467,0.9929348230361938,0.9999986886978148,-0.026548264031434704,1.03306468321123,-4.190679575411758,0.8470452427864075,0.9999991655349731,0.2612703611828024,0.9667495766971702,-4.379651183032982,0.9999622106552124,0.9999992847442628,0.09648055719806792,1.0009938721288312,-3.5672549947281804,0.9999462366104126,0.9999994039535522,0.14077769858629025,1.824664635203986,-4.551366279309861,0.9939541816711426,0.9999969005584716,0.006098633160330397,1.816572547499836,-3.6222169722045336,0.8200511932373047,0.99999737739563,0.22286885661681036,2.646549489882698,-4.171080885687893,0.9935647249221802,0.9999881982803344,0.09910109071450146,2.5260976010848384,-3.11531395174504,0.8797812461853027,0.9999936819076538,0.4571584131056346,0.8899399351962541,-0.0314270444214344,0.966111421585083,0.9999465942382812,0.4377465892782867,0.8672878440721353,0.146983727812767,0.8357893228530884,0.9999881982803344,0.4214955986518692,0.912337442239128,-0.1164112016558647,0.9942652583122252,0.999891996383667,0.4058438156729266,0.8963699799317603,0.0826335400342941,0.9312772750854492,0.9999488592147828,False,False,False,False,False,False,False,False,False,False,False,False,False,False,False,False,False,False,mediapipe,mediapipe,mediapipe,mediapipe,mediapipe,mediapipe,mediapipe,mediapipe,mediapipe,mediapipe,mediapipe,mediapipe,mediapipe,mediapipe,mediapipe,mediapipe,mediapipe,mediapipe
367,7.34,-0.14709527450568147,-0.3769984204980111,-0.5379777797141496,0.9999863505363464,0.999998927116394,0.4070038199424743,0.36056649684906,-0.1621935367584228,0.9999908804893494,0.9999985694885254,0.10985398223113424,-0.029446743265004214,-0.6238378371589782,0.9999971389770508,0.9999995231628418,-0.10985398223113457,0.029446743265003884,1.935563693240826,0.9999819397926332,0.9999977350234984,0.19054651940589828,0.5512227114058249,-5.088887977503235,0.99808269739151,0.9999923706054688,-0.05426148720666766,0.5636132099495392,-3.5562444328534055,0.6398689150810242,0.9999908208847046,0.11412061206965338,1.0552922985784234,-5.195218823582056,0.9934772849082948,0.9999988079071044,-0.03867114914569509,1.0103857759483565,-4.069225071750348,0.8584457635879517,0.9999994039535522,0.23967602863437262,0.9742189322576456,-4.300260619565971,0.9999651312828064,0.9999995231628418,0.07338760273445984,1.001126901441902,-3.496987171178145,0.9999501705169678,0.9999995231628418,0.1374472171714375,1.8124958878965078,-4.442967917276961,0.9941422939300536,0.999997854232788,0.008096322060400419,1.8026832592888584,-3.475261991600139,0.8272376656532288,0.9999980926513672,0.2172614532824457,2.6175152851182757,-4.0481536599705175,0.9940087795257568,0.9999910593032836,0.09521132935590679,2.500809090118083,-2.8918688292097885,0.8881439566612244,0.9999960660934448,0.4572340764782657,0.8888607307191796,-0.0238513890653848,0.9673953056335448,0.999958872795105,0.4377650560198975,0.8668822341865615,0.1759919077157974,0.845131516456604,0.9999927282333374,0.4215083632157966,0.9125496754835284,-0.114913135766983,0.9946642518043518,0.9999197721481324,0.4058489716136382,0.896273163787693,0.1133330911397934,0.936352550983429,0.9999685287475586,False,False,False,False,False,False,False,False,False,False,False,False,False,False,False,False,False,False,mediapipe,mediapipe,mediapipe,mediapipe,mediapipe,mediapipe,mediapipe,mediapipe,mediapipe,mediapipe,mediapipe,mediapipe,mediapipe,mediapipe,mediapipe,mediapipe,mediapipe,mediapipe
368,7.36,-0.14044217201148373,-0.35950063355734646,-0.5696731191995219,0.9999874234199524,0.9999995231628418,0.4085513055324554,0.3588136732578277,-0.1617242246866226,0.9999915957450868,0.9999994039535522,0.10986608406641676,-0.02928301574824833,-0.6304135710409504,0.9999972581863404,0.9999996423721312,-0.10986608406641676,0.02928301574824833,1.9393862156654966,0.9999816417694092,0.999996542930603,0.18145988739119592,0.5401882019813647,-4.976228416313251,0.998178780078888,0.9999932050704956,-0.05971283444978424,0.552005715178603,-3.4336102562135054,0.6326549053192139,0.999985694885254,0.10501428551482071,1.0446408746179516,-5.100490345369999,0.9939811825752258,0.9999986886978148,-0.04966148981568152,0.9904301075050995,-3.9562515743881845,0.8615837097167969,0.9999988079071044,0.21187344888498771,0.9826479194224719,-4.2160418101338255,0.9999675154685974,0.9999994039535522,0.05658388581681841,0.9992528499009578,-3.4095861189085674,0.9999529123306274,0.9999992847442628,0.13530373782657043,1.7941914932225145,-4.297466555950675,0.9941955804824828,0.9999966621398926,0.012706847559241318,1.7845917168998946,-3.269089822936643,0.8267777562141418,0.9999966621398926,0.2097256143254345,2.58083147803959,-3.9575227930051464,0.9943479299545288,0.999983549118042,0.08957672605295776,2.467390091590837,-2.6747260539482145,0.8939109444618225,0.9999934434890748,0.4573265944883273,0.8880321887823274,-0.0245986524969339,0.968102753162384,0.9999253749847412,0.4378052740802864,0.8664583163661578,0.2021140307188034,0.8520103693008423,0.9999873638153076,0.4216184109657804,0.9127993416952944,-0.1165560632944107,0.9949663281440736,0.9998691082000732,0.4058233598173369,0.8960639200844154,0.1384415626525879,0.9401140213012696,0.9999542236328124,False,False,False,False,False,False,False,False,False,False,False,False,False,False,False,False,False,False,mediapipe,mediapipe,mediapipe,mediapipe,mediapipe,mediapipe,mediapipe,mediapipe,mediapipe,mediapipe,mediapipe,mediapipe,mediapipe,mediapipe,mediapipe,mediapipe,mediapipe,mediapipe
369,7.38,-0.13751597423091724,-0.3648419466052008,-0.6174922033670054,0.999988317489624,0.9999996423721312,0.4102119505405426,0.3559751510620117,-0.1555214077234268,0.9999921321868896,0.9999994039535522,0.11080204442338744,-0.03250742714864563,-0.6441290172191864,0.9999973177909852,0.9999995231628418,-0.11080204442338776,0.03250742714864531,1.9975254081896814,0.9999815225601196,0.9999969005584716,0.17515543811816775,0.5322361839418777,-5.048433256921531,0.9982227683067322,0.9999922513961792,-0.06838758121398825,0.5452092025172294,-3.4359536325174806,0.6220316290855408,0.999987244606018,0.09662096185187372,1.034193136198569,-5.211520692809893,0.9943124055862428,0.9999979734420776,-0.062386807876946504,0.976065072000663,-3.968521841698269,0.8630520701408386,0.9999988079071044,0.1880622979779558,0.9887348593507439,-4.308462593899234,0.9999699592590332,0.9999996423721312,0.04217455108908555,0.9979686900827593,-3.5000897775844297,0.99995619058609,0.9999995231628418,0.13135942150581362,1.7928752077489527,-4.303760368998716,0.9940864443778992,0.9999964237213136,0.013641614767932674,1.780691746513535,-3.3934305020086826,0.8315832018852234,0.9999974966049194,0.20388391772630607,2.5668478458274873,-3.8408336759109374,0.9945277571678162,0.9999829530715942,0.08461191947158662,2.454330203909976,-2.791928156578922,0.9004406929016113,0.9999943971633912,0.4573864855549564,0.8875946556771573,0.0132632823660969,0.9676038026809692,0.999929666519165,0.4377278459794604,0.8659881225554837,0.1997570991516113,0.859137773513794,0.9999889135360718,0.4217285245031754,0.9130394567142858,-0.083791933953762,0.9951103925704956,0.9998750686645508,0.4057597486011364,0.8957461259026094,0.1328747570514679,0.9439324140548706,0.9999529123306274,False,False,False,False,False,False,False,False,False,False,False,False,False,False,False,False,False,False,mediapipe,mediapipe,mediapipe,mediapipe,mediapipe,mediapipe,mediapipe,mediapipe,mediapipe,mediapipe,mediapipe,mediapipe,mediapipe,mediapipe,mediapipe,mediapipe,mediapipe,mediapipe
370,7.4,-0.13601468880647313,-0.3552475741295731,-0.580952807310325,0.9999891519546508,0.9999995231628418,0.4113287031650543,0.3536665439605713,-0.1507447063922882,0.9999926686286926,0.9999994039535522,0.10978813561100464,-0.029703684735571455,-0.6529759460657387,0.9999974370002748,0.9999996423721312,-0.10978813561100464,0.029703684735571455,2.0170894688237353,0.9999812841415404,0.999996304512024,0.16768342157760394,0.5340038572039932,-4.995631613649738,0.9983293414115906,0.9999939203262328,-0.07462914557490535,0.5346691197494512,-3.350767852952555,0.6180266737937927,0.9999871253967284,0.0878290519567544,1.0249892943685142,-5.162951579671701,0.994763731956482,0.9999986886978148,-0.07594493598113317,0.9666490886700114,-3.8655787532719956,0.8675311207771301,0.9999990463256836,0.16827955402944844,0.993048242869355,-4.285178975802737,0.999971866607666,0.9999992847442628,0.023513164393533743,0.9977344055279839,-3.4672262702351357,0.9999582767486572,0.9999990463256836,0.12637854374884216,1.7823998480387504,-4.294714730235669,0.994174301624298,0.9999951124191284,0.010682138306294596,1.766156128401563,-3.302161303745122,0.8324602246284485,0.9999954700469972,0.19570806228554286,2.5421436259816046,-3.9072752811632823,0.9948063492774964,0.9999734163284302,0.07854447419391053,2.4305803819074345,-2.7257577562354123,0.9050244092941284,0.9999908208847046,0.4574711396421875,0.8876097016123369,-0.004280328284949,0.968190371990204,0.9998849630355836,0.4376686726694629,0.8655484314565081,0.2090048789978027,0.8648549318313599,0.9999821186065674,0.4218051784383122,0.9131806149627246,-0.0970031172037124,0.9953455328941344,0.9998181462287904,0.4057041803301086,0.8953896346903649,0.1446226388216018,0.9469093680381776,0.99993896484375,False,False,False,False,False,False,False,False,False,False,False,False,False,False,False,False,False,False,mediapipe,mediapipe,mediapipe,mediapipe,mediapipe,mediapipe,mediapipe,mediapipe,mediapipe,mediapipe,mediapipe,mediapipe,mediapipe,mediapipe,mediapipe,mediapipe,mediapipe,mediapipe
371,7.42,-0.13416423692034302,-0.34851320745026065,-0.5777619870349021,0.9999898672103882,0.9999994039535522,0.4126180708408355,0.3520743250846863,-0.1493051052093505,0.9999931454658508,0.9999994039535522,0.10700202023946377,-0.03222565262706995,-0.6427036233656493,0.9999974966049194,0.9999995231628418,-0.10700202023946408,0.03222565262706964,1.9674876744810086,0.999980628490448,0.9999947547912598,0.160102675578935,0.5303826173480748,-4.793207835376967,0.9984152913093568,0.9999914169311525,-0.08317699971041824,0.5361340728769347,-3.170396943995246,0.6061174869537354,0.9999808073043824,0.0777976637223791,1.0176396920658202,-4.9415140370679795,0.9951465725898744,0.999997854232788,-0.09195175918851217,0.9569403690883771,-3.641764109614832,0.8696776032447815,0.9999985694885254,0.14794646628887467,0.997952329171976,-4.126326909811531,0.9999733567237854,0.9999991655349731,0.009957958560477811,0.9958044746065077,-3.3116939461878165,0.9999597072601318,0.9999986886978148,0.11870571522208677,1.7704766760122599,-4.094003876980883,0.9941388964653016,0.999992609024048,0.005870670984271356,1.7479691326704556,-3.0851857521456507,0.8290257453918457,0.9999934434890748,0.18729421342125457,2.5182975829652516,-3.6846777833744047,0.9949784874916076,0.9999661445617676,0.07221448797795171,2.4072748730150937,-2.522072175959499,0.9084327220916748,0.999986171722412,0.4575795688273479,0.8877773045937799,0.0079636424779891,0.9684453010559082,0.9998594522476196,0.43766784751332,0.8653487169937121,0.2198470085859298,0.8689340949058533,0.9999731779098512,0.4219356607862852,0.9132273326386964,-0.0832056701183319,0.9954931735992432,0.9997631907463074,0.4056833099513076,0.8950768685563207,0.159356027841568,0.9492858052253724,0.99990975856781,False,False,False,False,False,False,False,False,False,False,False,False,False,False,False,False,False,False,mediapipe,mediapipe,mediapipe,mediapipe,mediapipe,mediapipe,mediapipe,mediapipe,mediapipe,mediapipe,mediapipe,mediapipe,mediapipe,mediapipe,mediapipe,mediapipe,mediapipe,mediapipe
372,7.44,-0.13190928307865588,-0.3446190738358049,-0.6126486050592765,0.9999905824661256,0.9999996423721312,0.4138239622116089,0.3512309789657593,-0.1475236117839813,0.9999935626983644,0.9999995231628418,0.10405954975554192,-0.025301160669503706,-0.6333255548593534,0.9999975562095642,0.9999996423721312,-0.10405954975554223,0.025301160669503397,1.9361383091763271,0.9999799132347108,0.9999947547912598,0.1522833918150663,0.5364893903659604,-4.699447200595009,0.9984568357467652,0.9999920129776,-0.08747107831000306,0.5534851342619658,,0.5889749526977539,0.9999783039093018,0.06952851542661319,1.0154500409428182,-4.879728710368614,0.9954717755317688,0.9999983310699464,-0.10413673638204103,0.9539582502994173,-3.5417527494770717,0.8677737712860107,0.9999983310699464,0.1380409492731792,0.9999594572171965,-4.043291964665413,0.999974489212036,0.9999992847442628,-0.0044664896258553525,0.9955750234996679,-3.2290403854630463,0.9999606013298036,0.999998927116394,0.11460051478727377,1.7703661892919724,-4.026335776233652,0.9937291741371156,0.999994158744812,-0.0003794454634564333,1.746186147737315,-3.0764245006098023,0.8252608776092529,0.9999942779541016,0.18024858633643975,2.5127515276220933,-3.6403223429150007,0.9950025677680968,0.9999663829803468,0.06689723652874009,2.4021583813592002,-2.5177593841332095,0.9103914499282836,0.9999895095825196,0.457596377684521,0.8879674545256986,0.0004976872587576,0.9671287536621094,0.9998538494110109,0.4376402170091253,0.8654575292324987,0.2070540785789489,0.87095046043396,0.99997878074646,0.4218266957150761,0.9131743535573136,-0.0931105986237526,0.995500385761261,0.9997643828392028,0.4056582387649662,0.8949056117684714,0.1447524279356002,0.9508458375930786,0.9999247789382936,False,False,False,False,False,False,False,False,False,False,False,False,False,False,False,False,False,False,mediapipe,mediapipe,mediapipe,mediapipe,mediapipe,movenet,mediapipe,mediapipe,mediapipe,mediapipe,mediapipe,mediapipe,mediapipe,mediapipe,mediapipe,mediapipe,mediapipe,mediapipe
373,7.46,-0.13109927746517536,-0.33313814973181477,-0.49923411824996944,0.9999906420707704,0.9999985694885254,0.414561778306961,0.3513358831405639,-0.146116554737091,0.999993622303009,0.9999986886978148,0.10161019743212878,-0.026436101894801927,-0.6284610284418934,0.9999975562095642,0.9999994039535522,-0.10161019743212878,0.026436101894801927,1.907538672458261,0.9999788403511048,0.9999933242797852,0.14644241139260683,0.5363023487124392,-4.621715142459129,0.9985130429267884,0.9999901056289672,-0.09733656320322531,0.5459627531774525,,0.5770279765129089,0.9999788999557496,0.06228700353291364,1.018530001187274,-4.7857296253937,0.9957643747329712,0.9999977350234984,-0.11718955299430012,0.9478014310461776,-3.458603306791959,0.8698521852493286,0.9999986886978148,0.11990469008787102,1.0030108878700268,-3.961161664357398,0.9999756217002868,0.9999990463256836,-0.017828156503409184,0.9943825088576635,-3.153716166351607,0.9999616146087646,0.9999986886978148,0.10842183476060852,1.7664279206600741,-3.873710778202324,0.9935632944107056,0.999991774559021,-0.0024771775429689455,1.7419530385270994,-2.9439964440254305,0.8203932642936707,0.9999934434890748,0.173174676270648,2.5045004150651122,-3.489390652641056,0.99509596824646,0.9999587535858154,0.061341495261477974,2.3950037201842025,-2.382529984757674,0.9114999771118164,0.9999864101409912,0.4575401799523202,0.8882779812479377,0.013441770337522,0.9666286110877992,0.9998303651809692,0.4376039108335288,0.865755280275725,0.2181146889925003,0.8727067708969116,0.9999732971191406,0.421539657738382,0.9131532005774692,-0.0786112844944,0.9955527782440186,0.9997500777244568,0.4056052541260407,0.8948024100079147,0.1601764112710952,0.952160656452179,0.9999194145202636,False,False,False,False,False,False,False,False,False,False,False,False,False,False,False,False,False,False,mediapipe,mediapipe,mediapipe,mediapipe,mediapipe,movenet,mediapipe,mediapipe,mediapipe,mediapipe,mediapipe,mediapipe,mediapipe,mediapipe,mediapipe,mediapipe,mediapipe,mediapipe
374,7.48,-0.12717250873207542,-0.3319659420659018,-0.5369621417284463,0.999991238117218,0.9999995231628418,0.4156788885593414,0.3513484001159668,-0.1482344269752502,0.9999939799308776,0.9999994039535522,0.10096184408859643,-0.02472965002597196,-0.6466338647302698,0.999997615814209,0.9999996423721312,-0.10096184408859674,0.02472965002597196,1.966814842186348,0.9999791383743286,0.999996542930603,0.1412726882485403,0.5405236553717205,-4.734638765955935,0.9985703825950624,0.9999908208847046,-0.10357126625952975,0.5189553257799732,,0.5721397399902344,0.9999874830245972,0.05691726060681627,1.0110099027027508,-4.945306929229999,0.9960294365882874,0.999997854232788,-0.1288174000089457,0.9453125776235454,-3.5573749991363455,0.8752828240394592,0.9999992847442628,0.10791589058112847,1.003432981193888,-4.079720305004135,0.999976933002472,0.9999992847442628,-0.028506174145587614,0.9949899212308283,-3.253287415020921,0.999963402748108,0.9999990463256836,0.1041683640568226,1.7653517121458795,-4.045157062224437,0.9936394095420836,0.9999934434890748,-0.005093005168674576,1.74097845247103,-3.036749073936046,0.8206945657730103,0.9999957084655762,0.1680282282183681,2.501574176615014,-3.65737273777586,0.9952419400215148,0.9999730587005616,0.05787050602673078,2.394174199446762,-2.4914458068151886,0.9151020646095276,0.9999918937683104,0.4574216446537527,0.8886541242088215,0.0031388341449201,0.9667397141456604,0.9998905658721924,0.4375852565943233,0.8662813674042019,0.2180435359477996,0.8774878978729248,0.9999834299087524,0.4210631377074556,0.9130896397959682,-0.0882100760936737,0.9956990480422974,0.999832034111023,0.4056291988679589,0.8948738638893453,0.1578544080257415,0.9545992612838744,0.999942421913147,False,False,False,False,False,False,False,False,False,False,False,False,False,False,False,False,False,False,mediapipe,mediapipe,mediapipe,mediapipe,mediapipe,movenet,mediapipe,mediapipe,mediapipe,mediapipe,mediapipe,mediapipe,mediapipe,mediapipe,mediapipe,mediapipe,mediapipe,mediapipe
375,7.5,-0.12716720912595214,-0.3314032151428517,-0.547992111647046,0.999991536140442,0.9999991655349731,0.4164832830429077,0.3510876297950744,-0.1523156613111496,0.9999940991401672,0.9999991655349731,0.09776523463080965,-0.023206959720563924,-0.6461823718657955,0.999997615814209,0.9999994039535522,-0.09776523463080965,0.023206959720563615,1.956642284742253,0.9999785423278807,0.9999939203262328,0.13523566255883834,0.5415631032008902,-4.707273891738751,0.9986080527305604,0.9999896287918092,-0.11827169875398383,0.5586256629496088,,0.5579808950424194,0.9999799728393556,0.04930851165332994,1.0062331452221012,-4.924595423721436,0.996246576309204,0.9999974966049194,-0.13590253159500637,0.9470724295712755,-3.5205593436632916,0.875466525554657,0.9999985694885254,0.10338060091859924,1.0043546675243777,-4.0529032720224825,0.9999778270721436,0.9999991655349731,-0.037535372941907216,0.9945611400955183,-3.223650880904326,0.9999644160270692,0.9999988079071044,0.1028233452582435,1.7657936678940716,-3.9960308852014124,0.9933889508247375,0.999990940093994,-0.010219064705482147,1.7413293373617644,-2.9834226457435395,0.8171863555908203,0.9999938011169434,0.16187833011113517,2.4999823415622617,-3.580058282299381,0.9952400922775269,0.9999655485153198,0.05286836346256213,2.396280421314942,-2.437557906306988,0.9175549149513244,0.9999887943267822,0.4572420534276195,0.8888012568155947,0.0123123433440923,0.965872883796692,0.9998658895492554,0.4375150813645149,0.8670428581449002,0.222654715180397,0.8804400563240051,0.9999775886535645,0.4205774326563447,0.912989395342787,-0.0819584876298904,0.9957014322280884,0.9997946619987488,0.4056849025346192,0.8950917028880643,0.1600068062543869,0.9562824964523317,0.9999243021011353,False,False,False,False,False,False,False,False,False,False,False,False,False,False,False,False,False,False,mediapipe,mediapipe,mediapipe,mediapipe,mediapipe,movenet,mediapipe,mediapipe,mediapipe,mediapipe,mediapipe,mediapipe,mediapipe,mediapipe,mediapipe,mediapipe,mediapipe,mediapipe
376,7.52,-0.12556146182423492,-0.3312670773321305,-0.5183708528966036,0.9999914765357972,0.9999984502792358,0.4170256555080414,0.3503624200820923,-0.1444025337696075,0.9999940395355223,0.9999984502792358,0.09682369103605856,-0.02614122250983366,-0.6497496869019888,0.999997615814209,0.9999992847442628,-0.09682369103605887,0.02614122250983366,1.9793708074774985,0.9999783635139464,0.999994158744812,0.13150052532085735,0.5390173046780519,-4.738023723812337,0.9986299872398376,0.999987244606018,-0.12090968491196213,0.5377863030905244,,0.5509924292564392,0.9999825954437256,0.044502192743856445,1.001118365190098,-4.938246474072608,0.9964246153831482,0.9999966621398926,-0.14218744511092024,0.9387221112743594,-3.514367978330159,0.8810479640960693,0.9999990463256836,0.0931510583608364,1.0033477976591394,-4.089218442261466,0.9999786019325256,0.9999988079071044,-0.04606272204872609,0.9960977976455577,-3.2627361365745413,0.9999654293060304,0.9999985694885254,0.10130262352875272,1.761569290567041,-4.038757165039499,0.9931825995445251,0.999987006187439,-0.011708813754723673,1.7377688750740563,-3.049278116905005,0.8153417110443115,0.999992609024048,0.15742615973104904,2.490819062225949,-3.6180087672184813,0.9952050447463988,0.9999520778656006,0.04942613810868219,2.3919162517891452,-2.519759120126249,0.91971755027771,0.9999841451644896,0.4570388267368159,0.8887940959219078,0.0126103274524211,0.9648316502571106,0.9998155236244202,0.4374163696121235,0.8679310407116163,0.2154279500246048,0.8831132650375366,0.9999678134918212,0.4200379379562575,0.91284635642192,-0.0788635686039924,0.9956604838371276,0.999722421169281,0.4057811282592508,0.8954037326477091,0.1546901315450668,0.9577617645263672,0.9998918771743774,False,False,False,False,False,False,False,False,False,False,False,False,False,False,False,False,False,False,mediapipe,mediapipe,mediapipe,mediapipe,mediapipe,movenet,mediapipe,mediapipe,mediapipe,mediapipe,mediapipe,mediapipe,mediapipe,mediapipe,mediapipe,mediapipe,mediapipe,mediapipe
377,7.54,-0.12498126639715207,-0.3288718425309898,-0.5510929687620143,0.9999918937683104,0.9999994039535522,0.4176547825336456,0.3504652380943298,-0.1360564976930618,0.9999942183494568,0.9999994039535522,0.0977256350665771,-0.024632449218280474,-0.6353113875684292,0.9999976754188538,0.9999996423721312,-0.0977256350665774,0.024632449218280165,1.9636920569193845,0.9999781847000122,0.9999955892562866,0.12908148039901554,0.5423211855353479,-4.694321138888886,0.9986380934715272,0.999991774559021,-0.12619817596654145,0.5400066512448768,,0.5357419848442078,0.999984622001648,0.040568811022079466,1.0025321624837644,-4.877125385632246,0.9965593218803406,0.9999979734420776,-0.15231597115211815,0.9330493332598139,-3.515063830706583,0.8783305287361145,0.9999988079071044,0.08921259681512804,1.0026304804156343,-4.1082216647606415,0.9999794363975524,0.9999992847442628,-0.05204545203177017,0.9970241405998684,-3.2810196112484036,0.9999664425849916,0.9999990463256836,0.1012332128164535,1.7703553375513073,-4.086892934710173,0.9928642511367798,0.9999921321868896,-0.01564228160491118,1.7500558467538534,-3.132603518179121,0.8108051419258118,0.9999947547912598,0.15448899354127266,2.5063820342584044,-3.6756577219737436,0.9950878620147704,0.9999715089797974,0.04587070281070468,2.412163067318908,-2.607831245256303,0.9198281764984132,0.9999914169311525,0.4567773285862451,0.8885990150602827,0.0059083015657961,0.9633167386054992,0.999892234802246,0.4372783172658553,0.8688105146090194,0.2016378343105316,0.8827673196792603,0.9999831914901732,0.4194296086445834,0.9126636612387528,-0.0799049511551857,0.9955906867980956,0.9998340606689452,0.4059147988304948,0.8957016615322975,0.1413876712322235,0.9583956599235536,0.9999419450759888,False,False,False,False,False,False,False,False,False,False,False,False,False,False,False,False,False,False,mediapipe,mediapipe,mediapipe,mediapipe,mediapipe,movenet,mediapipe,mediapipe,mediapipe,mediapipe,mediapipe,mediapipe,mediapipe,mediapipe,mediapipe,mediapipe,mediapipe,mediapipe
378,7.56,-0.12472770941956433,-0.3302241188020641,-0.5393740866941833,0.9999920725822448,0.9999991655349731,0.4181548058986664,0.3508456945419311,-0.1307644695043563,0.9999942779541016,0.9999990463256836,0.09829578304339381,-0.026617301615527555,-0.6365792801271579,0.9999976754188538,0.9999994039535522,-0.09829578304339381,0.026617301615527555,1.9902804798336267,0.9999781847000122,0.999995231628418,0.12664911336116047,0.5446035430251247,-4.74860286232475,0.998625636100769,0.9999892711639404,-0.1313295729697627,0.543238077514387,,0.5263808369636536,0.9999836683273317,0.03658640707193491,1.0084688792727543,-4.893966543389541,0.9966520071029664,0.9999972581863404,-0.15886841305270102,0.9375570598460402,-3.57168908513411,0.8811469674110413,0.9999990463256836,0.0834326261369071,1.0032740752660658,-4.198624728736343,0.9999802708625792,0.9999991655349731,-0.06049281972444667,0.9965943617271678,-3.370381447986008,0.9999675750732422,0.999998927116394,0.1008918695415356,1.7784847975644706,-4.192816776686537,0.992793083190918,0.9999910593032836,-0.017661303085224313,1.757876736348541,-3.2388073102600234,0.8086941838264465,0.9999942779541016,0.1514870874814747,2.516391460725166,-3.786191791051201,0.9951190948486328,0.9999715089797974,0.04205167366093026,2.426206670219478,-2.703690688782192,0.9207971096038818,0.9999902248382568,0.4564793575685342,0.888390456324135,0.0020794379524886,0.9630412459373474,0.9998923540115356,0.4371223076309638,0.8695441969346892,0.19983671605587,0.883406400680542,0.999981164932251,0.4189326801361183,0.9124967332208632,-0.0828879997134208,0.99562406539917,0.9998082518577576,0.4060605968976077,0.8959447611600924,0.1404943168163299,0.9593061208724976,0.9999302625656128,False,False,False,False,False,False,False,False,False,False,False,False,False,False,False,False,False,False,mediapipe,mediapipe,mediapipe,mediapipe,mediapipe,movenet,mediapipe,mediapipe,mediapipe,mediapipe,mediapipe,mediapipe,mediapipe,mediapipe,mediapipe,mediapipe,mediapipe,mediapipe
379,7.58,-0.12297294941369469,-0.3323571971440111,-0.49859071449202985,0.9999918937683104,0.9999988079071044,0.4183835685253143,0.3506942391395569,-0.1065442860126495,0.9999942183494568,0.999998927116394,0.09923361675668291,-0.025376834482278576,-0.6144746560678558,0.9999976754188538,0.9999995231628418,-0.09923361675668291,0.025376834482278263,1.9786098944414419,0.9999773502349854,0.9999942779541016,0.1257319681060768,0.5439732433169767,-4.68019880967501,0.9986336827278136,0.999990940093994,-0.13002048167356148,0.5355314578314124,,0.5156561136245728,0.9999792575836182,0.034540472448845866,1.0093309714565872,-4.8289097998107815,0.996787965297699,0.9999980926513672,-0.16371261976079618,0.935112647560547,-3.600104031101841,0.8793508410453796,0.9999984502792358,0.08031516948277488,1.0047213181180357,-4.247539050010348,0.9999812841415404,0.9999994039535522,-0.06528806750305573,0.9952222276367166,-3.428405005549473,0.9999688863754272,0.9999991655349731,0.10179274787346669,1.786166197327055,-4.257763333040387,0.9931079149246216,0.9999938011169434,-0.015236061529963239,1.7653175207339398,-3.2905403479082413,0.8148406147956848,0.9999957084655762,0.15006231822168395,2.527640851859041,-3.8463079466448837,0.9953554272651672,0.9999818801879884,0.039455387748692845,2.4398150173157456,-2.784960233984304,0.924695074558258,0.999993085861206,0.4561508129804563,0.8882331504966274,0.0003121401823591,0.9640963673591614,0.99993097782135,0.4369558346716121,0.8700247833500933,0.1931853294372558,0.8874874114990234,0.99998676776886,0.418635086718695,0.912372250934859,-0.0850845351815223,0.995820939540863,0.9998687505722046,0.406205296863765,0.8960822717848911,0.1352706551551818,0.9614592790603638,0.9999473094940186,False,False,False,False,False,False,False,False,False,False,False,False,False,False,False,False,False,False,mediapipe,mediapipe,mediapipe,mediapipe,mediapipe,movenet,mediapipe,mediapipe,mediapipe,mediapipe,mediapipe,mediapipe,mediapipe,mediapipe,mediapipe,mediapipe,mediapipe,mediapipe
380,7.6,-0.12257645165683495,-0.327351372212745,-0.5195382218060538,0.9999920129776,0.9999990463256836,0.4187987446784973,0.3504122793674469,-0.1169705390930175,0.9999943375587464,0.9999991655349731,0.10032085338967867,-0.023593635808006313,-0.6021610726772406,0.9999977350234984,0.9999996423721312,-0.10032085338967897,0.023593635808006313,1.9177884416609448,0.9999771118164062,0.9999951124191284,0.12408792604764968,0.546361572223248,-4.573891586577721,0.9986351728439332,0.9999927282333374,-0.1317368146187492,0.5309611885143214,,0.5042603015899658,0.9999796152114868,0.030001883492335294,1.0180475619978646,-4.719784191904816,0.9969118237495422,0.9999984502792358,-0.1678656747974372,0.9419994565047527,-3.5286068691468477,0.8754085302352905,0.9999983310699464,0.07664976890190443,1.0048591715160768,-4.111517776226047,0.9999821186065674,0.9999994039535522,-0.06873565901095376,0.995125170138786,-3.3149070161404675,0.999970018863678,0.9999991655349731,0.10134936250770217,1.795217245578417,-4.137844051752806,0.9931142330169678,0.9999936819076538,-0.01495611059144875,1.7748324438277052,-3.2000061123708776,0.8171374201774597,0.9999949932098388,0.14749863634554292,2.5392548524388694,-3.7254212304304217,0.9954076409339904,0.9999780654907228,0.03591928417525744,2.451642070065176,-2.6976880796083225,0.9261018633842468,0.999991774559021,0.4557975941187852,0.8881918283609243,2.801199661917053e-05,0.963820219039917,0.9999147653579712,0.4367863923519643,0.8701449695167006,0.1860353797674179,0.8877843022346497,0.9999839067459106,0.4186247626801472,0.9123168929473506,-0.0893122106790542,0.9958733320236206,0.9998396635055542,0.4063356731321429,0.8960634336604937,0.1264954209327697,0.962486743927002,0.9999390840530396,False,False,False,False,False,False,False,False,False,False,False,False,False,False,False,False,False,False,mediapipe,mediapipe,mediapipe,mediapipe,mediapipe,movenet,mediapipe,mediapipe,mediapipe,mediapipe,mediapipe,mediapipe,mediapipe,mediapipe,mediapipe,mediapipe,mediapipe,mediapipe
381,7.62,-0.12260524620621109,-0.3336759370320379,-0.44001679061898025,0.9999919533729552,0.999998927116394,0.4190782010555267,0.3500278294086456,-0.1043729856610298,0.9999943375587464,0.9999990463256836,0.10145623966267787,-0.022475770696632414,-0.614865321996463,0.9999977946281432,0.9999996423721312,-0.10145623966267787,0.022475770696632414,1.9933520871033272,0.9999775290489196,0.9999966621398926,0.12316063191510603,0.5468006747595976,-4.761992125048949,0.9986417293548584,0.999992847442627,-0.1368129928876313,0.5395813259825077,,0.4999744594097137,0.9999876022338868,0.02676388665840651,1.0248399945241469,-4.898182061683671,0.9970253109931946,0.9999985694885254,-0.1711846530408158,0.950133253289075,-3.681007709322798,0.8789092898368835,0.9999992847442628,0.07399568077312879,1.0061655493451789,-4.313726625189595,0.9999829530715942,0.9999994039535522,-0.07067126805434897,0.9938316877229314,-3.51613299374033,0.9999712705612184,0.9999992847442628,0.10165784416718651,1.8039735258565168,-4.342793432824256,0.9932392835617064,0.9999945163726808,-0.013686339047283518,1.784058183149139,-3.4115351262007128,0.8162561058998108,0.9999964237213136,0.1460575261814248,2.554263035416602,-4.025110596203828,0.9955416917800904,0.9999829530715942,0.03307966182623039,2.4632950459914356,-2.9319742933473485,0.9267619252204896,0.9999938011169434,0.4554256002802948,0.8883312207001904,-0.0193727929145097,0.9643285274505616,0.9999332427978516,0.4366214746361846,0.8697974510959806,0.1787400841712951,0.8881670236587524,0.9999876022338868,0.4189896423083086,0.9123573378249484,-0.1099944934248924,0.9960004687309264,0.9998840093612672,0.4064385001059178,0.8958374870406995,0.1205965429544448,0.9634091258049012,0.9999579191207886,False,False,False,False,False,False,False,False,False,False,False,False,False,False,False,False,False,False,mediapipe,mediapipe,mediapipe,mediapipe,mediapipe,movenet,mediapipe,mediapipe,mediapipe,mediapipe,mediapipe,mediapipe,mediapipe,mediapipe,mediapipe,mediapipe,mediapipe,mediapipe
